timestamp;electricityDemand;spaceHeatingDemand;domesticHotWaterDemand
01.01.2021 00:00;0.976;0;0.271
01.01.2021 01:00;0.976;0;0.197
01.01.2021 02:00;0.976;0;0.148
01.01.2021 03:00;0.976;0;0.049
01.01.2021 04:00;0.976;0;0.049
01.01.2021 05:00;1.66;0;0.148
01.01.2021 06:00;5.704;0.95;0.493
01.01.2021 07:00;1.605;4.777;1.01
01.01.2021 08:00;0.922;5.748;1.601
01.01.2021 09:00;0.922;5.341;2.119
01.01.2021 10:00;0.922;4.669;2.34
01.01.2021 11:00;0.923;4.041;2.463
01.01.2021 12:00;5.691;0;2.119
01.01.2021 13:00;1.605;2.064;1.823
01.01.2021 14:00;0.922;3.354;1.429
01.01.2021 15:00;0.922;3.569;1.256
01.01.2021 16:00;0.922;3.876;0.714
01.01.2021 17:00;1.605;3.015;1.355
01.01.2021 18:00;5.691;0;1.774
01.01.2021 19:00;7.058;0;1.921
01.01.2021 20:00;1.66;2.399;0.985
01.01.2021 21:00;1.66;0;0.911
01.01.2021 22:00;1.66;0;0.838
01.01.2021 23:00;0.976;0;0.468
02.01.2021 00:00;0.976;0;0.208
02.01.2021 01:00;0.977;0;0.104
02.01.2021 02:00;0.977;0;0.026
02.01.2021 03:00;0.977;0;0.026
02.01.2021 04:00;0.977;0;0.052
02.01.2021 05:00;1.661;0;0.99
02.01.2021 06:00;5.705;1.889;2.604
02.01.2021 07:00;1.606;5.483;2.109
02.01.2021 08:00;0.922;6.338;1.745
02.01.2021 09:00;0.922;4.988;1.328
02.01.2021 10:00;0.922;4.262;1.172
02.01.2021 11:00;0.922;4.14;1.094
02.01.2021 12:00;5.691;0;1.64
02.01.2021 13:00;1.605;2.968;1.458
02.01.2021 14:00;0.922;4.298;0.833
02.01.2021 15:00;0.922;4.758;0.729
02.01.2021 16:00;0.922;4.693;0.833
02.01.2021 17:00;1.605;3.523;1.458
02.01.2021 18:00;5.692;0;2.057
02.01.2021 19:00;7.058;0;2.083
02.01.2021 20:00;1.66;3.549;1.614
02.01.2021 21:00;1.661;0;1.172
02.01.2021 22:00;1.66;0;0.651
02.01.2021 23:00;0.977;0;0.495
03.01.2021 00:00;0.977;0;0.208
03.01.2021 01:00;0.977;0;0.104
03.01.2021 02:00;0.977;0;0.026
03.01.2021 03:00;0.977;0;0.026
03.01.2021 04:00;0.977;0;0.052
03.01.2021 05:00;1.661;0;0.99
03.01.2021 06:00;5.705;1.964;2.604
03.01.2021 07:00;1.606;5.646;2.109
03.01.2021 08:00;0.922;6.62;1.745
03.01.2021 09:00;0.922;6.284;1.328
03.01.2021 10:00;0.922;6.029;1.172
03.01.2021 11:00;0.922;5.698;1.094
03.01.2021 12:00;5.759;0.317;1.64
03.01.2021 13:00;1.605;4.067;1.458
03.01.2021 14:00;0.922;5.339;0.833
03.01.2021 15:00;0.922;5.307;0.729
03.01.2021 16:00;0.922;6.199;0.833
03.01.2021 17:00;1.605;4.624;1.458
03.01.2021 18:00;5.76;0.797;2.057
03.01.2021 19:00;7.058;0;2.083
03.01.2021 20:00;1.66;4.1;1.614
03.01.2021 21:00;1.661;0;1.172
03.01.2021 22:00;1.661;0;0.651
03.01.2021 23:00;0.978;0;0.495
04.01.2021 00:00;0.977;0;0.208
04.01.2021 01:00;0.978;0;0.104
04.01.2021 02:00;0.978;0;0.026
04.01.2021 03:00;0.978;0;0.026
04.01.2021 04:00;0.978;0;0.052
04.01.2021 05:00;1.662;0;0.99
04.01.2021 06:00;5.705;4.078;2.604
04.01.2021 07:00;1.606;7.838;2.109
04.01.2021 08:00;0.922;8.496;1.745
04.01.2021 09:00;0.922;8.102;1.328
04.01.2021 10:00;0.922;7.512;1.172
04.01.2021 11:00;0.922;6.945;1.094
04.01.2021 12:00;5.759;0.956;1.64
04.01.2021 13:00;1.605;5.396;1.458
04.01.2021 14:00;0.922;6.309;0.833
04.01.2021 15:00;0.922;5.54;0.729
04.01.2021 16:00;0.922;5.447;0.833
04.01.2021 17:00;1.605;4.245;1.458
04.01.2021 18:00;5.759;0.194;2.057
04.01.2021 19:00;7.058;0;2.083
04.01.2021 20:00;1.66;4.185;1.614
04.01.2021 21:00;1.66;0;1.172
04.01.2021 22:00;1.661;0;0.651
04.01.2021 23:00;0.978;0;0.495
05.01.2021 00:00;0.977;0;0.208
05.01.2021 01:00;0.977;0;0.104
05.01.2021 02:00;0.977;0;0.026
05.01.2021 03:00;0.977;0;0.026
05.01.2021 04:00;0.977;0;0.052
05.01.2021 05:00;1.66;0;0.99
05.01.2021 06:00;5.705;2.152;2.604
05.01.2021 07:00;1.606;5.713;2.109
05.01.2021 08:00;0.922;7.218;1.745
05.01.2021 09:00;0.922;6.274;1.328
05.01.2021 10:00;0.922;6.65;1.172
05.01.2021 11:00;0.922;6.113;1.094
05.01.2021 12:00;5.759;0.574;1.64
05.01.2021 13:00;1.605;4.166;1.458
05.01.2021 14:00;0.922;5.246;0.833
05.01.2021 15:00;0.922;5.137;0.729
05.01.2021 16:00;0.922;5.209;0.833
05.01.2021 17:00;1.605;4.198;1.458
05.01.2021 18:00;5.759;0.536;2.057
05.01.2021 19:00;7.058;0;2.083
05.01.2021 20:00;1.66;4.74;1.614
05.01.2021 21:00;1.662;0;1.172
05.01.2021 22:00;1.661;0;0.651
05.01.2021 23:00;0.978;0;0.495
06.01.2021 00:00;0.978;0;0.208
06.01.2021 01:00;0.978;0;0.104
06.01.2021 02:00;0.978;0;0.026
06.01.2021 03:00;0.978;0;0.026
06.01.2021 04:00;0.978;0;0.052
06.01.2021 05:00;1.661;0;0.99
06.01.2021 06:00;5.705;4.482;2.604
06.01.2021 07:00;1.606;7.944;2.109
06.01.2021 08:00;0.922;8.934;1.745
06.01.2021 09:00;0.922;8.091;1.328
06.01.2021 10:00;0.922;7.577;1.172
06.01.2021 11:00;0.922;6.74;1.094
06.01.2021 12:00;5.759;1.152;1.64
06.01.2021 13:00;1.605;4.87;1.458
06.01.2021 14:00;0.922;6.565;0.833
06.01.2021 15:00;0.922;5.949;0.729
06.01.2021 16:00;0.922;6.01;0.833
06.01.2021 17:00;1.605;5.001;1.458
06.01.2021 18:00;5.76;1.082;2.057
06.01.2021 19:00;7.058;0;2.083
06.01.2021 20:00;1.66;4.568;1.614
06.01.2021 21:00;1.661;0;1.172
06.01.2021 22:00;1.661;0;0.651
06.01.2021 23:00;0.977;0;0.495
07.01.2021 00:00;0.977;0;0.201
07.01.2021 01:00;0.977;0;0.223
07.01.2021 02:00;0.977;0;0.134
07.01.2021 03:00;0.977;0;0.045
07.01.2021 04:00;0.977;0;0.045
07.01.2021 05:00;1.661;0;0.268
07.01.2021 06:00;5.704;3.736;0.736
07.01.2021 07:00;1.605;7.304;1.249
07.01.2021 08:00;0.922;8.246;2.03
07.01.2021 09:00;0.922;7.647;2.008
07.01.2021 10:00;0.922;7.315;1.807
07.01.2021 11:00;0.922;6.515;1.941
07.01.2021 12:00;5.759;0.236;1.963
07.01.2021 13:00;1.605;3.922;1.562
07.01.2021 14:00;0.922;4.971;1.249
07.01.2021 15:00;0.922;5.074;0.982
07.01.2021 16:00;0.922;5.474;1.249
07.01.2021 17:00;1.605;5.01;1.606
07.01.2021 18:00;5.76;1.074;2.231
07.01.2021 19:00;7.058;0;1.762
07.01.2021 20:00;1.66;4.685;0.982
07.01.2021 21:00;1.661;0;0.959
07.01.2021 22:00;1.661;0;0.781
07.01.2021 23:00;0.978;0;0.469
08.01.2021 00:00;0.978;0;0.271
08.01.2021 01:00;0.978;0;0.197
08.01.2021 02:00;0.977;0;0.148
08.01.2021 03:00;0.977;0;0.049
08.01.2021 04:00;0.978;0;0.049
08.01.2021 05:00;1.661;0;0.148
08.01.2021 06:00;5.704;4.183;0.493
08.01.2021 07:00;1.605;7.666;1.01
08.01.2021 08:00;0.922;8.484;1.601
08.01.2021 09:00;0.922;8.124;2.119
08.01.2021 10:00;0.922;7.09;2.34
08.01.2021 11:00;0.923;6.59;2.463
08.01.2021 12:00;5.76;1.248;2.119
08.01.2021 13:00;1.605;4.992;1.823
08.01.2021 14:00;0.922;6.137;1.429
08.01.2021 15:00;0.922;6.169;1.256
08.01.2021 16:00;0.922;6.293;0.714
08.01.2021 17:00;1.605;5.709;1.355
08.01.2021 18:00;5.76;1.533;1.774
08.01.2021 19:00;7.058;0;1.921
08.01.2021 20:00;1.66;4.934;0.985
08.01.2021 21:00;1.661;0;0.911
08.01.2021 22:00;1.661;0;0.838
08.01.2021 23:00;0.978;0;0.468
09.01.2021 00:00;0.977;0;0.208
09.01.2021 01:00;0.978;0;0.104
09.01.2021 02:00;0.977;0;0.026
09.01.2021 03:00;0.978;0;0.026
09.01.2021 04:00;0.978;0;0.052
09.01.2021 05:00;1.661;0;0.99
09.01.2021 06:00;5.705;4.076;2.604
09.01.2021 07:00;1.606;7.532;2.109
09.01.2021 08:00;0.922;8.455;1.745
09.01.2021 09:00;0.922;7.951;1.328
09.01.2021 10:00;0.922;7.708;1.172
09.01.2021 11:00;0.922;7.508;1.094
09.01.2021 12:00;5.76;2.33;1.64
09.01.2021 13:00;1.605;6.046;1.458
09.01.2021 14:00;0.922;7.357;0.833
09.01.2021 15:00;0.922;7.204;0.729
09.01.2021 16:00;0.922;7.407;0.833
09.01.2021 17:00;1.605;5.991;1.458
09.01.2021 18:00;5.76;2.052;2.057
09.01.2021 19:00;7.127;0.854;2.083
09.01.2021 20:00;1.661;5.643;1.614
09.01.2021 21:00;1.662;0;1.172
09.01.2021 22:00;1.662;0;0.651
09.01.2021 23:00;0.979;0;0.495
10.01.2021 00:00;0.978;0;0.208
10.01.2021 01:00;0.978;0;0.104
10.01.2021 02:00;0.978;0;0.026
10.01.2021 03:00;0.978;0;0.026
10.01.2021 04:00;0.978;0;0.052
10.01.2021 05:00;1.662;0;0.99
10.01.2021 06:00;5.705;5.328;2.604
10.01.2021 07:00;1.606;8.784;2.109
10.01.2021 08:00;0.922;9.641;1.745
10.01.2021 09:00;0.922;9.043;1.328
10.01.2021 10:00;0.922;8.274;1.172
10.01.2021 11:00;0.922;7.628;1.094
10.01.2021 12:00;5.76;2.244;1.64
10.01.2021 13:00;1.605;5.952;1.458
10.01.2021 14:00;0.922;7.067;0.833
10.01.2021 15:00;0.922;7.026;0.729
10.01.2021 16:00;0.922;7.072;0.833
10.01.2021 17:00;1.605;5.75;1.458
10.01.2021 18:00;5.76;1.661;2.057
10.01.2021 19:00;7.126;0.422;2.083
10.01.2021 20:00;1.661;5.063;1.614
10.01.2021 21:00;1.662;0;1.172
10.01.2021 22:00;1.661;0;0.651
10.01.2021 23:00;0.978;0;0.495
11.01.2021 00:00;0.978;0;0.208
11.01.2021 01:00;0.978;0;0.104
11.01.2021 02:00;0.978;0;0.026
11.01.2021 03:00;0.978;0;0.026
11.01.2021 04:00;0.978;0;0.052
11.01.2021 05:00;1.661;0;0.99
11.01.2021 06:00;5.705;3.913;2.604
11.01.2021 07:00;1.606;7.42;2.109
11.01.2021 08:00;0.922;8.218;1.745
11.01.2021 09:00;0.922;7.785;1.328
11.01.2021 10:00;0.922;7.438;1.172
11.01.2021 11:00;0.922;6.919;1.094
11.01.2021 12:00;5.759;1.709;1.64
11.01.2021 13:00;1.605;5.481;1.458
11.01.2021 14:00;0.922;6.54;0.833
11.01.2021 15:00;0.922;6.452;0.729
11.01.2021 16:00;0.922;6.274;0.833
11.01.2021 17:00;1.605;5.122;1.458
11.01.2021 18:00;5.76;1.275;2.057
11.01.2021 19:00;7.126;0.264;2.083
11.01.2021 20:00;1.661;5.046;1.614
11.01.2021 21:00;1.661;0;1.172
11.01.2021 22:00;1.661;0;0.651
11.01.2021 23:00;0.978;0;0.495
12.01.2021 00:00;0.978;0;0.208
12.01.2021 01:00;0.978;0;0.104
12.01.2021 02:00;0.978;0;0.026
12.01.2021 03:00;0.978;0;0.026
12.01.2021 04:00;0.978;0;0.052
12.01.2021 05:00;1.661;0;0.99
12.01.2021 06:00;5.705;4.486;2.604
12.01.2021 07:00;1.606;8.117;2.109
12.01.2021 08:00;0.922;8.952;1.745
12.01.2021 09:00;0.922;8.225;1.328
12.01.2021 10:00;0.922;7.652;1.172
12.01.2021 11:00;0.922;7.002;1.094
12.01.2021 12:00;5.759;1.504;1.64
12.01.2021 13:00;1.605;5.283;1.458
12.01.2021 14:00;0.922;6.346;0.833
12.01.2021 15:00;0.922;6.277;0.729
12.01.2021 16:00;0.922;6.252;0.833
12.01.2021 17:00;1.605;5.025;1.458
12.01.2021 18:00;5.76;1.007;2.057
12.01.2021 19:00;7.058;0;2.083
12.01.2021 20:00;1.66;4.406;1.614
12.01.2021 21:00;1.661;0;1.172
12.01.2021 22:00;1.661;0;0.651
12.01.2021 23:00;0.977;0;0.495
13.01.2021 00:00;0.977;0;0.208
13.01.2021 01:00;0.977;0;0.104
13.01.2021 02:00;0.977;0;0.026
13.01.2021 03:00;0.977;0;0.026
13.01.2021 04:00;0.977;0;0.052
13.01.2021 05:00;1.661;0;0.99
13.01.2021 06:00;5.705;3.287;2.604
13.01.2021 07:00;1.606;6.898;2.109
13.01.2021 08:00;0.922;7.741;1.745
13.01.2021 09:00;0.922;7.378;1.328
13.01.2021 10:00;0.922;7.003;1.172
13.01.2021 11:00;0.922;6.462;1.094
13.01.2021 12:00;5.759;1.13;1.64
13.01.2021 13:00;1.605;4.853;1.458
13.01.2021 14:00;0.922;5.857;0.833
13.01.2021 15:00;0.922;5.951;0.729
13.01.2021 16:00;0.922;6.04;0.833
13.01.2021 17:00;1.605;4.891;1.458
13.01.2021 18:00;5.76;0.85;2.057
13.01.2021 19:00;7.059;0;2.083
13.01.2021 20:00;1.66;4.426;1.614
13.01.2021 21:00;1.661;0;1.172
13.01.2021 22:00;1.661;0;0.651
13.01.2021 23:00;0.978;0;0.495
14.01.2021 00:00;0.978;0;0.201
14.01.2021 01:00;0.978;0;0.223
14.01.2021 02:00;0.978;0;0.134
14.01.2021 03:00;0.978;0;0.045
14.01.2021 04:00;0.978;0;0.045
14.01.2021 05:00;1.661;0;0.268
14.01.2021 06:00;5.704;4.678;0.736
14.01.2021 07:00;1.605;8.363;1.249
14.01.2021 08:00;0.922;9.061;2.03
14.01.2021 09:00;0.922;8.337;2.008
14.01.2021 10:00;0.922;7.609;1.807
14.01.2021 11:00;0.922;6.827;1.941
14.01.2021 12:00;5.759;1.245;1.963
14.01.2021 13:00;1.605;4.819;1.562
14.01.2021 14:00;0.922;5.816;1.249
14.01.2021 15:00;0.922;5.712;0.982
14.01.2021 16:00;0.922;5.526;1.249
14.01.2021 17:00;1.605;4.24;1.606
14.01.2021 18:00;5.759;0.108;2.231
14.01.2021 19:00;7.058;0;1.762
14.01.2021 20:00;1.66;3.528;0.982
14.01.2021 21:00;1.661;0;0.959
14.01.2021 22:00;1.661;0;0.781
14.01.2021 23:00;0.977;0;0.469
15.01.2021 00:00;0.977;0;0.271
15.01.2021 01:00;0.977;0;0.197
15.01.2021 02:00;0.977;0;0.148
15.01.2021 03:00;0.977;0;0.049
15.01.2021 04:00;0.977;0;0.049
15.01.2021 05:00;1.66;0;0.148
15.01.2021 06:00;5.704;1.572;0.493
15.01.2021 07:00;1.605;5.149;1.01
15.01.2021 08:00;0.922;6.123;1.601
15.01.2021 09:00;0.922;6.455;2.119
15.01.2021 10:00;0.922;7.043;2.34
15.01.2021 11:00;0.923;7.283;2.463
15.01.2021 12:00;5.76;2.591;2.119
15.01.2021 13:00;1.605;6.392;1.823
15.01.2021 14:00;0.922;7.268;1.429
15.01.2021 15:00;0.922;7.012;1.256
15.01.2021 16:00;0.922;7.356;0.714
15.01.2021 17:00;1.605;6.759;1.355
15.01.2021 18:00;5.76;2.623;1.774
15.01.2021 19:00;7.127;1.514;1.921
15.01.2021 20:00;1.661;6.147;0.985
15.01.2021 21:00;1.663;0;0.911
15.01.2021 22:00;1.663;0;0.838
15.01.2021 23:00;0.979;0;0.468
16.01.2021 00:00;0.979;0;0.208
16.01.2021 01:00;0.979;0;0.104
16.01.2021 02:00;0.979;0;0.026
16.01.2021 03:00;0.979;0;0.026
16.01.2021 04:00;0.979;0;0.052
16.01.2021 05:00;1.663;0;0.99
16.01.2021 06:00;5.705;6.668;2.604
16.01.2021 07:00;1.606;9.962;2.109
16.01.2021 08:00;0.922;10.558;1.745
16.01.2021 09:00;0.922;10.17;1.328
16.01.2021 10:00;0.922;9.476;1.172
16.01.2021 11:00;0.922;8.861;1.094
16.01.2021 12:00;5.76;3.42;1.64
16.01.2021 13:00;1.605;6.983;1.458
16.01.2021 14:00;0.922;8.061;0.833
16.01.2021 15:00;0.922;7.804;0.729
16.01.2021 16:00;0.922;7.802;0.833
16.01.2021 17:00;1.605;6.496;1.458
16.01.2021 18:00;5.76;2.67;2.057
16.01.2021 19:00;7.127;1.554;2.083
16.01.2021 20:00;1.661;6.241;1.614
16.01.2021 21:00;1.662;0;1.172
16.01.2021 22:00;1.662;0;0.651
16.01.2021 23:00;0.979;0;0.495
17.01.2021 00:00;0.979;0;0.208
17.01.2021 01:00;0.979;0;0.104
17.01.2021 02:00;0.979;0;0.026
17.01.2021 03:00;0.979;0;0.026
17.01.2021 04:00;0.979;0;0.052
17.01.2021 05:00;1.662;0;0.99
17.01.2021 06:00;5.705;6.516;2.604
17.01.2021 07:00;1.606;9.736;2.109
17.01.2021 08:00;0.922;10.682;1.745
17.01.2021 09:00;0.922;10.434;1.328
17.01.2021 10:00;0.922;10.172;1.172
17.01.2021 11:00;0.922;9.9;1.094
17.01.2021 12:00;5.76;4.643;1.64
17.01.2021 13:00;1.605;8.246;1.458
17.01.2021 14:00;0.922;9.082;0.833
17.01.2021 15:00;0.922;8.761;0.729
17.01.2021 16:00;0.922;8.539;0.833
17.01.2021 17:00;1.605;7.094;1.458
17.01.2021 18:00;5.76;3.2;2.057
17.01.2021 19:00;7.127;1.885;2.083
17.01.2021 20:00;1.661;6.573;1.614
17.01.2021 21:00;1.663;0;1.172
17.01.2021 22:00;1.662;0;0.651
17.01.2021 23:00;0.979;0;0.495
18.01.2021 00:00;0.979;0;0.208
18.01.2021 01:00;0.979;0;0.104
18.01.2021 02:00;0.979;0;0.026
18.01.2021 03:00;0.979;0;0.026
18.01.2021 04:00;0.979;0;0.052
18.01.2021 05:00;1.662;0;0.99
18.01.2021 06:00;5.705;6.757;2.604
18.01.2021 07:00;1.606;10.272;2.109
18.01.2021 08:00;0.922;11;1.745
18.01.2021 09:00;0.922;10.603;1.328
18.01.2021 10:00;0.922;10.312;1.172
18.01.2021 11:00;0.922;10.058;1.094
18.01.2021 12:00;5.76;4.785;1.64
18.01.2021 13:00;1.605;8.386;1.458
18.01.2021 14:00;0.922;9.389;0.833
18.01.2021 15:00;0.922;10.068;0.729
18.01.2021 16:00;0.922;10.312;0.833
18.01.2021 17:00;1.605;9.367;1.458
18.01.2021 18:00;5.762;6.334;2.057
18.01.2021 19:00;7.129;7.088;2.083
18.01.2021 20:00;1.663;11.243;1.614
18.01.2021 21:00;1.667;0;1.172
18.01.2021 22:00;1.667;0;0.651
18.01.2021 23:00;0.984;0;0.495
19.01.2021 00:00;0.985;0;0.208
19.01.2021 01:00;0.985;0;0.104
19.01.2021 02:00;0.985;0;0.026
19.01.2021 03:00;0.984;0;0.026
19.01.2021 04:00;0.985;0;0.052
19.01.2021 05:00;1.668;0;0.99
19.01.2021 06:00;5.705;13.619;2.604
19.01.2021 07:00;1.606;19.107;2.109
19.01.2021 08:00;0.922;19.748;1.745
19.01.2021 09:00;0.922;18.079;1.328
19.01.2021 10:00;0.922;16.167;1.172
19.01.2021 11:00;0.922;14.686;1.094
19.01.2021 12:00;5.761;7.958;1.64
19.01.2021 13:00;1.605;11.223;1.458
19.01.2021 14:00;0.922;13.023;0.833
19.01.2021 15:00;0.922;13.653;0.729
19.01.2021 16:00;0.922;15.047;0.833
19.01.2021 17:00;1.605;14.407;1.458
19.01.2021 18:00;5.762;9.302;2.057
19.01.2021 19:00;7.129;7.804;2.083
19.01.2021 20:00;1.663;12.388;1.614
19.01.2021 21:00;1.668;0;1.172
19.01.2021 22:00;1.667;0;0.651
19.01.2021 23:00;0.984;0;0.495
20.01.2021 00:00;0.983;0;0.208
20.01.2021 01:00;0.984;0;0.104
20.01.2021 02:00;0.982;0;0.026
20.01.2021 03:00;0.983;0;0.026
20.01.2021 04:00;0.983;0;0.052
20.01.2021 05:00;1.667;0;0.99
20.01.2021 06:00;5.705;16.057;2.604
20.01.2021 07:00;1.606;18.476;2.109
20.01.2021 08:00;0.922;18.416;1.745
20.01.2021 09:00;0.922;16.661;1.328
20.01.2021 10:00;0.922;15.468;1.172
20.01.2021 11:00;0.922;14.118;1.094
20.01.2021 12:00;5.761;8.559;1.64
20.01.2021 13:00;1.605;11.786;1.458
20.01.2021 14:00;0.922;12.783;0.833
20.01.2021 15:00;0.922;12.595;0.729
20.01.2021 16:00;0.922;13.204;0.833
20.01.2021 17:00;1.605;13.102;1.458
20.01.2021 18:00;5.763;10.473;2.057
20.01.2021 19:00;7.129;8.755;2.083
20.01.2021 20:00;1.663;13.184;1.614
20.01.2021 21:00;1.666;0;1.172
20.01.2021 22:00;1.665;0;0.651
20.01.2021 23:00;0.982;0;0.495
21.01.2021 00:00;0.982;0;0.201
21.01.2021 01:00;0.982;0;0.223
21.01.2021 02:00;0.982;0;0.134
21.01.2021 03:00;0.983;0;0.045
21.01.2021 04:00;0.983;0;0.045
21.01.2021 05:00;1.667;0;0.268
21.01.2021 06:00;5.704;14.4;0.736
21.01.2021 07:00;1.605;18.184;1.249
21.01.2021 08:00;0.922;17.801;2.03
21.01.2021 09:00;0.922;16.409;2.008
21.01.2021 10:00;0.922;15.532;1.807
21.01.2021 11:00;0.922;14.514;1.941
21.01.2021 12:00;5.761;8.732;1.963
21.01.2021 13:00;1.605;11.951;1.562
21.01.2021 14:00;0.922;12.73;1.249
21.01.2021 15:00;0.922;12.558;0.982
21.01.2021 16:00;0.922;12.376;1.249
21.01.2021 17:00;1.605;11.174;1.606
21.01.2021 18:00;5.762;7.335;2.231
21.01.2021 19:00;7.128;5.996;1.762
21.01.2021 20:00;1.662;10.472;0.982
21.01.2021 21:00;1.665;0;0.959
21.01.2021 22:00;1.665;0;0.781
21.01.2021 23:00;0.981;0;0.469
22.01.2021 00:00;0.981;0;0.271
22.01.2021 01:00;0.981;0;0.197
22.01.2021 02:00;0.981;0;0.148
22.01.2021 03:00;0.981;0;0.049
22.01.2021 04:00;0.981;0;0.049
22.01.2021 05:00;1.664;0;0.148
22.01.2021 06:00;5.704;11.74;0.493
22.01.2021 07:00;1.605;14.973;1.01
22.01.2021 08:00;0.922;15.417;1.601
22.01.2021 09:00;0.922;14.659;2.119
22.01.2021 10:00;0.922;13.911;2.34
22.01.2021 11:00;0.923;13.145;2.463
22.01.2021 12:00;5.761;7.848;2.119
22.01.2021 13:00;1.605;11.142;1.823
22.01.2021 14:00;0.922;12.099;1.429
22.01.2021 15:00;0.922;11.853;1.256
22.01.2021 16:00;0.922;11.813;0.714
22.01.2021 17:00;1.605;9.068;1.355
22.01.2021 18:00;5.761;6.536;1.774
22.01.2021 19:00;7.128;5.223;1.921
22.01.2021 20:00;1.662;9.743;0.985
22.01.2021 21:00;1.665;0;0.911
22.01.2021 22:00;1.664;0;0.838
22.01.2021 23:00;0.981;0;0.468
23.01.2021 00:00;0.981;0;0.208
23.01.2021 01:00;0.981;0;0.104
23.01.2021 02:00;0.981;0;0.026
23.01.2021 03:00;0.981;0;0.026
23.01.2021 04:00;0.981;0;0.052
23.01.2021 05:00;1.665;0;0.99
23.01.2021 06:00;5.705;11.176;2.604
23.01.2021 07:00;1.606;14.425;2.109
23.01.2021 08:00;0.922;14.985;1.745
23.01.2021 09:00;0.922;14.4;1.328
23.01.2021 10:00;0.922;13.888;1.172
23.01.2021 11:00;0.922;13.453;1.094
23.01.2021 12:00;5.761;8.109;1.64
23.01.2021 13:00;1.605;11.376;1.458
23.01.2021 14:00;0.922;12.114;0.833
23.01.2021 15:00;0.922;11.84;0.729
23.01.2021 16:00;0.922;11.647;0.833
23.01.2021 17:00;1.605;10.256;1.458
23.01.2021 18:00;5.761;6.219;2.057
23.01.2021 19:00;7.128;4.807;2.083
23.01.2021 20:00;1.662;9.306;1.614
23.01.2021 21:00;1.665;0;1.172
23.01.2021 22:00;1.664;0;0.651
23.01.2021 23:00;0.981;0;0.495
24.01.2021 00:00;0.981;0;0.208
24.01.2021 01:00;0.98;0;0.104
24.01.2021 02:00;0.98;0;0.026
24.01.2021 03:00;0.981;0;0.026
24.01.2021 04:00;0.981;0;0.052
24.01.2021 05:00;1.664;0;0.99
24.01.2021 06:00;5.705;10.308;2.604
24.01.2021 07:00;1.606;13.642;2.109
24.01.2021 08:00;0.922;14.186;1.745
24.01.2021 09:00;0.922;13.367;1.328
24.01.2021 10:00;0.922;11.444;1.172
24.01.2021 11:00;0.922;10.634;1.094
24.01.2021 12:00;5.76;4.826;1.64
24.01.2021 13:00;1.605;8.403;1.458
24.01.2021 14:00;0.922;9.428;0.833
24.01.2021 15:00;0.922;9.282;0.729
24.01.2021 16:00;0.922;9.21;0.833
24.01.2021 17:00;1.605;8.088;1.458
24.01.2021 18:00;5.76;4.197;2.057
24.01.2021 19:00;7.127;3.091;2.083
24.01.2021 20:00;1.661;7.724;1.614
24.01.2021 21:00;1.663;0;1.172
24.01.2021 22:00;1.663;0;0.651
24.01.2021 23:00;0.979;0;0.495
25.01.2021 00:00;0.979;0;0.208
25.01.2021 01:00;0.979;0;0.104
25.01.2021 02:00;0.979;0;0.026
25.01.2021 03:00;0.981;0;0.026
25.01.2021 04:00;0.981;0;0.052
25.01.2021 05:00;1.664;0;0.99
25.01.2021 06:00;5.705;9.668;2.604
25.01.2021 07:00;1.606;12.988;2.109
25.01.2021 08:00;0.922;13.5;1.745
25.01.2021 09:00;0.922;11.699;1.328
25.01.2021 10:00;0.922;12.099;1.172
25.01.2021 11:00;0.922;10.438;1.094
25.01.2021 12:00;5.76;4.787;1.64
25.01.2021 13:00;1.605;8.311;1.458
25.01.2021 14:00;0.922;9.388;0.833
25.01.2021 15:00;0.922;9.216;0.729
25.01.2021 16:00;0.922;9.135;0.833
25.01.2021 17:00;1.605;7.926;1.458
25.01.2021 18:00;5.761;3.98;2.057
25.01.2021 19:00;7.127;2.821;2.083
25.01.2021 20:00;1.661;7.409;1.614
25.01.2021 21:00;1.663;0;1.172
25.01.2021 22:00;1.663;0;0.651
25.01.2021 23:00;0.979;0;0.495
26.01.2021 00:00;0.979;0;0.208
26.01.2021 01:00;0.979;0;0.104
26.01.2021 02:00;0.979;0;0.026
26.01.2021 03:00;0.979;0;0.026
26.01.2021 04:00;0.981;0;0.052
26.01.2021 05:00;1.664;0;0.99
26.01.2021 06:00;5.705;9.554;2.604
26.01.2021 07:00;1.606;12.981;2.109
26.01.2021 08:00;0.922;13.583;1.745
26.01.2021 09:00;0.922;12.935;1.328
26.01.2021 10:00;0.922;12.284;1.172
26.01.2021 11:00;0.922;11.679;1.094
26.01.2021 12:00;5.761;6.367;1.64
26.01.2021 13:00;1.605;9.92;1.458
26.01.2021 14:00;0.922;10.869;0.833
26.01.2021 15:00;0.922;10.747;0.729
26.01.2021 16:00;0.922;10.697;0.833
26.01.2021 17:00;1.605;9.438;1.458
26.01.2021 18:00;5.761;5.644;2.057
26.01.2021 19:00;7.128;4.405;2.083
26.01.2021 20:00;1.662;8.995;1.614
26.01.2021 21:00;1.665;0;1.172
26.01.2021 22:00;1.664;0;0.651
26.01.2021 23:00;0.981;0;0.495
27.01.2021 00:00;0.981;0;0.208
27.01.2021 01:00;0.981;0;0.104
27.01.2021 02:00;0.981;0;0.026
27.01.2021 03:00;0.981;0;0.026
27.01.2021 04:00;0.981;0;0.052
27.01.2021 05:00;1.664;0;0.99
27.01.2021 06:00;5.705;10.242;2.604
27.01.2021 07:00;1.606;13.581;2.109
27.01.2021 08:00;0.922;14.164;1.745
27.01.2021 09:00;0.922;13.505;1.328
27.01.2021 10:00;0.922;12.884;1.172
27.01.2021 11:00;0.922;12.354;1.094
27.01.2021 12:00;5.761;7.058;1.64
27.01.2021 13:00;1.605;10.579;1.458
27.01.2021 14:00;0.922;11.49;0.833
27.01.2021 15:00;0.922;11.29;0.729
27.01.2021 16:00;0.922;11.158;0.833
27.01.2021 17:00;1.605;9.839;1.458
27.01.2021 18:00;5.761;5.987;2.057
27.01.2021 19:00;7.128;4.7;2.083
27.01.2021 20:00;1.662;9.228;1.614
27.01.2021 21:00;1.665;0;1.172
27.01.2021 22:00;1.664;0;0.651
27.01.2021 23:00;0.981;0;0.495
28.01.2021 00:00;0.981;0;0.201
28.01.2021 01:00;0.981;0;0.223
28.01.2021 02:00;0.981;0;0.134
28.01.2021 03:00;0.981;0;0.045
28.01.2021 04:00;0.981;0;0.045
28.01.2021 05:00;1.664;0;0.268
28.01.2021 06:00;5.704;10.265;0.736
28.01.2021 07:00;1.605;13.613;1.249
28.01.2021 08:00;0.922;14.145;2.03
28.01.2021 09:00;0.922;13.553;2.008
28.01.2021 10:00;0.922;12.885;1.807
28.01.2021 11:00;0.922;12.33;1.941
28.01.2021 12:00;5.761;6.876;1.963
28.01.2021 13:00;1.605;10.376;1.562
28.01.2021 14:00;0.922;11.337;1.249
28.01.2021 15:00;0.922;11.123;0.982
28.01.2021 16:00;0.922;10.969;1.249
28.01.2021 17:00;1.605;9.666;1.606
28.01.2021 18:00;5.761;5.753;2.231
28.01.2021 19:00;7.127;4.48;1.762
28.01.2021 20:00;1.662;8.994;0.982
28.01.2021 21:00;1.663;0;0.959
28.01.2021 22:00;1.663;0;0.781
28.01.2021 23:00;0.981;0;0.469
29.01.2021 00:00;0.981;0;0.271
29.01.2021 01:00;0.981;0;0.197
29.01.2021 02:00;0.981;0;0.148
29.01.2021 03:00;0.981;0;0.049
29.01.2021 04:00;0.981;0;0.049
29.01.2021 05:00;1.664;0;0.148
29.01.2021 06:00;5.704;10.19;0.493
29.01.2021 07:00;1.605;13.545;1.01
29.01.2021 08:00;0.922;14.022;1.601
29.01.2021 09:00;0.922;13.174;2.119
29.01.2021 10:00;0.922;12.371;2.34
29.01.2021 11:00;0.923;11.694;2.463
29.01.2021 12:00;5.761;4.998;2.119
29.01.2021 13:00;1.605;8.494;1.823
29.01.2021 14:00;0.922;9.609;1.429
29.01.2021 15:00;0.922;9.496;1.256
29.01.2021 16:00;0.922;9.588;0.714
29.01.2021 17:00;1.605;8.644;1.355
29.01.2021 18:00;5.762;7.036;1.774
29.01.2021 19:00;7.128;5.481;1.921
29.01.2021 20:00;1.662;10.871;0.985
29.01.2021 21:00;1.667;0;0.911
29.01.2021 22:00;1.666;0;0.838
29.01.2021 23:00;0.983;0;0.468
30.01.2021 00:00;0.982;0;0.208
30.01.2021 01:00;0.981;0;0.104
30.01.2021 02:00;0.981;0;0.026
30.01.2021 03:00;0.981;0;0.026
30.01.2021 04:00;0.981;0;0.052
30.01.2021 05:00;1.664;0;0.99
30.01.2021 06:00;5.705;11.189;2.604
30.01.2021 07:00;1.606;14.492;2.109
30.01.2021 08:00;0.922;14.935;1.745
30.01.2021 09:00;0.922;14.232;1.328
30.01.2021 10:00;0.922;13.169;1.172
30.01.2021 11:00;0.922;11.057;1.094
30.01.2021 12:00;5.76;5.209;1.64
30.01.2021 13:00;1.605;8.679;1.458
30.01.2021 14:00;0.922;9.413;0.833
30.01.2021 15:00;0.922;9.261;0.729
30.01.2021 16:00;0.922;9.269;0.833
30.01.2021 17:00;1.605;7.976;1.458
30.01.2021 18:00;5.76;3.97;2.057
30.01.2021 19:00;7.127;2.788;2.083
30.01.2021 20:00;1.661;7.399;1.614
30.01.2021 21:00;1.663;0;1.172
30.01.2021 22:00;1.662;0;0.651
30.01.2021 23:00;0.979;0;0.495
31.01.2021 00:00;0.979;0;0.208
31.01.2021 01:00;0.979;0;0.104
31.01.2021 02:00;0.979;0;0.026
31.01.2021 03:00;0.979;0;0.026
31.01.2021 04:00;0.98;0;0.052
31.01.2021 05:00;1.663;0;0.99
31.01.2021 06:00;5.705;9.085;2.604
31.01.2021 07:00;1.606;13.274;2.109
31.01.2021 08:00;0.922;13.725;1.745
31.01.2021 09:00;0.922;12.35;1.328
31.01.2021 10:00;0.922;10.463;1.172
31.01.2021 11:00;0.922;9.366;1.094
31.01.2021 12:00;5.76;3.626;1.64
31.01.2021 13:00;1.605;6.915;1.458
31.01.2021 14:00;0.922;7.824;0.833
31.01.2021 15:00;0.922;7.725;0.729
31.01.2021 16:00;0.922;7.823;0.833
31.01.2021 17:00;1.605;6.637;1.458
31.01.2021 18:00;5.76;2.76;2.057
31.01.2021 19:00;7.127;1.633;2.083
31.01.2021 20:00;1.661;6.355;1.614
31.01.2021 21:00;1.662;0;1.172
31.01.2021 22:00;1.662;0;0.651
31.01.2021 23:00;0.979;0;0.495
01.02.2021 00:00;0.979;0;0.208
01.02.2021 01:00;0.979;0;0.104
01.02.2021 02:00;0.979;0;0.026
01.02.2021 03:00;0.979;0;0.026
01.02.2021 04:00;0.979;0;0.052
01.02.2021 05:00;1.663;0;0.99
01.02.2021 06:00;5.705;6.973;2.604
01.02.2021 07:00;1.606;10.533;2.109
01.02.2021 08:00;0.922;11.038;1.745
01.02.2021 09:00;0.922;10.494;1.328
01.02.2021 10:00;0.922;9.968;1.172
01.02.2021 11:00;0.922;9.463;1.094
01.02.2021 12:00;5.76;4.145;1.64
01.02.2021 13:00;1.605;7.666;1.458
01.02.2021 14:00;0.922;8.564;0.833
01.02.2021 15:00;0.922;8.392;0.729
01.02.2021 16:00;0.922;8.292;0.833
01.02.2021 17:00;1.605;7.078;1.458
01.02.2021 18:00;5.76;3.133;2.057
01.02.2021 19:00;7.127;1.866;2.083
01.02.2021 20:00;1.661;6.417;1.614
01.02.2021 21:00;1.662;0;1.172
01.02.2021 22:00;1.662;0;0.651
01.02.2021 23:00;0.979;0;0.495
02.02.2021 00:00;0.978;0;0.208
02.02.2021 01:00;0.978;0;0.104
02.02.2021 02:00;0.978;0;0.026
02.02.2021 03:00;0.978;0;0.026
02.02.2021 04:00;0.978;0;0.052
02.02.2021 05:00;1.662;0;0.99
02.02.2021 06:00;5.705;5.129;2.604
02.02.2021 07:00;1.606;8.54;2.109
02.02.2021 08:00;0.922;9.312;1.745
02.02.2021 09:00;0.922;8.921;1.328
02.02.2021 10:00;0.922;8.539;1.172
02.02.2021 11:00;0.922;8.053;1.094
02.02.2021 12:00;5.76;2.652;1.64
02.02.2021 13:00;1.605;6.22;1.458
02.02.2021 14:00;0.922;7.169;0.833
02.02.2021 15:00;0.922;6.911;0.729
02.02.2021 16:00;0.922;6.82;0.833
02.02.2021 17:00;1.605;5.756;1.458
02.02.2021 18:00;5.76;2.258;2.057
02.02.2021 19:00;7.126;0.79;2.083
02.02.2021 20:00;1.661;5.591;1.614
02.02.2021 21:00;1.662;0;1.172
02.02.2021 22:00;1.662;0;0.651
02.02.2021 23:00;0.979;0;0.495
03.02.2021 00:00;0.979;0;0.208
03.02.2021 01:00;0.979;0;0.104
03.02.2021 02:00;0.979;0;0.026
03.02.2021 03:00;0.979;0;0.026
03.02.2021 04:00;0.979;0;0.052
03.02.2021 05:00;1.662;0;0.99
03.02.2021 06:00;5.705;6.478;2.604
03.02.2021 07:00;1.606;9.8;2.109
03.02.2021 08:00;0.922;10.366;1.745
03.02.2021 09:00;0.922;9.489;1.328
03.02.2021 10:00;0.922;8.459;1.172
03.02.2021 11:00;0.922;7.891;1.094
03.02.2021 12:00;5.76;2.194;1.64
03.02.2021 13:00;1.605;6.146;1.458
03.02.2021 14:00;0.922;7.099;0.833
03.02.2021 15:00;0.922;6.691;0.729
03.02.2021 16:00;0.922;7.004;0.833
03.02.2021 17:00;1.605;5.784;1.458
03.02.2021 18:00;5.76;1.765;2.057
03.02.2021 19:00;7.126;0.54;2.083
03.02.2021 20:00;1.661;5.488;1.614
03.02.2021 21:00;1.662;0;1.172
03.02.2021 22:00;1.661;0;0.651
03.02.2021 23:00;0.978;0;0.495
04.02.2021 00:00;0.978;0;0.201
04.02.2021 01:00;0.978;0;0.223
04.02.2021 02:00;0.978;0;0.134
04.02.2021 03:00;0.978;0;0.045
04.02.2021 04:00;0.978;0;0.045
04.02.2021 05:00;1.662;0;0.268
04.02.2021 06:00;5.704;5.334;0.736
04.02.2021 07:00;1.605;8.795;1.249
04.02.2021 08:00;0.922;9.481;2.03
04.02.2021 09:00;0.922;8.874;2.008
04.02.2021 10:00;0.922;8.299;1.807
04.02.2021 11:00;0.922;7.542;1.941
04.02.2021 12:00;5.76;1.9;1.963
04.02.2021 13:00;1.605;5.567;1.562
04.02.2021 14:00;0.922;6.572;1.249
04.02.2021 15:00;0.922;6.527;0.982
04.02.2021 16:00;0.922;6.631;1.249
04.02.2021 17:00;1.605;5.437;1.606
04.02.2021 18:00;5.76;1.387;2.231
04.02.2021 19:00;7.126;0.172;1.762
04.02.2021 20:00;1.66;4.971;0.982
04.02.2021 21:00;1.661;0;0.959
04.02.2021 22:00;1.661;0;0.781
04.02.2021 23:00;0.978;0;0.469
05.02.2021 00:00;0.978;0;0.271
05.02.2021 01:00;0.978;0;0.197
05.02.2021 02:00;0.978;0;0.148
05.02.2021 03:00;0.978;0;0.049
05.02.2021 04:00;0.978;0;0.049
05.02.2021 05:00;1.661;0;0.148
05.02.2021 06:00;5.704;4.674;0.493
05.02.2021 07:00;1.605;8.523;1.01
05.02.2021 08:00;0.922;9.263;1.601
05.02.2021 09:00;0.922;8.511;2.119
05.02.2021 10:00;0.922;7.79;2.34
05.02.2021 11:00;0.923;6.985;2.463
05.02.2021 12:00;5.76;1.561;2.119
05.02.2021 13:00;1.605;5.232;1.823
05.02.2021 14:00;0.922;6.277;1.429
05.02.2021 15:00;0.922;5.904;1.256
05.02.2021 16:00;0.922;6.324;0.714
05.02.2021 17:00;1.605;5.778;1.355
05.02.2021 18:00;5.76;2.433;1.774
05.02.2021 19:00;7.127;1.518;1.921
05.02.2021 20:00;1.661;6.272;0.985
05.02.2021 21:00;1.663;0;0.911
05.02.2021 22:00;1.663;0;0.838
05.02.2021 23:00;0.979;0;0.468
06.02.2021 00:00;0.979;0;0.208
06.02.2021 01:00;0.979;0;0.104
06.02.2021 02:00;0.979;0;0.026
06.02.2021 03:00;0.979;0;0.026
06.02.2021 04:00;0.979;0;0.052
06.02.2021 05:00;1.663;0;0.99
06.02.2021 06:00;5.705;7.194;2.604
06.02.2021 07:00;1.606;10.474;2.109
06.02.2021 08:00;0.922;10.936;1.745
06.02.2021 09:00;0.922;9.993;1.328
06.02.2021 10:00;0.922;9.112;1.172
06.02.2021 11:00;0.922;8.44;1.094
06.02.2021 12:00;5.76;2.999;1.64
06.02.2021 13:00;1.605;6.805;1.458
06.02.2021 14:00;0.922;7.732;0.833
06.02.2021 15:00;0.922;7.424;0.729
06.02.2021 16:00;0.922;7.339;0.833
06.02.2021 17:00;1.605;6.199;1.458
06.02.2021 18:00;5.76;2.348;2.057
06.02.2021 19:00;7.126;1.054;2.083
06.02.2021 20:00;1.661;5.533;1.614
06.02.2021 21:00;1.662;0;1.172
06.02.2021 22:00;1.661;0;0.651
06.02.2021 23:00;0.978;0;0.495
07.02.2021 00:00;0.978;0;0.208
07.02.2021 01:00;0.978;0;0.104
07.02.2021 02:00;0.977;0;0.026
07.02.2021 03:00;0.978;0;0.026
07.02.2021 04:00;0.978;0;0.052
07.02.2021 05:00;1.661;0;0.99
07.02.2021 06:00;5.705;4.578;2.604
07.02.2021 07:00;1.606;8.589;2.109
07.02.2021 08:00;0.922;9.301;1.745
07.02.2021 09:00;0.922;8.613;1.328
07.02.2021 10:00;0.922;7.806;1.172
07.02.2021 11:00;0.922;7.103;1.094
07.02.2021 12:00;5.76;1.655;1.64
07.02.2021 13:00;1.605;5.253;1.458
07.02.2021 14:00;0.922;6.241;0.833
07.02.2021 15:00;0.922;6.347;0.729
07.02.2021 16:00;0.922;6.769;0.833
07.02.2021 17:00;1.605;6.162;1.458
07.02.2021 18:00;5.76;2.63;2.057
07.02.2021 19:00;7.127;1.635;2.083
07.02.2021 20:00;1.661;6.489;1.614
07.02.2021 21:00;1.663;0;1.172
07.02.2021 22:00;1.663;0;0.651
07.02.2021 23:00;0.979;0;0.495
08.02.2021 00:00;0.979;0;0.208
08.02.2021 01:00;0.98;0;0.104
08.02.2021 02:00;0.981;0;0.026
08.02.2021 03:00;0.981;0;0.026
08.02.2021 04:00;0.98;0;0.052
08.02.2021 05:00;1.664;0;0.99
08.02.2021 06:00;5.705;8.482;2.604
08.02.2021 07:00;1.606;12.075;2.109
08.02.2021 08:00;0.922;12.374;1.745
08.02.2021 09:00;0.922;10.928;1.328
08.02.2021 10:00;0.922;9.733;1.172
08.02.2021 11:00;0.922;8.456;1.094
08.02.2021 12:00;5.76;2.739;1.64
08.02.2021 13:00;1.605;6.08;1.458
08.02.2021 14:00;0.922;6.691;0.833
08.02.2021 15:00;0.922;6.811;0.729
08.02.2021 16:00;0.922;7.105;0.833
08.02.2021 17:00;1.605;6.63;1.458
08.02.2021 18:00;5.76;2.986;2.057
08.02.2021 19:00;7.127;1.993;2.083
08.02.2021 20:00;1.661;6.854;1.614
08.02.2021 21:00;1.663;0;1.172
08.02.2021 22:00;1.662;0;0.651
08.02.2021 23:00;0.979;0;0.495
09.02.2021 00:00;0.979;0;0.208
09.02.2021 01:00;0.979;0;0.104
09.02.2021 02:00;0.98;0;0.026
09.02.2021 03:00;0.979;0;0.026
09.02.2021 04:00;0.979;0;0.052
09.02.2021 05:00;1.663;0;0.99
09.02.2021 06:00;5.705;7.353;2.604
09.02.2021 07:00;1.606;11.611;2.109
09.02.2021 08:00;0.922;11.12;1.745
09.02.2021 09:00;0.922;10.616;1.328
09.02.2021 10:00;0.922;9.051;1.172
09.02.2021 11:00;0.922;7.435;1.094
09.02.2021 12:00;5.759;1.527;1.64
09.02.2021 13:00;1.605;5.289;1.458
09.02.2021 14:00;0.922;6.23;0.833
09.02.2021 15:00;0.922;5.372;0.729
09.02.2021 16:00;0.922;5.911;0.833
09.02.2021 17:00;1.605;5.27;1.458
09.02.2021 18:00;5.76;1.948;2.057
09.02.2021 19:00;7.126;1.072;2.083
09.02.2021 20:00;1.661;5.751;1.614
09.02.2021 21:00;1.662;0;1.172
09.02.2021 22:00;1.662;0;0.651
09.02.2021 23:00;0.979;0;0.495
10.02.2021 00:00;0.978;0;0.208
10.02.2021 01:00;0.979;0;0.104
10.02.2021 02:00;0.979;0;0.026
10.02.2021 03:00;0.979;0;0.026
10.02.2021 04:00;0.979;0;0.052
10.02.2021 05:00;1.662;0;0.99
10.02.2021 06:00;5.705;6.649;2.604
10.02.2021 07:00;1.606;10.106;2.109
10.02.2021 08:00;0.922;10.383;1.745
10.02.2021 09:00;0.922;8.778;1.328
10.02.2021 10:00;0.922;7.605;1.172
10.02.2021 11:00;0.922;6.848;1.094
10.02.2021 12:00;5.759;0.926;1.64
10.02.2021 13:00;1.605;4.566;1.458
10.02.2021 14:00;0.922;5.402;0.833
10.02.2021 15:00;0.922;5.454;0.729
10.02.2021 16:00;0.922;5.798;0.833
10.02.2021 17:00;1.605;4.917;1.458
10.02.2021 18:00;5.759;0.799;2.057
10.02.2021 19:00;7.058;0;2.083
10.02.2021 20:00;1.66;4.302;1.614
10.02.2021 21:00;1.661;0;1.172
10.02.2021 22:00;1.661;0;0.651
10.02.2021 23:00;0.977;0;0.495
11.02.2021 00:00;0.978;0;0.201
11.02.2021 01:00;0.977;0;0.223
11.02.2021 02:00;0.977;0;0.134
11.02.2021 03:00;0.977;0;0.045
11.02.2021 04:00;0.977;0;0.045
11.02.2021 05:00;1.661;0;0.268
11.02.2021 06:00;5.704;3.974;0.736
11.02.2021 07:00;1.605;7.857;1.249
11.02.2021 08:00;0.922;8.866;2.03
11.02.2021 09:00;0.922;8.39;2.008
11.02.2021 10:00;0.922;7.641;1.807
11.02.2021 11:00;0.922;6.994;1.941
11.02.2021 12:00;5.76;1.538;1.963
11.02.2021 13:00;1.605;5.177;1.562
11.02.2021 14:00;0.922;6.174;1.249
11.02.2021 15:00;0.922;6.172;0.982
11.02.2021 16:00;0.922;6.487;1.249
11.02.2021 17:00;1.605;5.794;1.606
11.02.2021 18:00;5.76;2.219;2.231
11.02.2021 19:00;7.127;1.249;1.762
11.02.2021 20:00;1.661;5.91;0.982
11.02.2021 21:00;1.663;0;0.959
11.02.2021 22:00;1.663;0;0.781
11.02.2021 23:00;0.979;0;0.469
12.02.2021 00:00;0.979;0;0.271
12.02.2021 01:00;0.981;0;0.197
12.02.2021 02:00;0.981;0;0.148
12.02.2021 03:00;0.981;0;0.049
12.02.2021 04:00;0.981;0;0.049
12.02.2021 05:00;1.664;0;0.148
12.02.2021 06:00;5.704;9.147;0.493
12.02.2021 07:00;1.605;12.675;1.01
12.02.2021 08:00;0.922;12.771;1.601
12.02.2021 09:00;0.922;10.783;2.119
12.02.2021 10:00;0.922;9.574;2.34
12.02.2021 11:00;0.923;8.573;2.463
12.02.2021 12:00;5.76;2.847;2.119
12.02.2021 13:00;1.605;6.137;1.823
12.02.2021 14:00;0.922;6.857;1.429
12.02.2021 15:00;0.922;6.724;1.256
12.02.2021 16:00;0.922;6.857;0.714
12.02.2021 17:00;1.605;6.267;1.355
12.02.2021 18:00;5.76;2.646;1.774
12.02.2021 19:00;7.127;1.758;1.921
12.02.2021 20:00;1.661;6.524;0.985
12.02.2021 21:00;1.662;0;0.911
12.02.2021 22:00;1.662;0;0.838
12.02.2021 23:00;0.979;0;0.468
13.02.2021 00:00;0.979;0;0.208
13.02.2021 01:00;0.979;0;0.104
13.02.2021 02:00;0.979;0;0.026
13.02.2021 03:00;0.979;0;0.026
13.02.2021 04:00;0.979;0;0.052
13.02.2021 05:00;1.663;0;0.99
13.02.2021 06:00;5.705;8.533;2.604
13.02.2021 07:00;1.606;11.521;2.109
13.02.2021 08:00;0.922;11.528;1.745
13.02.2021 09:00;0.922;9.998;1.328
13.02.2021 10:00;0.922;8.931;1.172
13.02.2021 11:00;0.922;7.706;1.094
13.02.2021 12:00;5.759;1.724;1.64
13.02.2021 13:00;1.605;5.085;1.458
13.02.2021 14:00;0.922;5.904;0.833
13.02.2021 15:00;0.922;5.743;0.729
13.02.2021 16:00;0.922;5.876;0.833
13.02.2021 17:00;1.605;5.484;1.458
13.02.2021 18:00;5.76;1.864;2.057
13.02.2021 19:00;7.126;0.891;2.083
13.02.2021 20:00;1.661;5.638;1.614
13.02.2021 21:00;1.662;0;1.172
13.02.2021 22:00;1.662;0;0.651
13.02.2021 23:00;0.979;0;0.495
14.02.2021 00:00;0.979;0;0.208
14.02.2021 01:00;0.979;0;0.104
14.02.2021 02:00;0.979;0;0.026
14.02.2021 03:00;0.979;0;0.026
14.02.2021 04:00;0.978;0;0.052
14.02.2021 05:00;1.662;0;0.99
14.02.2021 06:00;5.705;6.019;2.604
14.02.2021 07:00;1.606;9.082;2.109
14.02.2021 08:00;0.922;9.632;1.745
14.02.2021 09:00;0.922;9.264;1.328
14.02.2021 10:00;0.922;8.493;1.172
14.02.2021 11:00;0.922;7.783;1.094
14.02.2021 12:00;5.76;2.856;1.64
14.02.2021 13:00;1.605;6.343;1.458
14.02.2021 14:00;0.922;7.442;0.833
14.02.2021 15:00;0.922;7.556;0.729
14.02.2021 16:00;0.922;7.558;0.833
14.02.2021 17:00;1.605;6.305;1.458
14.02.2021 18:00;5.76;2.353;2.057
14.02.2021 19:00;7.127;1.145;2.083
14.02.2021 20:00;1.661;5.756;1.614
14.02.2021 21:00;1.662;0;1.172
14.02.2021 22:00;1.662;0;0.651
14.02.2021 23:00;0.979;0;0.495
15.02.2021 00:00;0.979;0;0.208
15.02.2021 01:00;0.978;0;0.104
15.02.2021 02:00;0.978;0;0.026
15.02.2021 03:00;0.978;0;0.026
15.02.2021 04:00;0.978;0;0.052
15.02.2021 05:00;1.662;0;0.99
15.02.2021 06:00;5.705;5.648;2.604
15.02.2021 07:00;1.606;9.046;2.109
15.02.2021 08:00;0.922;9.572;1.745
15.02.2021 09:00;0.922;8.945;1.328
15.02.2021 10:00;0.922;8.225;1.172
15.02.2021 11:00;0.922;7.719;1.094
15.02.2021 12:00;5.76;2.371;1.64
15.02.2021 13:00;1.605;5.868;1.458
15.02.2021 14:00;0.922;6.906;0.833
15.02.2021 15:00;0.922;6.787;0.729
15.02.2021 16:00;0.922;6.943;0.833
15.02.2021 17:00;1.605;6.412;1.458
15.02.2021 18:00;5.76;2.702;2.057
15.02.2021 19:00;7.127;1.533;2.083
15.02.2021 20:00;1.661;6.334;1.614
15.02.2021 21:00;1.663;0;1.172
15.02.2021 22:00;1.662;0;0.651
15.02.2021 23:00;0.979;0;0.495
16.02.2021 00:00;0.978;0;0.208
16.02.2021 01:00;0.978;0;0.104
16.02.2021 02:00;0.978;0;0.026
16.02.2021 03:00;0.978;0;0.026
16.02.2021 04:00;0.978;0;0.052
16.02.2021 05:00;1.662;0;0.99
16.02.2021 06:00;5.705;5.044;2.604
16.02.2021 07:00;1.606;8.507;2.109
16.02.2021 08:00;0.922;9.3;1.745
16.02.2021 09:00;0.922;8.918;1.328
16.02.2021 10:00;0.922;8.555;1.172
16.02.2021 11:00;0.922;8.149;1.094
16.02.2021 12:00;5.76;2.746;1.64
16.02.2021 13:00;1.605;6.341;1.458
16.02.2021 14:00;0.922;7.147;0.833
16.02.2021 15:00;0.922;6.864;0.729
16.02.2021 16:00;0.922;6.614;0.833
16.02.2021 17:00;1.605;5.325;1.458
16.02.2021 18:00;5.76;1.205;2.057
16.02.2021 19:00;7.058;0;2.083
16.02.2021 20:00;1.66;4.423;1.614
16.02.2021 21:00;1.661;0;1.172
16.02.2021 22:00;1.66;0;0.651
16.02.2021 23:00;0.977;0;0.495
17.02.2021 00:00;0.977;0;0.208
17.02.2021 01:00;0.977;0;0.104
17.02.2021 02:00;0.977;0;0.026
17.02.2021 03:00;0.976;0;0.026
17.02.2021 04:00;0.976;0;0.052
17.02.2021 05:00;1.661;0;0.99
17.02.2021 06:00;5.705;2.686;2.604
17.02.2021 07:00;1.606;6.205;2.109
17.02.2021 08:00;0.922;6.917;1.745
17.02.2021 09:00;0.922;6.601;1.328
17.02.2021 10:00;0.922;6.188;1.172
17.02.2021 11:00;0.922;5.723;1.094
17.02.2021 12:00;5.759;0.076;1.64
17.02.2021 13:00;1.605;3.29;1.458
17.02.2021 14:00;0.922;4.541;0.833
17.02.2021 15:00;0.922;5.278;0.729
17.02.2021 16:00;0.922;4.461;0.833
17.02.2021 17:00;1.605;3.529;1.458
17.02.2021 18:00;5.76;0.291;2.057
17.02.2021 19:00;7.058;0;2.083
17.02.2021 20:00;1.66;4.022;1.614
17.02.2021 21:00;1.66;0;1.172
17.02.2021 22:00;1.66;0;0.651
17.02.2021 23:00;0.978;0;0.495
18.02.2021 00:00;0.978;0;0.201
18.02.2021 01:00;0.978;0;0.223
18.02.2021 02:00;0.977;0;0.134
18.02.2021 03:00;0.977;0;0.045
18.02.2021 04:00;0.977;0;0.045
18.02.2021 05:00;1.661;0;0.268
18.02.2021 06:00;5.704;3.178;0.736
18.02.2021 07:00;1.605;6.62;1.249
18.02.2021 08:00;0.922;7.139;2.03
18.02.2021 09:00;0.922;6.883;2.008
18.02.2021 10:00;0.922;6.411;1.807
18.02.2021 11:00;0.922;5.439;1.941
18.02.2021 12:00;5.692;0;1.963
18.02.2021 13:00;1.605;2.894;1.562
18.02.2021 14:00;0.922;3.725;1.249
18.02.2021 15:00;0.922;3.589;0.982
18.02.2021 16:00;0.922;3.603;1.249
18.02.2021 17:00;1.605;2.698;1.606
18.02.2021 18:00;5.692;0;2.231
18.02.2021 19:00;7.058;0;1.762
18.02.2021 20:00;1.66;2.929;0.982
18.02.2021 21:00;1.661;0;0.959
18.02.2021 22:00;1.661;0;0.781
18.02.2021 23:00;0.978;0;0.469
19.02.2021 00:00;0.978;0;0.271
19.02.2021 01:00;0.978;0;0.197
19.02.2021 02:00;0.978;0;0.148
19.02.2021 03:00;0.978;0;0.049
19.02.2021 04:00;0.978;0;0.049
19.02.2021 05:00;1.661;0;0.148
19.02.2021 06:00;5.704;3.79;0.493
19.02.2021 07:00;1.605;7.484;1.01
19.02.2021 08:00;0.922;8.079;1.601
19.02.2021 09:00;0.922;7.337;2.119
19.02.2021 10:00;0.922;6.649;2.34
19.02.2021 11:00;0.923;6.121;2.463
19.02.2021 12:00;5.76;0.727;2.119
19.02.2021 13:00;1.605;4.808;1.823
19.02.2021 14:00;0.922;5.94;1.429
19.02.2021 15:00;0.922;5.977;1.256
19.02.2021 16:00;0.922;5.597;0.714
19.02.2021 17:00;1.605;5.075;1.355
19.02.2021 18:00;5.76;1.495;1.774
19.02.2021 19:00;7.126;0.771;1.921
19.02.2021 20:00;1.661;5.59;0.985
19.02.2021 21:00;1.662;0;0.911
19.02.2021 22:00;1.662;0;0.838
19.02.2021 23:00;0.979;0;0.468
20.02.2021 00:00;0.978;0;0.208
20.02.2021 01:00;0.978;0;0.104
20.02.2021 02:00;0.978;0;0.026
20.02.2021 03:00;0.978;0;0.026
20.02.2021 04:00;0.978;0;0.052
20.02.2021 05:00;1.662;0;0.99
20.02.2021 06:00;5.705;4.582;2.604
20.02.2021 07:00;1.606;8.117;2.109
20.02.2021 08:00;0.922;8.76;1.745
20.02.2021 09:00;0.922;8.417;1.328
20.02.2021 10:00;0.922;7.698;1.172
20.02.2021 11:00;0.922;6.783;1.094
20.02.2021 12:00;5.759;1.174;1.64
20.02.2021 13:00;1.605;4.766;1.458
20.02.2021 14:00;0.922;6.172;0.833
20.02.2021 15:00;0.922;5.426;0.729
20.02.2021 16:00;0.922;6.031;0.833
20.02.2021 17:00;1.605;4.547;1.458
20.02.2021 18:00;5.76;0.618;2.057
20.02.2021 19:00;7.058;0;2.083
20.02.2021 20:00;1.66;3.962;1.614
20.02.2021 21:00;1.661;0;1.172
20.02.2021 22:00;1.66;0;0.651
20.02.2021 23:00;0.977;0;0.495
21.02.2021 00:00;0.977;0;0.208
21.02.2021 01:00;0.977;0;0.104
21.02.2021 02:00;0.977;0;0.026
21.02.2021 03:00;0.977;0;0.026
21.02.2021 04:00;0.977;0;0.052
21.02.2021 05:00;1.661;0;0.99
21.02.2021 06:00;5.705;3.23;2.604
21.02.2021 07:00;1.606;7.295;2.109
21.02.2021 08:00;0.922;8.073;1.745
21.02.2021 09:00;0.922;7.662;1.328
21.02.2021 10:00;0.922;7.25;1.172
21.02.2021 11:00;0.922;7.046;1.094
21.02.2021 12:00;5.76;1.752;1.64
21.02.2021 13:00;1.605;5.62;1.458
21.02.2021 14:00;0.922;6.615;0.833
21.02.2021 15:00;0.922;6.566;0.729
21.02.2021 16:00;0.922;6.639;0.833
21.02.2021 17:00;1.605;5.575;1.458
21.02.2021 18:00;5.76;1.612;2.057
21.02.2021 19:00;7.126;0.402;2.083
21.02.2021 20:00;1.661;5.037;1.614
21.02.2021 21:00;1.662;0;1.172
21.02.2021 22:00;1.662;0;0.651
21.02.2021 23:00;0.978;0;0.495
22.02.2021 00:00;0.978;0;0.208
22.02.2021 01:00;0.978;0;0.104
22.02.2021 02:00;0.978;0;0.026
22.02.2021 03:00;0.978;0;0.026
22.02.2021 04:00;0.978;0;0.052
22.02.2021 05:00;1.662;0;0.99
22.02.2021 06:00;5.705;4.743;2.604
22.02.2021 07:00;1.606;8.253;2.109
22.02.2021 08:00;0.922;8.82;1.745
22.02.2021 09:00;0.922;8.183;1.328
22.02.2021 10:00;0.922;7.568;1.172
22.02.2021 11:00;0.922;6.785;1.094
22.02.2021 12:00;5.759;1.242;1.64
22.02.2021 13:00;1.605;4.889;1.458
22.02.2021 14:00;0.922;6.356;0.833
22.02.2021 15:00;0.922;6.306;0.729
22.02.2021 16:00;0.922;5.84;0.833
22.02.2021 17:00;1.605;4.818;1.458
22.02.2021 18:00;5.76;0.915;2.057
22.02.2021 19:00;7.059;0;2.083
22.02.2021 20:00;1.66;4.448;1.614
22.02.2021 21:00;1.661;0;1.172
22.02.2021 22:00;1.661;0;0.651
22.02.2021 23:00;0.978;0;0.495
23.02.2021 00:00;0.978;0;0.208
23.02.2021 01:00;0.978;0;0.104
23.02.2021 02:00;0.978;0;0.026
23.02.2021 03:00;0.978;0;0.026
23.02.2021 04:00;0.978;0;0.052
23.02.2021 05:00;1.661;0;0.99
23.02.2021 06:00;5.705;4.059;2.604
23.02.2021 07:00;1.606;7.759;2.109
23.02.2021 08:00;0.922;8.275;1.745
23.02.2021 09:00;0.922;7.639;1.328
23.02.2021 10:00;0.922;6.739;1.172
23.02.2021 11:00;0.922;6.061;1.094
23.02.2021 12:00;5.759;0.664;1.64
23.02.2021 13:00;1.605;4.203;1.458
23.02.2021 14:00;0.922;5.066;0.833
23.02.2021 15:00;0.922;4.948;0.729
23.02.2021 16:00;0.922;5.303;0.833
23.02.2021 17:00;1.605;4.679;1.458
23.02.2021 18:00;5.76;1.325;2.057
23.02.2021 19:00;7.126;0.121;2.083
23.02.2021 20:00;1.661;5.171;1.614
23.02.2021 21:00;1.662;0;1.172
23.02.2021 22:00;1.662;0;0.651
23.02.2021 23:00;0.979;0;0.495
24.02.2021 00:00;0.978;0;0.208
24.02.2021 01:00;0.978;0;0.104
24.02.2021 02:00;0.979;0;0.026
24.02.2021 03:00;0.979;0;0.026
24.02.2021 04:00;0.978;0;0.052
24.02.2021 05:00;1.662;0;0.99
24.02.2021 06:00;5.705;5.774;2.604
24.02.2021 07:00;1.606;9.293;2.109
24.02.2021 08:00;0.922;9.481;1.745
24.02.2021 09:00;0.922;8.492;1.328
24.02.2021 10:00;0.922;7.996;1.172
24.02.2021 11:00;0.922;6.618;1.094
24.02.2021 12:00;5.76;1.685;1.64
24.02.2021 13:00;1.605;5.393;1.458
24.02.2021 14:00;0.922;6.14;0.833
24.02.2021 15:00;0.922;6.015;0.729
24.02.2021 16:00;0.922;6.086;0.833
24.02.2021 17:00;1.605;4.986;1.458
24.02.2021 18:00;5.76;0.998;2.057
24.02.2021 19:00;7.058;0;2.083
24.02.2021 20:00;1.66;4.561;1.614
24.02.2021 21:00;1.661;0;1.172
24.02.2021 22:00;1.661;0;0.651
24.02.2021 23:00;0.978;0;0.495
25.02.2021 00:00;0.978;0;0.201
25.02.2021 01:00;0.978;0;0.223
25.02.2021 02:00;0.978;0;0.134
25.02.2021 03:00;0.978;0;0.045
25.02.2021 04:00;0.979;0;0.045
25.02.2021 05:00;1.662;0;0.268
25.02.2021 06:00;5.704;5.478;0.736
25.02.2021 07:00;1.605;9.25;1.249
25.02.2021 08:00;0.922;9.465;2.03
25.02.2021 09:00;0.922;8.449;2.008
25.02.2021 10:00;0.922;7.797;1.807
25.02.2021 11:00;0.922;7.261;1.941
25.02.2021 12:00;5.76;1.708;1.963
25.02.2021 13:00;1.605;5.289;1.562
25.02.2021 14:00;0.922;6.212;1.249
25.02.2021 15:00;0.922;6.195;0.982
25.02.2021 16:00;0.922;6.304;1.249
25.02.2021 17:00;1.605;5.502;1.606
25.02.2021 18:00;5.76;2.006;2.231
25.02.2021 19:00;7.126;1.018;1.762
25.02.2021 20:00;1.66;5.681;0.982
25.02.2021 21:00;1.662;0;0.959
25.02.2021 22:00;1.662;0;0.781
25.02.2021 23:00;0.979;0;0.469
26.02.2021 00:00;0.979;0;0.271
26.02.2021 01:00;0.979;0;0.197
26.02.2021 02:00;0.979;0;0.148
26.02.2021 03:00;0.979;0;0.049
26.02.2021 04:00;0.979;0;0.049
26.02.2021 05:00;1.662;0;0.148
26.02.2021 06:00;5.704;6.269;0.493
26.02.2021 07:00;1.605;9.76;1.01
26.02.2021 08:00;0.922;10.255;1.601
26.02.2021 09:00;0.922;9.429;2.119
26.02.2021 10:00;0.922;8.629;2.34
26.02.2021 11:00;0.923;7.896;2.463
26.02.2021 12:00;5.76;2.2;2.119
26.02.2021 13:00;1.605;5.609;1.823
26.02.2021 14:00;0.922;6.488;1.429
26.02.2021 15:00;0.922;6.463;1.256
26.02.2021 16:00;0.922;6.597;0.714
26.02.2021 17:00;1.605;5.823;1.355
26.02.2021 18:00;5.76;2.227;1.774
26.02.2021 19:00;7.127;1.23;1.921
26.02.2021 20:00;1.661;5.947;0.985
26.02.2021 21:00;1.662;0;0.911
26.02.2021 22:00;1.662;0;0.838
26.02.2021 23:00;0.979;0;0.468
27.02.2021 00:00;0.979;0;0.208
27.02.2021 01:00;0.979;0;0.104
27.02.2021 02:00;0.979;0;0.026
27.02.2021 03:00;0.981;0;0.026
27.02.2021 04:00;0.981;0;0.052
27.02.2021 05:00;1.665;0;0.99
27.02.2021 06:00;5.705;9.402;2.604
27.02.2021 07:00;1.606;12.735;2.109
27.02.2021 08:00;0.922;12.775;1.745
27.02.2021 09:00;0.922;10.595;1.328
27.02.2021 10:00;0.922;9.709;1.172
27.02.2021 11:00;0.922;8.667;1.094
27.02.2021 12:00;5.76;2.93;1.64
27.02.2021 13:00;1.605;6.254;1.458
27.02.2021 14:00;0.922;6.984;0.833
27.02.2021 15:00;0.922;6.903;0.729
27.02.2021 16:00;0.922;6.907;0.833
27.02.2021 17:00;1.605;6.106;1.458
27.02.2021 18:00;5.76;2.714;2.057
27.02.2021 19:00;7.127;1.693;2.083
27.02.2021 20:00;1.661;6.545;1.614
27.02.2021 21:00;1.663;0;1.172
27.02.2021 22:00;1.662;0;0.651
27.02.2021 23:00;0.979;0;0.495
28.02.2021 00:00;0.979;0;0.208
28.02.2021 01:00;0.981;0;0.104
28.02.2021 02:00;0.981;0;0.026
28.02.2021 03:00;0.981;0;0.026
28.02.2021 04:00;0.981;0;0.052
28.02.2021 05:00;1.665;0;0.99
28.02.2021 06:00;5.705;10.018;2.604
28.02.2021 07:00;1.606;13.142;2.109
28.02.2021 08:00;0.922;12.198;1.745
28.02.2021 09:00;0.922;10.889;1.328
28.02.2021 10:00;0.922;9.597;1.172
28.02.2021 11:00;0.922;8.356;1.094
28.02.2021 12:00;5.76;2.441;1.64
28.02.2021 13:00;1.605;6.245;1.458
28.02.2021 14:00;0.922;7.026;0.833
28.02.2021 15:00;0.922;6.203;0.729
28.02.2021 16:00;0.922;6.102;0.833
28.02.2021 17:00;1.605;5.507;1.458
28.02.2021 18:00;5.76;2.396;2.057
28.02.2021 19:00;7.127;1.397;2.083
28.02.2021 20:00;1.661;6.22;1.614
28.02.2021 21:00;1.662;0;1.172
28.02.2021 22:00;1.662;0;0.651
28.02.2021 23:00;0.979;0;0.495
01.03.2021 00:00;0.979;0;0.208
01.03.2021 01:00;0.979;0;0.104
01.03.2021 02:00;0.978;0;0.026
01.03.2021 03:00;0.978;0;0.026
01.03.2021 04:00;0.978;0;0.052
01.03.2021 05:00;1.662;0;0.99
01.03.2021 06:00;5.705;6.018;2.604
01.03.2021 07:00;1.606;9.41;2.109
01.03.2021 08:00;0.922;9.956;1.745
01.03.2021 09:00;0.922;9.417;1.328
01.03.2021 10:00;0.922;8.778;1.172
01.03.2021 11:00;0.922;8.283;1.094
01.03.2021 12:00;5.76;2.736;1.64
01.03.2021 13:00;1.605;6.294;1.458
01.03.2021 14:00;0.922;7.155;0.833
01.03.2021 15:00;0.922;6.828;0.729
01.03.2021 16:00;0.922;6.629;0.833
01.03.2021 17:00;1.605;5.258;1.458
01.03.2021 18:00;5.76;1.098;2.057
01.03.2021 19:00;7.058;0;2.083
01.03.2021 20:00;1.66;4.058;1.614
01.03.2021 21:00;1.661;0;1.172
01.03.2021 22:00;1.66;0;0.651
01.03.2021 23:00;0.977;0;0.495
02.03.2021 00:00;0.977;0;0.208
02.03.2021 01:00;0.977;0;0.104
02.03.2021 02:00;0.977;0;0.026
02.03.2021 03:00;0.977;0;0.026
02.03.2021 04:00;0.977;0;0.052
02.03.2021 05:00;1.66;0;0.99
02.03.2021 06:00;5.705;2.357;2.604
02.03.2021 07:00;1.606;5.992;2.109
02.03.2021 08:00;0.922;6.873;1.745
02.03.2021 09:00;0.922;6.436;1.328
02.03.2021 10:00;0.922;6.711;1.172
02.03.2021 11:00;0.922;5.841;1.094
02.03.2021 12:00;5.759;0.671;1.64
02.03.2021 13:00;1.605;4.205;1.458
02.03.2021 14:00;0.922;5.268;0.833
02.03.2021 15:00;0.922;5.735;0.729
02.03.2021 16:00;0.922;5.233;0.833
02.03.2021 17:00;1.605;4.471;1.458
02.03.2021 18:00;5.76;0.817;2.057
02.03.2021 19:00;7.059;0;2.083
02.03.2021 20:00;1.66;4.476;1.614
02.03.2021 21:00;1.662;0;1.172
02.03.2021 22:00;1.661;0;0.651
02.03.2021 23:00;0.978;0;0.495
03.03.2021 00:00;0.978;0;0.208
03.03.2021 01:00;0.979;0;0.104
03.03.2021 02:00;0.978;0;0.026
03.03.2021 03:00;0.979;0;0.026
03.03.2021 04:00;0.979;0;0.052
03.03.2021 05:00;1.662;0;0.99
03.03.2021 06:00;5.705;5.704;2.604
03.03.2021 07:00;1.606;8.961;2.109
03.03.2021 08:00;0.922;9.344;1.745
03.03.2021 09:00;0.922;7.98;1.328
03.03.2021 10:00;0.922;7.207;1.172
03.03.2021 11:00;0.922;6.576;1.094
03.03.2021 12:00;5.759;0.972;1.64
03.03.2021 13:00;1.605;5.107;1.458
03.03.2021 14:00;0.922;5.969;0.833
03.03.2021 15:00;0.922;5.742;0.729
03.03.2021 16:00;0.922;5.824;0.833
03.03.2021 17:00;1.605;4.328;1.458
03.03.2021 18:00;5.76;0.726;2.057
03.03.2021 19:00;7.058;0;2.083
03.03.2021 20:00;1.66;4.346;1.614
03.03.2021 21:00;1.661;0;1.172
03.03.2021 22:00;1.661;0;0.651
03.03.2021 23:00;0.978;0;0.495
04.03.2021 00:00;0.978;0;0.201
04.03.2021 01:00;0.978;0;0.223
04.03.2021 02:00;0.978;0;0.134
04.03.2021 03:00;0.978;0;0.045
04.03.2021 04:00;0.979;0;0.045
04.03.2021 05:00;1.662;0;0.268
04.03.2021 06:00;5.704;4.963;0.736
04.03.2021 07:00;1.605;8.496;1.249
04.03.2021 08:00;0.922;9.143;2.03
04.03.2021 09:00;0.922;8.71;2.008
04.03.2021 10:00;0.922;8.135;1.807
04.03.2021 11:00;0.922;7.536;1.941
04.03.2021 12:00;5.76;1.948;1.963
04.03.2021 13:00;1.605;5.814;1.562
04.03.2021 14:00;0.922;6.825;1.249
04.03.2021 15:00;0.922;6.91;0.982
04.03.2021 16:00;0.922;6.729;1.249
04.03.2021 17:00;1.605;5.947;1.606
04.03.2021 18:00;5.76;2.308;2.231
04.03.2021 19:00;7.127;1.246;1.762
04.03.2021 20:00;1.661;6.409;0.982
04.03.2021 21:00;1.663;0;0.959
04.03.2021 22:00;1.662;0;0.781
04.03.2021 23:00;0.979;0;0.469
05.03.2021 00:00;0.979;0;0.271
05.03.2021 01:00;0.979;0;0.197
05.03.2021 02:00;0.979;0;0.148
05.03.2021 03:00;0.979;0;0.049
05.03.2021 04:00;0.979;0;0.049
05.03.2021 05:00;1.662;0;0.148
05.03.2021 06:00;5.704;6.376;0.493
05.03.2021 07:00;1.605;9.783;1.01
05.03.2021 08:00;0.922;10.192;1.601
05.03.2021 09:00;0.922;9.416;2.119
05.03.2021 10:00;0.922;8.751;2.34
05.03.2021 11:00;0.923;8.104;2.463
05.03.2021 12:00;5.76;2.473;2.119
05.03.2021 13:00;1.605;5.976;1.823
05.03.2021 14:00;0.922;6.838;1.429
05.03.2021 15:00;0.922;6.618;1.256
05.03.2021 16:00;0.922;6.564;0.714
05.03.2021 17:00;1.605;5.772;1.355
05.03.2021 18:00;5.76;2.379;1.774
05.03.2021 19:00;7.127;1.352;1.921
05.03.2021 20:00;1.661;6.169;0.985
05.03.2021 21:00;1.663;0;0.911
05.03.2021 22:00;1.663;0;0.838
05.03.2021 23:00;0.979;0;0.468
06.03.2021 00:00;0.979;0;0.208
06.03.2021 01:00;0.979;0;0.104
06.03.2021 02:00;0.979;0;0.026
06.03.2021 03:00;0.979;0;0.026
06.03.2021 04:00;0.979;0;0.052
06.03.2021 05:00;1.664;0;0.99
06.03.2021 06:00;5.705;7.953;2.604
06.03.2021 07:00;1.606;11.124;2.109
06.03.2021 08:00;0.922;10.852;1.745
06.03.2021 09:00;0.922;9.909;1.328
06.03.2021 10:00;0.922;8.938;1.172
06.03.2021 11:00;0.922;8.001;1.094
06.03.2021 12:00;5.76;2.121;1.64
06.03.2021 13:00;1.605;5.443;1.458
06.03.2021 14:00;0.922;6.147;0.833
06.03.2021 15:00;0.922;5.93;0.729
06.03.2021 16:00;0.922;5.863;0.833
06.03.2021 17:00;1.605;5.154;1.458
06.03.2021 18:00;5.76;1.709;2.057
06.03.2021 19:00;7.126;0.871;2.083
06.03.2021 20:00;1.661;5.672;1.614
06.03.2021 21:00;1.662;0;1.172
06.03.2021 22:00;1.662;0;0.651
06.03.2021 23:00;0.979;0;0.495
07.03.2021 00:00;0.979;0;0.208
07.03.2021 01:00;0.979;0;0.104
07.03.2021 02:00;0.979;0;0.026
07.03.2021 03:00;0.98;0;0.026
07.03.2021 04:00;0.98;0;0.052
07.03.2021 05:00;1.663;0;0.99
07.03.2021 06:00;5.705;7.668;2.604
07.03.2021 07:00;1.606;10.98;2.109
07.03.2021 08:00;0.922;10.64;1.745
07.03.2021 09:00;0.922;9.327;1.328
07.03.2021 10:00;0.922;8.256;1.172
07.03.2021 11:00;0.922;7.295;1.094
07.03.2021 12:00;5.76;1.91;1.64
07.03.2021 13:00;1.605;5.066;1.458
07.03.2021 14:00;0.922;5.762;0.833
07.03.2021 15:00;0.922;5.716;0.729
07.03.2021 16:00;0.922;4.922;0.833
07.03.2021 17:00;1.605;4.227;1.458
07.03.2021 18:00;5.76;1.131;2.057
07.03.2021 19:00;7.126;0.201;2.083
07.03.2021 20:00;1.66;5.226;1.614
07.03.2021 21:00;1.662;0;1.172
07.03.2021 22:00;1.662;0;0.651
07.03.2021 23:00;0.979;0;0.495
08.03.2021 00:00;0.979;0;0.208
08.03.2021 01:00;0.979;0;0.104
08.03.2021 02:00;0.979;0;0.026
08.03.2021 03:00;0.979;0;0.026
08.03.2021 04:00;0.979;0;0.052
08.03.2021 05:00;1.663;0;0.99
08.03.2021 06:00;5.705;6.713;2.604
08.03.2021 07:00;1.606;10.262;2.109
08.03.2021 08:00;0.922;9.977;1.745
08.03.2021 09:00;0.922;8.269;1.328
08.03.2021 10:00;0.922;7.201;1.172
08.03.2021 11:00;0.922;6.756;1.094
08.03.2021 12:00;5.759;0.646;1.64
08.03.2021 13:00;1.605;4.065;1.458
08.03.2021 14:00;0.922;4.801;0.833
08.03.2021 15:00;0.922;4.524;0.729
08.03.2021 16:00;0.922;4.525;0.833
08.03.2021 17:00;1.605;4.297;1.458
08.03.2021 18:00;5.759;0.507;2.057
08.03.2021 19:00;7.126;0.219;2.083
08.03.2021 20:00;1.66;5.093;1.614
08.03.2021 21:00;1.661;0;1.172
08.03.2021 22:00;1.661;0;0.651
08.03.2021 23:00;0.978;0;0.495
09.03.2021 00:00;0.978;0;0.208
09.03.2021 01:00;0.978;0;0.104
09.03.2021 02:00;0.978;0;0.026
09.03.2021 03:00;0.978;0;0.026
09.03.2021 04:00;0.979;0;0.052
09.03.2021 05:00;1.662;0;0.99
09.03.2021 06:00;5.705;5.66;2.604
09.03.2021 07:00;1.606;8.931;2.109
09.03.2021 08:00;0.922;8.305;1.745
09.03.2021 09:00;0.922;7.572;1.328
09.03.2021 10:00;0.922;6.522;1.172
09.03.2021 11:00;0.922;5.516;1.094
09.03.2021 12:00;5.691;0;1.64
09.03.2021 13:00;1.605;3.151;1.458
09.03.2021 14:00;0.922;4.074;0.833
09.03.2021 15:00;0.922;3.875;0.729
09.03.2021 16:00;0.922;3.778;0.833
09.03.2021 17:00;1.605;3.314;1.458
09.03.2021 18:00;5.759;0.077;2.057
09.03.2021 19:00;7.059;0;2.083
09.03.2021 20:00;1.66;4.874;1.614
09.03.2021 21:00;1.662;0;1.172
09.03.2021 22:00;1.661;0;0.651
09.03.2021 23:00;0.978;0;0.495
10.03.2021 00:00;0.978;0;0.208
10.03.2021 01:00;0.978;0;0.104
10.03.2021 02:00;0.978;0;0.026
10.03.2021 03:00;0.979;0;0.026
10.03.2021 04:00;0.979;0;0.052
10.03.2021 05:00;1.662;0;0.99
10.03.2021 06:00;5.705;5.999;2.604
10.03.2021 07:00;1.606;9.171;2.109
10.03.2021 08:00;0.922;8.788;1.745
10.03.2021 09:00;0.922;7.556;1.328
10.03.2021 10:00;0.922;6.537;1.172
10.03.2021 11:00;0.922;5.557;1.094
10.03.2021 12:00;5.759;0.195;1.64
10.03.2021 13:00;1.605;3.793;1.458
10.03.2021 14:00;0.922;4.962;0.833
10.03.2021 15:00;0.922;4.739;0.729
10.03.2021 16:00;0.922;4.743;0.833
10.03.2021 17:00;1.605;4.098;1.458
10.03.2021 18:00;5.759;0.049;2.057
10.03.2021 19:00;7.058;0;2.083
10.03.2021 20:00;1.66;4.291;1.614
10.03.2021 21:00;1.661;0;1.172
10.03.2021 22:00;1.66;0;0.651
10.03.2021 23:00;0.977;0;0.495
11.03.2021 00:00;0.977;0;0.201
11.03.2021 01:00;0.977;0;0.223
11.03.2021 02:00;0.977;0;0.134
11.03.2021 03:00;0.977;0;0.045
11.03.2021 04:00;0.978;0;0.045
11.03.2021 05:00;1.661;0;0.268
11.03.2021 06:00;5.704;4.073;0.736
11.03.2021 07:00;1.605;7.474;1.249
11.03.2021 08:00;0.922;7.831;2.03
11.03.2021 09:00;0.922;6.918;2.008
11.03.2021 10:00;0.922;6.177;1.807
11.03.2021 11:00;0.922;5.466;1.941
11.03.2021 12:00;5.692;0;1.963
11.03.2021 13:00;1.605;3.618;1.562
11.03.2021 14:00;0.922;4.523;1.249
11.03.2021 15:00;0.922;4.381;0.982
11.03.2021 16:00;0.922;4.546;1.249
11.03.2021 17:00;1.605;3.9;1.606
11.03.2021 18:00;5.76;0.074;2.231
11.03.2021 19:00;7.059;0;1.762
11.03.2021 20:00;1.66;4.261;0.982
11.03.2021 21:00;1.661;0;0.959
11.03.2021 22:00;1.661;0;0.781
11.03.2021 23:00;0.978;0;0.469
12.03.2021 00:00;0.978;0;0.271
12.03.2021 01:00;0.978;0;0.197
12.03.2021 02:00;0.978;0;0.148
12.03.2021 03:00;0.979;0;0.049
12.03.2021 04:00;0.979;0;0.049
12.03.2021 05:00;1.662;0;0.148
12.03.2021 06:00;5.704;5.492;0.493
12.03.2021 07:00;1.605;8.923;1.01
12.03.2021 08:00;0.922;8.955;1.601
12.03.2021 09:00;0.922;7.814;2.119
12.03.2021 10:00;0.922;6.999;2.34
12.03.2021 11:00;0.923;6.732;2.463
12.03.2021 12:00;5.76;0.967;2.119
12.03.2021 13:00;1.605;4.577;1.823
12.03.2021 14:00;0.922;5.539;1.429
12.03.2021 15:00;0.922;5.405;1.256
12.03.2021 16:00;0.922;5.477;0.714
12.03.2021 17:00;1.605;4.175;1.355
12.03.2021 18:00;5.76;0.913;1.774
12.03.2021 19:00;7.059;0;1.921
12.03.2021 20:00;1.66;4.915;0.985
12.03.2021 21:00;1.662;0;0.911
12.03.2021 22:00;1.662;0;0.838
12.03.2021 23:00;0.979;0;0.468
13.03.2021 00:00;0.979;0;0.208
13.03.2021 01:00;0.979;0;0.104
13.03.2021 02:00;0.979;0;0.026
13.03.2021 03:00;0.979;0;0.026
13.03.2021 04:00;0.979;0;0.052
13.03.2021 05:00;1.663;0;0.99
13.03.2021 06:00;5.705;6.957;2.604
13.03.2021 07:00;1.606;10.497;2.109
13.03.2021 08:00;0.922;10.004;1.745
13.03.2021 09:00;0.922;8.761;1.328
13.03.2021 10:00;0.922;7.341;1.172
13.03.2021 11:00;0.922;7.119;1.094
13.03.2021 12:00;5.76;1.323;1.64
13.03.2021 13:00;1.605;4.698;1.458
13.03.2021 14:00;0.922;5.468;0.833
13.03.2021 15:00;0.922;5.396;0.729
13.03.2021 16:00;0.922;5.514;0.833
13.03.2021 17:00;1.605;4.993;1.458
13.03.2021 18:00;5.76;1.234;2.057
13.03.2021 19:00;7.126;0.491;2.083
13.03.2021 20:00;1.661;5.307;1.614
13.03.2021 21:00;1.662;0;1.172
13.03.2021 22:00;1.662;0;0.651
13.03.2021 23:00;0.979;0;0.495
14.03.2021 00:00;0.978;0;0.208
14.03.2021 01:00;0.978;0;0.104
14.03.2021 02:00;0.978;0;0.026
14.03.2021 03:00;0.978;0;0.026
14.03.2021 04:00;0.978;0;0.052
14.03.2021 05:00;1.662;0;0.99
14.03.2021 06:00;5.705;5.833;2.604
14.03.2021 07:00;1.606;9.284;2.109
14.03.2021 08:00;0.922;9.71;1.745
14.03.2021 09:00;0.922;8.9;1.328
14.03.2021 10:00;0.922;7.98;1.172
14.03.2021 11:00;0.922;7.392;1.094
14.03.2021 12:00;5.76;1.853;1.64
14.03.2021 13:00;1.605;5.353;1.458
14.03.2021 14:00;0.922;6.223;0.833
14.03.2021 15:00;0.922;5.92;0.729
14.03.2021 16:00;0.922;5.834;0.833
14.03.2021 17:00;1.605;5.203;1.458
14.03.2021 18:00;5.76;1.42;2.057
14.03.2021 19:00;7.126;0.415;2.083
14.03.2021 20:00;1.661;5.174;1.614
14.03.2021 21:00;1.662;0;1.172
14.03.2021 22:00;1.662;0;0.651
14.03.2021 23:00;0.979;0;0.495
15.03.2021 00:00;0.979;0;0.208
15.03.2021 01:00;0.979;0;0.104
15.03.2021 02:00;0.979;0;0.026
15.03.2021 03:00;0.979;0;0.026
15.03.2021 04:00;0.979;0;0.052
15.03.2021 05:00;1.663;0;0.99
15.03.2021 06:00;5.705;6.258;2.604
15.03.2021 07:00;1.606;9.744;2.109
15.03.2021 08:00;0.922;10.045;1.745
15.03.2021 09:00;0.922;9.101;1.328
15.03.2021 10:00;0.922;8.269;1.172
15.03.2021 11:00;0.922;7.519;1.094
15.03.2021 12:00;5.76;1.86;1.64
15.03.2021 13:00;1.605;5.375;1.458
15.03.2021 14:00;0.922;5.966;0.833
15.03.2021 15:00;0.922;5.648;0.729
15.03.2021 16:00;0.922;5.661;0.833
15.03.2021 17:00;1.605;4.812;1.458
15.03.2021 18:00;5.76;1.175;2.057
15.03.2021 19:00;7.126;0.142;2.083
15.03.2021 20:00;1.66;4.907;1.614
15.03.2021 21:00;1.662;0;1.172
15.03.2021 22:00;1.661;0;0.651
15.03.2021 23:00;0.978;0;0.495
16.03.2021 00:00;0.978;0;0.208
16.03.2021 01:00;0.978;0;0.104
16.03.2021 02:00;0.978;0;0.026
16.03.2021 03:00;0.978;0;0.026
16.03.2021 04:00;0.978;0;0.052
16.03.2021 05:00;1.662;0;0.99
16.03.2021 06:00;5.705;4.631;2.604
16.03.2021 07:00;1.606;8.38;2.109
16.03.2021 08:00;0.922;8.766;1.745
16.03.2021 09:00;0.922;7.295;1.328
16.03.2021 10:00;0.922;6.318;1.172
16.03.2021 11:00;0.922;5.535;1.094
16.03.2021 12:00;5.691;0;1.64
16.03.2021 13:00;1.605;3.496;1.458
16.03.2021 14:00;0.922;4.352;0.833
16.03.2021 15:00;0.922;4.219;0.729
16.03.2021 16:00;0.922;4.352;0.833
16.03.2021 17:00;1.605;3.61;1.458
16.03.2021 18:00;5.759;0.136;2.057
16.03.2021 19:00;7.058;0;2.083
16.03.2021 20:00;1.661;4.935;1.614
16.03.2021 21:00;1.662;0;1.172
16.03.2021 22:00;1.661;0;0.651
16.03.2021 23:00;0.978;0;0.495
17.03.2021 00:00;0.978;0;0.208
17.03.2021 01:00;0.978;0;0.104
17.03.2021 02:00;0.978;0;0.026
17.03.2021 03:00;0.978;0;0.026
17.03.2021 04:00;0.979;0;0.052
17.03.2021 05:00;1.662;0;0.99
17.03.2021 06:00;5.705;5.227;2.604
17.03.2021 07:00;1.606;8.658;2.109
17.03.2021 08:00;0.922;8.621;1.745
17.03.2021 09:00;0.922;7.225;1.328
17.03.2021 10:00;0.922;6.233;1.172
17.03.2021 11:00;0.922;5.091;1.094
17.03.2021 12:00;5.691;0;1.64
17.03.2021 13:00;1.605;2.595;1.458
17.03.2021 14:00;0.922;3.175;0.833
17.03.2021 15:00;0.922;3.023;0.729
17.03.2021 16:00;0.922;3.017;0.833
17.03.2021 17:00;1.605;2.443;1.458
17.03.2021 18:00;5.691;0;2.057
17.03.2021 19:00;7.059;0;2.083
17.03.2021 20:00;1.66;4.432;1.614
17.03.2021 21:00;1.661;0;1.172
17.03.2021 22:00;1.661;0;0.651
17.03.2021 23:00;0.978;0;0.495
18.03.2021 00:00;0.978;0;0.201
18.03.2021 01:00;0.978;0;0.223
18.03.2021 02:00;0.978;0;0.134
18.03.2021 03:00;0.978;0;0.045
18.03.2021 04:00;0.978;0;0.045
18.03.2021 05:00;1.662;0;0.268
18.03.2021 06:00;5.704;5.129;0.736
18.03.2021 07:00;1.605;8.303;1.249
18.03.2021 08:00;0.922;7.788;2.03
18.03.2021 09:00;0.922;6.047;2.008
18.03.2021 10:00;0.922;5.011;1.807
18.03.2021 11:00;0.922;4.328;1.941
18.03.2021 12:00;5.691;0;1.963
18.03.2021 13:00;1.605;1.946;1.562
18.03.2021 14:00;0.922;2.932;1.249
18.03.2021 15:00;0.922;2.648;0.982
18.03.2021 16:00;0.922;2.796;1.249
18.03.2021 17:00;1.605;2.224;1.606
18.03.2021 18:00;5.691;0;2.231
18.03.2021 19:00;7.058;0;1.762
18.03.2021 20:00;1.66;3.572;0.982
18.03.2021 21:00;1.661;0;0.959
18.03.2021 22:00;1.66;0;0.781
18.03.2021 23:00;0.978;0;0.469
19.03.2021 00:00;0.978;0;0.271
19.03.2021 01:00;0.978;0;0.197
19.03.2021 02:00;0.978;0;0.148
19.03.2021 03:00;0.978;0;0.049
19.03.2021 04:00;0.978;0;0.049
19.03.2021 05:00;1.662;0;0.148
19.03.2021 06:00;5.704;4.378;0.493
19.03.2021 07:00;1.605;7.401;1.01
19.03.2021 08:00;0.922;6.789;1.601
19.03.2021 09:00;0.922;6.041;2.119
19.03.2021 10:00;0.922;5.217;2.34
19.03.2021 11:00;0.923;4.262;2.463
19.03.2021 12:00;5.691;0;2.119
19.03.2021 13:00;1.605;2.085;1.823
19.03.2021 14:00;0.922;3.01;1.429
19.03.2021 15:00;0.922;2.844;1.256
19.03.2021 16:00;0.922;2.996;0.714
19.03.2021 17:00;1.605;2.365;1.355
19.03.2021 18:00;5.692;0;1.774
19.03.2021 19:00;7.058;0;1.921
19.03.2021 20:00;1.66;3.108;0.985
19.03.2021 21:00;1.661;0;0.911
19.03.2021 22:00;1.661;0;0.838
19.03.2021 23:00;0.978;0;0.468
20.03.2021 00:00;0.978;0;0.208
20.03.2021 01:00;0.978;0;0.104
20.03.2021 02:00;0.978;0;0.026
20.03.2021 03:00;0.978;0;0.026
20.03.2021 04:00;0.978;0;0.052
20.03.2021 05:00;1.661;0;0.99
20.03.2021 06:00;5.705;3.786;2.604
20.03.2021 07:00;1.606;6.858;2.109
20.03.2021 08:00;0.922;7.025;1.745
20.03.2021 09:00;0.922;6.111;1.328
20.03.2021 10:00;0.922;5.789;1.172
20.03.2021 11:00;0.922;4.724;1.094
20.03.2021 12:00;5.692;0;1.64
20.03.2021 13:00;1.605;2.865;1.458
20.03.2021 14:00;0.922;3.688;0.833
20.03.2021 15:00;0.922;3.503;0.729
20.03.2021 16:00;0.922;3.519;0.833
20.03.2021 17:00;1.605;2.933;1.458
20.03.2021 18:00;5.692;0;2.057
20.03.2021 19:00;7.058;0;2.083
20.03.2021 20:00;1.66;3.238;1.614
20.03.2021 21:00;1.661;0;1.172
20.03.2021 22:00;1.66;0;0.651
20.03.2021 23:00;0.978;0;0.495
21.03.2021 00:00;0.977;0;0.208
21.03.2021 01:00;0.978;0;0.104
21.03.2021 02:00;0.977;0;0.026
21.03.2021 03:00;0.977;0;0.026
21.03.2021 04:00;0.977;0;0.052
21.03.2021 05:00;1.661;0;0.99
21.03.2021 06:00;5.705;2.451;2.604
21.03.2021 07:00;1.606;5.857;2.109
21.03.2021 08:00;0.922;6.591;1.745
21.03.2021 09:00;0.922;6.417;1.328
21.03.2021 10:00;0.922;5.897;1.172
21.03.2021 11:00;0.922;5.757;1.094
21.03.2021 12:00;5.76;0.693;1.64
21.03.2021 13:00;1.605;4.679;1.458
21.03.2021 14:00;0.922;5.343;0.833
21.03.2021 15:00;0.922;5.424;0.729
21.03.2021 16:00;0.922;5.602;0.833
21.03.2021 17:00;1.605;4.605;1.458
21.03.2021 18:00;5.76;0.797;2.057
21.03.2021 19:00;7.059;0;2.083
21.03.2021 20:00;1.661;4.506;1.614
21.03.2021 21:00;1.662;0;1.172
21.03.2021 22:00;1.661;0;0.651
21.03.2021 23:00;0.978;0;0.495
22.03.2021 00:00;0.978;0;0.208
22.03.2021 01:00;0.978;0;0.104
22.03.2021 02:00;0.978;0;0.026
22.03.2021 03:00;0.978;0;0.026
22.03.2021 04:00;0.978;0;0.052
22.03.2021 05:00;1.662;0;0.99
22.03.2021 06:00;5.705;4.61;2.604
22.03.2021 07:00;1.606;8.105;2.109
22.03.2021 08:00;0.922;8.849;1.745
22.03.2021 09:00;0.922;8.439;1.328
22.03.2021 10:00;0.922;8.051;1.172
22.03.2021 11:00;0.922;7.668;1.094
22.03.2021 12:00;5.76;2.025;1.64
22.03.2021 13:00;1.605;5.224;1.458
22.03.2021 14:00;0.922;5.994;0.833
22.03.2021 15:00;0.922;5.76;0.729
22.03.2021 16:00;0.922;5.627;0.833
22.03.2021 17:00;1.605;4.769;1.458
22.03.2021 18:00;5.76;1.058;2.057
22.03.2021 19:00;7.126;0.049;2.083
22.03.2021 20:00;1.661;5.022;1.614
22.03.2021 21:00;1.662;0;1.172
22.03.2021 22:00;1.662;0;0.651
22.03.2021 23:00;0.978;0;0.495
23.03.2021 00:00;0.978;0;0.208
23.03.2021 01:00;0.978;0;0.104
23.03.2021 02:00;0.978;0;0.026
23.03.2021 03:00;0.978;0;0.026
23.03.2021 04:00;0.979;0;0.052
23.03.2021 05:00;1.662;0;0.99
23.03.2021 06:00;5.705;5.857;2.604
23.03.2021 07:00;1.606;8.901;2.109
23.03.2021 08:00;0.922;8.983;1.745
23.03.2021 09:00;0.922;7.966;1.328
23.03.2021 10:00;0.922;7.093;1.172
23.03.2021 11:00;0.922;5.886;1.094
23.03.2021 12:00;5.759;0.05;1.64
23.03.2021 13:00;1.605;3.355;1.458
23.03.2021 14:00;0.922;4.031;0.833
23.03.2021 15:00;0.922;3.752;0.729
23.03.2021 16:00;0.922;3.678;0.833
23.03.2021 17:00;1.605;3.244;1.458
23.03.2021 18:00;5.759;0.116;2.057
23.03.2021 19:00;7.058;0;2.083
23.03.2021 20:00;1.66;4.402;1.614
23.03.2021 21:00;1.661;0;1.172
23.03.2021 22:00;1.661;0;0.651
23.03.2021 23:00;0.978;0;0.495
24.03.2021 00:00;0.978;0;0.208
24.03.2021 01:00;0.978;0;0.104
24.03.2021 02:00;0.978;0;0.026
24.03.2021 03:00;0.979;0;0.026
24.03.2021 04:00;0.979;0;0.052
24.03.2021 05:00;1.662;0;0.99
24.03.2021 06:00;5.705;5.183;2.604
24.03.2021 07:00;1.606;8.407;2.109
24.03.2021 08:00;0.922;8.056;1.745
24.03.2021 09:00;0.922;6.627;1.328
24.03.2021 10:00;0.922;5.74;1.172
24.03.2021 11:00;0.922;4.813;1.094
24.03.2021 12:00;5.691;0;1.64
24.03.2021 13:00;1.605;2.652;1.458
24.03.2021 14:00;0.922;3.544;0.833
24.03.2021 15:00;0.922;3.256;0.729
24.03.2021 16:00;0.922;3.401;0.833
24.03.2021 17:00;1.605;2.791;1.458
24.03.2021 18:00;5.691;0;2.057
24.03.2021 19:00;7.058;0;2.083
24.03.2021 20:00;1.66;3.384;1.614
24.03.2021 21:00;1.661;0;1.172
24.03.2021 22:00;1.661;0;0.651
24.03.2021 23:00;0.977;0;0.495
25.03.2021 00:00;0.978;0;0.201
25.03.2021 01:00;0.978;0;0.223
25.03.2021 02:00;0.977;0;0.134
25.03.2021 03:00;0.977;0;0.045
25.03.2021 04:00;0.978;0;0.045
25.03.2021 05:00;1.661;0;0.268
25.03.2021 06:00;5.704;3.396;0.736
25.03.2021 07:00;1.605;6.551;1.249
25.03.2021 08:00;0.922;7.275;2.03
25.03.2021 09:00;0.922;6.974;2.008
25.03.2021 10:00;0.922;6.704;1.807
25.03.2021 11:00;0.922;6.502;1.941
25.03.2021 12:00;5.76;1.314;1.963
25.03.2021 13:00;1.605;5.097;1.562
25.03.2021 14:00;0.922;6.59;1.249
25.03.2021 15:00;0.922;6.721;0.982
25.03.2021 16:00;0.922;6.493;1.249
25.03.2021 17:00;1.605;5.36;1.606
25.03.2021 18:00;5.76;1.592;2.231
25.03.2021 19:00;7.126;0.548;1.762
25.03.2021 20:00;1.661;5.383;0.982
25.03.2021 21:00;1.662;0;0.959
25.03.2021 22:00;1.662;0;0.781
25.03.2021 23:00;0.979;0;0.469
26.03.2021 00:00;0.979;0;0.271
26.03.2021 01:00;0.979;0;0.197
26.03.2021 02:00;0.979;0;0.148
26.03.2021 03:00;0.978;0;0.049
26.03.2021 04:00;0.978;0;0.049
26.03.2021 05:00;1.662;0;0.148
26.03.2021 06:00;5.704;5.08;0.493
26.03.2021 07:00;1.605;8.371;1.01
26.03.2021 08:00;0.922;8.986;1.601
26.03.2021 09:00;0.922;8.367;2.119
26.03.2021 10:00;0.922;7.855;2.34
26.03.2021 11:00;0.923;7.389;2.463
26.03.2021 12:00;5.76;2.032;2.119
26.03.2021 13:00;1.605;5.927;1.823
26.03.2021 14:00;0.922;6.605;1.429
26.03.2021 15:00;0.922;6.32;1.256
26.03.2021 16:00;0.922;6.659;0.714
26.03.2021 17:00;1.605;5.063;1.355
26.03.2021 18:00;5.76;1.187;1.774
26.03.2021 19:00;7.126;0.123;1.921
26.03.2021 20:00;1.66;4.801;0.985
26.03.2021 21:00;1.661;0;0.911
26.03.2021 22:00;1.661;0;0.838
26.03.2021 23:00;0.978;0;0.468
27.03.2021 00:00;0.978;0;0.208
27.03.2021 01:00;0.978;0;0.104
27.03.2021 02:00;0.978;0;0.026
27.03.2021 03:00;0.978;0;0.026
27.03.2021 04:00;0.978;0;0.052
27.03.2021 05:00;1.662;0;0.99
27.03.2021 06:00;5.705;4.317;2.604
27.03.2021 07:00;1.606;7.509;2.109
27.03.2021 08:00;0.922;7.788;1.745
27.03.2021 09:00;0.922;7.045;1.328
27.03.2021 10:00;0.922;6.864;1.172
27.03.2021 11:00;0.922;6.161;1.094
27.03.2021 12:00;5.759;0.785;1.64
27.03.2021 13:00;1.605;4.24;1.458
27.03.2021 14:00;0.922;5.2;0.833
27.03.2021 15:00;0.922;5.001;0.729
27.03.2021 16:00;0.922;5.227;0.833
27.03.2021 17:00;1.605;4.18;1.458
27.03.2021 18:00;5.76;0.408;2.057
27.03.2021 19:00;7.059;0;2.083
27.03.2021 20:00;1.66;4.536;1.614
27.03.2021 21:00;1.662;0;1.172
27.03.2021 22:00;1.661;0;0.651
27.03.2021 23:00;0.979;0;0.495
28.03.2021 00:00;0.979;0;0.208
28.03.2021 01:00;0.979;0;0.104
28.03.2021 02:00;0.979;0;0.026
28.03.2021 03:00;0.979;0;0.026
28.03.2021 04:00;0.979;0;0.052
28.03.2021 05:00;1.663;0;0.99
28.03.2021 06:00;5.705;6.319;2.604
28.03.2021 07:00;1.606;9.016;2.109
28.03.2021 08:00;0.922;8.663;1.745
28.03.2021 09:00;0.922;8.071;1.328
28.03.2021 10:00;0.922;7.09;1.172
28.03.2021 11:00;0.922;6.392;1.094
28.03.2021 12:00;5.759;0.713;1.64
28.03.2021 13:00;1.605;4.962;1.458
28.03.2021 14:00;0.922;5.535;0.833
28.03.2021 15:00;0.922;5.433;0.729
28.03.2021 16:00;0.922;6.097;0.833
28.03.2021 17:00;1.605;4.907;1.458
28.03.2021 18:00;5.76;0.617;2.057
28.03.2021 19:00;7.058;0;2.083
28.03.2021 20:00;1.66;4.201;1.614
28.03.2021 21:00;1.661;0;1.172
28.03.2021 22:00;1.661;0;0.651
28.03.2021 23:00;0.978;0;0.495
29.03.2021 00:00;0.977;0;0.208
29.03.2021 01:00;0.977;0;0.104
29.03.2021 02:00;0.978;0;0.026
29.03.2021 03:00;0.978;0;0.026
29.03.2021 04:00;0.978;0;0.052
29.03.2021 05:00;1.661;0;0.99
29.03.2021 06:00;5.705;2.806;2.604
29.03.2021 07:00;1.606;6.146;2.109
29.03.2021 08:00;0.922;6.608;1.745
29.03.2021 09:00;0.922;6.787;1.328
29.03.2021 10:00;0.922;6.47;1.172
29.03.2021 11:00;0.922;6.478;1.094
29.03.2021 12:00;5.76;1.316;1.64
29.03.2021 13:00;1.605;5.158;1.458
29.03.2021 14:00;0.922;6.221;0.833
29.03.2021 15:00;0.922;6.149;0.729
29.03.2021 16:00;0.922;5.843;0.833
29.03.2021 17:00;1.605;4.741;1.458
29.03.2021 18:00;5.76;0.717;2.057
29.03.2021 19:00;7.059;0;2.083
29.03.2021 20:00;1.66;4.171;1.614
29.03.2021 21:00;1.661;0;1.172
29.03.2021 22:00;1.661;0;0.651
29.03.2021 23:00;0.978;0;0.495
30.03.2021 00:00;0.977;0;0.208
30.03.2021 01:00;0.977;0;0.104
30.03.2021 02:00;0.977;0;0.026
30.03.2021 03:00;0.977;0;0.026
30.03.2021 04:00;0.977;0;0.052
30.03.2021 05:00;1.661;0;0.99
30.03.2021 06:00;5.705;2.943;2.604
30.03.2021 07:00;1.606;6.495;2.109
30.03.2021 08:00;0.922;7.262;1.745
30.03.2021 09:00;0.922;6.853;1.328
30.03.2021 10:00;0.922;6.423;1.172
30.03.2021 11:00;0.922;5.894;1.094
30.03.2021 12:00;5.759;0.24;1.64
30.03.2021 13:00;1.605;4.093;1.458
30.03.2021 14:00;0.922;5.147;0.833
30.03.2021 15:00;0.922;5.116;0.729
30.03.2021 16:00;0.922;4.995;0.833
30.03.2021 17:00;1.605;3.877;1.458
30.03.2021 18:00;5.692;0;2.057
30.03.2021 19:00;7.058;0;2.083
30.03.2021 20:00;1.66;3.752;1.614
30.03.2021 21:00;1.661;0;1.172
30.03.2021 22:00;1.661;0;0.651
30.03.2021 23:00;0.977;0;0.495
31.03.2021 00:00;0.977;0;0.208
31.03.2021 01:00;0.977;0;0.104
31.03.2021 02:00;0.977;0;0.026
31.03.2021 03:00;0.976;0;0.026
31.03.2021 04:00;0.977;0;0.052
31.03.2021 05:00;1.66;0;0.99
31.03.2021 06:00;5.705;1.493;2.604
31.03.2021 07:00;1.606;4.843;2.109
31.03.2021 08:00;0.922;5.534;1.745
31.03.2021 09:00;0.922;5.085;1.328
31.03.2021 10:00;0.922;4.98;1.172
31.03.2021 11:00;0.922;5.059;1.094
31.03.2021 12:00;5.691;0;1.64
31.03.2021 13:00;1.605;3.281;1.458
31.03.2021 14:00;0.922;4.028;0.833
31.03.2021 15:00;0.922;4.891;0.729
31.03.2021 16:00;0.922;4.871;0.833
31.03.2021 17:00;1.605;3.396;1.458
31.03.2021 18:00;5.76;0.119;2.057
31.03.2021 19:00;7.058;0;2.083
31.03.2021 20:00;1.66;3.683;1.614
31.03.2021 21:00;1.661;0;1.172
31.03.2021 22:00;1.66;0;0.651
31.03.2021 23:00;0.977;0;0.495
01.04.2021 00:00;0.977;0;0.201
01.04.2021 01:00;0.977;0;0.223
01.04.2021 02:00;0.977;0;0.134
01.04.2021 03:00;0.977;0;0.045
01.04.2021 04:00;0.977;0;0.045
01.04.2021 05:00;1.66;0;0.268
01.04.2021 06:00;5.704;2.152;0.736
01.04.2021 07:00;1.605;5.229;1.249
01.04.2021 08:00;0.922;5.919;2.03
01.04.2021 09:00;0.922;5.492;2.008
01.04.2021 10:00;0.922;4.583;1.807
01.04.2021 11:00;0.922;4.311;1.941
01.04.2021 12:00;5.692;0;1.963
01.04.2021 13:00;1.605;3.283;1.562
01.04.2021 14:00;0.922;3.992;1.249
01.04.2021 15:00;0.922;4.022;0.982
01.04.2021 16:00;0.922;4.153;1.249
01.04.2021 17:00;1.605;3.165;1.606
01.04.2021 18:00;5.692;0;2.231
01.04.2021 19:00;7.058;0;1.762
01.04.2021 20:00;1.66;3.408;0.982
01.04.2021 21:00;1.661;0;0.959
01.04.2021 22:00;1.661;0;0.781
01.04.2021 23:00;0.978;0;0.469
02.04.2021 00:00;0.978;0;0.271
02.04.2021 01:00;0.978;0;0.197
02.04.2021 02:00;0.978;0;0.148
02.04.2021 03:00;0.978;0;0.049
02.04.2021 04:00;0.978;0;0.049
02.04.2021 05:00;1.661;0;0.148
02.04.2021 06:00;5.704;3.176;0.493
02.04.2021 07:00;1.605;6.453;1.01
02.04.2021 08:00;0.922;7.059;1.601
02.04.2021 09:00;0.922;6.667;2.119
02.04.2021 10:00;0.922;5.987;2.34
02.04.2021 11:00;0.923;5.168;2.463
02.04.2021 12:00;5.692;0;2.119
02.04.2021 13:00;1.605;3.395;1.823
02.04.2021 14:00;0.922;4.426;1.429
02.04.2021 15:00;0.922;4.311;1.256
02.04.2021 16:00;0.922;4.328;0.714
02.04.2021 17:00;1.605;3.337;1.355
02.04.2021 18:00;5.692;0;1.774
02.04.2021 19:00;7.058;0;1.921
02.04.2021 20:00;1.66;3.654;0.985
02.04.2021 21:00;1.661;0;0.911
02.04.2021 22:00;1.66;0;0.838
02.04.2021 23:00;0.977;0;0.468
03.04.2021 00:00;0.977;0;0.208
03.04.2021 01:00;0.977;0;0.104
03.04.2021 02:00;0.977;0;0.026
03.04.2021 03:00;0.977;0;0.026
03.04.2021 04:00;0.977;0;0.052
03.04.2021 05:00;1.661;0;0.99
03.04.2021 06:00;5.705;2.76;2.604
03.04.2021 07:00;1.606;5.778;2.109
03.04.2021 08:00;0.922;5.857;1.745
03.04.2021 09:00;0.922;5.063;1.328
03.04.2021 10:00;0.922;4.488;1.172
03.04.2021 11:00;0.922;3.678;1.094
03.04.2021 12:00;5.691;0;1.64
03.04.2021 13:00;1.605;1.486;1.458
03.04.2021 14:00;0.922;2.381;0.833
03.04.2021 15:00;0.922;2.143;0.729
03.04.2021 16:00;0.922;2.131;0.833
03.04.2021 17:00;1.605;1.334;1.458
03.04.2021 18:00;5.691;0;2.057
03.04.2021 19:00;7.058;0;2.083
03.04.2021 20:00;1.66;1.913;1.614
03.04.2021 21:00;1.66;0;1.172
03.04.2021 22:00;1.66;0;0.651
03.04.2021 23:00;0.977;0;0.495
04.04.2021 00:00;0.977;0;0.208
04.04.2021 01:00;0.978;0;0.104
04.04.2021 02:00;0.978;0;0.026
04.04.2021 03:00;0.977;0;0.026
04.04.2021 04:00;0.977;0;0.052
04.04.2021 05:00;1.661;0;0.99
04.04.2021 06:00;5.705;1.921;2.604
04.04.2021 07:00;1.606;4.812;2.109
04.04.2021 08:00;0.922;5.069;1.745
04.04.2021 09:00;0.922;4.569;1.328
04.04.2021 10:00;0.922;4.245;1.172
04.04.2021 11:00;0.922;3.224;1.094
04.04.2021 12:00;5.691;0;1.64
04.04.2021 13:00;1.605;1.556;1.458
04.04.2021 14:00;0.922;2.401;0.833
04.04.2021 15:00;0.922;2.61;0.729
04.04.2021 16:00;0.922;2.321;0.833
04.04.2021 17:00;1.605;1.935;1.458
04.04.2021 18:00;5.692;0;2.057
04.04.2021 19:00;7.058;0;2.083
04.04.2021 20:00;1.66;2.576;1.614
04.04.2021 21:00;1.66;0;1.172
04.04.2021 22:00;1.66;0;0.651
04.04.2021 23:00;0.977;0;0.495
05.04.2021 00:00;0.977;0;0.208
05.04.2021 01:00;0.977;0;0.104
05.04.2021 02:00;0.977;0;0.026
05.04.2021 03:00;0.977;0;0.026
05.04.2021 04:00;0.977;0;0.052
05.04.2021 05:00;1.661;0;0.99
05.04.2021 06:00;5.705;2.243;2.604
05.04.2021 07:00;1.606;5.797;2.109
05.04.2021 08:00;0.922;6.155;1.745
05.04.2021 09:00;0.922;5.644;1.328
05.04.2021 10:00;0.922;5.008;1.172
05.04.2021 11:00;0.922;4.404;1.094
05.04.2021 12:00;5.691;0;1.64
05.04.2021 13:00;1.605;2.522;1.458
05.04.2021 14:00;0.922;3.489;0.833
05.04.2021 15:00;0.922;3.756;0.729
05.04.2021 16:00;0.922;3.437;0.833
05.04.2021 17:00;1.605;2.448;1.458
05.04.2021 18:00;5.692;0;2.057
05.04.2021 19:00;7.059;0;2.083
05.04.2021 20:00;1.66;3.029;1.614
05.04.2021 21:00;1.661;0;1.172
05.04.2021 22:00;1.661;0;0.651
05.04.2021 23:00;0.978;0;0.495
06.04.2021 00:00;0.978;0;0.208
06.04.2021 01:00;0.978;0;0.104
06.04.2021 02:00;0.978;0;0.026
06.04.2021 03:00;0.978;0;0.026
06.04.2021 04:00;0.978;0;0.052
06.04.2021 05:00;1.662;0;0.99
06.04.2021 06:00;5.705;3.549;2.604
06.04.2021 07:00;1.606;6.259;2.109
06.04.2021 08:00;0.922;7.199;1.745
06.04.2021 09:00;0.922;6.576;1.328
06.04.2021 10:00;0.922;5.81;1.172
06.04.2021 11:00;0.922;5.177;1.094
06.04.2021 12:00;5.692;0;1.64
06.04.2021 13:00;1.605;3.367;1.458
06.04.2021 14:00;0.922;4.195;0.833
06.04.2021 15:00;0.922;3.924;0.729
06.04.2021 16:00;0.922;3.863;0.833
06.04.2021 17:00;1.605;3.022;1.458
06.04.2021 18:00;5.692;0;2.057
06.04.2021 19:00;7.059;0;2.083
06.04.2021 20:00;1.66;3.996;1.614
06.04.2021 21:00;1.661;0;1.172
06.04.2021 22:00;1.661;0;0.651
06.04.2021 23:00;0.978;0;0.495
07.04.2021 00:00;0.978;0;0.208
07.04.2021 01:00;0.978;0;0.104
07.04.2021 02:00;0.978;0;0.026
07.04.2021 03:00;0.978;0;0.026
07.04.2021 04:00;0.978;0;0.052
07.04.2021 05:00;1.662;0;0.99
07.04.2021 06:00;5.705;4.134;2.604
07.04.2021 07:00;1.606;7.156;2.109
07.04.2021 08:00;0.922;7.549;1.745
07.04.2021 09:00;0.922;6.362;1.328
07.04.2021 10:00;0.922;5.429;1.172
07.04.2021 11:00;0.922;4.222;1.094
07.04.2021 12:00;5.691;0;1.64
07.04.2021 13:00;1.605;1.667;1.458
07.04.2021 14:00;0.922;2.344;0.833
07.04.2021 15:00;0.922;1.867;0.729
07.04.2021 16:00;0.922;1.727;0.833
07.04.2021 17:00;1.605;0.896;1.458
07.04.2021 18:00;5.691;0;2.057
07.04.2021 19:00;7.058;0;2.083
07.04.2021 20:00;1.66;2.924;1.614
07.04.2021 21:00;1.66;0;1.172
07.04.2021 22:00;1.66;0;0.651
07.04.2021 23:00;0.977;0;0.495
08.04.2021 00:00;0.977;0;0.201
08.04.2021 01:00;0.977;0;0.223
08.04.2021 02:00;0.977;0;0.134
08.04.2021 03:00;0.978;0;0.045
08.04.2021 04:00;0.978;0;0.045
08.04.2021 05:00;1.661;0;0.268
08.04.2021 06:00;5.704;2.596;0.736
08.04.2021 07:00;1.605;5.261;1.249
08.04.2021 08:00;0.922;5.324;2.03
08.04.2021 09:00;0.922;4.353;2.008
08.04.2021 10:00;0.922;3.532;1.807
08.04.2021 11:00;0.922;2.663;1.941
08.04.2021 12:00;5.691;0;1.963
08.04.2021 13:00;1.538;0;1.562
08.04.2021 14:00;0.922;0.843;1.249
08.04.2021 15:00;0.922;0.611;0.982
08.04.2021 16:00;0.922;0.514;1.249
08.04.2021 17:00;1.538;0;1.606
08.04.2021 18:00;5.691;0;2.231
08.04.2021 19:00;7.057;0;1.762
08.04.2021 20:00;1.66;2.16;0.982
08.04.2021 21:00;1.66;0;0.959
08.04.2021 22:00;1.66;0;0.781
08.04.2021 23:00;0.977;0;0.469
09.04.2021 00:00;0.977;0;0.271
09.04.2021 01:00;0.977;0;0.197
09.04.2021 02:00;0.977;0;0.148
09.04.2021 03:00;0.978;0;0.049
09.04.2021 04:00;0.978;0;0.049
09.04.2021 05:00;1.661;0;0.148
09.04.2021 06:00;5.704;2.005;0.493
09.04.2021 07:00;1.605;4.565;1.01
09.04.2021 08:00;0.922;3.6;1.601
09.04.2021 09:00;0.922;2.747;2.119
09.04.2021 10:00;0.922;2.053;2.34
09.04.2021 11:00;0.923;1.336;2.463
09.04.2021 12:00;5.69;0;2.119
09.04.2021 13:00;1.538;0;1.823
09.04.2021 14:00;0.855;0;1.429
09.04.2021 15:00;0.854;0;1.256
09.04.2021 16:00;0.854;0;0.714
09.04.2021 17:00;1.538;0;1.355
09.04.2021 18:00;5.691;0;1.774
09.04.2021 19:00;7.058;0;1.921
09.04.2021 20:00;1.659;0.465;0.985
09.04.2021 21:00;1.66;0;0.911
09.04.2021 22:00;1.66;0;0.838
09.04.2021 23:00;0.976;0;0.468
10.04.2021 00:00;0.977;0;0.208
10.04.2021 01:00;0.977;0;0.104
10.04.2021 02:00;0.977;0;0.026
10.04.2021 03:00;0.977;0;0.026
10.04.2021 04:00;0.977;0;0.052
10.04.2021 05:00;1.661;0;0.99
10.04.2021 06:00;5.637;0;2.604
10.04.2021 07:00;1.606;2.505;2.109
10.04.2021 08:00;0.922;2.611;1.745
10.04.2021 09:00;0.922;1.745;1.328
10.04.2021 10:00;0.922;1.307;1.172
10.04.2021 11:00;0.922;0.702;1.094
10.04.2021 12:00;5.69;0;1.64
10.04.2021 13:00;1.538;0;1.458
10.04.2021 14:00;0.854;0;0.833
10.04.2021 15:00;0.854;0;0.729
10.04.2021 16:00;0.854;0;0.833
10.04.2021 17:00;1.538;0;1.458
10.04.2021 18:00;5.691;0;2.057
10.04.2021 19:00;7.057;0;2.083
10.04.2021 20:00;1.66;0.789;1.614
10.04.2021 21:00;1.66;0;1.172
10.04.2021 22:00;1.66;0;0.651
10.04.2021 23:00;0.977;0;0.495
11.04.2021 00:00;0.976;0;0.208
11.04.2021 01:00;0.977;0;0.104
11.04.2021 02:00;0.977;0;0.026
11.04.2021 03:00;0.977;0;0.026
11.04.2021 04:00;0.977;0;0.052
11.04.2021 05:00;1.661;0;0.99
11.04.2021 06:00;5.705;0.077;2.604
11.04.2021 07:00;1.606;3.404;2.109
11.04.2021 08:00;0.922;4.655;1.745
11.04.2021 09:00;0.922;4.412;1.328
11.04.2021 10:00;0.922;3.739;1.172
11.04.2021 11:00;0.922;3.248;1.094
11.04.2021 12:00;5.691;0;1.64
11.04.2021 13:00;1.605;1.525;1.458
11.04.2021 14:00;0.922;2.253;0.833
11.04.2021 15:00;0.922;2.221;0.729
11.04.2021 16:00;0.922;2.273;0.833
11.04.2021 17:00;1.605;1.362;1.458
11.04.2021 18:00;5.692;0;2.057
11.04.2021 19:00;7.058;0;2.083
11.04.2021 20:00;1.66;2.57;1.614
11.04.2021 21:00;1.661;0;1.172
11.04.2021 22:00;1.661;0;0.651
11.04.2021 23:00;0.978;0;0.495
12.04.2021 00:00;0.978;0;0.208
12.04.2021 01:00;0.978;0;0.104
12.04.2021 02:00;0.978;0;0.026
12.04.2021 03:00;0.978;0;0.026
12.04.2021 04:00;0.978;0;0.052
12.04.2021 05:00;1.662;0;0.99
12.04.2021 06:00;5.705;2.869;2.604
12.04.2021 07:00;1.606;5.386;2.109
12.04.2021 08:00;0.922;5.305;1.745
12.04.2021 09:00;0.922;4.378;1.328
12.04.2021 10:00;0.922;3.782;1.172
12.04.2021 11:00;0.922;2.582;1.094
12.04.2021 12:00;5.691;0;1.64
12.04.2021 13:00;1.605;0.19;1.458
12.04.2021 14:00;0.922;1.031;0.833
12.04.2021 15:00;0.922;0.845;0.729
12.04.2021 16:00;0.922;0.895;0.833
12.04.2021 17:00;1.538;0;1.458
12.04.2021 18:00;5.691;0;2.057
12.04.2021 19:00;7.058;0;2.083
12.04.2021 20:00;1.66;1.356;1.614
12.04.2021 21:00;1.659;0;1.172
12.04.2021 22:00;1.66;0;0.651
12.04.2021 23:00;0.977;0;0.495
13.04.2021 00:00;0.977;0;0.208
13.04.2021 01:00;0.977;0;0.104
13.04.2021 02:00;0.977;0;0.026
13.04.2021 03:00;0.977;0;0.026
13.04.2021 04:00;0.977;0;0.052
13.04.2021 05:00;1.661;0;0.99
13.04.2021 06:00;5.705;1.843;2.604
13.04.2021 07:00;1.606;3.941;2.109
13.04.2021 08:00;0.922;4.215;1.745
13.04.2021 09:00;0.922;3.416;1.328
13.04.2021 10:00;0.922;2.705;1.172
13.04.2021 11:00;0.922;1.965;1.094
13.04.2021 12:00;5.691;0;1.64
13.04.2021 13:00;1.538;0;1.458
13.04.2021 14:00;0.922;0.734;0.833
13.04.2021 15:00;0.922;0.651;0.729
13.04.2021 16:00;0.922;0.754;0.833
13.04.2021 17:00;1.605;0.012;1.458
13.04.2021 18:00;5.691;0;2.057
13.04.2021 19:00;7.058;0;2.083
13.04.2021 20:00;1.66;1.341;1.614
13.04.2021 21:00;1.66;0;1.172
13.04.2021 22:00;1.66;0;0.651
13.04.2021 23:00;0.977;0;0.495
14.04.2021 00:00;0.977;0;0.208
14.04.2021 01:00;0.977;0;0.104
14.04.2021 02:00;0.977;0;0.026
14.04.2021 03:00;0.978;0;0.026
14.04.2021 04:00;0.978;0;0.052
14.04.2021 05:00;1.661;0;0.99
14.04.2021 06:00;5.705;1.912;2.604
14.04.2021 07:00;1.606;4.564;2.109
14.04.2021 08:00;0.922;4.799;1.745
14.04.2021 09:00;0.922;3.97;1.328
14.04.2021 10:00;0.922;3.445;1.172
14.04.2021 11:00;0.922;2.795;1.094
14.04.2021 12:00;5.691;0;1.64
14.04.2021 13:00;1.605;0.255;1.458
14.04.2021 14:00;0.922;1.364;0.833
14.04.2021 15:00;0.922;1.216;0.729
14.04.2021 16:00;0.922;1.228;0.833
14.04.2021 17:00;1.605;0.532;1.458
14.04.2021 18:00;5.691;0;2.057
14.04.2021 19:00;7.058;0;2.083
14.04.2021 20:00;1.66;1.152;1.614
14.04.2021 21:00;1.66;0;1.172
14.04.2021 22:00;1.66;0;0.651
14.04.2021 23:00;0.977;0;0.495
15.04.2021 00:00;0.977;0;0.201
15.04.2021 01:00;0.977;0;0.223
15.04.2021 02:00;0.977;0;0.134
15.04.2021 03:00;0.977;0;0.045
15.04.2021 04:00;0.977;0;0.045
15.04.2021 05:00;1.661;0;0.268
15.04.2021 06:00;5.704;1.312;0.736
15.04.2021 07:00;1.605;4.03;1.249
15.04.2021 08:00;0.922;4.658;2.03
15.04.2021 09:00;0.922;4.247;2.008
15.04.2021 10:00;0.922;3.851;1.807
15.04.2021 11:00;0.922;3.219;1.941
15.04.2021 12:00;5.691;0;1.963
15.04.2021 13:00;1.605;1.962;1.562
15.04.2021 14:00;0.922;2.975;1.249
15.04.2021 15:00;0.922;3.151;0.982
15.04.2021 16:00;0.922;3.449;1.249
15.04.2021 17:00;1.605;2.478;1.606
15.04.2021 18:00;5.692;0;2.231
15.04.2021 19:00;7.058;0;1.762
15.04.2021 20:00;1.66;2.629;0.982
15.04.2021 21:00;1.661;0;0.959
15.04.2021 22:00;1.66;0;0.781
15.04.2021 23:00;0.977;0;0.469
16.04.2021 00:00;0.977;0;0.271
16.04.2021 01:00;0.977;0;0.197
16.04.2021 02:00;0.977;0;0.148
16.04.2021 03:00;0.977;0;0.049
16.04.2021 04:00;0.977;0;0.049
16.04.2021 05:00;1.66;0;0.148
16.04.2021 06:00;5.704;2.01;0.493
16.04.2021 07:00;1.605;4.721;1.01
16.04.2021 08:00;0.922;5.383;1.601
16.04.2021 09:00;0.922;4.993;2.119
16.04.2021 10:00;0.922;4.893;2.34
16.04.2021 11:00;0.923;4.538;2.463
16.04.2021 12:00;5.692;0;2.119
16.04.2021 13:00;1.605;3.566;1.823
16.04.2021 14:00;0.922;4.361;1.429
16.04.2021 15:00;0.922;4.259;1.256
16.04.2021 16:00;0.922;4.304;0.714
16.04.2021 17:00;1.605;3.44;1.355
16.04.2021 18:00;5.692;0;1.774
16.04.2021 19:00;7.059;0;1.921
16.04.2021 20:00;1.66;3.423;0.985
16.04.2021 21:00;1.661;0;0.911
16.04.2021 22:00;1.661;0;0.838
16.04.2021 23:00;0.978;0;0.468
17.04.2021 00:00;0.977;0;0.208
17.04.2021 01:00;0.978;0;0.104
17.04.2021 02:00;0.978;0;0.026
17.04.2021 03:00;0.978;0;0.026
17.04.2021 04:00;0.978;0;0.052
17.04.2021 05:00;1.662;0;0.99
17.04.2021 06:00;5.705;3.485;2.604
17.04.2021 07:00;1.606;6.267;2.109
17.04.2021 08:00;0.922;6.586;1.745
17.04.2021 09:00;0.922;5.8;1.328
17.04.2021 10:00;0.922;5.042;1.172
17.04.2021 11:00;0.922;4.806;1.094
17.04.2021 12:00;5.691;0;1.64
17.04.2021 13:00;1.605;3.254;1.458
17.04.2021 14:00;0.922;4.29;0.833
17.04.2021 15:00;0.922;4.468;0.729
17.04.2021 16:00;0.922;4.249;0.833
17.04.2021 17:00;1.605;3.34;1.458
17.04.2021 18:00;5.692;0;2.057
17.04.2021 19:00;7.058;0;2.083
17.04.2021 20:00;1.66;3.319;1.614
17.04.2021 21:00;1.661;0;1.172
17.04.2021 22:00;1.661;0;0.651
17.04.2021 23:00;0.977;0;0.495
18.04.2021 00:00;0.977;0;0.208
18.04.2021 01:00;0.978;0;0.104
18.04.2021 02:00;0.978;0;0.026
18.04.2021 03:00;0.978;0;0.026
18.04.2021 04:00;0.978;0;0.052
18.04.2021 05:00;1.662;0;0.99
18.04.2021 06:00;5.705;3.589;2.604
18.04.2021 07:00;1.606;6.744;2.109
18.04.2021 08:00;0.922;7.663;1.745
18.04.2021 09:00;0.922;7.058;1.328
18.04.2021 10:00;0.922;6.719;1.172
18.04.2021 11:00;0.922;6.389;1.094
18.04.2021 12:00;5.76;0.593;1.64
18.04.2021 13:00;1.605;4.358;1.458
18.04.2021 14:00;0.922;5.584;0.833
18.04.2021 15:00;0.922;5.182;0.729
18.04.2021 16:00;0.922;5.23;0.833
18.04.2021 17:00;1.605;3.972;1.458
18.04.2021 18:00;5.76;0.843;2.057
18.04.2021 19:00;7.127;0.171;2.083
18.04.2021 20:00;1.661;5.117;1.614
18.04.2021 21:00;1.662;0;1.172
18.04.2021 22:00;1.662;0;0.651
18.04.2021 23:00;0.979;0;0.495
19.04.2021 00:00;0.979;0;0.208
19.04.2021 01:00;0.979;0;0.104
19.04.2021 02:00;0.979;0;0.026
19.04.2021 03:00;0.979;0;0.026
19.04.2021 04:00;0.979;0;0.052
19.04.2021 05:00;1.663;0;0.99
19.04.2021 06:00;5.705;5.628;2.604
19.04.2021 07:00;1.606;8.73;2.109
19.04.2021 08:00;0.922;9.138;1.745
19.04.2021 09:00;0.922;8.471;1.328
19.04.2021 10:00;0.922;8.16;1.172
19.04.2021 11:00;0.922;7.179;1.094
19.04.2021 12:00;5.76;1.711;1.64
19.04.2021 13:00;1.605;5.548;1.458
19.04.2021 14:00;0.922;6.523;0.833
19.04.2021 15:00;0.922;6.377;0.729
19.04.2021 16:00;0.922;6.279;0.833
19.04.2021 17:00;1.605;5.288;1.458
19.04.2021 18:00;5.76;1.931;2.057
19.04.2021 19:00;7.127;1.074;2.083
19.04.2021 20:00;1.661;5.871;1.614
19.04.2021 21:00;1.663;0;1.172
19.04.2021 22:00;1.662;0;0.651
19.04.2021 23:00;0.979;0;0.495
20.04.2021 00:00;0.979;0;0.208
20.04.2021 01:00;0.979;0;0.104
20.04.2021 02:00;0.979;0;0.026
20.04.2021 03:00;0.981;0;0.026
20.04.2021 04:00;0.981;0;0.052
20.04.2021 05:00;1.664;0;0.99
20.04.2021 06:00;5.705;6.996;2.604
20.04.2021 07:00;1.606;10.176;2.109
20.04.2021 08:00;0.922;10.433;1.745
20.04.2021 09:00;0.922;9.498;1.328
20.04.2021 10:00;0.922;8.556;1.172
20.04.2021 11:00;0.922;7.697;1.094
20.04.2021 12:00;5.76;2.38;1.64
20.04.2021 13:00;1.605;5.822;1.458
20.04.2021 14:00;0.922;6.596;0.833
20.04.2021 15:00;0.922;6.154;0.729
20.04.2021 16:00;0.922;5.352;0.833
20.04.2021 17:00;1.605;4.321;1.458
20.04.2021 18:00;5.76;1.134;2.057
20.04.2021 19:00;7.126;0.587;2.083
20.04.2021 20:00;1.661;5.459;1.614
20.04.2021 21:00;1.662;0;1.172
20.04.2021 22:00;1.662;0;0.651
20.04.2021 23:00;0.979;0;0.495
21.04.2021 00:00;0.979;0;0.208
21.04.2021 01:00;0.979;0;0.104
21.04.2021 02:00;0.979;0;0.026
21.04.2021 03:00;0.979;0;0.026
21.04.2021 04:00;0.979;0;0.052
21.04.2021 05:00;1.663;0;0.99
21.04.2021 06:00;5.705;6.338;2.604
21.04.2021 07:00;1.606;9.205;2.109
21.04.2021 08:00;0.922;9.127;1.745
21.04.2021 09:00;0.922;7.841;1.328
21.04.2021 10:00;0.922;7.352;1.172
21.04.2021 11:00;0.922;6.385;1.094
21.04.2021 12:00;5.759;0.369;1.64
21.04.2021 13:00;1.605;3.774;1.458
21.04.2021 14:00;0.922;4.365;0.833
21.04.2021 15:00;0.922;3.798;0.729
21.04.2021 16:00;0.922;3.665;0.833
21.04.2021 17:00;1.605;2.58;1.458
21.04.2021 18:00;5.759;0.051;2.057
21.04.2021 19:00;7.058;0;2.083
21.04.2021 20:00;1.66;4.304;1.614
21.04.2021 21:00;1.661;0;1.172
21.04.2021 22:00;1.661;0;0.651
21.04.2021 23:00;0.978;0;0.495
22.04.2021 00:00;0.978;0;0.201
22.04.2021 01:00;0.978;0;0.223
22.04.2021 02:00;0.978;0;0.134
22.04.2021 03:00;0.978;0;0.045
22.04.2021 04:00;0.978;0;0.045
22.04.2021 05:00;1.662;0;0.268
22.04.2021 06:00;5.704;4.893;0.736
22.04.2021 07:00;1.605;6.832;1.249
22.04.2021 08:00;0.922;6.498;2.03
22.04.2021 09:00;0.922;5.498;2.008
22.04.2021 10:00;0.922;4.8;1.807
22.04.2021 11:00;0.922;4.041;1.941
22.04.2021 12:00;5.691;0;1.963
22.04.2021 13:00;1.605;1.745;1.562
22.04.2021 14:00;0.922;2.621;1.249
22.04.2021 15:00;0.922;2.239;0.982
22.04.2021 16:00;0.922;2.539;1.249
22.04.2021 17:00;1.605;1.827;1.606
22.04.2021 18:00;5.692;0;2.231
22.04.2021 19:00;7.058;0;1.762
22.04.2021 20:00;1.66;2.517;0.982
22.04.2021 21:00;1.66;0;0.959
22.04.2021 22:00;1.66;0;0.781
22.04.2021 23:00;0.977;0;0.469
23.04.2021 00:00;0.977;0;0.271
23.04.2021 01:00;0.977;0;0.197
23.04.2021 02:00;0.977;0;0.148
23.04.2021 03:00;0.977;0;0.049
23.04.2021 04:00;0.978;0;0.049
23.04.2021 05:00;1.661;0;0.148
23.04.2021 06:00;5.704;2.382;0.493
23.04.2021 07:00;1.605;5.995;1.01
23.04.2021 08:00;0.922;6.424;1.601
23.04.2021 09:00;0.922;5.727;2.119
23.04.2021 10:00;0.922;4.839;2.34
23.04.2021 11:00;0.923;4.15;2.463
23.04.2021 12:00;5.691;0;2.119
23.04.2021 13:00;1.605;1.774;1.823
23.04.2021 14:00;0.922;2.592;1.429
23.04.2021 15:00;0.922;2.296;1.256
23.04.2021 16:00;0.922;2.236;0.714
23.04.2021 17:00;1.605;1.286;1.355
23.04.2021 18:00;5.691;0;1.774
23.04.2021 19:00;7.058;0;1.921
23.04.2021 20:00;1.66;3.124;0.985
23.04.2021 21:00;1.661;0;0.911
23.04.2021 22:00;1.661;0;0.838
23.04.2021 23:00;0.978;0;0.468
24.04.2021 00:00;0.978;0;0.208
24.04.2021 01:00;0.978;0;0.104
24.04.2021 02:00;0.978;0;0.026
24.04.2021 03:00;0.978;0;0.026
24.04.2021 04:00;0.978;0;0.052
24.04.2021 05:00;1.662;0;0.99
24.04.2021 06:00;5.705;3.627;2.604
24.04.2021 07:00;1.606;5.958;2.109
24.04.2021 08:00;0.922;5.996;1.745
24.04.2021 09:00;0.922;4.953;1.328
24.04.2021 10:00;0.922;4.385;1.172
24.04.2021 11:00;0.922;3.484;1.094
24.04.2021 12:00;5.691;0;1.64
24.04.2021 13:00;1.605;0.743;1.458
24.04.2021 14:00;0.922;1.434;0.833
24.04.2021 15:00;0.922;1.16;0.729
24.04.2021 16:00;0.922;0.921;0.833
24.04.2021 17:00;1.538;0;1.458
24.04.2021 18:00;5.691;0;2.057
24.04.2021 19:00;7.058;0;2.083
24.04.2021 20:00;1.659;0.821;1.614
24.04.2021 21:00;1.659;0;1.172
24.04.2021 22:00;1.659;0;0.651
24.04.2021 23:00;0.976;0;0.495
25.04.2021 00:00;0.976;0;0.208
25.04.2021 01:00;0.976;0;0.104
25.04.2021 02:00;0.976;0;0.026
25.04.2021 03:00;0.976;0;0.026
25.04.2021 04:00;0.976;0;0.052
25.04.2021 05:00;1.66;0;0.99
25.04.2021 06:00;5.637;0;2.604
25.04.2021 07:00;1.606;3.671;2.109
25.04.2021 08:00;0.922;4.155;1.745
25.04.2021 09:00;0.922;3.807;1.328
25.04.2021 10:00;0.922;3.928;1.172
25.04.2021 11:00;0.922;3.348;1.094
25.04.2021 12:00;5.692;0;1.64
25.04.2021 13:00;1.605;2.861;1.458
25.04.2021 14:00;0.922;4.798;0.833
25.04.2021 15:00;0.922;4.023;0.729
25.04.2021 16:00;0.922;4.04;0.833
25.04.2021 17:00;1.605;3.648;1.458
25.04.2021 18:00;5.692;0;2.057
25.04.2021 19:00;7.058;0;2.083
25.04.2021 20:00;1.66;3.055;1.614
25.04.2021 21:00;1.661;0;1.172
25.04.2021 22:00;1.661;0;0.651
25.04.2021 23:00;0.978;0;0.495
26.04.2021 00:00;0.977;0;0.208
26.04.2021 01:00;0.977;0;0.104
26.04.2021 02:00;0.977;0;0.026
26.04.2021 03:00;0.977;0;0.026
26.04.2021 04:00;0.977;0;0.052
26.04.2021 05:00;1.661;0;0.99
26.04.2021 06:00;5.705;2.491;2.604
26.04.2021 07:00;1.606;6.022;2.109
26.04.2021 08:00;0.922;6.738;1.745
26.04.2021 09:00;0.922;6.574;1.328
26.04.2021 10:00;0.922;6;1.172
26.04.2021 11:00;0.922;5.922;1.094
26.04.2021 12:00;5.76;0.666;1.64
26.04.2021 13:00;1.605;4.409;1.458
26.04.2021 14:00;0.922;5.459;0.833
26.04.2021 15:00;0.922;5.356;0.729
26.04.2021 16:00;0.922;5.468;0.833
26.04.2021 17:00;1.605;4.406;1.458
26.04.2021 18:00;5.76;0.623;2.057
26.04.2021 19:00;7.059;0;2.083
26.04.2021 20:00;1.661;4.381;1.614
26.04.2021 21:00;1.662;0;1.172
26.04.2021 22:00;1.662;0;0.651
26.04.2021 23:00;0.979;0;0.495
27.04.2021 00:00;0.978;0;0.208
27.04.2021 01:00;0.979;0;0.104
27.04.2021 02:00;0.979;0;0.026
27.04.2021 03:00;0.979;0;0.026
27.04.2021 04:00;0.979;0;0.052
27.04.2021 05:00;1.662;0;0.99
27.04.2021 06:00;5.705;4.627;2.604
27.04.2021 07:00;1.606;8.05;2.109
27.04.2021 08:00;0.922;8.864;1.745
27.04.2021 09:00;0.922;8.304;1.328
27.04.2021 10:00;0.922;7.863;1.172
27.04.2021 11:00;0.922;7.493;1.094
27.04.2021 12:00;5.76;2.075;1.64
27.04.2021 13:00;1.605;5.73;1.458
27.04.2021 14:00;0.922;6.882;0.833
27.04.2021 15:00;0.922;6.681;0.729
27.04.2021 16:00;0.922;6.433;0.833
27.04.2021 17:00;1.605;5.266;1.458
27.04.2021 18:00;5.76;1.661;2.057
27.04.2021 19:00;7.127;0.701;2.083
27.04.2021 20:00;1.661;5.577;1.614
27.04.2021 21:00;1.662;0;1.172
27.04.2021 22:00;1.662;0;0.651
27.04.2021 23:00;0.979;0;0.495
28.04.2021 00:00;0.979;0;0.208
28.04.2021 01:00;0.979;0;0.104
28.04.2021 02:00;0.979;0;0.026
28.04.2021 03:00;0.979;0;0.026
28.04.2021 04:00;0.979;0;0.052
28.04.2021 05:00;1.662;0;0.99
28.04.2021 06:00;5.705;5.222;2.604
28.04.2021 07:00;1.606;8.588;2.109
28.04.2021 08:00;0.922;8.987;1.745
28.04.2021 09:00;0.922;8.171;1.328
28.04.2021 10:00;0.922;7.283;1.172
28.04.2021 11:00;0.922;6.77;1.094
28.04.2021 12:00;5.76;1.029;1.64
28.04.2021 13:00;1.605;4.801;1.458
28.04.2021 14:00;0.922;6.179;0.833
28.04.2021 15:00;0.922;5.234;0.729
28.04.2021 16:00;0.922;5.166;0.833
28.04.2021 17:00;1.605;4.051;1.458
28.04.2021 18:00;5.76;0.631;2.057
28.04.2021 19:00;7.126;0.152;2.083
28.04.2021 20:00;1.661;5.035;1.614
28.04.2021 21:00;1.662;0;1.172
28.04.2021 22:00;1.662;0;0.651
28.04.2021 23:00;0.979;0;0.495
29.04.2021 00:00;0.979;0;0.201
29.04.2021 01:00;0.979;0;0.223
29.04.2021 02:00;0.979;0;0.134
29.04.2021 03:00;0.979;0;0.045
29.04.2021 04:00;0.979;0;0.045
29.04.2021 05:00;1.663;0;0.268
29.04.2021 06:00;5.704;6.005;0.736
29.04.2021 07:00;1.605;8.701;1.249
29.04.2021 08:00;0.922;9.02;2.03
29.04.2021 09:00;0.922;7.917;2.008
29.04.2021 10:00;0.922;7.054;1.807
29.04.2021 11:00;0.922;6.236;1.941
29.04.2021 12:00;5.759;0.386;1.963
29.04.2021 13:00;1.605;3.723;1.562
29.04.2021 14:00;0.922;4.316;1.249
29.04.2021 15:00;0.922;3.789;0.982
29.04.2021 16:00;0.922;3.574;1.249
29.04.2021 17:00;1.605;2.568;1.606
29.04.2021 18:00;5.692;0;2.231
29.04.2021 19:00;7.058;0;1.762
29.04.2021 20:00;1.66;3.942;0.982
29.04.2021 21:00;1.661;0;0.959
29.04.2021 22:00;1.661;0;0.781
29.04.2021 23:00;0.978;0;0.469
30.04.2021 00:00;0.978;0;0.271
30.04.2021 01:00;0.978;0;0.197
30.04.2021 02:00;0.978;0;0.148
30.04.2021 03:00;0.978;0;0.049
30.04.2021 04:00;0.978;0;0.049
30.04.2021 05:00;1.661;0;0.148
30.04.2021 06:00;5.704;3.436;0.493
30.04.2021 07:00;1.605;6.473;1.01
30.04.2021 08:00;0.922;6.461;1.601
30.04.2021 09:00;0.922;5.217;2.119
30.04.2021 10:00;0.922;4.532;2.34
30.04.2021 11:00;0.923;3.929;2.463
30.04.2021 12:00;5.691;0;2.119
30.04.2021 13:00;1.605;1.893;1.823
30.04.2021 14:00;0.922;2.618;1.429
30.04.2021 15:00;0.922;2.545;1.256
30.04.2021 16:00;0.922;2.281;0.714
30.04.2021 17:00;1.605;1.316;1.355
30.04.2021 18:00;5.691;0;1.774
30.04.2021 19:00;7.058;0;1.921
30.04.2021 20:00;1.659;1.668;0.985
30.04.2021 21:00;1.66;0;0.911
30.04.2021 22:00;1.66;0;0.838
30.04.2021 23:00;0.977;0;0.468
01.05.2021 00:00;0.977;0;0.208
01.05.2021 01:00;0.977;0;0.104
01.05.2021 02:00;0.978;0;0.026
01.05.2021 03:00;0.978;0;0.026
01.05.2021 04:00;0.978;0;0.052
01.05.2021 05:00;1.662;0;0.99
01.05.2021 06:00;5.705;3.221;2.604
01.05.2021 07:00;1.606;6.797;2.109
01.05.2021 08:00;0.922;7.584;1.745
01.05.2021 09:00;0.922;7.135;1.328
01.05.2021 10:00;0.922;6.578;1.172
01.05.2021 11:00;0.922;6.417;1.094
01.05.2021 12:00;5.76;0.399;1.64
01.05.2021 13:00;1.605;4.352;1.458
01.05.2021 14:00;0.922;5.11;0.833
01.05.2021 15:00;0.922;4.689;0.729
01.05.2021 16:00;0.922;4.742;0.833
01.05.2021 17:00;1.605;3.459;1.458
01.05.2021 18:00;5.692;0;2.057
01.05.2021 19:00;7.058;0;2.083
01.05.2021 20:00;1.66;3.476;1.614
01.05.2021 21:00;1.661;0;1.172
01.05.2021 22:00;1.661;0;0.651
01.05.2021 23:00;0.978;0;0.495
02.05.2021 00:00;0.978;0;0.208
02.05.2021 01:00;0.978;0;0.104
02.05.2021 02:00;0.978;0;0.026
02.05.2021 03:00;0.978;0;0.026
02.05.2021 04:00;0.978;0;0.052
02.05.2021 05:00;1.662;0;0.99
02.05.2021 06:00;5.705;3.526;2.604
02.05.2021 07:00;1.606;6.65;2.109
02.05.2021 08:00;0.922;7.236;1.745
02.05.2021 09:00;0.922;7.169;1.328
02.05.2021 10:00;0.922;6.335;1.172
02.05.2021 11:00;0.922;5.683;1.094
02.05.2021 12:00;5.692;0;1.64
02.05.2021 13:00;1.605;4.029;1.458
02.05.2021 14:00;0.922;5.134;0.833
02.05.2021 15:00;0.922;5.324;0.729
02.05.2021 16:00;0.922;5.177;0.833
02.05.2021 17:00;1.605;3.683;1.458
02.05.2021 18:00;5.692;0;2.057
02.05.2021 19:00;7.058;0;2.083
02.05.2021 20:00;1.66;3.952;1.614
02.05.2021 21:00;1.661;0;1.172
02.05.2021 22:00;1.661;0;0.651
02.05.2021 23:00;0.978;0;0.495
03.05.2021 00:00;0.978;0;0.208
03.05.2021 01:00;0.977;0;0.104
03.05.2021 02:00;0.978;0;0.026
03.05.2021 03:00;0.977;0;0.026
03.05.2021 04:00;0.977;0;0.052
03.05.2021 05:00;1.661;0;0.99
03.05.2021 06:00;5.705;2.558;2.604
03.05.2021 07:00;1.606;6.337;2.109
03.05.2021 08:00;0.922;6.201;1.745
03.05.2021 09:00;0.922;6.299;1.328
03.05.2021 10:00;0.922;5.677;1.172
03.05.2021 11:00;0.922;5.152;1.094
03.05.2021 12:00;5.691;0;1.64
03.05.2021 13:00;1.605;2.877;1.458
03.05.2021 14:00;0.922;3.985;0.833
03.05.2021 15:00;0.922;3.446;0.729
03.05.2021 16:00;0.922;3.59;0.833
03.05.2021 17:00;1.605;2.59;1.458
03.05.2021 18:00;5.692;0;2.057
03.05.2021 19:00;7.058;0;2.083
03.05.2021 20:00;1.66;3.588;1.614
03.05.2021 21:00;1.661;0;1.172
03.05.2021 22:00;1.661;0;0.651
03.05.2021 23:00;0.977;0;0.495
04.05.2021 00:00;0.977;0;0.208
04.05.2021 01:00;0.977;0;0.104
04.05.2021 02:00;0.977;0;0.026
04.05.2021 03:00;0.977;0;0.026
04.05.2021 04:00;0.977;0;0.052
04.05.2021 05:00;1.661;0;0.99
04.05.2021 06:00;5.705;2.886;2.604
04.05.2021 07:00;1.606;5.701;2.109
04.05.2021 08:00;0.922;6.434;1.745
04.05.2021 09:00;0.922;5.979;1.328
04.05.2021 10:00;0.922;5.801;1.172
04.05.2021 11:00;0.922;5.814;1.094
04.05.2021 12:00;5.76;0.447;1.64
04.05.2021 13:00;1.605;3.662;1.458
04.05.2021 14:00;0.922;4.2;0.833
04.05.2021 15:00;0.922;4.254;0.729
04.05.2021 16:00;0.922;4.444;0.833
04.05.2021 17:00;1.605;3.526;1.458
04.05.2021 18:00;5.692;0;2.057
04.05.2021 19:00;7.058;0;2.083
04.05.2021 20:00;1.66;3.469;1.614
04.05.2021 21:00;1.661;0;1.172
04.05.2021 22:00;1.661;0;0.651
04.05.2021 23:00;0.977;0;0.495
05.05.2021 00:00;0.977;0;0.208
05.05.2021 01:00;0.977;0;0.104
05.05.2021 02:00;0.978;0;0.026
05.05.2021 03:00;0.978;0;0.026
05.05.2021 04:00;0.978;0;0.052
05.05.2021 05:00;1.662;0;0.99
05.05.2021 06:00;5.705;3.243;2.604
05.05.2021 07:00;1.606;6.102;2.109
05.05.2021 08:00;0.922;6.106;1.745
05.05.2021 09:00;0.922;5.251;1.328
05.05.2021 10:00;0.922;4.504;1.172
05.05.2021 11:00;0.922;3.81;1.094
05.05.2021 12:00;5.691;0;1.64
05.05.2021 13:00;1.605;1.355;1.458
05.05.2021 14:00;0.922;2.127;0.833
05.05.2021 15:00;0.922;1.641;0.729
05.05.2021 16:00;0.922;1.5;0.833
05.05.2021 17:00;1.605;0.579;1.458
05.05.2021 18:00;5.691;0;2.057
05.05.2021 19:00;7.058;0;2.083
05.05.2021 20:00;1.66;1.71;1.614
05.05.2021 21:00;1.66;0;1.172
05.05.2021 22:00;1.66;0;0.651
05.05.2021 23:00;0.977;0;0.495
06.05.2021 00:00;0.976;0;0.201
06.05.2021 01:00;0.977;0;0.223
06.05.2021 02:00;0.977;0;0.134
06.05.2021 03:00;0.977;0;0.045
06.05.2021 04:00;0.977;0;0.045
06.05.2021 05:00;1.66;0;0.268
06.05.2021 06:00;5.704;0.756;0.736
06.05.2021 07:00;1.605;3.644;1.249
06.05.2021 08:00;0.922;4.346;2.03
06.05.2021 09:00;0.922;3.891;2.008
06.05.2021 10:00;0.922;3.825;1.807
06.05.2021 11:00;0.922;4.11;1.941
06.05.2021 12:00;5.692;0;1.963
06.05.2021 13:00;1.605;3.287;1.562
06.05.2021 14:00;0.922;4.452;1.249
06.05.2021 15:00;0.922;3.792;0.982
06.05.2021 16:00;0.922;4.491;1.249
06.05.2021 17:00;1.605;3.421;1.606
06.05.2021 18:00;5.692;0;2.231
06.05.2021 19:00;7.058;0;1.762
06.05.2021 20:00;1.66;3.255;0.982
06.05.2021 21:00;1.661;0;0.959
06.05.2021 22:00;1.661;0;0.781
06.05.2021 23:00;0.977;0;0.469
07.05.2021 00:00;0.977;0;0.271
07.05.2021 01:00;0.977;0;0.197
07.05.2021 02:00;0.977;0;0.148
07.05.2021 03:00;0.977;0;0.049
07.05.2021 04:00;0.977;0;0.049
07.05.2021 05:00;1.661;0;0.148
07.05.2021 06:00;5.704;1.77;0.493
07.05.2021 07:00;1.605;5.243;1.01
07.05.2021 08:00;0.922;5.849;1.601
07.05.2021 09:00;0.922;5.727;2.119
07.05.2021 10:00;0.922;5.275;2.34
07.05.2021 11:00;0.923;5.244;2.463
07.05.2021 12:00;5.692;0;2.119
07.05.2021 13:00;1.605;3.824;1.823
07.05.2021 14:00;0.922;4.842;1.429
07.05.2021 15:00;0.922;4.888;1.256
07.05.2021 16:00;0.922;4.982;0.714
07.05.2021 17:00;1.605;3.776;1.355
07.05.2021 18:00;5.692;0;1.774
07.05.2021 19:00;7.058;0;1.921
07.05.2021 20:00;1.66;3.462;0.985
07.05.2021 21:00;1.661;0;0.911
07.05.2021 22:00;1.661;0;0.838
07.05.2021 23:00;0.978;0;0.468
08.05.2021 00:00;0.977;0;0.208
08.05.2021 01:00;0.977;0;0.104
08.05.2021 02:00;0.977;0;0.026
08.05.2021 03:00;0.978;0;0.026
08.05.2021 04:00;0.978;0;0.052
08.05.2021 05:00;1.661;0;0.99
08.05.2021 06:00;5.705;2.384;2.604
08.05.2021 07:00;1.606;5.663;2.109
08.05.2021 08:00;0.922;6.172;1.745
08.05.2021 09:00;0.922;5.507;1.328
08.05.2021 10:00;0.922;5.099;1.172
08.05.2021 11:00;0.922;4.732;1.094
08.05.2021 12:00;5.692;0;1.64
08.05.2021 13:00;1.605;3.519;1.458
08.05.2021 14:00;0.922;4.148;0.833
08.05.2021 15:00;0.922;4.321;0.729
08.05.2021 16:00;0.922;4.454;0.833
08.05.2021 17:00;1.605;3.442;1.458
08.05.2021 18:00;5.692;0;2.057
08.05.2021 19:00;7.058;0;2.083
08.05.2021 20:00;1.66;2.918;1.614
08.05.2021 21:00;1.661;0;1.172
08.05.2021 22:00;1.661;0;0.651
08.05.2021 23:00;0.977;0;0.495
09.05.2021 00:00;0.977;0;0.208
09.05.2021 01:00;0.977;0;0.104
09.05.2021 02:00;0.977;0;0.026
09.05.2021 03:00;0.977;0;0.026
09.05.2021 04:00;0.977;0;0.052
09.05.2021 05:00;1.661;0;0.99
09.05.2021 06:00;5.705;1.933;2.604
09.05.2021 07:00;1.606;5.383;2.109
09.05.2021 08:00;0.922;5.972;1.745
09.05.2021 09:00;0.922;5.363;1.328
09.05.2021 10:00;0.922;4.802;1.172
09.05.2021 11:00;0.922;4.948;1.094
09.05.2021 12:00;5.692;0;1.64
09.05.2021 13:00;1.605;2.69;1.458
09.05.2021 14:00;0.922;3.458;0.833
09.05.2021 15:00;0.922;3.152;0.729
09.05.2021 16:00;0.922;2.939;0.833
09.05.2021 17:00;1.605;2.103;1.458
09.05.2021 18:00;5.692;0;2.057
09.05.2021 19:00;7.058;0;2.083
09.05.2021 20:00;1.66;2.769;1.614
09.05.2021 21:00;1.661;0;1.172
09.05.2021 22:00;1.661;0;0.651
09.05.2021 23:00;0.978;0;0.495
10.05.2021 00:00;0.978;0;0.208
10.05.2021 01:00;0.978;0;0.104
10.05.2021 02:00;0.978;0;0.026
10.05.2021 03:00;0.978;0;0.026
10.05.2021 04:00;0.978;0;0.052
10.05.2021 05:00;1.661;0;0.99
10.05.2021 06:00;5.705;2.614;2.604
10.05.2021 07:00;1.606;5.513;2.109
10.05.2021 08:00;0.922;5.504;1.745
10.05.2021 09:00;0.922;4.35;1.328
10.05.2021 10:00;0.922;3.33;1.172
10.05.2021 11:00;0.922;2.498;1.094
10.05.2021 12:00;5.691;0;1.64
10.05.2021 13:00;1.538;0;1.458
10.05.2021 14:00;0.922;0.874;0.833
10.05.2021 15:00;0.922;0.69;0.729
10.05.2021 16:00;0.922;0.615;0.833
10.05.2021 17:00;1.605;0.064;1.458
10.05.2021 18:00;5.691;0;2.057
10.05.2021 19:00;7.058;0;2.083
10.05.2021 20:00;1.66;0.821;1.614
10.05.2021 21:00;1.66;0;1.172
10.05.2021 22:00;1.66;0;0.651
10.05.2021 23:00;0.976;0;0.495
11.05.2021 00:00;0.977;0;0.208
11.05.2021 01:00;0.977;0;0.104
11.05.2021 02:00;0.977;0;0.026
11.05.2021 03:00;0.977;0;0.026
11.05.2021 04:00;0.976;0;0.052
11.05.2021 05:00;1.66;0;0.99
11.05.2021 06:00;5.637;0;2.604
11.05.2021 07:00;1.606;2.889;2.109
11.05.2021 08:00;0.922;3.493;1.745
11.05.2021 09:00;0.922;2.93;1.328
11.05.2021 10:00;0.922;2.376;1.172
11.05.2021 11:00;0.922;2.457;1.094
11.05.2021 12:00;5.691;0;1.64
11.05.2021 13:00;1.605;0.97;1.458
11.05.2021 14:00;0.922;1.871;0.833
11.05.2021 15:00;0.922;1.67;0.729
11.05.2021 16:00;0.922;1.931;0.833
11.05.2021 17:00;1.605;1.068;1.458
11.05.2021 18:00;5.691;0;2.057
11.05.2021 19:00;7.058;0;2.083
11.05.2021 20:00;1.66;1.769;1.614
11.05.2021 21:00;1.66;0;1.172
11.05.2021 22:00;1.659;0;0.651
11.05.2021 23:00;0.976;0;0.495
12.05.2021 00:00;0.977;0;0.208
12.05.2021 01:00;0.977;0;0.104
12.05.2021 02:00;0.977;0;0.026
12.05.2021 03:00;0.977;0;0.026
12.05.2021 04:00;0.977;0;0.052
12.05.2021 05:00;1.66;0;0.99
12.05.2021 06:00;5.637;0;2.604
12.05.2021 07:00;1.606;3.165;2.109
12.05.2021 08:00;0.922;3.157;1.745
12.05.2021 09:00;0.922;3.282;1.328
12.05.2021 10:00;0.922;2.858;1.172
12.05.2021 11:00;0.922;2.546;1.094
12.05.2021 12:00;5.691;0;1.64
12.05.2021 13:00;1.605;1.556;1.458
12.05.2021 14:00;0.922;2.496;0.833
12.05.2021 15:00;0.922;1.794;0.729
12.05.2021 16:00;0.922;2.332;0.833
12.05.2021 17:00;1.605;0.54;1.458
12.05.2021 18:00;5.692;0;2.057
12.05.2021 19:00;7.058;0;2.083
12.05.2021 20:00;1.66;1.799;1.614
12.05.2021 21:00;1.66;0;1.172
12.05.2021 22:00;1.66;0;0.651
12.05.2021 23:00;0.977;0;0.495
13.05.2021 00:00;0.977;0;0.201
13.05.2021 01:00;0.977;0;0.223
13.05.2021 02:00;0.977;0;0.134
13.05.2021 03:00;0.977;0;0.045
13.05.2021 04:00;0.977;0;0.045
13.05.2021 05:00;1.66;0;0.268
13.05.2021 06:00;5.704;0.133;0.736
13.05.2021 07:00;1.605;3.237;1.249
13.05.2021 08:00;0.922;3.253;2.03
13.05.2021 09:00;0.922;2.481;2.008
13.05.2021 10:00;0.922;1.904;1.807
13.05.2021 11:00;0.922;1.152;1.941
13.05.2021 12:00;5.691;0;1.963
13.05.2021 13:00;1.538;0;1.562
13.05.2021 14:00;0.922;0.829;1.249
13.05.2021 15:00;0.922;0.386;0.982
13.05.2021 16:00;0.922;0.778;1.249
13.05.2021 17:00;1.605;0.061;1.606
13.05.2021 18:00;5.691;0;2.231
13.05.2021 19:00;7.058;0;1.762
13.05.2021 20:00;1.659;0.597;0.982
13.05.2021 21:00;1.66;0;0.959
13.05.2021 22:00;1.66;0;0.781
13.05.2021 23:00;0.976;0;0.469
14.05.2021 00:00;0.976;0;0.271
14.05.2021 01:00;0.976;0;0.197
14.05.2021 02:00;0.976;0;0.148
14.05.2021 03:00;0.977;0;0.049
14.05.2021 04:00;0.976;0;0.049
14.05.2021 05:00;1.659;0;0.148
14.05.2021 06:00;5.637;0;0.493
14.05.2021 07:00;1.605;1.782;1.01
14.05.2021 08:00;0.922;2.415;1.601
14.05.2021 09:00;0.922;1.803;2.119
14.05.2021 10:00;0.922;1.324;2.34
14.05.2021 11:00;0.923;1.563;2.463
14.05.2021 12:00;5.691;0;2.119
14.05.2021 13:00;1.538;0;1.823
14.05.2021 14:00;0.922;0.089;1.429
14.05.2021 15:00;0.922;0.135;1.256
14.05.2021 16:00;0.922;0.199;0.714
14.05.2021 17:00;1.538;0;1.355
14.05.2021 18:00;5.691;0;1.774
14.05.2021 19:00;7.058;0;1.921
14.05.2021 20:00;1.659;0.072;0.985
14.05.2021 21:00;1.659;0;0.911
14.05.2021 22:00;1.659;0;0.838
14.05.2021 23:00;0.976;0;0.468
15.05.2021 00:00;0.973;0;0.208
15.05.2021 01:00;0.973;0;0.104
15.05.2021 02:00;0.973;0;0.026
15.05.2021 03:00;0.973;0;0.026
15.05.2021 04:00;0.973;0;0.052
15.05.2021 05:00;1.656;0;0.99
15.05.2021 06:00;5.637;0;2.604
15.05.2021 07:00;1.538;0;2.109
15.05.2021 08:00;0.855;0;1.745
15.05.2021 09:00;0.855;0;1.328
15.05.2021 10:00;0.854;0;1.172
15.05.2021 11:00;0.854;0;1.094
15.05.2021 12:00;5.69;0;1.64
15.05.2021 13:00;1.538;0;1.458
15.05.2021 14:00;0.854;0;0.833
15.05.2021 15:00;0.854;0;0.729
15.05.2021 16:00;0.854;0;0.833
15.05.2021 17:00;1.538;0;1.458
15.05.2021 18:00;5.69;0;2.057
15.05.2021 19:00;7.056;0;2.083
15.05.2021 20:00;1.591;0;1.614
15.05.2021 21:00;1.656;0;1.172
15.05.2021 22:00;1.656;0;0.651
15.05.2021 23:00;0.973;0;0.495
16.05.2021 00:00;0.973;0;0.208
16.05.2021 01:00;0.973;0;0.104
16.05.2021 02:00;0.973;0;0.026
16.05.2021 03:00;0.973;0;0.026
16.05.2021 04:00;0.973;0;0.052
16.05.2021 05:00;1.656;0;0.99
16.05.2021 06:00;5.637;0;2.604
16.05.2021 07:00;1.538;0;2.109
16.05.2021 08:00;0.855;0;1.745
16.05.2021 09:00;0.855;0;1.328
16.05.2021 10:00;0.854;0;1.172
16.05.2021 11:00;0.854;0;1.094
16.05.2021 12:00;5.69;0;1.64
16.05.2021 13:00;1.538;0;1.458
16.05.2021 14:00;0.854;0;0.833
16.05.2021 15:00;0.854;0;0.729
16.05.2021 16:00;0.854;0;0.833
16.05.2021 17:00;1.538;0;1.458
16.05.2021 18:00;5.69;0;2.057
16.05.2021 19:00;7.056;0;2.083
16.05.2021 20:00;1.591;0;1.614
16.05.2021 21:00;1.656;0;1.172
16.05.2021 22:00;1.656;0;0.651
16.05.2021 23:00;0.973;0;0.495
17.05.2021 00:00;0.973;0;0.208
17.05.2021 01:00;0.973;0;0.104
17.05.2021 02:00;0.973;0;0.026
17.05.2021 03:00;0.973;0;0.026
17.05.2021 04:00;0.973;0;0.052
17.05.2021 05:00;1.656;0;0.99
17.05.2021 06:00;5.637;0;2.604
17.05.2021 07:00;1.538;0;2.109
17.05.2021 08:00;0.855;0;1.745
17.05.2021 09:00;0.855;0;1.328
17.05.2021 10:00;0.854;0;1.172
17.05.2021 11:00;0.854;0;1.094
17.05.2021 12:00;5.69;0;1.64
17.05.2021 13:00;1.538;0;1.458
17.05.2021 14:00;0.854;0;0.833
17.05.2021 15:00;0.854;0;0.729
17.05.2021 16:00;0.854;0;0.833
17.05.2021 17:00;1.538;0;1.458
17.05.2021 18:00;5.69;0;2.057
17.05.2021 19:00;7.056;0;2.083
17.05.2021 20:00;1.591;0;1.614
17.05.2021 21:00;1.656;0;1.172
17.05.2021 22:00;1.656;0;0.651
17.05.2021 23:00;0.973;0;0.495
18.05.2021 00:00;0.973;0;0.208
18.05.2021 01:00;0.973;0;0.104
18.05.2021 02:00;0.973;0;0.026
18.05.2021 03:00;0.973;0;0.026
18.05.2021 04:00;0.973;0;0.052
18.05.2021 05:00;1.656;0;0.99
18.05.2021 06:00;5.637;0;2.604
18.05.2021 07:00;1.538;0;2.109
18.05.2021 08:00;0.855;0;1.745
18.05.2021 09:00;0.855;0;1.328
18.05.2021 10:00;0.854;0;1.172
18.05.2021 11:00;0.854;0;1.094
18.05.2021 12:00;5.69;0;1.64
18.05.2021 13:00;1.538;0;1.458
18.05.2021 14:00;0.854;0;0.833
18.05.2021 15:00;0.854;0;0.729
18.05.2021 16:00;0.854;0;0.833
18.05.2021 17:00;1.538;0;1.458
18.05.2021 18:00;5.69;0;2.057
18.05.2021 19:00;7.056;0;2.083
18.05.2021 20:00;1.591;0;1.614
18.05.2021 21:00;1.656;0;1.172
18.05.2021 22:00;1.656;0;0.651
18.05.2021 23:00;0.973;0;0.495
19.05.2021 00:00;0.973;0;0.208
19.05.2021 01:00;0.973;0;0.104
19.05.2021 02:00;0.973;0;0.026
19.05.2021 03:00;0.973;0;0.026
19.05.2021 04:00;0.973;0;0.052
19.05.2021 05:00;1.656;0;0.99
19.05.2021 06:00;5.637;0;2.604
19.05.2021 07:00;1.538;0;2.109
19.05.2021 08:00;0.855;0;1.745
19.05.2021 09:00;0.855;0;1.328
19.05.2021 10:00;0.854;0;1.172
19.05.2021 11:00;0.854;0;1.094
19.05.2021 12:00;5.69;0;1.64
19.05.2021 13:00;1.538;0;1.458
19.05.2021 14:00;0.854;0;0.833
19.05.2021 15:00;0.854;0;0.729
19.05.2021 16:00;0.854;0;0.833
19.05.2021 17:00;1.538;0;1.458
19.05.2021 18:00;5.69;0;2.057
19.05.2021 19:00;7.056;0;2.083
19.05.2021 20:00;1.591;0;1.614
19.05.2021 21:00;1.656;0;1.172
19.05.2021 22:00;1.656;0;0.651
19.05.2021 23:00;0.973;0;0.495
20.05.2021 00:00;0.973;0;0.201
20.05.2021 01:00;0.973;0;0.223
20.05.2021 02:00;0.973;0;0.134
20.05.2021 03:00;0.973;0;0.045
20.05.2021 04:00;0.973;0;0.045
20.05.2021 05:00;1.656;0;0.268
20.05.2021 06:00;5.637;0;0.736
20.05.2021 07:00;1.538;0;1.249
20.05.2021 08:00;0.855;0;2.03
20.05.2021 09:00;0.855;0;2.008
20.05.2021 10:00;0.855;0;1.807
20.05.2021 11:00;0.855;0;1.941
20.05.2021 12:00;5.69;0;1.963
20.05.2021 13:00;1.538;0;1.562
20.05.2021 14:00;0.854;0;1.249
20.05.2021 15:00;0.854;0;0.982
20.05.2021 16:00;0.854;0;1.249
20.05.2021 17:00;1.538;0;1.606
20.05.2021 18:00;5.69;0;2.231
20.05.2021 19:00;7.056;0;1.762
20.05.2021 20:00;1.59;0;0.982
20.05.2021 21:00;1.656;0;0.959
20.05.2021 22:00;1.656;0;0.781
20.05.2021 23:00;0.973;0;0.469
21.05.2021 00:00;0.973;0;0.271
21.05.2021 01:00;0.973;0;0.197
21.05.2021 02:00;0.973;0;0.148
21.05.2021 03:00;0.973;0;0.049
21.05.2021 04:00;0.973;0;0.049
21.05.2021 05:00;1.656;0;0.148
21.05.2021 06:00;5.637;0;0.493
21.05.2021 07:00;1.538;0;1.01
21.05.2021 08:00;0.855;0;1.601
21.05.2021 09:00;0.855;0;2.119
21.05.2021 10:00;0.855;0;2.34
21.05.2021 11:00;0.855;0;2.463
21.05.2021 12:00;5.69;0;2.119
21.05.2021 13:00;1.538;0;1.823
21.05.2021 14:00;0.855;0;1.429
21.05.2021 15:00;0.854;0;1.256
21.05.2021 16:00;0.854;0;0.714
21.05.2021 17:00;1.538;0;1.355
21.05.2021 18:00;5.69;0;1.774
21.05.2021 19:00;7.056;0;1.921
21.05.2021 20:00;1.59;0;0.985
21.05.2021 21:00;1.656;0;0.911
21.05.2021 22:00;1.656;0;0.838
21.05.2021 23:00;0.973;0;0.468
22.05.2021 00:00;0.973;0;0.208
22.05.2021 01:00;0.973;0;0.104
22.05.2021 02:00;0.973;0;0.026
22.05.2021 03:00;0.973;0;0.026
22.05.2021 04:00;0.973;0;0.052
22.05.2021 05:00;1.656;0;0.99
22.05.2021 06:00;5.637;0;2.604
22.05.2021 07:00;1.538;0;2.109
22.05.2021 08:00;0.855;0;1.745
22.05.2021 09:00;0.855;0;1.328
22.05.2021 10:00;0.854;0;1.172
22.05.2021 11:00;0.854;0;1.094
22.05.2021 12:00;5.69;0;1.64
22.05.2021 13:00;1.538;0;1.458
22.05.2021 14:00;0.854;0;0.833
22.05.2021 15:00;0.854;0;0.729
22.05.2021 16:00;0.854;0;0.833
22.05.2021 17:00;1.538;0;1.458
22.05.2021 18:00;5.69;0;2.057
22.05.2021 19:00;7.056;0;2.083
22.05.2021 20:00;1.591;0;1.614
22.05.2021 21:00;1.656;0;1.172
22.05.2021 22:00;1.656;0;0.651
22.05.2021 23:00;0.973;0;0.495
23.05.2021 00:00;0.973;0;0.208
23.05.2021 01:00;0.973;0;0.104
23.05.2021 02:00;0.973;0;0.026
23.05.2021 03:00;0.973;0;0.026
23.05.2021 04:00;0.973;0;0.052
23.05.2021 05:00;1.656;0;0.99
23.05.2021 06:00;5.637;0;2.604
23.05.2021 07:00;1.538;0;2.109
23.05.2021 08:00;0.855;0;1.745
23.05.2021 09:00;0.855;0;1.328
23.05.2021 10:00;0.854;0;1.172
23.05.2021 11:00;0.854;0;1.094
23.05.2021 12:00;5.69;0;1.64
23.05.2021 13:00;1.538;0;1.458
23.05.2021 14:00;0.854;0;0.833
23.05.2021 15:00;0.854;0;0.729
23.05.2021 16:00;0.854;0;0.833
23.05.2021 17:00;1.538;0;1.458
23.05.2021 18:00;5.69;0;2.057
23.05.2021 19:00;7.056;0;2.083
23.05.2021 20:00;1.591;0;1.614
23.05.2021 21:00;1.656;0;1.172
23.05.2021 22:00;1.656;0;0.651
23.05.2021 23:00;0.973;0;0.495
24.05.2021 00:00;0.973;0;0.208
24.05.2021 01:00;0.973;0;0.104
24.05.2021 02:00;0.973;0;0.026
24.05.2021 03:00;0.973;0;0.026
24.05.2021 04:00;0.973;0;0.052
24.05.2021 05:00;1.656;0;0.99
24.05.2021 06:00;5.637;0;2.604
24.05.2021 07:00;1.538;0;2.109
24.05.2021 08:00;0.855;0;1.745
24.05.2021 09:00;0.855;0;1.328
24.05.2021 10:00;0.854;0;1.172
24.05.2021 11:00;0.854;0;1.094
24.05.2021 12:00;5.69;0;1.64
24.05.2021 13:00;1.538;0;1.458
24.05.2021 14:00;0.854;0;0.833
24.05.2021 15:00;0.854;0;0.729
24.05.2021 16:00;0.854;0;0.833
24.05.2021 17:00;1.538;0;1.458
24.05.2021 18:00;5.69;0;2.057
24.05.2021 19:00;7.056;0;2.083
24.05.2021 20:00;1.591;0;1.614
24.05.2021 21:00;1.656;0;1.172
24.05.2021 22:00;1.656;0;0.651
24.05.2021 23:00;0.973;0;0.495
25.05.2021 00:00;0.973;0;0.208
25.05.2021 01:00;0.973;0;0.104
25.05.2021 02:00;0.973;0;0.026
25.05.2021 03:00;0.973;0;0.026
25.05.2021 04:00;0.973;0;0.052
25.05.2021 05:00;1.656;0;0.99
25.05.2021 06:00;5.637;0;2.604
25.05.2021 07:00;1.538;0;2.109
25.05.2021 08:00;0.855;0;1.745
25.05.2021 09:00;0.855;0;1.328
25.05.2021 10:00;0.854;0;1.172
25.05.2021 11:00;0.854;0;1.094
25.05.2021 12:00;5.69;0;1.64
25.05.2021 13:00;1.538;0;1.458
25.05.2021 14:00;0.854;0;0.833
25.05.2021 15:00;0.854;0;0.729
25.05.2021 16:00;0.854;0;0.833
25.05.2021 17:00;1.538;0;1.458
25.05.2021 18:00;5.69;0;2.057
25.05.2021 19:00;7.056;0;2.083
25.05.2021 20:00;1.591;0;1.614
25.05.2021 21:00;1.656;0;1.172
25.05.2021 22:00;1.656;0;0.651
25.05.2021 23:00;0.973;0;0.495
26.05.2021 00:00;0.973;0;0.208
26.05.2021 01:00;0.973;0;0.104
26.05.2021 02:00;0.973;0;0.026
26.05.2021 03:00;0.973;0;0.026
26.05.2021 04:00;0.973;0;0.052
26.05.2021 05:00;1.656;0;0.99
26.05.2021 06:00;5.637;0;2.604
26.05.2021 07:00;1.538;0;2.109
26.05.2021 08:00;0.855;0;1.745
26.05.2021 09:00;0.855;0;1.328
26.05.2021 10:00;0.854;0;1.172
26.05.2021 11:00;0.854;0;1.094
26.05.2021 12:00;5.69;0;1.64
26.05.2021 13:00;1.538;0;1.458
26.05.2021 14:00;0.854;0;0.833
26.05.2021 15:00;0.854;0;0.729
26.05.2021 16:00;0.854;0;0.833
26.05.2021 17:00;1.538;0;1.458
26.05.2021 18:00;5.69;0;2.057
26.05.2021 19:00;7.056;0;2.083
26.05.2021 20:00;1.591;0;1.614
26.05.2021 21:00;1.656;0;1.172
26.05.2021 22:00;1.656;0;0.651
26.05.2021 23:00;0.973;0;0.495
27.05.2021 00:00;0.973;0;0.201
27.05.2021 01:00;0.973;0;0.223
27.05.2021 02:00;0.973;0;0.134
27.05.2021 03:00;0.973;0;0.045
27.05.2021 04:00;0.973;0;0.045
27.05.2021 05:00;1.656;0;0.268
27.05.2021 06:00;5.637;0;0.736
27.05.2021 07:00;1.538;0;1.249
27.05.2021 08:00;0.855;0;2.03
27.05.2021 09:00;0.855;0;2.008
27.05.2021 10:00;0.855;0;1.807
27.05.2021 11:00;0.855;0;1.941
27.05.2021 12:00;5.69;0;1.963
27.05.2021 13:00;1.538;0;1.562
27.05.2021 14:00;0.854;0;1.249
27.05.2021 15:00;0.854;0;0.982
27.05.2021 16:00;0.854;0;1.249
27.05.2021 17:00;1.538;0;1.606
27.05.2021 18:00;5.69;0;2.231
27.05.2021 19:00;7.056;0;1.762
27.05.2021 20:00;1.59;0;0.982
27.05.2021 21:00;1.656;0;0.959
27.05.2021 22:00;1.656;0;0.781
27.05.2021 23:00;0.973;0;0.469
28.05.2021 00:00;0.973;0;0.271
28.05.2021 01:00;0.973;0;0.197
28.05.2021 02:00;0.973;0;0.148
28.05.2021 03:00;0.973;0;0.049
28.05.2021 04:00;0.973;0;0.049
28.05.2021 05:00;1.656;0;0.148
28.05.2021 06:00;5.637;0;0.493
28.05.2021 07:00;1.538;0;1.01
28.05.2021 08:00;0.855;0;1.601
28.05.2021 09:00;0.855;0;2.119
28.05.2021 10:00;0.855;0;2.34
28.05.2021 11:00;0.855;0;2.463
28.05.2021 12:00;5.69;0;2.119
28.05.2021 13:00;1.538;0;1.823
28.05.2021 14:00;0.855;0;1.429
28.05.2021 15:00;0.854;0;1.256
28.05.2021 16:00;0.854;0;0.714
28.05.2021 17:00;1.538;0;1.355
28.05.2021 18:00;5.69;0;1.774
28.05.2021 19:00;7.056;0;1.921
28.05.2021 20:00;1.59;0;0.985
28.05.2021 21:00;1.656;0;0.911
28.05.2021 22:00;1.656;0;0.838
28.05.2021 23:00;0.973;0;0.468
29.05.2021 00:00;0.973;0;0.208
29.05.2021 01:00;0.973;0;0.104
29.05.2021 02:00;0.973;0;0.026
29.05.2021 03:00;0.973;0;0.026
29.05.2021 04:00;0.973;0;0.052
29.05.2021 05:00;1.656;0;0.99
29.05.2021 06:00;5.637;0;2.604
29.05.2021 07:00;1.538;0;2.109
29.05.2021 08:00;0.855;0;1.745
29.05.2021 09:00;0.855;0;1.328
29.05.2021 10:00;0.854;0;1.172
29.05.2021 11:00;0.854;0;1.094
29.05.2021 12:00;5.69;0;1.64
29.05.2021 13:00;1.538;0;1.458
29.05.2021 14:00;0.854;0;0.833
29.05.2021 15:00;0.854;0;0.729
29.05.2021 16:00;0.854;0;0.833
29.05.2021 17:00;1.538;0;1.458
29.05.2021 18:00;5.69;0;2.057
29.05.2021 19:00;7.056;0;2.083
29.05.2021 20:00;1.591;0;1.614
29.05.2021 21:00;1.656;0;1.172
29.05.2021 22:00;1.656;0;0.651
29.05.2021 23:00;0.973;0;0.495
30.05.2021 00:00;0.973;0;0.208
30.05.2021 01:00;0.973;0;0.104
30.05.2021 02:00;0.973;0;0.026
30.05.2021 03:00;0.973;0;0.026
30.05.2021 04:00;0.973;0;0.052
30.05.2021 05:00;1.656;0;0.99
30.05.2021 06:00;5.637;0;2.604
30.05.2021 07:00;1.538;0;2.109
30.05.2021 08:00;0.855;0;1.745
30.05.2021 09:00;0.855;0;1.328
30.05.2021 10:00;0.854;0;1.172
30.05.2021 11:00;0.854;0;1.094
30.05.2021 12:00;5.69;0;1.64
30.05.2021 13:00;1.538;0;1.458
30.05.2021 14:00;0.854;0;0.833
30.05.2021 15:00;0.854;0;0.729
30.05.2021 16:00;0.854;0;0.833
30.05.2021 17:00;1.538;0;1.458
30.05.2021 18:00;5.69;0;2.057
30.05.2021 19:00;7.056;0;2.083
30.05.2021 20:00;1.591;0;1.614
30.05.2021 21:00;1.656;0;1.172
30.05.2021 22:00;1.656;0;0.651
30.05.2021 23:00;0.973;0;0.495
31.05.2021 00:00;0.973;0;0.208
31.05.2021 01:00;0.973;0;0.104
31.05.2021 02:00;0.973;0;0.026
31.05.2021 03:00;0.973;0;0.026
31.05.2021 04:00;0.973;0;0.052
31.05.2021 05:00;1.656;0;0.99
31.05.2021 06:00;5.637;0;2.604
31.05.2021 07:00;1.538;0;2.109
31.05.2021 08:00;0.855;0;1.745
31.05.2021 09:00;0.855;0;1.328
31.05.2021 10:00;0.854;0;1.172
31.05.2021 11:00;0.854;0;1.094
31.05.2021 12:00;5.69;0;1.64
31.05.2021 13:00;1.538;0;1.458
31.05.2021 14:00;0.854;0;0.833
31.05.2021 15:00;0.854;0;0.729
31.05.2021 16:00;0.854;0;0.833
31.05.2021 17:00;1.538;0;1.458
31.05.2021 18:00;5.69;0;2.057
31.05.2021 19:00;7.056;0;2.083
31.05.2021 20:00;1.591;0;1.614
31.05.2021 21:00;1.656;0;1.172
31.05.2021 22:00;1.656;0;0.651
31.05.2021 23:00;0.973;0;0.495
01.06.2021 00:00;0.973;0;0.208
01.06.2021 01:00;0.973;0;0.104
01.06.2021 02:00;0.973;0;0.026
01.06.2021 03:00;0.973;0;0.026
01.06.2021 04:00;0.973;0;0.052
01.06.2021 05:00;1.656;0;0.99
01.06.2021 06:00;5.637;0;2.604
01.06.2021 07:00;1.538;0;2.109
01.06.2021 08:00;0.855;0;1.745
01.06.2021 09:00;0.855;0;1.328
01.06.2021 10:00;0.854;0;1.172
01.06.2021 11:00;0.854;0;1.094
01.06.2021 12:00;5.69;0;1.64
01.06.2021 13:00;1.538;0;1.458
01.06.2021 14:00;0.854;0;0.833
01.06.2021 15:00;0.854;0;0.729
01.06.2021 16:00;0.854;0;0.833
01.06.2021 17:00;1.538;0;1.458
01.06.2021 18:00;5.69;0;2.057
01.06.2021 19:00;7.056;0;2.083
01.06.2021 20:00;1.591;0;1.614
01.06.2021 21:00;1.656;0;1.172
01.06.2021 22:00;1.656;0;0.651
01.06.2021 23:00;0.973;0;0.495
02.06.2021 00:00;0.973;0;0.208
02.06.2021 01:00;0.973;0;0.104
02.06.2021 02:00;0.973;0;0.026
02.06.2021 03:00;0.973;0;0.026
02.06.2021 04:00;0.973;0;0.052
02.06.2021 05:00;1.656;0;0.99
02.06.2021 06:00;5.637;0;2.604
02.06.2021 07:00;1.538;0;2.109
02.06.2021 08:00;0.855;0;1.745
02.06.2021 09:00;0.855;0;1.328
02.06.2021 10:00;0.854;0;1.172
02.06.2021 11:00;0.854;0;1.094
02.06.2021 12:00;5.69;0;1.64
02.06.2021 13:00;1.538;0;1.458
02.06.2021 14:00;0.854;0;0.833
02.06.2021 15:00;0.854;0;0.729
02.06.2021 16:00;0.854;0;0.833
02.06.2021 17:00;1.538;0;1.458
02.06.2021 18:00;5.69;0;2.057
02.06.2021 19:00;7.056;0;2.083
02.06.2021 20:00;1.591;0;1.614
02.06.2021 21:00;1.656;0;1.172
02.06.2021 22:00;1.656;0;0.651
02.06.2021 23:00;0.973;0;0.495
03.06.2021 00:00;0.973;0;0.201
03.06.2021 01:00;0.973;0;0.223
03.06.2021 02:00;0.973;0;0.134
03.06.2021 03:00;0.973;0;0.045
03.06.2021 04:00;0.973;0;0.045
03.06.2021 05:00;1.656;0;0.268
03.06.2021 06:00;5.637;0;0.736
03.06.2021 07:00;1.538;0;1.249
03.06.2021 08:00;0.855;0;2.03
03.06.2021 09:00;0.855;0;2.008
03.06.2021 10:00;0.855;0;1.807
03.06.2021 11:00;0.855;0;1.941
03.06.2021 12:00;5.69;0;1.963
03.06.2021 13:00;1.538;0;1.562
03.06.2021 14:00;0.854;0;1.249
03.06.2021 15:00;0.854;0;0.982
03.06.2021 16:00;0.854;0;1.249
03.06.2021 17:00;1.538;0;1.606
03.06.2021 18:00;5.69;0;2.231
03.06.2021 19:00;7.056;0;1.762
03.06.2021 20:00;1.59;0;0.982
03.06.2021 21:00;1.656;0;0.959
03.06.2021 22:00;1.656;0;0.781
03.06.2021 23:00;0.973;0;0.469
04.06.2021 00:00;0.973;0;0.271
04.06.2021 01:00;0.973;0;0.197
04.06.2021 02:00;0.973;0;0.148
04.06.2021 03:00;0.973;0;0.049
04.06.2021 04:00;0.973;0;0.049
04.06.2021 05:00;1.656;0;0.148
04.06.2021 06:00;5.637;0;0.493
04.06.2021 07:00;1.538;0;1.01
04.06.2021 08:00;0.855;0;1.601
04.06.2021 09:00;0.855;0;2.119
04.06.2021 10:00;0.855;0;2.34
04.06.2021 11:00;0.855;0;2.463
04.06.2021 12:00;5.69;0;2.119
04.06.2021 13:00;1.538;0;1.823
04.06.2021 14:00;0.855;0;1.429
04.06.2021 15:00;0.854;0;1.256
04.06.2021 16:00;0.854;0;0.714
04.06.2021 17:00;1.538;0;1.355
04.06.2021 18:00;5.69;0;1.774
04.06.2021 19:00;7.056;0;1.921
04.06.2021 20:00;1.59;0;0.985
04.06.2021 21:00;1.656;0;0.911
04.06.2021 22:00;1.656;0;0.838
04.06.2021 23:00;0.973;0;0.468
05.06.2021 00:00;0.973;0;0.208
05.06.2021 01:00;0.973;0;0.104
05.06.2021 02:00;0.973;0;0.026
05.06.2021 03:00;0.973;0;0.026
05.06.2021 04:00;0.973;0;0.052
05.06.2021 05:00;1.656;0;0.99
05.06.2021 06:00;5.637;0;2.604
05.06.2021 07:00;1.538;0;2.109
05.06.2021 08:00;0.855;0;1.745
05.06.2021 09:00;0.855;0;1.328
05.06.2021 10:00;0.854;0;1.172
05.06.2021 11:00;0.854;0;1.094
05.06.2021 12:00;5.689;0;1.64
05.06.2021 13:00;1.538;0;1.458
05.06.2021 14:00;0.854;0;0.833
05.06.2021 15:00;0.854;0;0.729
05.06.2021 16:00;0.854;0;0.833
05.06.2021 17:00;1.538;0;1.458
05.06.2021 18:00;5.69;0;2.057
05.06.2021 19:00;7.056;0;2.083
05.06.2021 20:00;1.591;0;1.614
05.06.2021 21:00;1.656;0;1.172
05.06.2021 22:00;1.656;0;0.651
05.06.2021 23:00;0.973;0;0.495
06.06.2021 00:00;0.973;0;0.208
06.06.2021 01:00;0.973;0;0.104
06.06.2021 02:00;0.973;0;0.026
06.06.2021 03:00;0.973;0;0.026
06.06.2021 04:00;0.973;0;0.052
06.06.2021 05:00;1.656;0;0.99
06.06.2021 06:00;5.637;0;2.604
06.06.2021 07:00;1.538;0;2.109
06.06.2021 08:00;0.855;0;1.745
06.06.2021 09:00;0.855;0;1.328
06.06.2021 10:00;0.854;0;1.172
06.06.2021 11:00;0.854;0;1.094
06.06.2021 12:00;5.69;0;1.64
06.06.2021 13:00;1.538;0;1.458
06.06.2021 14:00;0.854;0;0.833
06.06.2021 15:00;0.854;0;0.729
06.06.2021 16:00;0.854;0;0.833
06.06.2021 17:00;1.538;0;1.458
06.06.2021 18:00;5.69;0;2.057
06.06.2021 19:00;7.056;0;2.083
06.06.2021 20:00;1.591;0;1.614
06.06.2021 21:00;1.656;0;1.172
06.06.2021 22:00;1.656;0;0.651
06.06.2021 23:00;0.973;0;0.495
07.06.2021 00:00;0.973;0;0.208
07.06.2021 01:00;0.973;0;0.104
07.06.2021 02:00;0.973;0;0.026
07.06.2021 03:00;0.973;0;0.026
07.06.2021 04:00;0.973;0;0.052
07.06.2021 05:00;1.656;0;0.99
07.06.2021 06:00;5.637;0;2.604
07.06.2021 07:00;1.538;0;2.109
07.06.2021 08:00;0.855;0;1.745
07.06.2021 09:00;0.855;0;1.328
07.06.2021 10:00;0.854;0;1.172
07.06.2021 11:00;0.854;0;1.094
07.06.2021 12:00;5.69;0;1.64
07.06.2021 13:00;1.538;0;1.458
07.06.2021 14:00;0.854;0;0.833
07.06.2021 15:00;0.854;0;0.729
07.06.2021 16:00;0.854;0;0.833
07.06.2021 17:00;1.538;0;1.458
07.06.2021 18:00;5.69;0;2.057
07.06.2021 19:00;7.056;0;2.083
07.06.2021 20:00;1.591;0;1.614
07.06.2021 21:00;1.656;0;1.172
07.06.2021 22:00;1.656;0;0.651
07.06.2021 23:00;0.973;0;0.495
08.06.2021 00:00;0.973;0;0.208
08.06.2021 01:00;0.973;0;0.104
08.06.2021 02:00;0.973;0;0.026
08.06.2021 03:00;0.973;0;0.026
08.06.2021 04:00;0.973;0;0.052
08.06.2021 05:00;1.656;0;0.99
08.06.2021 06:00;5.637;0;2.604
08.06.2021 07:00;1.538;0;2.109
08.06.2021 08:00;0.855;0;1.745
08.06.2021 09:00;0.855;0;1.328
08.06.2021 10:00;0.854;0;1.172
08.06.2021 11:00;0.854;0;1.094
08.06.2021 12:00;5.69;0;1.64
08.06.2021 13:00;1.538;0;1.458
08.06.2021 14:00;0.854;0;0.833
08.06.2021 15:00;0.854;0;0.729
08.06.2021 16:00;0.854;0;0.833
08.06.2021 17:00;1.538;0;1.458
08.06.2021 18:00;5.69;0;2.057
08.06.2021 19:00;7.056;0;2.083
08.06.2021 20:00;1.591;0;1.614
08.06.2021 21:00;1.656;0;1.172
08.06.2021 22:00;1.656;0;0.651
08.06.2021 23:00;0.973;0;0.495
09.06.2021 00:00;0.973;0;0.208
09.06.2021 01:00;0.973;0;0.104
09.06.2021 02:00;0.973;0;0.026
09.06.2021 03:00;0.973;0;0.026
09.06.2021 04:00;0.973;0;0.052
09.06.2021 05:00;1.656;0;0.99
09.06.2021 06:00;5.637;0;2.604
09.06.2021 07:00;1.538;0;2.109
09.06.2021 08:00;0.855;0;1.745
09.06.2021 09:00;0.855;0;1.328
09.06.2021 10:00;0.854;0;1.172
09.06.2021 11:00;0.854;0;1.094
09.06.2021 12:00;5.69;0;1.64
09.06.2021 13:00;1.538;0;1.458
09.06.2021 14:00;0.854;0;0.833
09.06.2021 15:00;0.854;0;0.729
09.06.2021 16:00;0.854;0;0.833
09.06.2021 17:00;1.538;0;1.458
09.06.2021 18:00;5.69;0;2.057
09.06.2021 19:00;7.056;0;2.083
09.06.2021 20:00;1.591;0;1.614
09.06.2021 21:00;1.656;0;1.172
09.06.2021 22:00;1.656;0;0.651
09.06.2021 23:00;0.973;0;0.495
10.06.2021 00:00;0.973;0;0.201
10.06.2021 01:00;0.973;0;0.223
10.06.2021 02:00;0.973;0;0.134
10.06.2021 03:00;0.973;0;0.045
10.06.2021 04:00;0.973;0;0.045
10.06.2021 05:00;1.656;0;0.268
10.06.2021 06:00;5.637;0;0.736
10.06.2021 07:00;1.538;0;1.249
10.06.2021 08:00;0.855;0;2.03
10.06.2021 09:00;0.855;0;2.008
10.06.2021 10:00;0.855;0;1.807
10.06.2021 11:00;0.855;0;1.941
10.06.2021 12:00;5.69;0;1.963
10.06.2021 13:00;1.538;0;1.562
10.06.2021 14:00;0.854;0;1.249
10.06.2021 15:00;0.854;0;0.982
10.06.2021 16:00;0.854;0;1.249
10.06.2021 17:00;1.538;0;1.606
10.06.2021 18:00;5.69;0;2.231
10.06.2021 19:00;7.056;0;1.762
10.06.2021 20:00;1.59;0;0.982
10.06.2021 21:00;1.656;0;0.959
10.06.2021 22:00;1.656;0;0.781
10.06.2021 23:00;0.973;0;0.469
11.06.2021 00:00;0.973;0;0.271
11.06.2021 01:00;0.973;0;0.197
11.06.2021 02:00;0.973;0;0.148
11.06.2021 03:00;0.973;0;0.049
11.06.2021 04:00;0.973;0;0.049
11.06.2021 05:00;1.656;0;0.148
11.06.2021 06:00;5.637;0;0.493
11.06.2021 07:00;1.538;0;1.01
11.06.2021 08:00;0.855;0;1.601
11.06.2021 09:00;0.855;0;2.119
11.06.2021 10:00;0.855;0;2.34
11.06.2021 11:00;0.855;0;2.463
11.06.2021 12:00;5.69;0;2.119
11.06.2021 13:00;1.538;0;1.823
11.06.2021 14:00;0.855;0;1.429
11.06.2021 15:00;0.854;0;1.256
11.06.2021 16:00;0.854;0;0.714
11.06.2021 17:00;1.538;0;1.355
11.06.2021 18:00;5.69;0;1.774
11.06.2021 19:00;7.056;0;1.921
11.06.2021 20:00;1.59;0;0.985
11.06.2021 21:00;1.656;0;0.911
11.06.2021 22:00;1.656;0;0.838
11.06.2021 23:00;0.973;0;0.468
12.06.2021 00:00;0.973;0;0.208
12.06.2021 01:00;0.973;0;0.104
12.06.2021 02:00;0.973;0;0.026
12.06.2021 03:00;0.973;0;0.026
12.06.2021 04:00;0.973;0;0.052
12.06.2021 05:00;1.656;0;0.99
12.06.2021 06:00;5.637;0;2.604
12.06.2021 07:00;1.538;0;2.109
12.06.2021 08:00;0.855;0;1.745
12.06.2021 09:00;0.855;0;1.328
12.06.2021 10:00;0.854;0;1.172
12.06.2021 11:00;0.854;0;1.094
12.06.2021 12:00;5.69;0;1.64
12.06.2021 13:00;1.538;0;1.458
12.06.2021 14:00;0.854;0;0.833
12.06.2021 15:00;0.854;0;0.729
12.06.2021 16:00;0.854;0;0.833
12.06.2021 17:00;1.538;0;1.458
12.06.2021 18:00;5.69;0;2.057
12.06.2021 19:00;7.056;0;2.083
12.06.2021 20:00;1.591;0;1.614
12.06.2021 21:00;1.656;0;1.172
12.06.2021 22:00;1.656;0;0.651
12.06.2021 23:00;0.973;0;0.495
13.06.2021 00:00;0.973;0;0.208
13.06.2021 01:00;0.973;0;0.104
13.06.2021 02:00;0.973;0;0.026
13.06.2021 03:00;0.973;0;0.026
13.06.2021 04:00;0.973;0;0.052
13.06.2021 05:00;1.656;0;0.99
13.06.2021 06:00;5.637;0;2.604
13.06.2021 07:00;1.538;0;2.109
13.06.2021 08:00;0.855;0;1.745
13.06.2021 09:00;0.855;0;1.328
13.06.2021 10:00;0.854;0;1.172
13.06.2021 11:00;0.854;0;1.094
13.06.2021 12:00;5.69;0;1.64
13.06.2021 13:00;1.538;0;1.458
13.06.2021 14:00;0.854;0;0.833
13.06.2021 15:00;0.854;0;0.729
13.06.2021 16:00;0.854;0;0.833
13.06.2021 17:00;1.538;0;1.458
13.06.2021 18:00;5.69;0;2.057
13.06.2021 19:00;7.056;0;2.083
13.06.2021 20:00;1.591;0;1.614
13.06.2021 21:00;1.656;0;1.172
13.06.2021 22:00;1.656;0;0.651
13.06.2021 23:00;0.973;0;0.495
14.06.2021 00:00;0.973;0;0.208
14.06.2021 01:00;0.973;0;0.104
14.06.2021 02:00;0.973;0;0.026
14.06.2021 03:00;0.973;0;0.026
14.06.2021 04:00;0.973;0;0.052
14.06.2021 05:00;1.656;0;0.99
14.06.2021 06:00;5.637;0;2.604
14.06.2021 07:00;1.538;0;2.109
14.06.2021 08:00;0.855;0;1.745
14.06.2021 09:00;0.855;0;1.328
14.06.2021 10:00;0.854;0;1.172
14.06.2021 11:00;0.854;0;1.094
14.06.2021 12:00;5.69;0;1.64
14.06.2021 13:00;1.538;0;1.458
14.06.2021 14:00;0.854;0;0.833
14.06.2021 15:00;0.854;0;0.729
14.06.2021 16:00;0.854;0;0.833
14.06.2021 17:00;1.538;0;1.458
14.06.2021 18:00;5.69;0;2.057
14.06.2021 19:00;7.056;0;2.083
14.06.2021 20:00;1.591;0;1.614
14.06.2021 21:00;1.656;0;1.172
14.06.2021 22:00;1.656;0;0.651
14.06.2021 23:00;0.973;0;0.495
15.06.2021 00:00;0.973;0;0.208
15.06.2021 01:00;0.973;0;0.104
15.06.2021 02:00;0.973;0;0.026
15.06.2021 03:00;0.973;0;0.026
15.06.2021 04:00;0.973;0;0.052
15.06.2021 05:00;1.656;0;0.99
15.06.2021 06:00;5.637;0;2.604
15.06.2021 07:00;1.538;0;2.109
15.06.2021 08:00;0.855;0;1.745
15.06.2021 09:00;0.855;0;1.328
15.06.2021 10:00;0.854;0;1.172
15.06.2021 11:00;0.854;0;1.094
15.06.2021 12:00;5.69;0;1.64
15.06.2021 13:00;1.538;0;1.458
15.06.2021 14:00;0.854;0;0.833
15.06.2021 15:00;0.854;0;0.729
15.06.2021 16:00;0.854;0;0.833
15.06.2021 17:00;1.538;0;1.458
15.06.2021 18:00;5.69;0;2.057
15.06.2021 19:00;7.056;0;2.083
15.06.2021 20:00;1.591;0;1.614
15.06.2021 21:00;1.656;0;1.172
15.06.2021 22:00;1.656;0;0.651
15.06.2021 23:00;0.973;0;0.495
16.06.2021 00:00;0.973;0;0.208
16.06.2021 01:00;0.973;0;0.104
16.06.2021 02:00;0.973;0;0.026
16.06.2021 03:00;0.973;0;0.026
16.06.2021 04:00;0.973;0;0.052
16.06.2021 05:00;1.656;0;0.99
16.06.2021 06:00;5.637;0;2.604
16.06.2021 07:00;1.538;0;2.109
16.06.2021 08:00;0.855;0;1.745
16.06.2021 09:00;0.855;0;1.328
16.06.2021 10:00;0.854;0;1.172
16.06.2021 11:00;0.854;0;1.094
16.06.2021 12:00;5.69;0;1.64
16.06.2021 13:00;1.538;0;1.458
16.06.2021 14:00;0.854;0;0.833
16.06.2021 15:00;0.854;0;0.729
16.06.2021 16:00;0.854;0;0.833
16.06.2021 17:00;1.538;0;1.458
16.06.2021 18:00;5.69;0;2.057
16.06.2021 19:00;7.056;0;2.083
16.06.2021 20:00;1.591;0;1.614
16.06.2021 21:00;1.656;0;1.172
16.06.2021 22:00;1.656;0;0.651
16.06.2021 23:00;0.973;0;0.495
17.06.2021 00:00;0.973;0;0.201
17.06.2021 01:00;0.973;0;0.223
17.06.2021 02:00;0.973;0;0.134
17.06.2021 03:00;0.973;0;0.045
17.06.2021 04:00;0.973;0;0.045
17.06.2021 05:00;1.656;0;0.268
17.06.2021 06:00;5.637;0;0.736
17.06.2021 07:00;1.538;0;1.249
17.06.2021 08:00;0.855;0;2.03
17.06.2021 09:00;0.855;0;2.008
17.06.2021 10:00;0.855;0;1.807
17.06.2021 11:00;0.855;0;1.941
17.06.2021 12:00;5.69;0;1.963
17.06.2021 13:00;1.538;0;1.562
17.06.2021 14:00;0.854;0;1.249
17.06.2021 15:00;0.854;0;0.982
17.06.2021 16:00;0.854;0;1.249
17.06.2021 17:00;1.538;0;1.606
17.06.2021 18:00;5.69;0;2.231
17.06.2021 19:00;7.056;0;1.762
17.06.2021 20:00;1.59;0;0.982
17.06.2021 21:00;1.656;0;0.959
17.06.2021 22:00;1.656;0;0.781
17.06.2021 23:00;0.973;0;0.469
18.06.2021 00:00;0.973;0;0.271
18.06.2021 01:00;0.973;0;0.197
18.06.2021 02:00;0.973;0;0.148
18.06.2021 03:00;0.973;0;0.049
18.06.2021 04:00;0.973;0;0.049
18.06.2021 05:00;1.656;0;0.148
18.06.2021 06:00;5.637;0;0.493
18.06.2021 07:00;1.538;0;1.01
18.06.2021 08:00;0.855;0;1.601
18.06.2021 09:00;0.855;0;2.119
18.06.2021 10:00;0.855;0;2.34
18.06.2021 11:00;0.855;0;2.463
18.06.2021 12:00;5.69;0;2.119
18.06.2021 13:00;1.538;0;1.823
18.06.2021 14:00;0.855;0;1.429
18.06.2021 15:00;0.854;0;1.256
18.06.2021 16:00;0.854;0;0.714
18.06.2021 17:00;1.538;0;1.355
18.06.2021 18:00;5.69;0;1.774
18.06.2021 19:00;7.056;0;1.921
18.06.2021 20:00;1.59;0;0.985
18.06.2021 21:00;1.656;0;0.911
18.06.2021 22:00;1.656;0;0.838
18.06.2021 23:00;0.973;0;0.468
19.06.2021 00:00;0.973;0;0.208
19.06.2021 01:00;0.973;0;0.104
19.06.2021 02:00;0.973;0;0.026
19.06.2021 03:00;0.973;0;0.026
19.06.2021 04:00;0.973;0;0.052
19.06.2021 05:00;1.656;0;0.99
19.06.2021 06:00;5.637;0;2.604
19.06.2021 07:00;1.538;0;2.109
19.06.2021 08:00;0.855;0;1.745
19.06.2021 09:00;0.855;0;1.328
19.06.2021 10:00;0.854;0;1.172
19.06.2021 11:00;0.854;0;1.094
19.06.2021 12:00;5.69;0;1.64
19.06.2021 13:00;1.538;0;1.458
19.06.2021 14:00;0.854;0;0.833
19.06.2021 15:00;0.854;0;0.729
19.06.2021 16:00;0.854;0;0.833
19.06.2021 17:00;1.538;0;1.458
19.06.2021 18:00;5.69;0;2.057
19.06.2021 19:00;7.056;0;2.083
19.06.2021 20:00;1.591;0;1.614
19.06.2021 21:00;1.656;0;1.172
19.06.2021 22:00;1.656;0;0.651
19.06.2021 23:00;0.973;0;0.495
20.06.2021 00:00;0.973;0;0.208
20.06.2021 01:00;0.973;0;0.104
20.06.2021 02:00;0.973;0;0.026
20.06.2021 03:00;0.973;0;0.026
20.06.2021 04:00;0.973;0;0.052
20.06.2021 05:00;1.656;0;0.99
20.06.2021 06:00;5.637;0;2.604
20.06.2021 07:00;1.538;0;2.109
20.06.2021 08:00;0.855;0;1.745
20.06.2021 09:00;0.855;0;1.328
20.06.2021 10:00;0.854;0;1.172
20.06.2021 11:00;0.854;0;1.094
20.06.2021 12:00;5.69;0;1.64
20.06.2021 13:00;1.538;0;1.458
20.06.2021 14:00;0.854;0;0.833
20.06.2021 15:00;0.854;0;0.729
20.06.2021 16:00;0.854;0;0.833
20.06.2021 17:00;1.538;0;1.458
20.06.2021 18:00;5.69;0;2.057
20.06.2021 19:00;7.056;0;2.083
20.06.2021 20:00;1.591;0;1.614
20.06.2021 21:00;1.656;0;1.172
20.06.2021 22:00;1.656;0;0.651
20.06.2021 23:00;0.973;0;0.495
21.06.2021 00:00;0.973;0;0.208
21.06.2021 01:00;0.973;0;0.104
21.06.2021 02:00;0.973;0;0.026
21.06.2021 03:00;0.973;0;0.026
21.06.2021 04:00;0.973;0;0.052
21.06.2021 05:00;1.656;0;0.99
21.06.2021 06:00;5.637;0;2.604
21.06.2021 07:00;1.538;0;2.109
21.06.2021 08:00;0.855;0;1.745
21.06.2021 09:00;0.855;0;1.328
21.06.2021 10:00;0.854;0;1.172
21.06.2021 11:00;0.854;0;1.094
21.06.2021 12:00;5.69;0;1.64
21.06.2021 13:00;1.538;0;1.458
21.06.2021 14:00;0.854;0;0.833
21.06.2021 15:00;0.854;0;0.729
21.06.2021 16:00;0.854;0;0.833
21.06.2021 17:00;1.538;0;1.458
21.06.2021 18:00;5.69;0;2.057
21.06.2021 19:00;7.056;0;2.083
21.06.2021 20:00;1.591;0;1.614
21.06.2021 21:00;1.656;0;1.172
21.06.2021 22:00;1.656;0;0.651
21.06.2021 23:00;0.973;0;0.495
22.06.2021 00:00;0.973;0;0.208
22.06.2021 01:00;0.973;0;0.104
22.06.2021 02:00;0.973;0;0.026
22.06.2021 03:00;0.973;0;0.026
22.06.2021 04:00;0.973;0;0.052
22.06.2021 05:00;1.656;0;0.99
22.06.2021 06:00;5.637;0;2.604
22.06.2021 07:00;1.538;0;2.109
22.06.2021 08:00;0.855;0;1.745
22.06.2021 09:00;0.855;0;1.328
22.06.2021 10:00;0.854;0;1.172
22.06.2021 11:00;0.854;0;1.094
22.06.2021 12:00;5.69;0;1.64
22.06.2021 13:00;1.538;0;1.458
22.06.2021 14:00;0.854;0;0.833
22.06.2021 15:00;0.854;0;0.729
22.06.2021 16:00;0.854;0;0.833
22.06.2021 17:00;1.538;0;1.458
22.06.2021 18:00;5.69;0;2.057
22.06.2021 19:00;7.056;0;2.083
22.06.2021 20:00;1.591;0;1.614
22.06.2021 21:00;1.656;0;1.172
22.06.2021 22:00;1.656;0;0.651
22.06.2021 23:00;0.973;0;0.495
23.06.2021 00:00;0.973;0;0.208
23.06.2021 01:00;0.973;0;0.104
23.06.2021 02:00;0.973;0;0.026
23.06.2021 03:00;0.973;0;0.026
23.06.2021 04:00;0.973;0;0.052
23.06.2021 05:00;1.656;0;0.99
23.06.2021 06:00;5.637;0;2.604
23.06.2021 07:00;1.538;0;2.109
23.06.2021 08:00;0.855;0;1.745
23.06.2021 09:00;0.855;0;1.328
23.06.2021 10:00;0.854;0;1.172
23.06.2021 11:00;0.854;0;1.094
23.06.2021 12:00;5.69;0;1.64
23.06.2021 13:00;1.538;0;1.458
23.06.2021 14:00;0.854;0;0.833
23.06.2021 15:00;0.854;0;0.729
23.06.2021 16:00;0.854;0;0.833
23.06.2021 17:00;1.538;0;1.458
23.06.2021 18:00;5.69;0;2.057
23.06.2021 19:00;7.056;0;2.083
23.06.2021 20:00;1.591;0;1.614
23.06.2021 21:00;1.656;0;1.172
23.06.2021 22:00;1.656;0;0.651
23.06.2021 23:00;0.973;0;0.495
24.06.2021 00:00;0.973;0;0.201
24.06.2021 01:00;0.973;0;0.223
24.06.2021 02:00;0.973;0;0.134
24.06.2021 03:00;0.973;0;0.045
24.06.2021 04:00;0.973;0;0.045
24.06.2021 05:00;1.656;0;0.268
24.06.2021 06:00;5.637;0;0.736
24.06.2021 07:00;1.538;0;1.249
24.06.2021 08:00;0.855;0;2.03
24.06.2021 09:00;0.855;0;2.008
24.06.2021 10:00;0.855;0;1.807
24.06.2021 11:00;0.855;0;1.941
24.06.2021 12:00;5.69;0;1.963
24.06.2021 13:00;1.538;0;1.562
24.06.2021 14:00;0.854;0;1.249
24.06.2021 15:00;0.854;0;0.982
24.06.2021 16:00;0.854;0;1.249
24.06.2021 17:00;1.538;0;1.606
24.06.2021 18:00;5.69;0;2.231
24.06.2021 19:00;7.056;0;1.762
24.06.2021 20:00;1.59;0;0.982
24.06.2021 21:00;1.656;0;0.959
24.06.2021 22:00;1.656;0;0.781
24.06.2021 23:00;0.973;0;0.469
25.06.2021 00:00;0.973;0;0.271
25.06.2021 01:00;0.973;0;0.197
25.06.2021 02:00;0.973;0;0.148
25.06.2021 03:00;0.973;0;0.049
25.06.2021 04:00;0.973;0;0.049
25.06.2021 05:00;1.656;0;0.148
25.06.2021 06:00;5.637;0;0.493
25.06.2021 07:00;1.538;0;1.01
25.06.2021 08:00;0.855;0;1.601
25.06.2021 09:00;0.855;0;2.119
25.06.2021 10:00;0.855;0;2.34
25.06.2021 11:00;0.855;0;2.463
25.06.2021 12:00;5.69;0;2.119
25.06.2021 13:00;1.538;0;1.823
25.06.2021 14:00;0.855;0;1.429
25.06.2021 15:00;0.854;0;1.256
25.06.2021 16:00;0.854;0;0.714
25.06.2021 17:00;1.538;0;1.355
25.06.2021 18:00;5.69;0;1.774
25.06.2021 19:00;7.056;0;1.921
25.06.2021 20:00;1.59;0;0.985
25.06.2021 21:00;1.656;0;0.911
25.06.2021 22:00;1.656;0;0.838
25.06.2021 23:00;0.973;0;0.468
26.06.2021 00:00;0.973;0;0.208
26.06.2021 01:00;0.973;0;0.104
26.06.2021 02:00;0.973;0;0.026
26.06.2021 03:00;0.973;0;0.026
26.06.2021 04:00;0.973;0;0.052
26.06.2021 05:00;1.656;0;0.99
26.06.2021 06:00;5.637;0;2.604
26.06.2021 07:00;1.538;0;2.109
26.06.2021 08:00;0.855;0;1.745
26.06.2021 09:00;0.855;0;1.328
26.06.2021 10:00;0.854;0;1.172
26.06.2021 11:00;0.854;0;1.094
26.06.2021 12:00;5.69;0;1.64
26.06.2021 13:00;1.538;0;1.458
26.06.2021 14:00;0.854;0;0.833
26.06.2021 15:00;0.854;0;0.729
26.06.2021 16:00;0.854;0;0.833
26.06.2021 17:00;1.538;0;1.458
26.06.2021 18:00;5.69;0;2.057
26.06.2021 19:00;7.056;0;2.083
26.06.2021 20:00;1.591;0;1.614
26.06.2021 21:00;1.656;0;1.172
26.06.2021 22:00;1.656;0;0.651
26.06.2021 23:00;0.973;0;0.495
27.06.2021 00:00;0.973;0;0.208
27.06.2021 01:00;0.973;0;0.104
27.06.2021 02:00;0.973;0;0.026
27.06.2021 03:00;0.973;0;0.026
27.06.2021 04:00;0.973;0;0.052
27.06.2021 05:00;1.656;0;0.99
27.06.2021 06:00;5.637;0;2.604
27.06.2021 07:00;1.538;0;2.109
27.06.2021 08:00;0.855;0;1.745
27.06.2021 09:00;0.855;0;1.328
27.06.2021 10:00;0.854;0;1.172
27.06.2021 11:00;0.854;0;1.094
27.06.2021 12:00;5.69;0;1.64
27.06.2021 13:00;1.538;0;1.458
27.06.2021 14:00;0.854;0;0.833
27.06.2021 15:00;0.854;0;0.729
27.06.2021 16:00;0.854;0;0.833
27.06.2021 17:00;1.538;0;1.458
27.06.2021 18:00;5.69;0;2.057
27.06.2021 19:00;7.056;0;2.083
27.06.2021 20:00;1.591;0;1.614
27.06.2021 21:00;1.656;0;1.172
27.06.2021 22:00;1.656;0;0.651
27.06.2021 23:00;0.973;0;0.495
28.06.2021 00:00;0.973;0;0.208
28.06.2021 01:00;0.973;0;0.104
28.06.2021 02:00;0.973;0;0.026
28.06.2021 03:00;0.973;0;0.026
28.06.2021 04:00;0.973;0;0.052
28.06.2021 05:00;1.656;0;0.99
28.06.2021 06:00;5.637;0;2.604
28.06.2021 07:00;1.538;0;2.109
28.06.2021 08:00;0.855;0;1.745
28.06.2021 09:00;0.855;0;1.328
28.06.2021 10:00;0.854;0;1.172
28.06.2021 11:00;0.854;0;1.094
28.06.2021 12:00;5.69;0;1.64
28.06.2021 13:00;1.538;0;1.458
28.06.2021 14:00;0.854;0;0.833
28.06.2021 15:00;0.854;0;0.729
28.06.2021 16:00;0.854;0;0.833
28.06.2021 17:00;1.538;0;1.458
28.06.2021 18:00;5.69;0;2.057
28.06.2021 19:00;7.056;0;2.083
28.06.2021 20:00;1.591;0;1.614
28.06.2021 21:00;1.656;0;1.172
28.06.2021 22:00;1.656;0;0.651
28.06.2021 23:00;0.973;0;0.495
29.06.2021 00:00;0.973;0;0.208
29.06.2021 01:00;0.973;0;0.104
29.06.2021 02:00;0.973;0;0.026
29.06.2021 03:00;0.973;0;0.026
29.06.2021 04:00;0.973;0;0.052
29.06.2021 05:00;1.656;0;0.99
29.06.2021 06:00;5.637;0;2.604
29.06.2021 07:00;1.538;0;2.109
29.06.2021 08:00;0.855;0;1.745
29.06.2021 09:00;0.855;0;1.328
29.06.2021 10:00;0.854;0;1.172
29.06.2021 11:00;0.854;0;1.094
29.06.2021 12:00;5.69;0;1.64
29.06.2021 13:00;1.538;0;1.458
29.06.2021 14:00;0.854;0;0.833
29.06.2021 15:00;0.854;0;0.729
29.06.2021 16:00;0.854;0;0.833
29.06.2021 17:00;1.538;0;1.458
29.06.2021 18:00;5.69;0;2.057
29.06.2021 19:00;7.056;0;2.083
29.06.2021 20:00;1.591;0;1.614
29.06.2021 21:00;1.656;0;1.172
29.06.2021 22:00;1.656;0;0.651
29.06.2021 23:00;0.973;0;0.495
30.06.2021 00:00;0.973;0;0.208
30.06.2021 01:00;0.973;0;0.104
30.06.2021 02:00;0.973;0;0.026
30.06.2021 03:00;0.973;0;0.026
30.06.2021 04:00;0.973;0;0.052
30.06.2021 05:00;1.656;0;0.99
30.06.2021 06:00;5.637;0;2.604
30.06.2021 07:00;1.538;0;2.109
30.06.2021 08:00;0.855;0;1.745
30.06.2021 09:00;0.855;0;1.328
30.06.2021 10:00;0.854;0;1.172
30.06.2021 11:00;0.854;0;1.094
30.06.2021 12:00;5.69;0;1.64
30.06.2021 13:00;1.538;0;1.458
30.06.2021 14:00;0.854;0;0.833
30.06.2021 15:00;0.854;0;0.729
30.06.2021 16:00;0.854;0;0.833
30.06.2021 17:00;1.538;0;1.458
30.06.2021 18:00;5.69;0;2.057
30.06.2021 19:00;7.056;0;2.083
30.06.2021 20:00;1.591;0;1.614
30.06.2021 21:00;1.656;0;1.172
30.06.2021 22:00;1.656;0;0.651
30.06.2021 23:00;0.973;0;0.495
01.07.2021 00:00;0.973;0;0.201
01.07.2021 01:00;0.973;0;0.223
01.07.2021 02:00;0.973;0;0.134
01.07.2021 03:00;0.973;0;0.045
01.07.2021 04:00;0.973;0;0.045
01.07.2021 05:00;1.656;0;0.268
01.07.2021 06:00;5.637;0;0.736
01.07.2021 07:00;1.538;0;1.249
01.07.2021 08:00;0.855;0;2.03
01.07.2021 09:00;0.855;0;2.008
01.07.2021 10:00;0.855;0;1.807
01.07.2021 11:00;0.855;0;1.941
01.07.2021 12:00;5.69;0;1.963
01.07.2021 13:00;1.538;0;1.562
01.07.2021 14:00;0.854;0;1.249
01.07.2021 15:00;0.854;0;0.982
01.07.2021 16:00;0.854;0;1.249
01.07.2021 17:00;1.538;0;1.606
01.07.2021 18:00;5.69;0;2.231
01.07.2021 19:00;7.056;0;1.762
01.07.2021 20:00;1.59;0;0.982
01.07.2021 21:00;1.656;0;0.959
01.07.2021 22:00;1.656;0;0.781
01.07.2021 23:00;0.973;0;0.469
02.07.2021 00:00;0.973;0;0.271
02.07.2021 01:00;0.973;0;0.197
02.07.2021 02:00;0.973;0;0.148
02.07.2021 03:00;0.973;0;0.049
02.07.2021 04:00;0.973;0;0.049
02.07.2021 05:00;1.656;0;0.148
02.07.2021 06:00;5.637;0;0.493
02.07.2021 07:00;1.538;0;1.01
02.07.2021 08:00;0.855;0;1.601
02.07.2021 09:00;0.855;0;2.119
02.07.2021 10:00;0.855;0;2.34
02.07.2021 11:00;0.855;0;2.463
02.07.2021 12:00;5.69;0;2.119
02.07.2021 13:00;1.538;0;1.823
02.07.2021 14:00;0.855;0;1.429
02.07.2021 15:00;0.854;0;1.256
02.07.2021 16:00;0.854;0;0.714
02.07.2021 17:00;1.538;0;1.355
02.07.2021 18:00;5.69;0;1.774
02.07.2021 19:00;7.056;0;1.921
02.07.2021 20:00;1.59;0;0.985
02.07.2021 21:00;1.656;0;0.911
02.07.2021 22:00;1.656;0;0.838
02.07.2021 23:00;0.973;0;0.468
03.07.2021 00:00;0.973;0;0.208
03.07.2021 01:00;0.973;0;0.104
03.07.2021 02:00;0.973;0;0.026
03.07.2021 03:00;0.973;0;0.026
03.07.2021 04:00;0.973;0;0.052
03.07.2021 05:00;1.656;0;0.99
03.07.2021 06:00;5.637;0;2.604
03.07.2021 07:00;1.538;0;2.109
03.07.2021 08:00;0.855;0;1.745
03.07.2021 09:00;0.855;0;1.328
03.07.2021 10:00;0.854;0;1.172
03.07.2021 11:00;0.854;0;1.094
03.07.2021 12:00;5.69;0;1.64
03.07.2021 13:00;1.538;0;1.458
03.07.2021 14:00;0.854;0;0.833
03.07.2021 15:00;0.854;0;0.729
03.07.2021 16:00;0.854;0;0.833
03.07.2021 17:00;1.538;0;1.458
03.07.2021 18:00;5.69;0;2.057
03.07.2021 19:00;7.056;0;2.083
03.07.2021 20:00;1.591;0;1.614
03.07.2021 21:00;1.656;0;1.172
03.07.2021 22:00;1.656;0;0.651
03.07.2021 23:00;0.973;0;0.495
04.07.2021 00:00;0.973;0;0.208
04.07.2021 01:00;0.973;0;0.104
04.07.2021 02:00;0.973;0;0.026
04.07.2021 03:00;0.973;0;0.026
04.07.2021 04:00;0.973;0;0.052
04.07.2021 05:00;1.656;0;0.99
04.07.2021 06:00;5.637;0;2.604
04.07.2021 07:00;1.538;0;2.109
04.07.2021 08:00;0.855;0;1.745
04.07.2021 09:00;0.855;0;1.328
04.07.2021 10:00;0.854;0;1.172
04.07.2021 11:00;0.854;0;1.094
04.07.2021 12:00;5.69;0;1.64
04.07.2021 13:00;1.538;0;1.458
04.07.2021 14:00;0.854;0;0.833
04.07.2021 15:00;0.854;0;0.729
04.07.2021 16:00;0.854;0;0.833
04.07.2021 17:00;1.538;0;1.458
04.07.2021 18:00;5.69;0;2.057
04.07.2021 19:00;7.056;0;2.083
04.07.2021 20:00;1.591;0;1.614
04.07.2021 21:00;1.656;0;1.172
04.07.2021 22:00;1.656;0;0.651
04.07.2021 23:00;0.973;0;0.495
05.07.2021 00:00;0.973;0;0.208
05.07.2021 01:00;0.973;0;0.104
05.07.2021 02:00;0.973;0;0.026
05.07.2021 03:00;0.973;0;0.026
05.07.2021 04:00;0.973;0;0.052
05.07.2021 05:00;1.656;0;0.99
05.07.2021 06:00;5.637;0;2.604
05.07.2021 07:00;1.538;0;2.109
05.07.2021 08:00;0.855;0;1.745
05.07.2021 09:00;0.855;0;1.328
05.07.2021 10:00;0.854;0;1.172
05.07.2021 11:00;0.854;0;1.094
05.07.2021 12:00;5.69;0;1.64
05.07.2021 13:00;1.538;0;1.458
05.07.2021 14:00;0.854;0;0.833
05.07.2021 15:00;0.854;0;0.729
05.07.2021 16:00;0.854;0;0.833
05.07.2021 17:00;1.538;0;1.458
05.07.2021 18:00;5.69;0;2.057
05.07.2021 19:00;7.056;0;2.083
05.07.2021 20:00;1.591;0;1.614
05.07.2021 21:00;1.656;0;1.172
05.07.2021 22:00;1.656;0;0.651
05.07.2021 23:00;0.973;0;0.495
06.07.2021 00:00;0.973;0;0.208
06.07.2021 01:00;0.973;0;0.104
06.07.2021 02:00;0.973;0;0.026
06.07.2021 03:00;0.973;0;0.026
06.07.2021 04:00;0.973;0;0.052
06.07.2021 05:00;1.656;0;0.99
06.07.2021 06:00;5.637;0;2.604
06.07.2021 07:00;1.538;0;2.109
06.07.2021 08:00;0.855;0;1.745
06.07.2021 09:00;0.855;0;1.328
06.07.2021 10:00;0.854;0;1.172
06.07.2021 11:00;0.854;0;1.094
06.07.2021 12:00;5.69;0;1.64
06.07.2021 13:00;1.538;0;1.458
06.07.2021 14:00;0.854;0;0.833
06.07.2021 15:00;0.854;0;0.729
06.07.2021 16:00;0.854;0;0.833
06.07.2021 17:00;1.538;0;1.458
06.07.2021 18:00;5.69;0;2.057
06.07.2021 19:00;7.056;0;2.083
06.07.2021 20:00;1.591;0;1.614
06.07.2021 21:00;1.656;0;1.172
06.07.2021 22:00;1.656;0;0.651
06.07.2021 23:00;0.973;0;0.495
07.07.2021 00:00;0.973;0;0.208
07.07.2021 01:00;0.973;0;0.104
07.07.2021 02:00;0.973;0;0.026
07.07.2021 03:00;0.973;0;0.026
07.07.2021 04:00;0.973;0;0.052
07.07.2021 05:00;1.656;0;0.99
07.07.2021 06:00;5.637;0;2.604
07.07.2021 07:00;1.538;0;2.109
07.07.2021 08:00;0.855;0;1.745
07.07.2021 09:00;0.855;0;1.328
07.07.2021 10:00;0.854;0;1.172
07.07.2021 11:00;0.854;0;1.094
07.07.2021 12:00;5.69;0;1.64
07.07.2021 13:00;1.538;0;1.458
07.07.2021 14:00;0.854;0;0.833
07.07.2021 15:00;0.854;0;0.729
07.07.2021 16:00;0.854;0;0.833
07.07.2021 17:00;1.538;0;1.458
07.07.2021 18:00;5.69;0;2.057
07.07.2021 19:00;7.056;0;2.083
07.07.2021 20:00;1.591;0;1.614
07.07.2021 21:00;1.656;0;1.172
07.07.2021 22:00;1.656;0;0.651
07.07.2021 23:00;0.973;0;0.495
08.07.2021 00:00;0.973;0;0.201
08.07.2021 01:00;0.973;0;0.223
08.07.2021 02:00;0.973;0;0.134
08.07.2021 03:00;0.973;0;0.045
08.07.2021 04:00;0.973;0;0.045
08.07.2021 05:00;1.656;0;0.268
08.07.2021 06:00;5.637;0;0.736
08.07.2021 07:00;1.538;0;1.249
08.07.2021 08:00;0.855;0;2.03
08.07.2021 09:00;0.855;0;2.008
08.07.2021 10:00;0.855;0;1.807
08.07.2021 11:00;0.855;0;1.941
08.07.2021 12:00;5.69;0;1.963
08.07.2021 13:00;1.538;0;1.562
08.07.2021 14:00;0.854;0;1.249
08.07.2021 15:00;0.854;0;0.982
08.07.2021 16:00;0.854;0;1.249
08.07.2021 17:00;1.538;0;1.606
08.07.2021 18:00;5.69;0;2.231
08.07.2021 19:00;7.056;0;1.762
08.07.2021 20:00;1.59;0;0.982
08.07.2021 21:00;1.656;0;0.959
08.07.2021 22:00;1.656;0;0.781
08.07.2021 23:00;0.973;0;0.469
09.07.2021 00:00;0.973;0;0.271
09.07.2021 01:00;0.973;0;0.197
09.07.2021 02:00;0.973;0;0.148
09.07.2021 03:00;0.973;0;0.049
09.07.2021 04:00;0.973;0;0.049
09.07.2021 05:00;1.656;0;0.148
09.07.2021 06:00;5.637;0;0.493
09.07.2021 07:00;1.538;0;1.01
09.07.2021 08:00;0.855;0;1.601
09.07.2021 09:00;0.855;0;2.119
09.07.2021 10:00;0.855;0;2.34
09.07.2021 11:00;0.855;0;2.463
09.07.2021 12:00;5.69;0;2.119
09.07.2021 13:00;1.538;0;1.823
09.07.2021 14:00;0.855;0;1.429
09.07.2021 15:00;0.854;0;1.256
09.07.2021 16:00;0.854;0;0.714
09.07.2021 17:00;1.538;0;1.355
09.07.2021 18:00;5.69;0;1.774
09.07.2021 19:00;7.056;0;1.921
09.07.2021 20:00;1.59;0;0.985
09.07.2021 21:00;1.656;0;0.911
09.07.2021 22:00;1.656;0;0.838
09.07.2021 23:00;0.973;0;0.468
10.07.2021 00:00;0.973;0;0.208
10.07.2021 01:00;0.973;0;0.104
10.07.2021 02:00;0.973;0;0.026
10.07.2021 03:00;0.973;0;0.026
10.07.2021 04:00;0.973;0;0.052
10.07.2021 05:00;1.656;0;0.99
10.07.2021 06:00;5.637;0;2.604
10.07.2021 07:00;1.538;0;2.109
10.07.2021 08:00;0.855;0;1.745
10.07.2021 09:00;0.855;0;1.328
10.07.2021 10:00;0.854;0;1.172
10.07.2021 11:00;0.854;0;1.094
10.07.2021 12:00;5.69;0;1.64
10.07.2021 13:00;1.538;0;1.458
10.07.2021 14:00;0.854;0;0.833
10.07.2021 15:00;0.854;0;0.729
10.07.2021 16:00;0.854;0;0.833
10.07.2021 17:00;1.538;0;1.458
10.07.2021 18:00;5.69;0;2.057
10.07.2021 19:00;7.056;0;2.083
10.07.2021 20:00;1.591;0;1.614
10.07.2021 21:00;1.656;0;1.172
10.07.2021 22:00;1.656;0;0.651
10.07.2021 23:00;0.973;0;0.495
11.07.2021 00:00;0.973;0;0.208
11.07.2021 01:00;0.973;0;0.104
11.07.2021 02:00;0.973;0;0.026
11.07.2021 03:00;0.973;0;0.026
11.07.2021 04:00;0.973;0;0.052
11.07.2021 05:00;1.656;0;0.99
11.07.2021 06:00;5.637;0;2.604
11.07.2021 07:00;1.538;0;2.109
11.07.2021 08:00;0.855;0;1.745
11.07.2021 09:00;0.855;0;1.328
11.07.2021 10:00;0.854;0;1.172
11.07.2021 11:00;0.854;0;1.094
11.07.2021 12:00;5.69;0;1.64
11.07.2021 13:00;1.538;0;1.458
11.07.2021 14:00;0.854;0;0.833
11.07.2021 15:00;0.854;0;0.729
11.07.2021 16:00;0.854;0;0.833
11.07.2021 17:00;1.538;0;1.458
11.07.2021 18:00;5.69;0;2.057
11.07.2021 19:00;7.056;0;2.083
11.07.2021 20:00;1.591;0;1.614
11.07.2021 21:00;1.656;0;1.172
11.07.2021 22:00;1.656;0;0.651
11.07.2021 23:00;0.973;0;0.495
12.07.2021 00:00;0.973;0;0.208
12.07.2021 01:00;0.973;0;0.104
12.07.2021 02:00;0.973;0;0.026
12.07.2021 03:00;0.973;0;0.026
12.07.2021 04:00;0.973;0;0.052
12.07.2021 05:00;1.656;0;0.99
12.07.2021 06:00;5.637;0;2.604
12.07.2021 07:00;1.538;0;2.109
12.07.2021 08:00;0.855;0;1.745
12.07.2021 09:00;0.855;0;1.328
12.07.2021 10:00;0.854;0;1.172
12.07.2021 11:00;0.854;0;1.094
12.07.2021 12:00;5.69;0;1.64
12.07.2021 13:00;1.538;0;1.458
12.07.2021 14:00;0.854;0;0.833
12.07.2021 15:00;0.854;0;0.729
12.07.2021 16:00;0.854;0;0.833
12.07.2021 17:00;1.538;0;1.458
12.07.2021 18:00;5.69;0;2.057
12.07.2021 19:00;7.056;0;2.083
12.07.2021 20:00;1.591;0;1.614
12.07.2021 21:00;1.656;0;1.172
12.07.2021 22:00;1.656;0;0.651
12.07.2021 23:00;0.973;0;0.495
13.07.2021 00:00;0.973;0;0.208
13.07.2021 01:00;0.973;0;0.104
13.07.2021 02:00;0.973;0;0.026
13.07.2021 03:00;0.973;0;0.026
13.07.2021 04:00;0.973;0;0.052
13.07.2021 05:00;1.656;0;0.99
13.07.2021 06:00;5.637;0;2.604
13.07.2021 07:00;1.538;0;2.109
13.07.2021 08:00;0.855;0;1.745
13.07.2021 09:00;0.855;0;1.328
13.07.2021 10:00;0.854;0;1.172
13.07.2021 11:00;0.854;0;1.094
13.07.2021 12:00;5.69;0;1.64
13.07.2021 13:00;1.538;0;1.458
13.07.2021 14:00;0.854;0;0.833
13.07.2021 15:00;0.854;0;0.729
13.07.2021 16:00;0.854;0;0.833
13.07.2021 17:00;1.538;0;1.458
13.07.2021 18:00;5.69;0;2.057
13.07.2021 19:00;7.056;0;2.083
13.07.2021 20:00;1.591;0;1.614
13.07.2021 21:00;1.656;0;1.172
13.07.2021 22:00;1.656;0;0.651
13.07.2021 23:00;0.973;0;0.495
14.07.2021 00:00;0.973;0;0.208
14.07.2021 01:00;0.973;0;0.104
14.07.2021 02:00;0.973;0;0.026
14.07.2021 03:00;0.973;0;0.026
14.07.2021 04:00;0.973;0;0.052
14.07.2021 05:00;1.656;0;0.99
14.07.2021 06:00;5.637;0;2.604
14.07.2021 07:00;1.538;0;2.109
14.07.2021 08:00;0.855;0;1.745
14.07.2021 09:00;0.855;0;1.328
14.07.2021 10:00;0.854;0;1.172
14.07.2021 11:00;0.854;0;1.094
14.07.2021 12:00;5.69;0;1.64
14.07.2021 13:00;1.538;0;1.458
14.07.2021 14:00;0.854;0;0.833
14.07.2021 15:00;0.854;0;0.729
14.07.2021 16:00;0.854;0;0.833
14.07.2021 17:00;1.538;0;1.458
14.07.2021 18:00;5.69;0;2.057
14.07.2021 19:00;7.056;0;2.083
14.07.2021 20:00;1.591;0;1.614
14.07.2021 21:00;1.656;0;1.172
14.07.2021 22:00;1.656;0;0.651
14.07.2021 23:00;0.973;0;0.495
15.07.2021 00:00;0.973;0;0.201
15.07.2021 01:00;0.973;0;0.223
15.07.2021 02:00;0.973;0;0.134
15.07.2021 03:00;0.973;0;0.045
15.07.2021 04:00;0.973;0;0.045
15.07.2021 05:00;1.656;0;0.268
15.07.2021 06:00;5.637;0;0.736
15.07.2021 07:00;1.538;0;1.249
15.07.2021 08:00;0.855;0;2.03
15.07.2021 09:00;0.855;0;2.008
15.07.2021 10:00;0.855;0;1.807
15.07.2021 11:00;0.855;0;1.941
15.07.2021 12:00;5.69;0;1.963
15.07.2021 13:00;1.538;0;1.562
15.07.2021 14:00;0.854;0;1.249
15.07.2021 15:00;0.854;0;0.982
15.07.2021 16:00;0.854;0;1.249
15.07.2021 17:00;1.538;0;1.606
15.07.2021 18:00;5.69;0;2.231
15.07.2021 19:00;7.056;0;1.762
15.07.2021 20:00;1.59;0;0.982
15.07.2021 21:00;1.656;0;0.959
15.07.2021 22:00;1.656;0;0.781
15.07.2021 23:00;0.973;0;0.469
16.07.2021 00:00;0.973;0;0.271
16.07.2021 01:00;0.973;0;0.197
16.07.2021 02:00;0.973;0;0.148
16.07.2021 03:00;0.973;0;0.049
16.07.2021 04:00;0.973;0;0.049
16.07.2021 05:00;1.656;0;0.148
16.07.2021 06:00;5.637;0;0.493
16.07.2021 07:00;1.538;0;1.01
16.07.2021 08:00;0.855;0;1.601
16.07.2021 09:00;0.855;0;2.119
16.07.2021 10:00;0.855;0;2.34
16.07.2021 11:00;0.855;0;2.463
16.07.2021 12:00;5.69;0;2.119
16.07.2021 13:00;1.538;0;1.823
16.07.2021 14:00;0.855;0;1.429
16.07.2021 15:00;0.854;0;1.256
16.07.2021 16:00;0.854;0;0.714
16.07.2021 17:00;1.538;0;1.355
16.07.2021 18:00;5.69;0;1.774
16.07.2021 19:00;7.056;0;1.921
16.07.2021 20:00;1.59;0;0.985
16.07.2021 21:00;1.656;0;0.911
16.07.2021 22:00;1.656;0;0.838
16.07.2021 23:00;0.973;0;0.468
17.07.2021 00:00;0.973;0;0.208
17.07.2021 01:00;0.973;0;0.104
17.07.2021 02:00;0.973;0;0.026
17.07.2021 03:00;0.973;0;0.026
17.07.2021 04:00;0.973;0;0.052
17.07.2021 05:00;1.656;0;0.99
17.07.2021 06:00;5.637;0;2.604
17.07.2021 07:00;1.538;0;2.109
17.07.2021 08:00;0.855;0;1.745
17.07.2021 09:00;0.855;0;1.328
17.07.2021 10:00;0.854;0;1.172
17.07.2021 11:00;0.854;0;1.094
17.07.2021 12:00;5.69;0;1.64
17.07.2021 13:00;1.538;0;1.458
17.07.2021 14:00;0.854;0;0.833
17.07.2021 15:00;0.854;0;0.729
17.07.2021 16:00;0.854;0;0.833
17.07.2021 17:00;1.538;0;1.458
17.07.2021 18:00;5.69;0;2.057
17.07.2021 19:00;7.056;0;2.083
17.07.2021 20:00;1.591;0;1.614
17.07.2021 21:00;1.656;0;1.172
17.07.2021 22:00;1.656;0;0.651
17.07.2021 23:00;0.973;0;0.495
18.07.2021 00:00;0.973;0;0.208
18.07.2021 01:00;0.973;0;0.104
18.07.2021 02:00;0.973;0;0.026
18.07.2021 03:00;0.973;0;0.026
18.07.2021 04:00;0.973;0;0.052
18.07.2021 05:00;1.656;0;0.99
18.07.2021 06:00;5.637;0;2.604
18.07.2021 07:00;1.538;0;2.109
18.07.2021 08:00;0.855;0;1.745
18.07.2021 09:00;0.855;0;1.328
18.07.2021 10:00;0.854;0;1.172
18.07.2021 11:00;0.854;0;1.094
18.07.2021 12:00;5.69;0;1.64
18.07.2021 13:00;1.538;0;1.458
18.07.2021 14:00;0.854;0;0.833
18.07.2021 15:00;0.854;0;0.729
18.07.2021 16:00;0.854;0;0.833
18.07.2021 17:00;1.538;0;1.458
18.07.2021 18:00;5.69;0;2.057
18.07.2021 19:00;7.056;0;2.083
18.07.2021 20:00;1.591;0;1.614
18.07.2021 21:00;1.656;0;1.172
18.07.2021 22:00;1.656;0;0.651
18.07.2021 23:00;0.973;0;0.495
19.07.2021 00:00;0.973;0;0.208
19.07.2021 01:00;0.973;0;0.104
19.07.2021 02:00;0.973;0;0.026
19.07.2021 03:00;0.973;0;0.026
19.07.2021 04:00;0.973;0;0.052
19.07.2021 05:00;1.656;0;0.99
19.07.2021 06:00;5.637;0;2.604
19.07.2021 07:00;1.538;0;2.109
19.07.2021 08:00;0.855;0;1.745
19.07.2021 09:00;0.855;0;1.328
19.07.2021 10:00;0.854;0;1.172
19.07.2021 11:00;0.854;0;1.094
19.07.2021 12:00;5.69;0;1.64
19.07.2021 13:00;1.538;0;1.458
19.07.2021 14:00;0.854;0;0.833
19.07.2021 15:00;0.854;0;0.729
19.07.2021 16:00;0.854;0;0.833
19.07.2021 17:00;1.538;0;1.458
19.07.2021 18:00;5.69;0;2.057
19.07.2021 19:00;7.056;0;2.083
19.07.2021 20:00;1.591;0;1.614
19.07.2021 21:00;1.656;0;1.172
19.07.2021 22:00;1.656;0;0.651
19.07.2021 23:00;0.973;0;0.495
20.07.2021 00:00;0.973;0;0.208
20.07.2021 01:00;0.973;0;0.104
20.07.2021 02:00;0.973;0;0.026
20.07.2021 03:00;0.973;0;0.026
20.07.2021 04:00;0.973;0;0.052
20.07.2021 05:00;1.656;0;0.99
20.07.2021 06:00;5.637;0;2.604
20.07.2021 07:00;1.538;0;2.109
20.07.2021 08:00;0.855;0;1.745
20.07.2021 09:00;0.855;0;1.328
20.07.2021 10:00;0.854;0;1.172
20.07.2021 11:00;0.854;0;1.094
20.07.2021 12:00;5.69;0;1.64
20.07.2021 13:00;1.538;0;1.458
20.07.2021 14:00;0.854;0;0.833
20.07.2021 15:00;0.854;0;0.729
20.07.2021 16:00;0.854;0;0.833
20.07.2021 17:00;1.538;0;1.458
20.07.2021 18:00;5.69;0;2.057
20.07.2021 19:00;7.056;0;2.083
20.07.2021 20:00;1.591;0;1.614
20.07.2021 21:00;1.656;0;1.172
20.07.2021 22:00;1.656;0;0.651
20.07.2021 23:00;0.973;0;0.495
21.07.2021 00:00;0.973;0;0.208
21.07.2021 01:00;0.973;0;0.104
21.07.2021 02:00;0.973;0;0.026
21.07.2021 03:00;0.973;0;0.026
21.07.2021 04:00;0.973;0;0.052
21.07.2021 05:00;1.656;0;0.99
21.07.2021 06:00;5.637;0;2.604
21.07.2021 07:00;1.538;0;2.109
21.07.2021 08:00;0.855;0;1.745
21.07.2021 09:00;0.855;0;1.328
21.07.2021 10:00;0.854;0;1.172
21.07.2021 11:00;0.854;0;1.094
21.07.2021 12:00;5.69;0;1.64
21.07.2021 13:00;1.538;0;1.458
21.07.2021 14:00;0.854;0;0.833
21.07.2021 15:00;0.854;0;0.729
21.07.2021 16:00;0.854;0;0.833
21.07.2021 17:00;1.538;0;1.458
21.07.2021 18:00;5.69;0;2.057
21.07.2021 19:00;7.056;0;2.083
21.07.2021 20:00;1.591;0;1.614
21.07.2021 21:00;1.656;0;1.172
21.07.2021 22:00;1.656;0;0.651
21.07.2021 23:00;0.973;0;0.495
22.07.2021 00:00;0.973;0;0.201
22.07.2021 01:00;0.973;0;0.223
22.07.2021 02:00;0.973;0;0.134
22.07.2021 03:00;0.973;0;0.045
22.07.2021 04:00;0.973;0;0.045
22.07.2021 05:00;1.656;0;0.268
22.07.2021 06:00;5.637;0;0.736
22.07.2021 07:00;1.538;0;1.249
22.07.2021 08:00;0.855;0;2.03
22.07.2021 09:00;0.855;0;2.008
22.07.2021 10:00;0.855;0;1.807
22.07.2021 11:00;0.855;0;1.941
22.07.2021 12:00;5.69;0;1.963
22.07.2021 13:00;1.538;0;1.562
22.07.2021 14:00;0.854;0;1.249
22.07.2021 15:00;0.854;0;0.982
22.07.2021 16:00;0.854;0;1.249
22.07.2021 17:00;1.538;0;1.606
22.07.2021 18:00;5.69;0;2.231
22.07.2021 19:00;7.056;0;1.762
22.07.2021 20:00;1.59;0;0.982
22.07.2021 21:00;1.656;0;0.959
22.07.2021 22:00;1.656;0;0.781
22.07.2021 23:00;0.973;0;0.469
23.07.2021 00:00;0.973;0;0.271
23.07.2021 01:00;0.973;0;0.197
23.07.2021 02:00;0.973;0;0.148
23.07.2021 03:00;0.973;0;0.049
23.07.2021 04:00;0.973;0;0.049
23.07.2021 05:00;1.656;0;0.148
23.07.2021 06:00;5.637;0;0.493
23.07.2021 07:00;1.538;0;1.01
23.07.2021 08:00;0.855;0;1.601
23.07.2021 09:00;0.855;0;2.119
23.07.2021 10:00;0.855;0;2.34
23.07.2021 11:00;0.855;0;2.463
23.07.2021 12:00;5.69;0;2.119
23.07.2021 13:00;1.538;0;1.823
23.07.2021 14:00;0.855;0;1.429
23.07.2021 15:00;0.854;0;1.256
23.07.2021 16:00;0.854;0;0.714
23.07.2021 17:00;1.538;0;1.355
23.07.2021 18:00;5.69;0;1.774
23.07.2021 19:00;7.056;0;1.921
23.07.2021 20:00;1.59;0;0.985
23.07.2021 21:00;1.656;0;0.911
23.07.2021 22:00;1.656;0;0.838
23.07.2021 23:00;0.973;0;0.468
24.07.2021 00:00;0.973;0;0.208
24.07.2021 01:00;0.973;0;0.104
24.07.2021 02:00;0.973;0;0.026
24.07.2021 03:00;0.973;0;0.026
24.07.2021 04:00;0.973;0;0.052
24.07.2021 05:00;1.656;0;0.99
24.07.2021 06:00;5.637;0;2.604
24.07.2021 07:00;1.538;0;2.109
24.07.2021 08:00;0.855;0;1.745
24.07.2021 09:00;0.855;0;1.328
24.07.2021 10:00;0.854;0;1.172
24.07.2021 11:00;0.854;0;1.094
24.07.2021 12:00;5.69;0;1.64
24.07.2021 13:00;1.538;0;1.458
24.07.2021 14:00;0.854;0;0.833
24.07.2021 15:00;0.854;0;0.729
24.07.2021 16:00;0.854;0;0.833
24.07.2021 17:00;1.538;0;1.458
24.07.2021 18:00;5.69;0;2.057
24.07.2021 19:00;7.056;0;2.083
24.07.2021 20:00;1.591;0;1.614
24.07.2021 21:00;1.656;0;1.172
24.07.2021 22:00;1.656;0;0.651
24.07.2021 23:00;0.973;0;0.495
25.07.2021 00:00;0.973;0;0.208
25.07.2021 01:00;0.973;0;0.104
25.07.2021 02:00;0.973;0;0.026
25.07.2021 03:00;0.973;0;0.026
25.07.2021 04:00;0.973;0;0.052
25.07.2021 05:00;1.656;0;0.99
25.07.2021 06:00;5.637;0;2.604
25.07.2021 07:00;1.538;0;2.109
25.07.2021 08:00;0.855;0;1.745
25.07.2021 09:00;0.855;0;1.328
25.07.2021 10:00;0.854;0;1.172
25.07.2021 11:00;0.854;0;1.094
25.07.2021 12:00;5.69;0;1.64
25.07.2021 13:00;1.538;0;1.458
25.07.2021 14:00;0.854;0;0.833
25.07.2021 15:00;0.854;0;0.729
25.07.2021 16:00;0.854;0;0.833
25.07.2021 17:00;1.538;0;1.458
25.07.2021 18:00;5.69;0;2.057
25.07.2021 19:00;7.056;0;2.083
25.07.2021 20:00;1.591;0;1.614
25.07.2021 21:00;1.656;0;1.172
25.07.2021 22:00;1.656;0;0.651
25.07.2021 23:00;0.973;0;0.495
26.07.2021 00:00;0.973;0;0.208
26.07.2021 01:00;0.973;0;0.104
26.07.2021 02:00;0.973;0;0.026
26.07.2021 03:00;0.973;0;0.026
26.07.2021 04:00;0.973;0;0.052
26.07.2021 05:00;1.656;0;0.99
26.07.2021 06:00;5.637;0;2.604
26.07.2021 07:00;1.538;0;2.109
26.07.2021 08:00;0.855;0;1.745
26.07.2021 09:00;0.855;0;1.328
26.07.2021 10:00;0.854;0;1.172
26.07.2021 11:00;0.854;0;1.094
26.07.2021 12:00;5.69;0;1.64
26.07.2021 13:00;1.538;0;1.458
26.07.2021 14:00;0.854;0;0.833
26.07.2021 15:00;0.854;0;0.729
26.07.2021 16:00;0.854;0;0.833
26.07.2021 17:00;1.538;0;1.458
26.07.2021 18:00;5.69;0;2.057
26.07.2021 19:00;7.056;0;2.083
26.07.2021 20:00;1.591;0;1.614
26.07.2021 21:00;1.656;0;1.172
26.07.2021 22:00;1.656;0;0.651
26.07.2021 23:00;0.973;0;0.495
27.07.2021 00:00;0.973;0;0.208
27.07.2021 01:00;0.973;0;0.104
27.07.2021 02:00;0.973;0;0.026
27.07.2021 03:00;0.973;0;0.026
27.07.2021 04:00;0.973;0;0.052
27.07.2021 05:00;1.656;0;0.99
27.07.2021 06:00;5.637;0;2.604
27.07.2021 07:00;1.538;0;2.109
27.07.2021 08:00;0.855;0;1.745
27.07.2021 09:00;0.855;0;1.328
27.07.2021 10:00;0.854;0;1.172
27.07.2021 11:00;0.854;0;1.094
27.07.2021 12:00;5.69;0;1.64
27.07.2021 13:00;1.538;0;1.458
27.07.2021 14:00;0.854;0;0.833
27.07.2021 15:00;0.854;0;0.729
27.07.2021 16:00;0.854;0;0.833
27.07.2021 17:00;1.538;0;1.458
27.07.2021 18:00;5.69;0;2.057
27.07.2021 19:00;7.056;0;2.083
27.07.2021 20:00;1.591;0;1.614
27.07.2021 21:00;1.656;0;1.172
27.07.2021 22:00;1.656;0;0.651
27.07.2021 23:00;0.973;0;0.495
28.07.2021 00:00;0.973;0;0.208
28.07.2021 01:00;0.973;0;0.104
28.07.2021 02:00;0.973;0;0.026
28.07.2021 03:00;0.973;0;0.026
28.07.2021 04:00;0.973;0;0.052
28.07.2021 05:00;1.656;0;0.99
28.07.2021 06:00;5.637;0;2.604
28.07.2021 07:00;1.538;0;2.109
28.07.2021 08:00;0.855;0;1.745
28.07.2021 09:00;0.855;0;1.328
28.07.2021 10:00;0.854;0;1.172
28.07.2021 11:00;0.854;0;1.094
28.07.2021 12:00;5.69;0;1.64
28.07.2021 13:00;1.538;0;1.458
28.07.2021 14:00;0.854;0;0.833
28.07.2021 15:00;0.854;0;0.729
28.07.2021 16:00;0.854;0;0.833
28.07.2021 17:00;1.538;0;1.458
28.07.2021 18:00;5.69;0;2.057
28.07.2021 19:00;7.056;0;2.083
28.07.2021 20:00;1.591;0;1.614
28.07.2021 21:00;1.656;0;1.172
28.07.2021 22:00;1.656;0;0.651
28.07.2021 23:00;0.973;0;0.495
29.07.2021 00:00;0.973;0;0.201
29.07.2021 01:00;0.973;0;0.223
29.07.2021 02:00;0.973;0;0.134
29.07.2021 03:00;0.973;0;0.045
29.07.2021 04:00;0.973;0;0.045
29.07.2021 05:00;1.656;0;0.268
29.07.2021 06:00;5.637;0;0.736
29.07.2021 07:00;1.538;0;1.249
29.07.2021 08:00;0.855;0;2.03
29.07.2021 09:00;0.855;0;2.008
29.07.2021 10:00;0.855;0;1.807
29.07.2021 11:00;0.855;0;1.941
29.07.2021 12:00;5.69;0;1.963
29.07.2021 13:00;1.538;0;1.562
29.07.2021 14:00;0.854;0;1.249
29.07.2021 15:00;0.854;0;0.982
29.07.2021 16:00;0.854;0;1.249
29.07.2021 17:00;1.538;0;1.606
29.07.2021 18:00;5.69;0;2.231
29.07.2021 19:00;7.056;0;1.762
29.07.2021 20:00;1.59;0;0.982
29.07.2021 21:00;1.656;0;0.959
29.07.2021 22:00;1.656;0;0.781
29.07.2021 23:00;0.973;0;0.469
30.07.2021 00:00;0.973;0;0.271
30.07.2021 01:00;0.973;0;0.197
30.07.2021 02:00;0.973;0;0.148
30.07.2021 03:00;0.973;0;0.049
30.07.2021 04:00;0.973;0;0.049
30.07.2021 05:00;1.656;0;0.148
30.07.2021 06:00;5.637;0;0.493
30.07.2021 07:00;1.538;0;1.01
30.07.2021 08:00;0.855;0;1.601
30.07.2021 09:00;0.855;0;2.119
30.07.2021 10:00;0.855;0;2.34
30.07.2021 11:00;0.855;0;2.463
30.07.2021 12:00;5.69;0;2.119
30.07.2021 13:00;1.538;0;1.823
30.07.2021 14:00;0.855;0;1.429
30.07.2021 15:00;0.854;0;1.256
30.07.2021 16:00;0.854;0;0.714
30.07.2021 17:00;1.538;0;1.355
30.07.2021 18:00;5.787;0;1.774
30.07.2021 19:00;7.154;0;1.921
30.07.2021 20:00;1.927;0;0.985
30.07.2021 21:00;1.656;0;0.911
30.07.2021 22:00;1.656;0;0.838
30.07.2021 23:00;0.973;0;0.468
31.07.2021 00:00;0.973;0;0.208
31.07.2021 01:00;0.973;0;0.104
31.07.2021 02:00;0.973;0;0.026
31.07.2021 03:00;0.973;0;0.026
31.07.2021 04:00;0.973;0;0.052
31.07.2021 05:00;1.656;0;0.99
31.07.2021 06:00;5.637;0;2.604
31.07.2021 07:00;1.538;0;2.109
31.07.2021 08:00;0.855;0;1.745
31.07.2021 09:00;0.855;0;1.328
31.07.2021 10:00;0.854;0;1.172
31.07.2021 11:00;0.854;0;1.094
31.07.2021 12:00;5.787;0;1.64
31.07.2021 13:00;1.538;0;1.458
31.07.2021 14:00;0.854;0;0.833
31.07.2021 15:00;0.854;0;0.729
31.07.2021 16:00;0.854;0;0.833
31.07.2021 17:00;1.538;0;1.458
31.07.2021 18:00;5.787;0;2.057
31.07.2021 19:00;7.154;0;2.083
31.07.2021 20:00;1.591;0;1.614
31.07.2021 21:00;1.656;0;1.172
31.07.2021 22:00;1.656;0;0.651
31.07.2021 23:00;0.973;0;0.495
01.08.2021 00:00;0.973;0;0.208
01.08.2021 01:00;0.973;0;0.104
01.08.2021 02:00;0.973;0;0.026
01.08.2021 03:00;0.973;0;0.026
01.08.2021 04:00;0.973;0;0.052
01.08.2021 05:00;1.656;0;0.99
01.08.2021 06:00;5.637;0;2.604
01.08.2021 07:00;1.538;0;2.109
01.08.2021 08:00;0.855;0;1.745
01.08.2021 09:00;0.855;0;1.328
01.08.2021 10:00;0.854;0;1.172
01.08.2021 11:00;0.854;0;1.094
01.08.2021 12:00;5.69;0;1.64
01.08.2021 13:00;1.538;0;1.458
01.08.2021 14:00;0.854;0;0.833
01.08.2021 15:00;0.854;0;0.729
01.08.2021 16:00;0.854;0;0.833
01.08.2021 17:00;1.538;0;1.458
01.08.2021 18:00;5.69;0;2.057
01.08.2021 19:00;7.056;0;2.083
01.08.2021 20:00;1.591;0;1.614
01.08.2021 21:00;1.656;0;1.172
01.08.2021 22:00;1.656;0;0.651
01.08.2021 23:00;0.973;0;0.495
02.08.2021 00:00;0.973;0;0.208
02.08.2021 01:00;0.973;0;0.104
02.08.2021 02:00;0.973;0;0.026
02.08.2021 03:00;0.973;0;0.026
02.08.2021 04:00;0.973;0;0.052
02.08.2021 05:00;1.656;0;0.99
02.08.2021 06:00;5.637;0;2.604
02.08.2021 07:00;1.538;0;2.109
02.08.2021 08:00;0.855;0;1.745
02.08.2021 09:00;0.855;0;1.328
02.08.2021 10:00;0.854;0;1.172
02.08.2021 11:00;0.854;0;1.094
02.08.2021 12:00;5.69;0;1.64
02.08.2021 13:00;1.538;0;1.458
02.08.2021 14:00;0.854;0;0.833
02.08.2021 15:00;0.854;0;0.729
02.08.2021 16:00;0.854;0;0.833
02.08.2021 17:00;1.538;0;1.458
02.08.2021 18:00;5.69;0;2.057
02.08.2021 19:00;7.056;0;2.083
02.08.2021 20:00;1.591;0;1.614
02.08.2021 21:00;1.656;0;1.172
02.08.2021 22:00;1.656;0;0.651
02.08.2021 23:00;0.973;0;0.495
03.08.2021 00:00;0.973;0;0.208
03.08.2021 01:00;0.973;0;0.104
03.08.2021 02:00;0.973;0;0.026
03.08.2021 03:00;0.973;0;0.026
03.08.2021 04:00;0.973;0;0.052
03.08.2021 05:00;1.656;0;0.99
03.08.2021 06:00;5.637;0;2.604
03.08.2021 07:00;1.538;0;2.109
03.08.2021 08:00;0.855;0;1.745
03.08.2021 09:00;0.855;0;1.328
03.08.2021 10:00;0.854;0;1.172
03.08.2021 11:00;0.854;0;1.094
03.08.2021 12:00;5.69;0;1.64
03.08.2021 13:00;1.538;0;1.458
03.08.2021 14:00;0.854;0;0.833
03.08.2021 15:00;0.854;0;0.729
03.08.2021 16:00;0.854;0;0.833
03.08.2021 17:00;1.538;0;1.458
03.08.2021 18:00;5.787;0;2.057
03.08.2021 19:00;7.398;0;2.083
03.08.2021 20:00;1.591;0;1.614
03.08.2021 21:00;1.656;0;1.172
03.08.2021 22:00;1.656;0;0.651
03.08.2021 23:00;0.973;0;0.495
04.08.2021 00:00;0.973;0;0.208
04.08.2021 01:00;0.973;0;0.104
04.08.2021 02:00;0.973;0;0.026
04.08.2021 03:00;0.973;0;0.026
04.08.2021 04:00;0.973;0;0.052
04.08.2021 05:00;1.656;0;0.99
04.08.2021 06:00;5.637;0;2.604
04.08.2021 07:00;1.538;0;2.109
04.08.2021 08:00;0.855;0;1.745
04.08.2021 09:00;0.855;0;1.328
04.08.2021 10:00;0.854;0;1.172
04.08.2021 11:00;0.854;0;1.094
04.08.2021 12:00;5.69;0;1.64
04.08.2021 13:00;1.538;0;1.458
04.08.2021 14:00;0.854;0;0.833
04.08.2021 15:00;0.854;0;0.729
04.08.2021 16:00;0.854;0;0.833
04.08.2021 17:00;1.538;0;1.458
04.08.2021 18:00;5.69;0;2.057
04.08.2021 19:00;7.056;0;2.083
04.08.2021 20:00;1.591;0;1.614
04.08.2021 21:00;1.656;0;1.172
04.08.2021 22:00;1.656;0;0.651
04.08.2021 23:00;0.973;0;0.495
05.08.2021 00:00;0.973;0;0.201
05.08.2021 01:00;0.973;0;0.223
05.08.2021 02:00;0.973;0;0.134
05.08.2021 03:00;0.973;0;0.045
05.08.2021 04:00;0.973;0;0.045
05.08.2021 05:00;1.656;0;0.268
05.08.2021 06:00;5.637;0;0.736
05.08.2021 07:00;1.538;0;1.249
05.08.2021 08:00;0.855;0;2.03
05.08.2021 09:00;0.855;0;2.008
05.08.2021 10:00;0.855;0;1.807
05.08.2021 11:00;0.855;0;1.941
05.08.2021 12:00;5.787;0;1.963
05.08.2021 13:00;1.538;0;1.562
05.08.2021 14:00;0.854;0;1.249
05.08.2021 15:00;0.854;0;0.982
05.08.2021 16:00;0.854;0;1.249
05.08.2021 17:00;1.538;0;1.606
05.08.2021 18:00;5.787;0;2.231
05.08.2021 19:00;7.498;0;1.762
05.08.2021 20:00;1.929;0;0.982
05.08.2021 21:00;1.656;0;0.959
05.08.2021 22:00;1.656;0;0.781
05.08.2021 23:00;0.973;0;0.469
06.08.2021 00:00;0.973;0;0.271
06.08.2021 01:00;0.973;0;0.197
06.08.2021 02:00;0.973;0;0.148
06.08.2021 03:00;0.973;0;0.049
06.08.2021 04:00;0.973;0;0.049
06.08.2021 05:00;1.656;0;0.148
06.08.2021 06:00;5.637;0;0.493
06.08.2021 07:00;1.538;0;1.01
06.08.2021 08:00;0.855;0;1.601
06.08.2021 09:00;0.855;0;2.119
06.08.2021 10:00;0.855;0;2.34
06.08.2021 11:00;0.855;0;2.463
06.08.2021 12:00;5.787;0;2.119
06.08.2021 13:00;1.635;0;1.823
06.08.2021 14:00;0.855;0;1.429
06.08.2021 15:00;0.854;0;1.256
06.08.2021 16:00;0.952;0;0.714
06.08.2021 17:00;1.635;0;1.355
06.08.2021 18:00;5.787;0;1.774
06.08.2021 19:00;7.502;0;1.921
06.08.2021 20:00;1.59;0;0.985
06.08.2021 21:00;1.656;0;0.911
06.08.2021 22:00;1.656;0;0.838
06.08.2021 23:00;0.973;0;0.468
07.08.2021 00:00;0.973;0;0.208
07.08.2021 01:00;0.973;0;0.104
07.08.2021 02:00;0.973;0;0.026
07.08.2021 03:00;0.973;0;0.026
07.08.2021 04:00;0.973;0;0.052
07.08.2021 05:00;1.656;0;0.99
07.08.2021 06:00;5.735;0;2.604
07.08.2021 07:00;1.538;0;2.109
07.08.2021 08:00;0.855;0;1.745
07.08.2021 09:00;0.855;0;1.328
07.08.2021 10:00;0.854;0;1.172
07.08.2021 11:00;0.952;0;1.094
07.08.2021 12:00;5.786;0;1.64
07.08.2021 13:00;1.635;0;1.458
07.08.2021 14:00;0.952;0;0.833
07.08.2021 15:00;0.952;0;0.729
07.08.2021 16:00;0.952;0;0.833
07.08.2021 17:00;1.635;0;1.458
07.08.2021 18:00;5.787;0;2.057
07.08.2021 19:00;7.154;0;2.083
07.08.2021 20:00;1.933;0;1.614
07.08.2021 21:00;1.656;0;1.172
07.08.2021 22:00;1.656;0;0.651
07.08.2021 23:00;0.973;0;0.495
08.08.2021 00:00;0.973;0;0.208
08.08.2021 01:00;0.973;0;0.104
08.08.2021 02:00;0.973;0;0.026
08.08.2021 03:00;0.973;0;0.026
08.08.2021 04:00;0.973;0;0.052
08.08.2021 05:00;1.656;0;0.99
08.08.2021 06:00;5.735;0;2.604
08.08.2021 07:00;1.538;0;2.109
08.08.2021 08:00;0.855;0;1.745
08.08.2021 09:00;0.855;0;1.328
08.08.2021 10:00;0.854;0;1.172
08.08.2021 11:00;0.854;0;1.094
08.08.2021 12:00;5.787;0;1.64
08.08.2021 13:00;1.538;0;1.458
08.08.2021 14:00;0.854;0;0.833
08.08.2021 15:00;0.854;0;0.729
08.08.2021 16:00;0.854;0;0.833
08.08.2021 17:00;1.538;0;1.458
08.08.2021 18:00;5.787;0;2.057
08.08.2021 19:00;7.395;0;2.083
08.08.2021 20:00;1.591;0;1.614
08.08.2021 21:00;1.656;0;1.172
08.08.2021 22:00;1.656;0;0.651
08.08.2021 23:00;0.973;0;0.495
09.08.2021 00:00;0.973;0;0.208
09.08.2021 01:00;0.973;0;0.104
09.08.2021 02:00;0.973;0;0.026
09.08.2021 03:00;0.973;0;0.026
09.08.2021 04:00;0.973;0;0.052
09.08.2021 05:00;1.656;0;0.99
09.08.2021 06:00;5.637;0;2.604
09.08.2021 07:00;1.538;0;2.109
09.08.2021 08:00;0.855;0;1.745
09.08.2021 09:00;0.855;0;1.328
09.08.2021 10:00;0.854;0;1.172
09.08.2021 11:00;0.854;0;1.094
09.08.2021 12:00;5.787;0;1.64
09.08.2021 13:00;1.928;0;1.458
09.08.2021 14:00;0.854;0;0.833
09.08.2021 15:00;0.854;0;0.729
09.08.2021 16:00;0.854;0;0.833
09.08.2021 17:00;1.538;0;1.458
09.08.2021 18:00;5.69;0;2.057
09.08.2021 19:00;7.154;0;2.083
09.08.2021 20:00;1.591;0;1.614
09.08.2021 21:00;1.656;0;1.172
09.08.2021 22:00;1.656;0;0.651
09.08.2021 23:00;0.973;0;0.495
10.08.2021 00:00;0.973;0;0.208
10.08.2021 01:00;0.973;0;0.104
10.08.2021 02:00;0.973;0;0.026
10.08.2021 03:00;0.973;0;0.026
10.08.2021 04:00;0.973;0;0.052
10.08.2021 05:00;1.656;0;0.99
10.08.2021 06:00;5.637;0;2.604
10.08.2021 07:00;1.538;0;2.109
10.08.2021 08:00;0.855;0;1.745
10.08.2021 09:00;0.855;0;1.328
10.08.2021 10:00;0.854;0;1.172
10.08.2021 11:00;0.854;0;1.094
10.08.2021 12:00;5.787;0;1.64
10.08.2021 13:00;1.538;0;1.458
10.08.2021 14:00;0.854;0;0.833
10.08.2021 15:00;0.854;0;0.729
10.08.2021 16:00;0.854;0;0.833
10.08.2021 17:00;1.538;0;1.458
10.08.2021 18:00;5.69;0;2.057
10.08.2021 19:00;7.154;0;2.083
10.08.2021 20:00;1.591;0;1.614
10.08.2021 21:00;1.656;0;1.172
10.08.2021 22:00;1.656;0;0.651
10.08.2021 23:00;0.973;0;0.495
11.08.2021 00:00;0.973;0;0.208
11.08.2021 01:00;0.973;0;0.104
11.08.2021 02:00;0.973;0;0.026
11.08.2021 03:00;0.973;0;0.026
11.08.2021 04:00;0.973;0;0.052
11.08.2021 05:00;1.656;0;0.99
11.08.2021 06:00;5.637;0;2.604
11.08.2021 07:00;1.538;0;2.109
11.08.2021 08:00;0.855;0;1.745
11.08.2021 09:00;0.855;0;1.328
11.08.2021 10:00;0.854;0;1.172
11.08.2021 11:00;0.854;0;1.094
11.08.2021 12:00;5.787;0;1.64
11.08.2021 13:00;1.936;0;1.458
11.08.2021 14:00;0.854;0;0.833
11.08.2021 15:00;0.854;0;0.729
11.08.2021 16:00;0.854;0;0.833
11.08.2021 17:00;1.538;0;1.458
11.08.2021 18:00;5.787;0;2.057
11.08.2021 19:00;7.154;0;2.083
11.08.2021 20:00;1.591;0;1.614
11.08.2021 21:00;1.656;0;1.172
11.08.2021 22:00;1.656;0;0.651
11.08.2021 23:00;0.973;0;0.495
12.08.2021 00:00;0.973;0;0.201
12.08.2021 01:00;0.973;0;0.223
12.08.2021 02:00;0.973;0;0.134
12.08.2021 03:00;0.973;0;0.045
12.08.2021 04:00;0.973;0;0.045
12.08.2021 05:00;1.656;0;0.268
12.08.2021 06:00;5.637;0;0.736
12.08.2021 07:00;1.538;0;1.249
12.08.2021 08:00;0.855;0;2.03
12.08.2021 09:00;0.855;0;2.008
12.08.2021 10:00;0.855;0;1.807
12.08.2021 11:00;0.855;0;1.941
12.08.2021 12:00;5.787;0;1.963
12.08.2021 13:00;1.538;0;1.562
12.08.2021 14:00;0.854;0;1.249
12.08.2021 15:00;0.854;0;0.982
12.08.2021 16:00;0.854;0;1.249
12.08.2021 17:00;1.635;0;1.606
12.08.2021 18:00;5.787;0;2.231
12.08.2021 19:00;7.498;0;1.762
12.08.2021 20:00;1.931;0;0.982
12.08.2021 21:00;1.656;0;0.959
12.08.2021 22:00;1.656;0;0.781
12.08.2021 23:00;0.973;0;0.469
13.08.2021 00:00;0.973;0;0.271
13.08.2021 01:00;0.973;0;0.197
13.08.2021 02:00;0.973;0;0.148
13.08.2021 03:00;0.973;0;0.049
13.08.2021 04:00;0.973;0;0.049
13.08.2021 05:00;1.656;0;0.148
13.08.2021 06:00;5.734;0;0.493
13.08.2021 07:00;1.538;0;1.01
13.08.2021 08:00;0.855;0;1.601
13.08.2021 09:00;0.855;0;2.119
13.08.2021 10:00;0.855;0;2.34
13.08.2021 11:00;0.855;0;2.463
13.08.2021 12:00;5.787;0;2.119
13.08.2021 13:00;1.538;0;1.823
13.08.2021 14:00;0.855;0;1.429
13.08.2021 15:00;0.854;0;1.256
13.08.2021 16:00;0.854;0;0.714
13.08.2021 17:00;1.538;0;1.355
13.08.2021 18:00;5.69;0;1.774
13.08.2021 19:00;7.154;0;1.921
13.08.2021 20:00;1.59;0;0.985
13.08.2021 21:00;1.656;0;0.911
13.08.2021 22:00;1.656;0;0.838
13.08.2021 23:00;0.973;0;0.468
14.08.2021 00:00;0.973;0;0.208
14.08.2021 01:00;0.973;0;0.104
14.08.2021 02:00;0.973;0;0.026
14.08.2021 03:00;0.973;0;0.026
14.08.2021 04:00;0.973;0;0.052
14.08.2021 05:00;1.656;0;0.99
14.08.2021 06:00;5.637;0;2.604
14.08.2021 07:00;1.538;0;2.109
14.08.2021 08:00;0.855;0;1.745
14.08.2021 09:00;0.855;0;1.328
14.08.2021 10:00;0.854;0;1.172
14.08.2021 11:00;0.854;0;1.094
14.08.2021 12:00;5.69;0;1.64
14.08.2021 13:00;1.538;0;1.458
14.08.2021 14:00;0.854;0;0.833
14.08.2021 15:00;0.854;0;0.729
14.08.2021 16:00;0.854;0;0.833
14.08.2021 17:00;1.538;0;1.458
14.08.2021 18:00;5.69;0;2.057
14.08.2021 19:00;7.056;0;2.083
14.08.2021 20:00;1.591;0;1.614
14.08.2021 21:00;1.656;0;1.172
14.08.2021 22:00;1.656;0;0.651
14.08.2021 23:00;0.973;0;0.495
15.08.2021 00:00;0.973;0;0.208
15.08.2021 01:00;0.973;0;0.104
15.08.2021 02:00;0.973;0;0.026
15.08.2021 03:00;0.973;0;0.026
15.08.2021 04:00;0.973;0;0.052
15.08.2021 05:00;1.656;0;0.99
15.08.2021 06:00;5.637;0;2.604
15.08.2021 07:00;1.538;0;2.109
15.08.2021 08:00;0.855;0;1.745
15.08.2021 09:00;0.855;0;1.328
15.08.2021 10:00;0.854;0;1.172
15.08.2021 11:00;0.854;0;1.094
15.08.2021 12:00;5.69;0;1.64
15.08.2021 13:00;1.538;0;1.458
15.08.2021 14:00;0.854;0;0.833
15.08.2021 15:00;0.854;0;0.729
15.08.2021 16:00;0.854;0;0.833
15.08.2021 17:00;1.538;0;1.458
15.08.2021 18:00;5.69;0;2.057
15.08.2021 19:00;7.056;0;2.083
15.08.2021 20:00;1.591;0;1.614
15.08.2021 21:00;1.656;0;1.172
15.08.2021 22:00;1.656;0;0.651
15.08.2021 23:00;0.973;0;0.495
16.08.2021 00:00;0.973;0;0.208
16.08.2021 01:00;0.973;0;0.104
16.08.2021 02:00;0.973;0;0.026
16.08.2021 03:00;0.973;0;0.026
16.08.2021 04:00;0.973;0;0.052
16.08.2021 05:00;1.656;0;0.99
16.08.2021 06:00;5.637;0;2.604
16.08.2021 07:00;1.538;0;2.109
16.08.2021 08:00;0.855;0;1.745
16.08.2021 09:00;0.855;0;1.328
16.08.2021 10:00;0.854;0;1.172
16.08.2021 11:00;0.854;0;1.094
16.08.2021 12:00;5.69;0;1.64
16.08.2021 13:00;1.538;0;1.458
16.08.2021 14:00;0.854;0;0.833
16.08.2021 15:00;0.854;0;0.729
16.08.2021 16:00;0.854;0;0.833
16.08.2021 17:00;1.538;0;1.458
16.08.2021 18:00;5.69;0;2.057
16.08.2021 19:00;7.056;0;2.083
16.08.2021 20:00;1.591;0;1.614
16.08.2021 21:00;1.656;0;1.172
16.08.2021 22:00;1.656;0;0.651
16.08.2021 23:00;0.973;0;0.495
17.08.2021 00:00;0.973;0;0.208
17.08.2021 01:00;0.973;0;0.104
17.08.2021 02:00;0.973;0;0.026
17.08.2021 03:00;0.973;0;0.026
17.08.2021 04:00;0.973;0;0.052
17.08.2021 05:00;1.656;0;0.99
17.08.2021 06:00;5.637;0;2.604
17.08.2021 07:00;1.538;0;2.109
17.08.2021 08:00;0.855;0;1.745
17.08.2021 09:00;0.855;0;1.328
17.08.2021 10:00;0.854;0;1.172
17.08.2021 11:00;0.854;0;1.094
17.08.2021 12:00;5.69;0;1.64
17.08.2021 13:00;1.538;0;1.458
17.08.2021 14:00;0.854;0;0.833
17.08.2021 15:00;0.854;0;0.729
17.08.2021 16:00;0.854;0;0.833
17.08.2021 17:00;1.538;0;1.458
17.08.2021 18:00;5.69;0;2.057
17.08.2021 19:00;7.056;0;2.083
17.08.2021 20:00;1.591;0;1.614
17.08.2021 21:00;1.656;0;1.172
17.08.2021 22:00;1.656;0;0.651
17.08.2021 23:00;0.973;0;0.495
18.08.2021 00:00;0.973;0;0.208
18.08.2021 01:00;0.973;0;0.104
18.08.2021 02:00;0.973;0;0.026
18.08.2021 03:00;0.973;0;0.026
18.08.2021 04:00;0.973;0;0.052
18.08.2021 05:00;1.656;0;0.99
18.08.2021 06:00;5.637;0;2.604
18.08.2021 07:00;1.538;0;2.109
18.08.2021 08:00;0.855;0;1.745
18.08.2021 09:00;0.855;0;1.328
18.08.2021 10:00;0.854;0;1.172
18.08.2021 11:00;0.854;0;1.094
18.08.2021 12:00;5.69;0;1.64
18.08.2021 13:00;1.538;0;1.458
18.08.2021 14:00;0.854;0;0.833
18.08.2021 15:00;0.854;0;0.729
18.08.2021 16:00;0.854;0;0.833
18.08.2021 17:00;1.538;0;1.458
18.08.2021 18:00;5.69;0;2.057
18.08.2021 19:00;7.056;0;2.083
18.08.2021 20:00;1.591;0;1.614
18.08.2021 21:00;1.656;0;1.172
18.08.2021 22:00;1.656;0;0.651
18.08.2021 23:00;0.973;0;0.495
19.08.2021 00:00;0.973;0;0.201
19.08.2021 01:00;0.973;0;0.223
19.08.2021 02:00;0.973;0;0.134
19.08.2021 03:00;0.973;0;0.045
19.08.2021 04:00;0.973;0;0.045
19.08.2021 05:00;1.656;0;0.268
19.08.2021 06:00;5.637;0;0.736
19.08.2021 07:00;1.538;0;1.249
19.08.2021 08:00;0.855;0;2.03
19.08.2021 09:00;0.855;0;2.008
19.08.2021 10:00;0.855;0;1.807
19.08.2021 11:00;0.855;0;1.941
19.08.2021 12:00;5.69;0;1.963
19.08.2021 13:00;1.538;0;1.562
19.08.2021 14:00;0.854;0;1.249
19.08.2021 15:00;0.854;0;0.982
19.08.2021 16:00;0.854;0;1.249
19.08.2021 17:00;1.538;0;1.606
19.08.2021 18:00;5.69;0;2.231
19.08.2021 19:00;7.056;0;1.762
19.08.2021 20:00;1.59;0;0.982
19.08.2021 21:00;1.656;0;0.959
19.08.2021 22:00;1.656;0;0.781
19.08.2021 23:00;0.973;0;0.469
20.08.2021 00:00;0.973;0;0.271
20.08.2021 01:00;0.973;0;0.197
20.08.2021 02:00;0.973;0;0.148
20.08.2021 03:00;0.973;0;0.049
20.08.2021 04:00;0.973;0;0.049
20.08.2021 05:00;1.656;0;0.148
20.08.2021 06:00;5.637;0;0.493
20.08.2021 07:00;1.538;0;1.01
20.08.2021 08:00;0.855;0;1.601
20.08.2021 09:00;0.855;0;2.119
20.08.2021 10:00;0.855;0;2.34
20.08.2021 11:00;0.855;0;2.463
20.08.2021 12:00;5.69;0;2.119
20.08.2021 13:00;1.538;0;1.823
20.08.2021 14:00;0.855;0;1.429
20.08.2021 15:00;0.854;0;1.256
20.08.2021 16:00;0.854;0;0.714
20.08.2021 17:00;1.538;0;1.355
20.08.2021 18:00;5.69;0;1.774
20.08.2021 19:00;7.056;0;1.921
20.08.2021 20:00;1.59;0;0.985
20.08.2021 21:00;1.656;0;0.911
20.08.2021 22:00;1.656;0;0.838
20.08.2021 23:00;0.973;0;0.468
21.08.2021 00:00;0.973;0;0.208
21.08.2021 01:00;0.973;0;0.104
21.08.2021 02:00;0.973;0;0.026
21.08.2021 03:00;0.973;0;0.026
21.08.2021 04:00;0.973;0;0.052
21.08.2021 05:00;1.656;0;0.99
21.08.2021 06:00;5.637;0;2.604
21.08.2021 07:00;1.538;0;2.109
21.08.2021 08:00;0.855;0;1.745
21.08.2021 09:00;0.855;0;1.328
21.08.2021 10:00;0.854;0;1.172
21.08.2021 11:00;0.854;0;1.094
21.08.2021 12:00;5.69;0;1.64
21.08.2021 13:00;1.538;0;1.458
21.08.2021 14:00;0.854;0;0.833
21.08.2021 15:00;0.854;0;0.729
21.08.2021 16:00;0.854;0;0.833
21.08.2021 17:00;1.538;0;1.458
21.08.2021 18:00;5.69;0;2.057
21.08.2021 19:00;7.056;0;2.083
21.08.2021 20:00;1.591;0;1.614
21.08.2021 21:00;1.656;0;1.172
21.08.2021 22:00;1.656;0;0.651
21.08.2021 23:00;0.973;0;0.495
22.08.2021 00:00;0.973;0;0.208
22.08.2021 01:00;0.973;0;0.104
22.08.2021 02:00;0.973;0;0.026
22.08.2021 03:00;0.973;0;0.026
22.08.2021 04:00;0.973;0;0.052
22.08.2021 05:00;1.656;0;0.99
22.08.2021 06:00;5.637;0;2.604
22.08.2021 07:00;1.538;0;2.109
22.08.2021 08:00;0.855;0;1.745
22.08.2021 09:00;0.855;0;1.328
22.08.2021 10:00;0.854;0;1.172
22.08.2021 11:00;0.854;0;1.094
22.08.2021 12:00;5.69;0;1.64
22.08.2021 13:00;1.538;0;1.458
22.08.2021 14:00;0.854;0;0.833
22.08.2021 15:00;0.854;0;0.729
22.08.2021 16:00;0.854;0;0.833
22.08.2021 17:00;1.538;0;1.458
22.08.2021 18:00;5.69;0;2.057
22.08.2021 19:00;7.056;0;2.083
22.08.2021 20:00;1.591;0;1.614
22.08.2021 21:00;1.656;0;1.172
22.08.2021 22:00;1.656;0;0.651
22.08.2021 23:00;0.973;0;0.495
23.08.2021 00:00;0.973;0;0.208
23.08.2021 01:00;0.973;0;0.104
23.08.2021 02:00;0.973;0;0.026
23.08.2021 03:00;0.973;0;0.026
23.08.2021 04:00;0.973;0;0.052
23.08.2021 05:00;1.656;0;0.99
23.08.2021 06:00;5.637;0;2.604
23.08.2021 07:00;1.538;0;2.109
23.08.2021 08:00;0.855;0;1.745
23.08.2021 09:00;0.855;0;1.328
23.08.2021 10:00;0.854;0;1.172
23.08.2021 11:00;0.854;0;1.094
23.08.2021 12:00;5.69;0;1.64
23.08.2021 13:00;1.538;0;1.458
23.08.2021 14:00;0.854;0;0.833
23.08.2021 15:00;0.854;0;0.729
23.08.2021 16:00;0.854;0;0.833
23.08.2021 17:00;1.538;0;1.458
23.08.2021 18:00;5.69;0;2.057
23.08.2021 19:00;7.056;0;2.083
23.08.2021 20:00;1.591;0;1.614
23.08.2021 21:00;1.656;0;1.172
23.08.2021 22:00;1.656;0;0.651
23.08.2021 23:00;0.973;0;0.495
24.08.2021 00:00;0.973;0;0.208
24.08.2021 01:00;0.973;0;0.104
24.08.2021 02:00;0.973;0;0.026
24.08.2021 03:00;0.973;0;0.026
24.08.2021 04:00;0.973;0;0.052
24.08.2021 05:00;1.656;0;0.99
24.08.2021 06:00;5.637;0;2.604
24.08.2021 07:00;1.538;0;2.109
24.08.2021 08:00;0.855;0;1.745
24.08.2021 09:00;0.855;0;1.328
24.08.2021 10:00;0.854;0;1.172
24.08.2021 11:00;0.854;0;1.094
24.08.2021 12:00;5.69;0;1.64
24.08.2021 13:00;1.538;0;1.458
24.08.2021 14:00;0.854;0;0.833
24.08.2021 15:00;0.854;0;0.729
24.08.2021 16:00;0.854;0;0.833
24.08.2021 17:00;1.538;0;1.458
24.08.2021 18:00;5.69;0;2.057
24.08.2021 19:00;7.056;0;2.083
24.08.2021 20:00;1.591;0;1.614
24.08.2021 21:00;1.656;0;1.172
24.08.2021 22:00;1.656;0;0.651
24.08.2021 23:00;0.973;0;0.495
25.08.2021 00:00;0.973;0;0.208
25.08.2021 01:00;0.973;0;0.104
25.08.2021 02:00;0.973;0;0.026
25.08.2021 03:00;0.973;0;0.026
25.08.2021 04:00;0.973;0;0.052
25.08.2021 05:00;1.656;0;0.99
25.08.2021 06:00;5.637;0;2.604
25.08.2021 07:00;1.538;0;2.109
25.08.2021 08:00;0.855;0;1.745
25.08.2021 09:00;0.855;0;1.328
25.08.2021 10:00;0.854;0;1.172
25.08.2021 11:00;0.854;0;1.094
25.08.2021 12:00;5.69;0;1.64
25.08.2021 13:00;1.538;0;1.458
25.08.2021 14:00;0.854;0;0.833
25.08.2021 15:00;0.854;0;0.729
25.08.2021 16:00;0.854;0;0.833
25.08.2021 17:00;1.538;0;1.458
25.08.2021 18:00;5.69;0;2.057
25.08.2021 19:00;7.056;0;2.083
25.08.2021 20:00;1.591;0;1.614
25.08.2021 21:00;1.656;0;1.172
25.08.2021 22:00;1.656;0;0.651
25.08.2021 23:00;0.973;0;0.495
26.08.2021 00:00;0.973;0;0.201
26.08.2021 01:00;0.973;0;0.223
26.08.2021 02:00;0.973;0;0.134
26.08.2021 03:00;0.973;0;0.045
26.08.2021 04:00;0.973;0;0.045
26.08.2021 05:00;1.656;0;0.268
26.08.2021 06:00;5.637;0;0.736
26.08.2021 07:00;1.538;0;1.249
26.08.2021 08:00;0.855;0;2.03
26.08.2021 09:00;0.855;0;2.008
26.08.2021 10:00;0.855;0;1.807
26.08.2021 11:00;0.855;0;1.941
26.08.2021 12:00;5.69;0;1.963
26.08.2021 13:00;1.538;0;1.562
26.08.2021 14:00;0.854;0;1.249
26.08.2021 15:00;0.854;0;0.982
26.08.2021 16:00;0.854;0;1.249
26.08.2021 17:00;1.538;0;1.606
26.08.2021 18:00;5.69;0;2.231
26.08.2021 19:00;7.056;0;1.762
26.08.2021 20:00;1.59;0;0.982
26.08.2021 21:00;1.656;0;0.959
26.08.2021 22:00;1.656;0;0.781
26.08.2021 23:00;0.973;0;0.469
27.08.2021 00:00;0.973;0;0.271
27.08.2021 01:00;0.973;0;0.197
27.08.2021 02:00;0.973;0;0.148
27.08.2021 03:00;0.973;0;0.049
27.08.2021 04:00;0.973;0;0.049
27.08.2021 05:00;1.656;0;0.148
27.08.2021 06:00;5.637;0;0.493
27.08.2021 07:00;1.538;0;1.01
27.08.2021 08:00;0.855;0;1.601
27.08.2021 09:00;0.855;0;2.119
27.08.2021 10:00;0.855;0;2.34
27.08.2021 11:00;0.855;0;2.463
27.08.2021 12:00;5.69;0;2.119
27.08.2021 13:00;1.538;0;1.823
27.08.2021 14:00;0.855;0;1.429
27.08.2021 15:00;0.854;0;1.256
27.08.2021 16:00;0.854;0;0.714
27.08.2021 17:00;1.538;0;1.355
27.08.2021 18:00;5.69;0;1.774
27.08.2021 19:00;7.056;0;1.921
27.08.2021 20:00;1.59;0;0.985
27.08.2021 21:00;1.656;0;0.911
27.08.2021 22:00;1.656;0;0.838
27.08.2021 23:00;0.973;0;0.468
28.08.2021 00:00;0.973;0;0.208
28.08.2021 01:00;0.973;0;0.104
28.08.2021 02:00;0.973;0;0.026
28.08.2021 03:00;0.973;0;0.026
28.08.2021 04:00;0.973;0;0.052
28.08.2021 05:00;1.656;0;0.99
28.08.2021 06:00;5.637;0;2.604
28.08.2021 07:00;1.538;0;2.109
28.08.2021 08:00;0.855;0;1.745
28.08.2021 09:00;0.855;0;1.328
28.08.2021 10:00;0.854;0;1.172
28.08.2021 11:00;0.854;0;1.094
28.08.2021 12:00;5.69;0;1.64
28.08.2021 13:00;1.538;0;1.458
28.08.2021 14:00;0.854;0;0.833
28.08.2021 15:00;0.854;0;0.729
28.08.2021 16:00;0.854;0;0.833
28.08.2021 17:00;1.538;0;1.458
28.08.2021 18:00;5.69;0;2.057
28.08.2021 19:00;7.056;0;2.083
28.08.2021 20:00;1.591;0;1.614
28.08.2021 21:00;1.656;0;1.172
28.08.2021 22:00;1.656;0;0.651
28.08.2021 23:00;0.973;0;0.495
29.08.2021 00:00;0.973;0;0.208
29.08.2021 01:00;0.973;0;0.104
29.08.2021 02:00;0.973;0;0.026
29.08.2021 03:00;0.973;0;0.026
29.08.2021 04:00;0.973;0;0.052
29.08.2021 05:00;1.656;0;0.99
29.08.2021 06:00;5.637;0;2.604
29.08.2021 07:00;1.538;0;2.109
29.08.2021 08:00;0.855;0;1.745
29.08.2021 09:00;0.855;0;1.328
29.08.2021 10:00;0.854;0;1.172
29.08.2021 11:00;0.854;0;1.094
29.08.2021 12:00;5.69;0;1.64
29.08.2021 13:00;1.538;0;1.458
29.08.2021 14:00;0.854;0;0.833
29.08.2021 15:00;0.854;0;0.729
29.08.2021 16:00;0.854;0;0.833
29.08.2021 17:00;1.538;0;1.458
29.08.2021 18:00;5.69;0;2.057
29.08.2021 19:00;7.056;0;2.083
29.08.2021 20:00;1.591;0;1.614
29.08.2021 21:00;1.656;0;1.172
29.08.2021 22:00;1.656;0;0.651
29.08.2021 23:00;0.973;0;0.495
30.08.2021 00:00;0.973;0;0.208
30.08.2021 01:00;0.973;0;0.104
30.08.2021 02:00;0.973;0;0.026
30.08.2021 03:00;0.973;0;0.026
30.08.2021 04:00;0.973;0;0.052
30.08.2021 05:00;1.656;0;0.99
30.08.2021 06:00;5.637;0;2.604
30.08.2021 07:00;1.538;0;2.109
30.08.2021 08:00;0.855;0;1.745
30.08.2021 09:00;0.855;0;1.328
30.08.2021 10:00;0.854;0;1.172
30.08.2021 11:00;0.854;0;1.094
30.08.2021 12:00;5.69;0;1.64
30.08.2021 13:00;1.538;0;1.458
30.08.2021 14:00;0.854;0;0.833
30.08.2021 15:00;0.854;0;0.729
30.08.2021 16:00;0.854;0;0.833
30.08.2021 17:00;1.538;0;1.458
30.08.2021 18:00;5.69;0;2.057
30.08.2021 19:00;7.056;0;2.083
30.08.2021 20:00;1.591;0;1.614
30.08.2021 21:00;1.656;0;1.172
30.08.2021 22:00;1.656;0;0.651
30.08.2021 23:00;0.973;0;0.495
31.08.2021 00:00;0.973;0;0.208
31.08.2021 01:00;0.973;0;0.104
31.08.2021 02:00;0.973;0;0.026
31.08.2021 03:00;0.973;0;0.026
31.08.2021 04:00;0.973;0;0.052
31.08.2021 05:00;1.656;0;0.99
31.08.2021 06:00;5.637;0;2.604
31.08.2021 07:00;1.538;0;2.109
31.08.2021 08:00;0.855;0;1.745
31.08.2021 09:00;0.855;0;1.328
31.08.2021 10:00;0.854;0;1.172
31.08.2021 11:00;0.854;0;1.094
31.08.2021 12:00;5.69;0;1.64
31.08.2021 13:00;1.538;0;1.458
31.08.2021 14:00;0.854;0;0.833
31.08.2021 15:00;0.854;0;0.729
31.08.2021 16:00;0.854;0;0.833
31.08.2021 17:00;1.538;0;1.458
31.08.2021 18:00;5.69;0;2.057
31.08.2021 19:00;7.056;0;2.083
31.08.2021 20:00;1.591;0;1.614
31.08.2021 21:00;1.656;0;1.172
31.08.2021 22:00;1.656;0;0.651
31.08.2021 23:00;0.973;0;0.495
01.09.2021 00:00;0.973;0;0.208
01.09.2021 01:00;0.973;0;0.104
01.09.2021 02:00;0.973;0;0.026
01.09.2021 03:00;0.973;0;0.026
01.09.2021 04:00;0.973;0;0.052
01.09.2021 05:00;1.656;0;0.99
01.09.2021 06:00;5.637;0;2.604
01.09.2021 07:00;1.538;0;2.109
01.09.2021 08:00;0.855;0;1.745
01.09.2021 09:00;0.855;0;1.328
01.09.2021 10:00;0.854;0;1.172
01.09.2021 11:00;0.854;0;1.094
01.09.2021 12:00;5.69;0;1.64
01.09.2021 13:00;1.538;0;1.458
01.09.2021 14:00;0.854;0;0.833
01.09.2021 15:00;0.854;0;0.729
01.09.2021 16:00;0.854;0;0.833
01.09.2021 17:00;1.538;0;1.458
01.09.2021 18:00;5.69;0;2.057
01.09.2021 19:00;7.056;0;2.083
01.09.2021 20:00;1.591;0;1.614
01.09.2021 21:00;1.656;0;1.172
01.09.2021 22:00;1.656;0;0.651
01.09.2021 23:00;0.973;0;0.495
02.09.2021 00:00;0.973;0;0.201
02.09.2021 01:00;0.973;0;0.223
02.09.2021 02:00;0.973;0;0.134
02.09.2021 03:00;0.973;0;0.045
02.09.2021 04:00;0.973;0;0.045
02.09.2021 05:00;1.656;0;0.268
02.09.2021 06:00;5.637;0;0.736
02.09.2021 07:00;1.538;0;1.249
02.09.2021 08:00;0.855;0;2.03
02.09.2021 09:00;0.855;0;2.008
02.09.2021 10:00;0.855;0;1.807
02.09.2021 11:00;0.855;0;1.941
02.09.2021 12:00;5.69;0;1.963
02.09.2021 13:00;1.538;0;1.562
02.09.2021 14:00;0.854;0;1.249
02.09.2021 15:00;0.854;0;0.982
02.09.2021 16:00;0.854;0;1.249
02.09.2021 17:00;1.538;0;1.606
02.09.2021 18:00;5.69;0;2.231
02.09.2021 19:00;7.056;0;1.762
02.09.2021 20:00;1.59;0;0.982
02.09.2021 21:00;1.656;0;0.959
02.09.2021 22:00;1.656;0;0.781
02.09.2021 23:00;0.973;0;0.469
03.09.2021 00:00;0.973;0;0.271
03.09.2021 01:00;0.973;0;0.197
03.09.2021 02:00;0.973;0;0.148
03.09.2021 03:00;0.973;0;0.049
03.09.2021 04:00;0.973;0;0.049
03.09.2021 05:00;1.656;0;0.148
03.09.2021 06:00;5.637;0;0.493
03.09.2021 07:00;1.538;0;1.01
03.09.2021 08:00;0.855;0;1.601
03.09.2021 09:00;0.855;0;2.119
03.09.2021 10:00;0.855;0;2.34
03.09.2021 11:00;0.855;0;2.463
03.09.2021 12:00;5.69;0;2.119
03.09.2021 13:00;1.538;0;1.823
03.09.2021 14:00;0.855;0;1.429
03.09.2021 15:00;0.854;0;1.256
03.09.2021 16:00;0.854;0;0.714
03.09.2021 17:00;1.538;0;1.355
03.09.2021 18:00;5.69;0;1.774
03.09.2021 19:00;7.056;0;1.921
03.09.2021 20:00;1.59;0;0.985
03.09.2021 21:00;1.656;0;0.911
03.09.2021 22:00;1.656;0;0.838
03.09.2021 23:00;0.973;0;0.468
04.09.2021 00:00;0.973;0;0.208
04.09.2021 01:00;0.973;0;0.104
04.09.2021 02:00;0.973;0;0.026
04.09.2021 03:00;0.973;0;0.026
04.09.2021 04:00;0.973;0;0.052
04.09.2021 05:00;1.656;0;0.99
04.09.2021 06:00;5.637;0;2.604
04.09.2021 07:00;1.538;0;2.109
04.09.2021 08:00;0.855;0;1.745
04.09.2021 09:00;0.855;0;1.328
04.09.2021 10:00;0.854;0;1.172
04.09.2021 11:00;0.854;0;1.094
04.09.2021 12:00;5.69;0;1.64
04.09.2021 13:00;1.538;0;1.458
04.09.2021 14:00;0.854;0;0.833
04.09.2021 15:00;0.854;0;0.729
04.09.2021 16:00;0.854;0;0.833
04.09.2021 17:00;1.538;0;1.458
04.09.2021 18:00;5.69;0;2.057
04.09.2021 19:00;7.056;0;2.083
04.09.2021 20:00;1.591;0;1.614
04.09.2021 21:00;1.656;0;1.172
04.09.2021 22:00;1.656;0;0.651
04.09.2021 23:00;0.973;0;0.495
05.09.2021 00:00;0.973;0;0.208
05.09.2021 01:00;0.973;0;0.104
05.09.2021 02:00;0.973;0;0.026
05.09.2021 03:00;0.973;0;0.026
05.09.2021 04:00;0.973;0;0.052
05.09.2021 05:00;1.656;0;0.99
05.09.2021 06:00;5.637;0;2.604
05.09.2021 07:00;1.538;0;2.109
05.09.2021 08:00;0.855;0;1.745
05.09.2021 09:00;0.855;0;1.328
05.09.2021 10:00;0.854;0;1.172
05.09.2021 11:00;0.854;0;1.094
05.09.2021 12:00;5.69;0;1.64
05.09.2021 13:00;1.538;0;1.458
05.09.2021 14:00;0.854;0;0.833
05.09.2021 15:00;0.854;0;0.729
05.09.2021 16:00;0.854;0;0.833
05.09.2021 17:00;1.538;0;1.458
05.09.2021 18:00;5.69;0;2.057
05.09.2021 19:00;7.056;0;2.083
05.09.2021 20:00;1.591;0;1.614
05.09.2021 21:00;1.656;0;1.172
05.09.2021 22:00;1.656;0;0.651
05.09.2021 23:00;0.973;0;0.495
06.09.2021 00:00;0.973;0;0.208
06.09.2021 01:00;0.973;0;0.104
06.09.2021 02:00;0.973;0;0.026
06.09.2021 03:00;0.973;0;0.026
06.09.2021 04:00;0.973;0;0.052
06.09.2021 05:00;1.656;0;0.99
06.09.2021 06:00;5.637;0;2.604
06.09.2021 07:00;1.538;0;2.109
06.09.2021 08:00;0.855;0;1.745
06.09.2021 09:00;0.855;0;1.328
06.09.2021 10:00;0.854;0;1.172
06.09.2021 11:00;0.854;0;1.094
06.09.2021 12:00;5.69;0;1.64
06.09.2021 13:00;1.538;0;1.458
06.09.2021 14:00;0.854;0;0.833
06.09.2021 15:00;0.854;0;0.729
06.09.2021 16:00;0.854;0;0.833
06.09.2021 17:00;1.538;0;1.458
06.09.2021 18:00;5.69;0;2.057
06.09.2021 19:00;7.056;0;2.083
06.09.2021 20:00;1.591;0;1.614
06.09.2021 21:00;1.656;0;1.172
06.09.2021 22:00;1.656;0;0.651
06.09.2021 23:00;0.973;0;0.495
07.09.2021 00:00;0.973;0;0.208
07.09.2021 01:00;0.973;0;0.104
07.09.2021 02:00;0.973;0;0.026
07.09.2021 03:00;0.973;0;0.026
07.09.2021 04:00;0.973;0;0.052
07.09.2021 05:00;1.656;0;0.99
07.09.2021 06:00;5.637;0;2.604
07.09.2021 07:00;1.538;0;2.109
07.09.2021 08:00;0.855;0;1.745
07.09.2021 09:00;0.855;0;1.328
07.09.2021 10:00;0.854;0;1.172
07.09.2021 11:00;0.854;0;1.094
07.09.2021 12:00;5.69;0;1.64
07.09.2021 13:00;1.538;0;1.458
07.09.2021 14:00;0.854;0;0.833
07.09.2021 15:00;0.854;0;0.729
07.09.2021 16:00;0.854;0;0.833
07.09.2021 17:00;1.538;0;1.458
07.09.2021 18:00;5.69;0;2.057
07.09.2021 19:00;7.056;0;2.083
07.09.2021 20:00;1.591;0;1.614
07.09.2021 21:00;1.656;0;1.172
07.09.2021 22:00;1.656;0;0.651
07.09.2021 23:00;0.973;0;0.495
08.09.2021 00:00;0.973;0;0.208
08.09.2021 01:00;0.973;0;0.104
08.09.2021 02:00;0.973;0;0.026
08.09.2021 03:00;0.973;0;0.026
08.09.2021 04:00;0.973;0;0.052
08.09.2021 05:00;1.656;0;0.99
08.09.2021 06:00;5.637;0;2.604
08.09.2021 07:00;1.538;0;2.109
08.09.2021 08:00;0.855;0;1.745
08.09.2021 09:00;0.855;0;1.328
08.09.2021 10:00;0.854;0;1.172
08.09.2021 11:00;0.854;0;1.094
08.09.2021 12:00;5.69;0;1.64
08.09.2021 13:00;1.538;0;1.458
08.09.2021 14:00;0.854;0;0.833
08.09.2021 15:00;0.854;0;0.729
08.09.2021 16:00;0.854;0;0.833
08.09.2021 17:00;1.538;0;1.458
08.09.2021 18:00;5.69;0;2.057
08.09.2021 19:00;7.056;0;2.083
08.09.2021 20:00;1.591;0;1.614
08.09.2021 21:00;1.656;0;1.172
08.09.2021 22:00;1.656;0;0.651
08.09.2021 23:00;0.973;0;0.495
09.09.2021 00:00;0.973;0;0.201
09.09.2021 01:00;0.973;0;0.223
09.09.2021 02:00;0.973;0;0.134
09.09.2021 03:00;0.973;0;0.045
09.09.2021 04:00;0.973;0;0.045
09.09.2021 05:00;1.656;0;0.268
09.09.2021 06:00;5.637;0;0.736
09.09.2021 07:00;1.538;0;1.249
09.09.2021 08:00;0.855;0;2.03
09.09.2021 09:00;0.855;0;2.008
09.09.2021 10:00;0.855;0;1.807
09.09.2021 11:00;0.855;0;1.941
09.09.2021 12:00;5.69;0;1.963
09.09.2021 13:00;1.538;0;1.562
09.09.2021 14:00;0.854;0;1.249
09.09.2021 15:00;0.854;0;0.982
09.09.2021 16:00;0.854;0;1.249
09.09.2021 17:00;1.538;0;1.606
09.09.2021 18:00;5.69;0;2.231
09.09.2021 19:00;7.056;0;1.762
09.09.2021 20:00;1.59;0;0.982
09.09.2021 21:00;1.656;0;0.959
09.09.2021 22:00;1.656;0;0.781
09.09.2021 23:00;0.973;0;0.469
10.09.2021 00:00;0.973;0;0.271
10.09.2021 01:00;0.973;0;0.197
10.09.2021 02:00;0.973;0;0.148
10.09.2021 03:00;0.973;0;0.049
10.09.2021 04:00;0.973;0;0.049
10.09.2021 05:00;1.656;0;0.148
10.09.2021 06:00;5.637;0;0.493
10.09.2021 07:00;1.538;0;1.01
10.09.2021 08:00;0.855;0;1.601
10.09.2021 09:00;0.855;0;2.119
10.09.2021 10:00;0.855;0;2.34
10.09.2021 11:00;0.855;0;2.463
10.09.2021 12:00;5.69;0;2.119
10.09.2021 13:00;1.538;0;1.823
10.09.2021 14:00;0.855;0;1.429
10.09.2021 15:00;0.854;0;1.256
10.09.2021 16:00;0.854;0;0.714
10.09.2021 17:00;1.538;0;1.355
10.09.2021 18:00;5.69;0;1.774
10.09.2021 19:00;7.056;0;1.921
10.09.2021 20:00;1.59;0;0.985
10.09.2021 21:00;1.656;0;0.911
10.09.2021 22:00;1.656;0;0.838
10.09.2021 23:00;0.973;0;0.468
11.09.2021 00:00;0.973;0;0.208
11.09.2021 01:00;0.973;0;0.104
11.09.2021 02:00;0.973;0;0.026
11.09.2021 03:00;0.973;0;0.026
11.09.2021 04:00;0.973;0;0.052
11.09.2021 05:00;1.656;0;0.99
11.09.2021 06:00;5.637;0;2.604
11.09.2021 07:00;1.538;0;2.109
11.09.2021 08:00;0.855;0;1.745
11.09.2021 09:00;0.855;0;1.328
11.09.2021 10:00;0.854;0;1.172
11.09.2021 11:00;0.854;0;1.094
11.09.2021 12:00;5.69;0;1.64
11.09.2021 13:00;1.538;0;1.458
11.09.2021 14:00;0.854;0;0.833
11.09.2021 15:00;0.854;0;0.729
11.09.2021 16:00;0.854;0;0.833
11.09.2021 17:00;1.538;0;1.458
11.09.2021 18:00;5.69;0;2.057
11.09.2021 19:00;7.056;0;2.083
11.09.2021 20:00;1.591;0;1.614
11.09.2021 21:00;1.656;0;1.172
11.09.2021 22:00;1.656;0;0.651
11.09.2021 23:00;0.973;0;0.495
12.09.2021 00:00;0.973;0;0.208
12.09.2021 01:00;0.973;0;0.104
12.09.2021 02:00;0.973;0;0.026
12.09.2021 03:00;0.973;0;0.026
12.09.2021 04:00;0.973;0;0.052
12.09.2021 05:00;1.656;0;0.99
12.09.2021 06:00;5.637;0;2.604
12.09.2021 07:00;1.538;0;2.109
12.09.2021 08:00;0.855;0;1.745
12.09.2021 09:00;0.855;0;1.328
12.09.2021 10:00;0.854;0;1.172
12.09.2021 11:00;0.854;0;1.094
12.09.2021 12:00;5.69;0;1.64
12.09.2021 13:00;1.538;0;1.458
12.09.2021 14:00;0.854;0;0.833
12.09.2021 15:00;0.854;0;0.729
12.09.2021 16:00;0.854;0;0.833
12.09.2021 17:00;1.538;0;1.458
12.09.2021 18:00;5.69;0;2.057
12.09.2021 19:00;7.056;0;2.083
12.09.2021 20:00;1.591;0;1.614
12.09.2021 21:00;1.656;0;1.172
12.09.2021 22:00;1.656;0;0.651
12.09.2021 23:00;0.973;0;0.495
13.09.2021 00:00;0.973;0;0.208
13.09.2021 01:00;0.973;0;0.104
13.09.2021 02:00;0.973;0;0.026
13.09.2021 03:00;0.973;0;0.026
13.09.2021 04:00;0.973;0;0.052
13.09.2021 05:00;1.656;0;0.99
13.09.2021 06:00;5.637;0;2.604
13.09.2021 07:00;1.538;0;2.109
13.09.2021 08:00;0.855;0;1.745
13.09.2021 09:00;0.855;0;1.328
13.09.2021 10:00;0.854;0;1.172
13.09.2021 11:00;0.854;0;1.094
13.09.2021 12:00;5.69;0;1.64
13.09.2021 13:00;1.538;0;1.458
13.09.2021 14:00;0.854;0;0.833
13.09.2021 15:00;0.854;0;0.729
13.09.2021 16:00;0.854;0;0.833
13.09.2021 17:00;1.538;0;1.458
13.09.2021 18:00;5.69;0;2.057
13.09.2021 19:00;7.056;0;2.083
13.09.2021 20:00;1.591;0;1.614
13.09.2021 21:00;1.656;0;1.172
13.09.2021 22:00;1.656;0;0.651
13.09.2021 23:00;0.973;0;0.495
14.09.2021 00:00;0.973;0;0.208
14.09.2021 01:00;0.973;0;0.104
14.09.2021 02:00;0.973;0;0.026
14.09.2021 03:00;0.973;0;0.026
14.09.2021 04:00;0.973;0;0.052
14.09.2021 05:00;1.656;0;0.99
14.09.2021 06:00;5.637;0;2.604
14.09.2021 07:00;1.538;0;2.109
14.09.2021 08:00;0.855;0;1.745
14.09.2021 09:00;0.855;0;1.328
14.09.2021 10:00;0.854;0;1.172
14.09.2021 11:00;0.854;0;1.094
14.09.2021 12:00;5.69;0;1.64
14.09.2021 13:00;1.538;0;1.458
14.09.2021 14:00;0.854;0;0.833
14.09.2021 15:00;0.854;0;0.729
14.09.2021 16:00;0.854;0;0.833
14.09.2021 17:00;1.538;0;1.458
14.09.2021 18:00;5.69;0;2.057
14.09.2021 19:00;7.056;0;2.083
14.09.2021 20:00;1.591;0;1.614
14.09.2021 21:00;1.656;0;1.172
14.09.2021 22:00;1.656;0;0.651
14.09.2021 23:00;0.973;0;0.495
15.09.2021 00:00;0.973;0;0.208
15.09.2021 01:00;0.973;0;0.104
15.09.2021 02:00;0.973;0;0.026
15.09.2021 03:00;0.973;0;0.026
15.09.2021 04:00;0.973;0;0.052
15.09.2021 05:00;1.656;0;0.99
15.09.2021 06:00;5.637;0;2.604
15.09.2021 07:00;1.538;0;2.109
15.09.2021 08:00;0.855;0;1.745
15.09.2021 09:00;0.855;0;1.328
15.09.2021 10:00;0.854;0;1.172
15.09.2021 11:00;0.854;0;1.094
15.09.2021 12:00;5.69;0;1.64
15.09.2021 13:00;1.538;0;1.458
15.09.2021 14:00;0.854;0;0.833
15.09.2021 15:00;0.854;0;0.729
15.09.2021 16:00;0.854;0;0.833
15.09.2021 17:00;1.538;0;1.458
15.09.2021 18:00;5.69;0;2.057
15.09.2021 19:00;7.056;0;2.083
15.09.2021 20:00;1.591;0;1.614
15.09.2021 21:00;1.656;0;1.172
15.09.2021 22:00;1.656;0;0.651
15.09.2021 23:00;0.973;0;0.495
16.09.2021 00:00;0.975;0;0.201
16.09.2021 01:00;0.975;0;0.223
16.09.2021 02:00;0.975;0;0.134
16.09.2021 03:00;0.975;0;0.045
16.09.2021 04:00;0.975;0;0.045
16.09.2021 05:00;1.658;0;0.268
16.09.2021 06:00;5.637;0;0.736
16.09.2021 07:00;1.538;0;1.249
16.09.2021 08:00;0.855;0;2.03
16.09.2021 09:00;0.855;0;2.008
16.09.2021 10:00;0.855;0;1.807
16.09.2021 11:00;0.855;0;1.941
16.09.2021 12:00;5.691;0;1.963
16.09.2021 13:00;1.538;0;1.562
16.09.2021 14:00;0.854;0;1.249
16.09.2021 15:00;0.854;0;0.982
16.09.2021 16:00;0.854;0;1.249
16.09.2021 17:00;1.538;0;1.606
16.09.2021 18:00;5.691;0;2.231
16.09.2021 19:00;7.057;0;1.762
16.09.2021 20:00;1.591;0;0.982
16.09.2021 21:00;1.659;0;0.959
16.09.2021 22:00;1.659;0;0.781
16.09.2021 23:00;0.976;0;0.469
17.09.2021 00:00;0.976;0;0.271
17.09.2021 01:00;0.975;0;0.197
17.09.2021 02:00;0.976;0;0.148
17.09.2021 03:00;0.976;0;0.049
17.09.2021 04:00;0.976;0;0.049
17.09.2021 05:00;1.659;0;0.148
17.09.2021 06:00;5.637;0;0.493
17.09.2021 07:00;1.538;0;1.01
17.09.2021 08:00;0.855;0;1.601
17.09.2021 09:00;0.855;0;2.119
17.09.2021 10:00;0.855;0;2.34
17.09.2021 11:00;0.855;0;2.463
17.09.2021 12:00;5.691;0;2.119
17.09.2021 13:00;1.538;0;1.823
17.09.2021 14:00;0.855;0;1.429
17.09.2021 15:00;0.854;0;1.256
17.09.2021 16:00;0.854;0;0.714
17.09.2021 17:00;1.538;0;1.355
17.09.2021 18:00;5.691;0;1.774
17.09.2021 19:00;7.057;0;1.921
17.09.2021 20:00;1.592;0;0.985
17.09.2021 21:00;1.659;0;0.911
17.09.2021 22:00;1.659;0;0.838
17.09.2021 23:00;0.976;0;0.468
18.09.2021 00:00;0.976;0;0.208
18.09.2021 01:00;0.976;0;0.104
18.09.2021 02:00;0.977;0;0.026
18.09.2021 03:00;0.976;0;0.026
18.09.2021 04:00;0.977;0;0.052
18.09.2021 05:00;1.659;0;0.99
18.09.2021 06:00;5.637;0;2.604
18.09.2021 07:00;1.538;0;2.109
18.09.2021 08:00;0.855;0;1.745
18.09.2021 09:00;0.855;0;1.328
18.09.2021 10:00;0.854;0;1.172
18.09.2021 11:00;0.854;0;1.094
18.09.2021 12:00;5.69;0;1.64
18.09.2021 13:00;1.538;0;1.458
18.09.2021 14:00;0.854;0;0.833
18.09.2021 15:00;0.854;0;0.729
18.09.2021 16:00;0.854;0;0.833
18.09.2021 17:00;1.538;0;1.458
18.09.2021 18:00;5.691;0;2.057
18.09.2021 19:00;7.058;0;2.083
18.09.2021 20:00;1.592;0;1.614
18.09.2021 21:00;1.659;0;1.172
18.09.2021 22:00;1.659;0;0.651
18.09.2021 23:00;0.976;0;0.495
19.09.2021 00:00;0.976;0;0.208
19.09.2021 01:00;0.976;0;0.104
19.09.2021 02:00;0.976;0;0.026
19.09.2021 03:00;0.976;0;0.026
19.09.2021 04:00;0.976;0;0.052
19.09.2021 05:00;1.66;0;0.99
19.09.2021 06:00;5.637;0;2.604
19.09.2021 07:00;1.538;0;2.109
19.09.2021 08:00;0.855;0;1.745
19.09.2021 09:00;0.855;0;1.328
19.09.2021 10:00;0.854;0;1.172
19.09.2021 11:00;0.854;0;1.094
19.09.2021 12:00;5.692;0;1.64
19.09.2021 13:00;1.538;0;1.458
19.09.2021 14:00;0.854;0;0.833
19.09.2021 15:00;0.854;0;0.729
19.09.2021 16:00;0.854;0;0.833
19.09.2021 17:00;1.538;0;1.458
19.09.2021 18:00;5.692;0;2.057
19.09.2021 19:00;7.058;0;2.083
19.09.2021 20:00;1.592;0;1.614
19.09.2021 21:00;1.66;0;1.172
19.09.2021 22:00;1.66;0;0.651
19.09.2021 23:00;0.977;0;0.495
20.09.2021 00:00;0.977;0;0.208
20.09.2021 01:00;0.977;0;0.104
20.09.2021 02:00;0.977;0;0.026
20.09.2021 03:00;0.977;0;0.026
20.09.2021 04:00;0.977;0;0.052
20.09.2021 05:00;1.66;0;0.99
20.09.2021 06:00;5.637;0;2.604
20.09.2021 07:00;1.538;0;2.109
20.09.2021 08:00;0.855;0;1.745
20.09.2021 09:00;0.855;0;1.328
20.09.2021 10:00;0.854;0;1.172
20.09.2021 11:00;0.854;0;1.094
20.09.2021 12:00;5.691;0;1.64
20.09.2021 13:00;1.538;0;1.458
20.09.2021 14:00;0.854;0;0.833
20.09.2021 15:00;0.854;0;0.729
20.09.2021 16:00;0.854;0;0.833
20.09.2021 17:00;1.538;0;1.458
20.09.2021 18:00;5.692;0;2.057
20.09.2021 19:00;7.058;0;2.083
20.09.2021 20:00;1.592;0;1.614
20.09.2021 21:00;1.66;0;1.172
20.09.2021 22:00;1.66;0;0.651
20.09.2021 23:00;0.977;0;0.495
21.09.2021 00:00;0.976;0;0.208
21.09.2021 01:00;0.976;0;0.104
21.09.2021 02:00;0.976;0;0.026
21.09.2021 03:00;0.976;0;0.026
21.09.2021 04:00;0.976;0;0.052
21.09.2021 05:00;1.66;0;0.99
21.09.2021 06:00;5.637;0;2.604
21.09.2021 07:00;1.538;0;2.109
21.09.2021 08:00;0.855;0;1.745
21.09.2021 09:00;0.855;0;1.328
21.09.2021 10:00;0.854;0;1.172
21.09.2021 11:00;0.854;0;1.094
21.09.2021 12:00;5.691;0;1.64
21.09.2021 13:00;1.538;0;1.458
21.09.2021 14:00;0.854;0;0.833
21.09.2021 15:00;0.854;0;0.729
21.09.2021 16:00;0.854;0;0.833
21.09.2021 17:00;1.538;0;1.458
21.09.2021 18:00;5.691;0;2.057
21.09.2021 19:00;7.058;0;2.083
21.09.2021 20:00;1.592;0;1.614
21.09.2021 21:00;1.66;0;1.172
21.09.2021 22:00;1.66;0;0.651
21.09.2021 23:00;0.977;0;0.495
22.09.2021 00:00;0.977;0;0.208
22.09.2021 01:00;0.977;0;0.104
22.09.2021 02:00;0.977;0;0.026
22.09.2021 03:00;0.977;0;0.026
22.09.2021 04:00;0.977;0;0.052
22.09.2021 05:00;1.66;0;0.99
22.09.2021 06:00;5.637;0;2.604
22.09.2021 07:00;1.538;0;2.109
22.09.2021 08:00;0.855;0;1.745
22.09.2021 09:00;0.855;0;1.328
22.09.2021 10:00;0.854;0;1.172
22.09.2021 11:00;0.854;0;1.094
22.09.2021 12:00;5.691;0;1.64
22.09.2021 13:00;1.538;0;1.458
22.09.2021 14:00;0.854;0;0.833
22.09.2021 15:00;0.854;0;0.729
22.09.2021 16:00;0.854;0;0.833
22.09.2021 17:00;1.538;0;1.458
22.09.2021 18:00;5.691;0;2.057
22.09.2021 19:00;7.058;0;2.083
22.09.2021 20:00;1.592;0;1.614
22.09.2021 21:00;1.659;0;1.172
22.09.2021 22:00;1.66;0;0.651
22.09.2021 23:00;0.977;0;0.495
23.09.2021 00:00;0.976;0;0.201
23.09.2021 01:00;0.976;0;0.223
23.09.2021 02:00;0.976;0;0.134
23.09.2021 03:00;0.976;0;0.045
23.09.2021 04:00;0.976;0;0.045
23.09.2021 05:00;1.659;0;0.268
23.09.2021 06:00;5.637;0;0.736
23.09.2021 07:00;1.605;0.419;1.249
23.09.2021 08:00;0.922;1.321;2.03
23.09.2021 09:00;0.922;0.88;2.008
23.09.2021 10:00;0.922;0.319;1.807
23.09.2021 11:00;0.855;0;1.941
23.09.2021 12:00;5.691;0;1.963
23.09.2021 13:00;1.538;0;1.562
23.09.2021 14:00;0.854;0;1.249
23.09.2021 15:00;0.854;0;0.982
23.09.2021 16:00;0.854;0;1.249
23.09.2021 17:00;1.538;0;1.606
23.09.2021 18:00;5.691;0;2.231
23.09.2021 19:00;7.057;0;1.762
23.09.2021 20:00;1.591;0;0.982
23.09.2021 21:00;1.659;0;0.959
23.09.2021 22:00;1.659;0;0.781
23.09.2021 23:00;0.975;0;0.469
24.09.2021 00:00;0.975;0;0.271
24.09.2021 01:00;0.976;0;0.197
24.09.2021 02:00;0.975;0;0.148
24.09.2021 03:00;0.977;0;0.049
24.09.2021 04:00;0.976;0;0.049
24.09.2021 05:00;1.659;0;0.148
24.09.2021 06:00;5.637;0;0.493
24.09.2021 07:00;1.538;0;1.01
24.09.2021 08:00;0.922;0.28;1.601
24.09.2021 09:00;0.855;0;2.119
24.09.2021 10:00;0.855;0;2.34
24.09.2021 11:00;0.855;0;2.463
24.09.2021 12:00;5.69;0;2.119
24.09.2021 13:00;1.538;0;1.823
24.09.2021 14:00;0.855;0;1.429
24.09.2021 15:00;0.854;0;1.256
24.09.2021 16:00;0.854;0;0.714
24.09.2021 17:00;1.538;0;1.355
24.09.2021 18:00;5.691;0;1.774
24.09.2021 19:00;7.058;0;1.921
24.09.2021 20:00;1.592;0;0.985
24.09.2021 21:00;1.659;0;0.911
24.09.2021 22:00;1.658;0;0.838
24.09.2021 23:00;0.975;0;0.468
25.09.2021 00:00;0.975;0;0.208
25.09.2021 01:00;0.975;0;0.104
25.09.2021 02:00;0.975;0;0.026
25.09.2021 03:00;0.976;0;0.026
25.09.2021 04:00;0.976;0;0.052
25.09.2021 05:00;1.659;0;0.99
25.09.2021 06:00;5.637;0;2.604
25.09.2021 07:00;1.538;0;2.109
25.09.2021 08:00;0.855;0;1.745
25.09.2021 09:00;0.855;0;1.328
25.09.2021 10:00;0.854;0;1.172
25.09.2021 11:00;0.854;0;1.094
25.09.2021 12:00;5.69;0;1.64
25.09.2021 13:00;1.538;0;1.458
25.09.2021 14:00;0.854;0;0.833
25.09.2021 15:00;0.854;0;0.729
25.09.2021 16:00;0.854;0;0.833
25.09.2021 17:00;1.538;0;1.458
25.09.2021 18:00;5.691;0;2.057
25.09.2021 19:00;7.057;0;2.083
25.09.2021 20:00;1.591;0;1.614
25.09.2021 21:00;1.658;0;1.172
25.09.2021 22:00;1.658;0;0.651
25.09.2021 23:00;0.975;0;0.495
26.09.2021 00:00;0.974;0;0.208
26.09.2021 01:00;0.974;0;0.104
26.09.2021 02:00;0.975;0;0.026
26.09.2021 03:00;0.975;0;0.026
26.09.2021 04:00;0.975;0;0.052
26.09.2021 05:00;1.659;0;0.99
26.09.2021 06:00;5.637;0;2.604
26.09.2021 07:00;1.538;0;2.109
26.09.2021 08:00;0.855;0;1.745
26.09.2021 09:00;0.855;0;1.328
26.09.2021 10:00;0.854;0;1.172
26.09.2021 11:00;0.854;0;1.094
26.09.2021 12:00;5.691;0;1.64
26.09.2021 13:00;1.538;0;1.458
26.09.2021 14:00;0.854;0;0.833
26.09.2021 15:00;0.854;0;0.729
26.09.2021 16:00;0.854;0;0.833
26.09.2021 17:00;1.538;0;1.458
26.09.2021 18:00;5.691;0;2.057
26.09.2021 19:00;7.058;0;2.083
26.09.2021 20:00;1.592;0;1.614
26.09.2021 21:00;1.659;0;1.172
26.09.2021 22:00;1.659;0;0.651
26.09.2021 23:00;0.976;0;0.495
27.09.2021 00:00;0.976;0;0.208
27.09.2021 01:00;0.976;0;0.104
27.09.2021 02:00;0.976;0;0.026
27.09.2021 03:00;0.975;0;0.026
27.09.2021 04:00;0.975;0;0.052
27.09.2021 05:00;1.659;0;0.99
27.09.2021 06:00;5.637;0;2.604
27.09.2021 07:00;1.538;0;2.109
27.09.2021 08:00;0.855;0;1.745
27.09.2021 09:00;0.855;0;1.328
27.09.2021 10:00;0.854;0;1.172
27.09.2021 11:00;0.854;0;1.094
27.09.2021 12:00;5.69;0;1.64
27.09.2021 13:00;1.538;0;1.458
27.09.2021 14:00;0.854;0;0.833
27.09.2021 15:00;0.854;0;0.729
27.09.2021 16:00;0.854;0;0.833
27.09.2021 17:00;1.538;0;1.458
27.09.2021 18:00;5.691;0;2.057
27.09.2021 19:00;7.057;0;2.083
27.09.2021 20:00;1.592;0;1.614
27.09.2021 21:00;1.658;0;1.172
27.09.2021 22:00;1.659;0;0.651
27.09.2021 23:00;0.976;0;0.495
28.09.2021 00:00;0.976;0;0.208
28.09.2021 01:00;0.976;0;0.104
28.09.2021 02:00;0.976;0;0.026
28.09.2021 03:00;0.976;0;0.026
28.09.2021 04:00;0.976;0;0.052
28.09.2021 05:00;1.66;0;0.99
28.09.2021 06:00;5.637;0;2.604
28.09.2021 07:00;1.538;0;2.109
28.09.2021 08:00;0.855;0;1.745
28.09.2021 09:00;0.855;0;1.328
28.09.2021 10:00;0.854;0;1.172
28.09.2021 11:00;0.854;0;1.094
28.09.2021 12:00;5.691;0;1.64
28.09.2021 13:00;1.538;0;1.458
28.09.2021 14:00;0.854;0;0.833
28.09.2021 15:00;0.854;0;0.729
28.09.2021 16:00;0.854;0;0.833
28.09.2021 17:00;1.538;0;1.458
28.09.2021 18:00;5.691;0;2.057
28.09.2021 19:00;7.058;0;2.083
28.09.2021 20:00;1.592;0;1.614
28.09.2021 21:00;1.659;0;1.172
28.09.2021 22:00;1.659;0;0.651
28.09.2021 23:00;0.976;0;0.495
29.09.2021 00:00;0.976;0;0.208
29.09.2021 01:00;0.976;0;0.104
29.09.2021 02:00;0.976;0;0.026
29.09.2021 03:00;0.976;0;0.026
29.09.2021 04:00;0.976;0;0.052
29.09.2021 05:00;1.66;0;0.99
29.09.2021 06:00;5.637;0;2.604
29.09.2021 07:00;1.538;0;2.109
29.09.2021 08:00;0.922;0.377;1.745
29.09.2021 09:00;0.855;0;1.328
29.09.2021 10:00;0.854;0;1.172
29.09.2021 11:00;0.854;0;1.094
29.09.2021 12:00;5.691;0;1.64
29.09.2021 13:00;1.538;0;1.458
29.09.2021 14:00;0.854;0;0.833
29.09.2021 15:00;0.854;0;0.729
29.09.2021 16:00;0.854;0;0.833
29.09.2021 17:00;1.538;0;1.458
29.09.2021 18:00;5.691;0;2.057
29.09.2021 19:00;7.058;0;2.083
29.09.2021 20:00;1.592;0;1.614
29.09.2021 21:00;1.66;0;1.172
29.09.2021 22:00;1.66;0;0.651
29.09.2021 23:00;0.977;0;0.495
30.09.2021 00:00;0.976;0;0.201
30.09.2021 01:00;0.976;0;0.223
30.09.2021 02:00;0.977;0;0.134
30.09.2021 03:00;0.977;0;0.045
30.09.2021 04:00;0.977;0;0.045
30.09.2021 05:00;1.661;0;0.268
30.09.2021 06:00;5.637;0;0.736
30.09.2021 07:00;1.605;2.766;1.249
30.09.2021 08:00;0.922;3.443;2.03
30.09.2021 09:00;0.922;2.732;2.008
30.09.2021 10:00;0.922;2.242;1.807
30.09.2021 11:00;0.922;1.69;1.941
30.09.2021 12:00;5.691;0;1.963
30.09.2021 13:00;1.538;0;1.562
30.09.2021 14:00;0.922;0.929;1.249
30.09.2021 15:00;0.922;0.898;0.982
30.09.2021 16:00;0.922;1.084;1.249
30.09.2021 17:00;1.605;1.155;1.606
30.09.2021 18:00;5.692;0;2.231
30.09.2021 19:00;7.058;0;1.762
30.09.2021 20:00;1.66;1.359;0.982
30.09.2021 21:00;1.66;0;0.959
30.09.2021 22:00;1.66;0;0.781
30.09.2021 23:00;0.977;0;0.469
01.10.2021 00:00;0.977;0;0.271
01.10.2021 01:00;0.977;0;0.197
01.10.2021 02:00;0.977;0;0.148
01.10.2021 03:00;0.977;0;0.049
01.10.2021 04:00;0.977;0;0.049
01.10.2021 05:00;1.66;0;0.148
01.10.2021 06:00;5.704;0.75;0.493
01.10.2021 07:00;1.605;4.147;1.01
01.10.2021 08:00;0.922;4.662;1.601
01.10.2021 09:00;0.922;4.275;2.119
01.10.2021 10:00;0.922;3.581;2.34
01.10.2021 11:00;0.923;3.167;2.463
01.10.2021 12:00;5.691;0;2.119
01.10.2021 13:00;1.605;1.129;1.823
01.10.2021 14:00;0.922;2.028;1.429
01.10.2021 15:00;0.922;2.07;1.256
01.10.2021 16:00;0.922;2.13;0.714
01.10.2021 17:00;1.605;1.895;1.355
01.10.2021 18:00;5.691;0;1.774
01.10.2021 19:00;7.058;0;1.921
01.10.2021 20:00;1.659;0.824;0.985
01.10.2021 21:00;1.659;0;0.911
01.10.2021 22:00;1.659;0;0.838
01.10.2021 23:00;0.976;0;0.468
02.10.2021 00:00;0.976;0;0.208
02.10.2021 01:00;0.976;0;0.104
02.10.2021 02:00;0.976;0;0.026
02.10.2021 03:00;0.976;0;0.026
02.10.2021 04:00;0.976;0;0.052
02.10.2021 05:00;1.66;0;0.99
02.10.2021 06:00;5.637;0;2.604
02.10.2021 07:00;1.606;2.88;2.109
02.10.2021 08:00;0.922;3.937;1.745
02.10.2021 09:00;0.922;3.997;1.328
02.10.2021 10:00;0.922;3.8;1.172
02.10.2021 11:00;0.922;3.031;1.094
02.10.2021 12:00;5.691;0;1.64
02.10.2021 13:00;1.605;1.419;1.458
02.10.2021 14:00;0.922;2.445;0.833
02.10.2021 15:00;0.922;2.132;0.729
02.10.2021 16:00;0.922;2.227;0.833
02.10.2021 17:00;1.605;1.247;1.458
02.10.2021 18:00;5.691;0;2.057
02.10.2021 19:00;7.058;0;2.083
02.10.2021 20:00;1.659;0.495;1.614
02.10.2021 21:00;1.659;0;1.172
02.10.2021 22:00;1.659;0;0.651
02.10.2021 23:00;0.976;0;0.495
03.10.2021 00:00;0.975;0;0.208
03.10.2021 01:00;0.975;0;0.104
03.10.2021 02:00;0.975;0;0.026
03.10.2021 03:00;0.975;0;0.026
03.10.2021 04:00;0.975;0;0.052
03.10.2021 05:00;1.659;0;0.99
03.10.2021 06:00;5.637;0;2.604
03.10.2021 07:00;1.606;1.138;2.109
03.10.2021 08:00;0.922;2.244;1.745
03.10.2021 09:00;0.922;2.67;1.328
03.10.2021 10:00;0.922;2.384;1.172
03.10.2021 11:00;0.922;2.163;1.094
03.10.2021 12:00;5.691;0;1.64
03.10.2021 13:00;1.538;0;1.458
03.10.2021 14:00;0.922;0.806;0.833
03.10.2021 15:00;0.922;0.994;0.729
03.10.2021 16:00;0.922;1.142;0.833
03.10.2021 17:00;1.605;0.703;1.458
03.10.2021 18:00;5.692;0;2.057
03.10.2021 19:00;7.058;0;2.083
03.10.2021 20:00;1.66;1.593;1.614
03.10.2021 21:00;1.661;0;1.172
03.10.2021 22:00;1.66;0;0.651
03.10.2021 23:00;0.976;0;0.495
04.10.2021 00:00;0.976;0;0.208
04.10.2021 01:00;0.977;0;0.104
04.10.2021 02:00;0.977;0;0.026
04.10.2021 03:00;0.976;0;0.026
04.10.2021 04:00;0.976;0;0.052
04.10.2021 05:00;1.66;0;0.99
04.10.2021 06:00;5.705;0.083;2.604
04.10.2021 07:00;1.606;4.014;2.109
04.10.2021 08:00;0.922;4.481;1.745
04.10.2021 09:00;0.922;3.724;1.328
04.10.2021 10:00;0.922;2.998;1.172
04.10.2021 11:00;0.922;2.636;1.094
04.10.2021 12:00;5.691;0;1.64
04.10.2021 13:00;1.605;0.467;1.458
04.10.2021 14:00;0.922;1.663;0.833
04.10.2021 15:00;0.922;1.655;0.729
04.10.2021 16:00;0.922;1.926;0.833
04.10.2021 17:00;1.605;1.37;1.458
04.10.2021 18:00;5.691;0;2.057
04.10.2021 19:00;7.058;0;2.083
04.10.2021 20:00;1.66;1.122;1.614
04.10.2021 21:00;1.659;0;1.172
04.10.2021 22:00;1.659;0;0.651
04.10.2021 23:00;0.976;0;0.495
05.10.2021 00:00;0.976;0;0.208
05.10.2021 01:00;0.976;0;0.104
05.10.2021 02:00;0.976;0;0.026
05.10.2021 03:00;0.976;0;0.026
05.10.2021 04:00;0.976;0;0.052
05.10.2021 05:00;1.66;0;0.99
05.10.2021 06:00;5.637;0;2.604
05.10.2021 07:00;1.606;2.89;2.109
05.10.2021 08:00;0.922;3.239;1.745
05.10.2021 09:00;0.922;2.463;1.328
05.10.2021 10:00;0.922;1.965;1.172
05.10.2021 11:00;0.922;1.234;1.094
05.10.2021 12:00;5.69;0;1.64
05.10.2021 13:00;1.538;0;1.458
05.10.2021 14:00;0.854;0;0.833
05.10.2021 15:00;0.922;0.147;0.729
05.10.2021 16:00;0.922;0.557;0.833
05.10.2021 17:00;1.605;0.439;1.458
05.10.2021 18:00;5.691;0;2.057
05.10.2021 19:00;7.058;0;2.083
05.10.2021 20:00;1.592;0;1.614
05.10.2021 21:00;1.659;0;1.172
05.10.2021 22:00;1.659;0;0.651
05.10.2021 23:00;0.976;0;0.495
06.10.2021 00:00;0.976;0;0.208
06.10.2021 01:00;0.976;0;0.104
06.10.2021 02:00;0.976;0;0.026
06.10.2021 03:00;0.976;0;0.026
06.10.2021 04:00;0.977;0;0.052
06.10.2021 05:00;1.66;0;0.99
06.10.2021 06:00;5.637;0;2.604
06.10.2021 07:00;1.606;3.146;2.109
06.10.2021 08:00;0.922;3.787;1.745
06.10.2021 09:00;0.922;3.864;1.328
06.10.2021 10:00;0.922;3.359;1.172
06.10.2021 11:00;0.922;3.052;1.094
06.10.2021 12:00;5.692;0;1.64
06.10.2021 13:00;1.605;1.985;1.458
06.10.2021 14:00;0.922;3.155;0.833
06.10.2021 15:00;0.922;3.562;0.729
06.10.2021 16:00;0.922;3.124;0.833
06.10.2021 17:00;1.605;2.408;1.458
06.10.2021 18:00;5.692;0;2.057
06.10.2021 19:00;7.058;0;2.083
06.10.2021 20:00;1.66;2.374;1.614
06.10.2021 21:00;1.661;0;1.172
06.10.2021 22:00;1.661;0;0.651
06.10.2021 23:00;0.978;0;0.495
07.10.2021 00:00;0.978;0;0.201
07.10.2021 01:00;0.978;0;0.223
07.10.2021 02:00;0.978;0;0.134
07.10.2021 03:00;0.978;0;0.045
07.10.2021 04:00;0.978;0;0.045
07.10.2021 05:00;1.661;0;0.268
07.10.2021 06:00;5.704;3.52;0.736
07.10.2021 07:00;1.605;6.691;1.249
07.10.2021 08:00;0.922;6.66;2.03
07.10.2021 09:00;0.922;5.717;2.008
07.10.2021 10:00;0.922;4.783;1.807
07.10.2021 11:00;0.922;4.045;1.941
07.10.2021 12:00;5.691;0;1.963
07.10.2021 13:00;1.605;1.744;1.562
07.10.2021 14:00;0.922;2.928;1.249
07.10.2021 15:00;0.922;3.419;0.982
07.10.2021 16:00;0.922;3.878;1.249
07.10.2021 17:00;1.605;2.561;1.606
07.10.2021 18:00;5.692;0;2.231
07.10.2021 19:00;7.058;0;1.762
07.10.2021 20:00;1.66;2.679;0.982
07.10.2021 21:00;1.66;0;0.959
07.10.2021 22:00;1.66;0;0.781
07.10.2021 23:00;0.976;0;0.469
08.10.2021 00:00;0.977;0;0.271
08.10.2021 01:00;0.976;0;0.197
08.10.2021 02:00;0.976;0;0.148
08.10.2021 03:00;0.977;0;0.049
08.10.2021 04:00;0.977;0;0.049
08.10.2021 05:00;1.66;0;0.148
08.10.2021 06:00;5.704;0.76;0.493
08.10.2021 07:00;1.605;4.936;1.01
08.10.2021 08:00;0.922;5.471;1.601
08.10.2021 09:00;0.922;5.088;2.119
08.10.2021 10:00;0.922;4.299;2.34
08.10.2021 11:00;0.923;3.735;2.463
08.10.2021 12:00;5.691;0;2.119
08.10.2021 13:00;1.605;2.344;1.823
08.10.2021 14:00;0.922;3.261;1.429
08.10.2021 15:00;0.922;3.344;1.256
08.10.2021 16:00;0.922;3.464;0.714
08.10.2021 17:00;1.605;2.983;1.355
08.10.2021 18:00;5.691;0;1.774
08.10.2021 19:00;7.058;0;1.921
08.10.2021 20:00;1.66;2.443;0.985
08.10.2021 21:00;1.659;0;0.911
08.10.2021 22:00;1.66;0;0.838
08.10.2021 23:00;0.976;0;0.468
09.10.2021 00:00;0.976;0;0.208
09.10.2021 01:00;0.977;0;0.104
09.10.2021 02:00;0.976;0;0.026
09.10.2021 03:00;0.976;0;0.026
09.10.2021 04:00;0.976;0;0.052
09.10.2021 05:00;1.66;0;0.99
09.10.2021 06:00;5.705;0.61;2.604
09.10.2021 07:00;1.606;4.397;2.109
09.10.2021 08:00;0.922;4.722;1.745
09.10.2021 09:00;0.922;4.09;1.328
09.10.2021 10:00;0.922;3.745;1.172
09.10.2021 11:00;0.922;3.105;1.094
09.10.2021 12:00;5.691;0;1.64
09.10.2021 13:00;1.605;1.742;1.458
09.10.2021 14:00;0.922;2.971;0.833
09.10.2021 15:00;0.922;2.776;0.729
09.10.2021 16:00;0.922;3.191;0.833
09.10.2021 17:00;1.605;2.695;1.458
09.10.2021 18:00;5.691;0;2.057
09.10.2021 19:00;7.058;0;2.083
09.10.2021 20:00;1.66;1.663;1.614
09.10.2021 21:00;1.66;0;1.172
09.10.2021 22:00;1.66;0;0.651
09.10.2021 23:00;0.977;0;0.495
10.10.2021 00:00;0.977;0;0.208
10.10.2021 01:00;0.977;0;0.104
10.10.2021 02:00;0.977;0;0.026
10.10.2021 03:00;0.977;0;0.026
10.10.2021 04:00;0.977;0;0.052
10.10.2021 05:00;1.66;0;0.99
10.10.2021 06:00;5.705;1.526;2.604
10.10.2021 07:00;1.606;4.819;2.109
10.10.2021 08:00;0.922;5.413;1.745
10.10.2021 09:00;0.922;4.198;1.328
10.10.2021 10:00;0.922;3.498;1.172
10.10.2021 11:00;0.922;2.579;1.094
10.10.2021 12:00;5.691;0;1.64
10.10.2021 13:00;1.605;0.714;1.458
10.10.2021 14:00;0.922;1.851;0.833
10.10.2021 15:00;0.922;2.009;0.729
10.10.2021 16:00;0.922;2.127;0.833
10.10.2021 17:00;1.605;1.52;1.458
10.10.2021 18:00;5.691;0;2.057
10.10.2021 19:00;7.058;0;2.083
10.10.2021 20:00;1.66;1.706;1.614
10.10.2021 21:00;1.659;0;1.172
10.10.2021 22:00;1.659;0;0.651
10.10.2021 23:00;0.976;0;0.495
11.10.2021 00:00;0.976;0;0.208
11.10.2021 01:00;0.977;0;0.104
11.10.2021 02:00;0.977;0;0.026
11.10.2021 03:00;0.977;0;0.026
11.10.2021 04:00;0.977;0;0.052
11.10.2021 05:00;1.66;0;0.99
11.10.2021 06:00;5.705;1.396;2.604
11.10.2021 07:00;1.606;4.707;2.109
11.10.2021 08:00;0.922;4.485;1.745
11.10.2021 09:00;0.922;3.746;1.328
11.10.2021 10:00;0.922;3.009;1.172
11.10.2021 11:00;0.922;2.417;1.094
11.10.2021 12:00;5.691;0;1.64
11.10.2021 13:00;1.605;0.277;1.458
11.10.2021 14:00;0.922;1.272;0.833
11.10.2021 15:00;0.922;1.172;0.729
11.10.2021 16:00;0.922;1.385;0.833
11.10.2021 17:00;1.605;1.107;1.458
11.10.2021 18:00;5.691;0;2.057
11.10.2021 19:00;7.058;0;2.083
11.10.2021 20:00;1.659;0.447;1.614
11.10.2021 21:00;1.659;0;1.172
11.10.2021 22:00;1.659;0;0.651
11.10.2021 23:00;0.976;0;0.495
12.10.2021 00:00;0.976;0;0.208
12.10.2021 01:00;0.975;0;0.104
12.10.2021 02:00;0.976;0;0.026
12.10.2021 03:00;0.976;0;0.026
12.10.2021 04:00;0.976;0;0.052
12.10.2021 05:00;1.659;0;0.99
12.10.2021 06:00;5.637;0;2.604
12.10.2021 07:00;1.606;2.167;2.109
12.10.2021 08:00;0.922;2.916;1.745
12.10.2021 09:00;0.922;2.481;1.328
12.10.2021 10:00;0.922;2.029;1.172
12.10.2021 11:00;0.922;0.972;1.094
12.10.2021 12:00;5.691;0;1.64
12.10.2021 13:00;1.538;0;1.458
12.10.2021 14:00;0.854;0;0.833
12.10.2021 15:00;0.922;0.039;0.729
12.10.2021 16:00;0.922;0.619;0.833
12.10.2021 17:00;1.605;0.255;1.458
12.10.2021 18:00;5.691;0;2.057
12.10.2021 19:00;7.058;0;2.083
12.10.2021 20:00;1.66;0.433;1.614
12.10.2021 21:00;1.66;0;1.172
12.10.2021 22:00;1.66;0;0.651
12.10.2021 23:00;0.976;0;0.495
13.10.2021 00:00;0.976;0;0.208
13.10.2021 01:00;0.976;0;0.104
13.10.2021 02:00;0.977;0;0.026
13.10.2021 03:00;0.977;0;0.026
13.10.2021 04:00;0.977;0;0.052
13.10.2021 05:00;1.66;0;0.99
13.10.2021 06:00;5.705;0.367;2.604
13.10.2021 07:00;1.606;3.314;2.109
13.10.2021 08:00;0.922;3.346;1.745
13.10.2021 09:00;0.922;2.367;1.328
13.10.2021 10:00;0.922;2.119;1.172
13.10.2021 11:00;0.922;1.297;1.094
13.10.2021 12:00;5.69;0;1.64
13.10.2021 13:00;1.538;0;1.458
13.10.2021 14:00;0.854;0;0.833
13.10.2021 15:00;0.854;0;0.729
13.10.2021 16:00;0.922;0.456;0.833
13.10.2021 17:00;1.605;0.244;1.458
13.10.2021 18:00;5.691;0;2.057
13.10.2021 19:00;7.058;0;2.083
13.10.2021 20:00;1.659;0.352;1.614
13.10.2021 21:00;1.659;0;1.172
13.10.2021 22:00;1.659;0;0.651
13.10.2021 23:00;0.976;0;0.495
14.10.2021 00:00;0.976;0;0.201
14.10.2021 01:00;0.976;0;0.223
14.10.2021 02:00;0.976;0;0.134
14.10.2021 03:00;0.976;0;0.045
14.10.2021 04:00;0.976;0;0.045
14.10.2021 05:00;1.66;0;0.268
14.10.2021 06:00;5.637;0;0.736
14.10.2021 07:00;1.605;3.649;1.249
14.10.2021 08:00;0.922;2.613;2.03
14.10.2021 09:00;0.922;1.845;2.008
14.10.2021 10:00;0.922;1.06;1.807
14.10.2021 11:00;0.922;0.481;1.941
14.10.2021 12:00;5.691;0;1.963
14.10.2021 13:00;1.538;0;1.562
14.10.2021 14:00;0.854;0;1.249
14.10.2021 15:00;0.854;0;0.982
14.10.2021 16:00;0.922;0.169;1.249
14.10.2021 17:00;1.538;0;1.606
14.10.2021 18:00;5.691;0;2.231
14.10.2021 19:00;7.057;0;1.762
14.10.2021 20:00;1.591;0;0.982
14.10.2021 21:00;1.659;0;0.959
14.10.2021 22:00;1.659;0;0.781
14.10.2021 23:00;0.975;0;0.469
15.10.2021 00:00;0.976;0;0.271
15.10.2021 01:00;0.976;0;0.197
15.10.2021 02:00;0.976;0;0.148
15.10.2021 03:00;0.976;0;0.049
15.10.2021 04:00;0.976;0;0.049
15.10.2021 05:00;1.659;0;0.148
15.10.2021 06:00;5.637;0;0.493
15.10.2021 07:00;1.605;2.951;1.01
15.10.2021 08:00;0.922;2.206;1.601
15.10.2021 09:00;0.922;1.404;2.119
15.10.2021 10:00;0.922;0.799;2.34
15.10.2021 11:00;0.923;0.327;2.463
15.10.2021 12:00;5.69;0;2.119
15.10.2021 13:00;1.538;0;1.823
15.10.2021 14:00;0.855;0;1.429
15.10.2021 15:00;0.854;0;1.256
15.10.2021 16:00;0.854;0;0.714
15.10.2021 17:00;1.538;0;1.355
15.10.2021 18:00;5.691;0;1.774
15.10.2021 19:00;7.058;0;1.921
15.10.2021 20:00;1.591;0;0.985
15.10.2021 21:00;1.659;0;0.911
15.10.2021 22:00;1.659;0;0.838
15.10.2021 23:00;0.976;0;0.468
16.10.2021 00:00;0.976;0;0.208
16.10.2021 01:00;0.976;0;0.104
16.10.2021 02:00;0.976;0;0.026
16.10.2021 03:00;0.977;0;0.026
16.10.2021 04:00;0.976;0;0.052
16.10.2021 05:00;1.661;0;0.99
16.10.2021 06:00;5.637;0;2.604
16.10.2021 07:00;1.606;2.756;2.109
16.10.2021 08:00;0.922;1.9;1.745
16.10.2021 09:00;0.922;1.285;1.328
16.10.2021 10:00;0.922;0.491;1.172
16.10.2021 11:00;0.854;0;1.094
16.10.2021 12:00;5.69;0;1.64
16.10.2021 13:00;1.538;0;1.458
16.10.2021 14:00;0.854;0;0.833
16.10.2021 15:00;0.854;0;0.729
16.10.2021 16:00;0.854;0;0.833
16.10.2021 17:00;1.538;0;1.458
16.10.2021 18:00;5.691;0;2.057
16.10.2021 19:00;7.057;0;2.083
16.10.2021 20:00;1.592;0;1.614
16.10.2021 21:00;1.659;0;1.172
16.10.2021 22:00;1.659;0;0.651
16.10.2021 23:00;0.976;0;0.495
17.10.2021 00:00;0.976;0;0.208
17.10.2021 01:00;0.976;0;0.104
17.10.2021 02:00;0.976;0;0.026
17.10.2021 03:00;0.976;0;0.026
17.10.2021 04:00;0.977;0;0.052
17.10.2021 05:00;1.66;0;0.99
17.10.2021 06:00;5.637;0;2.604
17.10.2021 07:00;1.606;2.949;2.109
17.10.2021 08:00;0.922;2.098;1.745
17.10.2021 09:00;0.922;1.686;1.328
17.10.2021 10:00;0.922;1.129;1.172
17.10.2021 11:00;0.922;0.213;1.094
17.10.2021 12:00;5.69;0;1.64
17.10.2021 13:00;1.538;0;1.458
17.10.2021 14:00;0.854;0;0.833
17.10.2021 15:00;0.854;0;0.729
17.10.2021 16:00;0.854;0;0.833
17.10.2021 17:00;1.538;0;1.458
17.10.2021 18:00;5.691;0;2.057
17.10.2021 19:00;7.057;0;2.083
17.10.2021 20:00;1.592;0;1.614
17.10.2021 21:00;1.659;0;1.172
17.10.2021 22:00;1.659;0;0.651
17.10.2021 23:00;0.976;0;0.495
18.10.2021 00:00;0.976;0;0.208
18.10.2021 01:00;0.976;0;0.104
18.10.2021 02:00;0.977;0;0.026
18.10.2021 03:00;0.977;0;0.026
18.10.2021 04:00;0.977;0;0.052
18.10.2021 05:00;1.66;0;0.99
18.10.2021 06:00;5.637;0;2.604
18.10.2021 07:00;1.606;2.597;2.109
18.10.2021 08:00;0.922;2.617;1.745
18.10.2021 09:00;0.922;1.986;1.328
18.10.2021 10:00;0.922;1.374;1.172
18.10.2021 11:00;0.922;0.704;1.094
18.10.2021 12:00;5.69;0;1.64
18.10.2021 13:00;1.538;0;1.458
18.10.2021 14:00;0.854;0;0.833
18.10.2021 15:00;0.922;0.073;0.729
18.10.2021 16:00;0.922;1.292;0.833
18.10.2021 17:00;1.605;0.261;1.458
18.10.2021 18:00;5.691;0;2.057
18.10.2021 19:00;7.058;0;2.083
18.10.2021 20:00;1.659;0.04;1.614
18.10.2021 21:00;1.659;0;1.172
18.10.2021 22:00;1.659;0;0.651
18.10.2021 23:00;0.975;0;0.495
19.10.2021 00:00;0.976;0;0.208
19.10.2021 01:00;0.975;0;0.104
19.10.2021 02:00;0.975;0;0.026
19.10.2021 03:00;0.975;0;0.026
19.10.2021 04:00;0.976;0;0.052
19.10.2021 05:00;1.66;0;0.99
19.10.2021 06:00;5.637;0;2.604
19.10.2021 07:00;1.606;1.434;2.109
19.10.2021 08:00;0.922;2.041;1.745
19.10.2021 09:00;0.922;1.751;1.328
19.10.2021 10:00;0.922;1.206;1.172
19.10.2021 11:00;0.922;0.291;1.094
19.10.2021 12:00;5.69;0;1.64
19.10.2021 13:00;1.538;0;1.458
19.10.2021 14:00;0.854;0;0.833
19.10.2021 15:00;0.854;0;0.729
19.10.2021 16:00;0.922;0.502;0.833
19.10.2021 17:00;1.538;0;1.458
19.10.2021 18:00;5.691;0;2.057
19.10.2021 19:00;7.058;0;2.083
19.10.2021 20:00;1.659;0.155;1.614
19.10.2021 21:00;1.659;0;1.172
19.10.2021 22:00;1.659;0;0.651
19.10.2021 23:00;0.976;0;0.495
20.10.2021 00:00;0.976;0;0.208
20.10.2021 01:00;0.976;0;0.104
20.10.2021 02:00;0.976;0;0.026
20.10.2021 03:00;0.976;0;0.026
20.10.2021 04:00;0.976;0;0.052
20.10.2021 05:00;1.66;0;0.99
20.10.2021 06:00;5.637;0;2.604
20.10.2021 07:00;1.606;2.175;2.109
20.10.2021 08:00;0.922;2.687;1.745
20.10.2021 09:00;0.922;2.385;1.328
20.10.2021 10:00;0.922;2.22;1.172
20.10.2021 11:00;0.922;1.774;1.094
20.10.2021 12:00;5.691;0;1.64
20.10.2021 13:00;1.605;0.604;1.458
20.10.2021 14:00;0.922;1.658;0.833
20.10.2021 15:00;0.922;1.618;0.729
20.10.2021 16:00;0.922;1.69;0.833
20.10.2021 17:00;1.605;0.825;1.458
20.10.2021 18:00;5.691;0;2.057
20.10.2021 19:00;7.058;0;2.083
20.10.2021 20:00;1.592;0;1.614
20.10.2021 21:00;1.659;0;1.172
20.10.2021 22:00;1.659;0;0.651
20.10.2021 23:00;0.975;0;0.495
21.10.2021 00:00;0.975;0;0.201
21.10.2021 01:00;0.975;0;0.223
21.10.2021 02:00;0.975;0;0.134
21.10.2021 03:00;0.975;0;0.045
21.10.2021 04:00;0.975;0;0.045
21.10.2021 05:00;1.659;0;0.268
21.10.2021 06:00;5.637;0;0.736
21.10.2021 07:00;1.605;1.332;1.249
21.10.2021 08:00;0.922;2.097;2.03
21.10.2021 09:00;0.922;1.572;2.008
21.10.2021 10:00;0.922;1.232;1.807
21.10.2021 11:00;0.922;0.909;1.941
21.10.2021 12:00;5.691;0;1.963
21.10.2021 13:00;1.538;0;1.562
21.10.2021 14:00;0.922;0.397;1.249
21.10.2021 15:00;0.922;0.521;0.982
21.10.2021 16:00;0.922;0.782;1.249
21.10.2021 17:00;1.605;0.785;1.606
21.10.2021 18:00;5.691;0;2.231
21.10.2021 19:00;7.058;0;1.762
21.10.2021 20:00;1.66;1.587;0.982
21.10.2021 21:00;1.66;0;0.959
21.10.2021 22:00;1.66;0;0.781
21.10.2021 23:00;0.977;0;0.469
22.10.2021 00:00;0.977;0;0.271
22.10.2021 01:00;0.977;0;0.197
22.10.2021 02:00;0.977;0;0.148
22.10.2021 03:00;0.977;0;0.049
22.10.2021 04:00;0.977;0;0.049
22.10.2021 05:00;1.66;0;0.148
22.10.2021 06:00;5.704;0.344;0.493
22.10.2021 07:00;1.605;4.704;1.01
22.10.2021 08:00;0.922;5.429;1.601
22.10.2021 09:00;0.922;4.924;2.119
22.10.2021 10:00;0.922;4.51;2.34
22.10.2021 11:00;0.923;4.328;2.463
22.10.2021 12:00;5.692;0;2.119
22.10.2021 13:00;1.605;2.807;1.823
22.10.2021 14:00;0.922;4.087;1.429
22.10.2021 15:00;0.922;4.2;1.256
22.10.2021 16:00;0.922;4.429;0.714
22.10.2021 17:00;1.605;3.554;1.355
22.10.2021 18:00;5.692;0;1.774
22.10.2021 19:00;7.058;0;1.921
22.10.2021 20:00;1.66;3.216;0.985
22.10.2021 21:00;1.661;0;0.911
22.10.2021 22:00;1.661;0;0.838
22.10.2021 23:00;0.978;0;0.468
23.10.2021 00:00;0.977;0;0.208
23.10.2021 01:00;0.977;0;0.104
23.10.2021 02:00;0.977;0;0.026
23.10.2021 03:00;0.977;0;0.026
23.10.2021 04:00;0.977;0;0.052
23.10.2021 05:00;1.661;0;0.99
23.10.2021 06:00;5.705;1.968;2.604
23.10.2021 07:00;1.606;5.514;2.109
23.10.2021 08:00;0.922;6.44;1.745
23.10.2021 09:00;0.922;6.079;1.328
23.10.2021 10:00;0.922;5.731;1.172
23.10.2021 11:00;0.922;5.911;1.094
23.10.2021 12:00;5.76;0.555;1.64
23.10.2021 13:00;1.605;3.554;1.458
23.10.2021 14:00;0.922;4.64;0.833
23.10.2021 15:00;0.922;4.53;0.729
23.10.2021 16:00;0.922;4.743;0.833
23.10.2021 17:00;1.605;3.56;1.458
23.10.2021 18:00;5.692;0;2.057
23.10.2021 19:00;7.058;0;2.083
23.10.2021 20:00;1.66;3.012;1.614
23.10.2021 21:00;1.66;0;1.172
23.10.2021 22:00;1.661;0;0.651
23.10.2021 23:00;0.977;0;0.495
24.10.2021 00:00;0.977;0;0.208
24.10.2021 01:00;0.977;0;0.104
24.10.2021 02:00;0.977;0;0.026
24.10.2021 03:00;0.977;0;0.026
24.10.2021 04:00;0.977;0;0.052
24.10.2021 05:00;1.661;0;0.99
24.10.2021 06:00;5.705;2.673;2.604
24.10.2021 07:00;1.606;6.184;2.109
24.10.2021 08:00;0.922;6.747;1.745
24.10.2021 09:00;0.922;5.854;1.328
24.10.2021 10:00;0.922;4.882;1.172
24.10.2021 11:00;0.922;4.082;1.094
24.10.2021 12:00;5.691;0;1.64
24.10.2021 13:00;1.605;1.899;1.458
24.10.2021 14:00;0.922;2.958;0.833
24.10.2021 15:00;0.922;3.043;0.729
24.10.2021 16:00;0.922;3.78;0.833
24.10.2021 17:00;1.605;2.373;1.458
24.10.2021 18:00;5.691;0;2.057
24.10.2021 19:00;7.058;0;2.083
24.10.2021 20:00;1.66;2.92;1.614
24.10.2021 21:00;1.66;0;1.172
24.10.2021 22:00;1.66;0;0.651
24.10.2021 23:00;0.977;0;0.495
25.10.2021 00:00;0.977;0;0.208
25.10.2021 01:00;0.976;0;0.104
25.10.2021 02:00;0.976;0;0.026
25.10.2021 03:00;0.977;0;0.026
25.10.2021 04:00;0.977;0;0.052
25.10.2021 05:00;1.66;0;0.99
25.10.2021 06:00;5.705;1.197;2.604
25.10.2021 07:00;1.606;4.31;2.109
25.10.2021 08:00;0.922;4.862;1.745
25.10.2021 09:00;0.922;3.862;1.328
25.10.2021 10:00;0.922;3.103;1.172
25.10.2021 11:00;0.922;2.474;1.094
25.10.2021 12:00;5.691;0;1.64
25.10.2021 13:00;1.605;0.084;1.458
25.10.2021 14:00;0.922;1.355;0.833
25.10.2021 15:00;0.922;1.239;0.729
25.10.2021 16:00;0.922;2.297;0.833
25.10.2021 17:00;1.605;1.501;1.458
25.10.2021 18:00;5.691;0;2.057
25.10.2021 19:00;7.058;0;2.083
25.10.2021 20:00;1.659;0.981;1.614
25.10.2021 21:00;1.659;0;1.172
25.10.2021 22:00;1.659;0;0.651
25.10.2021 23:00;0.977;0;0.495
26.10.2021 00:00;0.976;0;0.208
26.10.2021 01:00;0.976;0;0.104
26.10.2021 02:00;0.976;0;0.026
26.10.2021 03:00;0.976;0;0.026
26.10.2021 04:00;0.976;0;0.052
26.10.2021 05:00;1.66;0;0.99
26.10.2021 06:00;5.705;0.166;2.604
26.10.2021 07:00;1.606;3.716;2.109
26.10.2021 08:00;0.922;4.148;1.745
26.10.2021 09:00;0.922;3.093;1.328
26.10.2021 10:00;0.922;2.004;1.172
26.10.2021 11:00;0.922;1.657;1.094
26.10.2021 12:00;5.69;0;1.64
26.10.2021 13:00;1.538;0;1.458
26.10.2021 14:00;0.922;0.282;0.833
26.10.2021 15:00;0.922;0.819;0.729
26.10.2021 16:00;0.922;1.685;0.833
26.10.2021 17:00;1.605;1.53;1.458
26.10.2021 18:00;5.691;0;2.057
26.10.2021 19:00;7.057;0;2.083
26.10.2021 20:00;1.659;0.194;1.614
26.10.2021 21:00;1.659;0;1.172
26.10.2021 22:00;1.659;0;0.651
26.10.2021 23:00;0.975;0;0.495
27.10.2021 00:00;0.975;0;0.208
27.10.2021 01:00;0.975;0;0.104
27.10.2021 02:00;0.976;0;0.026
27.10.2021 03:00;0.975;0;0.026
27.10.2021 04:00;0.975;0;0.052
27.10.2021 05:00;1.659;0;0.99
27.10.2021 06:00;5.637;0;2.604
27.10.2021 07:00;1.606;1.852;2.109
27.10.2021 08:00;0.922;2.525;1.745
27.10.2021 09:00;0.922;2.701;1.328
27.10.2021 10:00;0.922;2.647;1.172
27.10.2021 11:00;0.922;2.264;1.094
27.10.2021 12:00;5.691;0;1.64
27.10.2021 13:00;1.605;1.041;1.458
27.10.2021 14:00;0.922;2.507;0.833
27.10.2021 15:00;0.922;2.631;0.729
27.10.2021 16:00;0.922;3.151;0.833
27.10.2021 17:00;1.605;2.601;1.458
27.10.2021 18:00;5.692;0;2.057
27.10.2021 19:00;7.058;0;2.083
27.10.2021 20:00;1.66;1.854;1.614
27.10.2021 21:00;1.661;0;1.172
27.10.2021 22:00;1.66;0;0.651
27.10.2021 23:00;0.977;0;0.495
28.10.2021 00:00;0.977;0;0.201
28.10.2021 01:00;0.977;0;0.223
28.10.2021 02:00;0.977;0;0.134
28.10.2021 03:00;0.977;0;0.045
28.10.2021 04:00;0.978;0;0.045
28.10.2021 05:00;1.662;0;0.268
28.10.2021 06:00;5.704;2.49;0.736
28.10.2021 07:00;1.605;6.077;1.249
28.10.2021 08:00;0.922;6.302;2.03
28.10.2021 09:00;0.922;5.626;2.008
28.10.2021 10:00;0.922;5.079;1.807
28.10.2021 11:00;0.922;4.416;1.941
28.10.2021 12:00;5.692;0;1.963
28.10.2021 13:00;1.605;2.93;1.562
28.10.2021 14:00;0.922;3.907;1.249
28.10.2021 15:00;0.922;4.235;0.982
28.10.2021 16:00;0.922;4.134;1.249
28.10.2021 17:00;1.605;3.493;1.606
28.10.2021 18:00;5.692;0;2.231
28.10.2021 19:00;7.058;0;1.762
28.10.2021 20:00;1.66;3.874;0.982
28.10.2021 21:00;1.661;0;0.959
28.10.2021 22:00;1.661;0;0.781
28.10.2021 23:00;0.978;0;0.469
29.10.2021 00:00;0.977;0;0.271
29.10.2021 01:00;0.977;0;0.197
29.10.2021 02:00;0.978;0;0.148
29.10.2021 03:00;0.977;0;0.049
29.10.2021 04:00;0.977;0;0.049
29.10.2021 05:00;1.66;0;0.148
29.10.2021 06:00;5.704;1.964;0.493
29.10.2021 07:00;1.605;5.472;1.01
29.10.2021 08:00;0.922;6.145;1.601
29.10.2021 09:00;0.922;5.854;2.119
29.10.2021 10:00;0.922;6.367;2.34
29.10.2021 11:00;0.923;5.344;2.463
29.10.2021 12:00;5.759;0.069;2.119
29.10.2021 13:00;1.605;4.639;1.823
29.10.2021 14:00;0.922;5.632;1.429
29.10.2021 15:00;0.922;4.761;1.256
29.10.2021 16:00;0.922;4.648;0.714
29.10.2021 17:00;1.605;3.518;1.355
29.10.2021 18:00;5.692;0;1.774
29.10.2021 19:00;7.058;0;1.921
29.10.2021 20:00;1.66;3.657;0.985
29.10.2021 21:00;1.66;0;0.911
29.10.2021 22:00;1.66;0;0.838
29.10.2021 23:00;0.977;0;0.468
30.10.2021 00:00;0.977;0;0.208
30.10.2021 01:00;0.977;0;0.104
30.10.2021 02:00;0.977;0;0.026
30.10.2021 03:00;0.977;0;0.026
30.10.2021 04:00;0.977;0;0.052
30.10.2021 05:00;1.661;0;0.99
30.10.2021 06:00;5.705;2.862;2.604
30.10.2021 07:00;1.606;6.495;2.109
30.10.2021 08:00;0.922;7.192;1.745
30.10.2021 09:00;0.922;6.679;1.328
30.10.2021 10:00;0.922;6.08;1.172
30.10.2021 11:00;0.922;6.286;1.094
30.10.2021 12:00;5.76;0.798;1.64
30.10.2021 13:00;1.605;4.573;1.458
30.10.2021 14:00;0.922;5.688;0.833
30.10.2021 15:00;0.922;5.297;0.729
30.10.2021 16:00;0.922;5.58;0.833
30.10.2021 17:00;1.605;4.629;1.458
30.10.2021 18:00;5.76;0.799;2.057
30.10.2021 19:00;7.059;0;2.083
30.10.2021 20:00;1.661;4.551;1.614
30.10.2021 21:00;1.662;0;1.172
30.10.2021 22:00;1.661;0;0.651
30.10.2021 23:00;0.978;0;0.495
31.10.2021 00:00;0.978;0;0.208
31.10.2021 01:00;0.978;0;0.104
31.10.2021 02:00;0.978;0;0.026
31.10.2021 03:00;0.979;0;0.026
31.10.2021 04:00;0.978;0;0.052
31.10.2021 05:00;1.662;0;0.99
31.10.2021 06:00;5.705;5.04;2.604
31.10.2021 07:00;1.606;8.609;2.109
31.10.2021 08:00;0.922;8.955;1.745
31.10.2021 09:00;0.922;7.952;1.328
31.10.2021 10:00;0.922;6.734;1.172
31.10.2021 11:00;0.922;5.855;1.094
31.10.2021 12:00;5.692;0;1.64
31.10.2021 13:00;1.605;4.299;1.458
31.10.2021 14:00;0.922;5.374;0.833
31.10.2021 15:00;0.922;4.874;0.729
31.10.2021 16:00;0.922;5.43;0.833
31.10.2021 17:00;1.605;5.044;1.458
31.10.2021 18:00;5.76;1.587;2.057
31.10.2021 19:00;7.126;0.426;2.083
31.10.2021 20:00;1.661;5.063;1.614
31.10.2021 21:00;1.661;0;1.172
31.10.2021 22:00;1.66;0;0.651
31.10.2021 23:00;0.976;0;0.495
01.11.2021 00:00;0.976;0;0.208
01.11.2021 01:00;0.976;0;0.104
01.11.2021 02:00;0.976;0;0.026
01.11.2021 03:00;0.976;0;0.026
01.11.2021 04:00;0.976;0;0.052
01.11.2021 05:00;1.66;0;0.99
01.11.2021 06:00;5.705;0.716;2.604
01.11.2021 07:00;1.606;4.361;2.109
01.11.2021 08:00;0.922;5.313;1.745
01.11.2021 09:00;0.922;5.006;1.328
01.11.2021 10:00;0.922;4.674;1.172
01.11.2021 11:00;0.922;4.258;1.094
01.11.2021 12:00;5.691;0;1.64
01.11.2021 13:00;1.605;2.586;1.458
01.11.2021 14:00;0.922;3.679;0.833
01.11.2021 15:00;0.922;3.462;0.729
01.11.2021 16:00;0.922;3.783;0.833
01.11.2021 17:00;1.605;2.796;1.458
01.11.2021 18:00;5.691;0;2.057
01.11.2021 19:00;7.058;0;2.083
01.11.2021 20:00;1.66;2.448;1.614
01.11.2021 21:00;1.66;0;1.172
01.11.2021 22:00;1.66;0;0.651
01.11.2021 23:00;0.977;0;0.495
02.11.2021 00:00;0.976;0;0.208
02.11.2021 01:00;0.976;0;0.104
02.11.2021 02:00;0.976;0;0.026
02.11.2021 03:00;0.976;0;0.026
02.11.2021 04:00;0.976;0;0.052
02.11.2021 05:00;1.66;0;0.99
02.11.2021 06:00;5.705;0.108;2.604
02.11.2021 07:00;1.606;3.699;2.109
02.11.2021 08:00;0.922;5.062;1.745
02.11.2021 09:00;0.922;4.499;1.328
02.11.2021 10:00;0.922;4.013;1.172
02.11.2021 11:00;0.922;3.793;1.094
02.11.2021 12:00;5.691;0;1.64
02.11.2021 13:00;1.605;1.755;1.458
02.11.2021 14:00;0.922;2.853;0.833
02.11.2021 15:00;0.922;3.048;0.729
02.11.2021 16:00;0.922;3.972;0.833
02.11.2021 17:00;1.605;2.621;1.458
02.11.2021 18:00;5.692;0;2.057
02.11.2021 19:00;7.058;0;2.083
02.11.2021 20:00;1.66;2.198;1.614
02.11.2021 21:00;1.66;0;1.172
02.11.2021 22:00;1.66;0;0.651
02.11.2021 23:00;0.976;0;0.495
03.11.2021 00:00;0.976;0;0.208
03.11.2021 01:00;0.976;0;0.104
03.11.2021 02:00;0.976;0;0.026
03.11.2021 03:00;0.977;0;0.026
03.11.2021 04:00;0.977;0;0.052
03.11.2021 05:00;1.66;0;0.99
03.11.2021 06:00;5.705;1.24;2.604
03.11.2021 07:00;1.606;5.415;2.109
03.11.2021 08:00;0.922;5.569;1.745
03.11.2021 09:00;0.922;5.009;1.328
03.11.2021 10:00;0.922;4.28;1.172
03.11.2021 11:00;0.922;4.125;1.094
03.11.2021 12:00;5.691;0;1.64
03.11.2021 13:00;1.605;2.875;1.458
03.11.2021 14:00;0.922;3.411;0.833
03.11.2021 15:00;0.922;3.685;0.729
03.11.2021 16:00;0.922;3.851;0.833
03.11.2021 17:00;1.605;3.681;1.458
03.11.2021 18:00;5.692;0;2.057
03.11.2021 19:00;7.058;0;2.083
03.11.2021 20:00;1.66;2.051;1.614
03.11.2021 21:00;1.661;0;1.172
03.11.2021 22:00;1.661;0;0.651
03.11.2021 23:00;0.977;0;0.495
04.11.2021 00:00;0.977;0;0.201
04.11.2021 01:00;0.977;0;0.223
04.11.2021 02:00;0.978;0;0.134
04.11.2021 03:00;0.978;0;0.045
04.11.2021 04:00;0.977;0;0.045
04.11.2021 05:00;1.661;0;0.268
04.11.2021 06:00;5.704;2.891;0.736
04.11.2021 07:00;1.605;6.449;1.249
04.11.2021 08:00;0.922;6.272;2.03
04.11.2021 09:00;0.922;5.678;2.008
04.11.2021 10:00;0.922;5.371;1.807
04.11.2021 11:00;0.922;5.325;1.941
04.11.2021 12:00;5.759;0.218;1.963
04.11.2021 13:00;1.605;4.361;1.562
04.11.2021 14:00;0.922;5.598;1.249
04.11.2021 15:00;0.922;5.751;0.982
04.11.2021 16:00;0.922;5.84;1.249
04.11.2021 17:00;1.605;4.717;1.606
04.11.2021 18:00;5.76;0.818;2.231
04.11.2021 19:00;7.059;0;1.762
04.11.2021 20:00;1.66;4.475;0.982
04.11.2021 21:00;1.661;0;0.959
04.11.2021 22:00;1.661;0;0.781
04.11.2021 23:00;0.978;0;0.469
05.11.2021 00:00;0.977;0;0.271
05.11.2021 01:00;0.977;0;0.197
05.11.2021 02:00;0.977;0;0.148
05.11.2021 03:00;0.977;0;0.049
05.11.2021 04:00;0.977;0;0.049
05.11.2021 05:00;1.661;0;0.148
05.11.2021 06:00;5.704;2.93;0.493
05.11.2021 07:00;1.605;6.43;1.01
05.11.2021 08:00;0.922;7.15;1.601
05.11.2021 09:00;0.922;6.557;2.119
05.11.2021 10:00;0.922;5.964;2.34
05.11.2021 11:00;0.923;6.094;2.463
05.11.2021 12:00;5.692;0;2.119
05.11.2021 13:00;1.605;3.772;1.823
05.11.2021 14:00;0.922;4.906;1.429
05.11.2021 15:00;0.922;5.053;1.256
05.11.2021 16:00;0.922;5.606;0.714
05.11.2021 17:00;1.605;5.106;1.355
05.11.2021 18:00;5.76;1.509;1.774
05.11.2021 19:00;7.126;0.456;1.921
05.11.2021 20:00;1.66;5.175;0.985
05.11.2021 21:00;1.662;0;0.911
05.11.2021 22:00;1.662;0;0.838
05.11.2021 23:00;0.979;0;0.468
06.11.2021 00:00;0.979;0;0.208
06.11.2021 01:00;0.978;0;0.104
06.11.2021 02:00;0.978;0;0.026
06.11.2021 03:00;0.978;0;0.026
06.11.2021 04:00;0.978;0;0.052
06.11.2021 05:00;1.662;0;0.99
06.11.2021 06:00;5.705;5.012;2.604
06.11.2021 07:00;1.606;8.296;2.109
06.11.2021 08:00;0.922;8.573;1.745
06.11.2021 09:00;0.922;7.791;1.328
06.11.2021 10:00;0.922;7.672;1.172
06.11.2021 11:00;0.922;6.455;1.094
06.11.2021 12:00;5.759;0.73;1.64
06.11.2021 13:00;1.605;4.306;1.458
06.11.2021 14:00;0.922;5.182;0.833
06.11.2021 15:00;0.922;5.783;0.729
06.11.2021 16:00;0.922;5.899;0.833
06.11.2021 17:00;1.605;4.684;1.458
06.11.2021 18:00;5.759;0.595;2.057
06.11.2021 19:00;7.058;0;2.083
06.11.2021 20:00;1.66;3.619;1.614
06.11.2021 21:00;1.66;0;1.172
06.11.2021 22:00;1.66;0;0.651
06.11.2021 23:00;0.977;0;0.495
07.11.2021 00:00;0.977;0;0.208
07.11.2021 01:00;0.977;0;0.104
07.11.2021 02:00;0.977;0;0.026
07.11.2021 03:00;0.976;0;0.026
07.11.2021 04:00;0.977;0;0.052
07.11.2021 05:00;1.66;0;0.99
07.11.2021 06:00;5.705;1.912;2.604
07.11.2021 07:00;1.606;5.542;2.109
07.11.2021 08:00;0.922;6.512;1.745
07.11.2021 09:00;0.922;5.412;1.328
07.11.2021 10:00;0.922;4.737;1.172
07.11.2021 11:00;0.922;4.072;1.094
07.11.2021 12:00;5.691;0;1.64
07.11.2021 13:00;1.605;2.156;1.458
07.11.2021 14:00;0.922;3.402;0.833
07.11.2021 15:00;0.922;3.671;0.729
07.11.2021 16:00;0.922;3.944;0.833
07.11.2021 17:00;1.605;3.304;1.458
07.11.2021 18:00;5.692;0;2.057
07.11.2021 19:00;7.058;0;2.083
07.11.2021 20:00;1.66;3.472;1.614
07.11.2021 21:00;1.66;0;1.172
07.11.2021 22:00;1.66;0;0.651
07.11.2021 23:00;0.977;0;0.495
08.11.2021 00:00;0.977;0;0.208
08.11.2021 01:00;0.978;0;0.104
08.11.2021 02:00;0.978;0;0.026
08.11.2021 03:00;0.978;0;0.026
08.11.2021 04:00;0.977;0;0.052
08.11.2021 05:00;1.661;0;0.99
08.11.2021 06:00;5.705;2.628;2.604
08.11.2021 07:00;1.606;6.736;2.109
08.11.2021 08:00;0.922;6.5;1.745
08.11.2021 09:00;0.922;5.731;1.328
08.11.2021 10:00;0.922;5.016;1.172
08.11.2021 11:00;0.922;4.045;1.094
08.11.2021 12:00;5.691;0;1.64
08.11.2021 13:00;1.605;1.98;1.458
08.11.2021 14:00;0.922;3.358;0.833
08.11.2021 15:00;0.922;3.598;0.729
08.11.2021 16:00;0.922;3.891;0.833
08.11.2021 17:00;1.605;2.778;1.458
08.11.2021 18:00;5.691;0;2.057
08.11.2021 19:00;7.058;0;2.083
08.11.2021 20:00;1.66;2.002;1.614
08.11.2021 21:00;1.659;0;1.172
08.11.2021 22:00;1.659;0;0.651
08.11.2021 23:00;0.976;0;0.495
09.11.2021 00:00;0.976;0;0.208
09.11.2021 01:00;0.976;0;0.104
09.11.2021 02:00;0.976;0;0.026
09.11.2021 03:00;0.976;0;0.026
09.11.2021 04:00;0.977;0;0.052
09.11.2021 05:00;1.66;0;0.99
09.11.2021 06:00;5.705;0.673;2.604
09.11.2021 07:00;1.606;4.405;2.109
09.11.2021 08:00;0.922;5.37;1.745
09.11.2021 09:00;0.922;5.086;1.328
09.11.2021 10:00;0.922;4.77;1.172
09.11.2021 11:00;0.922;4.525;1.094
09.11.2021 12:00;5.692;0;1.64
09.11.2021 13:00;1.605;3.435;1.458
09.11.2021 14:00;0.922;4.518;0.833
09.11.2021 15:00;0.922;4.448;0.729
09.11.2021 16:00;0.922;4.461;0.833
09.11.2021 17:00;1.605;3.387;1.458
09.11.2021 18:00;5.692;0;2.057
09.11.2021 19:00;7.058;0;2.083
09.11.2021 20:00;1.66;2.94;1.614
09.11.2021 21:00;1.66;0;1.172
09.11.2021 22:00;1.66;0;0.651
09.11.2021 23:00;0.977;0;0.495
10.11.2021 00:00;0.977;0;0.208
10.11.2021 01:00;0.977;0;0.104
10.11.2021 02:00;0.977;0;0.026
10.11.2021 03:00;0.977;0;0.026
10.11.2021 04:00;0.977;0;0.052
10.11.2021 05:00;1.66;0;0.99
10.11.2021 06:00;5.705;1.486;2.604
10.11.2021 07:00;1.606;5.199;2.109
10.11.2021 08:00;0.922;6.263;1.745
10.11.2021 09:00;0.922;5.724;1.328
10.11.2021 10:00;0.922;5.074;1.172
10.11.2021 11:00;0.922;4.479;1.094
10.11.2021 12:00;5.691;0;1.64
10.11.2021 13:00;1.605;2.109;1.458
10.11.2021 14:00;0.922;3.219;0.833
10.11.2021 15:00;0.922;3.496;0.729
10.11.2021 16:00;0.922;3.845;0.833
10.11.2021 17:00;1.605;3.148;1.458
10.11.2021 18:00;5.692;0;2.057
10.11.2021 19:00;7.058;0;2.083
10.11.2021 20:00;1.66;2.854;1.614
10.11.2021 21:00;1.66;0;1.172
10.11.2021 22:00;1.66;0;0.651
10.11.2021 23:00;0.977;0;0.495
11.11.2021 00:00;0.977;0;0.201
11.11.2021 01:00;0.977;0;0.223
11.11.2021 02:00;0.977;0;0.134
11.11.2021 03:00;0.977;0;0.045
11.11.2021 04:00;0.977;0;0.045
11.11.2021 05:00;1.66;0;0.268
11.11.2021 06:00;5.704;1.778;0.736
11.11.2021 07:00;1.605;5.555;1.249
11.11.2021 08:00;0.922;6.106;2.03
11.11.2021 09:00;0.922;5.547;2.008
11.11.2021 10:00;0.922;4.626;1.807
11.11.2021 11:00;0.922;3.696;1.941
11.11.2021 12:00;5.691;0;1.963
11.11.2021 13:00;1.605;1.561;1.562
11.11.2021 14:00;0.922;2.907;1.249
11.11.2021 15:00;0.922;3.385;0.982
11.11.2021 16:00;0.922;4.041;1.249
11.11.2021 17:00;1.605;3.394;1.606
11.11.2021 18:00;5.692;0;2.231
11.11.2021 19:00;7.058;0;1.762
11.11.2021 20:00;1.66;2.791;0.982
11.11.2021 21:00;1.66;0;0.959
11.11.2021 22:00;1.66;0;0.781
11.11.2021 23:00;0.977;0;0.469
12.11.2021 00:00;0.976;0;0.271
12.11.2021 01:00;0.977;0;0.197
12.11.2021 02:00;0.977;0;0.148
12.11.2021 03:00;0.977;0;0.049
12.11.2021 04:00;0.977;0;0.049
12.11.2021 05:00;1.66;0;0.148
12.11.2021 06:00;5.704;2.29;0.493
12.11.2021 07:00;1.605;5.818;1.01
12.11.2021 08:00;0.922;6.893;1.601
12.11.2021 09:00;0.922;5.613;2.119
12.11.2021 10:00;0.922;5.134;2.34
12.11.2021 11:00;0.923;4.252;2.463
12.11.2021 12:00;5.692;0;2.119
12.11.2021 13:00;1.605;2.629;1.823
12.11.2021 14:00;0.922;3.893;1.429
12.11.2021 15:00;0.922;4.354;1.256
12.11.2021 16:00;0.922;4.469;0.714
12.11.2021 17:00;1.605;3.469;1.355
12.11.2021 18:00;5.692;0;1.774
12.11.2021 19:00;7.058;0;1.921
12.11.2021 20:00;1.66;3.302;0.985
12.11.2021 21:00;1.661;0;0.911
12.11.2021 22:00;1.66;0;0.838
12.11.2021 23:00;0.977;0;0.468
13.11.2021 00:00;0.977;0;0.208
13.11.2021 01:00;0.977;0;0.104
13.11.2021 02:00;0.977;0;0.026
13.11.2021 03:00;0.977;0;0.026
13.11.2021 04:00;0.977;0;0.052
13.11.2021 05:00;1.66;0;0.99
13.11.2021 06:00;5.705;2.403;2.604
13.11.2021 07:00;1.606;5.903;2.109
13.11.2021 08:00;0.922;6.944;1.745
13.11.2021 09:00;0.922;6.467;1.328
13.11.2021 10:00;0.922;5.714;1.172
13.11.2021 11:00;0.922;4.642;1.094
13.11.2021 12:00;5.692;0;1.64
13.11.2021 13:00;1.605;3.578;1.458
13.11.2021 14:00;0.922;4.443;0.833
13.11.2021 15:00;0.922;4.647;0.729
13.11.2021 16:00;0.922;5.13;0.833
13.11.2021 17:00;1.605;3.521;1.458
13.11.2021 18:00;5.692;0;2.057
13.11.2021 19:00;7.058;0;2.083
13.11.2021 20:00;1.66;3.401;1.614
13.11.2021 21:00;1.66;0;1.172
13.11.2021 22:00;1.66;0;0.651
13.11.2021 23:00;0.977;0;0.495
14.11.2021 00:00;0.976;0;0.208
14.11.2021 01:00;0.976;0;0.104
14.11.2021 02:00;0.976;0;0.026
14.11.2021 03:00;0.976;0;0.026
14.11.2021 04:00;0.976;0;0.052
14.11.2021 05:00;1.66;0;0.99
14.11.2021 06:00;5.705;0.649;2.604
14.11.2021 07:00;1.606;4.463;2.109
14.11.2021 08:00;0.922;5.279;1.745
14.11.2021 09:00;0.922;4.944;1.328
14.11.2021 10:00;0.922;4.242;1.172
14.11.2021 11:00;0.922;3.814;1.094
14.11.2021 12:00;5.691;0;1.64
14.11.2021 13:00;1.605;2.531;1.458
14.11.2021 14:00;0.922;3.561;0.833
14.11.2021 15:00;0.922;3.82;0.729
14.11.2021 16:00;0.922;4.169;0.833
14.11.2021 17:00;1.605;2.98;1.458
14.11.2021 18:00;5.692;0;2.057
14.11.2021 19:00;7.058;0;2.083
14.11.2021 20:00;1.66;2.488;1.614
14.11.2021 21:00;1.66;0;1.172
14.11.2021 22:00;1.66;0;0.651
14.11.2021 23:00;0.977;0;0.495
15.11.2021 00:00;0.977;0;0.208
15.11.2021 01:00;0.977;0;0.104
15.11.2021 02:00;0.977;0;0.026
15.11.2021 03:00;0.977;0;0.026
15.11.2021 04:00;0.977;0;0.052
15.11.2021 05:00;1.66;0;0.99
15.11.2021 06:00;5.705;1.295;2.604
15.11.2021 07:00;1.606;4.791;2.109
15.11.2021 08:00;0.922;5.513;1.745
15.11.2021 09:00;0.922;5.129;1.328
15.11.2021 10:00;0.922;4.641;1.172
15.11.2021 11:00;0.922;4.18;1.094
15.11.2021 12:00;5.691;0;1.64
15.11.2021 13:00;1.605;2.539;1.458
15.11.2021 14:00;0.922;3.615;0.833
15.11.2021 15:00;0.922;3.781;0.729
15.11.2021 16:00;0.922;3.994;0.833
15.11.2021 17:00;1.605;2.709;1.458
15.11.2021 18:00;5.691;0;2.057
15.11.2021 19:00;7.058;0;2.083
15.11.2021 20:00;1.66;2.017;1.614
15.11.2021 21:00;1.66;0;1.172
15.11.2021 22:00;1.66;0;0.651
15.11.2021 23:00;0.976;0;0.495
16.11.2021 00:00;0.976;0;0.208
16.11.2021 01:00;0.976;0;0.104
16.11.2021 02:00;0.976;0;0.026
16.11.2021 03:00;0.976;0;0.026
16.11.2021 04:00;0.976;0;0.052
16.11.2021 05:00;1.66;0;0.99
16.11.2021 06:00;5.705;0.86;2.604
16.11.2021 07:00;1.606;4.83;2.109
16.11.2021 08:00;0.922;5.456;1.745
16.11.2021 09:00;0.922;4.732;1.328
16.11.2021 10:00;0.922;4.157;1.172
16.11.2021 11:00;0.922;3.707;1.094
16.11.2021 12:00;5.691;0;1.64
16.11.2021 13:00;1.605;1.975;1.458
16.11.2021 14:00;0.922;3.142;0.833
16.11.2021 15:00;0.922;3.457;0.729
16.11.2021 16:00;0.922;3.976;0.833
16.11.2021 17:00;1.605;3.173;1.458
16.11.2021 18:00;5.692;0;2.057
16.11.2021 19:00;7.058;0;2.083
16.11.2021 20:00;1.66;2.906;1.614
16.11.2021 21:00;1.66;0;1.172
16.11.2021 22:00;1.66;0;0.651
16.11.2021 23:00;0.976;0;0.495
17.11.2021 00:00;0.976;0;0.208
17.11.2021 01:00;0.976;0;0.104
17.11.2021 02:00;0.976;0;0.026
17.11.2021 03:00;0.976;0;0.026
17.11.2021 04:00;0.976;0;0.052
17.11.2021 05:00;1.66;0;0.99
17.11.2021 06:00;5.705;0.049;2.604
17.11.2021 07:00;1.606;3.818;2.109
17.11.2021 08:00;0.922;4.66;1.745
17.11.2021 09:00;0.922;4.21;1.328
17.11.2021 10:00;0.922;3.771;1.172
17.11.2021 11:00;0.922;3.419;1.094
17.11.2021 12:00;5.691;0;1.64
17.11.2021 13:00;1.605;1.876;1.458
17.11.2021 14:00;0.922;3.099;0.833
17.11.2021 15:00;0.922;3.151;0.729
17.11.2021 16:00;0.922;3.471;0.833
17.11.2021 17:00;1.605;2.299;1.458
17.11.2021 18:00;5.691;0;2.057
17.11.2021 19:00;7.058;0;2.083
17.11.2021 20:00;1.66;2.306;1.614
17.11.2021 21:00;1.66;0;1.172
17.11.2021 22:00;1.66;0;0.651
17.11.2021 23:00;0.977;0;0.495
18.11.2021 00:00;0.977;0;0.201
18.11.2021 01:00;0.977;0;0.223
18.11.2021 02:00;0.977;0;0.134
18.11.2021 03:00;0.977;0;0.045
18.11.2021 04:00;0.977;0;0.045
18.11.2021 05:00;1.66;0;0.268
18.11.2021 06:00;5.704;1.538;0.736
18.11.2021 07:00;1.605;5.392;1.249
18.11.2021 08:00;0.922;6.102;2.03
18.11.2021 09:00;0.922;5.856;2.008
18.11.2021 10:00;0.922;5.495;1.807
18.11.2021 11:00;0.922;5.18;1.941
18.11.2021 12:00;5.692;0;1.963
18.11.2021 13:00;1.605;3.494;1.562
18.11.2021 14:00;0.922;4.658;1.249
18.11.2021 15:00;0.922;4.811;0.982
18.11.2021 16:00;0.922;5.209;1.249
18.11.2021 17:00;1.605;4.182;1.606
18.11.2021 18:00;5.76;0.566;2.231
18.11.2021 19:00;7.058;0;1.762
18.11.2021 20:00;1.66;3.922;0.982
18.11.2021 21:00;1.661;0;0.959
18.11.2021 22:00;1.661;0;0.781
18.11.2021 23:00;0.978;0;0.469
19.11.2021 00:00;0.978;0;0.271
19.11.2021 01:00;0.978;0;0.197
19.11.2021 02:00;0.978;0;0.148
19.11.2021 03:00;0.978;0;0.049
19.11.2021 04:00;0.978;0;0.049
19.11.2021 05:00;1.661;0;0.148
19.11.2021 06:00;5.704;3.934;0.493
19.11.2021 07:00;1.605;7.652;1.01
19.11.2021 08:00;0.922;7.984;1.601
19.11.2021 09:00;0.922;7.462;2.119
19.11.2021 10:00;0.922;6.832;2.34
19.11.2021 11:00;0.923;6.282;2.463
19.11.2021 12:00;5.759;0.649;2.119
19.11.2021 13:00;1.605;4.48;1.823
19.11.2021 14:00;0.922;5.72;1.429
19.11.2021 15:00;0.922;6.197;1.256
19.11.2021 16:00;0.922;6.054;0.714
19.11.2021 17:00;1.605;5.05;1.355
19.11.2021 18:00;5.76;1.241;1.774
19.11.2021 19:00;7.126;0.061;1.921
19.11.2021 20:00;1.66;5.153;0.985
19.11.2021 21:00;1.661;0;0.911
19.11.2021 22:00;1.662;0;0.838
19.11.2021 23:00;0.978;0;0.468
20.11.2021 00:00;0.978;0;0.208
20.11.2021 01:00;0.978;0;0.104
20.11.2021 02:00;0.978;0;0.026
20.11.2021 03:00;0.978;0;0.026
20.11.2021 04:00;0.978;0;0.052
20.11.2021 05:00;1.662;0;0.99
20.11.2021 06:00;5.705;4.689;2.604
20.11.2021 07:00;1.606;8.208;2.109
20.11.2021 08:00;0.922;8.758;1.745
20.11.2021 09:00;0.922;7.962;1.328
20.11.2021 10:00;0.922;7.372;1.172
20.11.2021 11:00;0.922;6.672;1.094
20.11.2021 12:00;5.759;1.212;1.64
20.11.2021 13:00;1.605;5.099;1.458
20.11.2021 14:00;0.922;6.178;0.833
20.11.2021 15:00;0.922;6.46;0.729
20.11.2021 16:00;0.922;6.558;0.833
20.11.2021 17:00;1.605;5.195;1.458
20.11.2021 18:00;5.76;1.221;2.057
20.11.2021 19:00;7.126;0.615;2.083
20.11.2021 20:00;1.661;5.162;1.614
20.11.2021 21:00;1.662;0;1.172
20.11.2021 22:00;1.661;0;0.651
20.11.2021 23:00;0.978;0;0.495
21.11.2021 00:00;0.978;0;0.208
21.11.2021 01:00;0.978;0;0.104
21.11.2021 02:00;0.978;0;0.026
21.11.2021 03:00;0.978;0;0.026
21.11.2021 04:00;0.978;0;0.052
21.11.2021 05:00;1.661;0;0.99
21.11.2021 06:00;5.705;3.837;2.604
21.11.2021 07:00;1.606;7.453;2.109
21.11.2021 08:00;0.922;8.584;1.745
21.11.2021 09:00;0.922;7.77;1.328
21.11.2021 10:00;0.922;6.962;1.172
21.11.2021 11:00;0.922;6.757;1.094
21.11.2021 12:00;5.759;1.173;1.64
21.11.2021 13:00;1.605;5.092;1.458
21.11.2021 14:00;0.922;6.249;0.833
21.11.2021 15:00;0.922;6.423;0.729
21.11.2021 16:00;0.922;6.384;0.833
21.11.2021 17:00;1.605;5.605;1.458
21.11.2021 18:00;5.76;1.574;2.057
21.11.2021 19:00;7.126;0.222;2.083
21.11.2021 20:00;1.66;4.741;1.614
21.11.2021 21:00;1.661;0;1.172
21.11.2021 22:00;1.661;0;0.651
21.11.2021 23:00;0.978;0;0.495
22.11.2021 00:00;0.978;0;0.208
22.11.2021 01:00;0.978;0;0.104
22.11.2021 02:00;0.978;0;0.026
22.11.2021 03:00;0.978;0;0.026
22.11.2021 04:00;0.978;0;0.052
22.11.2021 05:00;1.661;0;0.99
22.11.2021 06:00;5.705;4.099;2.604
22.11.2021 07:00;1.606;7.771;2.109
22.11.2021 08:00;0.922;8.421;1.745
22.11.2021 09:00;0.922;7.936;1.328
22.11.2021 10:00;0.922;7.498;1.172
22.11.2021 11:00;0.922;6.798;1.094
22.11.2021 12:00;5.76;1.54;1.64
22.11.2021 13:00;1.605;5.347;1.458
22.11.2021 14:00;0.922;6.522;0.833
22.11.2021 15:00;0.922;6.48;0.729
22.11.2021 16:00;0.922;6.69;0.833
22.11.2021 17:00;1.605;5.843;1.458
22.11.2021 18:00;5.76;1.624;2.057
22.11.2021 19:00;7.126;0.521;2.083
22.11.2021 20:00;1.661;5.089;1.614
22.11.2021 21:00;1.662;0;1.172
22.11.2021 22:00;1.661;0;0.651
22.11.2021 23:00;0.978;0;0.495
23.11.2021 00:00;0.978;0;0.208
23.11.2021 01:00;0.978;0;0.104
23.11.2021 02:00;0.978;0;0.026
23.11.2021 03:00;0.978;0;0.026
23.11.2021 04:00;0.979;0;0.052
23.11.2021 05:00;1.662;0;0.99
23.11.2021 06:00;5.705;6.166;2.604
23.11.2021 07:00;1.606;9.66;2.109
23.11.2021 08:00;0.922;9.813;1.745
23.11.2021 09:00;0.922;8.729;1.328
23.11.2021 10:00;0.922;7.965;1.172
23.11.2021 11:00;0.922;7.304;1.094
23.11.2021 12:00;5.76;1.95;1.64
23.11.2021 13:00;1.605;5.746;1.458
23.11.2021 14:00;0.922;6.85;0.833
23.11.2021 15:00;0.922;6.874;0.729
23.11.2021 16:00;0.922;6.635;0.833
23.11.2021 17:00;1.605;5.295;1.458
23.11.2021 18:00;5.76;1.18;2.057
23.11.2021 19:00;7.058;0;2.083
23.11.2021 20:00;1.66;4.513;1.614
23.11.2021 21:00;1.661;0;1.172
23.11.2021 22:00;1.66;0;0.651
23.11.2021 23:00;0.977;0;0.495
24.11.2021 00:00;0.977;0;0.208
24.11.2021 01:00;0.977;0;0.104
24.11.2021 02:00;0.977;0;0.026
24.11.2021 03:00;0.977;0;0.026
24.11.2021 04:00;0.977;0;0.052
24.11.2021 05:00;1.661;0;0.99
24.11.2021 06:00;5.705;3.303;2.604
24.11.2021 07:00;1.606;6.918;2.109
24.11.2021 08:00;0.922;7.491;1.745
24.11.2021 09:00;0.922;6.884;1.328
24.11.2021 10:00;0.922;6.275;1.172
24.11.2021 11:00;0.922;5.635;1.094
24.11.2021 12:00;5.759;0.863;1.64
24.11.2021 13:00;1.605;3.919;1.458
24.11.2021 14:00;0.922;5.704;0.833
24.11.2021 15:00;0.922;5.363;0.729
24.11.2021 16:00;0.922;6.076;0.833
24.11.2021 17:00;1.605;5.245;1.458
24.11.2021 18:00;5.76;1.217;2.057
24.11.2021 19:00;7.126;0.063;2.083
24.11.2021 20:00;1.66;4.816;1.614
24.11.2021 21:00;1.661;0;1.172
24.11.2021 22:00;1.661;0;0.651
24.11.2021 23:00;0.978;0;0.495
25.11.2021 00:00;0.978;0;0.201
25.11.2021 01:00;0.977;0;0.223
25.11.2021 02:00;0.977;0;0.134
25.11.2021 03:00;0.977;0;0.045
25.11.2021 04:00;0.977;0;0.045
25.11.2021 05:00;1.661;0;0.268
25.11.2021 06:00;5.704;3.589;0.736
25.11.2021 07:00;1.605;7.24;1.249
25.11.2021 08:00;0.922;7.722;2.03
25.11.2021 09:00;0.922;7.035;2.008
25.11.2021 10:00;0.922;7.102;1.807
25.11.2021 11:00;0.922;6.416;1.941
25.11.2021 12:00;5.76;1.229;1.963
25.11.2021 13:00;1.605;5.122;1.562
25.11.2021 14:00;0.922;6.247;1.249
25.11.2021 15:00;0.922;6.439;0.982
25.11.2021 16:00;0.922;6.483;1.249
25.11.2021 17:00;1.605;4.831;1.606
25.11.2021 18:00;5.76;1.081;2.231
25.11.2021 19:00;7.058;0;1.762
25.11.2021 20:00;1.66;4.42;0.982
25.11.2021 21:00;1.661;0;0.959
25.11.2021 22:00;1.661;0;0.781
25.11.2021 23:00;0.978;0;0.469
26.11.2021 00:00;0.978;0;0.271
26.11.2021 01:00;0.978;0;0.197
26.11.2021 02:00;0.978;0;0.148
26.11.2021 03:00;0.978;0;0.049
26.11.2021 04:00;0.978;0;0.049
26.11.2021 05:00;1.662;0;0.148
26.11.2021 06:00;5.704;4.815;0.493
26.11.2021 07:00;1.605;8.443;1.01
26.11.2021 08:00;0.922;9.152;1.601
26.11.2021 09:00;0.922;8.145;2.119
26.11.2021 10:00;0.922;7.33;2.34
26.11.2021 11:00;0.923;7.069;2.463
26.11.2021 12:00;5.76;1.513;2.119
26.11.2021 13:00;1.605;5.234;1.823
26.11.2021 14:00;0.922;5.92;1.429
26.11.2021 15:00;0.922;6.182;1.256
26.11.2021 16:00;0.922;6.449;0.714
26.11.2021 17:00;1.605;5.392;1.355
26.11.2021 18:00;5.76;1.698;1.774
26.11.2021 19:00;7.126;0.341;1.921
26.11.2021 20:00;1.66;5.194;0.985
26.11.2021 21:00;1.662;0;0.911
26.11.2021 22:00;1.661;0;0.838
26.11.2021 23:00;0.978;0;0.468
27.11.2021 00:00;0.978;0;0.208
27.11.2021 01:00;0.978;0;0.104
27.11.2021 02:00;0.978;0;0.026
27.11.2021 03:00;0.978;0;0.026
27.11.2021 04:00;0.978;0;0.052
27.11.2021 05:00;1.661;0;0.99
27.11.2021 06:00;5.705;4.914;2.604
27.11.2021 07:00;1.606;8.476;2.109
27.11.2021 08:00;0.922;8.897;1.745
27.11.2021 09:00;0.922;8.166;1.328
27.11.2021 10:00;0.922;7.23;1.172
27.11.2021 11:00;0.922;7;1.094
27.11.2021 12:00;5.759;0.929;1.64
27.11.2021 13:00;1.605;4.787;1.458
27.11.2021 14:00;0.922;6.019;0.833
27.11.2021 15:00;0.922;6.036;0.729
27.11.2021 16:00;0.922;6.035;0.833
27.11.2021 17:00;1.605;4.743;1.458
27.11.2021 18:00;5.759;0.76;2.057
27.11.2021 19:00;7.058;0;2.083
27.11.2021 20:00;1.66;4.194;1.614
27.11.2021 21:00;1.661;0;1.172
27.11.2021 22:00;1.66;0;0.651
27.11.2021 23:00;0.977;0;0.495
28.11.2021 00:00;0.977;0;0.208
28.11.2021 01:00;0.977;0;0.104
28.11.2021 02:00;0.977;0;0.026
28.11.2021 03:00;0.977;0;0.026
28.11.2021 04:00;0.977;0;0.052
28.11.2021 05:00;1.661;0;0.99
28.11.2021 06:00;5.705;3.428;2.604
28.11.2021 07:00;1.606;6.995;2.109
28.11.2021 08:00;0.922;7.329;1.745
28.11.2021 09:00;0.922;6.951;1.328
28.11.2021 10:00;0.922;6.558;1.172
28.11.2021 11:00;0.922;6.865;1.094
28.11.2021 12:00;5.76;1.592;1.64
28.11.2021 13:00;1.605;5.412;1.458
28.11.2021 14:00;0.922;6.606;0.833
28.11.2021 15:00;0.922;6.026;0.729
28.11.2021 16:00;0.922;6.052;0.833
28.11.2021 17:00;1.605;4.891;1.458
28.11.2021 18:00;5.76;0.989;2.057
28.11.2021 19:00;7.059;0;2.083
28.11.2021 20:00;1.66;4.586;1.614
28.11.2021 21:00;1.661;0;1.172
28.11.2021 22:00;1.661;0;0.651
28.11.2021 23:00;0.978;0;0.495
29.11.2021 00:00;0.978;0;0.208
29.11.2021 01:00;0.978;0;0.104
29.11.2021 02:00;0.978;0;0.026
29.11.2021 03:00;0.978;0;0.026
29.11.2021 04:00;0.978;0;0.052
29.11.2021 05:00;1.661;0;0.99
29.11.2021 06:00;5.705;4.228;2.604
29.11.2021 07:00;1.606;7.648;2.109
29.11.2021 08:00;0.922;8.416;1.745
29.11.2021 09:00;0.922;8.07;1.328
29.11.2021 10:00;0.922;7.787;1.172
29.11.2021 11:00;0.922;7.478;1.094
29.11.2021 12:00;5.76;2.07;1.64
29.11.2021 13:00;1.605;5.7;1.458
29.11.2021 14:00;0.922;6.732;0.833
29.11.2021 15:00;0.922;6.642;0.729
29.11.2021 16:00;0.922;6.681;0.833
29.11.2021 17:00;1.605;5.682;1.458
29.11.2021 18:00;5.76;1.664;2.057
29.11.2021 19:00;7.126;0.401;2.083
29.11.2021 20:00;1.661;5.127;1.614
29.11.2021 21:00;1.662;0;1.172
29.11.2021 22:00;1.662;0;0.651
29.11.2021 23:00;0.979;0;0.495
30.11.2021 00:00;0.978;0;0.208
30.11.2021 01:00;0.978;0;0.104
30.11.2021 02:00;0.978;0;0.026
30.11.2021 03:00;0.978;0;0.026
30.11.2021 04:00;0.978;0;0.052
30.11.2021 05:00;1.661;0;0.99
30.11.2021 06:00;5.705;4.136;2.604
30.11.2021 07:00;1.606;7.624;2.109
30.11.2021 08:00;0.922;8.386;1.745
30.11.2021 09:00;0.922;7.924;1.328
30.11.2021 10:00;0.922;7.702;1.172
30.11.2021 11:00;0.922;7.257;1.094
30.11.2021 12:00;5.76;2.461;1.64
30.11.2021 13:00;1.605;6.009;1.458
30.11.2021 14:00;0.922;7.279;0.833
30.11.2021 15:00;0.922;6.823;0.729
30.11.2021 16:00;0.922;6.857;0.833
30.11.2021 17:00;1.605;5.652;1.458
30.11.2021 18:00;5.76;1.781;2.057
30.11.2021 19:00;7.126;0.669;2.083
30.11.2021 20:00;1.661;5.334;1.614
30.11.2021 21:00;1.662;0;1.172
30.11.2021 22:00;1.662;0;0.651
30.11.2021 23:00;0.978;0;0.495
01.12.2021 00:00;0.978;0;0.208
01.12.2021 01:00;0.978;0;0.104
01.12.2021 02:00;0.978;0;0.026
01.12.2021 03:00;0.978;0;0.026
01.12.2021 04:00;0.978;0;0.052
01.12.2021 05:00;1.662;0;0.99
01.12.2021 06:00;5.705;4.682;2.604
01.12.2021 07:00;1.606;8.27;2.109
01.12.2021 08:00;0.922;9.14;1.745
01.12.2021 09:00;0.922;8.721;1.328
01.12.2021 10:00;0.922;8.458;1.172
01.12.2021 11:00;0.922;8.258;1.094
01.12.2021 12:00;5.76;2.963;1.64
01.12.2021 13:00;1.605;6.687;1.458
01.12.2021 14:00;0.922;7.752;0.833
01.12.2021 15:00;0.922;7.657;0.729
01.12.2021 16:00;0.922;7.51;0.833
01.12.2021 17:00;1.605;6.264;1.458
01.12.2021 18:00;5.76;2.242;2.057
01.12.2021 19:00;7.127;1.062;2.083
01.12.2021 20:00;1.661;5.648;1.614
01.12.2021 21:00;1.662;0;1.172
01.12.2021 22:00;1.662;0;0.651
01.12.2021 23:00;0.978;0;0.495
02.12.2021 00:00;0.978;0;0.201
02.12.2021 01:00;0.978;0;0.223
02.12.2021 02:00;0.978;0;0.134
02.12.2021 03:00;0.978;0;0.045
02.12.2021 04:00;0.978;0;0.045
02.12.2021 05:00;1.662;0;0.268
02.12.2021 06:00;5.704;5.132;0.736
02.12.2021 07:00;1.605;8.626;1.249
02.12.2021 08:00;0.922;9.319;2.03
02.12.2021 09:00;0.922;8.871;2.008
02.12.2021 10:00;0.922;8.24;1.807
02.12.2021 11:00;0.922;7.772;1.941
02.12.2021 12:00;5.76;2.234;1.963
02.12.2021 13:00;1.605;5.983;1.562
02.12.2021 14:00;0.922;7.15;1.249
02.12.2021 15:00;0.922;7.131;0.982
02.12.2021 16:00;0.922;7.013;1.249
02.12.2021 17:00;1.605;5.825;1.606
02.12.2021 18:00;5.76;1.858;2.231
02.12.2021 19:00;7.126;0.58;1.762
02.12.2021 20:00;1.66;5.307;0.982
02.12.2021 21:00;1.662;0;0.959
02.12.2021 22:00;1.662;0;0.781
02.12.2021 23:00;0.979;0;0.469
03.12.2021 00:00;0.979;0;0.271
03.12.2021 01:00;0.979;0;0.197
03.12.2021 02:00;0.978;0;0.148
03.12.2021 03:00;0.978;0;0.049
03.12.2021 04:00;0.978;0;0.049
03.12.2021 05:00;1.662;0;0.148
03.12.2021 06:00;5.704;5.427;0.493
03.12.2021 07:00;1.605;8.922;1.01
03.12.2021 08:00;0.922;9.726;1.601
03.12.2021 09:00;0.922;9.309;2.119
03.12.2021 10:00;0.922;8.833;2.34
03.12.2021 11:00;0.923;8.476;2.463
03.12.2021 12:00;5.76;3.19;2.119
03.12.2021 13:00;1.605;6.916;1.823
03.12.2021 14:00;0.922;7.869;1.429
03.12.2021 15:00;0.922;7.83;1.256
03.12.2021 16:00;0.922;7.695;0.714
03.12.2021 17:00;1.605;6.564;1.355
03.12.2021 18:00;5.76;2.504;1.774
03.12.2021 19:00;7.127;1.271;1.921
03.12.2021 20:00;1.661;5.826;0.985
03.12.2021 21:00;1.662;0;0.911
03.12.2021 22:00;1.662;0;0.838
03.12.2021 23:00;0.978;0;0.468
04.12.2021 00:00;0.978;0;0.208
04.12.2021 01:00;0.978;0;0.104
04.12.2021 02:00;0.978;0;0.026
04.12.2021 03:00;0.978;0;0.026
04.12.2021 04:00;0.978;0;0.052
04.12.2021 05:00;1.662;0;0.99
04.12.2021 06:00;5.705;5.104;2.604
04.12.2021 07:00;1.606;8.64;2.109
04.12.2021 08:00;0.922;9.381;1.745
04.12.2021 09:00;0.922;9.099;1.328
04.12.2021 10:00;0.922;8.634;1.172
04.12.2021 11:00;0.922;8.246;1.094
04.12.2021 12:00;5.76;2.743;1.64
04.12.2021 13:00;1.605;6.225;1.458
04.12.2021 14:00;0.922;7.434;0.833
04.12.2021 15:00;0.922;7.7;0.729
04.12.2021 16:00;0.922;7.837;0.833
04.12.2021 17:00;1.605;6.321;1.458
04.12.2021 18:00;5.76;2.26;2.057
04.12.2021 19:00;7.126;0.943;2.083
04.12.2021 20:00;1.661;5.562;1.614
04.12.2021 21:00;1.661;0;1.172
04.12.2021 22:00;1.662;0;0.651
04.12.2021 23:00;0.978;0;0.495
05.12.2021 00:00;0.978;0;0.208
05.12.2021 01:00;0.978;0;0.104
05.12.2021 02:00;0.978;0;0.026
05.12.2021 03:00;0.978;0;0.026
05.12.2021 04:00;0.978;0;0.052
05.12.2021 05:00;1.662;0;0.99
05.12.2021 06:00;5.705;5.772;2.604
05.12.2021 07:00;1.606;9.235;2.109
05.12.2021 08:00;0.922;9.764;1.745
05.12.2021 09:00;0.922;9.134;1.328
05.12.2021 10:00;0.922;8.564;1.172
05.12.2021 11:00;0.922;8.02;1.094
05.12.2021 12:00;5.76;2.502;1.64
05.12.2021 13:00;1.605;6.217;1.458
05.12.2021 14:00;0.922;7.207;0.833
05.12.2021 15:00;0.922;7.233;0.729
05.12.2021 16:00;0.922;7.612;0.833
05.12.2021 17:00;1.605;6.666;1.458
05.12.2021 18:00;5.76;2.895;2.057
05.12.2021 19:00;7.127;1.585;2.083
05.12.2021 20:00;1.661;6.398;1.614
05.12.2021 21:00;1.662;0;1.172
05.12.2021 22:00;1.662;0;0.651
05.12.2021 23:00;0.979;0;0.495
06.12.2021 00:00;0.979;0;0.208
06.12.2021 01:00;0.981;0;0.104
06.12.2021 02:00;0.98;0;0.026
06.12.2021 03:00;0.98;0;0.026
06.12.2021 04:00;0.981;0;0.052
06.12.2021 05:00;1.664;0;0.99
06.12.2021 06:00;5.705;9.038;2.604
06.12.2021 07:00;1.606;12.981;2.109
06.12.2021 08:00;0.922;11.975;1.745
06.12.2021 09:00;0.922;10.818;1.328
06.12.2021 10:00;0.922;9.768;1.172
06.12.2021 11:00;0.922;8.782;1.094
06.12.2021 12:00;5.76;3.193;1.64
06.12.2021 13:00;1.605;6.809;1.458
06.12.2021 14:00;0.922;7.87;0.833
06.12.2021 15:00;0.922;7.967;0.729
06.12.2021 16:00;0.922;8.441;0.833
06.12.2021 17:00;1.605;7.268;1.458
06.12.2021 18:00;5.76;3.38;2.057
06.12.2021 19:00;7.127;2.236;2.083
06.12.2021 20:00;1.661;7.04;1.614
06.12.2021 21:00;1.663;0;1.172
06.12.2021 22:00;1.662;0;0.651
06.12.2021 23:00;0.979;0;0.495
07.12.2021 00:00;0.979;0;0.208
07.12.2021 01:00;0.979;0;0.104
07.12.2021 02:00;0.979;0;0.026
07.12.2021 03:00;0.979;0;0.026
07.12.2021 04:00;0.979;0;0.052
07.12.2021 05:00;1.662;0;0.99
07.12.2021 06:00;5.705;6.899;2.604
07.12.2021 07:00;1.606;10.356;2.109
07.12.2021 08:00;0.922;10.929;1.745
07.12.2021 09:00;0.922;10.461;1.328
07.12.2021 10:00;0.922;10.025;1.172
07.12.2021 11:00;0.922;9.385;1.094
07.12.2021 12:00;5.76;3.965;1.64
07.12.2021 13:00;1.605;7.563;1.458
07.12.2021 14:00;0.922;8.56;0.833
07.12.2021 15:00;0.922;8.502;0.729
07.12.2021 16:00;0.922;8.354;0.833
07.12.2021 17:00;1.605;7.137;1.458
07.12.2021 18:00;5.76;3.315;2.057
07.12.2021 19:00;7.127;2.17;2.083
07.12.2021 20:00;1.661;6.658;1.614
07.12.2021 21:00;1.663;0;1.172
07.12.2021 22:00;1.662;0;0.651
07.12.2021 23:00;0.979;0;0.495
08.12.2021 00:00;0.979;0;0.208
08.12.2021 01:00;0.979;0;0.104
08.12.2021 02:00;0.979;0;0.026
08.12.2021 03:00;0.979;0;0.026
08.12.2021 04:00;0.979;0;0.052
08.12.2021 05:00;1.662;0;0.99
08.12.2021 06:00;5.705;7.632;2.604
08.12.2021 07:00;1.606;10.97;2.109
08.12.2021 08:00;0.922;11.421;1.745
08.12.2021 09:00;0.922;10.416;1.328
08.12.2021 10:00;0.922;9.654;1.172
08.12.2021 11:00;0.922;8.967;1.094
08.12.2021 12:00;5.76;3.213;1.64
08.12.2021 13:00;1.605;6.771;1.458
08.12.2021 14:00;0.922;7.864;0.833
08.12.2021 15:00;0.922;7.938;0.729
08.12.2021 16:00;0.922;8.298;0.833
08.12.2021 17:00;1.605;7.16;1.458
08.12.2021 18:00;5.76;3.125;2.057
08.12.2021 19:00;7.127;1.736;2.083
08.12.2021 20:00;1.661;6.237;1.614
08.12.2021 21:00;1.662;0;1.172
08.12.2021 22:00;1.662;0;0.651
08.12.2021 23:00;0.978;0;0.495
09.12.2021 00:00;0.978;0;0.201
09.12.2021 01:00;0.979;0;0.223
09.12.2021 02:00;0.979;0;0.134
09.12.2021 03:00;0.979;0;0.045
09.12.2021 04:00;0.979;0;0.045
09.12.2021 05:00;1.662;0;0.268
09.12.2021 06:00;5.704;6.377;0.736
09.12.2021 07:00;1.605;9.827;1.249
09.12.2021 08:00;0.922;10.608;2.03
09.12.2021 09:00;0.922;10.17;2.008
09.12.2021 10:00;0.922;9.887;1.807
09.12.2021 11:00;0.922;9.547;1.941
09.12.2021 12:00;5.76;4.294;1.963
09.12.2021 13:00;1.605;7.89;1.562
09.12.2021 14:00;0.922;8.889;1.249
09.12.2021 15:00;0.922;8.607;0.982
09.12.2021 16:00;0.922;8.38;1.249
09.12.2021 17:00;1.605;7.154;1.606
09.12.2021 18:00;5.76;3.159;2.231
09.12.2021 19:00;7.127;1.855;1.762
09.12.2021 20:00;1.661;6.381;0.982
09.12.2021 21:00;1.662;0;0.959
09.12.2021 22:00;1.662;0;0.781
09.12.2021 23:00;0.979;0;0.469
10.12.2021 00:00;0.978;0;0.271
10.12.2021 01:00;0.978;0;0.197
10.12.2021 02:00;0.979;0;0.148
10.12.2021 03:00;0.979;0;0.049
10.12.2021 04:00;0.979;0;0.049
10.12.2021 05:00;1.662;0;0.148
10.12.2021 06:00;5.704;6.063;0.493
10.12.2021 07:00;1.605;9.639;1.01
10.12.2021 08:00;0.922;10.462;1.601
10.12.2021 09:00;0.922;10.162;2.119
10.12.2021 10:00;0.922;9.964;2.34
10.12.2021 11:00;0.923;9.735;2.463
10.12.2021 12:00;5.761;4.568;2.119
10.12.2021 13:00;1.605;8.198;1.823
10.12.2021 14:00;0.922;9.218;1.429
10.12.2021 15:00;0.922;9.193;1.256
10.12.2021 16:00;0.922;10.071;0.714
10.12.2021 17:00;1.605;8.816;1.355
10.12.2021 18:00;5.761;4.976;1.774
10.12.2021 19:00;7.128;3.835;1.921
10.12.2021 20:00;1.662;8.514;0.985
10.12.2021 21:00;1.665;0;0.911
10.12.2021 22:00;1.664;0;0.838
10.12.2021 23:00;0.981;0;0.468
11.12.2021 00:00;0.981;0;0.208
11.12.2021 01:00;0.981;0;0.104
11.12.2021 02:00;0.981;0;0.026
11.12.2021 03:00;0.981;0;0.026
11.12.2021 04:00;0.981;0;0.052
11.12.2021 05:00;1.665;0;0.99
11.12.2021 06:00;5.705;10.843;2.604
11.12.2021 07:00;1.606;14.344;2.109
11.12.2021 08:00;0.922;14.984;1.745
11.12.2021 09:00;0.922;14.167;1.328
11.12.2021 10:00;0.922;13.355;1.172
11.12.2021 11:00;0.922;12.586;1.094
11.12.2021 12:00;5.761;6.898;1.64
11.12.2021 13:00;1.605;10.501;1.458
11.12.2021 14:00;0.922;11.68;0.833
11.12.2021 15:00;0.922;12.151;0.729
11.12.2021 16:00;0.922;12.721;0.833
11.12.2021 17:00;1.605;11.073;1.458
11.12.2021 18:00;5.762;7.216;2.057
11.12.2021 19:00;7.128;5.886;2.083
11.12.2021 20:00;1.662;10.568;1.614
11.12.2021 21:00;1.666;0;1.172
11.12.2021 22:00;1.666;0;0.651
11.12.2021 23:00;0.982;0;0.495
12.12.2021 00:00;0.982;0;0.208
12.12.2021 01:00;0.982;0;0.104
12.12.2021 02:00;0.982;0;0.026
12.12.2021 03:00;0.982;0;0.026
12.12.2021 04:00;0.982;0;0.052
12.12.2021 05:00;1.665;0;0.99
12.12.2021 06:00;5.705;12.675;2.604
12.12.2021 07:00;1.606;15.695;2.109
12.12.2021 08:00;0.922;15.909;1.745
12.12.2021 09:00;0.922;14.997;1.328
12.12.2021 10:00;0.922;14.055;1.172
12.12.2021 11:00;0.922;13.074;1.094
12.12.2021 12:00;5.761;7.734;1.64
12.12.2021 13:00;1.605;9.566;1.458
12.12.2021 14:00;0.922;10.57;0.833
12.12.2021 15:00;0.922;10.61;0.729
12.12.2021 16:00;0.922;12.687;0.833
12.12.2021 17:00;1.605;11.383;1.458
12.12.2021 18:00;5.762;7.529;2.057
12.12.2021 19:00;7.128;6.257;2.083
12.12.2021 20:00;1.662;10.895;1.614
12.12.2021 21:00;1.666;0;1.172
12.12.2021 22:00;1.666;0;0.651
12.12.2021 23:00;0.982;0;0.495
13.12.2021 00:00;0.982;0;0.208
13.12.2021 01:00;0.982;0;0.104
13.12.2021 02:00;0.982;0;0.026
13.12.2021 03:00;0.982;0;0.026
13.12.2021 04:00;0.982;0;0.052
13.12.2021 05:00;1.665;0;0.99
13.12.2021 06:00;5.705;12.693;2.604
13.12.2021 07:00;1.606;15.864;2.109
13.12.2021 08:00;0.922;16.289;1.745
13.12.2021 09:00;0.922;15.573;1.328
13.12.2021 10:00;0.922;14.704;1.172
13.12.2021 11:00;0.922;13.874;1.094
13.12.2021 12:00;5.761;8.44;1.64
13.12.2021 13:00;1.605;11.802;1.458
13.12.2021 14:00;0.922;12.596;0.833
13.12.2021 15:00;0.922;12.484;0.729
13.12.2021 16:00;0.922;12.107;0.833
13.12.2021 17:00;1.605;9.026;1.458
13.12.2021 18:00;5.761;4.798;2.057
13.12.2021 19:00;7.127;3.254;2.083
13.12.2021 20:00;1.661;7.983;1.614
13.12.2021 21:00;1.663;0;1.172
13.12.2021 22:00;1.662;0;0.651
13.12.2021 23:00;0.979;0;0.495
14.12.2021 00:00;0.979;0;0.208
14.12.2021 01:00;0.979;0;0.104
14.12.2021 02:00;0.979;0;0.026
14.12.2021 03:00;0.979;0;0.026
14.12.2021 04:00;0.979;0;0.052
14.12.2021 05:00;1.662;0;0.99
14.12.2021 06:00;5.705;6.948;2.604
14.12.2021 07:00;1.606;10.249;2.109
14.12.2021 08:00;0.922;10.845;1.745
14.12.2021 09:00;0.922;10.157;1.328
14.12.2021 10:00;0.922;9.454;1.172
14.12.2021 11:00;0.922;9.174;1.094
14.12.2021 12:00;5.76;3.079;1.64
14.12.2021 13:00;1.605;6.772;1.458
14.12.2021 14:00;0.922;7.703;0.833
14.12.2021 15:00;0.922;7.638;0.729
14.12.2021 16:00;0.922;7.809;0.833
14.12.2021 17:00;1.605;6.456;1.458
14.12.2021 18:00;5.76;2.317;2.057
14.12.2021 19:00;7.126;1.178;2.083
14.12.2021 20:00;1.66;5.574;1.614
14.12.2021 21:00;1.662;0;1.172
14.12.2021 22:00;1.661;0;0.651
14.12.2021 23:00;0.978;0;0.495
15.12.2021 00:00;0.978;0;0.208
15.12.2021 01:00;0.978;0;0.104
15.12.2021 02:00;0.978;0;0.026
15.12.2021 03:00;0.978;0;0.026
15.12.2021 04:00;0.978;0;0.052
15.12.2021 05:00;1.661;0;0.99
15.12.2021 06:00;5.705;5.03;2.604
15.12.2021 07:00;1.606;8.643;2.109
15.12.2021 08:00;0.922;9.342;1.745
15.12.2021 09:00;0.922;8.709;1.328
15.12.2021 10:00;0.922;8.748;1.172
15.12.2021 11:00;0.922;7.906;1.094
15.12.2021 12:00;5.76;2.586;1.64
15.12.2021 13:00;1.605;6.497;1.458
15.12.2021 14:00;0.922;7.557;0.833
15.12.2021 15:00;0.922;7.536;0.729
15.12.2021 16:00;0.922;7.452;0.833
15.12.2021 17:00;1.605;6.17;1.458
15.12.2021 18:00;5.76;2.227;2.057
15.12.2021 19:00;7.127;0.982;2.083
15.12.2021 20:00;1.661;5.766;1.614
15.12.2021 21:00;1.662;0;1.172
15.12.2021 22:00;1.662;0;0.651
15.12.2021 23:00;0.978;0;0.495
16.12.2021 00:00;0.978;0;0.201
16.12.2021 01:00;0.978;0;0.223
16.12.2021 02:00;0.978;0;0.134
16.12.2021 03:00;0.978;0;0.045
16.12.2021 04:00;0.978;0;0.045
16.12.2021 05:00;1.662;0;0.268
16.12.2021 06:00;5.704;5.508;0.736
16.12.2021 07:00;1.605;9.095;1.249
16.12.2021 08:00;0.922;9.973;2.03
16.12.2021 09:00;0.922;9.494;2.008
16.12.2021 10:00;0.922;9.111;1.807
16.12.2021 11:00;0.922;8.868;1.941
16.12.2021 12:00;5.76;3.539;1.963
16.12.2021 13:00;1.605;7.37;1.562
16.12.2021 14:00;0.922;8.449;1.249
16.12.2021 15:00;0.922;8.37;0.982
16.12.2021 16:00;0.922;8.375;1.249
16.12.2021 17:00;1.605;7.165;1.606
16.12.2021 18:00;5.761;3.329;2.231
16.12.2021 19:00;7.127;2.26;1.762
16.12.2021 20:00;1.661;7.036;0.982
16.12.2021 21:00;1.664;0;0.959
16.12.2021 22:00;1.664;0;0.781
16.12.2021 23:00;0.981;0;0.469
17.12.2021 00:00;0.981;0;0.271
17.12.2021 01:00;0.981;0;0.197
17.12.2021 02:00;0.981;0;0.148
17.12.2021 03:00;0.981;0;0.049
17.12.2021 04:00;0.981;0;0.049
17.12.2021 05:00;1.664;0;0.148
17.12.2021 06:00;5.704;10.234;0.493
17.12.2021 07:00;1.605;13.593;1.01
17.12.2021 08:00;0.922;14.161;1.601
17.12.2021 09:00;0.922;13.345;2.119
17.12.2021 10:00;0.922;12.596;2.34
17.12.2021 11:00;0.923;11.832;2.463
17.12.2021 12:00;5.761;6.391;2.119
17.12.2021 13:00;1.605;10.02;1.823
17.12.2021 14:00;0.922;11.164;1.429
17.12.2021 15:00;0.922;9.836;1.256
17.12.2021 16:00;0.922;9.522;0.714
17.12.2021 17:00;1.605;8.186;1.355
17.12.2021 18:00;5.76;4.258;1.774
17.12.2021 19:00;7.127;3.122;1.921
17.12.2021 20:00;1.661;7.795;0.985
17.12.2021 21:00;1.665;0;0.911
17.12.2021 22:00;1.664;0;0.838
17.12.2021 23:00;0.981;0;0.468
18.12.2021 00:00;0.981;0;0.208
18.12.2021 01:00;0.981;0;0.104
18.12.2021 02:00;0.98;0;0.026
18.12.2021 03:00;0.98;0;0.026
18.12.2021 04:00;0.98;0;0.052
18.12.2021 05:00;1.664;0;0.99
18.12.2021 06:00;5.705;10.277;2.604
18.12.2021 07:00;1.606;13.504;2.109
18.12.2021 08:00;0.922;14.055;1.745
18.12.2021 09:00;0.922;13.286;1.328
18.12.2021 10:00;0.922;12.369;1.172
18.12.2021 11:00;0.922;10.628;1.094
18.12.2021 12:00;5.76;4.416;1.64
18.12.2021 13:00;1.605;8.036;1.458
18.12.2021 14:00;0.922;8.87;0.833
18.12.2021 15:00;0.922;8.89;0.729
18.12.2021 16:00;0.922;8.857;0.833
18.12.2021 17:00;1.605;7.683;1.458
18.12.2021 18:00;5.76;3.613;2.057
18.12.2021 19:00;7.127;2.632;2.083
18.12.2021 20:00;1.661;6.986;1.614
18.12.2021 21:00;1.662;0;1.172
18.12.2021 22:00;1.662;0;0.651
18.12.2021 23:00;0.979;0;0.495
19.12.2021 00:00;0.978;0;0.208
19.12.2021 01:00;0.978;0;0.104
19.12.2021 02:00;0.978;0;0.026
19.12.2021 03:00;0.978;0;0.026
19.12.2021 04:00;0.978;0;0.052
19.12.2021 05:00;1.662;0;0.99
19.12.2021 06:00;5.705;6.488;2.604
19.12.2021 07:00;1.606;10.215;2.109
19.12.2021 08:00;0.922;10.8;1.745
19.12.2021 09:00;0.922;10.035;1.328
19.12.2021 10:00;0.922;8.595;1.172
19.12.2021 11:00;0.922;7.795;1.094
19.12.2021 12:00;5.76;2.059;1.64
19.12.2021 13:00;1.605;5.717;1.458
19.12.2021 14:00;0.922;6.298;0.833
19.12.2021 15:00;0.922;6.745;0.729
19.12.2021 16:00;0.922;6.689;0.833
19.12.2021 17:00;1.605;5.496;1.458
19.12.2021 18:00;5.76;1.461;2.057
19.12.2021 19:00;7.126;0.648;2.083
19.12.2021 20:00;1.66;5.284;1.614
19.12.2021 21:00;1.661;0;1.172
19.12.2021 22:00;1.661;0;0.651
19.12.2021 23:00;0.978;0;0.495
20.12.2021 00:00;0.978;0;0.208
20.12.2021 01:00;0.978;0;0.104
20.12.2021 02:00;0.978;0;0.026
20.12.2021 03:00;0.978;0;0.026
20.12.2021 04:00;0.978;0;0.052
20.12.2021 05:00;1.662;0;0.99
20.12.2021 06:00;5.705;5.078;2.604
20.12.2021 07:00;1.606;8.531;2.109
20.12.2021 08:00;0.922;9.198;1.745
20.12.2021 09:00;0.922;8.396;1.328
20.12.2021 10:00;0.922;6.72;1.172
20.12.2021 11:00;0.922;6.116;1.094
20.12.2021 12:00;5.759;0.629;1.64
20.12.2021 13:00;1.605;4.618;1.458
20.12.2021 14:00;0.922;5.795;0.833
20.12.2021 15:00;0.922;5.779;0.729
20.12.2021 16:00;0.922;5.59;0.833
20.12.2021 17:00;1.605;4.381;1.458
20.12.2021 18:00;5.759;0.348;2.057
20.12.2021 19:00;7.058;0;2.083
20.12.2021 20:00;1.66;3.658;1.614
20.12.2021 21:00;1.66;0;1.172
20.12.2021 22:00;1.66;0;0.651
20.12.2021 23:00;0.977;0;0.495
21.12.2021 00:00;0.977;0;0.208
21.12.2021 01:00;0.977;0;0.104
21.12.2021 02:00;0.977;0;0.026
21.12.2021 03:00;0.977;0;0.026
21.12.2021 04:00;0.977;0;0.052
21.12.2021 05:00;1.661;0;0.99
21.12.2021 06:00;5.705;2.984;2.604
21.12.2021 07:00;1.606;6.515;2.109
21.12.2021 08:00;0.922;7.34;1.745
21.12.2021 09:00;0.922;7.048;1.328
21.12.2021 10:00;0.922;6.803;1.172
21.12.2021 11:00;0.922;6.501;1.094
21.12.2021 12:00;5.76;1.164;1.64
21.12.2021 13:00;1.605;4.95;1.458
21.12.2021 14:00;0.922;5.847;0.833
21.12.2021 15:00;0.922;6.08;0.729
21.12.2021 16:00;0.922;5.89;0.833
21.12.2021 17:00;1.605;4.626;1.458
21.12.2021 18:00;5.76;0.741;2.057
21.12.2021 19:00;7.059;0;2.083
21.12.2021 20:00;1.66;4.188;1.614
21.12.2021 21:00;1.661;0;1.172
21.12.2021 22:00;1.661;0;0.651
21.12.2021 23:00;0.978;0;0.495
22.12.2021 00:00;0.977;0;0.208
22.12.2021 01:00;0.977;0;0.104
22.12.2021 02:00;0.977;0;0.026
22.12.2021 03:00;0.976;0;0.026
22.12.2021 04:00;0.976;0;0.052
22.12.2021 05:00;1.66;0;0.99
22.12.2021 06:00;5.705;1.531;2.604
22.12.2021 07:00;1.606;5.059;2.109
22.12.2021 08:00;0.922;6.011;1.745
22.12.2021 09:00;0.922;5.544;1.328
22.12.2021 10:00;0.922;5.317;1.172
22.12.2021 11:00;0.922;4.904;1.094
22.12.2021 12:00;5.691;0;1.64
22.12.2021 13:00;1.605;3.451;1.458
22.12.2021 14:00;0.922;4.632;0.833
22.12.2021 15:00;0.922;4.611;0.729
22.12.2021 16:00;0.922;4.551;0.833
22.12.2021 17:00;1.605;3.445;1.458
22.12.2021 18:00;5.692;0;2.057
22.12.2021 19:00;7.058;0;2.083
22.12.2021 20:00;1.66;3.131;1.614
22.12.2021 21:00;1.66;0;1.172
22.12.2021 22:00;1.66;0;0.651
22.12.2021 23:00;0.977;0;0.495
23.12.2021 00:00;0.977;0;0.201
23.12.2021 01:00;0.977;0;0.223
23.12.2021 02:00;0.977;0;0.134
23.12.2021 03:00;0.977;0;0.045
23.12.2021 04:00;0.977;0;0.045
23.12.2021 05:00;1.66;0;0.268
23.12.2021 06:00;5.704;1.678;0.736
23.12.2021 07:00;1.605;5.02;1.249
23.12.2021 08:00;0.922;6.038;2.03
23.12.2021 09:00;0.922;5.816;2.008
23.12.2021 10:00;0.922;5.54;1.807
23.12.2021 11:00;0.922;5.298;1.941
23.12.2021 12:00;5.759;0.091;1.963
23.12.2021 13:00;1.605;3.957;1.562
23.12.2021 14:00;0.922;4.921;1.249
23.12.2021 15:00;0.922;4.847;0.982
23.12.2021 16:00;0.922;4.685;1.249
23.12.2021 17:00;1.605;3.548;1.606
23.12.2021 18:00;5.692;0;2.231
23.12.2021 19:00;7.058;0;1.762
23.12.2021 20:00;1.66;2.822;0.982
23.12.2021 21:00;1.66;0;0.959
23.12.2021 22:00;1.66;0;0.781
23.12.2021 23:00;0.977;0;0.469
24.12.2021 00:00;0.976;0;0.271
24.12.2021 01:00;0.976;0;0.197
24.12.2021 02:00;0.977;0;0.148
24.12.2021 03:00;0.977;0;0.049
24.12.2021 04:00;0.977;0;0.049
24.12.2021 05:00;1.66;0;0.148
24.12.2021 06:00;5.704;1.409;0.493
24.12.2021 07:00;1.605;5.036;1.01
24.12.2021 08:00;0.922;6.078;1.601
24.12.2021 09:00;0.922;5.916;2.119
24.12.2021 10:00;0.922;5.798;2.34
24.12.2021 11:00;0.923;5.623;2.463
24.12.2021 12:00;5.759;0.311;2.119
24.12.2021 13:00;1.605;4.025;1.823
24.12.2021 14:00;0.922;5.02;1.429
24.12.2021 15:00;0.922;5.038;1.256
24.12.2021 16:00;0.922;5.055;0.714
24.12.2021 17:00;1.605;3.826;1.355
24.12.2021 18:00;5.759;0.145;1.774
24.12.2021 19:00;7.058;0;1.921
24.12.2021 20:00;1.66;3.428;0.985
24.12.2021 21:00;1.661;0;0.911
24.12.2021 22:00;1.661;0;0.838
24.12.2021 23:00;0.977;0;0.468
25.12.2021 00:00;0.977;0;0.208
25.12.2021 01:00;0.977;0;0.104
25.12.2021 02:00;0.977;0;0.026
25.12.2021 03:00;0.978;0;0.026
25.12.2021 04:00;0.977;0;0.052
25.12.2021 05:00;1.661;0;0.99
25.12.2021 06:00;5.705;3;2.604
25.12.2021 07:00;1.606;6.568;2.109
25.12.2021 08:00;0.922;7.429;1.745
25.12.2021 09:00;0.922;7.101;1.328
25.12.2021 10:00;0.922;6.534;1.172
25.12.2021 11:00;0.922;5.846;1.094
25.12.2021 12:00;5.759;0.559;1.64
25.12.2021 13:00;1.605;4.396;1.458
25.12.2021 14:00;0.922;5.203;0.833
25.12.2021 15:00;0.922;5.11;0.729
25.12.2021 16:00;0.922;5.098;0.833
25.12.2021 17:00;1.605;4.1;1.458
25.12.2021 18:00;5.759;0.104;2.057
25.12.2021 19:00;7.058;0;2.083
25.12.2021 20:00;1.66;3.655;1.614
25.12.2021 21:00;1.661;0;1.172
25.12.2021 22:00;1.66;0;0.651
25.12.2021 23:00;0.977;0;0.495
26.12.2021 00:00;0.977;0;0.208
26.12.2021 01:00;0.977;0;0.104
26.12.2021 02:00;0.977;0;0.026
26.12.2021 03:00;0.977;0;0.026
26.12.2021 04:00;0.977;0;0.052
26.12.2021 05:00;1.66;0;0.99
26.12.2021 06:00;5.705;2.265;2.604
26.12.2021 07:00;1.606;6.36;2.109
26.12.2021 08:00;0.922;6.567;1.745
26.12.2021 09:00;0.922;6.152;1.328
26.12.2021 10:00;0.922;5.994;1.172
26.12.2021 11:00;0.922;5.778;1.094
26.12.2021 12:00;5.759;0.392;1.64
26.12.2021 13:00;1.605;4.413;1.458
26.12.2021 14:00;0.922;5.559;0.833
26.12.2021 15:00;0.922;5.717;0.729
26.12.2021 16:00;0.922;5.653;0.833
26.12.2021 17:00;1.605;3.758;1.458
26.12.2021 18:00;5.692;0;2.057
26.12.2021 19:00;7.058;0;2.083
26.12.2021 20:00;1.66;3.215;1.614
26.12.2021 21:00;1.661;0;1.172
26.12.2021 22:00;1.661;0;0.651
26.12.2021 23:00;0.978;0;0.495
27.12.2021 00:00;0.977;0;0.208
27.12.2021 01:00;0.977;0;0.104
27.12.2021 02:00;0.977;0;0.026
27.12.2021 03:00;0.978;0;0.026
27.12.2021 04:00;0.977;0;0.052
27.12.2021 05:00;1.661;0;0.99
27.12.2021 06:00;5.705;3.018;2.604
27.12.2021 07:00;1.606;6.974;2.109
27.12.2021 08:00;0.922;8.16;1.745
27.12.2021 09:00;0.922;7.087;1.328
27.12.2021 10:00;0.922;6.83;1.172
27.12.2021 11:00;0.922;6.248;1.094
27.12.2021 12:00;5.76;1.075;1.64
27.12.2021 13:00;1.605;4.946;1.458
27.12.2021 14:00;0.922;6.224;0.833
27.12.2021 15:00;0.922;6.415;0.729
27.12.2021 16:00;0.922;6.127;0.833
27.12.2021 17:00;1.605;5.149;1.458
27.12.2021 18:00;5.76;1.246;2.057
27.12.2021 19:00;7.059;0;2.083
27.12.2021 20:00;1.661;5.012;1.614
27.12.2021 21:00;1.662;0;1.172
27.12.2021 22:00;1.662;0;0.651
27.12.2021 23:00;0.978;0;0.495
28.12.2021 00:00;0.978;0;0.208
28.12.2021 01:00;0.979;0;0.104
28.12.2021 02:00;0.979;0;0.026
28.12.2021 03:00;0.979;0;0.026
28.12.2021 04:00;0.979;0;0.052
28.12.2021 05:00;1.662;0;0.99
28.12.2021 06:00;5.705;6.139;2.604
28.12.2021 07:00;1.606;9.747;2.109
28.12.2021 08:00;0.922;10.32;1.745
28.12.2021 09:00;0.922;8.88;1.328
28.12.2021 10:00;0.922;7.946;1.172
28.12.2021 11:00;0.922;7.058;1.094
28.12.2021 12:00;5.759;1.207;1.64
28.12.2021 13:00;1.605;4.796;1.458
28.12.2021 14:00;0.922;5.81;0.833
28.12.2021 15:00;0.922;5.817;0.729
28.12.2021 16:00;0.922;5.976;0.833
28.12.2021 17:00;1.605;4.68;1.458
28.12.2021 18:00;5.759;0.654;2.057
28.12.2021 19:00;7.126;0.104;2.083
28.12.2021 20:00;1.66;4.748;1.614
28.12.2021 21:00;1.661;0;1.172
28.12.2021 22:00;1.661;0;0.651
28.12.2021 23:00;0.977;0;0.495
29.12.2021 00:00;0.977;0;0.208
29.12.2021 01:00;0.977;0;0.104
29.12.2021 02:00;0.977;0;0.026
29.12.2021 03:00;0.977;0;0.026
29.12.2021 04:00;0.977;0;0.052
29.12.2021 05:00;1.66;0;0.99
29.12.2021 06:00;5.705;2.583;2.604
29.12.2021 07:00;1.606;6.177;2.109
29.12.2021 08:00;0.922;7.105;1.745
29.12.2021 09:00;0.922;6.586;1.328
29.12.2021 10:00;0.922;6.104;1.172
29.12.2021 11:00;0.922;5.494;1.094
29.12.2021 12:00;5.759;0.169;1.64
29.12.2021 13:00;1.605;4.277;1.458
29.12.2021 14:00;0.922;5.339;0.833
29.12.2021 15:00;0.922;5.229;0.729
29.12.2021 16:00;0.922;5.241;0.833
29.12.2021 17:00;1.605;4.1;1.458
29.12.2021 18:00;5.759;0.276;2.057
29.12.2021 19:00;7.058;0;2.083
29.12.2021 20:00;1.66;3.853;1.614
29.12.2021 21:00;1.661;0;1.172
29.12.2021 22:00;1.661;0;0.651
29.12.2021 23:00;0.977;0;0.495
30.12.2021 00:00;0.977;0;0.201
30.12.2021 01:00;0.977;0;0.223
30.12.2021 02:00;0.977;0;0.134
30.12.2021 03:00;0.978;0;0.045
30.12.2021 04:00;0.978;0;0.045
30.12.2021 05:00;1.661;0;0.268
30.12.2021 06:00;5.704;3.55;0.736
30.12.2021 07:00;1.605;7.35;1.249
30.12.2021 08:00;0.922;7.98;2.03
30.12.2021 09:00;0.922;7.357;2.008
30.12.2021 10:00;0.922;6.714;1.807
30.12.2021 11:00;0.922;6.167;1.941
30.12.2021 12:00;5.759;0.859;1.963
30.12.2021 13:00;1.605;4.526;1.562
30.12.2021 14:00;0.922;5.446;1.249
30.12.2021 15:00;0.922;5.362;0.982
30.12.2021 16:00;0.922;5.173;1.249
30.12.2021 17:00;1.605;3.901;1.606
30.12.2021 18:00;5.692;0;2.231
30.12.2021 19:00;7.058;0;1.762
30.12.2021 20:00;1.66;3.778;0.982
30.12.2021 21:00;1.661;0;0.959
30.12.2021 22:00;1.66;0;0.781
30.12.2021 23:00;0.977;0;0.469
31.12.2021 00:00;0.977;0;0.271
31.12.2021 01:00;0.977;0;0.197
31.12.2021 02:00;0.977;0;0.148
31.12.2021 03:00;0.977;0;0.049
31.12.2021 04:00;0.977;0;0.049
31.12.2021 05:00;1.66;0;0.148
31.12.2021 06:00;5.704;1.723;0.493
31.12.2021 07:00;1.605;5.407;1.01
31.12.2021 08:00;0.922;6.246;1.601
31.12.2021 09:00;0.922;5.476;2.119
31.12.2021 10:00;0.922;4.54;2.34
31.12.2021 11:00;0.923;4.25;2.463
31.12.2021 12:00;5.691;0;2.119
31.12.2021 13:00;1.605;2.534;1.823
31.12.2021 14:00;0.922;3.767;1.429
31.12.2021 15:00;0.922;3.864;1.256
31.12.2021 16:00;0.922;3.875;0.714
31.12.2021 17:00;1.605;2.875;1.355
31.12.2021 18:00;5.691;0;1.774
31.12.2021 19:00;7.058;0;1.921
31.12.2021 20:00;1.66;2.366;0.985
31.12.2021 21:00;1.66;0;0.911
31.12.2021 22:00;1.66;0;0.838
31.12.2021 23:00;0.976;0;0.468
