timestamp;electricityDemand;spaceHeatingDemand;domesticHotWaterDemand
01.01.2021 00:00;4.968;0;0.271
01.01.2021 01:00;4.968;0;0.197
01.01.2021 02:00;4.968;0;0.148
01.01.2021 03:00;4.968;0;0.049
01.01.2021 04:00;4.968;0;0.049
01.01.2021 05:00;1.643;0;0.148
01.01.2021 06:00;5.632;1.222;0.493
01.01.2021 07:00;1.586;4.995;1.01
01.01.2021 08:00;0.912;5.898;1.601
01.01.2021 09:00;0.912;5.465;2.119
01.01.2021 10:00;0.912;4.783;2.34
01.01.2021 11:00;4.912;4.165;2.463
01.01.2021 12:00;9.622;0;2.119
01.01.2021 13:00;5.586;2.151;1.823
01.01.2021 14:00;4.912;3.343;1.429
01.01.2021 15:00;4.912;3.618;1.256
01.01.2021 16:00;0.911;3.984;0.714
01.01.2021 17:00;1.586;3.133;1.355
01.01.2021 18:00;5.622;0;1.774
01.01.2021 19:00;6.971;0;1.921
01.01.2021 20:00;9.643;2.551;0.985
01.01.2021 21:00;9.643;0;0.911
01.01.2021 22:00;9.643;0;0.838
01.01.2021 23:00;8.968;0;0.468
02.01.2021 00:00;8.968;0;0.208
02.01.2021 01:00;8.969;0;0.104
02.01.2021 02:00;4.969;0;0.026
02.01.2021 03:00;2.569;0;0.026
02.01.2021 04:00;1.769;0;0.052
02.01.2021 05:00;1.644;0;0.99
02.01.2021 06:00;5.633;2.165;2.604
02.01.2021 07:00;1.586;5.705;2.109
02.01.2021 08:00;0.912;6.496;1.745
02.01.2021 09:00;0.912;5.107;1.328
02.01.2021 10:00;0.912;4.369;1.172
02.01.2021 11:00;0.912;4.268;1.094
02.01.2021 12:00;5.622;0;1.64
02.01.2021 13:00;1.586;3.099;1.458
02.01.2021 14:00;0.912;4.416;0.833
02.01.2021 15:00;0.912;4.892;0.729
02.01.2021 16:00;0.912;4.832;0.833
02.01.2021 17:00;1.586;3.668;1.458
02.01.2021 18:00;5.69;0.177;2.057
02.01.2021 19:00;6.971;0;2.083
02.01.2021 20:00;5.644;3.719;1.614
02.01.2021 21:00;9.644;0;1.172
02.01.2021 22:00;9.643;0;0.651
02.01.2021 23:00;8.969;0;0.495
03.01.2021 00:00;8.969;0;0.208
03.01.2021 01:00;8.969;0;0.104
03.01.2021 02:00;4.969;0;0.026
03.01.2021 03:00;2.569;0;0.026
03.01.2021 04:00;1.769;0;0.052
03.01.2021 05:00;1.644;0;0.99
03.01.2021 06:00;5.633;2.244;2.604
03.01.2021 07:00;1.586;5.874;2.109
03.01.2021 08:00;0.912;6.823;1.745
03.01.2021 09:00;0.912;6.472;1.328
03.01.2021 10:00;0.912;6.203;1.172
03.01.2021 11:00;0.912;5.861;1.094
03.01.2021 12:00;5.69;0.546;1.64
03.01.2021 13:00;1.586;4.207;1.458
03.01.2021 14:00;0.912;5.441;0.833
03.01.2021 15:00;0.912;5.404;0.729
03.01.2021 16:00;0.912;6.347;0.833
03.01.2021 17:00;1.586;4.779;1.458
03.01.2021 18:00;5.691;1.009;2.057
03.01.2021 19:00;6.971;0;2.083
03.01.2021 20:00;5.644;4.28;1.614
03.01.2021 21:00;9.644;0;1.172
03.01.2021 22:00;9.644;0;0.651
03.01.2021 23:00;8.97;0;0.495
04.01.2021 00:00;8.97;0;0.208
04.01.2021 01:00;8.97;0;0.104
04.01.2021 02:00;4.97;0;0.026
04.01.2021 03:00;2.57;0;0.026
04.01.2021 04:00;1.77;0;0.052
04.01.2021 05:00;1.645;0;0.99
04.01.2021 06:00;5.633;4.39;2.604
04.01.2021 07:00;1.586;8.097;2.109
04.01.2021 08:00;0.912;8.726;1.745
04.01.2021 09:00;0.912;8.314;1.328
04.01.2021 10:00;0.912;7.709;1.172
04.01.2021 11:00;0.912;7.132;1.094
04.01.2021 12:00;5.69;1.205;1.64
04.01.2021 13:00;1.586;5.572;1.458
04.01.2021 14:00;0.912;6.451;0.833
04.01.2021 15:00;0.912;5.673;0.729
04.01.2021 16:00;0.912;5.606;0.833
04.01.2021 17:00;1.586;4.406;1.458
04.01.2021 18:00;5.69;0.407;2.057
04.01.2021 19:00;6.971;0;2.083
04.01.2021 20:00;5.644;4.369;1.614
04.01.2021 21:00;9.644;0;1.172
04.01.2021 22:00;9.644;0;0.651
04.01.2021 23:00;8.97;0;0.495
05.01.2021 00:00;8.969;0;0.208
05.01.2021 01:00;8.969;0;0.104
05.01.2021 02:00;4.969;0;0.026
05.01.2021 03:00;2.569;0;0.026
05.01.2021 04:00;1.769;0;0.052
05.01.2021 05:00;1.643;0;0.99
05.01.2021 06:00;5.633;2.44;2.604
05.01.2021 07:00;1.586;5.946;2.109
05.01.2021 08:00;0.912;7.438;1.745
05.01.2021 09:00;0.912;6.475;1.328
05.01.2021 10:00;0.912;6.851;1.172
05.01.2021 11:00;0.912;6.305;1.094
05.01.2021 12:00;5.69;0.814;1.64
05.01.2021 13:00;1.586;4.337;1.458
05.01.2021 14:00;0.912;5.372;0.833
05.01.2021 15:00;0.912;5.232;0.729
05.01.2021 16:00;0.912;5.361;0.833
05.01.2021 17:00;1.586;4.358;1.458
05.01.2021 18:00;5.69;0.752;2.057
05.01.2021 19:00;6.971;0;2.083
05.01.2021 20:00;5.644;4.93;1.614
05.01.2021 21:00;9.645;0;1.172
05.01.2021 22:00;9.645;0;0.651
05.01.2021 23:00;8.97;0;0.495
06.01.2021 00:00;8.97;0;0.208
06.01.2021 01:00;8.97;0;0.104
06.01.2021 02:00;4.97;0;0.026
06.01.2021 03:00;2.57;0;0.026
06.01.2021 04:00;1.77;0;0.052
06.01.2021 05:00;1.645;0;0.99
06.01.2021 06:00;5.633;4.799;2.604
06.01.2021 07:00;1.586;8.206;2.109
06.01.2021 08:00;0.912;9.162;1.745
06.01.2021 09:00;0.912;8.275;1.328
06.01.2021 10:00;0.912;7.736;1.172
06.01.2021 11:00;0.912;6.906;1.094
06.01.2021 12:00;5.69;1.391;1.64
06.01.2021 13:00;1.586;4.997;1.458
06.01.2021 14:00;0.912;6.607;0.833
06.01.2021 15:00;0.912;5.994;0.729
06.01.2021 16:00;0.912;6.147;0.833
06.01.2021 17:00;1.586;5.149;1.458
06.01.2021 18:00;5.691;1.286;2.057
06.01.2021 19:00;7.039;0.191;2.083
06.01.2021 20:00;5.644;4.728;1.614
06.01.2021 21:00;9.644;0;1.172
06.01.2021 22:00;9.644;0;0.651
06.01.2021 23:00;8.969;0;0.495
07.01.2021 00:00;4.969;0;0.201
07.01.2021 01:00;4.969;0;0.223
07.01.2021 02:00;2.569;0;0.134
07.01.2021 03:00;1.769;0;0.045
07.01.2021 04:00;1.369;0;0.045
07.01.2021 05:00;1.644;0;0.268
07.01.2021 06:00;5.632;4.024;0.736
07.01.2021 07:00;1.586;7.538;1.249
07.01.2021 08:00;0.912;8.423;2.03
07.01.2021 09:00;0.912;7.791;2.008
07.01.2021 10:00;0.912;7.45;1.807
07.01.2021 11:00;4.912;6.656;1.941
07.01.2021 12:00;9.69;0.457;1.963
07.01.2021 13:00;5.586;4.016;1.562
07.01.2021 14:00;0.912;4.968;1.249
07.01.2021 15:00;0.912;5.091;0.982
07.01.2021 16:00;0.912;5.584;1.249
07.01.2021 17:00;1.586;5.134;1.606
07.01.2021 18:00;5.691;1.256;2.231
07.01.2021 19:00;7.039;0.123;1.762
07.01.2021 20:00;5.644;4.83;0.982
07.01.2021 21:00;5.644;0;0.959
07.01.2021 22:00;9.644;0;0.781
07.01.2021 23:00;4.97;0;0.469
08.01.2021 00:00;4.97;0;0.271
08.01.2021 01:00;4.97;0;0.197
08.01.2021 02:00;4.969;0;0.148
08.01.2021 03:00;4.969;0;0.049
08.01.2021 04:00;4.97;0;0.049
08.01.2021 05:00;1.644;0;0.148
08.01.2021 06:00;5.632;4.458;0.493
08.01.2021 07:00;1.586;7.889;1.01
08.01.2021 08:00;0.912;8.692;1.601
08.01.2021 09:00;0.912;8.324;2.119
08.01.2021 10:00;0.912;7.266;2.34
08.01.2021 11:00;4.912;6.755;2.463
08.01.2021 12:00;9.691;1.476;2.119
08.01.2021 13:00;5.586;5.146;1.823
08.01.2021 14:00;4.912;6.275;1.429
08.01.2021 15:00;4.912;6.316;1.256
08.01.2021 16:00;0.911;6.448;0.714
08.01.2021 17:00;1.586;5.875;1.355
08.01.2021 18:00;5.691;1.753;1.774
08.01.2021 19:00;7.039;0.062;1.921
08.01.2021 20:00;9.644;5.116;0.985
08.01.2021 21:00;9.645;0;0.911
08.01.2021 22:00;9.644;0;0.838
08.01.2021 23:00;8.97;0;0.468
09.01.2021 00:00;8.969;0;0.208
09.01.2021 01:00;8.97;0;0.104
09.01.2021 02:00;4.969;0;0.026
09.01.2021 03:00;2.57;0;0.026
09.01.2021 04:00;1.77;0;0.052
09.01.2021 05:00;1.645;0;0.99
09.01.2021 06:00;5.633;4.381;2.604
09.01.2021 07:00;1.586;7.781;2.109
09.01.2021 08:00;0.912;8.652;1.745
09.01.2021 09:00;0.912;8.134;1.328
09.01.2021 10:00;0.912;7.893;1.172
09.01.2021 11:00;0.912;7.695;1.094
09.01.2021 12:00;5.691;2.584;1.64
09.01.2021 13:00;1.586;6.224;1.458
09.01.2021 14:00;0.912;7.515;0.833
09.01.2021 15:00;0.912;7.366;0.729
09.01.2021 16:00;0.912;7.583;0.833
09.01.2021 17:00;1.586;6.172;1.458
09.01.2021 18:00;5.691;2.291;2.057
09.01.2021 19:00;7.04;1.105;2.083
09.01.2021 20:00;5.645;5.832;1.614
09.01.2021 21:00;9.646;0;1.172
09.01.2021 22:00;9.645;0;0.651
09.01.2021 23:00;8.971;0;0.495
10.01.2021 00:00;8.97;0;0.208
10.01.2021 01:00;8.97;0;0.104
10.01.2021 02:00;4.97;0;0.026
10.01.2021 03:00;2.57;0;0.026
10.01.2021 04:00;1.77;0;0.052
10.01.2021 05:00;1.645;0;0.99
10.01.2021 06:00;5.633;5.652;2.604
10.01.2021 07:00;1.586;9.053;2.109
10.01.2021 08:00;0.912;9.857;1.745
10.01.2021 09:00;0.912;9.231;1.328
10.01.2021 10:00;0.912;8.441;1.172
10.01.2021 11:00;0.912;7.802;1.094
10.01.2021 12:00;5.691;2.501;1.64
10.01.2021 13:00;1.586;6.112;1.458
10.01.2021 14:00;0.912;7.217;0.833
10.01.2021 15:00;0.912;7.179;0.729
10.01.2021 16:00;0.912;7.241;0.833
10.01.2021 17:00;1.586;5.924;1.458
10.01.2021 18:00;5.691;1.89;2.057
10.01.2021 19:00;7.04;0.662;2.083
10.01.2021 20:00;5.644;5.24;1.614
10.01.2021 21:00;9.645;0;1.172
10.01.2021 22:00;9.644;0;0.651
10.01.2021 23:00;8.97;0;0.495
11.01.2021 00:00;8.97;0;0.208
11.01.2021 01:00;8.97;0;0.104
11.01.2021 02:00;4.97;0;0.026
11.01.2021 03:00;2.57;0;0.026
11.01.2021 04:00;1.77;0;0.052
11.01.2021 05:00;1.644;0;0.99
11.01.2021 06:00;5.633;4.212;2.604
11.01.2021 07:00;1.586;7.663;2.109
11.01.2021 08:00;0.912;8.425;1.745
11.01.2021 09:00;0.912;7.975;1.328
11.01.2021 10:00;0.912;7.624;1.172
11.01.2021 11:00;0.912;7.104;1.094
11.01.2021 12:00;5.69;1.96;1.64
11.01.2021 13:00;1.586;5.668;1.458
11.01.2021 14:00;0.912;6.716;0.833
11.01.2021 15:00;0.912;6.624;0.729
11.01.2021 16:00;0.912;6.443;0.833
11.01.2021 17:00;1.586;5.295;1.458
11.01.2021 18:00;5.691;1.505;2.057
11.01.2021 19:00;7.04;0.507;2.083
11.01.2021 20:00;5.644;5.227;1.614
11.01.2021 21:00;9.645;0;1.172
11.01.2021 22:00;9.644;0;0.651
11.01.2021 23:00;8.97;0;0.495
12.01.2021 00:00;8.97;0;0.208
12.01.2021 01:00;8.97;0;0.104
12.01.2021 02:00;4.97;0;0.026
12.01.2021 03:00;2.57;0;0.026
12.01.2021 04:00;1.77;0;0.052
12.01.2021 05:00;1.645;0;0.99
12.01.2021 06:00;5.633;4.795;2.604
12.01.2021 07:00;1.586;8.372;2.109
12.01.2021 08:00;0.912;9.183;1.745
12.01.2021 09:00;0.912;8.434;1.328
12.01.2021 10:00;0.912;7.846;1.172
12.01.2021 11:00;0.912;7.187;1.094
12.01.2021 12:00;5.69;1.755;1.64
12.01.2021 13:00;1.586;5.464;1.458
12.01.2021 14:00;0.912;6.522;0.833
12.01.2021 15:00;0.912;6.451;0.729
12.01.2021 16:00;0.912;6.424;0.833
12.01.2021 17:00;1.586;5.201;1.458
12.01.2021 18:00;5.691;1.236;2.057
12.01.2021 19:00;7.039;0.05;2.083
12.01.2021 20:00;5.644;4.597;1.614
12.01.2021 21:00;9.644;0;1.172
12.01.2021 22:00;9.644;0;0.651
12.01.2021 23:00;8.969;0;0.495
13.01.2021 00:00;8.969;0;0.208
13.01.2021 01:00;8.969;0;0.104
13.01.2021 02:00;4.969;0;0.026
13.01.2021 03:00;2.569;0;0.026
13.01.2021 04:00;1.769;0;0.052
13.01.2021 05:00;1.644;0;0.99
13.01.2021 06:00;5.633;3.591;2.604
13.01.2021 07:00;1.586;7.147;2.109
13.01.2021 08:00;0.912;7.949;1.745
13.01.2021 09:00;0.912;7.579;1.328
13.01.2021 10:00;0.912;7.2;1.172
13.01.2021 11:00;0.912;6.652;1.094
13.01.2021 12:00;5.69;1.38;1.64
13.01.2021 13:00;1.586;5.021;1.458
13.01.2021 14:00;0.912;5.97;0.833
13.01.2021 15:00;0.912;6.074;0.729
13.01.2021 16:00;0.912;6.173;0.833
13.01.2021 17:00;1.586;5.052;1.458
13.01.2021 18:00;5.691;1.065;2.057
13.01.2021 19:00;6.971;0;2.083
13.01.2021 20:00;5.644;4.61;1.614
13.01.2021 21:00;9.644;0;1.172
13.01.2021 22:00;9.644;0;0.651
13.01.2021 23:00;8.97;0;0.495
14.01.2021 00:00;4.97;0;0.201
14.01.2021 01:00;4.97;0;0.223
14.01.2021 02:00;2.57;0;0.134
14.01.2021 03:00;1.77;0;0.045
14.01.2021 04:00;1.37;0;0.045
14.01.2021 05:00;1.645;0;0.268
14.01.2021 06:00;5.632;4.996;0.736
14.01.2021 07:00;1.586;8.629;1.249
14.01.2021 08:00;0.912;9.303;2.03
14.01.2021 09:00;0.912;8.553;2.008
14.01.2021 10:00;0.912;7.81;1.807
14.01.2021 11:00;4.912;7.021;1.941
14.01.2021 12:00;9.69;1.496;1.963
14.01.2021 13:00;5.586;5.003;1.562
14.01.2021 14:00;0.912;5.99;1.249
14.01.2021 15:00;0.912;5.884;0.982
14.01.2021 16:00;0.912;5.693;1.249
14.01.2021 17:00;1.586;4.41;1.606
14.01.2021 18:00;5.69;0.328;2.231
14.01.2021 19:00;6.971;0;1.762
14.01.2021 20:00;5.644;3.713;0.982
14.01.2021 21:00;5.644;0;0.959
14.01.2021 22:00;9.644;0;0.781
14.01.2021 23:00;4.97;0;0.469
15.01.2021 00:00;4.969;0;0.271
15.01.2021 01:00;4.969;0;0.197
15.01.2021 02:00;4.969;0;0.148
15.01.2021 03:00;4.969;0;0.049
15.01.2021 04:00;4.969;0;0.049
15.01.2021 05:00;1.643;0;0.148
15.01.2021 06:00;5.632;1.858;0.493
15.01.2021 07:00;1.586;5.378;1.01
15.01.2021 08:00;0.912;6.329;1.601
15.01.2021 09:00;0.912;6.656;2.119
15.01.2021 10:00;0.912;7.248;2.34
15.01.2021 11:00;4.912;7.485;2.463
15.01.2021 12:00;9.691;2.859;2.119
15.01.2021 13:00;5.586;6.59;1.823
15.01.2021 14:00;4.912;7.417;1.429
15.01.2021 15:00;4.912;7.122;1.256
15.01.2021 16:00;0.911;7.47;0.714
15.01.2021 17:00;1.586;6.938;1.355
15.01.2021 18:00;5.691;2.862;1.774
15.01.2021 19:00;7.04;1.768;1.921
15.01.2021 20:00;9.645;6.339;0.985
15.01.2021 21:00;9.646;0;0.911
15.01.2021 22:00;9.646;0;0.838
15.01.2021 23:00;8.971;0;0.468
16.01.2021 00:00;8.971;0;0.208
16.01.2021 01:00;8.971;0;0.104
16.01.2021 02:00;4.971;0;0.026
16.01.2021 03:00;2.571;0;0.026
16.01.2021 04:00;1.771;0;0.052
16.01.2021 05:00;1.646;0;0.99
16.01.2021 06:00;5.633;7.011;2.604
16.01.2021 07:00;1.586;10.248;2.109
16.01.2021 08:00;0.912;10.825;1.745
16.01.2021 09:00;0.912;10.415;1.328
16.01.2021 10:00;0.912;9.696;1.172
16.01.2021 11:00;0.912;9.079;1.094
16.01.2021 12:00;5.691;3.705;1.64
16.01.2021 13:00;1.586;7.188;1.458
16.01.2021 14:00;0.912;8.245;0.833
16.01.2021 15:00;0.912;7.985;0.729
16.01.2021 16:00;0.912;7.985;0.833
16.01.2021 17:00;1.586;6.694;1.458
16.01.2021 18:00;5.691;2.925;2.057
16.01.2021 19:00;7.04;1.821;2.083
16.01.2021 20:00;5.645;6.445;1.614
16.01.2021 21:00;9.646;0;1.172
16.01.2021 22:00;9.645;0;0.651
16.01.2021 23:00;8.971;0;0.495
17.01.2021 00:00;8.971;0;0.208
17.01.2021 01:00;8.971;0;0.104
17.01.2021 02:00;4.971;0;0.026
17.01.2021 03:00;2.571;0;0.026
17.01.2021 04:00;1.771;0;0.052
17.01.2021 05:00;1.646;0;0.99
17.01.2021 06:00;5.633;6.869;2.604
17.01.2021 07:00;1.586;10.029;2.109
17.01.2021 08:00;0.912;10.949;1.745
17.01.2021 09:00;0.912;10.68;1.328
17.01.2021 10:00;0.912;10.406;1.172
17.01.2021 11:00;0.912;10.135;1.094
17.01.2021 12:00;5.691;4.941;1.64
17.01.2021 13:00;1.586;8.475;1.458
17.01.2021 14:00;0.912;9.289;0.833
17.01.2021 15:00;0.912;8.954;0.729
17.01.2021 16:00;0.912;8.733;0.833
17.01.2021 17:00;1.586;7.305;1.458
17.01.2021 18:00;5.691;3.469;2.057
17.01.2021 19:00;7.04;2.164;2.083
17.01.2021 20:00;5.645;6.789;1.614
17.01.2021 21:00;9.646;0;1.172
17.01.2021 22:00;9.645;0;0.651
17.01.2021 23:00;8.971;0;0.495
18.01.2021 00:00;8.971;0;0.208
18.01.2021 01:00;8.971;0;0.104
18.01.2021 02:00;4.971;0;0.026
18.01.2021 03:00;2.571;0;0.026
18.01.2021 04:00;1.771;0;0.052
18.01.2021 05:00;1.646;0;0.99
18.01.2021 06:00;5.633;7.112;2.604
18.01.2021 07:00;1.586;10.572;2.109
18.01.2021 08:00;0.912;11.273;1.745
18.01.2021 09:00;0.912;10.854;1.328
18.01.2021 10:00;0.912;10.557;1.172
18.01.2021 11:00;0.912;10.298;1.094
18.01.2021 12:00;5.691;5.089;1.64
18.01.2021 13:00;1.586;8.619;1.458
18.01.2021 14:00;0.912;9.604;0.833
18.01.2021 15:00;0.912;10.287;0.729
18.01.2021 16:00;0.912;10.535;0.833
18.01.2021 17:00;1.586;9.603;1.458
18.01.2021 18:00;5.693;6.642;2.057
18.01.2021 19:00;7.042;7.424;2.083
18.01.2021 20:00;5.647;11.515;1.614
18.01.2021 21:00;9.65;0;1.172
18.01.2021 22:00;9.65;0;0.651
18.01.2021 23:00;8.976;0;0.495
19.01.2021 00:00;8.977;0;0.208
19.01.2021 01:00;8.977;0;0.104
19.01.2021 02:00;4.977;0;0.026
19.01.2021 03:00;2.576;0;0.026
19.01.2021 04:00;1.777;0;0.052
19.01.2021 05:00;1.651;0;0.99
19.01.2021 06:00;5.633;14.092;2.604
19.01.2021 07:00;1.586;19.534;2.109
19.01.2021 08:00;0.912;20.096;1.745
19.01.2021 09:00;0.912;18.35;1.328
19.01.2021 10:00;0.912;16.412;1.172
19.01.2021 11:00;0.912;14.934;1.094
19.01.2021 12:00;5.692;8.32;1.64
19.01.2021 13:00;1.586;11.461;1.458
19.01.2021 14:00;0.912;13.201;0.833
19.01.2021 15:00;0.912;13.829;0.729
19.01.2021 16:00;0.912;15.227;0.833
19.01.2021 17:00;1.586;14.671;1.458
19.01.2021 18:00;5.693;9.635;2.057
19.01.2021 19:00;7.042;8.152;2.083
19.01.2021 20:00;5.647;12.675;1.614
19.01.2021 21:00;9.651;0;1.172
19.01.2021 22:00;9.65;0;0.651
19.01.2021 23:00;8.976;0;0.495
20.01.2021 00:00;8.976;0;0.208
20.01.2021 01:00;8.976;0;0.104
20.01.2021 02:00;4.974;0;0.026
20.01.2021 03:00;2.575;0;0.026
20.01.2021 04:00;1.775;0;0.052
20.01.2021 05:00;1.651;0;0.99
20.01.2021 06:00;5.633;16.541;2.604
20.01.2021 07:00;1.586;18.897;2.109
20.01.2021 08:00;0.912;18.78;1.745
20.01.2021 09:00;0.912;16.959;1.328
20.01.2021 10:00;0.912;15.728;1.172
20.01.2021 11:00;0.912;14.393;1.094
20.01.2021 12:00;5.692;8.928;1.64
20.01.2021 13:00;1.586;12.056;1.458
20.01.2021 14:00;0.912;13.017;0.833
20.01.2021 15:00;0.912;12.802;0.729
20.01.2021 16:00;0.912;13.416;0.833
20.01.2021 17:00;1.586;13.375;1.458
20.01.2021 18:00;5.694;10.824;2.057
20.01.2021 19:00;7.043;9.119;2.083
20.01.2021 20:00;5.647;13.487;1.614
20.01.2021 21:00;9.65;0;1.172
20.01.2021 22:00;9.649;0;0.651
20.01.2021 23:00;8.974;0;0.495
21.01.2021 00:00;4.974;0;0.201
21.01.2021 01:00;4.974;0;0.223
21.01.2021 02:00;2.574;0;0.134
21.01.2021 03:00;1.775;0;0.045
21.01.2021 04:00;1.375;0;0.045
21.01.2021 05:00;1.65;0;0.268
21.01.2021 06:00;5.632;14.875;0.736
21.01.2021 07:00;1.586;18.603;1.249
21.01.2021 08:00;0.912;18.165;2.03
21.01.2021 09:00;0.912;16.743;2.008
21.01.2021 10:00;0.912;15.844;1.807
21.01.2021 11:00;4.912;14.823;1.941
21.01.2021 12:00;9.692;9.122;1.963
21.01.2021 13:00;5.586;12.245;1.562
21.01.2021 14:00;0.912;12.992;1.249
21.01.2021 15:00;0.912;12.815;0.982
21.01.2021 16:00;0.912;12.632;1.249
21.01.2021 17:00;1.586;11.453;1.606
21.01.2021 18:00;5.693;7.677;2.231
21.01.2021 19:00;7.041;6.348;1.762
21.01.2021 20:00;5.646;10.758;0.982
21.01.2021 21:00;5.648;0;0.959
21.01.2021 22:00;9.648;0;0.781
21.01.2021 23:00;4.973;0;0.469
22.01.2021 00:00;4.973;0;0.271
22.01.2021 01:00;4.973;0;0.197
22.01.2021 02:00;4.973;0;0.148
22.01.2021 03:00;4.973;0;0.049
22.01.2021 04:00;4.973;0;0.049
22.01.2021 05:00;1.648;0;0.148
22.01.2021 06:00;5.632;12.187;0.493
22.01.2021 07:00;1.586;15.36;1.01
22.01.2021 08:00;0.912;15.757;1.601
22.01.2021 09:00;0.912;14.968;2.119
22.01.2021 10:00;0.912;14.211;2.34
22.01.2021 11:00;4.912;13.445;2.463
22.01.2021 12:00;9.692;8.22;2.119
22.01.2021 13:00;5.586;11.429;1.823
22.01.2021 14:00;4.912;12.341;1.429
22.01.2021 15:00;4.912;12.072;1.256
22.01.2021 16:00;0.911;12.039;0.714
22.01.2021 17:00;1.586;9.322;1.355
22.01.2021 18:00;5.692;6.86;1.774
22.01.2021 19:00;7.041;5.557;1.921
22.01.2021 20:00;9.646;10.013;0.985
22.01.2021 21:00;9.648;0;0.911
22.01.2021 22:00;9.648;0;0.838
22.01.2021 23:00;8.973;0;0.468
23.01.2021 00:00;8.973;0;0.208
23.01.2021 01:00;8.973;0;0.104
23.01.2021 02:00;4.973;0;0.026
23.01.2021 03:00;2.573;0;0.026
23.01.2021 04:00;1.773;0;0.052
23.01.2021 05:00;1.648;0;0.99
23.01.2021 06:00;5.633;11.608;2.604
23.01.2021 07:00;1.586;14.799;2.109
23.01.2021 08:00;0.912;15.316;1.745
23.01.2021 09:00;0.912;14.709;1.328
23.01.2021 10:00;0.912;14.186;1.172
23.01.2021 11:00;0.912;13.75;1.094
23.01.2021 12:00;5.692;8.477;1.64
23.01.2021 13:00;1.586;11.665;1.458
23.01.2021 14:00;0.912;12.385;0.833
23.01.2021 15:00;0.912;12.106;0.729
23.01.2021 16:00;0.912;11.911;0.833
23.01.2021 17:00;1.586;10.526;1.458
23.01.2021 18:00;5.692;6.55;2.057
23.01.2021 19:00;7.041;5.147;2.083
23.01.2021 20:00;5.646;9.58;1.614
23.01.2021 21:00;9.648;0;1.172
23.01.2021 22:00;9.647;0;0.651
23.01.2021 23:00;8.973;0;0.495
24.01.2021 00:00;8.973;0;0.208
24.01.2021 01:00;8.973;0;0.104
24.01.2021 02:00;4.973;0;0.026
24.01.2021 03:00;2.573;0;0.026
24.01.2021 04:00;1.773;0;0.052
24.01.2021 05:00;1.647;0;0.99
24.01.2021 06:00;5.633;10.737;2.604
24.01.2021 07:00;1.586;14.013;2.109
24.01.2021 08:00;0.912;14.482;1.745
24.01.2021 09:00;0.912;13.632;1.328
24.01.2021 10:00;0.912;11.684;1.172
24.01.2021 11:00;0.912;10.882;1.094
24.01.2021 12:00;5.691;5.154;1.64
24.01.2021 13:00;1.586;8.632;1.458
24.01.2021 14:00;0.912;9.64;0.833
24.01.2021 15:00;0.912;9.49;0.729
24.01.2021 16:00;0.912;9.417;0.833
24.01.2021 17:00;1.586;8.317;1.458
24.01.2021 18:00;5.691;4.484;2.057
24.01.2021 19:00;7.04;3.391;2.083
24.01.2021 20:00;5.645;7.961;1.614
24.01.2021 21:00;9.646;0;1.172
24.01.2021 22:00;9.646;0;0.651
24.01.2021 23:00;8.972;0;0.495
25.01.2021 00:00;8.971;0;0.208
25.01.2021 01:00;8.971;0;0.104
25.01.2021 02:00;4.971;0;0.026
25.01.2021 03:00;2.573;0;0.026
25.01.2021 04:00;1.773;0;0.052
25.01.2021 05:00;1.647;0;0.99
25.01.2021 06:00;5.633;10.064;2.604
25.01.2021 07:00;1.586;13.328;2.109
25.01.2021 08:00;0.912;13.773;1.745
25.01.2021 09:00;0.912;11.933;1.328
25.01.2021 10:00;0.912;12.322;1.172
25.01.2021 11:00;0.912;10.661;1.094
25.01.2021 12:00;5.691;5.097;1.64
25.01.2021 13:00;1.586;8.515;1.458
25.01.2021 14:00;0.912;9.527;0.833
25.01.2021 15:00;0.912;9.339;0.729
25.01.2021 16:00;0.912;9.269;0.833
25.01.2021 17:00;1.586;8.123;1.458
25.01.2021 18:00;5.691;4.238;2.057
25.01.2021 19:00;7.04;3.095;2.083
25.01.2021 20:00;5.645;7.62;1.614
25.01.2021 21:00;9.646;0;1.172
25.01.2021 22:00;9.646;0;0.651
25.01.2021 23:00;8.971;0;0.495
26.01.2021 00:00;8.971;0;0.208
26.01.2021 01:00;8.971;0;0.104
26.01.2021 02:00;4.971;0;0.026
26.01.2021 03:00;2.571;0;0.026
26.01.2021 04:00;1.773;0;0.052
26.01.2021 05:00;1.648;0;0.99
26.01.2021 06:00;5.633;9.925;2.604
26.01.2021 07:00;1.586;13.299;2.109
26.01.2021 08:00;0.912;13.811;1.745
26.01.2021 09:00;0.912;13.149;1.328
26.01.2021 10:00;0.912;12.503;1.172
26.01.2021 11:00;0.912;11.908;1.094
26.01.2021 12:00;5.692;6.677;1.64
26.01.2021 13:00;1.586;10.147;1.458
26.01.2021 14:00;0.912;11.072;0.833
26.01.2021 15:00;0.912;10.947;0.729
26.01.2021 16:00;0.912;10.902;0.833
26.01.2021 17:00;1.586;9.664;1.458
26.01.2021 18:00;5.692;5.936;2.057
26.01.2021 19:00;7.041;4.709;2.083
26.01.2021 20:00;5.646;9.237;1.614
26.01.2021 21:00;9.648;0;1.172
26.01.2021 22:00;9.648;0;0.651
26.01.2021 23:00;8.973;0;0.495
27.01.2021 00:00;8.973;0;0.208
27.01.2021 01:00;8.973;0;0.104
27.01.2021 02:00;4.973;0;0.026
27.01.2021 03:00;2.573;0;0.026
27.01.2021 04:00;1.773;0;0.052
27.01.2021 05:00;1.648;0;0.99
27.01.2021 06:00;5.633;10.645;2.604
27.01.2021 07:00;1.586;13.928;2.109
27.01.2021 08:00;0.912;14.46;1.745
27.01.2021 09:00;0.912;13.793;1.328
27.01.2021 10:00;0.912;13.162;1.172
27.01.2021 11:00;0.912;12.628;1.094
27.01.2021 12:00;5.692;7.405;1.64
27.01.2021 13:00;1.586;10.844;1.458
27.01.2021 14:00;0.912;11.731;0.833
27.01.2021 15:00;0.912;11.523;0.729
27.01.2021 16:00;0.912;11.391;0.833
27.01.2021 17:00;1.586;10.09;1.458
27.01.2021 18:00;5.692;6.302;2.057
27.01.2021 19:00;7.041;5.025;2.083
27.01.2021 20:00;5.646;9.49;1.614
27.01.2021 21:00;9.648;0;1.172
27.01.2021 22:00;9.648;0;0.651
27.01.2021 23:00;8.973;0;0.495
28.01.2021 00:00;4.973;0;0.201
28.01.2021 01:00;4.973;0;0.223
28.01.2021 02:00;2.573;0;0.134
28.01.2021 03:00;1.773;0;0.045
28.01.2021 04:00;1.373;0;0.045
28.01.2021 05:00;1.647;0;0.268
28.01.2021 06:00;5.632;10.684;0.736
28.01.2021 07:00;1.586;13.974;1.249
28.01.2021 08:00;0.912;14.448;2.03
28.01.2021 09:00;0.912;13.848;2.008
28.01.2021 10:00;0.912;13.168;1.807
28.01.2021 11:00;4.912;12.607;1.941
28.01.2021 12:00;9.692;7.225;1.963
28.01.2021 13:00;5.586;10.643;1.562
28.01.2021 14:00;0.912;11.581;1.249
28.01.2021 15:00;0.912;11.356;0.982
28.01.2021 16:00;0.912;11.202;1.249
28.01.2021 17:00;1.586;9.919;1.606
28.01.2021 18:00;5.692;6.068;2.231
28.01.2021 19:00;7.041;4.807;1.762
28.01.2021 20:00;5.645;9.255;0.982
28.01.2021 21:00;5.646;0;0.959
28.01.2021 22:00;9.646;0;0.781
28.01.2021 23:00;4.973;0;0.469
29.01.2021 00:00;4.973;0;0.271
29.01.2021 01:00;4.973;0;0.197
29.01.2021 02:00;4.973;0;0.148
29.01.2021 03:00;4.973;0;0.049
29.01.2021 04:00;4.973;0;0.049
29.01.2021 05:00;1.647;0;0.148
29.01.2021 06:00;5.632;10.611;0.493
29.01.2021 07:00;1.586;13.908;1.01
29.01.2021 08:00;0.912;14.272;1.601
29.01.2021 09:00;0.912;13.409;2.119
29.01.2021 10:00;0.912;12.582;2.34
29.01.2021 11:00;4.912;11.92;2.463
29.01.2021 12:00;9.692;5.305;2.119
29.01.2021 13:00;5.586;8.7;1.823
29.01.2021 14:00;4.912;9.753;1.429
29.01.2021 15:00;4.912;9.644;1.256
29.01.2021 16:00;0.911;9.766;0.714
29.01.2021 17:00;1.586;8.863;1.355
29.01.2021 18:00;5.693;7.332;1.774
29.01.2021 19:00;7.041;5.788;1.921
29.01.2021 20:00;9.646;11.125;0.985
29.01.2021 21:00;9.65;0;0.911
29.01.2021 22:00;9.65;0;0.838
29.01.2021 23:00;8.975;0;0.468
30.01.2021 00:00;8.974;0;0.208
30.01.2021 01:00;8.973;0;0.104
30.01.2021 02:00;4.973;0;0.026
30.01.2021 03:00;2.573;0;0.026
30.01.2021 04:00;1.773;0;0.052
30.01.2021 05:00;1.647;0;0.99
30.01.2021 06:00;5.633;11.609;2.604
30.01.2021 07:00;1.586;14.854;2.109
30.01.2021 08:00;0.912;15.221;1.745
30.01.2021 09:00;0.912;14.505;1.328
30.01.2021 10:00;0.912;13.415;1.172
30.01.2021 11:00;0.912;11.27;1.094
30.01.2021 12:00;5.691;5.517;1.64
30.01.2021 13:00;1.586;8.904;1.458
30.01.2021 14:00;0.912;9.59;0.833
30.01.2021 15:00;0.912;9.414;0.729
30.01.2021 16:00;0.912;9.437;0.833
30.01.2021 17:00;1.586;8.187;1.458
30.01.2021 18:00;5.691;4.237;2.057
30.01.2021 19:00;7.04;3.066;2.083
30.01.2021 20:00;5.645;7.615;1.614
30.01.2021 21:00;9.646;0;1.172
30.01.2021 22:00;9.646;0;0.651
30.01.2021 23:00;8.971;0;0.495
31.01.2021 00:00;8.971;0;0.208
31.01.2021 01:00;8.971;0;0.104
31.01.2021 02:00;4.971;0;0.026
31.01.2021 03:00;2.571;0;0.026
31.01.2021 04:00;1.772;0;0.052
31.01.2021 05:00;1.646;0;0.99
31.01.2021 06:00;5.633;9.454;2.604
31.01.2021 07:00;1.586;13.592;2.109
31.01.2021 08:00;0.912;13.927;1.745
31.01.2021 09:00;0.912;12.547;1.328
31.01.2021 10:00;0.912;10.635;1.172
31.01.2021 11:00;0.912;9.548;1.094
31.01.2021 12:00;5.691;3.9;1.64
31.01.2021 13:00;1.586;7.092;1.458
31.01.2021 14:00;0.912;7.93;0.833
31.01.2021 15:00;0.912;7.791;0.729
31.01.2021 16:00;0.912;7.917;0.833
31.01.2021 17:00;1.586;6.802;1.458
31.01.2021 18:00;5.691;2.982;2.057
31.01.2021 19:00;7.04;1.87;2.083
31.01.2021 20:00;5.645;6.532;1.614
31.01.2021 21:00;9.646;0;1.172
31.01.2021 22:00;9.646;0;0.651
31.01.2021 23:00;8.971;0;0.495
01.02.2021 00:00;8.971;0;0.208
01.02.2021 01:00;8.971;0;0.104
01.02.2021 02:00;4.971;0;0.026
01.02.2021 03:00;2.571;0;0.026
01.02.2021 04:00;1.771;0;0.052
01.02.2021 05:00;1.646;0;0.99
01.02.2021 06:00;5.633;7.298;2.604
01.02.2021 07:00;1.586;10.808;2.109
01.02.2021 08:00;0.912;11.256;1.745
01.02.2021 09:00;0.912;10.684;1.328
01.02.2021 10:00;0.912;10.15;1.172
01.02.2021 11:00;0.912;9.658;1.094
01.02.2021 12:00;5.691;4.412;1.64
01.02.2021 13:00;1.586;7.865;1.458
01.02.2021 14:00;0.912;8.752;0.833
01.02.2021 15:00;0.912;8.583;0.729
01.02.2021 16:00;0.912;8.48;0.833
01.02.2021 17:00;1.586;7.272;1.458
01.02.2021 18:00;5.691;3.385;2.057
01.02.2021 19:00;7.04;2.129;2.083
01.02.2021 20:00;5.645;6.617;1.614
01.02.2021 21:00;9.646;0;1.172
01.02.2021 22:00;9.645;0;0.651
01.02.2021 23:00;8.971;0;0.495
02.02.2021 00:00;8.97;0;0.208
02.02.2021 01:00;8.97;0;0.104
02.02.2021 02:00;4.97;0;0.026
02.02.2021 03:00;2.57;0;0.026
02.02.2021 04:00;1.77;0;0.052
02.02.2021 05:00;1.645;0;0.99
02.02.2021 06:00;5.633;5.451;2.604
02.02.2021 07:00;1.586;8.805;2.109
02.02.2021 08:00;0.912;9.56;1.745
02.02.2021 09:00;0.912;9.16;1.328
02.02.2021 10:00;0.912;8.769;1.172
02.02.2021 11:00;0.912;8.274;1.094
02.02.2021 12:00;5.691;2.929;1.64
02.02.2021 13:00;1.586;6.431;1.458
02.02.2021 14:00;0.912;7.367;0.833
02.02.2021 15:00;0.912;7.103;0.729
02.02.2021 16:00;0.912;7.008;0.833
02.02.2021 17:00;1.586;5.948;1.458
02.02.2021 18:00;5.691;2.509;2.057
02.02.2021 19:00;7.04;1.049;2.083
02.02.2021 20:00;5.644;5.79;1.614
02.02.2021 21:00;9.645;0;1.172
02.02.2021 22:00;9.645;0;0.651
02.02.2021 23:00;8.971;0;0.495
03.02.2021 00:00;8.971;0;0.208
03.02.2021 01:00;8.971;0;0.104
03.02.2021 02:00;4.971;0;0.026
03.02.2021 03:00;2.571;0;0.026
03.02.2021 04:00;1.771;0;0.052
03.02.2021 05:00;1.646;0;0.99
03.02.2021 06:00;5.633;6.823;2.604
03.02.2021 07:00;1.586;10.089;2.109
03.02.2021 08:00;0.912;10.572;1.745
03.02.2021 09:00;0.912;9.655;1.328
03.02.2021 10:00;0.912;8.617;1.172
03.02.2021 11:00;0.912;8.059;1.094
03.02.2021 12:00;5.691;2.435;1.64
03.02.2021 13:00;1.586;6.322;1.458
03.02.2021 14:00;0.912;7.251;0.833
03.02.2021 15:00;0.912;6.838;0.729
03.02.2021 16:00;0.912;7.155;0.833
03.02.2021 17:00;1.586;5.958;1.458
03.02.2021 18:00;5.691;1.993;2.057
03.02.2021 19:00;7.04;0.78;2.083
03.02.2021 20:00;5.644;5.668;1.614
03.02.2021 21:00;9.645;0;1.172
03.02.2021 22:00;9.645;0;0.651
03.02.2021 23:00;8.97;0;0.495
04.02.2021 00:00;4.97;0;0.201
04.02.2021 01:00;4.97;0;0.223
04.02.2021 02:00;2.57;0;0.134
04.02.2021 03:00;1.77;0;0.045
04.02.2021 04:00;1.37;0;0.045
04.02.2021 05:00;1.645;0;0.268
04.02.2021 06:00;5.632;5.651;0.736
04.02.2021 07:00;1.586;9.057;1.249
04.02.2021 08:00;0.912;9.656;2.03
04.02.2021 09:00;0.912;9.046;2.008
04.02.2021 10:00;0.912;8.464;1.807
04.02.2021 11:00;4.912;7.707;1.941
04.02.2021 12:00;9.691;2.143;1.963
04.02.2021 13:00;5.586;5.737;1.562
04.02.2021 14:00;0.912;6.72;1.249
04.02.2021 15:00;0.912;6.664;0.982
04.02.2021 16:00;0.912;6.772;1.249
04.02.2021 17:00;1.586;5.604;1.606
04.02.2021 18:00;5.691;1.606;2.231
04.02.2021 19:00;7.039;0.402;1.762
04.02.2021 20:00;5.644;5.14;0.982
04.02.2021 21:00;5.645;0;0.959
04.02.2021 22:00;9.645;0;0.781
04.02.2021 23:00;4.97;0;0.469
05.02.2021 00:00;4.97;0;0.271
05.02.2021 01:00;4.97;0;0.197
05.02.2021 02:00;4.97;0;0.148
05.02.2021 03:00;4.97;0;0.049
05.02.2021 04:00;4.97;0;0.049
05.02.2021 05:00;1.644;0;0.148
05.02.2021 06:00;5.632;4.973;0.493
05.02.2021 07:00;1.586;8.772;1.01
05.02.2021 08:00;0.912;9.432;1.601
05.02.2021 09:00;0.912;8.666;2.119
05.02.2021 10:00;0.912;7.937;2.34
05.02.2021 11:00;4.912;7.126;2.463
05.02.2021 12:00;9.691;1.788;2.119
05.02.2021 13:00;5.586;5.384;1.823
05.02.2021 14:00;4.912;6.384;1.429
05.02.2021 15:00;4.912;5.97;1.256
05.02.2021 16:00;0.911;6.403;0.714
05.02.2021 17:00;1.586;5.93;1.355
05.02.2021 18:00;5.691;2.65;1.774
05.02.2021 19:00;7.04;1.757;1.921
05.02.2021 20:00;9.645;6.45;0.985
05.02.2021 21:00;9.646;0;0.911
05.02.2021 22:00;9.646;0;0.838
05.02.2021 23:00;8.971;0;0.468
06.02.2021 00:00;8.971;0;0.208
06.02.2021 01:00;8.971;0;0.104
06.02.2021 02:00;4.971;0;0.026
06.02.2021 03:00;2.571;0;0.026
06.02.2021 04:00;1.771;0;0.052
06.02.2021 05:00;1.646;0;0.99
06.02.2021 06:00;5.633;7.531;2.604
06.02.2021 07:00;1.586;10.756;2.109
06.02.2021 08:00;0.912;11.111;1.745
06.02.2021 09:00;0.912;10.151;1.328
06.02.2021 10:00;0.912;9.275;1.172
06.02.2021 11:00;0.912;8.617;1.094
06.02.2021 12:00;5.691;3.251;1.64
06.02.2021 13:00;1.586;6.993;1.458
06.02.2021 14:00;0.912;7.911;0.833
06.02.2021 15:00;0.912;7.595;0.729
06.02.2021 16:00;0.912;7.51;0.833
06.02.2021 17:00;1.586;6.376;1.458
06.02.2021 18:00;5.691;2.584;2.057
06.02.2021 19:00;7.04;1.301;2.083
06.02.2021 20:00;5.644;5.716;1.614
06.02.2021 21:00;9.645;0;1.172
06.02.2021 22:00;9.644;0;0.651
06.02.2021 23:00;8.97;0;0.495
07.02.2021 00:00;8.97;0;0.208
07.02.2021 01:00;8.97;0;0.104
07.02.2021 02:00;4.97;0;0.026
07.02.2021 03:00;2.57;0;0.026
07.02.2021 04:00;1.77;0;0.052
07.02.2021 05:00;1.645;0;0.99
07.02.2021 06:00;5.633;4.881;2.604
07.02.2021 07:00;1.586;8.845;2.109
07.02.2021 08:00;0.912;9.337;1.745
07.02.2021 09:00;0.912;8.7;1.328
07.02.2021 10:00;0.912;7.878;1.172
07.02.2021 11:00;0.912;7.206;1.094
07.02.2021 12:00;5.691;1.854;1.64
07.02.2021 13:00;1.586;5.387;1.458
07.02.2021 14:00;0.912;6.342;0.833
07.02.2021 15:00;0.912;6.4;0.729
07.02.2021 16:00;0.912;6.831;0.833
07.02.2021 17:00;1.586;6.299;1.458
07.02.2021 18:00;5.691;2.833;2.057
07.02.2021 19:00;7.04;1.858;2.083
07.02.2021 20:00;5.645;6.655;1.614
07.02.2021 21:00;9.646;0;1.172
07.02.2021 22:00;9.646;0;0.651
07.02.2021 23:00;8.972;0;0.495
08.02.2021 00:00;8.972;0;0.208
08.02.2021 01:00;8.972;0;0.104
08.02.2021 02:00;4.973;0;0.026
08.02.2021 03:00;2.573;0;0.026
08.02.2021 04:00;1.772;0;0.052
08.02.2021 05:00;1.647;0;0.99
08.02.2021 06:00;5.633;8.819;2.604
08.02.2021 07:00;1.586;12.361;2.109
08.02.2021 08:00;0.912;12.542;1.745
08.02.2021 09:00;0.912;11.083;1.328
08.02.2021 10:00;0.912;9.869;1.172
08.02.2021 11:00;0.912;8.602;1.094
08.02.2021 12:00;5.691;2.976;1.64
08.02.2021 13:00;1.586;6.249;1.458
08.02.2021 14:00;0.912;6.819;0.833
08.02.2021 15:00;0.912;6.877;0.729
08.02.2021 16:00;0.912;7.179;0.833
08.02.2021 17:00;1.586;6.79;1.458
08.02.2021 18:00;5.691;3.209;2.057
08.02.2021 19:00;7.04;2.232;2.083
08.02.2021 20:00;5.645;7.035;1.614
08.02.2021 21:00;9.646;0;1.172
08.02.2021 22:00;9.646;0;0.651
08.02.2021 23:00;8.971;0;0.495
09.02.2021 00:00;8.971;0;0.208
09.02.2021 01:00;8.971;0;0.104
09.02.2021 02:00;4.972;0;0.026
09.02.2021 03:00;2.571;0;0.026
09.02.2021 04:00;1.771;0;0.052
09.02.2021 05:00;1.647;0;0.99
09.02.2021 06:00;5.633;7.688;2.604
09.02.2021 07:00;1.586;11.898;2.109
09.02.2021 08:00;0.912;11.267;1.745
09.02.2021 09:00;0.912;10.762;1.328
09.02.2021 10:00;0.912;9.18;1.172
09.02.2021 11:00;0.912;7.566;1.094
09.02.2021 12:00;5.69;1.753;1.64
09.02.2021 13:00;1.586;5.452;1.458
09.02.2021 14:00;0.912;6.36;0.833
09.02.2021 15:00;0.912;5.438;0.729
09.02.2021 16:00;0.912;5.974;0.833
09.02.2021 17:00;1.586;5.411;1.458
09.02.2021 18:00;5.691;2.153;2.057
09.02.2021 19:00;7.04;1.294;2.083
09.02.2021 20:00;5.644;5.913;1.614
09.02.2021 21:00;9.645;0;1.172
09.02.2021 22:00;9.645;0;0.651
09.02.2021 23:00;8.971;0;0.495
10.02.2021 00:00;8.97;0;0.208
10.02.2021 01:00;8.971;0;0.104
10.02.2021 02:00;4.971;0;0.026
10.02.2021 03:00;2.571;0;0.026
10.02.2021 04:00;1.771;0;0.052
10.02.2021 05:00;1.646;0;0.99
10.02.2021 06:00;5.633;6.962;2.604
10.02.2021 07:00;1.586;10.365;2.109
10.02.2021 08:00;0.912;10.495;1.745
10.02.2021 09:00;0.912;8.89;1.328
10.02.2021 10:00;0.912;7.713;1.172
10.02.2021 11:00;0.912;6.978;1.094
10.02.2021 12:00;5.69;1.137;1.64
10.02.2021 13:00;1.586;4.714;1.458
10.02.2021 14:00;0.912;5.523;0.833
10.02.2021 15:00;0.912;5.532;0.729
10.02.2021 16:00;0.912;5.883;0.833
10.02.2021 17:00;1.586;5.051;1.458
10.02.2021 18:00;5.69;0.987;2.057
10.02.2021 19:00;6.971;0;2.083
10.02.2021 20:00;5.644;4.46;1.614
10.02.2021 21:00;9.644;0;1.172
10.02.2021 22:00;9.644;0;0.651
10.02.2021 23:00;8.969;0;0.495
11.02.2021 00:00;4.97;0;0.201
11.02.2021 01:00;4.969;0;0.223
11.02.2021 02:00;2.569;0;0.134
11.02.2021 03:00;1.769;0;0.045
11.02.2021 04:00;1.369;0;0.045
11.02.2021 05:00;1.644;0;0.268
11.02.2021 06:00;5.632;4.255;0.736
11.02.2021 07:00;1.586;8.087;1.249
11.02.2021 08:00;0.912;9.067;2.03
11.02.2021 09:00;0.912;8.548;2.008
11.02.2021 10:00;0.912;7.775;1.807
11.02.2021 11:00;4.912;7.135;1.941
11.02.2021 12:00;9.691;1.766;1.963
11.02.2021 13:00;5.586;5.345;1.562
11.02.2021 14:00;0.912;6.322;1.249
11.02.2021 15:00;0.912;6.263;0.982
11.02.2021 16:00;0.912;6.576;1.249
11.02.2021 17:00;1.586;5.95;1.606
11.02.2021 18:00;5.691;2.438;2.231
11.02.2021 19:00;7.04;1.485;1.762
11.02.2021 20:00;5.645;6.084;0.982
11.02.2021 21:00;5.646;0;0.959
11.02.2021 22:00;9.646;0;0.781
11.02.2021 23:00;4.971;0;0.469
12.02.2021 00:00;4.971;0;0.271
12.02.2021 01:00;4.973;0;0.197
12.02.2021 02:00;4.973;0;0.148
12.02.2021 03:00;4.973;0;0.049
12.02.2021 04:00;4.973;0;0.049
12.02.2021 05:00;1.647;0;0.148
12.02.2021 06:00;5.632;9.504;0.493
12.02.2021 07:00;1.586;12.98;1.01
12.02.2021 08:00;0.912;12.859;1.601
12.02.2021 09:00;0.912;10.874;2.119
12.02.2021 10:00;0.912;9.653;2.34
12.02.2021 11:00;4.912;8.69;2.463
12.02.2021 12:00;9.691;3.072;2.119
12.02.2021 13:00;5.586;6.306;1.823
12.02.2021 14:00;4.912;7.007;1.429
12.02.2021 15:00;4.912;6.823;1.256
12.02.2021 16:00;0.911;6.945;0.714
12.02.2021 17:00;1.586;6.425;1.355
12.02.2021 18:00;5.691;2.866;1.774
12.02.2021 19:00;7.04;1.995;1.921
12.02.2021 20:00;9.645;6.702;0.985
12.02.2021 21:00;9.646;0;0.911
12.02.2021 22:00;9.646;0;0.838
12.02.2021 23:00;8.971;0;0.468
13.02.2021 00:00;8.971;0;0.208
13.02.2021 01:00;8.971;0;0.104
13.02.2021 02:00;4.971;0;0.026
13.02.2021 03:00;2.571;0;0.026
13.02.2021 04:00;1.771;0;0.052
13.02.2021 05:00;1.646;0;0.99
13.02.2021 06:00;5.633;8.879;2.604
13.02.2021 07:00;1.586;11.809;2.109
13.02.2021 08:00;0.912;11.595;1.745
13.02.2021 09:00;0.912;10.06;1.328
13.02.2021 10:00;0.912;9.015;1.172
13.02.2021 11:00;0.912;7.827;1.094
13.02.2021 12:00;5.69;1.936;1.64
13.02.2021 13:00;1.586;5.245;1.458
13.02.2021 14:00;0.912;6.048;0.833
13.02.2021 15:00;0.912;5.82;0.729
13.02.2021 16:00;0.912;5.909;0.833
13.02.2021 17:00;1.586;5.619;1.458
13.02.2021 18:00;5.691;2.06;2.057
13.02.2021 19:00;7.04;1.104;2.083
13.02.2021 20:00;5.644;5.793;1.614
13.02.2021 21:00;9.645;0;1.172
13.02.2021 22:00;9.645;0;0.651
13.02.2021 23:00;8.971;0;0.495
14.02.2021 00:00;8.971;0;0.208
14.02.2021 01:00;8.971;0;0.104
14.02.2021 02:00;4.971;0;0.026
14.02.2021 03:00;2.571;0;0.026
14.02.2021 04:00;1.771;0;0.052
14.02.2021 05:00;1.645;0;0.99
14.02.2021 06:00;5.633;6.322;2.604
14.02.2021 07:00;1.586;9.331;2.109
14.02.2021 08:00;0.912;9.794;1.745
14.02.2021 09:00;0.912;9.449;1.328
14.02.2021 10:00;0.912;8.667;1.172
14.02.2021 11:00;0.912;7.951;1.094
14.02.2021 12:00;5.691;3.093;1.64
14.02.2021 13:00;1.586;6.52;1.458
14.02.2021 14:00;0.912;7.611;0.833
14.02.2021 15:00;0.912;7.725;0.729
14.02.2021 16:00;0.912;7.727;0.833
14.02.2021 17:00;1.586;6.482;1.458
14.02.2021 18:00;5.691;2.586;2.057
14.02.2021 19:00;7.04;1.39;2.083
14.02.2021 20:00;5.645;5.939;1.614
14.02.2021 21:00;9.645;0;1.172
14.02.2021 22:00;9.645;0;0.651
14.02.2021 23:00;8.971;0;0.495
15.02.2021 00:00;8.971;0;0.208
15.02.2021 01:00;8.97;0;0.104
15.02.2021 02:00;4.97;0;0.026
15.02.2021 03:00;2.57;0;0.026
15.02.2021 04:00;1.77;0;0.052
15.02.2021 05:00;1.645;0;0.99
15.02.2021 06:00;5.633;5.968;2.604
15.02.2021 07:00;1.586;9.312;2.109
15.02.2021 08:00;0.912;9.694;1.745
15.02.2021 09:00;0.912;9.078;1.328
15.02.2021 10:00;0.912;8.354;1.172
15.02.2021 11:00;0.912;7.87;1.094
15.02.2021 12:00;5.691;2.6;1.64
15.02.2021 13:00;1.586;6.038;1.458
15.02.2021 14:00;0.912;7.071;0.833
15.02.2021 15:00;0.912;6.915;0.729
15.02.2021 16:00;0.912;7.042;0.833
15.02.2021 17:00;1.586;6.576;1.458
15.02.2021 18:00;5.691;2.929;2.057
15.02.2021 19:00;7.04;1.773;2.083
15.02.2021 20:00;5.645;6.516;1.614
15.02.2021 21:00;9.646;0;1.172
15.02.2021 22:00;9.645;0;0.651
15.02.2021 23:00;8.971;0;0.495
16.02.2021 00:00;8.97;0;0.208
16.02.2021 01:00;8.97;0;0.104
16.02.2021 02:00;4.97;0;0.026
16.02.2021 03:00;2.57;0;0.026
16.02.2021 04:00;1.77;0;0.052
16.02.2021 05:00;1.645;0;0.99
16.02.2021 06:00;5.633;5.349;2.604
16.02.2021 07:00;1.586;8.758;2.109
16.02.2021 08:00;0.912;9.534;1.745
16.02.2021 09:00;0.912;9.144;1.328
16.02.2021 10:00;0.912;8.774;1.172
16.02.2021 11:00;0.912;8.36;1.094
16.02.2021 12:00;5.691;3.016;1.64
16.02.2021 13:00;1.586;6.545;1.458
16.02.2021 14:00;0.912;7.337;0.833
16.02.2021 15:00;0.912;7.049;0.729
16.02.2021 16:00;0.912;6.794;0.833
16.02.2021 17:00;1.586;5.507;1.458
16.02.2021 18:00;5.691;1.439;2.057
16.02.2021 19:00;7.039;0.178;2.083
16.02.2021 20:00;5.644;4.606;1.614
16.02.2021 21:00;9.644;0;1.172
16.02.2021 22:00;9.644;0;0.651
16.02.2021 23:00;8.969;0;0.495
17.02.2021 00:00;8.969;0;0.208
17.02.2021 01:00;8.969;0;0.104
17.02.2021 02:00;4.969;0;0.026
17.02.2021 03:00;2.568;0;0.026
17.02.2021 04:00;1.768;0;0.052
17.02.2021 05:00;1.644;0;0.99
17.02.2021 06:00;5.633;2.974;2.604
17.02.2021 07:00;1.586;6.438;2.109
17.02.2021 08:00;0.912;7.113;1.745
17.02.2021 09:00;0.912;6.787;1.328
17.02.2021 10:00;0.912;6.368;1.172
17.02.2021 11:00;0.912;5.891;1.094
17.02.2021 12:00;5.69;0.304;1.64
17.02.2021 13:00;1.586;3.459;1.458
17.02.2021 14:00;0.912;4.699;0.833
17.02.2021 15:00;0.912;5.418;0.729
17.02.2021 16:00;0.912;4.578;0.833
17.02.2021 17:00;1.586;3.677;1.458
17.02.2021 18:00;5.69;0.498;2.057
17.02.2021 19:00;6.971;0;2.083
17.02.2021 20:00;5.644;4.198;1.614
17.02.2021 21:00;9.644;0;1.172
17.02.2021 22:00;9.643;0;0.651
17.02.2021 23:00;8.97;0;0.495
18.02.2021 00:00;4.97;0;0.201
18.02.2021 01:00;4.97;0;0.223
18.02.2021 02:00;2.57;0;0.134
18.02.2021 03:00;1.769;0;0.045
18.02.2021 04:00;1.369;0;0.045
18.02.2021 05:00;1.644;0;0.268
18.02.2021 06:00;5.632;3.474;0.736
18.02.2021 07:00;1.586;6.861;1.249
18.02.2021 08:00;0.912;7.267;2.03
18.02.2021 09:00;0.912;7.012;2.008
18.02.2021 10:00;0.912;6.524;1.807
18.02.2021 11:00;4.912;5.564;1.941
18.02.2021 12:00;9.622;0;1.963
18.02.2021 13:00;5.586;3.077;1.562
18.02.2021 14:00;0.912;3.908;1.249
18.02.2021 15:00;0.912;3.699;0.982
18.02.2021 16:00;0.912;3.688;1.249
18.02.2021 17:00;1.586;2.835;1.606
18.02.2021 18:00;5.622;0;2.231
18.02.2021 19:00;6.971;0;1.762
18.02.2021 20:00;5.644;3.104;0.982
18.02.2021 21:00;5.644;0;0.959
18.02.2021 22:00;9.644;0;0.781
18.02.2021 23:00;4.97;0;0.469
19.02.2021 00:00;4.97;0;0.271
19.02.2021 01:00;4.97;0;0.197
19.02.2021 02:00;4.97;0;0.148
19.02.2021 03:00;4.97;0;0.049
19.02.2021 04:00;4.97;0;0.049
19.02.2021 05:00;1.644;0;0.148
19.02.2021 06:00;5.632;4.103;0.493
19.02.2021 07:00;1.586;7.744;1.01
19.02.2021 08:00;0.912;8.179;1.601
19.02.2021 09:00;0.912;7.432;2.119
19.02.2021 10:00;0.912;6.757;2.34
19.02.2021 11:00;4.912;6.235;2.463
19.02.2021 12:00;9.691;0.933;2.119
19.02.2021 13:00;5.586;4.973;1.823
19.02.2021 14:00;4.912;6.107;1.429
19.02.2021 15:00;4.912;6.106;1.256
19.02.2021 16:00;0.911;5.69;0.714
19.02.2021 17:00;1.586;5.229;1.355
19.02.2021 18:00;5.691;1.712;1.774
19.02.2021 19:00;7.04;1.008;1.921
19.02.2021 20:00;9.644;5.767;0.985
19.02.2021 21:00;9.646;0;0.911
19.02.2021 22:00;9.645;0;0.838
19.02.2021 23:00;8.971;0;0.468
20.02.2021 00:00;8.97;0;0.208
20.02.2021 01:00;8.97;0;0.104
20.02.2021 02:00;4.97;0;0.026
20.02.2021 03:00;2.57;0;0.026
20.02.2021 04:00;1.77;0;0.052
20.02.2021 05:00;1.645;0;0.99
20.02.2021 06:00;5.633;4.885;2.604
20.02.2021 07:00;1.586;8.366;2.109
20.02.2021 08:00;0.912;8.961;1.745
20.02.2021 09:00;0.912;8.596;1.328
20.02.2021 10:00;0.912;7.862;1.172
20.02.2021 11:00;0.912;6.946;1.094
20.02.2021 12:00;5.69;1.407;1.64
20.02.2021 13:00;1.586;4.951;1.458
20.02.2021 14:00;0.912;6.359;0.833
20.02.2021 15:00;0.912;5.571;0.729
20.02.2021 16:00;0.912;6.164;0.833
20.02.2021 17:00;1.586;4.709;1.458
20.02.2021 18:00;5.69;0.834;2.057
20.02.2021 19:00;6.971;0;2.083
20.02.2021 20:00;5.644;4.142;1.614
20.02.2021 21:00;9.645;0;1.172
20.02.2021 22:00;9.644;0;0.651
20.02.2021 23:00;8.969;0;0.495
21.02.2021 00:00;8.969;0;0.208
21.02.2021 01:00;8.969;0;0.104
21.02.2021 02:00;4.969;0;0.026
21.02.2021 03:00;2.569;0;0.026
21.02.2021 04:00;1.769;0;0.052
21.02.2021 05:00;1.644;0;0.99
21.02.2021 06:00;5.633;3.525;2.604
21.02.2021 07:00;1.586;7.539;2.109
21.02.2021 08:00;0.912;8.198;1.745
21.02.2021 09:00;0.912;7.774;1.328
21.02.2021 10:00;0.912;7.392;1.172
21.02.2021 11:00;0.912;7.199;1.094
21.02.2021 12:00;5.691;1.982;1.64
21.02.2021 13:00;1.586;5.796;1.458
21.02.2021 14:00;0.912;6.79;0.833
21.02.2021 15:00;0.912;6.719;0.729
21.02.2021 16:00;0.912;6.791;0.833
21.02.2021 17:00;1.586;5.743;1.458
21.02.2021 18:00;5.691;1.838;2.057
21.02.2021 19:00;7.04;0.641;2.083
21.02.2021 20:00;5.645;5.214;1.614
21.02.2021 21:00;9.645;0;1.172
21.02.2021 22:00;9.645;0;0.651
21.02.2021 23:00;8.971;0;0.495
22.02.2021 00:00;8.97;0;0.208
22.02.2021 01:00;8.97;0;0.104
22.02.2021 02:00;4.97;0;0.026
22.02.2021 03:00;2.57;0;0.026
22.02.2021 04:00;1.77;0;0.052
22.02.2021 05:00;1.645;0;0.99
22.02.2021 06:00;5.633;5.053;2.604
22.02.2021 07:00;1.586;8.51;2.109
22.02.2021 08:00;0.912;9.011;1.745
22.02.2021 09:00;0.912;8.37;1.328
22.02.2021 10:00;0.912;7.735;1.172
22.02.2021 11:00;0.912;6.945;1.094
22.02.2021 12:00;5.69;1.476;1.64
22.02.2021 13:00;1.586;5.077;1.458
22.02.2021 14:00;0.912;6.545;0.833
22.02.2021 15:00;0.912;6.47;0.729
22.02.2021 16:00;0.912;5.993;0.833
22.02.2021 17:00;1.586;4.995;1.458
22.02.2021 18:00;5.691;1.139;2.057
22.02.2021 19:00;6.971;0;2.083
22.02.2021 20:00;5.644;4.639;1.614
22.02.2021 21:00;9.644;0;1.172
22.02.2021 22:00;9.644;0;0.651
22.02.2021 23:00;8.97;0;0.495
23.02.2021 00:00;8.97;0;0.208
23.02.2021 01:00;8.97;0;0.104
23.02.2021 02:00;4.97;0;0.026
23.02.2021 03:00;2.57;0;0.026
23.02.2021 04:00;1.77;0;0.052
23.02.2021 05:00;1.645;0;0.99
23.02.2021 06:00;5.633;4.376;2.604
23.02.2021 07:00;1.586;8.022;2.109
23.02.2021 08:00;0.912;8.462;1.745
23.02.2021 09:00;0.912;7.775;1.328
23.02.2021 10:00;0.912;6.854;1.172
23.02.2021 11:00;0.912;6.194;1.094
23.02.2021 12:00;5.69;0.879;1.64
23.02.2021 13:00;1.586;4.375;1.458
23.02.2021 14:00;0.912;5.235;0.833
23.02.2021 15:00;0.912;5.085;0.729
23.02.2021 16:00;0.912;5.413;0.833
23.02.2021 17:00;1.586;4.861;1.458
23.02.2021 18:00;5.691;1.551;2.057
23.02.2021 19:00;7.039;0.361;2.083
23.02.2021 20:00;5.644;5.353;1.614
23.02.2021 21:00;9.645;0;1.172
23.02.2021 22:00;9.645;0;0.651
23.02.2021 23:00;8.971;0;0.495
24.02.2021 00:00;8.971;0;0.208
24.02.2021 01:00;8.97;0;0.104
24.02.2021 02:00;4.971;0;0.026
24.02.2021 03:00;2.571;0;0.026
24.02.2021 04:00;1.77;0;0.052
24.02.2021 05:00;1.645;0;0.99
24.02.2021 06:00;5.633;6.108;2.604
24.02.2021 07:00;1.586;9.463;2.109
24.02.2021 08:00;0.912;9.605;1.745
24.02.2021 09:00;0.912;8.632;1.328
24.02.2021 10:00;0.912;8.14;1.172
24.02.2021 11:00;0.912;6.761;1.094
24.02.2021 12:00;5.69;1.909;1.64
24.02.2021 13:00;1.586;5.563;1.458
24.02.2021 14:00;0.912;6.302;0.833
24.02.2021 15:00;0.912;6.16;0.729
24.02.2021 16:00;0.912;6.223;0.833
24.02.2021 17:00;1.586;5.15;1.458
24.02.2021 18:00;5.691;1.21;2.057
24.02.2021 19:00;7.039;0.036;2.083
24.02.2021 20:00;5.644;4.739;1.614
24.02.2021 21:00;9.644;0;1.172
24.02.2021 22:00;9.644;0;0.651
24.02.2021 23:00;8.97;0;0.495
25.02.2021 00:00;4.97;0;0.201
25.02.2021 01:00;4.97;0;0.223
25.02.2021 02:00;2.57;0;0.134
25.02.2021 03:00;1.77;0;0.045
25.02.2021 04:00;1.371;0;0.045
25.02.2021 05:00;1.645;0;0.268
25.02.2021 06:00;5.632;5.797;0.736
25.02.2021 07:00;1.586;9.407;1.249
25.02.2021 08:00;0.912;9.543;2.03
25.02.2021 09:00;0.912;8.515;2.008
25.02.2021 10:00;0.912;7.891;1.807
25.02.2021 11:00;4.912;7.372;1.941
25.02.2021 12:00;9.691;1.911;1.963
25.02.2021 13:00;5.586;5.468;1.562
25.02.2021 14:00;0.912;6.412;1.249
25.02.2021 15:00;0.912;6.335;0.982
25.02.2021 16:00;0.912;6.423;1.249
25.02.2021 17:00;1.586;5.684;1.606
25.02.2021 18:00;5.691;2.233;2.231
25.02.2021 19:00;7.04;1.261;1.762
25.02.2021 20:00;5.644;5.865;0.982
25.02.2021 21:00;5.645;0;0.959
25.02.2021 22:00;9.645;0;0.781
25.02.2021 23:00;4.971;0;0.469
26.02.2021 00:00;4.971;0;0.271
26.02.2021 01:00;4.971;0;0.197
26.02.2021 02:00;4.971;0;0.148
26.02.2021 03:00;4.971;0;0.049
26.02.2021 04:00;4.971;0;0.049
26.02.2021 05:00;1.645;0;0.148
26.02.2021 06:00;5.632;6.599;0.493
26.02.2021 07:00;1.586;9.909;1.01
26.02.2021 08:00;0.912;10.326;1.601
26.02.2021 09:00;0.912;9.537;2.119
26.02.2021 10:00;0.912;8.736;2.34
26.02.2021 11:00;4.912;8.023;2.463
26.02.2021 12:00;9.691;2.422;2.119
26.02.2021 13:00;5.586;5.807;1.823
26.02.2021 14:00;4.912;6.708;1.429
26.02.2021 15:00;4.912;6.606;1.256
26.02.2021 16:00;0.911;6.704;0.714
26.02.2021 17:00;1.586;6.02;1.355
26.02.2021 18:00;5.691;2.456;1.774
26.02.2021 19:00;7.04;1.476;1.921
26.02.2021 20:00;9.644;6.132;0.985
26.02.2021 21:00;9.646;0;0.911
26.02.2021 22:00;9.646;0;0.838
26.02.2021 23:00;8.971;0;0.468
27.02.2021 00:00;8.971;0;0.208
27.02.2021 01:00;8.971;0;0.104
27.02.2021 02:00;4.971;0;0.026
27.02.2021 03:00;2.573;0;0.026
27.02.2021 04:00;1.773;0;0.052
27.02.2021 05:00;1.648;0;0.99
27.02.2021 06:00;5.633;9.766;2.604
27.02.2021 07:00;1.586;12.858;2.109
27.02.2021 08:00;0.912;12.798;1.745
27.02.2021 09:00;0.912;10.668;1.328
27.02.2021 10:00;0.912;9.798;1.172
27.02.2021 11:00;0.912;8.775;1.094
27.02.2021 12:00;5.691;3.147;1.64
27.02.2021 13:00;1.586;6.453;1.458
27.02.2021 14:00;0.912;7.218;0.833
27.02.2021 15:00;0.912;7.051;0.729
27.02.2021 16:00;0.912;7.015;0.833
27.02.2021 17:00;1.586;6.313;1.458
27.02.2021 18:00;5.691;2.948;2.057
27.02.2021 19:00;7.04;1.942;2.083
27.02.2021 20:00;5.645;6.736;1.614
27.02.2021 21:00;9.646;0;1.172
27.02.2021 22:00;9.646;0;0.651
27.02.2021 23:00;8.971;0;0.495
28.02.2021 00:00;8.971;0;0.208
28.02.2021 01:00;8.973;0;0.104
28.02.2021 02:00;4.973;0;0.026
28.02.2021 03:00;2.573;0;0.026
28.02.2021 04:00;1.773;0;0.052
28.02.2021 05:00;1.648;0;0.99
28.02.2021 06:00;5.633;10.399;2.604
28.02.2021 07:00;1.586;13.36;2.109
28.02.2021 08:00;0.912;12.224;1.745
28.02.2021 09:00;0.912;10.914;1.328
28.02.2021 10:00;0.912;9.664;1.172
28.02.2021 11:00;0.912;8.455;1.094
28.02.2021 12:00;5.691;2.65;1.64
28.02.2021 13:00;1.586;6.442;1.458
28.02.2021 14:00;0.912;7.248;0.833
28.02.2021 15:00;0.912;6.347;0.729
28.02.2021 16:00;0.912;6.204;0.833
28.02.2021 17:00;1.586;5.705;1.458
28.02.2021 18:00;5.691;2.621;2.057
28.02.2021 19:00;7.04;1.637;2.083
28.02.2021 20:00;5.645;6.401;1.614
28.02.2021 21:00;9.646;0;1.172
28.02.2021 22:00;9.645;0;0.651
28.02.2021 23:00;8.971;0;0.495
01.03.2021 00:00;8.971;0;0.208
01.03.2021 01:00;8.971;0;0.104
01.03.2021 02:00;4.97;0;0.026
01.03.2021 03:00;2.57;0;0.026
01.03.2021 04:00;1.771;0;0.052
01.03.2021 05:00;1.645;0;0.99
01.03.2021 06:00;5.633;6.333;2.604
01.03.2021 07:00;1.586;9.67;2.109
01.03.2021 08:00;0.912;10.199;1.745
01.03.2021 09:00;0.912;9.65;1.328
01.03.2021 10:00;0.912;9.001;1.172
01.03.2021 11:00;0.912;8.498;1.094
01.03.2021 12:00;5.691;3.006;1.64
01.03.2021 13:00;1.586;6.498;1.458
01.03.2021 14:00;0.912;7.346;0.833
01.03.2021 15:00;0.912;7.011;0.729
01.03.2021 16:00;0.912;6.809;0.833
01.03.2021 17:00;1.586;5.44;1.458
01.03.2021 18:00;5.69;1.331;2.057
01.03.2021 19:00;6.971;0;2.083
01.03.2021 20:00;5.644;4.251;1.614
01.03.2021 21:00;9.644;0;1.172
01.03.2021 22:00;9.644;0;0.651
01.03.2021 23:00;8.969;0;0.495
02.03.2021 00:00;8.969;0;0.208
02.03.2021 01:00;8.969;0;0.104
02.03.2021 02:00;4.969;0;0.026
02.03.2021 03:00;2.569;0;0.026
02.03.2021 04:00;1.769;0;0.052
02.03.2021 05:00;1.643;0;0.99
02.03.2021 06:00;5.633;2.653;2.604
02.03.2021 07:00;1.586;6.18;2.109
02.03.2021 08:00;0.912;7.081;1.745
02.03.2021 09:00;0.912;6.617;1.328
02.03.2021 10:00;0.912;6.877;1.172
02.03.2021 11:00;0.912;6.001;1.094
02.03.2021 12:00;5.69;0.903;1.64
02.03.2021 13:00;1.586;4.395;1.458
02.03.2021 14:00;0.912;5.453;0.833
02.03.2021 15:00;0.912;5.896;0.729
02.03.2021 16:00;0.912;5.373;0.833
02.03.2021 17:00;1.586;4.653;1.458
02.03.2021 18:00;5.691;1.041;2.057
02.03.2021 19:00;6.971;0;2.083
02.03.2021 20:00;5.644;4.67;1.614
02.03.2021 21:00;9.645;0;1.172
02.03.2021 22:00;9.645;0;0.651
02.03.2021 23:00;8.97;0;0.495
03.03.2021 00:00;8.97;0;0.208
03.03.2021 01:00;8.971;0;0.104
03.03.2021 02:00;4.971;0;0.026
03.03.2021 03:00;2.571;0;0.026
03.03.2021 04:00;1.771;0;0.052
03.03.2021 05:00;1.646;0;0.99
03.03.2021 06:00;5.633;6.052;2.604
03.03.2021 07:00;1.586;9.187;2.109
03.03.2021 08:00;0.912;9.46;1.745
03.03.2021 09:00;0.912;8.091;1.328
03.03.2021 10:00;0.912;7.319;1.172
03.03.2021 11:00;0.912;6.712;1.094
03.03.2021 12:00;5.69;1.19;1.64
03.03.2021 13:00;1.586;5.292;1.458
03.03.2021 14:00;0.912;6.172;0.833
03.03.2021 15:00;0.912;5.9;0.729
03.03.2021 16:00;0.912;5.961;0.833
03.03.2021 17:00;1.586;4.521;1.458
03.03.2021 18:00;5.691;0.946;2.057
03.03.2021 19:00;6.971;0;2.083
03.03.2021 20:00;5.644;4.534;1.614
03.03.2021 21:00;9.644;0;1.172
03.03.2021 22:00;9.644;0;0.651
03.03.2021 23:00;8.97;0;0.495
04.03.2021 00:00;4.97;0;0.201
04.03.2021 01:00;4.97;0;0.223
04.03.2021 02:00;2.57;0;0.134
04.03.2021 03:00;1.77;0;0.045
04.03.2021 04:00;1.371;0;0.045
04.03.2021 05:00;1.645;0;0.268
04.03.2021 06:00;5.632;5.283;0.736
04.03.2021 07:00;1.586;8.745;1.249
04.03.2021 08:00;0.912;9.341;2.03
04.03.2021 09:00;0.912;8.887;2.008
04.03.2021 10:00;0.912;8.3;1.807
04.03.2021 11:00;4.912;7.697;1.941
04.03.2021 12:00;9.691;2.184;1.963
04.03.2021 13:00;5.586;6.014;1.562
04.03.2021 14:00;0.912;7.046;1.249
04.03.2021 15:00;0.912;7.093;0.982
04.03.2021 16:00;0.912;6.891;1.249
04.03.2021 17:00;1.586;6.166;1.606
04.03.2021 18:00;5.691;2.562;2.231
04.03.2021 19:00;7.04;1.513;1.762
04.03.2021 20:00;5.645;6.618;0.982
04.03.2021 21:00;5.646;0;0.959
04.03.2021 22:00;9.645;0;0.781
04.03.2021 23:00;4.971;0;0.469
05.03.2021 00:00;4.971;0;0.271
05.03.2021 01:00;4.971;0;0.197
05.03.2021 02:00;4.971;0;0.148
05.03.2021 03:00;4.971;0;0.049
05.03.2021 04:00;4.971;0;0.049
05.03.2021 05:00;1.646;0;0.148
05.03.2021 06:00;5.632;6.725;0.493
05.03.2021 07:00;1.586;9.987;1.01
05.03.2021 08:00;0.912;10.343;1.601
05.03.2021 09:00;0.912;9.567;2.119
05.03.2021 10:00;0.912;8.91;2.34
05.03.2021 11:00;4.912;8.268;2.463
05.03.2021 12:00;9.691;2.724;2.119
05.03.2021 13:00;5.586;6.191;1.823
05.03.2021 14:00;4.912;7.061;1.429
05.03.2021 15:00;4.912;6.798;1.256
05.03.2021 16:00;0.911;6.716;0.714
05.03.2021 17:00;1.586;5.993;1.355
05.03.2021 18:00;5.691;2.629;1.774
05.03.2021 19:00;7.04;1.616;1.921
05.03.2021 20:00;9.645;6.372;0.985
05.03.2021 21:00;9.646;0;0.911
05.03.2021 22:00;9.646;0;0.838
05.03.2021 23:00;8.971;0;0.468
06.03.2021 00:00;8.971;0;0.208
06.03.2021 01:00;8.971;0;0.104
06.03.2021 02:00;4.971;0;0.026
06.03.2021 03:00;2.571;0;0.026
06.03.2021 04:00;1.771;0;0.052
06.03.2021 05:00;1.647;0;0.99
06.03.2021 06:00;5.633;8.315;2.604
06.03.2021 07:00;1.586;11.168;2.109
06.03.2021 08:00;0.912;10.906;1.745
06.03.2021 09:00;0.912;10.004;1.328
06.03.2021 10:00;0.912;9.048;1.172
06.03.2021 11:00;0.912;8.133;1.094
06.03.2021 12:00;5.691;2.342;1.64
06.03.2021 13:00;1.586;5.641;1.458
06.03.2021 14:00;0.912;6.371;0.833
06.03.2021 15:00;0.912;6.092;0.729
06.03.2021 16:00;0.912;5.99;0.833
06.03.2021 17:00;1.586;5.371;1.458
06.03.2021 18:00;5.691;1.938;2.057
06.03.2021 19:00;7.04;1.117;2.083
06.03.2021 20:00;5.645;5.857;1.614
06.03.2021 21:00;9.645;0;1.172
06.03.2021 22:00;9.645;0;0.651
06.03.2021 23:00;8.971;0;0.495
07.03.2021 00:00;8.971;0;0.208
07.03.2021 01:00;8.971;0;0.104
07.03.2021 02:00;4.971;0;0.026
07.03.2021 03:00;2.572;0;0.026
07.03.2021 04:00;1.772;0;0.052
07.03.2021 05:00;1.647;0;0.99
07.03.2021 06:00;5.633;8.018;2.604
07.03.2021 07:00;1.586;11.002;2.109
07.03.2021 08:00;0.912;10.622;1.745
07.03.2021 09:00;0.912;9.366;1.328
07.03.2021 10:00;0.912;8.311;1.172
07.03.2021 11:00;0.912;7.379;1.094
07.03.2021 12:00;5.691;2.096;1.64
07.03.2021 13:00;1.586;5.221;1.458
07.03.2021 14:00;0.912;5.934;0.833
07.03.2021 15:00;0.912;5.852;0.729
07.03.2021 16:00;0.912;5.029;0.833
07.03.2021 17:00;1.586;4.403;1.458
07.03.2021 18:00;5.691;1.331;2.057
07.03.2021 19:00;7.039;0.418;2.083
07.03.2021 20:00;5.644;5.386;1.614
07.03.2021 21:00;9.645;0;1.172
07.03.2021 22:00;9.645;0;0.651
07.03.2021 23:00;8.971;0;0.495
08.03.2021 00:00;8.971;0;0.208
08.03.2021 01:00;8.971;0;0.104
08.03.2021 02:00;4.971;0;0.026
08.03.2021 03:00;2.571;0;0.026
08.03.2021 04:00;1.771;0;0.052
08.03.2021 05:00;1.646;0;0.99
08.03.2021 06:00;5.633;7.032;2.604
08.03.2021 07:00;1.586;10.175;2.109
08.03.2021 08:00;0.912;9.92;1.745
08.03.2021 09:00;0.912;8.274;1.328
08.03.2021 10:00;0.912;7.241;1.172
08.03.2021 11:00;0.912;6.82;1.094
08.03.2021 12:00;5.69;0.801;1.64
08.03.2021 13:00;1.586;4.203;1.458
08.03.2021 14:00;0.912;4.968;0.833
08.03.2021 15:00;0.912;4.636;0.729
08.03.2021 16:00;0.912;4.615;0.833
08.03.2021 17:00;1.586;4.46;1.458
08.03.2021 18:00;5.69;0.688;2.057
08.03.2021 19:00;7.039;0.425;2.083
08.03.2021 20:00;5.644;5.242;1.614
08.03.2021 21:00;9.644;0;1.172
08.03.2021 22:00;9.645;0;0.651
08.03.2021 23:00;8.971;0;0.495
09.03.2021 00:00;8.97;0;0.208
09.03.2021 01:00;8.97;0;0.104
09.03.2021 02:00;4.97;0;0.026
09.03.2021 03:00;2.57;0;0.026
09.03.2021 04:00;1.771;0;0.052
09.03.2021 05:00;1.645;0;0.99
09.03.2021 06:00;5.633;5.957;2.604
09.03.2021 07:00;1.586;8.789;2.109
09.03.2021 08:00;0.912;8.154;1.745
09.03.2021 09:00;0.912;7.526;1.328
09.03.2021 10:00;0.912;6.514;1.172
09.03.2021 11:00;0.912;5.54;1.094
09.03.2021 12:00;5.622;0;1.64
09.03.2021 13:00;1.586;3.274;1.458
09.03.2021 14:00;0.912;4.225;0.833
09.03.2021 15:00;0.912;3.978;0.729
09.03.2021 16:00;0.912;3.851;0.833
09.03.2021 17:00;1.586;3.468;1.458
09.03.2021 18:00;5.69;0.245;2.057
09.03.2021 19:00;7.039;0.11;2.083
09.03.2021 20:00;5.644;5.018;1.614
09.03.2021 21:00;9.645;0;1.172
09.03.2021 22:00;9.644;0;0.651
09.03.2021 23:00;8.97;0;0.495
10.03.2021 00:00;8.97;0;0.208
10.03.2021 01:00;8.97;0;0.104
10.03.2021 02:00;4.97;0;0.026
10.03.2021 03:00;2.571;0;0.026
10.03.2021 04:00;1.771;0;0.052
10.03.2021 05:00;1.646;0;0.99
10.03.2021 06:00;5.633;6.303;2.604
10.03.2021 07:00;1.586;9.042;2.109
10.03.2021 08:00;0.912;8.702;1.745
10.03.2021 09:00;0.912;7.517;1.328
10.03.2021 10:00;0.912;6.524;1.172
10.03.2021 11:00;0.912;5.591;1.094
10.03.2021 12:00;5.69;0.322;1.64
10.03.2021 13:00;1.586;3.886;1.458
10.03.2021 14:00;0.912;5.051;0.833
10.03.2021 15:00;0.912;4.819;0.729
10.03.2021 16:00;0.912;4.826;0.833
10.03.2021 17:00;1.586;4.203;1.458
10.03.2021 18:00;5.69;0.203;2.057
10.03.2021 19:00;6.971;0;2.083
10.03.2021 20:00;5.644;4.424;1.614
10.03.2021 21:00;9.644;0;1.172
10.03.2021 22:00;9.643;0;0.651
10.03.2021 23:00;8.969;0;0.495
11.03.2021 00:00;4.969;0;0.201
11.03.2021 01:00;4.969;0;0.223
11.03.2021 02:00;2.569;0;0.134
11.03.2021 03:00;1.769;0;0.045
11.03.2021 04:00;1.37;0;0.045
11.03.2021 05:00;1.645;0;0.268
11.03.2021 06:00;5.632;4.334;0.736
11.03.2021 07:00;1.586;7.616;1.249
11.03.2021 08:00;0.912;7.939;2.03
11.03.2021 09:00;0.912;7.011;2.008
11.03.2021 10:00;0.912;6.272;1.807
11.03.2021 11:00;4.912;5.565;1.941
11.03.2021 12:00;9.69;0.127;1.963
11.03.2021 13:00;5.586;3.753;1.562
11.03.2021 14:00;0.912;4.661;1.249
11.03.2021 15:00;0.912;4.509;0.982
11.03.2021 16:00;0.912;4.665;1.249
11.03.2021 17:00;1.586;4.054;1.606
11.03.2021 18:00;5.69;0.265;2.231
11.03.2021 19:00;7.039;0.061;1.762
11.03.2021 20:00;5.644;4.424;0.982
11.03.2021 21:00;5.644;0;0.959
11.03.2021 22:00;9.645;0;0.781
11.03.2021 23:00;4.97;0;0.469
12.03.2021 00:00;4.97;0;0.271
12.03.2021 01:00;4.97;0;0.197
12.03.2021 02:00;4.971;0;0.148
12.03.2021 03:00;4.971;0;0.049
12.03.2021 04:00;4.971;0;0.049
12.03.2021 05:00;1.645;0;0.148
12.03.2021 06:00;5.632;5.804;0.493
12.03.2021 07:00;1.586;8.948;1.01
12.03.2021 08:00;0.912;8.962;1.601
12.03.2021 09:00;0.912;7.837;2.119
12.03.2021 10:00;0.912;7.052;2.34
12.03.2021 11:00;4.912;6.819;2.463
12.03.2021 12:00;9.691;1.154;2.119
12.03.2021 13:00;5.586;4.747;1.823
12.03.2021 14:00;4.912;5.735;1.429
12.03.2021 15:00;4.912;5.558;1.256
12.03.2021 16:00;0.911;5.599;0.714
12.03.2021 17:00;1.586;4.39;1.355
12.03.2021 18:00;5.691;1.125;1.774
12.03.2021 19:00;7.04;0.229;1.921
12.03.2021 20:00;9.644;5.083;0.985
12.03.2021 21:00;9.645;0;0.911
12.03.2021 22:00;9.645;0;0.838
12.03.2021 23:00;8.971;0;0.468
13.03.2021 00:00;8.971;0;0.208
13.03.2021 01:00;8.971;0;0.104
13.03.2021 02:00;4.971;0;0.026
13.03.2021 03:00;2.571;0;0.026
13.03.2021 04:00;1.771;0;0.052
13.03.2021 05:00;1.646;0;0.99
13.03.2021 06:00;5.633;7.297;2.604
13.03.2021 07:00;1.586;10.358;2.109
13.03.2021 08:00;0.912;9.826;1.745
13.03.2021 09:00;0.912;8.689;1.328
13.03.2021 10:00;0.912;7.308;1.172
13.03.2021 11:00;0.912;7.142;1.094
13.03.2021 12:00;5.691;1.464;1.64
13.03.2021 13:00;1.586;4.835;1.458
13.03.2021 14:00;0.912;5.649;0.833
13.03.2021 15:00;0.912;5.53;0.729
13.03.2021 16:00;0.912;5.624;0.833
13.03.2021 17:00;1.586;5.175;1.458
13.03.2021 18:00;5.691;1.427;2.057
13.03.2021 19:00;7.04;0.707;2.083
13.03.2021 20:00;5.644;5.462;1.614
13.03.2021 21:00;9.645;0;1.172
13.03.2021 22:00;9.645;0;0.651
13.03.2021 23:00;8.971;0;0.495
14.03.2021 00:00;8.97;0;0.208
14.03.2021 01:00;8.97;0;0.104
14.03.2021 02:00;4.97;0;0.026
14.03.2021 03:00;2.57;0;0.026
14.03.2021 04:00;1.77;0;0.052
14.03.2021 05:00;1.645;0;0.99
14.03.2021 06:00;5.633;6.138;2.604
14.03.2021 07:00;1.586;9.324;2.109
14.03.2021 08:00;0.912;9.757;1.745
14.03.2021 09:00;0.912;8.978;1.328
14.03.2021 10:00;0.912;8.066;1.172
14.03.2021 11:00;0.912;7.499;1.094
14.03.2021 12:00;5.691;2.042;1.64
14.03.2021 13:00;1.586;5.514;1.458
14.03.2021 14:00;0.912;6.391;0.833
14.03.2021 15:00;0.912;6.069;0.729
14.03.2021 16:00;0.912;5.971;0.833
14.03.2021 17:00;1.586;5.409;1.458
14.03.2021 18:00;5.691;1.634;2.057
14.03.2021 19:00;7.04;0.645;2.083
14.03.2021 20:00;5.644;5.343;1.614
14.03.2021 21:00;9.645;0;1.172
14.03.2021 22:00;9.645;0;0.651
14.03.2021 23:00;8.971;0;0.495
15.03.2021 00:00;8.971;0;0.208
15.03.2021 01:00;8.971;0;0.104
15.03.2021 02:00;4.971;0;0.026
15.03.2021 03:00;2.571;0;0.026
15.03.2021 04:00;1.771;0;0.052
15.03.2021 05:00;1.646;0;0.99
15.03.2021 06:00;5.633;6.581;2.604
15.03.2021 07:00;1.586;9.762;2.109
15.03.2021 08:00;0.912;10.052;1.745
15.03.2021 09:00;0.912;9.154;1.328
15.03.2021 10:00;0.912;8.344;1.172
15.03.2021 11:00;0.912;7.62;1.094
15.03.2021 12:00;5.691;2.049;1.64
15.03.2021 13:00;1.586;5.53;1.458
15.03.2021 14:00;0.912;6.154;0.833
15.03.2021 15:00;0.912;5.816;0.729
15.03.2021 16:00;0.912;5.802;0.833
15.03.2021 17:00;1.586;5.021;1.458
15.03.2021 18:00;5.691;1.388;2.057
15.03.2021 19:00;7.04;0.369;2.083
15.03.2021 20:00;5.644;5.073;1.614
15.03.2021 21:00;9.645;0;1.172
15.03.2021 22:00;9.645;0;0.651
15.03.2021 23:00;8.97;0;0.495
16.03.2021 00:00;8.97;0;0.208
16.03.2021 01:00;8.97;0;0.104
16.03.2021 02:00;4.97;0;0.026
16.03.2021 03:00;2.57;0;0.026
16.03.2021 04:00;1.77;0;0.052
16.03.2021 05:00;1.645;0;0.99
16.03.2021 06:00;5.633;4.932;2.604
16.03.2021 07:00;1.586;8.443;2.109
16.03.2021 08:00;0.912;8.685;1.745
16.03.2021 09:00;0.912;7.282;1.328
16.03.2021 10:00;0.912;6.311;1.172
16.03.2021 11:00;0.912;5.568;1.094
16.03.2021 12:00;5.622;0;1.64
16.03.2021 13:00;1.586;3.631;1.458
16.03.2021 14:00;0.912;4.492;0.833
16.03.2021 15:00;0.912;4.343;0.729
16.03.2021 16:00;0.912;4.468;0.833
16.03.2021 17:00;1.586;3.759;1.458
16.03.2021 18:00;5.69;0.32;2.057
16.03.2021 19:00;6.971;0;2.083
16.03.2021 20:00;5.644;5.102;1.614
16.03.2021 21:00;9.645;0;1.172
16.03.2021 22:00;9.645;0;0.651
16.03.2021 23:00;8.97;0;0.495
17.03.2021 00:00;8.97;0;0.208
17.03.2021 01:00;8.97;0;0.104
17.03.2021 02:00;4.971;0;0.026
17.03.2021 03:00;2.571;0;0.026
17.03.2021 04:00;1.771;0;0.052
17.03.2021 05:00;1.645;0;0.99
17.03.2021 06:00;5.633;5.539;2.604
17.03.2021 07:00;1.586;8.7;2.109
17.03.2021 08:00;0.912;8.628;1.745
17.03.2021 09:00;0.912;7.229;1.328
17.03.2021 10:00;0.912;6.271;1.172
17.03.2021 11:00;0.912;5.149;1.094
17.03.2021 12:00;5.621;0;1.64
17.03.2021 13:00;1.586;2.757;1.458
17.03.2021 14:00;0.912;3.369;0.833
17.03.2021 15:00;0.912;3.188;0.729
17.03.2021 16:00;0.912;3.154;0.833
17.03.2021 17:00;1.586;2.677;1.458
17.03.2021 18:00;5.622;0;2.057
17.03.2021 19:00;6.971;0;2.083
17.03.2021 20:00;5.644;4.634;1.614
17.03.2021 21:00;9.644;0;1.172
17.03.2021 22:00;9.644;0;0.651
17.03.2021 23:00;8.97;0;0.495
18.03.2021 00:00;4.97;0;0.201
18.03.2021 01:00;4.97;0;0.223
18.03.2021 02:00;2.57;0;0.134
18.03.2021 03:00;1.771;0;0.045
18.03.2021 04:00;1.37;0;0.045
18.03.2021 05:00;1.645;0;0.268
18.03.2021 06:00;5.632;5.477;0.736
18.03.2021 07:00;1.586;8.06;1.249
18.03.2021 08:00;0.912;7.593;2.03
18.03.2021 09:00;0.912;5.962;2.008
18.03.2021 10:00;0.912;4.963;1.807
18.03.2021 11:00;4.912;4.33;1.941
18.03.2021 12:00;9.621;0;1.963
18.03.2021 13:00;5.586;2.063;1.562
18.03.2021 14:00;0.912;3.074;1.249
18.03.2021 15:00;0.912;2.765;0.982
18.03.2021 16:00;0.912;2.892;1.249
18.03.2021 17:00;1.586;2.403;1.606
18.03.2021 18:00;5.622;0;2.231
18.03.2021 19:00;6.971;0;1.762
18.03.2021 20:00;5.644;3.73;0.982
18.03.2021 21:00;5.644;0;0.959
18.03.2021 22:00;9.643;0;0.781
18.03.2021 23:00;4.97;0;0.469
19.03.2021 00:00;4.97;0;0.271
19.03.2021 01:00;4.97;0;0.197
19.03.2021 02:00;4.97;0;0.148
19.03.2021 03:00;4.97;0;0.049
19.03.2021 04:00;4.97;0;0.049
19.03.2021 05:00;1.645;0;0.148
19.03.2021 06:00;5.632;4.68;0.493
19.03.2021 07:00;1.586;7.299;1.01
19.03.2021 08:00;0.912;6.607;1.601
19.03.2021 09:00;0.912;6.022;2.119
19.03.2021 10:00;0.912;5.222;2.34
19.03.2021 11:00;4.912;4.289;2.463
19.03.2021 12:00;9.621;0;2.119
19.03.2021 13:00;5.586;2.208;1.823
19.03.2021 14:00;4.912;3.154;1.429
19.03.2021 15:00;4.912;2.97;1.256
19.03.2021 16:00;0.911;3.101;0.714
19.03.2021 17:00;1.586;2.552;1.355
19.03.2021 18:00;5.622;0;1.774
19.03.2021 19:00;6.971;0;1.921
19.03.2021 20:00;9.644;3.268;0.985
19.03.2021 21:00;9.644;0;0.911
19.03.2021 22:00;9.644;0;0.838
19.03.2021 23:00;8.97;0;0.468
20.03.2021 00:00;8.97;0;0.208
20.03.2021 01:00;8.97;0;0.104
20.03.2021 02:00;4.97;0;0.026
20.03.2021 03:00;2.57;0;0.026
20.03.2021 04:00;1.77;0;0.052
20.03.2021 05:00;1.645;0;0.99
20.03.2021 06:00;5.633;4.087;2.604
20.03.2021 07:00;1.586;6.741;2.109
20.03.2021 08:00;0.912;6.929;1.745
20.03.2021 09:00;0.912;6.059;1.328
20.03.2021 10:00;0.912;5.775;1.172
20.03.2021 11:00;0.912;4.751;1.094
20.03.2021 12:00;5.622;0;1.64
20.03.2021 13:00;1.586;2.977;1.458
20.03.2021 14:00;0.912;3.824;0.833
20.03.2021 15:00;0.912;3.642;0.729
20.03.2021 16:00;0.912;3.649;0.833
20.03.2021 17:00;1.586;3.146;1.458
20.03.2021 18:00;5.69;0.083;2.057
20.03.2021 19:00;6.971;0;2.083
20.03.2021 20:00;5.644;3.403;1.614
20.03.2021 21:00;9.644;0;1.172
20.03.2021 22:00;9.644;0;0.651
20.03.2021 23:00;8.97;0;0.495
21.03.2021 00:00;8.969;0;0.208
21.03.2021 01:00;8.97;0;0.104
21.03.2021 02:00;4.969;0;0.026
21.03.2021 03:00;2.569;0;0.026
21.03.2021 04:00;1.769;0;0.052
21.03.2021 05:00;1.644;0;0.99
21.03.2021 06:00;5.633;2.743;2.604
21.03.2021 07:00;1.586;6.009;2.109
21.03.2021 08:00;0.912;6.726;1.745
21.03.2021 09:00;0.912;6.557;1.328
21.03.2021 10:00;0.912;6.027;1.172
21.03.2021 11:00;0.912;5.891;1.094
21.03.2021 12:00;5.69;0.901;1.64
21.03.2021 13:00;1.586;4.833;1.458
21.03.2021 14:00;0.912;5.486;0.833
21.03.2021 15:00;0.912;5.567;0.729
21.03.2021 16:00;0.912;5.746;0.833
21.03.2021 17:00;1.586;4.757;1.458
21.03.2021 18:00;5.691;1.007;2.057
21.03.2021 19:00;7.04;0.011;2.083
21.03.2021 20:00;5.644;4.686;1.614
21.03.2021 21:00;9.645;0;1.172
21.03.2021 22:00;9.645;0;0.651
21.03.2021 23:00;8.97;0;0.495
22.03.2021 00:00;8.97;0;0.208
22.03.2021 01:00;8.97;0;0.104
22.03.2021 02:00;4.97;0;0.026
22.03.2021 03:00;2.57;0;0.026
22.03.2021 04:00;1.77;0;0.052
22.03.2021 05:00;1.645;0;0.99
22.03.2021 06:00;5.633;4.921;2.604
22.03.2021 07:00;1.586;8.239;2.109
22.03.2021 08:00;0.912;9.005;1.745
22.03.2021 09:00;0.912;8.609;1.328
22.03.2021 10:00;0.912;8.223;1.172
22.03.2021 11:00;0.912;7.838;1.094
22.03.2021 12:00;5.691;2.265;1.64
22.03.2021 13:00;1.586;5.412;1.458
22.03.2021 14:00;0.912;6.196;0.833
22.03.2021 15:00;0.912;5.967;0.729
22.03.2021 16:00;0.912;5.818;0.833
22.03.2021 17:00;1.586;5.044;1.458
22.03.2021 18:00;5.691;1.305;2.057
22.03.2021 19:00;7.04;0.31;2.083
22.03.2021 20:00;5.644;5.226;1.614
22.03.2021 21:00;9.645;0;1.172
22.03.2021 22:00;9.645;0;0.651
22.03.2021 23:00;8.97;0;0.495
23.03.2021 00:00;8.97;0;0.208
23.03.2021 01:00;8.97;0;0.104
23.03.2021 02:00;4.97;0;0.026
23.03.2021 03:00;2.57;0;0.026
23.03.2021 04:00;1.771;0;0.052
23.03.2021 05:00;1.645;0;0.99
23.03.2021 06:00;5.633;6.208;2.604
23.03.2021 07:00;1.586;8.838;2.109
23.03.2021 08:00;0.912;8.819;1.745
23.03.2021 09:00;0.912;7.921;1.328
23.03.2021 10:00;0.912;7.098;1.172
23.03.2021 11:00;0.912;5.919;1.094
23.03.2021 12:00;5.69;0.2;1.64
23.03.2021 13:00;1.586;3.504;1.458
23.03.2021 14:00;0.912;4.206;0.833
23.03.2021 15:00;0.912;3.908;0.729
23.03.2021 16:00;0.912;3.818;0.833
23.03.2021 17:00;1.586;3.469;1.458
23.03.2021 18:00;5.69;0.318;2.057
23.03.2021 19:00;6.971;0;2.083
23.03.2021 20:00;5.644;4.577;1.614
23.03.2021 21:00;9.644;0;1.172
23.03.2021 22:00;9.644;0;0.651
23.03.2021 23:00;8.97;0;0.495
24.03.2021 00:00;8.97;0;0.208
24.03.2021 01:00;8.97;0;0.104
24.03.2021 02:00;4.97;0;0.026
24.03.2021 03:00;2.571;0;0.026
24.03.2021 04:00;1.771;0;0.052
24.03.2021 05:00;1.645;0;0.99
24.03.2021 06:00;5.633;5.509;2.604
24.03.2021 07:00;1.586;8.259;2.109
24.03.2021 08:00;0.912;7.973;1.745
24.03.2021 09:00;0.912;6.582;1.328
24.03.2021 10:00;0.912;5.734;1.172
24.03.2021 11:00;0.912;4.835;1.094
24.03.2021 12:00;5.622;0;1.64
24.03.2021 13:00;1.586;2.794;1.458
24.03.2021 14:00;0.912;3.714;0.833
24.03.2021 15:00;0.912;3.407;0.729
24.03.2021 16:00;0.912;3.533;0.833
24.03.2021 17:00;1.586;2.998;1.458
24.03.2021 18:00;5.622;0;2.057
24.03.2021 19:00;6.971;0;2.083
24.03.2021 20:00;5.644;3.562;1.614
24.03.2021 21:00;9.645;0;1.172
24.03.2021 22:00;9.644;0;0.651
24.03.2021 23:00;8.969;0;0.495
25.03.2021 00:00;4.97;0;0.201
25.03.2021 01:00;4.97;0;0.223
25.03.2021 02:00;2.569;0;0.134
25.03.2021 03:00;1.769;0;0.045
25.03.2021 04:00;1.37;0;0.045
25.03.2021 05:00;1.644;0;0.268
25.03.2021 06:00;5.632;3.702;0.736
25.03.2021 07:00;1.586;6.643;1.249
25.03.2021 08:00;0.912;7.387;2.03
25.03.2021 09:00;0.912;7.119;2.008
25.03.2021 10:00;0.912;6.855;1.807
25.03.2021 11:00;4.912;6.653;1.941
25.03.2021 12:00;9.691;1.539;1.963
25.03.2021 13:00;5.586;5.258;1.562
25.03.2021 14:00;0.912;6.749;1.249
25.03.2021 15:00;0.912;6.879;0.982
25.03.2021 16:00;0.912;6.649;1.249
25.03.2021 17:00;1.586;5.53;1.606
25.03.2021 18:00;5.691;1.815;2.231
25.03.2021 19:00;7.04;0.786;1.762
25.03.2021 20:00;5.644;5.561;0.982
25.03.2021 21:00;5.646;0;0.959
25.03.2021 22:00;9.645;0;0.781
25.03.2021 23:00;4.971;0;0.469
26.03.2021 00:00;4.971;0;0.271
26.03.2021 01:00;4.971;0;0.197
26.03.2021 02:00;4.971;0;0.148
26.03.2021 03:00;4.971;0;0.049
26.03.2021 04:00;4.971;0;0.049
26.03.2021 05:00;1.645;0;0.148
26.03.2021 06:00;5.632;5.393;0.493
26.03.2021 07:00;1.586;8.61;1.01
26.03.2021 08:00;0.912;9.165;1.601
26.03.2021 09:00;0.912;8.532;2.119
26.03.2021 10:00;0.912;8.018;2.34
26.03.2021 11:00;4.912;7.554;2.463
26.03.2021 12:00;9.691;2.269;2.119
26.03.2021 13:00;5.586;6.108;1.823
26.03.2021 14:00;4.912;6.785;1.429
26.03.2021 15:00;4.912;6.497;1.256
26.03.2021 16:00;0.911;6.832;0.714
26.03.2021 17:00;1.586;5.244;1.355
26.03.2021 18:00;5.691;1.416;1.774
26.03.2021 19:00;7.04;0.365;1.921
26.03.2021 20:00;9.644;4.98;0.985
26.03.2021 21:00;9.645;0;0.911
26.03.2021 22:00;9.645;0;0.838
26.03.2021 23:00;8.97;0;0.468
27.03.2021 00:00;8.97;0;0.208
27.03.2021 01:00;8.97;0;0.104
27.03.2021 02:00;4.97;0;0.026
27.03.2021 03:00;2.57;0;0.026
27.03.2021 04:00;1.77;0;0.052
27.03.2021 05:00;1.645;0;0.99
27.03.2021 06:00;5.633;4.625;2.604
27.03.2021 07:00;1.586;7.567;2.109
27.03.2021 08:00;0.912;7.81;1.745
27.03.2021 09:00;0.912;7.098;1.328
27.03.2021 10:00;0.912;6.927;1.172
27.03.2021 11:00;0.912;6.249;1.094
27.03.2021 12:00;5.69;0.973;1.64
27.03.2021 13:00;1.586;4.408;1.458
27.03.2021 14:00;0.912;5.386;0.833
27.03.2021 15:00;0.912;5.17;0.729
27.03.2021 16:00;0.912;5.383;0.833
27.03.2021 17:00;1.586;4.436;1.458
27.03.2021 18:00;5.69;0.626;2.057
27.03.2021 19:00;6.971;0;2.083
27.03.2021 20:00;5.644;4.73;1.614
27.03.2021 21:00;9.645;0;1.172
27.03.2021 22:00;9.645;0;0.651
27.03.2021 23:00;8.971;0;0.495
28.03.2021 00:00;8.971;0;0.208
28.03.2021 01:00;8.971;0;0.104
28.03.2021 02:00;4.971;0;0.026
28.03.2021 03:00;2.571;0;0.026
28.03.2021 04:00;1.771;0;0.052
28.03.2021 05:00;1.646;0;0.99
28.03.2021 06:00;5.633;6.464;2.604
28.03.2021 07:00;1.586;8.698;2.109
28.03.2021 08:00;0.912;8.446;1.745
28.03.2021 09:00;0.912;8.013;1.328
28.03.2021 10:00;0.912;7.043;1.172
28.03.2021 11:00;0.912;6.411;1.094
28.03.2021 12:00;5.69;0.831;1.64
28.03.2021 13:00;1.586;5.044;1.458
28.03.2021 14:00;0.912;5.604;0.833
28.03.2021 15:00;0.912;5.505;0.729
28.03.2021 16:00;0.912;6.179;0.833
28.03.2021 17:00;1.586;4.997;1.458
28.03.2021 18:00;5.69;0.766;2.057
28.03.2021 19:00;6.971;0;2.083
28.03.2021 20:00;5.644;4.321;1.614
28.03.2021 21:00;9.644;0;1.172
28.03.2021 22:00;9.644;0;0.651
28.03.2021 23:00;8.97;0;0.495
29.03.2021 00:00;8.969;0;0.208
29.03.2021 01:00;8.969;0;0.104
29.03.2021 02:00;4.97;0;0.026
29.03.2021 03:00;2.57;0;0.026
29.03.2021 04:00;1.77;0;0.052
29.03.2021 05:00;1.644;0;0.99
29.03.2021 06:00;5.633;3.032;2.604
29.03.2021 07:00;1.586;6.302;2.109
29.03.2021 08:00;0.912;6.747;1.745
29.03.2021 09:00;0.912;6.921;1.328
29.03.2021 10:00;0.912;6.604;1.172
29.03.2021 11:00;0.912;6.624;1.094
29.03.2021 12:00;5.69;1.525;1.64
29.03.2021 13:00;1.586;5.308;1.458
29.03.2021 14:00;0.912;6.362;0.833
29.03.2021 15:00;0.912;6.288;0.729
29.03.2021 16:00;0.912;5.98;0.833
29.03.2021 17:00;1.586;4.885;1.458
29.03.2021 18:00;5.691;0.919;2.057
29.03.2021 19:00;6.971;0;2.083
29.03.2021 20:00;5.644;4.338;1.614
29.03.2021 21:00;9.644;0;1.172
29.03.2021 22:00;9.644;0;0.651
29.03.2021 23:00;8.97;0;0.495
30.03.2021 00:00;8.969;0;0.208
30.03.2021 01:00;8.969;0;0.104
30.03.2021 02:00;4.969;0;0.026
30.03.2021 03:00;2.569;0;0.026
30.03.2021 04:00;1.769;0;0.052
30.03.2021 05:00;1.644;0;0.99
30.03.2021 06:00;5.633;3.225;2.604
30.03.2021 07:00;1.586;6.723;2.109
30.03.2021 08:00;0.912;7.473;1.745
30.03.2021 09:00;0.912;7.055;1.328
30.03.2021 10:00;0.912;6.616;1.172
30.03.2021 11:00;0.912;6.078;1.094
30.03.2021 12:00;5.69;0.472;1.64
30.03.2021 13:00;1.586;4.268;1.458
30.03.2021 14:00;0.912;5.312;0.833
30.03.2021 15:00;0.912;5.278;0.729
30.03.2021 16:00;0.912;5.152;0.833
30.03.2021 17:00;1.586;4.037;1.458
30.03.2021 18:00;5.69;0.151;2.057
30.03.2021 19:00;6.971;0;2.083
30.03.2021 20:00;5.644;3.937;1.614
30.03.2021 21:00;9.644;0;1.172
30.03.2021 22:00;9.644;0;0.651
30.03.2021 23:00;8.969;0;0.495
31.03.2021 00:00;8.969;0;0.208
31.03.2021 01:00;8.969;0;0.104
31.03.2021 02:00;4.969;0;0.026
31.03.2021 03:00;2.568;0;0.026
31.03.2021 04:00;1.769;0;0.052
31.03.2021 05:00;1.643;0;0.99
31.03.2021 06:00;5.633;1.777;2.604
31.03.2021 07:00;1.586;5.049;2.109
31.03.2021 08:00;0.912;5.708;1.745
31.03.2021 09:00;0.912;5.23;1.328
31.03.2021 10:00;0.912;5.125;1.172
31.03.2021 11:00;0.912;5.217;1.094
31.03.2021 12:00;5.622;0;1.64
31.03.2021 13:00;1.586;3.456;1.458
31.03.2021 14:00;0.912;4.192;0.833
31.03.2021 15:00;0.912;5.056;0.729
31.03.2021 16:00;0.912;5.034;0.833
31.03.2021 17:00;1.586;3.623;1.458
31.03.2021 18:00;5.69;0.347;2.057
31.03.2021 19:00;6.971;0;2.083
31.03.2021 20:00;5.644;3.878;1.614
31.03.2021 21:00;9.644;0;1.172
31.03.2021 22:00;9.644;0;0.651
31.03.2021 23:00;8.969;0;0.495
01.04.2021 00:00;4.969;0;0.201
01.04.2021 01:00;4.969;0;0.223
01.04.2021 02:00;2.569;0;0.134
01.04.2021 03:00;1.769;0;0.045
01.04.2021 04:00;1.369;0;0.045
01.04.2021 05:00;1.643;0;0.268
01.04.2021 06:00;5.632;2.348;0.736
01.04.2021 07:00;1.586;5.227;1.249
01.04.2021 08:00;0.912;5.944;2.03
01.04.2021 09:00;0.912;5.551;2.008
01.04.2021 10:00;0.912;4.635;1.807
01.04.2021 11:00;4.912;4.385;1.941
01.04.2021 12:00;9.622;0;1.963
01.04.2021 13:00;5.586;3.421;1.562
01.04.2021 14:00;0.912;4.122;1.249
01.04.2021 15:00;0.912;4.154;0.982
01.04.2021 16:00;0.912;4.283;1.249
01.04.2021 17:00;1.586;3.367;1.606
01.04.2021 18:00;5.622;0;2.231
01.04.2021 19:00;6.971;0;1.762
01.04.2021 20:00;5.644;3.591;0.982
01.04.2021 21:00;5.644;0;0.959
01.04.2021 22:00;9.645;0;0.781
01.04.2021 23:00;4.97;0;0.469
02.04.2021 00:00;4.97;0;0.271
02.04.2021 01:00;4.97;0;0.197
02.04.2021 02:00;4.97;0;0.148
02.04.2021 03:00;4.97;0;0.049
02.04.2021 04:00;4.97;0;0.049
02.04.2021 05:00;1.644;0;0.148
02.04.2021 06:00;5.632;3.483;0.493
02.04.2021 07:00;1.586;6.697;1.01
02.04.2021 08:00;0.912;7.282;1.601
02.04.2021 09:00;0.912;6.859;2.119
02.04.2021 10:00;0.912;6.162;2.34
02.04.2021 11:00;4.912;5.334;2.463
02.04.2021 12:00;9.69;0.065;2.119
02.04.2021 13:00;5.586;3.588;1.823
02.04.2021 14:00;4.912;4.606;1.429
02.04.2021 15:00;4.912;4.485;1.256
02.04.2021 16:00;0.911;4.499;0.714
02.04.2021 17:00;1.586;3.557;1.355
02.04.2021 18:00;5.69;0.092;1.774
02.04.2021 19:00;6.971;0;1.921
02.04.2021 20:00;9.644;3.864;0.985
02.04.2021 21:00;9.644;0;0.911
02.04.2021 22:00;9.644;0;0.838
02.04.2021 23:00;8.969;0;0.468
03.04.2021 00:00;8.969;0;0.208
03.04.2021 01:00;8.969;0;0.104
03.04.2021 02:00;4.969;0;0.026
03.04.2021 03:00;2.569;0;0.026
03.04.2021 04:00;1.769;0;0.052
03.04.2021 05:00;1.644;0;0.99
03.04.2021 06:00;5.633;2.978;2.604
03.04.2021 07:00;1.586;5.686;2.109
03.04.2021 08:00;0.912;5.833;1.745
03.04.2021 09:00;0.912;5.1;1.328
03.04.2021 10:00;0.912;4.542;1.172
03.04.2021 11:00;0.912;3.748;1.094
03.04.2021 12:00;5.621;0;1.64
03.04.2021 13:00;1.586;1.631;1.458
03.04.2021 14:00;0.912;2.531;0.833
03.04.2021 15:00;0.912;2.274;0.729
03.04.2021 16:00;0.912;2.246;0.833
03.04.2021 17:00;1.586;1.541;1.458
03.04.2021 18:00;5.622;0;2.057
03.04.2021 19:00;6.971;0;2.083
03.04.2021 20:00;5.644;2.076;1.614
03.04.2021 21:00;9.643;0;1.172
03.04.2021 22:00;9.643;0;0.651
03.04.2021 23:00;8.969;0;0.495
04.04.2021 00:00;8.969;0;0.208
04.04.2021 01:00;8.97;0;0.104
04.04.2021 02:00;4.97;0;0.026
04.04.2021 03:00;2.569;0;0.026
04.04.2021 04:00;1.769;0;0.052
04.04.2021 05:00;1.644;0;0.99
04.04.2021 06:00;5.633;2.027;2.604
04.04.2021 07:00;1.586;4.767;2.109
04.04.2021 08:00;0.912;5.068;1.745
04.04.2021 09:00;0.912;4.596;1.328
04.04.2021 10:00;0.912;4.28;1.172
04.04.2021 11:00;0.912;3.274;1.094
04.04.2021 12:00;5.621;0;1.64
04.04.2021 13:00;1.586;1.684;1.458
04.04.2021 14:00;0.912;2.538;0.833
04.04.2021 15:00;0.912;2.734;0.729
04.04.2021 16:00;0.912;2.432;0.833
04.04.2021 17:00;1.586;2.145;1.458
04.04.2021 18:00;5.622;0;2.057
04.04.2021 19:00;6.971;0;2.083
04.04.2021 20:00;5.644;2.741;1.614
04.04.2021 21:00;9.643;0;1.172
04.04.2021 22:00;9.643;0;0.651
04.04.2021 23:00;8.969;0;0.495
05.04.2021 00:00;8.969;0;0.208
05.04.2021 01:00;8.969;0;0.104
05.04.2021 02:00;4.969;0;0.026
05.04.2021 03:00;2.569;0;0.026
05.04.2021 04:00;1.769;0;0.052
05.04.2021 05:00;1.644;0;0.99
05.04.2021 06:00;5.633;2.341;2.604
05.04.2021 07:00;1.586;5.68;2.109
05.04.2021 08:00;0.912;6.102;1.745
05.04.2021 09:00;0.912;5.66;1.328
05.04.2021 10:00;0.912;5.045;1.172
05.04.2021 11:00;0.912;4.462;1.094
05.04.2021 12:00;5.622;0;1.64
05.04.2021 13:00;1.586;2.655;1.458
05.04.2021 14:00;0.912;3.608;0.833
05.04.2021 15:00;0.912;3.864;0.729
05.04.2021 16:00;0.912;3.545;0.833
05.04.2021 17:00;1.586;2.674;1.458
05.04.2021 18:00;5.622;0;2.057
05.04.2021 19:00;6.971;0;2.083
05.04.2021 20:00;5.644;3.209;1.614
05.04.2021 21:00;9.644;0;1.172
05.04.2021 22:00;9.644;0;0.651
05.04.2021 23:00;8.97;0;0.495
06.04.2021 00:00;8.97;0;0.208
06.04.2021 01:00;8.97;0;0.104
06.04.2021 02:00;4.97;0;0.026
06.04.2021 03:00;2.57;0;0.026
06.04.2021 04:00;1.77;0;0.052
06.04.2021 05:00;1.645;0;0.99
06.04.2021 06:00;5.633;3.76;2.604
06.04.2021 07:00;1.586;6.399;2.109
06.04.2021 08:00;0.912;7.309;1.745
06.04.2021 09:00;0.912;6.707;1.328
06.04.2021 10:00;0.912;5.945;1.172
06.04.2021 11:00;0.912;5.313;1.094
06.04.2021 12:00;5.69;0.044;1.64
06.04.2021 13:00;1.586;3.553;1.458
06.04.2021 14:00;0.912;4.395;0.833
06.04.2021 15:00;0.912;4.105;0.729
06.04.2021 16:00;0.912;4.028;0.833
06.04.2021 17:00;1.586;3.322;1.458
06.04.2021 18:00;5.69;0.093;2.057
06.04.2021 19:00;6.971;0;2.083
06.04.2021 20:00;5.644;4.225;1.614
06.04.2021 21:00;9.645;0;1.172
06.04.2021 22:00;9.645;0;0.651
06.04.2021 23:00;8.97;0;0.495
07.04.2021 00:00;8.97;0;0.208
07.04.2021 01:00;8.97;0;0.104
07.04.2021 02:00;4.97;0;0.026
07.04.2021 03:00;2.57;0;0.026
07.04.2021 04:00;1.77;0;0.052
07.04.2021 05:00;1.645;0;0.99
07.04.2021 06:00;5.633;4.227;2.604
07.04.2021 07:00;1.586;7.089;2.109
07.04.2021 08:00;0.912;7.486;1.745
07.04.2021 09:00;0.912;6.391;1.328
07.04.2021 10:00;0.912;5.463;1.172
07.04.2021 11:00;0.912;4.284;1.094
07.04.2021 12:00;5.621;0;1.64
07.04.2021 13:00;1.586;1.832;1.458
07.04.2021 14:00;0.912;2.519;0.833
07.04.2021 15:00;0.912;2.019;0.729
07.04.2021 16:00;0.912;1.851;0.833
07.04.2021 17:00;1.586;1.168;1.458
07.04.2021 18:00;5.621;0;2.057
07.04.2021 19:00;6.971;0;2.083
07.04.2021 20:00;5.644;3.125;1.614
07.04.2021 21:00;9.643;0;1.172
07.04.2021 22:00;9.643;0;0.651
07.04.2021 23:00;8.969;0;0.495
08.04.2021 00:00;4.969;0;0.201
08.04.2021 01:00;4.969;0;0.223
08.04.2021 02:00;2.569;0;0.134
08.04.2021 03:00;1.77;0;0.045
08.04.2021 04:00;1.37;0;0.045
08.04.2021 05:00;1.644;0;0.268
08.04.2021 06:00;5.632;2.644;0.736
08.04.2021 07:00;1.586;5.065;1.249
08.04.2021 08:00;0.912;5.206;2.03
08.04.2021 09:00;0.912;4.293;2.008
08.04.2021 10:00;0.912;3.499;1.807
08.04.2021 11:00;4.912;2.666;1.941
08.04.2021 12:00;9.621;0;1.963
08.04.2021 13:00;5.586;0.108;1.562
08.04.2021 14:00;0.912;0.987;1.249
08.04.2021 15:00;0.912;0.729;0.982
08.04.2021 16:00;0.912;0.608;1.249
08.04.2021 17:00;1.586;0.07;1.606
08.04.2021 18:00;5.621;0;2.231
08.04.2021 19:00;6.97;0;1.762
08.04.2021 20:00;5.644;2.346;0.982
08.04.2021 21:00;5.643;0;0.959
08.04.2021 22:00;9.643;0;0.781
08.04.2021 23:00;4.969;0;0.469
09.04.2021 00:00;4.969;0;0.271
09.04.2021 01:00;4.969;0;0.197
09.04.2021 02:00;4.969;0;0.148
09.04.2021 03:00;4.97;0;0.049
09.04.2021 04:00;4.97;0;0.049
09.04.2021 05:00;1.644;0;0.148
09.04.2021 06:00;5.632;1.867;0.493
09.04.2021 07:00;1.586;4.207;1.01
09.04.2021 08:00;0.912;3.366;1.601
09.04.2021 09:00;0.912;2.61;2.119
09.04.2021 10:00;0.912;1.941;2.34
09.04.2021 11:00;4.912;1.282;2.463
09.04.2021 12:00;9.621;0;2.119
09.04.2021 13:00;5.518;0;1.823
09.04.2021 14:00;4.844;0;1.429
09.04.2021 15:00;4.843;0;1.256
09.04.2021 16:00;0.843;0;0.714
09.04.2021 17:00;1.518;0;1.355
09.04.2021 18:00;5.621;0;1.774
09.04.2021 19:00;6.97;0;1.921
09.04.2021 20:00;9.643;0.614;0.985
09.04.2021 21:00;9.643;0;0.911
09.04.2021 22:00;9.643;0;0.838
09.04.2021 23:00;8.968;0;0.468
10.04.2021 00:00;8.969;0;0.208
10.04.2021 01:00;8.969;0;0.104
10.04.2021 02:00;4.969;0;0.026
10.04.2021 03:00;2.569;0;0.026
10.04.2021 04:00;1.769;0;0.052
10.04.2021 05:00;1.644;0;0.99
10.04.2021 06:00;5.565;0;2.604
10.04.2021 07:00;1.586;2.315;2.109
10.04.2021 08:00;0.912;2.483;1.745
10.04.2021 09:00;0.912;1.677;1.328
10.04.2021 10:00;0.912;1.258;1.172
10.04.2021 11:00;0.912;0.684;1.094
10.04.2021 12:00;5.62;0;1.64
10.04.2021 13:00;1.518;0;1.458
10.04.2021 14:00;0.843;0;0.833
10.04.2021 15:00;0.843;0;0.729
10.04.2021 16:00;0.843;0;0.833
10.04.2021 17:00;1.518;0;1.458
10.04.2021 18:00;5.621;0;2.057
10.04.2021 19:00;6.97;0;2.083
10.04.2021 20:00;5.644;0.95;1.614
10.04.2021 21:00;9.643;0;1.172
10.04.2021 22:00;9.643;0;0.651
10.04.2021 23:00;8.969;0;0.495
11.04.2021 00:00;8.968;0;0.208
11.04.2021 01:00;8.969;0;0.104
11.04.2021 02:00;4.969;0;0.026
11.04.2021 03:00;2.569;0;0.026
11.04.2021 04:00;1.769;0;0.052
11.04.2021 05:00;1.644;0;0.99
11.04.2021 06:00;5.633;0.32;2.604
11.04.2021 07:00;1.586;3.585;2.109
11.04.2021 08:00;0.912;4.82;1.745
11.04.2021 09:00;0.912;4.572;1.328
11.04.2021 10:00;0.912;3.89;1.172
11.04.2021 11:00;0.912;3.391;1.094
11.04.2021 12:00;5.621;0;1.64
11.04.2021 13:00;1.586;1.69;1.458
11.04.2021 14:00;0.912;2.409;0.833
11.04.2021 15:00;0.912;2.372;0.729
11.04.2021 16:00;0.912;2.42;0.833
11.04.2021 17:00;1.586;1.583;1.458
11.04.2021 18:00;5.622;0;2.057
11.04.2021 19:00;6.971;0;2.083
11.04.2021 20:00;5.644;2.78;1.614
11.04.2021 21:00;9.644;0;1.172
11.04.2021 22:00;9.644;0;0.651
11.04.2021 23:00;8.97;0;0.495
12.04.2021 00:00;8.97;0;0.208
12.04.2021 01:00;8.97;0;0.104
12.04.2021 02:00;4.97;0;0.026
12.04.2021 03:00;2.57;0;0.026
12.04.2021 04:00;1.77;0;0.052
12.04.2021 05:00;1.645;0;0.99
12.04.2021 06:00;5.633;2.99;2.604
12.04.2021 07:00;1.586;5.269;2.109
12.04.2021 08:00;0.912;5.142;1.745
12.04.2021 09:00;0.912;4.329;1.328
12.04.2021 10:00;0.912;3.755;1.172
12.04.2021 11:00;0.912;2.595;1.094
12.04.2021 12:00;5.621;0;1.64
12.04.2021 13:00;1.586;0.327;1.458
12.04.2021 14:00;0.912;1.174;0.833
12.04.2021 15:00;0.912;0.959;0.729
12.04.2021 16:00;0.912;0.983;0.833
12.04.2021 17:00;1.586;0.152;1.458
12.04.2021 18:00;5.621;0;2.057
12.04.2021 19:00;6.97;0;2.083
12.04.2021 20:00;5.643;1.527;1.614
12.04.2021 21:00;9.643;0;1.172
12.04.2021 22:00;9.643;0;0.651
12.04.2021 23:00;8.969;0;0.495
13.04.2021 00:00;8.969;0;0.208
13.04.2021 01:00;8.969;0;0.104
13.04.2021 02:00;4.969;0;0.026
13.04.2021 03:00;2.569;0;0.026
13.04.2021 04:00;1.769;0;0.052
13.04.2021 05:00;1.644;0;0.99
13.04.2021 06:00;5.633;1.776;2.604
13.04.2021 07:00;1.586;3.764;2.109
13.04.2021 08:00;0.912;4.078;1.745
13.04.2021 09:00;0.912;3.363;1.328
13.04.2021 10:00;0.912;2.661;1.172
13.04.2021 11:00;0.912;1.955;1.094
13.04.2021 12:00;5.621;0;1.64
13.04.2021 13:00;1.518;0;1.458
13.04.2021 14:00;0.912;0.862;0.833
13.04.2021 15:00;0.912;0.753;0.729
13.04.2021 16:00;0.912;0.836;0.833
13.04.2021 17:00;1.586;0.243;1.458
13.04.2021 18:00;5.621;0;2.057
13.04.2021 19:00;6.971;0;2.083
13.04.2021 20:00;5.643;1.506;1.614
13.04.2021 21:00;9.643;0;1.172
13.04.2021 22:00;9.644;0;0.651
13.04.2021 23:00;8.969;0;0.495
14.04.2021 00:00;8.969;0;0.208
14.04.2021 01:00;8.969;0;0.104
14.04.2021 02:00;4.969;0;0.026
14.04.2021 03:00;2.57;0;0.026
14.04.2021 04:00;1.77;0;0.052
14.04.2021 05:00;1.644;0;0.99
14.04.2021 06:00;5.633;1.794;2.604
14.04.2021 07:00;1.586;4.267;2.109
14.04.2021 08:00;0.912;4.62;1.745
14.04.2021 09:00;0.912;3.874;1.328
14.04.2021 10:00;0.912;3.381;1.172
14.04.2021 11:00;0.912;2.774;1.094
14.04.2021 12:00;5.621;0;1.64
14.04.2021 13:00;1.586;0.355;1.458
14.04.2021 14:00;0.912;1.467;0.833
14.04.2021 15:00;0.912;1.299;0.729
14.04.2021 16:00;0.912;1.292;0.833
14.04.2021 17:00;1.586;0.73;1.458
14.04.2021 18:00;5.622;0;2.057
14.04.2021 19:00;6.971;0;2.083
14.04.2021 20:00;5.643;1.291;1.614
14.04.2021 21:00;9.643;0;1.172
14.04.2021 22:00;9.643;0;0.651
14.04.2021 23:00;8.969;0;0.495
15.04.2021 00:00;4.969;0;0.201
15.04.2021 01:00;4.969;0;0.223
15.04.2021 02:00;2.569;0;0.134
15.04.2021 03:00;1.769;0;0.045
15.04.2021 04:00;1.369;0;0.045
15.04.2021 05:00;1.644;0;0.268
15.04.2021 06:00;5.632;1.402;0.736
15.04.2021 07:00;1.586;4.023;1.249
15.04.2021 08:00;0.912;4.666;2.03
15.04.2021 09:00;0.912;4.29;2.008
15.04.2021 10:00;0.912;3.904;1.807
15.04.2021 11:00;4.912;3.285;1.941
15.04.2021 12:00;9.622;0;1.963
15.04.2021 13:00;5.586;2.077;1.562
15.04.2021 14:00;0.912;3.079;1.249
15.04.2021 15:00;0.912;3.258;0.982
15.04.2021 16:00;0.912;3.554;1.249
15.04.2021 17:00;1.586;2.611;1.606
15.04.2021 18:00;5.622;0;2.231
15.04.2021 19:00;6.971;0;1.762
15.04.2021 20:00;5.644;2.787;0.982
15.04.2021 21:00;5.644;0;0.959
15.04.2021 22:00;9.644;0;0.781
15.04.2021 23:00;4.969;0;0.469
16.04.2021 00:00;4.969;0;0.271
16.04.2021 01:00;4.969;0;0.197
16.04.2021 02:00;4.969;0;0.148
16.04.2021 03:00;4.969;0;0.049
16.04.2021 04:00;4.969;0;0.049
16.04.2021 05:00;1.643;0;0.148
16.04.2021 06:00;5.632;2.205;0.493
16.04.2021 07:00;1.586;4.816;1.01
16.04.2021 08:00;0.912;5.462;1.601
16.04.2021 09:00;0.912;5.061;2.119
16.04.2021 10:00;0.912;4.972;2.34
16.04.2021 11:00;4.912;4.63;2.463
16.04.2021 12:00;9.622;0;2.119
16.04.2021 13:00;5.586;3.719;1.823
16.04.2021 14:00;4.912;4.5;1.429
16.04.2021 15:00;4.912;4.396;1.256
16.04.2021 16:00;0.911;4.441;0.714
16.04.2021 17:00;1.586;3.64;1.355
16.04.2021 18:00;5.69;0.204;1.774
16.04.2021 19:00;6.971;0;1.921
16.04.2021 20:00;9.644;3.607;0.985
16.04.2021 21:00;9.644;0;0.911
16.04.2021 22:00;9.644;0;0.838
16.04.2021 23:00;8.97;0;0.468
17.04.2021 00:00;8.969;0;0.208
17.04.2021 01:00;8.97;0;0.104
17.04.2021 02:00;4.97;0;0.026
17.04.2021 03:00;2.57;0;0.026
17.04.2021 04:00;1.77;0;0.052
17.04.2021 05:00;1.645;0;0.99
17.04.2021 06:00;5.633;3.502;2.604
17.04.2021 07:00;1.586;6.001;2.109
17.04.2021 08:00;0.912;6.451;1.745
17.04.2021 09:00;0.912;5.757;1.328
17.04.2021 10:00;0.912;5.028;1.172
17.04.2021 11:00;0.912;4.831;1.094
17.04.2021 12:00;5.622;0;1.64
17.04.2021 13:00;1.586;3.343;1.458
17.04.2021 14:00;0.912;4.375;0.833
17.04.2021 15:00;0.912;4.555;0.729
17.04.2021 16:00;0.912;4.335;0.833
17.04.2021 17:00;1.586;3.448;1.458
17.04.2021 18:00;5.622;0;2.057
17.04.2021 19:00;6.971;0;2.083
17.04.2021 20:00;5.644;3.458;1.614
17.04.2021 21:00;9.644;0;1.172
17.04.2021 22:00;9.644;0;0.651
17.04.2021 23:00;8.969;0;0.495
18.04.2021 00:00;8.97;0;0.208
18.04.2021 01:00;8.97;0;0.104
18.04.2021 02:00;4.97;0;0.026
18.04.2021 03:00;2.57;0;0.026
18.04.2021 04:00;1.77;0;0.052
18.04.2021 05:00;1.645;0;0.99
18.04.2021 06:00;5.633;3.65;2.604
18.04.2021 07:00;1.586;6.673;2.109
18.04.2021 08:00;0.912;7.639;1.745
18.04.2021 09:00;0.912;7.089;1.328
18.04.2021 10:00;0.912;6.755;1.172
18.04.2021 11:00;0.912;6.457;1.094
18.04.2021 12:00;5.691;0.757;1.64
18.04.2021 13:00;1.586;4.501;1.458
18.04.2021 14:00;0.912;5.738;0.833
18.04.2021 15:00;0.912;5.319;0.729
18.04.2021 16:00;0.912;5.352;0.833
18.04.2021 17:00;1.586;4.194;1.458
18.04.2021 18:00;5.691;1.08;2.057
18.04.2021 19:00;7.04;0.396;2.083
18.04.2021 20:00;5.645;5.284;1.614
18.04.2021 21:00;9.646;0;1.172
18.04.2021 22:00;9.645;0;0.651
18.04.2021 23:00;8.971;0;0.495
19.04.2021 00:00;8.971;0;0.208
19.04.2021 01:00;8.971;0;0.104
19.04.2021 02:00;4.971;0;0.026
19.04.2021 03:00;2.571;0;0.026
19.04.2021 04:00;1.771;0;0.052
19.04.2021 05:00;1.646;0;0.99
19.04.2021 06:00;5.633;5.77;2.604
19.04.2021 07:00;1.586;8.719;2.109
19.04.2021 08:00;0.912;9.174;1.745
19.04.2021 09:00;0.912;8.545;1.328
19.04.2021 10:00;0.912;8.237;1.172
19.04.2021 11:00;0.912;7.277;1.094
19.04.2021 12:00;5.691;1.916;1.64
19.04.2021 13:00;1.586;5.729;1.458
19.04.2021 14:00;0.912;6.707;0.833
19.04.2021 15:00;0.912;6.541;0.729
19.04.2021 16:00;0.912;6.429;0.833
19.04.2021 17:00;1.586;5.531;1.458
19.04.2021 18:00;5.691;2.202;2.057
19.04.2021 19:00;7.04;1.324;2.083
19.04.2021 20:00;5.645;6.061;1.614
19.04.2021 21:00;9.646;0;1.172
19.04.2021 22:00;9.646;0;0.651
19.04.2021 23:00;8.971;0;0.495
20.04.2021 00:00;8.971;0;0.208
20.04.2021 01:00;8.971;0;0.104
20.04.2021 02:00;4.971;0;0.026
20.04.2021 03:00;2.573;0;0.026
20.04.2021 04:00;1.773;0;0.052
20.04.2021 05:00;1.648;0;0.99
20.04.2021 06:00;5.633;7.186;2.604
20.04.2021 07:00;1.586;10.28;2.109
20.04.2021 08:00;0.912;10.534;1.745
20.04.2021 09:00;0.912;9.617;1.328
20.04.2021 10:00;0.912;8.663;1.172
20.04.2021 11:00;0.912;7.832;1.094
20.04.2021 12:00;5.691;2.621;1.64
20.04.2021 13:00;1.586;6.046;1.458
20.04.2021 14:00;0.912;6.814;0.833
20.04.2021 15:00;0.912;6.342;0.729
20.04.2021 16:00;0.912;5.512;0.833
20.04.2021 17:00;1.586;4.617;1.458
20.04.2021 18:00;5.691;1.457;2.057
20.04.2021 19:00;7.04;0.855;2.083
20.04.2021 20:00;5.645;5.665;1.614
20.04.2021 21:00;9.645;0;1.172
20.04.2021 22:00;9.645;0;0.651
20.04.2021 23:00;8.971;0;0.495
21.04.2021 00:00;8.971;0;0.208
21.04.2021 01:00;8.971;0;0.104
21.04.2021 02:00;4.971;0;0.026
21.04.2021 03:00;2.571;0;0.026
21.04.2021 04:00;1.771;0;0.052
21.04.2021 05:00;1.646;0;0.99
21.04.2021 06:00;5.633;6.389;2.604
21.04.2021 07:00;1.586;9.143;2.109
21.04.2021 08:00;0.912;9.108;1.745
21.04.2021 09:00;0.912;7.868;1.328
21.04.2021 10:00;0.912;7.391;1.172
21.04.2021 11:00;0.912;6.461;1.094
21.04.2021 12:00;5.69;0.552;1.64
21.04.2021 13:00;1.586;3.953;1.458
21.04.2021 14:00;0.912;4.546;0.833
21.04.2021 15:00;0.912;3.95;0.729
21.04.2021 16:00;0.912;3.794;0.833
21.04.2021 17:00;1.586;2.86;1.458
21.04.2021 18:00;5.69;0.361;2.057
21.04.2021 19:00;6.971;0;2.083
21.04.2021 20:00;5.644;4.502;1.614
21.04.2021 21:00;9.644;0;1.172
21.04.2021 22:00;9.644;0;0.651
21.04.2021 23:00;8.97;0;0.495
22.04.2021 00:00;4.97;0;0.201
22.04.2021 01:00;4.97;0;0.223
22.04.2021 02:00;2.57;0;0.134
22.04.2021 03:00;1.77;0;0.045
22.04.2021 04:00;1.37;0;0.045
22.04.2021 05:00;1.645;0;0.268
22.04.2021 06:00;5.632;4.81;0.736
22.04.2021 07:00;1.586;6.536;1.249
22.04.2021 08:00;0.912;6.289;2.03
22.04.2021 09:00;0.912;5.424;2.008
22.04.2021 10:00;0.912;4.749;1.807
22.04.2021 11:00;4.912;4.035;1.941
22.04.2021 12:00;9.621;0;1.963
22.04.2021 13:00;5.586;1.86;1.562
22.04.2021 14:00;0.912;2.744;1.249
22.04.2021 15:00;0.912;2.331;0.982
22.04.2021 16:00;0.912;2.61;1.249
22.04.2021 17:00;1.586;1.992;1.606
22.04.2021 18:00;5.622;0;2.231
22.04.2021 19:00;6.97;0;1.762
22.04.2021 20:00;5.643;2.661;0.982
22.04.2021 21:00;5.643;0;0.959
22.04.2021 22:00;9.643;0;0.781
22.04.2021 23:00;4.969;0;0.469
23.04.2021 00:00;4.969;0;0.271
23.04.2021 01:00;4.969;0;0.197
23.04.2021 02:00;4.969;0;0.148
23.04.2021 03:00;4.969;0;0.049
23.04.2021 04:00;4.97;0;0.049
23.04.2021 05:00;1.644;0;0.148
23.04.2021 06:00;5.632;2.5;0.493
23.04.2021 07:00;1.586;6.051;1.01
23.04.2021 08:00;0.912;6.509;1.601
23.04.2021 09:00;0.912;5.822;2.119
23.04.2021 10:00;0.912;4.916;2.34
23.04.2021 11:00;4.912;4.237;2.463
23.04.2021 12:00;9.622;0;2.119
23.04.2021 13:00;5.586;1.955;1.823
23.04.2021 14:00;4.912;2.772;1.429
23.04.2021 15:00;4.912;2.443;1.256
23.04.2021 16:00;0.911;2.361;0.714
23.04.2021 17:00;1.586;1.545;1.355
23.04.2021 18:00;5.622;0;1.774
23.04.2021 19:00;6.971;0;1.921
23.04.2021 20:00;9.644;3.335;0.985
23.04.2021 21:00;9.644;0;0.911
23.04.2021 22:00;9.644;0;0.838
23.04.2021 23:00;8.97;0;0.468
24.04.2021 00:00;8.97;0;0.208
24.04.2021 01:00;8.97;0;0.104
24.04.2021 02:00;4.97;0;0.026
24.04.2021 03:00;2.57;0;0.026
24.04.2021 04:00;1.77;0;0.052
24.04.2021 05:00;1.645;0;0.99
24.04.2021 06:00;5.633;3.578;2.604
24.04.2021 07:00;1.586;5.745;2.109
24.04.2021 08:00;0.912;5.886;1.745
24.04.2021 09:00;0.912;4.934;1.328
24.04.2021 10:00;0.912;4.39;1.172
24.04.2021 11:00;0.912;3.521;1.094
24.04.2021 12:00;5.621;0;1.64
24.04.2021 13:00;1.586;0.873;1.458
24.04.2021 14:00;0.912;1.553;0.833
24.04.2021 15:00;0.912;1.251;0.729
24.04.2021 16:00;0.912;0.993;0.833
24.04.2021 17:00;1.586;0.176;1.458
24.04.2021 18:00;5.621;0;2.057
24.04.2021 19:00;6.97;0;2.083
24.04.2021 20:00;5.643;0.966;1.614
24.04.2021 21:00;9.642;0;1.172
24.04.2021 22:00;9.642;0;0.651
24.04.2021 23:00;8.968;0;0.495
25.04.2021 00:00;8.968;0;0.208
25.04.2021 01:00;8.968;0;0.104
25.04.2021 02:00;4.968;0;0.026
25.04.2021 03:00;2.568;0;0.026
25.04.2021 04:00;1.768;0;0.052
25.04.2021 05:00;1.643;0;0.99
25.04.2021 06:00;5.565;0;2.604
25.04.2021 07:00;1.586;3.701;2.109
25.04.2021 08:00;0.912;4.179;1.745
25.04.2021 09:00;0.912;3.868;1.328
25.04.2021 10:00;0.912;4.016;1.172
25.04.2021 11:00;0.912;3.45;1.094
25.04.2021 12:00;5.622;0;1.64
25.04.2021 13:00;1.586;2.988;1.458
25.04.2021 14:00;0.912;4.923;0.833
25.04.2021 15:00;0.912;4.143;0.729
25.04.2021 16:00;0.912;4.158;0.833
25.04.2021 17:00;1.586;3.779;1.458
25.04.2021 18:00;5.622;0;2.057
25.04.2021 19:00;6.971;0;2.083
25.04.2021 20:00;5.644;3.223;1.614
25.04.2021 21:00;9.644;0;1.172
25.04.2021 22:00;9.644;0;0.651
25.04.2021 23:00;8.97;0;0.495
26.04.2021 00:00;8.969;0;0.208
26.04.2021 01:00;8.969;0;0.104
26.04.2021 02:00;4.969;0;0.026
26.04.2021 03:00;2.569;0;0.026
26.04.2021 04:00;1.769;0;0.052
26.04.2021 05:00;1.645;0;0.99
26.04.2021 06:00;5.633;2.762;2.604
26.04.2021 07:00;1.586;6.234;2.109
26.04.2021 08:00;0.912;6.928;1.745
26.04.2021 09:00;0.912;6.744;1.328
26.04.2021 10:00;0.912;6.153;1.172
26.04.2021 11:00;0.912;6.086;1.094
26.04.2021 12:00;5.691;0.896;1.64
26.04.2021 13:00;1.586;4.586;1.458
26.04.2021 14:00;0.912;5.623;0.833
26.04.2021 15:00;0.912;5.519;0.729
26.04.2021 16:00;0.912;5.631;0.833
26.04.2021 17:00;1.586;4.571;1.458
26.04.2021 18:00;5.691;0.845;2.057
26.04.2021 19:00;6.971;0;2.083
26.04.2021 20:00;5.644;4.575;1.614
26.04.2021 21:00;9.645;0;1.172
26.04.2021 22:00;9.645;0;0.651
26.04.2021 23:00;8.971;0;0.495
27.04.2021 00:00;8.971;0;0.208
27.04.2021 01:00;8.971;0;0.104
27.04.2021 02:00;4.971;0;0.026
27.04.2021 03:00;2.571;0;0.026
27.04.2021 04:00;1.771;0;0.052
27.04.2021 05:00;1.645;0;0.99
27.04.2021 06:00;5.633;4.925;2.604
27.04.2021 07:00;1.586;8.269;2.109
27.04.2021 08:00;0.912;9.068;1.745
27.04.2021 09:00;0.912;8.491;1.328
27.04.2021 10:00;0.912;8.044;1.172
27.04.2021 11:00;0.912;7.675;1.094
27.04.2021 12:00;5.691;2.33;1.64
27.04.2021 13:00;1.586;5.934;1.458
27.04.2021 14:00;0.912;7.074;0.833
27.04.2021 15:00;0.912;6.871;0.729
27.04.2021 16:00;0.912;6.62;0.833
27.04.2021 17:00;1.586;5.485;1.458
27.04.2021 18:00;5.691;1.935;2.057
27.04.2021 19:00;7.04;0.966;2.083
27.04.2021 20:00;5.645;5.78;1.614
27.04.2021 21:00;9.646;0;1.172
27.04.2021 22:00;9.645;0;0.651
27.04.2021 23:00;8.971;0;0.495
28.04.2021 00:00;8.971;0;0.208
28.04.2021 01:00;8.971;0;0.104
28.04.2021 02:00;4.971;0;0.026
28.04.2021 03:00;2.571;0;0.026
28.04.2021 04:00;1.771;0;0.052
28.04.2021 05:00;1.645;0;0.99
28.04.2021 06:00;5.633;5.553;2.604
28.04.2021 07:00;1.586;8.856;2.109
28.04.2021 08:00;0.912;9.198;1.745
28.04.2021 09:00;0.912;8.357;1.328
28.04.2021 10:00;0.912;7.429;1.172
28.04.2021 11:00;0.912;6.94;1.094
28.04.2021 12:00;5.691;1.28;1.64
28.04.2021 13:00;1.586;5.035;1.458
28.04.2021 14:00;0.912;6.409;0.833
28.04.2021 15:00;0.912;5.446;0.729
28.04.2021 16:00;0.912;5.359;0.833
28.04.2021 17:00;1.586;4.326;1.458
28.04.2021 18:00;5.691;0.945;2.057
28.04.2021 19:00;7.04;0.433;2.083
28.04.2021 20:00;5.644;5.252;1.614
28.04.2021 21:00;9.645;0;1.172
28.04.2021 22:00;9.645;0;0.651
28.04.2021 23:00;8.971;0;0.495
29.04.2021 00:00;4.971;0;0.201
29.04.2021 01:00;4.971;0;0.223
29.04.2021 02:00;2.571;0;0.134
29.04.2021 03:00;1.771;0;0.045
29.04.2021 04:00;1.371;0;0.045
29.04.2021 05:00;1.646;0;0.268
29.04.2021 06:00;5.632;6.261;0.736
29.04.2021 07:00;1.586;8.814;1.249
29.04.2021 08:00;0.912;9.098;2.03
29.04.2021 09:00;0.912;8.029;2.008
29.04.2021 10:00;0.912;7.151;1.807
29.04.2021 11:00;4.912;6.357;1.941
29.04.2021 12:00;9.69;0.614;1.963
29.04.2021 13:00;5.586;3.951;1.562
29.04.2021 14:00;0.912;4.539;1.249
29.04.2021 15:00;0.912;3.976;0.982
29.04.2021 16:00;0.912;3.731;1.249
29.04.2021 17:00;1.586;2.849;1.606
29.04.2021 18:00;5.622;0;2.231
29.04.2021 19:00;6.971;0;1.762
29.04.2021 20:00;5.644;4.184;0.982
29.04.2021 21:00;5.644;0;0.959
29.04.2021 22:00;9.644;0;0.781
29.04.2021 23:00;4.97;0;0.469
30.04.2021 00:00;4.97;0;0.271
30.04.2021 01:00;4.97;0;0.197
30.04.2021 02:00;4.97;0;0.148
30.04.2021 03:00;4.97;0;0.049
30.04.2021 04:00;4.97;0;0.049
30.04.2021 05:00;1.645;0;0.148
30.04.2021 06:00;5.632;3.492;0.493
30.04.2021 07:00;1.586;6.371;1.01
30.04.2021 08:00;0.912;6.433;1.601
30.04.2021 09:00;0.912;5.233;2.119
30.04.2021 10:00;0.912;4.564;2.34
30.04.2021 11:00;4.912;3.99;2.463
30.04.2021 12:00;9.621;0;2.119
30.04.2021 13:00;5.586;2.055;1.823
30.04.2021 14:00;4.912;2.769;1.429
30.04.2021 15:00;4.912;2.673;1.256
30.04.2021 16:00;0.911;2.393;0.714
30.04.2021 17:00;1.586;1.524;1.355
30.04.2021 18:00;5.621;0;1.774
30.04.2021 19:00;6.97;0;1.921
30.04.2021 20:00;9.643;1.836;0.985
30.04.2021 21:00;9.643;0;0.911
30.04.2021 22:00;9.643;0;0.838
30.04.2021 23:00;8.969;0;0.468
01.05.2021 00:00;8.969;0;0.208
01.05.2021 01:00;8.97;0;0.104
01.05.2021 02:00;4.97;0;0.026
01.05.2021 03:00;2.57;0;0.026
01.05.2021 04:00;1.77;0;0.052
01.05.2021 05:00;1.645;0;0.99
01.05.2021 06:00;5.633;3.525;2.604
01.05.2021 07:00;1.586;7.044;2.109
01.05.2021 08:00;0.912;7.811;1.745
01.05.2021 09:00;0.912;7.348;1.328
01.05.2021 10:00;0.912;6.763;1.172
01.05.2021 11:00;0.912;6.6;1.094
01.05.2021 12:00;5.691;0.649;1.64
01.05.2021 13:00;1.586;4.557;1.458
01.05.2021 14:00;0.912;5.31;0.833
01.05.2021 15:00;0.912;4.878;0.729
01.05.2021 16:00;0.912;4.922;0.833
01.05.2021 17:00;1.586;3.699;1.458
01.05.2021 18:00;5.622;0;2.057
01.05.2021 19:00;6.971;0;2.083
01.05.2021 20:00;5.644;3.71;1.614
01.05.2021 21:00;9.644;0;1.172
01.05.2021 22:00;9.644;0;0.651
01.05.2021 23:00;8.97;0;0.495
02.05.2021 00:00;8.97;0;0.208
02.05.2021 01:00;8.97;0;0.104
02.05.2021 02:00;4.97;0;0.026
02.05.2021 03:00;2.57;0;0.026
02.05.2021 04:00;1.77;0;0.052
02.05.2021 05:00;1.645;0;0.99
02.05.2021 06:00;5.633;3.834;2.604
02.05.2021 07:00;1.586;6.868;2.109
02.05.2021 08:00;0.912;7.426;1.745
02.05.2021 09:00;0.912;7.365;1.328
02.05.2021 10:00;0.912;6.512;1.172
02.05.2021 11:00;0.912;5.859;1.094
02.05.2021 12:00;5.69;0.225;1.64
02.05.2021 13:00;1.586;4.241;1.458
02.05.2021 14:00;0.912;5.331;0.833
02.05.2021 15:00;0.912;5.513;0.729
02.05.2021 16:00;0.912;5.361;0.833
02.05.2021 17:00;1.586;3.875;1.458
02.05.2021 18:00;5.69;0.245;2.057
02.05.2021 19:00;6.971;0;2.083
02.05.2021 20:00;5.644;4.156;1.614
02.05.2021 21:00;9.644;0;1.172
02.05.2021 22:00;9.644;0;0.651
02.05.2021 23:00;8.97;0;0.495
03.05.2021 00:00;8.97;0;0.208
03.05.2021 01:00;8.97;0;0.104
03.05.2021 02:00;4.97;0;0.026
03.05.2021 03:00;2.569;0;0.026
03.05.2021 04:00;1.769;0;0.052
03.05.2021 05:00;1.644;0;0.99
03.05.2021 06:00;5.633;2.682;2.604
03.05.2021 07:00;1.586;6.355;2.109
03.05.2021 08:00;0.912;6.257;1.745
03.05.2021 09:00;0.912;6.386;1.328
03.05.2021 10:00;0.912;5.765;1.172
03.05.2021 11:00;0.912;5.256;1.094
03.05.2021 12:00;5.622;0;1.64
03.05.2021 13:00;1.586;3.034;1.458
03.05.2021 14:00;0.912;4.136;0.833
03.05.2021 15:00;0.912;3.583;0.729
03.05.2021 16:00;0.912;3.723;0.833
03.05.2021 17:00;1.586;2.757;1.458
03.05.2021 18:00;5.622;0;2.057
03.05.2021 19:00;6.971;0;2.083
03.05.2021 20:00;5.644;3.777;1.614
03.05.2021 21:00;9.645;0;1.172
03.05.2021 22:00;9.644;0;0.651
03.05.2021 23:00;8.969;0;0.495
04.05.2021 00:00;8.969;0;0.208
04.05.2021 01:00;8.969;0;0.104
04.05.2021 02:00;4.969;0;0.026
04.05.2021 03:00;2.569;0;0.026
04.05.2021 04:00;1.769;0;0.052
04.05.2021 05:00;1.644;0;0.99
04.05.2021 06:00;5.633;3.062;2.604
04.05.2021 07:00;1.586;5.76;2.109
04.05.2021 08:00;0.912;6.547;1.745
04.05.2021 09:00;0.912;6.095;1.328
04.05.2021 10:00;0.912;5.923;1.172
04.05.2021 11:00;0.912;5.946;1.094
04.05.2021 12:00;5.691;0.653;1.64
04.05.2021 13:00;1.586;3.827;1.458
04.05.2021 14:00;0.912;4.356;0.833
04.05.2021 15:00;0.912;4.399;0.729
04.05.2021 16:00;0.912;4.582;0.833
04.05.2021 17:00;1.586;3.72;1.458
04.05.2021 18:00;5.622;0;2.057
04.05.2021 19:00;6.971;0;2.083
04.05.2021 20:00;5.644;3.665;1.614
04.05.2021 21:00;9.644;0;1.172
04.05.2021 22:00;9.644;0;0.651
04.05.2021 23:00;8.969;0;0.495
05.05.2021 00:00;8.969;0;0.208
05.05.2021 01:00;8.97;0;0.104
05.05.2021 02:00;4.97;0;0.026
05.05.2021 03:00;2.57;0;0.026
05.05.2021 04:00;1.77;0;0.052
05.05.2021 05:00;1.645;0;0.99
05.05.2021 06:00;5.633;3.419;2.604
05.05.2021 07:00;1.586;6.111;2.109
05.05.2021 08:00;0.912;6.083;1.745
05.05.2021 09:00;0.912;5.282;1.328
05.05.2021 10:00;0.912;4.546;1.172
05.05.2021 11:00;0.912;3.876;1.094
05.05.2021 12:00;5.621;0;1.64
05.05.2021 13:00;1.586;1.535;1.458
05.05.2021 14:00;0.912;2.3;0.833
05.05.2021 15:00;0.912;1.784;0.729
05.05.2021 16:00;0.912;1.611;0.833
05.05.2021 17:00;1.586;0.778;1.458
05.05.2021 18:00;5.621;0;2.057
05.05.2021 19:00;6.971;0;2.083
05.05.2021 20:00;5.644;1.89;1.614
05.05.2021 21:00;9.643;0;1.172
05.05.2021 22:00;9.643;0;0.651
05.05.2021 23:00;8.969;0;0.495
06.05.2021 00:00;4.968;0;0.201
06.05.2021 01:00;4.969;0;0.223
06.05.2021 02:00;2.569;0;0.134
06.05.2021 03:00;1.769;0;0.045
06.05.2021 04:00;1.369;0;0.045
06.05.2021 05:00;1.643;0;0.268
06.05.2021 06:00;5.632;1.009;0.736
06.05.2021 07:00;1.586;3.801;1.249
06.05.2021 08:00;0.912;4.471;2.03
06.05.2021 09:00;0.912;4.017;2.008
06.05.2021 10:00;0.912;3.949;1.807
06.05.2021 11:00;4.912;4.241;1.941
06.05.2021 12:00;9.622;0;1.963
06.05.2021 13:00;5.586;3.452;1.562
06.05.2021 14:00;0.912;4.606;1.249
06.05.2021 15:00;0.912;3.938;0.982
06.05.2021 16:00;0.912;4.639;1.249
06.05.2021 17:00;1.586;3.574;1.606
06.05.2021 18:00;5.622;0;2.231
06.05.2021 19:00;6.971;0;1.762
06.05.2021 20:00;5.644;3.446;0.982
06.05.2021 21:00;5.644;0;0.959
06.05.2021 22:00;9.644;0;0.781
06.05.2021 23:00;4.969;0;0.469
07.05.2021 00:00;4.969;0;0.271
07.05.2021 01:00;4.969;0;0.197
07.05.2021 02:00;4.969;0;0.148
07.05.2021 03:00;4.969;0;0.049
07.05.2021 04:00;4.969;0;0.049
07.05.2021 05:00;1.644;0;0.148
07.05.2021 06:00;5.632;2.066;0.493
07.05.2021 07:00;1.586;5.482;1.01
07.05.2021 08:00;0.912;6.066;1.601
07.05.2021 09:00;0.912;5.935;2.119
07.05.2021 10:00;0.912;5.465;2.34
07.05.2021 11:00;4.912;5.43;2.463
07.05.2021 12:00;9.69;0.227;2.119
07.05.2021 13:00;5.586;4.013;1.823
07.05.2021 14:00;4.912;5.018;1.429
07.05.2021 15:00;4.912;5.059;1.256
07.05.2021 16:00;0.911;5.147;0.714
07.05.2021 17:00;1.586;3.945;1.355
07.05.2021 18:00;5.69;0.059;1.774
07.05.2021 19:00;6.971;0;1.921
07.05.2021 20:00;9.644;3.661;0.985
07.05.2021 21:00;9.644;0;0.911
07.05.2021 22:00;9.644;0;0.838
07.05.2021 23:00;8.97;0;0.468
08.05.2021 00:00;8.969;0;0.208
08.05.2021 01:00;8.969;0;0.104
08.05.2021 02:00;4.969;0;0.026
08.05.2021 03:00;2.57;0;0.026
08.05.2021 04:00;1.77;0;0.052
08.05.2021 05:00;1.644;0;0.99
08.05.2021 06:00;5.633;2.688;2.604
08.05.2021 07:00;1.586;5.824;2.109
08.05.2021 08:00;0.912;6.287;1.745
08.05.2021 09:00;0.912;5.635;1.328
08.05.2021 10:00;0.912;5.223;1.172
08.05.2021 11:00;0.912;4.861;1.094
08.05.2021 12:00;5.622;0;1.64
08.05.2021 13:00;1.586;3.703;1.458
08.05.2021 14:00;0.912;4.322;0.833
08.05.2021 15:00;0.912;4.487;0.729
08.05.2021 16:00;0.912;4.614;0.833
08.05.2021 17:00;1.586;3.63;1.458
08.05.2021 18:00;5.691;0.084;2.057
08.05.2021 19:00;6.971;0;2.083
08.05.2021 20:00;5.644;3.114;1.614
08.05.2021 21:00;9.644;0;1.172
08.05.2021 22:00;9.644;0;0.651
08.05.2021 23:00;8.969;0;0.495
09.05.2021 00:00;8.969;0;0.208
09.05.2021 01:00;8.969;0;0.104
09.05.2021 02:00;4.969;0;0.026
09.05.2021 03:00;2.569;0;0.026
09.05.2021 04:00;1.769;0;0.052
09.05.2021 05:00;1.644;0;0.99
09.05.2021 06:00;5.633;2.207;2.604
09.05.2021 07:00;1.586;5.565;2.109
09.05.2021 08:00;0.912;6.133;1.745
09.05.2021 09:00;0.912;5.519;1.328
09.05.2021 10:00;0.912;4.947;1.172
09.05.2021 11:00;0.912;5.101;1.094
09.05.2021 12:00;5.622;0;1.64
09.05.2021 13:00;1.586;2.884;1.458
09.05.2021 14:00;0.912;3.647;0.833
09.05.2021 15:00;0.912;3.326;0.729
09.05.2021 16:00;0.912;3.088;0.833
09.05.2021 17:00;1.586;2.319;1.458
09.05.2021 18:00;5.622;0;2.057
09.05.2021 19:00;6.971;0;2.083
09.05.2021 20:00;5.644;2.986;1.614
09.05.2021 21:00;9.644;0;1.172
09.05.2021 22:00;9.644;0;0.651
09.05.2021 23:00;8.97;0;0.495
10.05.2021 00:00;8.97;0;0.208
10.05.2021 01:00;8.97;0;0.104
10.05.2021 02:00;4.97;0;0.026
10.05.2021 03:00;2.57;0;0.026
10.05.2021 04:00;1.77;0;0.052
10.05.2021 05:00;1.645;0;0.99
10.05.2021 06:00;5.633;2.589;2.604
10.05.2021 07:00;1.586;5.369;2.109
10.05.2021 08:00;0.912;5.433;1.745
10.05.2021 09:00;0.912;4.336;1.328
10.05.2021 10:00;0.912;3.305;1.172
10.05.2021 11:00;0.912;2.512;1.094
10.05.2021 12:00;5.621;0;1.64
10.05.2021 13:00;1.586;0.081;1.458
10.05.2021 14:00;0.912;0.989;0.833
10.05.2021 15:00;0.912;0.775;0.729
10.05.2021 16:00;0.912;0.678;0.833
10.05.2021 17:00;1.586;0.175;1.458
10.05.2021 18:00;5.621;0;2.057
10.05.2021 19:00;6.97;0;2.083
10.05.2021 20:00;5.643;0.941;1.614
10.05.2021 21:00;9.643;0;1.172
10.05.2021 22:00;9.643;0;0.651
10.05.2021 23:00;8.968;0;0.495
11.05.2021 00:00;8.969;0;0.208
11.05.2021 01:00;8.969;0;0.104
11.05.2021 02:00;4.969;0;0.026
11.05.2021 03:00;2.569;0;0.026
11.05.2021 04:00;1.768;0;0.052
11.05.2021 05:00;1.643;0;0.99
11.05.2021 06:00;5.565;0;2.604
11.05.2021 07:00;1.586;2.93;2.109
11.05.2021 08:00;0.912;3.542;1.745
11.05.2021 09:00;0.912;2.993;1.328
11.05.2021 10:00;0.912;2.43;1.172
11.05.2021 11:00;0.912;2.529;1.094
11.05.2021 12:00;5.621;0;1.64
11.05.2021 13:00;1.586;1.079;1.458
11.05.2021 14:00;0.912;1.972;0.833
11.05.2021 15:00;0.912;1.763;0.729
11.05.2021 16:00;0.912;2.028;0.833
11.05.2021 17:00;1.586;1.183;1.458
11.05.2021 18:00;5.622;0;2.057
11.05.2021 19:00;6.971;0;2.083
11.05.2021 20:00;5.644;1.91;1.614
11.05.2021 21:00;9.643;0;1.172
11.05.2021 22:00;9.643;0;0.651
11.05.2021 23:00;8.968;0;0.495
12.05.2021 00:00;8.969;0;0.208
12.05.2021 01:00;8.969;0;0.104
12.05.2021 02:00;4.969;0;0.026
12.05.2021 03:00;2.569;0;0.026
12.05.2021 04:00;1.769;0;0.052
12.05.2021 05:00;1.643;0;0.99
12.05.2021 06:00;5.565;0;2.604
12.05.2021 07:00;1.586;3.113;2.109
12.05.2021 08:00;0.912;3.142;1.745
12.05.2021 09:00;0.912;3.322;1.328
12.05.2021 10:00;0.912;2.897;1.172
12.05.2021 11:00;0.912;2.598;1.094
12.05.2021 12:00;5.621;0;1.64
12.05.2021 13:00;1.586;1.661;1.458
12.05.2021 14:00;0.912;2.594;0.833
12.05.2021 15:00;0.912;1.884;0.729
12.05.2021 16:00;0.912;2.421;0.833
12.05.2021 17:00;1.586;0.651;1.458
12.05.2021 18:00;5.622;0;2.057
12.05.2021 19:00;6.971;0;2.083
12.05.2021 20:00;5.644;1.94;1.614
12.05.2021 21:00;9.644;0;1.172
12.05.2021 22:00;9.643;0;0.651
12.05.2021 23:00;8.969;0;0.495
13.05.2021 00:00;4.969;0;0.201
13.05.2021 01:00;4.969;0;0.223
13.05.2021 02:00;2.569;0;0.134
13.05.2021 03:00;1.769;0;0.045
13.05.2021 04:00;1.369;0;0.045
13.05.2021 05:00;1.643;0;0.268
13.05.2021 06:00;5.632;0.205;0.736
13.05.2021 07:00;1.586;3.135;1.249
13.05.2021 08:00;0.912;3.162;2.03
13.05.2021 09:00;0.912;2.432;2.008
13.05.2021 10:00;0.912;1.862;1.807
13.05.2021 11:00;4.912;1.144;1.941
13.05.2021 12:00;9.621;0;1.963
13.05.2021 13:00;5.586;0.072;1.562
13.05.2021 14:00;0.912;0.905;1.249
13.05.2021 15:00;0.912;0.444;0.982
13.05.2021 16:00;0.912;0.836;1.249
13.05.2021 17:00;1.586;0.162;1.606
13.05.2021 18:00;5.621;0;2.231
13.05.2021 19:00;6.97;0;1.762
13.05.2021 20:00;5.643;0.709;0.982
13.05.2021 21:00;5.643;0;0.959
13.05.2021 22:00;9.643;0;0.781
13.05.2021 23:00;4.968;0;0.469
14.05.2021 00:00;4.968;0;0.271
14.05.2021 01:00;4.968;0;0.197
14.05.2021 02:00;4.968;0;0.148
14.05.2021 03:00;4.969;0;0.049
14.05.2021 04:00;4.968;0;0.049
14.05.2021 05:00;1.643;0;0.148
14.05.2021 06:00;5.564;0;0.493
14.05.2021 07:00;1.586;1.717;1.01
14.05.2021 08:00;0.912;2.367;1.601
14.05.2021 09:00;0.912;1.787;2.119
14.05.2021 10:00;0.912;1.317;2.34
14.05.2021 11:00;4.912;1.582;2.463
14.05.2021 12:00;9.621;0;2.119
14.05.2021 13:00;5.518;0;1.823
14.05.2021 14:00;4.912;0.18;1.429
14.05.2021 15:00;4.912;0.212;1.256
14.05.2021 16:00;0.911;0.267;0.714
14.05.2021 17:00;1.518;0;1.355
14.05.2021 18:00;5.621;0;1.774
14.05.2021 19:00;6.97;0;1.921
14.05.2021 20:00;9.643;0.204;0.985
14.05.2021 21:00;9.642;0;0.911
14.05.2021 22:00;9.642;0;0.838
14.05.2021 23:00;8.968;0;0.468
15.05.2021 00:00;8.965;0;0.208
15.05.2021 01:00;8.965;0;0.104
15.05.2021 02:00;4.965;0;0.026
15.05.2021 03:00;2.565;0;0.026
15.05.2021 04:00;1.765;0;0.052
15.05.2021 05:00;1.639;0;0.99
15.05.2021 06:00;5.565;0;2.604
15.05.2021 07:00;1.518;0;2.109
15.05.2021 08:00;0.844;0;1.745
15.05.2021 09:00;0.843;0;1.328
15.05.2021 10:00;0.843;0;1.172
15.05.2021 11:00;0.843;0;1.094
15.05.2021 12:00;5.62;0;1.64
15.05.2021 13:00;1.518;0;1.458
15.05.2021 14:00;0.843;0;0.833
15.05.2021 15:00;0.843;0;0.729
15.05.2021 16:00;0.843;0;0.833
15.05.2021 17:00;1.518;0;1.458
15.05.2021 18:00;5.62;0;2.057
15.05.2021 19:00;6.969;0;2.083
15.05.2021 20:00;5.574;0;1.614
15.05.2021 21:00;9.64;0;1.172
15.05.2021 22:00;9.639;0;0.651
15.05.2021 23:00;8.965;0;0.495
16.05.2021 00:00;8.965;0;0.208
16.05.2021 01:00;8.965;0;0.104
16.05.2021 02:00;4.965;0;0.026
16.05.2021 03:00;2.565;0;0.026
16.05.2021 04:00;1.765;0;0.052
16.05.2021 05:00;1.639;0;0.99
16.05.2021 06:00;5.565;0;2.604
16.05.2021 07:00;1.518;0;2.109
16.05.2021 08:00;0.844;0;1.745
16.05.2021 09:00;0.843;0;1.328
16.05.2021 10:00;0.843;0;1.172
16.05.2021 11:00;0.843;0;1.094
16.05.2021 12:00;5.62;0;1.64
16.05.2021 13:00;1.518;0;1.458
16.05.2021 14:00;0.843;0;0.833
16.05.2021 15:00;0.843;0;0.729
16.05.2021 16:00;0.843;0;0.833
16.05.2021 17:00;1.518;0;1.458
16.05.2021 18:00;5.62;0;2.057
16.05.2021 19:00;6.969;0;2.083
16.05.2021 20:00;5.574;0;1.614
16.05.2021 21:00;9.64;0;1.172
16.05.2021 22:00;9.639;0;0.651
16.05.2021 23:00;8.965;0;0.495
17.05.2021 00:00;8.965;0;0.208
17.05.2021 01:00;8.965;0;0.104
17.05.2021 02:00;4.965;0;0.026
17.05.2021 03:00;2.565;0;0.026
17.05.2021 04:00;1.765;0;0.052
17.05.2021 05:00;1.639;0;0.99
17.05.2021 06:00;5.565;0;2.604
17.05.2021 07:00;1.518;0;2.109
17.05.2021 08:00;0.844;0;1.745
17.05.2021 09:00;0.843;0;1.328
17.05.2021 10:00;0.843;0;1.172
17.05.2021 11:00;0.843;0;1.094
17.05.2021 12:00;5.62;0;1.64
17.05.2021 13:00;1.518;0;1.458
17.05.2021 14:00;0.843;0;0.833
17.05.2021 15:00;0.843;0;0.729
17.05.2021 16:00;0.843;0;0.833
17.05.2021 17:00;1.518;0;1.458
17.05.2021 18:00;5.62;0;2.057
17.05.2021 19:00;6.969;0;2.083
17.05.2021 20:00;5.574;0;1.614
17.05.2021 21:00;9.64;0;1.172
17.05.2021 22:00;9.639;0;0.651
17.05.2021 23:00;8.965;0;0.495
18.05.2021 00:00;8.965;0;0.208
18.05.2021 01:00;8.965;0;0.104
18.05.2021 02:00;4.965;0;0.026
18.05.2021 03:00;2.565;0;0.026
18.05.2021 04:00;1.765;0;0.052
18.05.2021 05:00;1.639;0;0.99
18.05.2021 06:00;5.565;0;2.604
18.05.2021 07:00;1.518;0;2.109
18.05.2021 08:00;0.844;0;1.745
18.05.2021 09:00;0.843;0;1.328
18.05.2021 10:00;0.843;0;1.172
18.05.2021 11:00;0.843;0;1.094
18.05.2021 12:00;5.62;0;1.64
18.05.2021 13:00;1.518;0;1.458
18.05.2021 14:00;0.843;0;0.833
18.05.2021 15:00;0.843;0;0.729
18.05.2021 16:00;0.843;0;0.833
18.05.2021 17:00;1.518;0;1.458
18.05.2021 18:00;5.62;0;2.057
18.05.2021 19:00;6.969;0;2.083
18.05.2021 20:00;5.574;0;1.614
18.05.2021 21:00;9.64;0;1.172
18.05.2021 22:00;9.639;0;0.651
18.05.2021 23:00;8.965;0;0.495
19.05.2021 00:00;8.965;0;0.208
19.05.2021 01:00;8.965;0;0.104
19.05.2021 02:00;4.965;0;0.026
19.05.2021 03:00;2.565;0;0.026
19.05.2021 04:00;1.765;0;0.052
19.05.2021 05:00;1.639;0;0.99
19.05.2021 06:00;5.565;0;2.604
19.05.2021 07:00;1.518;0;2.109
19.05.2021 08:00;0.844;0;1.745
19.05.2021 09:00;0.843;0;1.328
19.05.2021 10:00;0.843;0;1.172
19.05.2021 11:00;0.843;0;1.094
19.05.2021 12:00;5.62;0;1.64
19.05.2021 13:00;1.518;0;1.458
19.05.2021 14:00;0.843;0;0.833
19.05.2021 15:00;0.843;0;0.729
19.05.2021 16:00;0.843;0;0.833
19.05.2021 17:00;1.518;0;1.458
19.05.2021 18:00;5.62;0;2.057
19.05.2021 19:00;6.969;0;2.083
19.05.2021 20:00;5.574;0;1.614
19.05.2021 21:00;9.64;0;1.172
19.05.2021 22:00;9.639;0;0.651
19.05.2021 23:00;8.965;0;0.495
20.05.2021 00:00;4.965;0;0.201
20.05.2021 01:00;4.965;0;0.223
20.05.2021 02:00;2.565;0;0.134
20.05.2021 03:00;1.765;0;0.045
20.05.2021 04:00;1.365;0;0.045
20.05.2021 05:00;1.639;0;0.268
20.05.2021 06:00;5.564;0;0.736
20.05.2021 07:00;1.518;0;1.249
20.05.2021 08:00;0.844;0;2.03
20.05.2021 09:00;0.844;0;2.008
20.05.2021 10:00;0.844;0;1.807
20.05.2021 11:00;4.844;0;1.941
20.05.2021 12:00;9.62;0;1.963
20.05.2021 13:00;5.518;0;1.562
20.05.2021 14:00;0.843;0;1.249
20.05.2021 15:00;0.843;0;0.982
20.05.2021 16:00;0.843;0;1.249
20.05.2021 17:00;1.518;0;1.606
20.05.2021 18:00;5.62;0;2.231
20.05.2021 19:00;6.969;0;1.762
20.05.2021 20:00;5.573;0;0.982
20.05.2021 21:00;5.639;0;0.959
20.05.2021 22:00;9.639;0;0.781
20.05.2021 23:00;4.965;0;0.469
21.05.2021 00:00;4.965;0;0.271
21.05.2021 01:00;4.965;0;0.197
21.05.2021 02:00;4.965;0;0.148
21.05.2021 03:00;4.965;0;0.049
21.05.2021 04:00;4.965;0;0.049
21.05.2021 05:00;1.639;0;0.148
21.05.2021 06:00;5.564;0;0.493
21.05.2021 07:00;1.518;0;1.01
21.05.2021 08:00;0.844;0;1.601
21.05.2021 09:00;0.844;0;2.119
21.05.2021 10:00;0.844;0;2.34
21.05.2021 11:00;4.844;0;2.463
21.05.2021 12:00;9.62;0;2.119
21.05.2021 13:00;5.518;0;1.823
21.05.2021 14:00;4.844;0;1.429
21.05.2021 15:00;4.843;0;1.256
21.05.2021 16:00;0.843;0;0.714
21.05.2021 17:00;1.518;0;1.355
21.05.2021 18:00;5.62;0;1.774
21.05.2021 19:00;6.969;0;1.921
21.05.2021 20:00;9.573;0;0.985
21.05.2021 21:00;9.639;0;0.911
21.05.2021 22:00;9.639;0;0.838
21.05.2021 23:00;8.965;0;0.468
22.05.2021 00:00;8.965;0;0.208
22.05.2021 01:00;8.965;0;0.104
22.05.2021 02:00;4.965;0;0.026
22.05.2021 03:00;2.565;0;0.026
22.05.2021 04:00;1.765;0;0.052
22.05.2021 05:00;1.639;0;0.99
22.05.2021 06:00;5.565;0;2.604
22.05.2021 07:00;1.518;0;2.109
22.05.2021 08:00;0.844;0;1.745
22.05.2021 09:00;0.843;0;1.328
22.05.2021 10:00;0.843;0;1.172
22.05.2021 11:00;0.843;0;1.094
22.05.2021 12:00;5.62;0;1.64
22.05.2021 13:00;1.518;0;1.458
22.05.2021 14:00;0.843;0;0.833
22.05.2021 15:00;0.843;0;0.729
22.05.2021 16:00;0.843;0;0.833
22.05.2021 17:00;1.518;0;1.458
22.05.2021 18:00;5.62;0;2.057
22.05.2021 19:00;6.969;0;2.083
22.05.2021 20:00;5.574;0;1.614
22.05.2021 21:00;9.64;0;1.172
22.05.2021 22:00;9.639;0;0.651
22.05.2021 23:00;8.965;0;0.495
23.05.2021 00:00;8.965;0;0.208
23.05.2021 01:00;8.965;0;0.104
23.05.2021 02:00;4.965;0;0.026
23.05.2021 03:00;2.565;0;0.026
23.05.2021 04:00;1.765;0;0.052
23.05.2021 05:00;1.639;0;0.99
23.05.2021 06:00;5.565;0;2.604
23.05.2021 07:00;1.518;0;2.109
23.05.2021 08:00;0.844;0;1.745
23.05.2021 09:00;0.843;0;1.328
23.05.2021 10:00;0.843;0;1.172
23.05.2021 11:00;0.843;0;1.094
23.05.2021 12:00;5.62;0;1.64
23.05.2021 13:00;1.518;0;1.458
23.05.2021 14:00;0.843;0;0.833
23.05.2021 15:00;0.843;0;0.729
23.05.2021 16:00;0.843;0;0.833
23.05.2021 17:00;1.518;0;1.458
23.05.2021 18:00;5.62;0;2.057
23.05.2021 19:00;6.969;0;2.083
23.05.2021 20:00;5.574;0;1.614
23.05.2021 21:00;9.64;0;1.172
23.05.2021 22:00;9.639;0;0.651
23.05.2021 23:00;8.965;0;0.495
24.05.2021 00:00;8.965;0;0.208
24.05.2021 01:00;8.965;0;0.104
24.05.2021 02:00;4.965;0;0.026
24.05.2021 03:00;2.565;0;0.026
24.05.2021 04:00;1.765;0;0.052
24.05.2021 05:00;1.639;0;0.99
24.05.2021 06:00;5.565;0;2.604
24.05.2021 07:00;1.518;0;2.109
24.05.2021 08:00;0.844;0;1.745
24.05.2021 09:00;0.843;0;1.328
24.05.2021 10:00;0.843;0;1.172
24.05.2021 11:00;0.843;0;1.094
24.05.2021 12:00;5.62;0;1.64
24.05.2021 13:00;1.518;0;1.458
24.05.2021 14:00;0.843;0;0.833
24.05.2021 15:00;0.843;0;0.729
24.05.2021 16:00;0.843;0;0.833
24.05.2021 17:00;1.518;0;1.458
24.05.2021 18:00;5.62;0;2.057
24.05.2021 19:00;6.969;0;2.083
24.05.2021 20:00;5.574;0;1.614
24.05.2021 21:00;9.64;0;1.172
24.05.2021 22:00;9.639;0;0.651
24.05.2021 23:00;8.965;0;0.495
25.05.2021 00:00;8.965;0;0.208
25.05.2021 01:00;8.965;0;0.104
25.05.2021 02:00;4.965;0;0.026
25.05.2021 03:00;2.565;0;0.026
25.05.2021 04:00;1.765;0;0.052
25.05.2021 05:00;1.639;0;0.99
25.05.2021 06:00;5.565;0;2.604
25.05.2021 07:00;1.518;0;2.109
25.05.2021 08:00;0.844;0;1.745
25.05.2021 09:00;0.843;0;1.328
25.05.2021 10:00;0.843;0;1.172
25.05.2021 11:00;0.843;0;1.094
25.05.2021 12:00;5.62;0;1.64
25.05.2021 13:00;1.518;0;1.458
25.05.2021 14:00;0.843;0;0.833
25.05.2021 15:00;0.843;0;0.729
25.05.2021 16:00;0.843;0;0.833
25.05.2021 17:00;1.518;0;1.458
25.05.2021 18:00;5.62;0;2.057
25.05.2021 19:00;6.969;0;2.083
25.05.2021 20:00;5.574;0;1.614
25.05.2021 21:00;9.64;0;1.172
25.05.2021 22:00;9.639;0;0.651
25.05.2021 23:00;8.965;0;0.495
26.05.2021 00:00;8.965;0;0.208
26.05.2021 01:00;8.965;0;0.104
26.05.2021 02:00;4.965;0;0.026
26.05.2021 03:00;2.565;0;0.026
26.05.2021 04:00;1.765;0;0.052
26.05.2021 05:00;1.639;0;0.99
26.05.2021 06:00;5.565;0;2.604
26.05.2021 07:00;1.518;0;2.109
26.05.2021 08:00;0.844;0;1.745
26.05.2021 09:00;0.843;0;1.328
26.05.2021 10:00;0.843;0;1.172
26.05.2021 11:00;0.843;0;1.094
26.05.2021 12:00;5.62;0;1.64
26.05.2021 13:00;1.518;0;1.458
26.05.2021 14:00;0.843;0;0.833
26.05.2021 15:00;0.843;0;0.729
26.05.2021 16:00;0.843;0;0.833
26.05.2021 17:00;1.518;0;1.458
26.05.2021 18:00;5.62;0;2.057
26.05.2021 19:00;6.969;0;2.083
26.05.2021 20:00;5.574;0;1.614
26.05.2021 21:00;9.64;0;1.172
26.05.2021 22:00;9.639;0;0.651
26.05.2021 23:00;8.965;0;0.495
27.05.2021 00:00;4.965;0;0.201
27.05.2021 01:00;4.965;0;0.223
27.05.2021 02:00;2.565;0;0.134
27.05.2021 03:00;1.765;0;0.045
27.05.2021 04:00;1.365;0;0.045
27.05.2021 05:00;1.639;0;0.268
27.05.2021 06:00;5.564;0;0.736
27.05.2021 07:00;1.518;0;1.249
27.05.2021 08:00;0.844;0;2.03
27.05.2021 09:00;0.844;0;2.008
27.05.2021 10:00;0.844;0;1.807
27.05.2021 11:00;4.844;0;1.941
27.05.2021 12:00;9.62;0;1.963
27.05.2021 13:00;5.518;0;1.562
27.05.2021 14:00;0.843;0;1.249
27.05.2021 15:00;0.843;0;0.982
27.05.2021 16:00;0.843;0;1.249
27.05.2021 17:00;1.518;0;1.606
27.05.2021 18:00;5.62;0;2.231
27.05.2021 19:00;6.969;0;1.762
27.05.2021 20:00;5.573;0;0.982
27.05.2021 21:00;5.639;0;0.959
27.05.2021 22:00;9.639;0;0.781
27.05.2021 23:00;4.965;0;0.469
28.05.2021 00:00;4.965;0;0.271
28.05.2021 01:00;4.965;0;0.197
28.05.2021 02:00;4.965;0;0.148
28.05.2021 03:00;4.965;0;0.049
28.05.2021 04:00;4.965;0;0.049
28.05.2021 05:00;1.639;0;0.148
28.05.2021 06:00;5.564;0;0.493
28.05.2021 07:00;1.518;0;1.01
28.05.2021 08:00;0.844;0;1.601
28.05.2021 09:00;0.844;0;2.119
28.05.2021 10:00;0.844;0;2.34
28.05.2021 11:00;4.844;0;2.463
28.05.2021 12:00;9.62;0;2.119
28.05.2021 13:00;5.518;0;1.823
28.05.2021 14:00;4.844;0;1.429
28.05.2021 15:00;4.843;0;1.256
28.05.2021 16:00;0.843;0;0.714
28.05.2021 17:00;1.518;0;1.355
28.05.2021 18:00;5.62;0;1.774
28.05.2021 19:00;6.969;0;1.921
28.05.2021 20:00;9.573;0;0.985
28.05.2021 21:00;9.639;0;0.911
28.05.2021 22:00;9.639;0;0.838
28.05.2021 23:00;8.965;0;0.468
29.05.2021 00:00;8.965;0;0.208
29.05.2021 01:00;8.965;0;0.104
29.05.2021 02:00;4.965;0;0.026
29.05.2021 03:00;2.565;0;0.026
29.05.2021 04:00;1.765;0;0.052
29.05.2021 05:00;1.639;0;0.99
29.05.2021 06:00;5.565;0;2.604
29.05.2021 07:00;1.518;0;2.109
29.05.2021 08:00;0.844;0;1.745
29.05.2021 09:00;0.843;0;1.328
29.05.2021 10:00;0.843;0;1.172
29.05.2021 11:00;0.843;0;1.094
29.05.2021 12:00;5.62;0;1.64
29.05.2021 13:00;1.518;0;1.458
29.05.2021 14:00;0.843;0;0.833
29.05.2021 15:00;0.843;0;0.729
29.05.2021 16:00;0.843;0;0.833
29.05.2021 17:00;1.518;0;1.458
29.05.2021 18:00;5.62;0;2.057
29.05.2021 19:00;6.969;0;2.083
29.05.2021 20:00;5.574;0;1.614
29.05.2021 21:00;9.64;0;1.172
29.05.2021 22:00;9.639;0;0.651
29.05.2021 23:00;8.965;0;0.495
30.05.2021 00:00;8.965;0;0.208
30.05.2021 01:00;8.965;0;0.104
30.05.2021 02:00;4.965;0;0.026
30.05.2021 03:00;2.565;0;0.026
30.05.2021 04:00;1.765;0;0.052
30.05.2021 05:00;1.639;0;0.99
30.05.2021 06:00;5.565;0;2.604
30.05.2021 07:00;1.518;0;2.109
30.05.2021 08:00;0.844;0;1.745
30.05.2021 09:00;0.843;0;1.328
30.05.2021 10:00;0.843;0;1.172
30.05.2021 11:00;0.843;0;1.094
30.05.2021 12:00;5.62;0;1.64
30.05.2021 13:00;1.518;0;1.458
30.05.2021 14:00;0.843;0;0.833
30.05.2021 15:00;0.843;0;0.729
30.05.2021 16:00;0.843;0;0.833
30.05.2021 17:00;1.518;0;1.458
30.05.2021 18:00;5.62;0;2.057
30.05.2021 19:00;6.969;0;2.083
30.05.2021 20:00;5.574;0;1.614
30.05.2021 21:00;9.64;0;1.172
30.05.2021 22:00;9.639;0;0.651
30.05.2021 23:00;8.965;0;0.495
31.05.2021 00:00;8.965;0;0.208
31.05.2021 01:00;8.965;0;0.104
31.05.2021 02:00;4.965;0;0.026
31.05.2021 03:00;2.565;0;0.026
31.05.2021 04:00;1.765;0;0.052
31.05.2021 05:00;1.639;0;0.99
31.05.2021 06:00;5.565;0;2.604
31.05.2021 07:00;1.518;0;2.109
31.05.2021 08:00;0.844;0;1.745
31.05.2021 09:00;0.843;0;1.328
31.05.2021 10:00;0.843;0;1.172
31.05.2021 11:00;0.843;0;1.094
31.05.2021 12:00;5.62;0;1.64
31.05.2021 13:00;1.518;0;1.458
31.05.2021 14:00;0.843;0;0.833
31.05.2021 15:00;0.843;0;0.729
31.05.2021 16:00;0.843;0;0.833
31.05.2021 17:00;1.518;0;1.458
31.05.2021 18:00;5.62;0;2.057
31.05.2021 19:00;6.969;0;2.083
31.05.2021 20:00;5.574;0;1.614
31.05.2021 21:00;9.64;0;1.172
31.05.2021 22:00;9.639;0;0.651
31.05.2021 23:00;8.965;0;0.495
01.06.2021 00:00;8.965;0;0.208
01.06.2021 01:00;8.965;0;0.104
01.06.2021 02:00;4.965;0;0.026
01.06.2021 03:00;2.565;0;0.026
01.06.2021 04:00;1.765;0;0.052
01.06.2021 05:00;1.639;0;0.99
01.06.2021 06:00;5.565;0;2.604
01.06.2021 07:00;1.518;0;2.109
01.06.2021 08:00;0.844;0;1.745
01.06.2021 09:00;0.843;0;1.328
01.06.2021 10:00;0.843;0;1.172
01.06.2021 11:00;0.843;0;1.094
01.06.2021 12:00;5.62;0;1.64
01.06.2021 13:00;1.518;0;1.458
01.06.2021 14:00;0.843;0;0.833
01.06.2021 15:00;0.843;0;0.729
01.06.2021 16:00;0.843;0;0.833
01.06.2021 17:00;1.518;0;1.458
01.06.2021 18:00;5.62;0;2.057
01.06.2021 19:00;6.969;0;2.083
01.06.2021 20:00;5.574;0;1.614
01.06.2021 21:00;9.64;0;1.172
01.06.2021 22:00;9.639;0;0.651
01.06.2021 23:00;8.965;0;0.495
02.06.2021 00:00;8.965;0;0.208
02.06.2021 01:00;8.965;0;0.104
02.06.2021 02:00;4.965;0;0.026
02.06.2021 03:00;2.565;0;0.026
02.06.2021 04:00;1.765;0;0.052
02.06.2021 05:00;1.639;0;0.99
02.06.2021 06:00;5.565;0;2.604
02.06.2021 07:00;1.518;0;2.109
02.06.2021 08:00;0.844;0;1.745
02.06.2021 09:00;0.843;0;1.328
02.06.2021 10:00;0.843;0;1.172
02.06.2021 11:00;0.843;0;1.094
02.06.2021 12:00;5.62;0;1.64
02.06.2021 13:00;1.518;0;1.458
02.06.2021 14:00;0.843;0;0.833
02.06.2021 15:00;0.843;0;0.729
02.06.2021 16:00;0.843;0;0.833
02.06.2021 17:00;1.518;0;1.458
02.06.2021 18:00;5.62;0;2.057
02.06.2021 19:00;6.969;0;2.083
02.06.2021 20:00;5.574;0;1.614
02.06.2021 21:00;9.64;0;1.172
02.06.2021 22:00;9.639;0;0.651
02.06.2021 23:00;8.965;0;0.495
03.06.2021 00:00;4.965;0;0.201
03.06.2021 01:00;4.965;0;0.223
03.06.2021 02:00;2.565;0;0.134
03.06.2021 03:00;1.765;0;0.045
03.06.2021 04:00;1.365;0;0.045
03.06.2021 05:00;1.639;0;0.268
03.06.2021 06:00;5.564;0;0.736
03.06.2021 07:00;1.518;0;1.249
03.06.2021 08:00;0.844;0;2.03
03.06.2021 09:00;0.844;0;2.008
03.06.2021 10:00;0.844;0;1.807
03.06.2021 11:00;4.844;0;1.941
03.06.2021 12:00;9.62;0;1.963
03.06.2021 13:00;5.518;0;1.562
03.06.2021 14:00;0.843;0;1.249
03.06.2021 15:00;0.843;0;0.982
03.06.2021 16:00;0.843;0;1.249
03.06.2021 17:00;1.518;0;1.606
03.06.2021 18:00;5.62;0;2.231
03.06.2021 19:00;6.969;0;1.762
03.06.2021 20:00;5.573;0;0.982
03.06.2021 21:00;5.639;0;0.959
03.06.2021 22:00;9.639;0;0.781
03.06.2021 23:00;4.965;0;0.469
04.06.2021 00:00;4.965;0;0.271
04.06.2021 01:00;4.965;0;0.197
04.06.2021 02:00;4.965;0;0.148
04.06.2021 03:00;4.965;0;0.049
04.06.2021 04:00;4.965;0;0.049
04.06.2021 05:00;1.639;0;0.148
04.06.2021 06:00;5.564;0;0.493
04.06.2021 07:00;1.518;0;1.01
04.06.2021 08:00;0.844;0;1.601
04.06.2021 09:00;0.844;0;2.119
04.06.2021 10:00;0.844;0;2.34
04.06.2021 11:00;4.844;0;2.463
04.06.2021 12:00;9.62;0;2.119
04.06.2021 13:00;5.518;0;1.823
04.06.2021 14:00;4.844;0;1.429
04.06.2021 15:00;4.843;0;1.256
04.06.2021 16:00;0.843;0;0.714
04.06.2021 17:00;1.518;0;1.355
04.06.2021 18:00;5.62;0;1.774
04.06.2021 19:00;6.969;0;1.921
04.06.2021 20:00;9.573;0;0.985
04.06.2021 21:00;9.639;0;0.911
04.06.2021 22:00;9.639;0;0.838
04.06.2021 23:00;8.965;0;0.468
05.06.2021 00:00;8.965;0;0.208
05.06.2021 01:00;8.965;0;0.104
05.06.2021 02:00;4.965;0;0.026
05.06.2021 03:00;2.565;0;0.026
05.06.2021 04:00;1.765;0;0.052
05.06.2021 05:00;1.639;0;0.99
05.06.2021 06:00;5.565;0;2.604
05.06.2021 07:00;1.518;0;2.109
05.06.2021 08:00;0.844;0;1.745
05.06.2021 09:00;0.843;0;1.328
05.06.2021 10:00;0.843;0;1.172
05.06.2021 11:00;0.843;0;1.094
05.06.2021 12:00;5.62;0;1.64
05.06.2021 13:00;1.518;0;1.458
05.06.2021 14:00;0.843;0;0.833
05.06.2021 15:00;0.843;0;0.729
05.06.2021 16:00;0.843;0;0.833
05.06.2021 17:00;1.518;0;1.458
05.06.2021 18:00;5.62;0;2.057
05.06.2021 19:00;6.969;0;2.083
05.06.2021 20:00;5.574;0;1.614
05.06.2021 21:00;9.64;0;1.172
05.06.2021 22:00;9.639;0;0.651
05.06.2021 23:00;8.965;0;0.495
06.06.2021 00:00;8.965;0;0.208
06.06.2021 01:00;8.965;0;0.104
06.06.2021 02:00;4.965;0;0.026
06.06.2021 03:00;2.565;0;0.026
06.06.2021 04:00;1.765;0;0.052
06.06.2021 05:00;1.639;0;0.99
06.06.2021 06:00;5.565;0;2.604
06.06.2021 07:00;1.518;0;2.109
06.06.2021 08:00;0.844;0;1.745
06.06.2021 09:00;0.843;0;1.328
06.06.2021 10:00;0.843;0;1.172
06.06.2021 11:00;0.843;0;1.094
06.06.2021 12:00;5.62;0;1.64
06.06.2021 13:00;1.518;0;1.458
06.06.2021 14:00;0.843;0;0.833
06.06.2021 15:00;0.843;0;0.729
06.06.2021 16:00;0.843;0;0.833
06.06.2021 17:00;1.518;0;1.458
06.06.2021 18:00;5.62;0;2.057
06.06.2021 19:00;6.969;0;2.083
06.06.2021 20:00;5.574;0;1.614
06.06.2021 21:00;9.64;0;1.172
06.06.2021 22:00;9.639;0;0.651
06.06.2021 23:00;8.965;0;0.495
07.06.2021 00:00;8.965;0;0.208
07.06.2021 01:00;8.965;0;0.104
07.06.2021 02:00;4.965;0;0.026
07.06.2021 03:00;2.565;0;0.026
07.06.2021 04:00;1.765;0;0.052
07.06.2021 05:00;1.639;0;0.99
07.06.2021 06:00;5.565;0;2.604
07.06.2021 07:00;1.518;0;2.109
07.06.2021 08:00;0.844;0;1.745
07.06.2021 09:00;0.843;0;1.328
07.06.2021 10:00;0.843;0;1.172
07.06.2021 11:00;0.843;0;1.094
07.06.2021 12:00;5.62;0;1.64
07.06.2021 13:00;1.518;0;1.458
07.06.2021 14:00;0.843;0;0.833
07.06.2021 15:00;0.843;0;0.729
07.06.2021 16:00;0.843;0;0.833
07.06.2021 17:00;1.518;0;1.458
07.06.2021 18:00;5.62;0;2.057
07.06.2021 19:00;6.969;0;2.083
07.06.2021 20:00;5.574;0;1.614
07.06.2021 21:00;9.64;0;1.172
07.06.2021 22:00;9.639;0;0.651
07.06.2021 23:00;8.965;0;0.495
08.06.2021 00:00;8.965;0;0.208
08.06.2021 01:00;8.965;0;0.104
08.06.2021 02:00;4.965;0;0.026
08.06.2021 03:00;2.565;0;0.026
08.06.2021 04:00;1.765;0;0.052
08.06.2021 05:00;1.639;0;0.99
08.06.2021 06:00;5.565;0;2.604
08.06.2021 07:00;1.518;0;2.109
08.06.2021 08:00;0.844;0;1.745
08.06.2021 09:00;0.843;0;1.328
08.06.2021 10:00;0.843;0;1.172
08.06.2021 11:00;0.843;0;1.094
08.06.2021 12:00;5.62;0;1.64
08.06.2021 13:00;1.518;0;1.458
08.06.2021 14:00;0.843;0;0.833
08.06.2021 15:00;0.843;0;0.729
08.06.2021 16:00;0.843;0;0.833
08.06.2021 17:00;1.518;0;1.458
08.06.2021 18:00;5.62;0;2.057
08.06.2021 19:00;6.969;0;2.083
08.06.2021 20:00;5.574;0;1.614
08.06.2021 21:00;9.64;0;1.172
08.06.2021 22:00;9.639;0;0.651
08.06.2021 23:00;8.965;0;0.495
09.06.2021 00:00;8.965;0;0.208
09.06.2021 01:00;8.965;0;0.104
09.06.2021 02:00;4.965;0;0.026
09.06.2021 03:00;2.565;0;0.026
09.06.2021 04:00;1.765;0;0.052
09.06.2021 05:00;1.639;0;0.99
09.06.2021 06:00;5.565;0;2.604
09.06.2021 07:00;1.518;0;2.109
09.06.2021 08:00;0.844;0;1.745
09.06.2021 09:00;0.843;0;1.328
09.06.2021 10:00;0.843;0;1.172
09.06.2021 11:00;0.843;0;1.094
09.06.2021 12:00;5.62;0;1.64
09.06.2021 13:00;1.518;0;1.458
09.06.2021 14:00;0.843;0;0.833
09.06.2021 15:00;0.843;0;0.729
09.06.2021 16:00;0.843;0;0.833
09.06.2021 17:00;1.518;0;1.458
09.06.2021 18:00;5.62;0;2.057
09.06.2021 19:00;6.969;0;2.083
09.06.2021 20:00;5.574;0;1.614
09.06.2021 21:00;9.64;0;1.172
09.06.2021 22:00;9.639;0;0.651
09.06.2021 23:00;8.965;0;0.495
10.06.2021 00:00;4.965;0;0.201
10.06.2021 01:00;4.965;0;0.223
10.06.2021 02:00;2.565;0;0.134
10.06.2021 03:00;1.765;0;0.045
10.06.2021 04:00;1.365;0;0.045
10.06.2021 05:00;1.639;0;0.268
10.06.2021 06:00;5.564;0;0.736
10.06.2021 07:00;1.518;0;1.249
10.06.2021 08:00;0.844;0;2.03
10.06.2021 09:00;0.844;0;2.008
10.06.2021 10:00;0.844;0;1.807
10.06.2021 11:00;4.844;0;1.941
10.06.2021 12:00;9.62;0;1.963
10.06.2021 13:00;5.518;0;1.562
10.06.2021 14:00;0.843;0;1.249
10.06.2021 15:00;0.843;0;0.982
10.06.2021 16:00;0.843;0;1.249
10.06.2021 17:00;1.518;0;1.606
10.06.2021 18:00;5.62;0;2.231
10.06.2021 19:00;6.969;0;1.762
10.06.2021 20:00;5.573;0;0.982
10.06.2021 21:00;5.639;0;0.959
10.06.2021 22:00;9.639;0;0.781
10.06.2021 23:00;4.965;0;0.469
11.06.2021 00:00;4.965;0;0.271
11.06.2021 01:00;4.965;0;0.197
11.06.2021 02:00;4.965;0;0.148
11.06.2021 03:00;4.965;0;0.049
11.06.2021 04:00;4.965;0;0.049
11.06.2021 05:00;1.639;0;0.148
11.06.2021 06:00;5.564;0;0.493
11.06.2021 07:00;1.518;0;1.01
11.06.2021 08:00;0.844;0;1.601
11.06.2021 09:00;0.844;0;2.119
11.06.2021 10:00;0.844;0;2.34
11.06.2021 11:00;4.844;0;2.463
11.06.2021 12:00;9.62;0;2.119
11.06.2021 13:00;5.518;0;1.823
11.06.2021 14:00;4.844;0;1.429
11.06.2021 15:00;4.843;0;1.256
11.06.2021 16:00;0.843;0;0.714
11.06.2021 17:00;1.518;0;1.355
11.06.2021 18:00;5.62;0;1.774
11.06.2021 19:00;6.969;0;1.921
11.06.2021 20:00;9.573;0;0.985
11.06.2021 21:00;9.639;0;0.911
11.06.2021 22:00;9.639;0;0.838
11.06.2021 23:00;8.965;0;0.468
12.06.2021 00:00;8.965;0;0.208
12.06.2021 01:00;8.965;0;0.104
12.06.2021 02:00;4.965;0;0.026
12.06.2021 03:00;2.565;0;0.026
12.06.2021 04:00;1.765;0;0.052
12.06.2021 05:00;1.639;0;0.99
12.06.2021 06:00;5.565;0;2.604
12.06.2021 07:00;1.518;0;2.109
12.06.2021 08:00;0.844;0;1.745
12.06.2021 09:00;0.843;0;1.328
12.06.2021 10:00;0.843;0;1.172
12.06.2021 11:00;0.843;0;1.094
12.06.2021 12:00;5.62;0;1.64
12.06.2021 13:00;1.518;0;1.458
12.06.2021 14:00;0.843;0;0.833
12.06.2021 15:00;0.843;0;0.729
12.06.2021 16:00;0.843;0;0.833
12.06.2021 17:00;1.518;0;1.458
12.06.2021 18:00;5.62;0;2.057
12.06.2021 19:00;6.969;0;2.083
12.06.2021 20:00;5.574;0;1.614
12.06.2021 21:00;9.64;0;1.172
12.06.2021 22:00;9.639;0;0.651
12.06.2021 23:00;8.965;0;0.495
13.06.2021 00:00;8.965;0;0.208
13.06.2021 01:00;8.965;0;0.104
13.06.2021 02:00;4.965;0;0.026
13.06.2021 03:00;2.565;0;0.026
13.06.2021 04:00;1.765;0;0.052
13.06.2021 05:00;1.639;0;0.99
13.06.2021 06:00;5.565;0;2.604
13.06.2021 07:00;1.518;0;2.109
13.06.2021 08:00;0.844;0;1.745
13.06.2021 09:00;0.843;0;1.328
13.06.2021 10:00;0.843;0;1.172
13.06.2021 11:00;0.843;0;1.094
13.06.2021 12:00;5.62;0;1.64
13.06.2021 13:00;1.518;0;1.458
13.06.2021 14:00;0.843;0;0.833
13.06.2021 15:00;0.843;0;0.729
13.06.2021 16:00;0.843;0;0.833
13.06.2021 17:00;1.518;0;1.458
13.06.2021 18:00;5.62;0;2.057
13.06.2021 19:00;6.969;0;2.083
13.06.2021 20:00;5.574;0;1.614
13.06.2021 21:00;9.64;0;1.172
13.06.2021 22:00;9.639;0;0.651
13.06.2021 23:00;8.965;0;0.495
14.06.2021 00:00;8.965;0;0.208
14.06.2021 01:00;8.965;0;0.104
14.06.2021 02:00;4.965;0;0.026
14.06.2021 03:00;2.565;0;0.026
14.06.2021 04:00;1.765;0;0.052
14.06.2021 05:00;1.639;0;0.99
14.06.2021 06:00;5.565;0;2.604
14.06.2021 07:00;1.518;0;2.109
14.06.2021 08:00;0.844;0;1.745
14.06.2021 09:00;0.843;0;1.328
14.06.2021 10:00;0.843;0;1.172
14.06.2021 11:00;0.843;0;1.094
14.06.2021 12:00;5.62;0;1.64
14.06.2021 13:00;1.518;0;1.458
14.06.2021 14:00;0.843;0;0.833
14.06.2021 15:00;0.843;0;0.729
14.06.2021 16:00;0.843;0;0.833
14.06.2021 17:00;1.518;0;1.458
14.06.2021 18:00;5.62;0;2.057
14.06.2021 19:00;6.969;0;2.083
14.06.2021 20:00;5.574;0;1.614
14.06.2021 21:00;9.64;0;1.172
14.06.2021 22:00;9.639;0;0.651
14.06.2021 23:00;8.965;0;0.495
15.06.2021 00:00;8.965;0;0.208
15.06.2021 01:00;8.965;0;0.104
15.06.2021 02:00;4.965;0;0.026
15.06.2021 03:00;2.565;0;0.026
15.06.2021 04:00;1.765;0;0.052
15.06.2021 05:00;1.639;0;0.99
15.06.2021 06:00;5.565;0;2.604
15.06.2021 07:00;1.518;0;2.109
15.06.2021 08:00;0.844;0;1.745
15.06.2021 09:00;0.843;0;1.328
15.06.2021 10:00;0.843;0;1.172
15.06.2021 11:00;0.843;0;1.094
15.06.2021 12:00;5.62;0;1.64
15.06.2021 13:00;1.518;0;1.458
15.06.2021 14:00;0.843;0;0.833
15.06.2021 15:00;0.843;0;0.729
15.06.2021 16:00;0.843;0;0.833
15.06.2021 17:00;1.518;0;1.458
15.06.2021 18:00;5.62;0;2.057
15.06.2021 19:00;6.969;0;2.083
15.06.2021 20:00;5.574;0;1.614
15.06.2021 21:00;9.64;0;1.172
15.06.2021 22:00;9.639;0;0.651
15.06.2021 23:00;8.965;0;0.495
16.06.2021 00:00;8.965;0;0.208
16.06.2021 01:00;8.965;0;0.104
16.06.2021 02:00;4.965;0;0.026
16.06.2021 03:00;2.565;0;0.026
16.06.2021 04:00;1.765;0;0.052
16.06.2021 05:00;1.639;0;0.99
16.06.2021 06:00;5.565;0;2.604
16.06.2021 07:00;1.518;0;2.109
16.06.2021 08:00;0.844;0;1.745
16.06.2021 09:00;0.843;0;1.328
16.06.2021 10:00;0.843;0;1.172
16.06.2021 11:00;0.843;0;1.094
16.06.2021 12:00;5.62;0;1.64
16.06.2021 13:00;1.518;0;1.458
16.06.2021 14:00;0.843;0;0.833
16.06.2021 15:00;0.843;0;0.729
16.06.2021 16:00;0.843;0;0.833
16.06.2021 17:00;1.518;0;1.458
16.06.2021 18:00;5.62;0;2.057
16.06.2021 19:00;6.969;0;2.083
16.06.2021 20:00;5.574;0;1.614
16.06.2021 21:00;9.64;0;1.172
16.06.2021 22:00;9.639;0;0.651
16.06.2021 23:00;8.965;0;0.495
17.06.2021 00:00;4.965;0;0.201
17.06.2021 01:00;4.965;0;0.223
17.06.2021 02:00;2.565;0;0.134
17.06.2021 03:00;1.765;0;0.045
17.06.2021 04:00;1.365;0;0.045
17.06.2021 05:00;1.639;0;0.268
17.06.2021 06:00;5.564;0;0.736
17.06.2021 07:00;1.518;0;1.249
17.06.2021 08:00;0.844;0;2.03
17.06.2021 09:00;0.844;0;2.008
17.06.2021 10:00;0.844;0;1.807
17.06.2021 11:00;4.844;0;1.941
17.06.2021 12:00;9.62;0;1.963
17.06.2021 13:00;5.518;0;1.562
17.06.2021 14:00;0.843;0;1.249
17.06.2021 15:00;0.843;0;0.982
17.06.2021 16:00;0.843;0;1.249
17.06.2021 17:00;1.518;0;1.606
17.06.2021 18:00;5.62;0;2.231
17.06.2021 19:00;6.969;0;1.762
17.06.2021 20:00;5.573;0;0.982
17.06.2021 21:00;5.639;0;0.959
17.06.2021 22:00;9.639;0;0.781
17.06.2021 23:00;4.965;0;0.469
18.06.2021 00:00;4.965;0;0.271
18.06.2021 01:00;4.965;0;0.197
18.06.2021 02:00;4.965;0;0.148
18.06.2021 03:00;4.965;0;0.049
18.06.2021 04:00;4.965;0;0.049
18.06.2021 05:00;1.639;0;0.148
18.06.2021 06:00;5.564;0;0.493
18.06.2021 07:00;1.518;0;1.01
18.06.2021 08:00;0.844;0;1.601
18.06.2021 09:00;0.844;0;2.119
18.06.2021 10:00;0.844;0;2.34
18.06.2021 11:00;4.844;0;2.463
18.06.2021 12:00;9.62;0;2.119
18.06.2021 13:00;5.518;0;1.823
18.06.2021 14:00;4.844;0;1.429
18.06.2021 15:00;4.843;0;1.256
18.06.2021 16:00;0.843;0;0.714
18.06.2021 17:00;1.518;0;1.355
18.06.2021 18:00;5.62;0;1.774
18.06.2021 19:00;6.969;0;1.921
18.06.2021 20:00;9.573;0;0.985
18.06.2021 21:00;9.639;0;0.911
18.06.2021 22:00;9.639;0;0.838
18.06.2021 23:00;8.965;0;0.468
19.06.2021 00:00;8.965;0;0.208
19.06.2021 01:00;8.965;0;0.104
19.06.2021 02:00;4.965;0;0.026
19.06.2021 03:00;2.565;0;0.026
19.06.2021 04:00;1.765;0;0.052
19.06.2021 05:00;1.639;0;0.99
19.06.2021 06:00;5.565;0;2.604
19.06.2021 07:00;1.518;0;2.109
19.06.2021 08:00;0.844;0;1.745
19.06.2021 09:00;0.843;0;1.328
19.06.2021 10:00;0.843;0;1.172
19.06.2021 11:00;0.843;0;1.094
19.06.2021 12:00;5.62;0;1.64
19.06.2021 13:00;1.518;0;1.458
19.06.2021 14:00;0.843;0;0.833
19.06.2021 15:00;0.843;0;0.729
19.06.2021 16:00;0.843;0;0.833
19.06.2021 17:00;1.518;0;1.458
19.06.2021 18:00;5.62;0;2.057
19.06.2021 19:00;6.969;0;2.083
19.06.2021 20:00;5.574;0;1.614
19.06.2021 21:00;9.64;0;1.172
19.06.2021 22:00;9.639;0;0.651
19.06.2021 23:00;8.965;0;0.495
20.06.2021 00:00;8.965;0;0.208
20.06.2021 01:00;8.965;0;0.104
20.06.2021 02:00;4.965;0;0.026
20.06.2021 03:00;2.565;0;0.026
20.06.2021 04:00;1.765;0;0.052
20.06.2021 05:00;1.639;0;0.99
20.06.2021 06:00;5.565;0;2.604
20.06.2021 07:00;1.518;0;2.109
20.06.2021 08:00;0.844;0;1.745
20.06.2021 09:00;0.843;0;1.328
20.06.2021 10:00;0.843;0;1.172
20.06.2021 11:00;0.843;0;1.094
20.06.2021 12:00;5.62;0;1.64
20.06.2021 13:00;1.518;0;1.458
20.06.2021 14:00;0.843;0;0.833
20.06.2021 15:00;0.843;0;0.729
20.06.2021 16:00;0.843;0;0.833
20.06.2021 17:00;1.518;0;1.458
20.06.2021 18:00;5.62;0;2.057
20.06.2021 19:00;6.969;0;2.083
20.06.2021 20:00;5.574;0;1.614
20.06.2021 21:00;9.64;0;1.172
20.06.2021 22:00;9.639;0;0.651
20.06.2021 23:00;8.965;0;0.495
21.06.2021 00:00;8.965;0;0.208
21.06.2021 01:00;8.965;0;0.104
21.06.2021 02:00;4.965;0;0.026
21.06.2021 03:00;2.565;0;0.026
21.06.2021 04:00;1.765;0;0.052
21.06.2021 05:00;1.639;0;0.99
21.06.2021 06:00;5.565;0;2.604
21.06.2021 07:00;1.518;0;2.109
21.06.2021 08:00;0.844;0;1.745
21.06.2021 09:00;0.843;0;1.328
21.06.2021 10:00;0.843;0;1.172
21.06.2021 11:00;0.843;0;1.094
21.06.2021 12:00;5.62;0;1.64
21.06.2021 13:00;1.518;0;1.458
21.06.2021 14:00;0.843;0;0.833
21.06.2021 15:00;0.843;0;0.729
21.06.2021 16:00;0.843;0;0.833
21.06.2021 17:00;1.518;0;1.458
21.06.2021 18:00;5.62;0;2.057
21.06.2021 19:00;6.969;0;2.083
21.06.2021 20:00;5.574;0;1.614
21.06.2021 21:00;9.64;0;1.172
21.06.2021 22:00;9.639;0;0.651
21.06.2021 23:00;8.965;0;0.495
22.06.2021 00:00;8.965;0;0.208
22.06.2021 01:00;8.965;0;0.104
22.06.2021 02:00;4.965;0;0.026
22.06.2021 03:00;2.565;0;0.026
22.06.2021 04:00;1.765;0;0.052
22.06.2021 05:00;1.639;0;0.99
22.06.2021 06:00;5.565;0;2.604
22.06.2021 07:00;1.518;0;2.109
22.06.2021 08:00;0.844;0;1.745
22.06.2021 09:00;0.843;0;1.328
22.06.2021 10:00;0.843;0;1.172
22.06.2021 11:00;0.843;0;1.094
22.06.2021 12:00;5.62;0;1.64
22.06.2021 13:00;1.518;0;1.458
22.06.2021 14:00;0.843;0;0.833
22.06.2021 15:00;0.843;0;0.729
22.06.2021 16:00;0.843;0;0.833
22.06.2021 17:00;1.518;0;1.458
22.06.2021 18:00;5.62;0;2.057
22.06.2021 19:00;6.969;0;2.083
22.06.2021 20:00;5.574;0;1.614
22.06.2021 21:00;9.64;0;1.172
22.06.2021 22:00;9.639;0;0.651
22.06.2021 23:00;8.965;0;0.495
23.06.2021 00:00;8.965;0;0.208
23.06.2021 01:00;8.965;0;0.104
23.06.2021 02:00;4.965;0;0.026
23.06.2021 03:00;2.565;0;0.026
23.06.2021 04:00;1.765;0;0.052
23.06.2021 05:00;1.639;0;0.99
23.06.2021 06:00;5.565;0;2.604
23.06.2021 07:00;1.518;0;2.109
23.06.2021 08:00;0.844;0;1.745
23.06.2021 09:00;0.843;0;1.328
23.06.2021 10:00;0.843;0;1.172
23.06.2021 11:00;0.843;0;1.094
23.06.2021 12:00;5.62;0;1.64
23.06.2021 13:00;1.518;0;1.458
23.06.2021 14:00;0.843;0;0.833
23.06.2021 15:00;0.843;0;0.729
23.06.2021 16:00;0.843;0;0.833
23.06.2021 17:00;1.518;0;1.458
23.06.2021 18:00;5.62;0;2.057
23.06.2021 19:00;6.969;0;2.083
23.06.2021 20:00;5.574;0;1.614
23.06.2021 21:00;9.64;0;1.172
23.06.2021 22:00;9.639;0;0.651
23.06.2021 23:00;8.965;0;0.495
24.06.2021 00:00;4.965;0;0.201
24.06.2021 01:00;4.965;0;0.223
24.06.2021 02:00;2.565;0;0.134
24.06.2021 03:00;1.765;0;0.045
24.06.2021 04:00;1.365;0;0.045
24.06.2021 05:00;1.639;0;0.268
24.06.2021 06:00;5.564;0;0.736
24.06.2021 07:00;1.518;0;1.249
24.06.2021 08:00;0.844;0;2.03
24.06.2021 09:00;0.844;0;2.008
24.06.2021 10:00;0.844;0;1.807
24.06.2021 11:00;4.844;0;1.941
24.06.2021 12:00;9.62;0;1.963
24.06.2021 13:00;5.518;0;1.562
24.06.2021 14:00;0.843;0;1.249
24.06.2021 15:00;0.843;0;0.982
24.06.2021 16:00;0.843;0;1.249
24.06.2021 17:00;1.518;0;1.606
24.06.2021 18:00;5.62;0;2.231
24.06.2021 19:00;6.969;0;1.762
24.06.2021 20:00;5.573;0;0.982
24.06.2021 21:00;5.639;0;0.959
24.06.2021 22:00;9.639;0;0.781
24.06.2021 23:00;4.965;0;0.469
25.06.2021 00:00;4.965;0;0.271
25.06.2021 01:00;4.965;0;0.197
25.06.2021 02:00;4.965;0;0.148
25.06.2021 03:00;4.965;0;0.049
25.06.2021 04:00;4.965;0;0.049
25.06.2021 05:00;1.639;0;0.148
25.06.2021 06:00;5.564;0;0.493
25.06.2021 07:00;1.518;0;1.01
25.06.2021 08:00;0.844;0;1.601
25.06.2021 09:00;0.844;0;2.119
25.06.2021 10:00;0.844;0;2.34
25.06.2021 11:00;4.844;0;2.463
25.06.2021 12:00;9.62;0;2.119
25.06.2021 13:00;5.518;0;1.823
25.06.2021 14:00;4.844;0;1.429
25.06.2021 15:00;4.843;0;1.256
25.06.2021 16:00;0.843;0;0.714
25.06.2021 17:00;1.518;0;1.355
25.06.2021 18:00;5.62;0;1.774
25.06.2021 19:00;6.969;0;1.921
25.06.2021 20:00;9.573;0;0.985
25.06.2021 21:00;9.639;0;0.911
25.06.2021 22:00;9.639;0;0.838
25.06.2021 23:00;8.965;0;0.468
26.06.2021 00:00;8.965;0;0.208
26.06.2021 01:00;8.965;0;0.104
26.06.2021 02:00;4.965;0;0.026
26.06.2021 03:00;2.565;0;0.026
26.06.2021 04:00;1.765;0;0.052
26.06.2021 05:00;1.639;0;0.99
26.06.2021 06:00;5.565;0;2.604
26.06.2021 07:00;1.518;0;2.109
26.06.2021 08:00;0.844;0;1.745
26.06.2021 09:00;0.843;0;1.328
26.06.2021 10:00;0.843;0;1.172
26.06.2021 11:00;0.843;0;1.094
26.06.2021 12:00;5.62;0;1.64
26.06.2021 13:00;1.518;0;1.458
26.06.2021 14:00;0.843;0;0.833
26.06.2021 15:00;0.843;0;0.729
26.06.2021 16:00;0.843;0;0.833
26.06.2021 17:00;1.518;0;1.458
26.06.2021 18:00;5.62;0;2.057
26.06.2021 19:00;6.969;0;2.083
26.06.2021 20:00;5.574;0;1.614
26.06.2021 21:00;9.64;0;1.172
26.06.2021 22:00;9.639;0;0.651
26.06.2021 23:00;8.965;0;0.495
27.06.2021 00:00;8.965;0;0.208
27.06.2021 01:00;8.965;0;0.104
27.06.2021 02:00;4.965;0;0.026
27.06.2021 03:00;2.565;0;0.026
27.06.2021 04:00;1.765;0;0.052
27.06.2021 05:00;1.639;0;0.99
27.06.2021 06:00;5.565;0;2.604
27.06.2021 07:00;1.518;0;2.109
27.06.2021 08:00;0.844;0;1.745
27.06.2021 09:00;0.843;0;1.328
27.06.2021 10:00;0.843;0;1.172
27.06.2021 11:00;0.843;0;1.094
27.06.2021 12:00;5.62;0;1.64
27.06.2021 13:00;1.518;0;1.458
27.06.2021 14:00;0.843;0;0.833
27.06.2021 15:00;0.843;0;0.729
27.06.2021 16:00;0.843;0;0.833
27.06.2021 17:00;1.518;0;1.458
27.06.2021 18:00;5.62;0;2.057
27.06.2021 19:00;6.969;0;2.083
27.06.2021 20:00;5.574;0;1.614
27.06.2021 21:00;9.64;0;1.172
27.06.2021 22:00;9.639;0;0.651
27.06.2021 23:00;8.965;0;0.495
28.06.2021 00:00;8.965;0;0.208
28.06.2021 01:00;8.965;0;0.104
28.06.2021 02:00;4.965;0;0.026
28.06.2021 03:00;2.565;0;0.026
28.06.2021 04:00;1.765;0;0.052
28.06.2021 05:00;1.639;0;0.99
28.06.2021 06:00;5.565;0;2.604
28.06.2021 07:00;1.518;0;2.109
28.06.2021 08:00;0.844;0;1.745
28.06.2021 09:00;0.843;0;1.328
28.06.2021 10:00;0.843;0;1.172
28.06.2021 11:00;0.843;0;1.094
28.06.2021 12:00;5.62;0;1.64
28.06.2021 13:00;1.518;0;1.458
28.06.2021 14:00;0.843;0;0.833
28.06.2021 15:00;0.843;0;0.729
28.06.2021 16:00;0.843;0;0.833
28.06.2021 17:00;1.518;0;1.458
28.06.2021 18:00;5.62;0;2.057
28.06.2021 19:00;6.969;0;2.083
28.06.2021 20:00;5.574;0;1.614
28.06.2021 21:00;9.64;0;1.172
28.06.2021 22:00;9.639;0;0.651
28.06.2021 23:00;8.965;0;0.495
29.06.2021 00:00;8.965;0;0.208
29.06.2021 01:00;8.965;0;0.104
29.06.2021 02:00;4.965;0;0.026
29.06.2021 03:00;2.565;0;0.026
29.06.2021 04:00;1.765;0;0.052
29.06.2021 05:00;1.639;0;0.99
29.06.2021 06:00;5.565;0;2.604
29.06.2021 07:00;1.518;0;2.109
29.06.2021 08:00;0.844;0;1.745
29.06.2021 09:00;0.843;0;1.328
29.06.2021 10:00;0.843;0;1.172
29.06.2021 11:00;0.843;0;1.094
29.06.2021 12:00;5.62;0;1.64
29.06.2021 13:00;1.518;0;1.458
29.06.2021 14:00;0.843;0;0.833
29.06.2021 15:00;0.843;0;0.729
29.06.2021 16:00;0.843;0;0.833
29.06.2021 17:00;1.518;0;1.458
29.06.2021 18:00;5.62;0;2.057
29.06.2021 19:00;6.969;0;2.083
29.06.2021 20:00;5.574;0;1.614
29.06.2021 21:00;9.64;0;1.172
29.06.2021 22:00;9.639;0;0.651
29.06.2021 23:00;8.965;0;0.495
30.06.2021 00:00;8.965;0;0.208
30.06.2021 01:00;8.965;0;0.104
30.06.2021 02:00;4.965;0;0.026
30.06.2021 03:00;2.565;0;0.026
30.06.2021 04:00;1.765;0;0.052
30.06.2021 05:00;1.639;0;0.99
30.06.2021 06:00;5.565;0;2.604
30.06.2021 07:00;1.518;0;2.109
30.06.2021 08:00;0.844;0;1.745
30.06.2021 09:00;0.843;0;1.328
30.06.2021 10:00;0.843;0;1.172
30.06.2021 11:00;0.843;0;1.094
30.06.2021 12:00;5.62;0;1.64
30.06.2021 13:00;1.518;0;1.458
30.06.2021 14:00;0.843;0;0.833
30.06.2021 15:00;0.843;0;0.729
30.06.2021 16:00;0.843;0;0.833
30.06.2021 17:00;1.518;0;1.458
30.06.2021 18:00;5.62;0;2.057
30.06.2021 19:00;6.969;0;2.083
30.06.2021 20:00;5.574;0;1.614
30.06.2021 21:00;9.64;0;1.172
30.06.2021 22:00;9.639;0;0.651
30.06.2021 23:00;8.965;0;0.495
01.07.2021 00:00;4.965;0;0.201
01.07.2021 01:00;4.965;0;0.223
01.07.2021 02:00;2.565;0;0.134
01.07.2021 03:00;1.765;0;0.045
01.07.2021 04:00;1.365;0;0.045
01.07.2021 05:00;1.639;0;0.268
01.07.2021 06:00;5.564;0;0.736
01.07.2021 07:00;1.518;0;1.249
01.07.2021 08:00;0.844;0;2.03
01.07.2021 09:00;0.844;0;2.008
01.07.2021 10:00;0.844;0;1.807
01.07.2021 11:00;4.844;0;1.941
01.07.2021 12:00;9.62;0;1.963
01.07.2021 13:00;5.518;0;1.562
01.07.2021 14:00;0.843;0;1.249
01.07.2021 15:00;0.843;0;0.982
01.07.2021 16:00;0.843;0;1.249
01.07.2021 17:00;1.518;0;1.606
01.07.2021 18:00;5.62;0;2.231
01.07.2021 19:00;6.969;0;1.762
01.07.2021 20:00;5.573;0;0.982
01.07.2021 21:00;5.639;0;0.959
01.07.2021 22:00;9.639;0;0.781
01.07.2021 23:00;4.965;0;0.469
02.07.2021 00:00;4.965;0;0.271
02.07.2021 01:00;4.965;0;0.197
02.07.2021 02:00;4.965;0;0.148
02.07.2021 03:00;4.965;0;0.049
02.07.2021 04:00;4.965;0;0.049
02.07.2021 05:00;1.639;0;0.148
02.07.2021 06:00;5.564;0;0.493
02.07.2021 07:00;1.518;0;1.01
02.07.2021 08:00;0.844;0;1.601
02.07.2021 09:00;0.844;0;2.119
02.07.2021 10:00;0.844;0;2.34
02.07.2021 11:00;4.844;0;2.463
02.07.2021 12:00;9.62;0;2.119
02.07.2021 13:00;5.518;0;1.823
02.07.2021 14:00;4.844;0;1.429
02.07.2021 15:00;4.843;0;1.256
02.07.2021 16:00;0.843;0;0.714
02.07.2021 17:00;1.518;0;1.355
02.07.2021 18:00;5.62;0;1.774
02.07.2021 19:00;6.969;0;1.921
02.07.2021 20:00;9.573;0;0.985
02.07.2021 21:00;9.639;0;0.911
02.07.2021 22:00;9.639;0;0.838
02.07.2021 23:00;8.965;0;0.468
03.07.2021 00:00;8.965;0;0.208
03.07.2021 01:00;8.965;0;0.104
03.07.2021 02:00;4.965;0;0.026
03.07.2021 03:00;2.565;0;0.026
03.07.2021 04:00;1.765;0;0.052
03.07.2021 05:00;1.639;0;0.99
03.07.2021 06:00;5.565;0;2.604
03.07.2021 07:00;1.518;0;2.109
03.07.2021 08:00;0.844;0;1.745
03.07.2021 09:00;0.843;0;1.328
03.07.2021 10:00;0.843;0;1.172
03.07.2021 11:00;0.843;0;1.094
03.07.2021 12:00;5.62;0;1.64
03.07.2021 13:00;1.518;0;1.458
03.07.2021 14:00;0.843;0;0.833
03.07.2021 15:00;0.843;0;0.729
03.07.2021 16:00;0.843;0;0.833
03.07.2021 17:00;1.518;0;1.458
03.07.2021 18:00;5.62;0;2.057
03.07.2021 19:00;6.969;0;2.083
03.07.2021 20:00;5.574;0;1.614
03.07.2021 21:00;9.64;0;1.172
03.07.2021 22:00;9.639;0;0.651
03.07.2021 23:00;8.965;0;0.495
04.07.2021 00:00;8.965;0;0.208
04.07.2021 01:00;8.965;0;0.104
04.07.2021 02:00;4.965;0;0.026
04.07.2021 03:00;2.565;0;0.026
04.07.2021 04:00;1.765;0;0.052
04.07.2021 05:00;1.639;0;0.99
04.07.2021 06:00;5.565;0;2.604
04.07.2021 07:00;1.518;0;2.109
04.07.2021 08:00;0.844;0;1.745
04.07.2021 09:00;0.843;0;1.328
04.07.2021 10:00;0.843;0;1.172
04.07.2021 11:00;0.843;0;1.094
04.07.2021 12:00;5.62;0;1.64
04.07.2021 13:00;1.518;0;1.458
04.07.2021 14:00;0.843;0;0.833
04.07.2021 15:00;0.843;0;0.729
04.07.2021 16:00;0.843;0;0.833
04.07.2021 17:00;1.518;0;1.458
04.07.2021 18:00;5.62;0;2.057
04.07.2021 19:00;6.969;0;2.083
04.07.2021 20:00;5.574;0;1.614
04.07.2021 21:00;9.64;0;1.172
04.07.2021 22:00;9.639;0;0.651
04.07.2021 23:00;8.965;0;0.495
05.07.2021 00:00;8.965;0;0.208
05.07.2021 01:00;8.965;0;0.104
05.07.2021 02:00;4.965;0;0.026
05.07.2021 03:00;2.565;0;0.026
05.07.2021 04:00;1.765;0;0.052
05.07.2021 05:00;1.639;0;0.99
05.07.2021 06:00;5.565;0;2.604
05.07.2021 07:00;1.518;0;2.109
05.07.2021 08:00;0.844;0;1.745
05.07.2021 09:00;0.843;0;1.328
05.07.2021 10:00;0.843;0;1.172
05.07.2021 11:00;0.843;0;1.094
05.07.2021 12:00;5.62;0;1.64
05.07.2021 13:00;1.518;0;1.458
05.07.2021 14:00;0.843;0;0.833
05.07.2021 15:00;0.843;0;0.729
05.07.2021 16:00;0.843;0;0.833
05.07.2021 17:00;1.518;0;1.458
05.07.2021 18:00;5.62;0;2.057
05.07.2021 19:00;6.969;0;2.083
05.07.2021 20:00;5.574;0;1.614
05.07.2021 21:00;9.64;0;1.172
05.07.2021 22:00;9.639;0;0.651
05.07.2021 23:00;8.965;0;0.495
06.07.2021 00:00;8.965;0;0.208
06.07.2021 01:00;8.965;0;0.104
06.07.2021 02:00;4.965;0;0.026
06.07.2021 03:00;2.565;0;0.026
06.07.2021 04:00;1.765;0;0.052
06.07.2021 05:00;1.639;0;0.99
06.07.2021 06:00;5.565;0;2.604
06.07.2021 07:00;1.518;0;2.109
06.07.2021 08:00;0.844;0;1.745
06.07.2021 09:00;0.843;0;1.328
06.07.2021 10:00;0.843;0;1.172
06.07.2021 11:00;0.843;0;1.094
06.07.2021 12:00;5.62;0;1.64
06.07.2021 13:00;1.518;0;1.458
06.07.2021 14:00;0.843;0;0.833
06.07.2021 15:00;0.843;0;0.729
06.07.2021 16:00;0.843;0;0.833
06.07.2021 17:00;1.518;0;1.458
06.07.2021 18:00;5.62;0;2.057
06.07.2021 19:00;6.969;0;2.083
06.07.2021 20:00;5.574;0;1.614
06.07.2021 21:00;9.64;0;1.172
06.07.2021 22:00;9.639;0;0.651
06.07.2021 23:00;8.965;0;0.495
07.07.2021 00:00;8.965;0;0.208
07.07.2021 01:00;8.965;0;0.104
07.07.2021 02:00;4.965;0;0.026
07.07.2021 03:00;2.565;0;0.026
07.07.2021 04:00;1.765;0;0.052
07.07.2021 05:00;1.639;0;0.99
07.07.2021 06:00;5.565;0;2.604
07.07.2021 07:00;1.518;0;2.109
07.07.2021 08:00;0.844;0;1.745
07.07.2021 09:00;0.843;0;1.328
07.07.2021 10:00;0.843;0;1.172
07.07.2021 11:00;0.843;0;1.094
07.07.2021 12:00;5.62;0;1.64
07.07.2021 13:00;1.518;0;1.458
07.07.2021 14:00;0.843;0;0.833
07.07.2021 15:00;0.843;0;0.729
07.07.2021 16:00;0.843;0;0.833
07.07.2021 17:00;1.518;0;1.458
07.07.2021 18:00;5.62;0;2.057
07.07.2021 19:00;6.969;0;2.083
07.07.2021 20:00;5.574;0;1.614
07.07.2021 21:00;9.64;0;1.172
07.07.2021 22:00;9.639;0;0.651
07.07.2021 23:00;8.965;0;0.495
08.07.2021 00:00;4.965;0;0.201
08.07.2021 01:00;4.965;0;0.223
08.07.2021 02:00;2.565;0;0.134
08.07.2021 03:00;1.765;0;0.045
08.07.2021 04:00;1.365;0;0.045
08.07.2021 05:00;1.639;0;0.268
08.07.2021 06:00;5.564;0;0.736
08.07.2021 07:00;1.518;0;1.249
08.07.2021 08:00;0.844;0;2.03
08.07.2021 09:00;0.844;0;2.008
08.07.2021 10:00;0.844;0;1.807
08.07.2021 11:00;4.844;0;1.941
08.07.2021 12:00;9.62;0;1.963
08.07.2021 13:00;5.518;0;1.562
08.07.2021 14:00;0.843;0;1.249
08.07.2021 15:00;0.843;0;0.982
08.07.2021 16:00;0.843;0;1.249
08.07.2021 17:00;1.518;0;1.606
08.07.2021 18:00;5.62;0;2.231
08.07.2021 19:00;6.969;0;1.762
08.07.2021 20:00;5.573;0;0.982
08.07.2021 21:00;5.639;0;0.959
08.07.2021 22:00;9.639;0;0.781
08.07.2021 23:00;4.965;0;0.469
09.07.2021 00:00;4.965;0;0.271
09.07.2021 01:00;4.965;0;0.197
09.07.2021 02:00;4.965;0;0.148
09.07.2021 03:00;4.965;0;0.049
09.07.2021 04:00;4.965;0;0.049
09.07.2021 05:00;1.639;0;0.148
09.07.2021 06:00;5.564;0;0.493
09.07.2021 07:00;1.518;0;1.01
09.07.2021 08:00;0.844;0;1.601
09.07.2021 09:00;0.844;0;2.119
09.07.2021 10:00;0.844;0;2.34
09.07.2021 11:00;4.844;0;2.463
09.07.2021 12:00;9.62;0;2.119
09.07.2021 13:00;5.518;0;1.823
09.07.2021 14:00;4.844;0;1.429
09.07.2021 15:00;4.843;0;1.256
09.07.2021 16:00;0.843;0;0.714
09.07.2021 17:00;1.518;0;1.355
09.07.2021 18:00;5.62;0;1.774
09.07.2021 19:00;6.969;0;1.921
09.07.2021 20:00;9.573;0;0.985
09.07.2021 21:00;9.639;0;0.911
09.07.2021 22:00;9.639;0;0.838
09.07.2021 23:00;8.965;0;0.468
10.07.2021 00:00;8.965;0;0.208
10.07.2021 01:00;8.965;0;0.104
10.07.2021 02:00;4.965;0;0.026
10.07.2021 03:00;2.565;0;0.026
10.07.2021 04:00;1.765;0;0.052
10.07.2021 05:00;1.639;0;0.99
10.07.2021 06:00;5.565;0;2.604
10.07.2021 07:00;1.518;0;2.109
10.07.2021 08:00;0.844;0;1.745
10.07.2021 09:00;0.843;0;1.328
10.07.2021 10:00;0.843;0;1.172
10.07.2021 11:00;0.843;0;1.094
10.07.2021 12:00;5.62;0;1.64
10.07.2021 13:00;1.518;0;1.458
10.07.2021 14:00;0.843;0;0.833
10.07.2021 15:00;0.843;0;0.729
10.07.2021 16:00;0.843;0;0.833
10.07.2021 17:00;1.518;0;1.458
10.07.2021 18:00;5.62;0;2.057
10.07.2021 19:00;6.969;0;2.083
10.07.2021 20:00;5.574;0;1.614
10.07.2021 21:00;9.64;0;1.172
10.07.2021 22:00;9.639;0;0.651
10.07.2021 23:00;8.965;0;0.495
11.07.2021 00:00;8.965;0;0.208
11.07.2021 01:00;8.965;0;0.104
11.07.2021 02:00;4.965;0;0.026
11.07.2021 03:00;2.565;0;0.026
11.07.2021 04:00;1.765;0;0.052
11.07.2021 05:00;1.639;0;0.99
11.07.2021 06:00;5.565;0;2.604
11.07.2021 07:00;1.518;0;2.109
11.07.2021 08:00;0.844;0;1.745
11.07.2021 09:00;0.843;0;1.328
11.07.2021 10:00;0.843;0;1.172
11.07.2021 11:00;0.843;0;1.094
11.07.2021 12:00;5.62;0;1.64
11.07.2021 13:00;1.518;0;1.458
11.07.2021 14:00;0.843;0;0.833
11.07.2021 15:00;0.843;0;0.729
11.07.2021 16:00;0.843;0;0.833
11.07.2021 17:00;1.518;0;1.458
11.07.2021 18:00;5.62;0;2.057
11.07.2021 19:00;6.969;0;2.083
11.07.2021 20:00;5.574;0;1.614
11.07.2021 21:00;9.64;0;1.172
11.07.2021 22:00;9.639;0;0.651
11.07.2021 23:00;8.965;0;0.495
12.07.2021 00:00;8.965;0;0.208
12.07.2021 01:00;8.965;0;0.104
12.07.2021 02:00;4.965;0;0.026
12.07.2021 03:00;2.565;0;0.026
12.07.2021 04:00;1.765;0;0.052
12.07.2021 05:00;1.639;0;0.99
12.07.2021 06:00;5.565;0;2.604
12.07.2021 07:00;1.518;0;2.109
12.07.2021 08:00;0.844;0;1.745
12.07.2021 09:00;0.843;0;1.328
12.07.2021 10:00;0.843;0;1.172
12.07.2021 11:00;0.843;0;1.094
12.07.2021 12:00;5.62;0;1.64
12.07.2021 13:00;1.518;0;1.458
12.07.2021 14:00;0.843;0;0.833
12.07.2021 15:00;0.843;0;0.729
12.07.2021 16:00;0.843;0;0.833
12.07.2021 17:00;1.518;0;1.458
12.07.2021 18:00;5.62;0;2.057
12.07.2021 19:00;6.969;0;2.083
12.07.2021 20:00;5.574;0;1.614
12.07.2021 21:00;9.64;0;1.172
12.07.2021 22:00;9.639;0;0.651
12.07.2021 23:00;8.965;0;0.495
13.07.2021 00:00;8.965;0;0.208
13.07.2021 01:00;8.965;0;0.104
13.07.2021 02:00;4.965;0;0.026
13.07.2021 03:00;2.565;0;0.026
13.07.2021 04:00;1.765;0;0.052
13.07.2021 05:00;1.639;0;0.99
13.07.2021 06:00;5.565;0;2.604
13.07.2021 07:00;1.518;0;2.109
13.07.2021 08:00;0.844;0;1.745
13.07.2021 09:00;0.843;0;1.328
13.07.2021 10:00;0.843;0;1.172
13.07.2021 11:00;0.843;0;1.094
13.07.2021 12:00;5.62;0;1.64
13.07.2021 13:00;1.518;0;1.458
13.07.2021 14:00;0.843;0;0.833
13.07.2021 15:00;0.843;0;0.729
13.07.2021 16:00;0.843;0;0.833
13.07.2021 17:00;1.518;0;1.458
13.07.2021 18:00;5.62;0;2.057
13.07.2021 19:00;6.969;0;2.083
13.07.2021 20:00;5.574;0;1.614
13.07.2021 21:00;9.64;0;1.172
13.07.2021 22:00;9.639;0;0.651
13.07.2021 23:00;8.965;0;0.495
14.07.2021 00:00;8.965;0;0.208
14.07.2021 01:00;8.965;0;0.104
14.07.2021 02:00;4.965;0;0.026
14.07.2021 03:00;2.565;0;0.026
14.07.2021 04:00;1.765;0;0.052
14.07.2021 05:00;1.639;0;0.99
14.07.2021 06:00;5.565;0;2.604
14.07.2021 07:00;1.518;0;2.109
14.07.2021 08:00;0.844;0;1.745
14.07.2021 09:00;0.843;0;1.328
14.07.2021 10:00;0.843;0;1.172
14.07.2021 11:00;0.843;0;1.094
14.07.2021 12:00;5.62;0;1.64
14.07.2021 13:00;1.518;0;1.458
14.07.2021 14:00;0.843;0;0.833
14.07.2021 15:00;0.843;0;0.729
14.07.2021 16:00;0.843;0;0.833
14.07.2021 17:00;1.518;0;1.458
14.07.2021 18:00;5.62;0;2.057
14.07.2021 19:00;6.969;0;2.083
14.07.2021 20:00;5.574;0;1.614
14.07.2021 21:00;9.64;0;1.172
14.07.2021 22:00;9.639;0;0.651
14.07.2021 23:00;8.965;0;0.495
15.07.2021 00:00;4.965;0;0.201
15.07.2021 01:00;4.965;0;0.223
15.07.2021 02:00;2.565;0;0.134
15.07.2021 03:00;1.765;0;0.045
15.07.2021 04:00;1.365;0;0.045
15.07.2021 05:00;1.639;0;0.268
15.07.2021 06:00;5.564;0;0.736
15.07.2021 07:00;1.518;0;1.249
15.07.2021 08:00;0.844;0;2.03
15.07.2021 09:00;0.844;0;2.008
15.07.2021 10:00;0.844;0;1.807
15.07.2021 11:00;4.844;0;1.941
15.07.2021 12:00;9.62;0;1.963
15.07.2021 13:00;5.518;0;1.562
15.07.2021 14:00;0.843;0;1.249
15.07.2021 15:00;0.843;0;0.982
15.07.2021 16:00;0.843;0;1.249
15.07.2021 17:00;1.518;0;1.606
15.07.2021 18:00;5.62;0;2.231
15.07.2021 19:00;6.969;0;1.762
15.07.2021 20:00;5.573;0;0.982
15.07.2021 21:00;5.639;0;0.959
15.07.2021 22:00;9.639;0;0.781
15.07.2021 23:00;4.965;0;0.469
16.07.2021 00:00;4.965;0;0.271
16.07.2021 01:00;4.965;0;0.197
16.07.2021 02:00;4.965;0;0.148
16.07.2021 03:00;4.965;0;0.049
16.07.2021 04:00;4.965;0;0.049
16.07.2021 05:00;1.639;0;0.148
16.07.2021 06:00;5.564;0;0.493
16.07.2021 07:00;1.518;0;1.01
16.07.2021 08:00;0.844;0;1.601
16.07.2021 09:00;0.844;0;2.119
16.07.2021 10:00;0.844;0;2.34
16.07.2021 11:00;4.844;0;2.463
16.07.2021 12:00;9.62;0;2.119
16.07.2021 13:00;5.518;0;1.823
16.07.2021 14:00;4.844;0;1.429
16.07.2021 15:00;4.843;0;1.256
16.07.2021 16:00;0.843;0;0.714
16.07.2021 17:00;1.518;0;1.355
16.07.2021 18:00;5.62;0;1.774
16.07.2021 19:00;6.969;0;1.921
16.07.2021 20:00;9.573;0;0.985
16.07.2021 21:00;9.639;0;0.911
16.07.2021 22:00;9.639;0;0.838
16.07.2021 23:00;8.965;0;0.468
17.07.2021 00:00;8.965;0;0.208
17.07.2021 01:00;8.965;0;0.104
17.07.2021 02:00;4.965;0;0.026
17.07.2021 03:00;2.565;0;0.026
17.07.2021 04:00;1.765;0;0.052
17.07.2021 05:00;1.639;0;0.99
17.07.2021 06:00;5.565;0;2.604
17.07.2021 07:00;1.518;0;2.109
17.07.2021 08:00;0.844;0;1.745
17.07.2021 09:00;0.843;0;1.328
17.07.2021 10:00;0.843;0;1.172
17.07.2021 11:00;0.843;0;1.094
17.07.2021 12:00;5.62;0;1.64
17.07.2021 13:00;1.518;0;1.458
17.07.2021 14:00;0.843;0;0.833
17.07.2021 15:00;0.843;0;0.729
17.07.2021 16:00;0.843;0;0.833
17.07.2021 17:00;1.518;0;1.458
17.07.2021 18:00;5.62;0;2.057
17.07.2021 19:00;6.969;0;2.083
17.07.2021 20:00;5.574;0;1.614
17.07.2021 21:00;9.64;0;1.172
17.07.2021 22:00;9.639;0;0.651
17.07.2021 23:00;8.965;0;0.495
18.07.2021 00:00;8.965;0;0.208
18.07.2021 01:00;8.965;0;0.104
18.07.2021 02:00;4.965;0;0.026
18.07.2021 03:00;2.565;0;0.026
18.07.2021 04:00;1.765;0;0.052
18.07.2021 05:00;1.639;0;0.99
18.07.2021 06:00;5.565;0;2.604
18.07.2021 07:00;1.518;0;2.109
18.07.2021 08:00;0.844;0;1.745
18.07.2021 09:00;0.843;0;1.328
18.07.2021 10:00;0.843;0;1.172
18.07.2021 11:00;0.843;0;1.094
18.07.2021 12:00;5.62;0;1.64
18.07.2021 13:00;1.518;0;1.458
18.07.2021 14:00;0.843;0;0.833
18.07.2021 15:00;0.843;0;0.729
18.07.2021 16:00;0.843;0;0.833
18.07.2021 17:00;1.518;0;1.458
18.07.2021 18:00;5.62;0;2.057
18.07.2021 19:00;6.969;0;2.083
18.07.2021 20:00;5.574;0;1.614
18.07.2021 21:00;9.64;0;1.172
18.07.2021 22:00;9.639;0;0.651
18.07.2021 23:00;8.965;0;0.495
19.07.2021 00:00;8.965;0;0.208
19.07.2021 01:00;8.965;0;0.104
19.07.2021 02:00;4.965;0;0.026
19.07.2021 03:00;2.565;0;0.026
19.07.2021 04:00;1.765;0;0.052
19.07.2021 05:00;1.639;0;0.99
19.07.2021 06:00;5.565;0;2.604
19.07.2021 07:00;1.518;0;2.109
19.07.2021 08:00;0.844;0;1.745
19.07.2021 09:00;0.843;0;1.328
19.07.2021 10:00;0.843;0;1.172
19.07.2021 11:00;0.843;0;1.094
19.07.2021 12:00;5.62;0;1.64
19.07.2021 13:00;1.518;0;1.458
19.07.2021 14:00;0.843;0;0.833
19.07.2021 15:00;0.843;0;0.729
19.07.2021 16:00;0.843;0;0.833
19.07.2021 17:00;1.518;0;1.458
19.07.2021 18:00;5.62;0;2.057
19.07.2021 19:00;6.969;0;2.083
19.07.2021 20:00;5.574;0;1.614
19.07.2021 21:00;9.64;0;1.172
19.07.2021 22:00;9.639;0;0.651
19.07.2021 23:00;8.965;0;0.495
20.07.2021 00:00;8.965;0;0.208
20.07.2021 01:00;8.965;0;0.104
20.07.2021 02:00;4.965;0;0.026
20.07.2021 03:00;2.565;0;0.026
20.07.2021 04:00;1.765;0;0.052
20.07.2021 05:00;1.639;0;0.99
20.07.2021 06:00;5.565;0;2.604
20.07.2021 07:00;1.518;0;2.109
20.07.2021 08:00;0.844;0;1.745
20.07.2021 09:00;0.843;0;1.328
20.07.2021 10:00;0.843;0;1.172
20.07.2021 11:00;0.843;0;1.094
20.07.2021 12:00;5.62;0;1.64
20.07.2021 13:00;1.518;0;1.458
20.07.2021 14:00;0.843;0;0.833
20.07.2021 15:00;0.843;0;0.729
20.07.2021 16:00;0.843;0;0.833
20.07.2021 17:00;1.518;0;1.458
20.07.2021 18:00;5.62;0;2.057
20.07.2021 19:00;6.969;0;2.083
20.07.2021 20:00;5.574;0;1.614
20.07.2021 21:00;9.64;0;1.172
20.07.2021 22:00;9.639;0;0.651
20.07.2021 23:00;8.965;0;0.495
21.07.2021 00:00;8.965;0;0.208
21.07.2021 01:00;8.965;0;0.104
21.07.2021 02:00;4.965;0;0.026
21.07.2021 03:00;2.565;0;0.026
21.07.2021 04:00;1.765;0;0.052
21.07.2021 05:00;1.639;0;0.99
21.07.2021 06:00;5.565;0;2.604
21.07.2021 07:00;1.518;0;2.109
21.07.2021 08:00;0.844;0;1.745
21.07.2021 09:00;0.843;0;1.328
21.07.2021 10:00;0.843;0;1.172
21.07.2021 11:00;0.843;0;1.094
21.07.2021 12:00;5.62;0;1.64
21.07.2021 13:00;1.518;0;1.458
21.07.2021 14:00;0.843;0;0.833
21.07.2021 15:00;0.843;0;0.729
21.07.2021 16:00;0.843;0;0.833
21.07.2021 17:00;1.518;0;1.458
21.07.2021 18:00;5.62;0;2.057
21.07.2021 19:00;6.969;0;2.083
21.07.2021 20:00;5.574;0;1.614
21.07.2021 21:00;9.64;0;1.172
21.07.2021 22:00;9.639;0;0.651
21.07.2021 23:00;8.965;0;0.495
22.07.2021 00:00;4.965;0;0.201
22.07.2021 01:00;4.965;0;0.223
22.07.2021 02:00;2.565;0;0.134
22.07.2021 03:00;1.765;0;0.045
22.07.2021 04:00;1.365;0;0.045
22.07.2021 05:00;1.639;0;0.268
22.07.2021 06:00;5.564;0;0.736
22.07.2021 07:00;1.518;0;1.249
22.07.2021 08:00;0.844;0;2.03
22.07.2021 09:00;0.844;0;2.008
22.07.2021 10:00;0.844;0;1.807
22.07.2021 11:00;4.844;0;1.941
22.07.2021 12:00;9.62;0;1.963
22.07.2021 13:00;5.518;0;1.562
22.07.2021 14:00;0.843;0;1.249
22.07.2021 15:00;0.843;0;0.982
22.07.2021 16:00;0.843;0;1.249
22.07.2021 17:00;1.518;0;1.606
22.07.2021 18:00;5.62;0;2.231
22.07.2021 19:00;6.969;0;1.762
22.07.2021 20:00;5.573;0;0.982
22.07.2021 21:00;5.639;0;0.959
22.07.2021 22:00;9.639;0;0.781
22.07.2021 23:00;4.965;0;0.469
23.07.2021 00:00;4.965;0;0.271
23.07.2021 01:00;4.965;0;0.197
23.07.2021 02:00;4.965;0;0.148
23.07.2021 03:00;4.965;0;0.049
23.07.2021 04:00;4.965;0;0.049
23.07.2021 05:00;1.639;0;0.148
23.07.2021 06:00;5.564;0;0.493
23.07.2021 07:00;1.518;0;1.01
23.07.2021 08:00;0.844;0;1.601
23.07.2021 09:00;0.844;0;2.119
23.07.2021 10:00;0.844;0;2.34
23.07.2021 11:00;4.844;0;2.463
23.07.2021 12:00;9.62;0;2.119
23.07.2021 13:00;5.518;0;1.823
23.07.2021 14:00;4.844;0;1.429
23.07.2021 15:00;4.843;0;1.256
23.07.2021 16:00;0.843;0;0.714
23.07.2021 17:00;1.518;0;1.355
23.07.2021 18:00;5.62;0;1.774
23.07.2021 19:00;6.969;0;1.921
23.07.2021 20:00;9.573;0;0.985
23.07.2021 21:00;9.639;0;0.911
23.07.2021 22:00;9.639;0;0.838
23.07.2021 23:00;8.965;0;0.468
24.07.2021 00:00;8.965;0;0.208
24.07.2021 01:00;8.965;0;0.104
24.07.2021 02:00;4.965;0;0.026
24.07.2021 03:00;2.565;0;0.026
24.07.2021 04:00;1.765;0;0.052
24.07.2021 05:00;1.639;0;0.99
24.07.2021 06:00;5.565;0;2.604
24.07.2021 07:00;1.518;0;2.109
24.07.2021 08:00;0.844;0;1.745
24.07.2021 09:00;0.843;0;1.328
24.07.2021 10:00;0.843;0;1.172
24.07.2021 11:00;0.843;0;1.094
24.07.2021 12:00;5.62;0;1.64
24.07.2021 13:00;1.518;0;1.458
24.07.2021 14:00;0.843;0;0.833
24.07.2021 15:00;0.843;0;0.729
24.07.2021 16:00;0.843;0;0.833
24.07.2021 17:00;1.518;0;1.458
24.07.2021 18:00;5.62;0;2.057
24.07.2021 19:00;6.969;0;2.083
24.07.2021 20:00;5.574;0;1.614
24.07.2021 21:00;9.64;0;1.172
24.07.2021 22:00;9.639;0;0.651
24.07.2021 23:00;8.965;0;0.495
25.07.2021 00:00;8.965;0;0.208
25.07.2021 01:00;8.965;0;0.104
25.07.2021 02:00;4.965;0;0.026
25.07.2021 03:00;2.565;0;0.026
25.07.2021 04:00;1.765;0;0.052
25.07.2021 05:00;1.639;0;0.99
25.07.2021 06:00;5.565;0;2.604
25.07.2021 07:00;1.518;0;2.109
25.07.2021 08:00;0.844;0;1.745
25.07.2021 09:00;0.843;0;1.328
25.07.2021 10:00;0.843;0;1.172
25.07.2021 11:00;0.843;0;1.094
25.07.2021 12:00;5.62;0;1.64
25.07.2021 13:00;1.518;0;1.458
25.07.2021 14:00;0.843;0;0.833
25.07.2021 15:00;0.843;0;0.729
25.07.2021 16:00;0.843;0;0.833
25.07.2021 17:00;1.518;0;1.458
25.07.2021 18:00;5.62;0;2.057
25.07.2021 19:00;6.969;0;2.083
25.07.2021 20:00;5.574;0;1.614
25.07.2021 21:00;9.64;0;1.172
25.07.2021 22:00;9.639;0;0.651
25.07.2021 23:00;8.965;0;0.495
26.07.2021 00:00;8.965;0;0.208
26.07.2021 01:00;8.965;0;0.104
26.07.2021 02:00;4.965;0;0.026
26.07.2021 03:00;2.565;0;0.026
26.07.2021 04:00;1.765;0;0.052
26.07.2021 05:00;1.639;0;0.99
26.07.2021 06:00;5.565;0;2.604
26.07.2021 07:00;1.518;0;2.109
26.07.2021 08:00;0.844;0;1.745
26.07.2021 09:00;0.843;0;1.328
26.07.2021 10:00;0.843;0;1.172
26.07.2021 11:00;0.843;0;1.094
26.07.2021 12:00;5.62;0;1.64
26.07.2021 13:00;1.518;0;1.458
26.07.2021 14:00;0.843;0;0.833
26.07.2021 15:00;0.843;0;0.729
26.07.2021 16:00;0.843;0;0.833
26.07.2021 17:00;1.518;0;1.458
26.07.2021 18:00;5.62;0;2.057
26.07.2021 19:00;6.969;0;2.083
26.07.2021 20:00;5.574;0;1.614
26.07.2021 21:00;9.64;0;1.172
26.07.2021 22:00;9.639;0;0.651
26.07.2021 23:00;8.965;0;0.495
27.07.2021 00:00;8.965;0;0.208
27.07.2021 01:00;8.965;0;0.104
27.07.2021 02:00;4.965;0;0.026
27.07.2021 03:00;2.565;0;0.026
27.07.2021 04:00;1.765;0;0.052
27.07.2021 05:00;1.639;0;0.99
27.07.2021 06:00;5.565;0;2.604
27.07.2021 07:00;1.518;0;2.109
27.07.2021 08:00;0.844;0;1.745
27.07.2021 09:00;0.843;0;1.328
27.07.2021 10:00;0.843;0;1.172
27.07.2021 11:00;0.843;0;1.094
27.07.2021 12:00;5.62;0;1.64
27.07.2021 13:00;1.518;0;1.458
27.07.2021 14:00;0.843;0;0.833
27.07.2021 15:00;0.843;0;0.729
27.07.2021 16:00;0.843;0;0.833
27.07.2021 17:00;1.518;0;1.458
27.07.2021 18:00;5.62;0;2.057
27.07.2021 19:00;6.969;0;2.083
27.07.2021 20:00;5.574;0;1.614
27.07.2021 21:00;9.64;0;1.172
27.07.2021 22:00;9.639;0;0.651
27.07.2021 23:00;8.965;0;0.495
28.07.2021 00:00;8.965;0;0.208
28.07.2021 01:00;8.965;0;0.104
28.07.2021 02:00;4.965;0;0.026
28.07.2021 03:00;2.565;0;0.026
28.07.2021 04:00;1.765;0;0.052
28.07.2021 05:00;1.639;0;0.99
28.07.2021 06:00;5.565;0;2.604
28.07.2021 07:00;1.518;0;2.109
28.07.2021 08:00;0.844;0;1.745
28.07.2021 09:00;0.843;0;1.328
28.07.2021 10:00;0.843;0;1.172
28.07.2021 11:00;0.843;0;1.094
28.07.2021 12:00;5.62;0;1.64
28.07.2021 13:00;1.518;0;1.458
28.07.2021 14:00;0.843;0;0.833
28.07.2021 15:00;0.843;0;0.729
28.07.2021 16:00;0.843;0;0.833
28.07.2021 17:00;1.518;0;1.458
28.07.2021 18:00;5.62;0;2.057
28.07.2021 19:00;6.969;0;2.083
28.07.2021 20:00;5.574;0;1.614
28.07.2021 21:00;9.64;0;1.172
28.07.2021 22:00;9.639;0;0.651
28.07.2021 23:00;8.965;0;0.495
29.07.2021 00:00;4.965;0;0.201
29.07.2021 01:00;4.965;0;0.223
29.07.2021 02:00;2.565;0;0.134
29.07.2021 03:00;1.765;0;0.045
29.07.2021 04:00;1.365;0;0.045
29.07.2021 05:00;1.639;0;0.268
29.07.2021 06:00;5.564;0;0.736
29.07.2021 07:00;1.518;0;1.249
29.07.2021 08:00;0.844;0;2.03
29.07.2021 09:00;0.844;0;2.008
29.07.2021 10:00;0.844;0;1.807
29.07.2021 11:00;4.844;0;1.941
29.07.2021 12:00;9.62;0;1.963
29.07.2021 13:00;5.518;0;1.562
29.07.2021 14:00;0.843;0;1.249
29.07.2021 15:00;0.843;0;0.982
29.07.2021 16:00;0.843;0;1.249
29.07.2021 17:00;1.518;0;1.606
29.07.2021 18:00;5.62;0;2.231
29.07.2021 19:00;6.969;0;1.762
29.07.2021 20:00;5.573;0;0.982
29.07.2021 21:00;5.639;0;0.959
29.07.2021 22:00;9.639;0;0.781
29.07.2021 23:00;4.965;0;0.469
30.07.2021 00:00;4.965;0;0.271
30.07.2021 01:00;4.965;0;0.197
30.07.2021 02:00;4.965;0;0.148
30.07.2021 03:00;4.965;0;0.049
30.07.2021 04:00;4.965;0;0.049
30.07.2021 05:00;1.639;0;0.148
30.07.2021 06:00;5.564;0;0.493
30.07.2021 07:00;1.518;0;1.01
30.07.2021 08:00;0.844;0;1.601
30.07.2021 09:00;0.844;0;2.119
30.07.2021 10:00;0.844;0;2.34
30.07.2021 11:00;4.844;0;2.463
30.07.2021 12:00;9.62;0;2.119
30.07.2021 13:00;5.518;0;1.823
30.07.2021 14:00;4.844;0;1.429
30.07.2021 15:00;4.843;0;1.256
30.07.2021 16:00;0.843;0;0.714
30.07.2021 17:00;1.518;0;1.355
30.07.2021 18:00;5.717;0;1.774
30.07.2021 19:00;7.066;0;1.921
30.07.2021 20:00;9.573;0;0.985
30.07.2021 21:00;9.639;0;0.911
30.07.2021 22:00;9.639;0;0.838
30.07.2021 23:00;8.965;0;0.468
31.07.2021 00:00;8.965;0;0.208
31.07.2021 01:00;8.965;0;0.104
31.07.2021 02:00;4.965;0;0.026
31.07.2021 03:00;2.565;0;0.026
31.07.2021 04:00;1.765;0;0.052
31.07.2021 05:00;1.639;0;0.99
31.07.2021 06:00;5.565;0;2.604
31.07.2021 07:00;1.518;0;2.109
31.07.2021 08:00;0.844;0;1.745
31.07.2021 09:00;0.843;0;1.328
31.07.2021 10:00;0.843;0;1.172
31.07.2021 11:00;0.843;0;1.094
31.07.2021 12:00;5.717;0;1.64
31.07.2021 13:00;1.518;0;1.458
31.07.2021 14:00;0.843;0;0.833
31.07.2021 15:00;0.843;0;0.729
31.07.2021 16:00;0.843;0;0.833
31.07.2021 17:00;1.615;0;1.458
31.07.2021 18:00;5.717;0;2.057
31.07.2021 19:00;7.066;0;2.083
31.07.2021 20:00;5.574;0;1.614
31.07.2021 21:00;9.64;0;1.172
31.07.2021 22:00;9.639;0;0.651
31.07.2021 23:00;8.965;0;0.495
01.08.2021 00:00;8.965;0;0.208
01.08.2021 01:00;8.965;0;0.104
01.08.2021 02:00;4.965;0;0.026
01.08.2021 03:00;2.565;0;0.026
01.08.2021 04:00;1.765;0;0.052
01.08.2021 05:00;1.639;0;0.99
01.08.2021 06:00;5.565;0;2.604
01.08.2021 07:00;1.518;0;2.109
01.08.2021 08:00;0.844;0;1.745
01.08.2021 09:00;0.843;0;1.328
01.08.2021 10:00;0.843;0;1.172
01.08.2021 11:00;0.843;0;1.094
01.08.2021 12:00;5.62;0;1.64
01.08.2021 13:00;1.518;0;1.458
01.08.2021 14:00;0.843;0;0.833
01.08.2021 15:00;0.843;0;0.729
01.08.2021 16:00;0.843;0;0.833
01.08.2021 17:00;1.518;0;1.458
01.08.2021 18:00;5.62;0;2.057
01.08.2021 19:00;6.969;0;2.083
01.08.2021 20:00;5.574;0;1.614
01.08.2021 21:00;9.64;0;1.172
01.08.2021 22:00;9.639;0;0.651
01.08.2021 23:00;8.965;0;0.495
02.08.2021 00:00;8.965;0;0.208
02.08.2021 01:00;8.965;0;0.104
02.08.2021 02:00;4.965;0;0.026
02.08.2021 03:00;2.565;0;0.026
02.08.2021 04:00;1.765;0;0.052
02.08.2021 05:00;1.639;0;0.99
02.08.2021 06:00;5.565;0;2.604
02.08.2021 07:00;1.518;0;2.109
02.08.2021 08:00;0.844;0;1.745
02.08.2021 09:00;0.843;0;1.328
02.08.2021 10:00;0.843;0;1.172
02.08.2021 11:00;0.843;0;1.094
02.08.2021 12:00;5.62;0;1.64
02.08.2021 13:00;1.518;0;1.458
02.08.2021 14:00;0.843;0;0.833
02.08.2021 15:00;0.843;0;0.729
02.08.2021 16:00;0.843;0;0.833
02.08.2021 17:00;1.518;0;1.458
02.08.2021 18:00;5.62;0;2.057
02.08.2021 19:00;6.969;0;2.083
02.08.2021 20:00;5.574;0;1.614
02.08.2021 21:00;9.64;0;1.172
02.08.2021 22:00;9.639;0;0.651
02.08.2021 23:00;8.965;0;0.495
03.08.2021 00:00;8.965;0;0.208
03.08.2021 01:00;8.965;0;0.104
03.08.2021 02:00;4.965;0;0.026
03.08.2021 03:00;2.565;0;0.026
03.08.2021 04:00;1.765;0;0.052
03.08.2021 05:00;1.639;0;0.99
03.08.2021 06:00;5.565;0;2.604
03.08.2021 07:00;1.518;0;2.109
03.08.2021 08:00;0.844;0;1.745
03.08.2021 09:00;0.843;0;1.328
03.08.2021 10:00;0.843;0;1.172
03.08.2021 11:00;0.843;0;1.094
03.08.2021 12:00;5.62;0;1.64
03.08.2021 13:00;1.518;0;1.458
03.08.2021 14:00;0.843;0;0.833
03.08.2021 15:00;0.843;0;0.729
03.08.2021 16:00;0.843;0;0.833
03.08.2021 17:00;1.518;0;1.458
03.08.2021 18:00;5.717;0;2.057
03.08.2021 19:00;7.066;0;2.083
03.08.2021 20:00;5.91;0;1.614
03.08.2021 21:00;9.64;0;1.172
03.08.2021 22:00;9.639;0;0.651
03.08.2021 23:00;8.965;0;0.495
04.08.2021 00:00;8.965;0;0.208
04.08.2021 01:00;8.965;0;0.104
04.08.2021 02:00;4.965;0;0.026
04.08.2021 03:00;2.565;0;0.026
04.08.2021 04:00;1.765;0;0.052
04.08.2021 05:00;1.639;0;0.99
04.08.2021 06:00;5.565;0;2.604
04.08.2021 07:00;1.518;0;2.109
04.08.2021 08:00;0.844;0;1.745
04.08.2021 09:00;0.843;0;1.328
04.08.2021 10:00;0.843;0;1.172
04.08.2021 11:00;0.843;0;1.094
04.08.2021 12:00;5.62;0;1.64
04.08.2021 13:00;1.518;0;1.458
04.08.2021 14:00;0.843;0;0.833
04.08.2021 15:00;0.843;0;0.729
04.08.2021 16:00;0.843;0;0.833
04.08.2021 17:00;1.518;0;1.458
04.08.2021 18:00;5.62;0;2.057
04.08.2021 19:00;6.969;0;2.083
04.08.2021 20:00;5.574;0;1.614
04.08.2021 21:00;9.64;0;1.172
04.08.2021 22:00;9.639;0;0.651
04.08.2021 23:00;8.965;0;0.495
05.08.2021 00:00;4.965;0;0.201
05.08.2021 01:00;4.965;0;0.223
05.08.2021 02:00;2.565;0;0.134
05.08.2021 03:00;1.765;0;0.045
05.08.2021 04:00;1.365;0;0.045
05.08.2021 05:00;1.639;0;0.268
05.08.2021 06:00;5.564;0;0.736
05.08.2021 07:00;1.518;0;1.249
05.08.2021 08:00;0.844;0;2.03
05.08.2021 09:00;0.844;0;2.008
05.08.2021 10:00;0.844;0;1.807
05.08.2021 11:00;4.844;0;1.941
05.08.2021 12:00;9.717;0;1.963
05.08.2021 13:00;5.518;0;1.562
05.08.2021 14:00;0.843;0;1.249
05.08.2021 15:00;0.843;0;0.982
05.08.2021 16:00;0.843;0;1.249
05.08.2021 17:00;1.518;0;1.606
05.08.2021 18:00;5.717;0;2.231
05.08.2021 19:00;7.066;0;1.762
05.08.2021 20:00;5.573;0;0.982
05.08.2021 21:00;5.639;0;0.959
05.08.2021 22:00;9.639;0;0.781
05.08.2021 23:00;4.965;0;0.469
06.08.2021 00:00;4.965;0;0.271
06.08.2021 01:00;4.965;0;0.197
06.08.2021 02:00;4.965;0;0.148
06.08.2021 03:00;4.965;0;0.049
06.08.2021 04:00;4.965;0;0.049
06.08.2021 05:00;1.639;0;0.148
06.08.2021 06:00;5.564;0;0.493
06.08.2021 07:00;1.518;0;1.01
06.08.2021 08:00;0.844;0;1.601
06.08.2021 09:00;0.844;0;2.119
06.08.2021 10:00;0.844;0;2.34
06.08.2021 11:00;4.844;0;2.463
06.08.2021 12:00;9.717;0;2.119
06.08.2021 13:00;5.615;0;1.823
06.08.2021 14:00;4.844;0;1.429
06.08.2021 15:00;4.843;0;1.256
06.08.2021 16:00;0.94;0;0.714
06.08.2021 17:00;1.615;0;1.355
06.08.2021 18:00;5.717;0;1.774
06.08.2021 19:00;7.066;0;1.921
06.08.2021 20:00;9.916;0;0.985
06.08.2021 21:00;9.639;0;0.911
06.08.2021 22:00;9.639;0;0.838
06.08.2021 23:00;8.965;0;0.468
07.08.2021 00:00;8.965;0;0.208
07.08.2021 01:00;8.965;0;0.104
07.08.2021 02:00;4.965;0;0.026
07.08.2021 03:00;2.565;0;0.026
07.08.2021 04:00;1.765;0;0.052
07.08.2021 05:00;1.639;0;0.99
07.08.2021 06:00;5.662;0;2.604
07.08.2021 07:00;1.518;0;2.109
07.08.2021 08:00;0.844;0;1.745
07.08.2021 09:00;0.843;0;1.328
07.08.2021 10:00;0.941;0;1.172
07.08.2021 11:00;0.941;0;1.094
07.08.2021 12:00;5.716;0;1.64
07.08.2021 13:00;1.615;0;1.458
07.08.2021 14:00;0.941;0;0.833
07.08.2021 15:00;0.94;0;0.729
07.08.2021 16:00;0.941;0;0.833
07.08.2021 17:00;1.615;0;1.458
07.08.2021 18:00;6.063;0;2.057
07.08.2021 19:00;7.066;0;2.083
07.08.2021 20:00;5.574;0;1.614
07.08.2021 21:00;9.64;0;1.172
07.08.2021 22:00;9.639;0;0.651
07.08.2021 23:00;8.965;0;0.495
08.08.2021 00:00;8.965;0;0.208
08.08.2021 01:00;8.965;0;0.104
08.08.2021 02:00;4.965;0;0.026
08.08.2021 03:00;2.565;0;0.026
08.08.2021 04:00;1.765;0;0.052
08.08.2021 05:00;1.639;0;0.99
08.08.2021 06:00;5.662;0;2.604
08.08.2021 07:00;1.518;0;2.109
08.08.2021 08:00;0.844;0;1.745
08.08.2021 09:00;0.843;0;1.328
08.08.2021 10:00;0.843;0;1.172
08.08.2021 11:00;0.843;0;1.094
08.08.2021 12:00;5.717;0;1.64
08.08.2021 13:00;1.518;0;1.458
08.08.2021 14:00;0.843;0;0.833
08.08.2021 15:00;0.843;0;0.729
08.08.2021 16:00;0.843;0;0.833
08.08.2021 17:00;1.518;0;1.458
08.08.2021 18:00;5.717;0;2.057
08.08.2021 19:00;7.066;0;2.083
08.08.2021 20:00;5.574;0;1.614
08.08.2021 21:00;9.64;0;1.172
08.08.2021 22:00;9.639;0;0.651
08.08.2021 23:00;8.965;0;0.495
09.08.2021 00:00;8.965;0;0.208
09.08.2021 01:00;8.965;0;0.104
09.08.2021 02:00;4.965;0;0.026
09.08.2021 03:00;2.565;0;0.026
09.08.2021 04:00;1.765;0;0.052
09.08.2021 05:00;1.639;0;0.99
09.08.2021 06:00;5.565;0;2.604
09.08.2021 07:00;1.518;0;2.109
09.08.2021 08:00;0.844;0;1.745
09.08.2021 09:00;0.843;0;1.328
09.08.2021 10:00;0.843;0;1.172
09.08.2021 11:00;0.843;0;1.094
09.08.2021 12:00;5.62;0;1.64
09.08.2021 13:00;1.518;0;1.458
09.08.2021 14:00;0.843;0;0.833
09.08.2021 15:00;0.843;0;0.729
09.08.2021 16:00;0.843;0;0.833
09.08.2021 17:00;1.518;0;1.458
09.08.2021 18:00;5.62;0;2.057
09.08.2021 19:00;7.066;0;2.083
09.08.2021 20:00;5.574;0;1.614
09.08.2021 21:00;9.64;0;1.172
09.08.2021 22:00;9.639;0;0.651
09.08.2021 23:00;8.965;0;0.495
10.08.2021 00:00;8.965;0;0.208
10.08.2021 01:00;8.965;0;0.104
10.08.2021 02:00;4.965;0;0.026
10.08.2021 03:00;2.565;0;0.026
10.08.2021 04:00;1.765;0;0.052
10.08.2021 05:00;1.639;0;0.99
10.08.2021 06:00;5.565;0;2.604
10.08.2021 07:00;1.518;0;2.109
10.08.2021 08:00;0.844;0;1.745
10.08.2021 09:00;0.843;0;1.328
10.08.2021 10:00;0.843;0;1.172
10.08.2021 11:00;0.843;0;1.094
10.08.2021 12:00;5.717;0;1.64
10.08.2021 13:00;1.518;0;1.458
10.08.2021 14:00;0.843;0;0.833
10.08.2021 15:00;0.843;0;0.729
10.08.2021 16:00;0.843;0;0.833
10.08.2021 17:00;1.518;0;1.458
10.08.2021 18:00;5.62;0;2.057
10.08.2021 19:00;7.066;0;2.083
10.08.2021 20:00;5.574;0;1.614
10.08.2021 21:00;9.64;0;1.172
10.08.2021 22:00;9.639;0;0.651
10.08.2021 23:00;8.965;0;0.495
11.08.2021 00:00;8.965;0;0.208
11.08.2021 01:00;8.965;0;0.104
11.08.2021 02:00;4.965;0;0.026
11.08.2021 03:00;2.565;0;0.026
11.08.2021 04:00;1.765;0;0.052
11.08.2021 05:00;1.639;0;0.99
11.08.2021 06:00;5.565;0;2.604
11.08.2021 07:00;1.518;0;2.109
11.08.2021 08:00;0.844;0;1.745
11.08.2021 09:00;0.843;0;1.328
11.08.2021 10:00;0.843;0;1.172
11.08.2021 11:00;0.843;0;1.094
11.08.2021 12:00;5.717;0;1.64
11.08.2021 13:00;1.916;0;1.458
11.08.2021 14:00;0.843;0;0.833
11.08.2021 15:00;0.843;0;0.729
11.08.2021 16:00;0.843;0;0.833
11.08.2021 17:00;1.518;0;1.458
11.08.2021 18:00;5.717;0;2.057
11.08.2021 19:00;7.306;0;2.083
11.08.2021 20:00;5.574;0;1.614
11.08.2021 21:00;9.64;0;1.172
11.08.2021 22:00;9.639;0;0.651
11.08.2021 23:00;8.965;0;0.495
12.08.2021 00:00;4.965;0;0.201
12.08.2021 01:00;4.965;0;0.223
12.08.2021 02:00;2.565;0;0.134
12.08.2021 03:00;1.765;0;0.045
12.08.2021 04:00;1.365;0;0.045
12.08.2021 05:00;1.639;0;0.268
12.08.2021 06:00;5.564;0;0.736
12.08.2021 07:00;1.518;0;1.249
12.08.2021 08:00;0.844;0;2.03
12.08.2021 09:00;0.844;0;2.008
12.08.2021 10:00;0.844;0;1.807
12.08.2021 11:00;4.844;0;1.941
12.08.2021 12:00;9.717;0;1.963
12.08.2021 13:00;5.518;0;1.562
12.08.2021 14:00;0.843;0;1.249
12.08.2021 15:00;0.843;0;0.982
12.08.2021 16:00;0.843;0;1.249
12.08.2021 17:00;1.615;0;1.606
12.08.2021 18:00;5.717;0;2.231
12.08.2021 19:00;7.066;0;1.762
12.08.2021 20:00;5.912;0;0.982
12.08.2021 21:00;5.639;0;0.959
12.08.2021 22:00;9.639;0;0.781
12.08.2021 23:00;4.965;0;0.469
13.08.2021 00:00;4.965;0;0.271
13.08.2021 01:00;4.965;0;0.197
13.08.2021 02:00;4.965;0;0.148
13.08.2021 03:00;4.965;0;0.049
13.08.2021 04:00;4.965;0;0.049
13.08.2021 05:00;1.639;0;0.148
13.08.2021 06:00;5.661;0;0.493
13.08.2021 07:00;1.518;0;1.01
13.08.2021 08:00;0.844;0;1.601
13.08.2021 09:00;0.844;0;2.119
13.08.2021 10:00;0.844;0;2.34
13.08.2021 11:00;4.844;0;2.463
13.08.2021 12:00;9.717;0;2.119
13.08.2021 13:00;5.518;0;1.823
13.08.2021 14:00;4.844;0;1.429
13.08.2021 15:00;4.843;0;1.256
13.08.2021 16:00;0.843;0;0.714
13.08.2021 17:00;1.518;0;1.355
13.08.2021 18:00;5.62;0;1.774
13.08.2021 19:00;7.066;0;1.921
13.08.2021 20:00;9.904;0;0.985
13.08.2021 21:00;9.639;0;0.911
13.08.2021 22:00;9.639;0;0.838
13.08.2021 23:00;8.965;0;0.468
14.08.2021 00:00;8.965;0;0.208
14.08.2021 01:00;8.965;0;0.104
14.08.2021 02:00;4.965;0;0.026
14.08.2021 03:00;2.565;0;0.026
14.08.2021 04:00;1.765;0;0.052
14.08.2021 05:00;1.639;0;0.99
14.08.2021 06:00;5.565;0;2.604
14.08.2021 07:00;1.518;0;2.109
14.08.2021 08:00;0.844;0;1.745
14.08.2021 09:00;0.843;0;1.328
14.08.2021 10:00;0.843;0;1.172
14.08.2021 11:00;0.843;0;1.094
14.08.2021 12:00;5.62;0;1.64
14.08.2021 13:00;1.518;0;1.458
14.08.2021 14:00;0.843;0;0.833
14.08.2021 15:00;0.843;0;0.729
14.08.2021 16:00;0.843;0;0.833
14.08.2021 17:00;1.518;0;1.458
14.08.2021 18:00;5.62;0;2.057
14.08.2021 19:00;6.969;0;2.083
14.08.2021 20:00;5.574;0;1.614
14.08.2021 21:00;9.64;0;1.172
14.08.2021 22:00;9.639;0;0.651
14.08.2021 23:00;8.965;0;0.495
15.08.2021 00:00;8.965;0;0.208
15.08.2021 01:00;8.965;0;0.104
15.08.2021 02:00;4.965;0;0.026
15.08.2021 03:00;2.565;0;0.026
15.08.2021 04:00;1.765;0;0.052
15.08.2021 05:00;1.639;0;0.99
15.08.2021 06:00;5.565;0;2.604
15.08.2021 07:00;1.518;0;2.109
15.08.2021 08:00;0.844;0;1.745
15.08.2021 09:00;0.843;0;1.328
15.08.2021 10:00;0.843;0;1.172
15.08.2021 11:00;0.843;0;1.094
15.08.2021 12:00;5.62;0;1.64
15.08.2021 13:00;1.518;0;1.458
15.08.2021 14:00;0.843;0;0.833
15.08.2021 15:00;0.843;0;0.729
15.08.2021 16:00;0.843;0;0.833
15.08.2021 17:00;1.518;0;1.458
15.08.2021 18:00;5.62;0;2.057
15.08.2021 19:00;6.969;0;2.083
15.08.2021 20:00;5.574;0;1.614
15.08.2021 21:00;9.64;0;1.172
15.08.2021 22:00;9.639;0;0.651
15.08.2021 23:00;8.965;0;0.495
16.08.2021 00:00;8.965;0;0.208
16.08.2021 01:00;8.965;0;0.104
16.08.2021 02:00;4.965;0;0.026
16.08.2021 03:00;2.565;0;0.026
16.08.2021 04:00;1.765;0;0.052
16.08.2021 05:00;1.639;0;0.99
16.08.2021 06:00;5.565;0;2.604
16.08.2021 07:00;1.518;0;2.109
16.08.2021 08:00;0.844;0;1.745
16.08.2021 09:00;0.843;0;1.328
16.08.2021 10:00;0.843;0;1.172
16.08.2021 11:00;0.843;0;1.094
16.08.2021 12:00;5.62;0;1.64
16.08.2021 13:00;1.518;0;1.458
16.08.2021 14:00;0.843;0;0.833
16.08.2021 15:00;0.843;0;0.729
16.08.2021 16:00;0.843;0;0.833
16.08.2021 17:00;1.518;0;1.458
16.08.2021 18:00;5.62;0;2.057
16.08.2021 19:00;6.969;0;2.083
16.08.2021 20:00;5.574;0;1.614
16.08.2021 21:00;9.64;0;1.172
16.08.2021 22:00;9.639;0;0.651
16.08.2021 23:00;8.965;0;0.495
17.08.2021 00:00;8.965;0;0.208
17.08.2021 01:00;8.965;0;0.104
17.08.2021 02:00;4.965;0;0.026
17.08.2021 03:00;2.565;0;0.026
17.08.2021 04:00;1.765;0;0.052
17.08.2021 05:00;1.639;0;0.99
17.08.2021 06:00;5.565;0;2.604
17.08.2021 07:00;1.518;0;2.109
17.08.2021 08:00;0.844;0;1.745
17.08.2021 09:00;0.843;0;1.328
17.08.2021 10:00;0.843;0;1.172
17.08.2021 11:00;0.843;0;1.094
17.08.2021 12:00;5.62;0;1.64
17.08.2021 13:00;1.518;0;1.458
17.08.2021 14:00;0.843;0;0.833
17.08.2021 15:00;0.843;0;0.729
17.08.2021 16:00;0.843;0;0.833
17.08.2021 17:00;1.518;0;1.458
17.08.2021 18:00;5.62;0;2.057
17.08.2021 19:00;6.969;0;2.083
17.08.2021 20:00;5.574;0;1.614
17.08.2021 21:00;9.64;0;1.172
17.08.2021 22:00;9.639;0;0.651
17.08.2021 23:00;8.965;0;0.495
18.08.2021 00:00;8.965;0;0.208
18.08.2021 01:00;8.965;0;0.104
18.08.2021 02:00;4.965;0;0.026
18.08.2021 03:00;2.565;0;0.026
18.08.2021 04:00;1.765;0;0.052
18.08.2021 05:00;1.639;0;0.99
18.08.2021 06:00;5.565;0;2.604
18.08.2021 07:00;1.518;0;2.109
18.08.2021 08:00;0.844;0;1.745
18.08.2021 09:00;0.843;0;1.328
18.08.2021 10:00;0.843;0;1.172
18.08.2021 11:00;0.843;0;1.094
18.08.2021 12:00;5.62;0;1.64
18.08.2021 13:00;1.518;0;1.458
18.08.2021 14:00;0.843;0;0.833
18.08.2021 15:00;0.843;0;0.729
18.08.2021 16:00;0.843;0;0.833
18.08.2021 17:00;1.518;0;1.458
18.08.2021 18:00;5.62;0;2.057
18.08.2021 19:00;6.969;0;2.083
18.08.2021 20:00;5.574;0;1.614
18.08.2021 21:00;9.64;0;1.172
18.08.2021 22:00;9.639;0;0.651
18.08.2021 23:00;8.965;0;0.495
19.08.2021 00:00;4.965;0;0.201
19.08.2021 01:00;4.965;0;0.223
19.08.2021 02:00;2.565;0;0.134
19.08.2021 03:00;1.765;0;0.045
19.08.2021 04:00;1.365;0;0.045
19.08.2021 05:00;1.639;0;0.268
19.08.2021 06:00;5.564;0;0.736
19.08.2021 07:00;1.518;0;1.249
19.08.2021 08:00;0.844;0;2.03
19.08.2021 09:00;0.844;0;2.008
19.08.2021 10:00;0.844;0;1.807
19.08.2021 11:00;4.844;0;1.941
19.08.2021 12:00;9.62;0;1.963
19.08.2021 13:00;5.518;0;1.562
19.08.2021 14:00;0.843;0;1.249
19.08.2021 15:00;0.843;0;0.982
19.08.2021 16:00;0.843;0;1.249
19.08.2021 17:00;1.518;0;1.606
19.08.2021 18:00;5.62;0;2.231
19.08.2021 19:00;6.969;0;1.762
19.08.2021 20:00;5.573;0;0.982
19.08.2021 21:00;5.639;0;0.959
19.08.2021 22:00;9.639;0;0.781
19.08.2021 23:00;4.965;0;0.469
20.08.2021 00:00;4.965;0;0.271
20.08.2021 01:00;4.965;0;0.197
20.08.2021 02:00;4.965;0;0.148
20.08.2021 03:00;4.965;0;0.049
20.08.2021 04:00;4.965;0;0.049
20.08.2021 05:00;1.639;0;0.148
20.08.2021 06:00;5.564;0;0.493
20.08.2021 07:00;1.518;0;1.01
20.08.2021 08:00;0.844;0;1.601
20.08.2021 09:00;0.844;0;2.119
20.08.2021 10:00;0.844;0;2.34
20.08.2021 11:00;4.844;0;2.463
20.08.2021 12:00;9.62;0;2.119
20.08.2021 13:00;5.518;0;1.823
20.08.2021 14:00;4.844;0;1.429
20.08.2021 15:00;4.843;0;1.256
20.08.2021 16:00;0.843;0;0.714
20.08.2021 17:00;1.518;0;1.355
20.08.2021 18:00;5.62;0;1.774
20.08.2021 19:00;6.969;0;1.921
20.08.2021 20:00;9.573;0;0.985
20.08.2021 21:00;9.639;0;0.911
20.08.2021 22:00;9.639;0;0.838
20.08.2021 23:00;8.965;0;0.468
21.08.2021 00:00;8.965;0;0.208
21.08.2021 01:00;8.965;0;0.104
21.08.2021 02:00;4.965;0;0.026
21.08.2021 03:00;2.565;0;0.026
21.08.2021 04:00;1.765;0;0.052
21.08.2021 05:00;1.639;0;0.99
21.08.2021 06:00;5.565;0;2.604
21.08.2021 07:00;1.518;0;2.109
21.08.2021 08:00;0.844;0;1.745
21.08.2021 09:00;0.843;0;1.328
21.08.2021 10:00;0.843;0;1.172
21.08.2021 11:00;0.843;0;1.094
21.08.2021 12:00;5.62;0;1.64
21.08.2021 13:00;1.518;0;1.458
21.08.2021 14:00;0.843;0;0.833
21.08.2021 15:00;0.843;0;0.729
21.08.2021 16:00;0.843;0;0.833
21.08.2021 17:00;1.518;0;1.458
21.08.2021 18:00;5.62;0;2.057
21.08.2021 19:00;6.969;0;2.083
21.08.2021 20:00;5.574;0;1.614
21.08.2021 21:00;9.64;0;1.172
21.08.2021 22:00;9.639;0;0.651
21.08.2021 23:00;8.965;0;0.495
22.08.2021 00:00;8.965;0;0.208
22.08.2021 01:00;8.965;0;0.104
22.08.2021 02:00;4.965;0;0.026
22.08.2021 03:00;2.565;0;0.026
22.08.2021 04:00;1.765;0;0.052
22.08.2021 05:00;1.639;0;0.99
22.08.2021 06:00;5.565;0;2.604
22.08.2021 07:00;1.518;0;2.109
22.08.2021 08:00;0.844;0;1.745
22.08.2021 09:00;0.843;0;1.328
22.08.2021 10:00;0.843;0;1.172
22.08.2021 11:00;0.843;0;1.094
22.08.2021 12:00;5.62;0;1.64
22.08.2021 13:00;1.518;0;1.458
22.08.2021 14:00;0.843;0;0.833
22.08.2021 15:00;0.843;0;0.729
22.08.2021 16:00;0.843;0;0.833
22.08.2021 17:00;1.518;0;1.458
22.08.2021 18:00;5.62;0;2.057
22.08.2021 19:00;6.969;0;2.083
22.08.2021 20:00;5.574;0;1.614
22.08.2021 21:00;9.64;0;1.172
22.08.2021 22:00;9.639;0;0.651
22.08.2021 23:00;8.965;0;0.495
23.08.2021 00:00;8.965;0;0.208
23.08.2021 01:00;8.965;0;0.104
23.08.2021 02:00;4.965;0;0.026
23.08.2021 03:00;2.565;0;0.026
23.08.2021 04:00;1.765;0;0.052
23.08.2021 05:00;1.639;0;0.99
23.08.2021 06:00;5.565;0;2.604
23.08.2021 07:00;1.518;0;2.109
23.08.2021 08:00;0.844;0;1.745
23.08.2021 09:00;0.843;0;1.328
23.08.2021 10:00;0.843;0;1.172
23.08.2021 11:00;0.843;0;1.094
23.08.2021 12:00;5.62;0;1.64
23.08.2021 13:00;1.518;0;1.458
23.08.2021 14:00;0.843;0;0.833
23.08.2021 15:00;0.843;0;0.729
23.08.2021 16:00;0.843;0;0.833
23.08.2021 17:00;1.518;0;1.458
23.08.2021 18:00;5.62;0;2.057
23.08.2021 19:00;6.969;0;2.083
23.08.2021 20:00;5.574;0;1.614
23.08.2021 21:00;9.64;0;1.172
23.08.2021 22:00;9.639;0;0.651
23.08.2021 23:00;8.965;0;0.495
24.08.2021 00:00;8.965;0;0.208
24.08.2021 01:00;8.965;0;0.104
24.08.2021 02:00;4.965;0;0.026
24.08.2021 03:00;2.565;0;0.026
24.08.2021 04:00;1.765;0;0.052
24.08.2021 05:00;1.639;0;0.99
24.08.2021 06:00;5.565;0;2.604
24.08.2021 07:00;1.518;0;2.109
24.08.2021 08:00;0.844;0;1.745
24.08.2021 09:00;0.843;0;1.328
24.08.2021 10:00;0.843;0;1.172
24.08.2021 11:00;0.843;0;1.094
24.08.2021 12:00;5.62;0;1.64
24.08.2021 13:00;1.518;0;1.458
24.08.2021 14:00;0.843;0;0.833
24.08.2021 15:00;0.843;0;0.729
24.08.2021 16:00;0.843;0;0.833
24.08.2021 17:00;1.518;0;1.458
24.08.2021 18:00;5.62;0;2.057
24.08.2021 19:00;6.969;0;2.083
24.08.2021 20:00;5.574;0;1.614
24.08.2021 21:00;9.64;0;1.172
24.08.2021 22:00;9.639;0;0.651
24.08.2021 23:00;8.965;0;0.495
25.08.2021 00:00;8.965;0;0.208
25.08.2021 01:00;8.965;0;0.104
25.08.2021 02:00;4.965;0;0.026
25.08.2021 03:00;2.565;0;0.026
25.08.2021 04:00;1.765;0;0.052
25.08.2021 05:00;1.639;0;0.99
25.08.2021 06:00;5.565;0;2.604
25.08.2021 07:00;1.518;0;2.109
25.08.2021 08:00;0.844;0;1.745
25.08.2021 09:00;0.843;0;1.328
25.08.2021 10:00;0.843;0;1.172
25.08.2021 11:00;0.843;0;1.094
25.08.2021 12:00;5.62;0;1.64
25.08.2021 13:00;1.518;0;1.458
25.08.2021 14:00;0.843;0;0.833
25.08.2021 15:00;0.843;0;0.729
25.08.2021 16:00;0.843;0;0.833
25.08.2021 17:00;1.518;0;1.458
25.08.2021 18:00;5.62;0;2.057
25.08.2021 19:00;6.969;0;2.083
25.08.2021 20:00;5.574;0;1.614
25.08.2021 21:00;9.64;0;1.172
25.08.2021 22:00;9.639;0;0.651
25.08.2021 23:00;8.965;0;0.495
26.08.2021 00:00;4.965;0;0.201
26.08.2021 01:00;4.965;0;0.223
26.08.2021 02:00;2.565;0;0.134
26.08.2021 03:00;1.765;0;0.045
26.08.2021 04:00;1.365;0;0.045
26.08.2021 05:00;1.639;0;0.268
26.08.2021 06:00;5.564;0;0.736
26.08.2021 07:00;1.518;0;1.249
26.08.2021 08:00;0.844;0;2.03
26.08.2021 09:00;0.844;0;2.008
26.08.2021 10:00;0.844;0;1.807
26.08.2021 11:00;4.844;0;1.941
26.08.2021 12:00;9.62;0;1.963
26.08.2021 13:00;5.518;0;1.562
26.08.2021 14:00;0.843;0;1.249
26.08.2021 15:00;0.843;0;0.982
26.08.2021 16:00;0.843;0;1.249
26.08.2021 17:00;1.518;0;1.606
26.08.2021 18:00;5.62;0;2.231
26.08.2021 19:00;6.969;0;1.762
26.08.2021 20:00;5.573;0;0.982
26.08.2021 21:00;5.639;0;0.959
26.08.2021 22:00;9.639;0;0.781
26.08.2021 23:00;4.965;0;0.469
27.08.2021 00:00;4.965;0;0.271
27.08.2021 01:00;4.965;0;0.197
27.08.2021 02:00;4.965;0;0.148
27.08.2021 03:00;4.965;0;0.049
27.08.2021 04:00;4.965;0;0.049
27.08.2021 05:00;1.639;0;0.148
27.08.2021 06:00;5.564;0;0.493
27.08.2021 07:00;1.518;0;1.01
27.08.2021 08:00;0.844;0;1.601
27.08.2021 09:00;0.844;0;2.119
27.08.2021 10:00;0.844;0;2.34
27.08.2021 11:00;4.844;0;2.463
27.08.2021 12:00;9.62;0;2.119
27.08.2021 13:00;5.518;0;1.823
27.08.2021 14:00;4.844;0;1.429
27.08.2021 15:00;4.843;0;1.256
27.08.2021 16:00;0.843;0;0.714
27.08.2021 17:00;1.518;0;1.355
27.08.2021 18:00;5.62;0;1.774
27.08.2021 19:00;6.969;0;1.921
27.08.2021 20:00;9.573;0;0.985
27.08.2021 21:00;9.639;0;0.911
27.08.2021 22:00;9.639;0;0.838
27.08.2021 23:00;8.965;0;0.468
28.08.2021 00:00;8.965;0;0.208
28.08.2021 01:00;8.965;0;0.104
28.08.2021 02:00;4.965;0;0.026
28.08.2021 03:00;2.565;0;0.026
28.08.2021 04:00;1.765;0;0.052
28.08.2021 05:00;1.639;0;0.99
28.08.2021 06:00;5.565;0;2.604
28.08.2021 07:00;1.518;0;2.109
28.08.2021 08:00;0.844;0;1.745
28.08.2021 09:00;0.843;0;1.328
28.08.2021 10:00;0.843;0;1.172
28.08.2021 11:00;0.843;0;1.094
28.08.2021 12:00;5.62;0;1.64
28.08.2021 13:00;1.518;0;1.458
28.08.2021 14:00;0.843;0;0.833
28.08.2021 15:00;0.843;0;0.729
28.08.2021 16:00;0.843;0;0.833
28.08.2021 17:00;1.518;0;1.458
28.08.2021 18:00;5.62;0;2.057
28.08.2021 19:00;6.969;0;2.083
28.08.2021 20:00;5.574;0;1.614
28.08.2021 21:00;9.64;0;1.172
28.08.2021 22:00;9.639;0;0.651
28.08.2021 23:00;8.965;0;0.495
29.08.2021 00:00;8.965;0;0.208
29.08.2021 01:00;8.965;0;0.104
29.08.2021 02:00;4.965;0;0.026
29.08.2021 03:00;2.565;0;0.026
29.08.2021 04:00;1.765;0;0.052
29.08.2021 05:00;1.639;0;0.99
29.08.2021 06:00;5.565;0;2.604
29.08.2021 07:00;1.518;0;2.109
29.08.2021 08:00;0.844;0;1.745
29.08.2021 09:00;0.843;0;1.328
29.08.2021 10:00;0.843;0;1.172
29.08.2021 11:00;0.843;0;1.094
29.08.2021 12:00;5.62;0;1.64
29.08.2021 13:00;1.518;0;1.458
29.08.2021 14:00;0.843;0;0.833
29.08.2021 15:00;0.843;0;0.729
29.08.2021 16:00;0.843;0;0.833
29.08.2021 17:00;1.518;0;1.458
29.08.2021 18:00;5.62;0;2.057
29.08.2021 19:00;6.969;0;2.083
29.08.2021 20:00;5.574;0;1.614
29.08.2021 21:00;9.64;0;1.172
29.08.2021 22:00;9.639;0;0.651
29.08.2021 23:00;8.965;0;0.495
30.08.2021 00:00;8.965;0;0.208
30.08.2021 01:00;8.965;0;0.104
30.08.2021 02:00;4.965;0;0.026
30.08.2021 03:00;2.565;0;0.026
30.08.2021 04:00;1.765;0;0.052
30.08.2021 05:00;1.639;0;0.99
30.08.2021 06:00;5.565;0;2.604
30.08.2021 07:00;1.518;0;2.109
30.08.2021 08:00;0.844;0;1.745
30.08.2021 09:00;0.843;0;1.328
30.08.2021 10:00;0.843;0;1.172
30.08.2021 11:00;0.843;0;1.094
30.08.2021 12:00;5.62;0;1.64
30.08.2021 13:00;1.518;0;1.458
30.08.2021 14:00;0.843;0;0.833
30.08.2021 15:00;0.843;0;0.729
30.08.2021 16:00;0.843;0;0.833
30.08.2021 17:00;1.518;0;1.458
30.08.2021 18:00;5.62;0;2.057
30.08.2021 19:00;6.969;0;2.083
30.08.2021 20:00;5.574;0;1.614
30.08.2021 21:00;9.64;0;1.172
30.08.2021 22:00;9.639;0;0.651
30.08.2021 23:00;8.965;0;0.495
31.08.2021 00:00;8.965;0;0.208
31.08.2021 01:00;8.965;0;0.104
31.08.2021 02:00;4.965;0;0.026
31.08.2021 03:00;2.565;0;0.026
31.08.2021 04:00;1.765;0;0.052
31.08.2021 05:00;1.639;0;0.99
31.08.2021 06:00;5.565;0;2.604
31.08.2021 07:00;1.518;0;2.109
31.08.2021 08:00;0.844;0;1.745
31.08.2021 09:00;0.843;0;1.328
31.08.2021 10:00;0.843;0;1.172
31.08.2021 11:00;0.843;0;1.094
31.08.2021 12:00;5.62;0;1.64
31.08.2021 13:00;1.518;0;1.458
31.08.2021 14:00;0.843;0;0.833
31.08.2021 15:00;0.843;0;0.729
31.08.2021 16:00;0.843;0;0.833
31.08.2021 17:00;1.518;0;1.458
31.08.2021 18:00;5.62;0;2.057
31.08.2021 19:00;6.969;0;2.083
31.08.2021 20:00;5.574;0;1.614
31.08.2021 21:00;9.64;0;1.172
31.08.2021 22:00;9.639;0;0.651
31.08.2021 23:00;8.965;0;0.495
01.09.2021 00:00;8.965;0;0.208
01.09.2021 01:00;8.965;0;0.104
01.09.2021 02:00;4.965;0;0.026
01.09.2021 03:00;2.565;0;0.026
01.09.2021 04:00;1.765;0;0.052
01.09.2021 05:00;1.639;0;0.99
01.09.2021 06:00;5.565;0;2.604
01.09.2021 07:00;1.518;0;2.109
01.09.2021 08:00;0.844;0;1.745
01.09.2021 09:00;0.843;0;1.328
01.09.2021 10:00;0.843;0;1.172
01.09.2021 11:00;0.843;0;1.094
01.09.2021 12:00;5.62;0;1.64
01.09.2021 13:00;1.518;0;1.458
01.09.2021 14:00;0.843;0;0.833
01.09.2021 15:00;0.843;0;0.729
01.09.2021 16:00;0.843;0;0.833
01.09.2021 17:00;1.518;0;1.458
01.09.2021 18:00;5.62;0;2.057
01.09.2021 19:00;6.969;0;2.083
01.09.2021 20:00;5.574;0;1.614
01.09.2021 21:00;9.64;0;1.172
01.09.2021 22:00;9.639;0;0.651
01.09.2021 23:00;8.965;0;0.495
02.09.2021 00:00;4.965;0;0.201
02.09.2021 01:00;4.965;0;0.223
02.09.2021 02:00;2.565;0;0.134
02.09.2021 03:00;1.765;0;0.045
02.09.2021 04:00;1.365;0;0.045
02.09.2021 05:00;1.639;0;0.268
02.09.2021 06:00;5.564;0;0.736
02.09.2021 07:00;1.518;0;1.249
02.09.2021 08:00;0.844;0;2.03
02.09.2021 09:00;0.844;0;2.008
02.09.2021 10:00;0.844;0;1.807
02.09.2021 11:00;4.844;0;1.941
02.09.2021 12:00;9.62;0;1.963
02.09.2021 13:00;5.518;0;1.562
02.09.2021 14:00;0.843;0;1.249
02.09.2021 15:00;0.843;0;0.982
02.09.2021 16:00;0.843;0;1.249
02.09.2021 17:00;1.518;0;1.606
02.09.2021 18:00;5.62;0;2.231
02.09.2021 19:00;6.969;0;1.762
02.09.2021 20:00;5.573;0;0.982
02.09.2021 21:00;5.639;0;0.959
02.09.2021 22:00;9.639;0;0.781
02.09.2021 23:00;4.965;0;0.469
03.09.2021 00:00;4.965;0;0.271
03.09.2021 01:00;4.965;0;0.197
03.09.2021 02:00;4.965;0;0.148
03.09.2021 03:00;4.965;0;0.049
03.09.2021 04:00;4.965;0;0.049
03.09.2021 05:00;1.639;0;0.148
03.09.2021 06:00;5.564;0;0.493
03.09.2021 07:00;1.518;0;1.01
03.09.2021 08:00;0.844;0;1.601
03.09.2021 09:00;0.844;0;2.119
03.09.2021 10:00;0.844;0;2.34
03.09.2021 11:00;4.844;0;2.463
03.09.2021 12:00;9.62;0;2.119
03.09.2021 13:00;5.518;0;1.823
03.09.2021 14:00;4.844;0;1.429
03.09.2021 15:00;4.843;0;1.256
03.09.2021 16:00;0.843;0;0.714
03.09.2021 17:00;1.518;0;1.355
03.09.2021 18:00;5.62;0;1.774
03.09.2021 19:00;6.969;0;1.921
03.09.2021 20:00;9.573;0;0.985
03.09.2021 21:00;9.639;0;0.911
03.09.2021 22:00;9.639;0;0.838
03.09.2021 23:00;8.965;0;0.468
04.09.2021 00:00;8.965;0;0.208
04.09.2021 01:00;8.965;0;0.104
04.09.2021 02:00;4.965;0;0.026
04.09.2021 03:00;2.565;0;0.026
04.09.2021 04:00;1.765;0;0.052
04.09.2021 05:00;1.639;0;0.99
04.09.2021 06:00;5.565;0;2.604
04.09.2021 07:00;1.518;0;2.109
04.09.2021 08:00;0.844;0;1.745
04.09.2021 09:00;0.843;0;1.328
04.09.2021 10:00;0.843;0;1.172
04.09.2021 11:00;0.843;0;1.094
04.09.2021 12:00;5.62;0;1.64
04.09.2021 13:00;1.518;0;1.458
04.09.2021 14:00;0.843;0;0.833
04.09.2021 15:00;0.843;0;0.729
04.09.2021 16:00;0.843;0;0.833
04.09.2021 17:00;1.518;0;1.458
04.09.2021 18:00;5.62;0;2.057
04.09.2021 19:00;6.969;0;2.083
04.09.2021 20:00;5.574;0;1.614
04.09.2021 21:00;9.64;0;1.172
04.09.2021 22:00;9.639;0;0.651
04.09.2021 23:00;8.965;0;0.495
05.09.2021 00:00;8.965;0;0.208
05.09.2021 01:00;8.965;0;0.104
05.09.2021 02:00;4.965;0;0.026
05.09.2021 03:00;2.565;0;0.026
05.09.2021 04:00;1.765;0;0.052
05.09.2021 05:00;1.639;0;0.99
05.09.2021 06:00;5.565;0;2.604
05.09.2021 07:00;1.518;0;2.109
05.09.2021 08:00;0.844;0;1.745
05.09.2021 09:00;0.843;0;1.328
05.09.2021 10:00;0.843;0;1.172
05.09.2021 11:00;0.843;0;1.094
05.09.2021 12:00;5.62;0;1.64
05.09.2021 13:00;1.518;0;1.458
05.09.2021 14:00;0.843;0;0.833
05.09.2021 15:00;0.843;0;0.729
05.09.2021 16:00;0.843;0;0.833
05.09.2021 17:00;1.518;0;1.458
05.09.2021 18:00;5.62;0;2.057
05.09.2021 19:00;6.969;0;2.083
05.09.2021 20:00;5.574;0;1.614
05.09.2021 21:00;9.64;0;1.172
05.09.2021 22:00;9.639;0;0.651
05.09.2021 23:00;8.965;0;0.495
06.09.2021 00:00;8.965;0;0.208
06.09.2021 01:00;8.965;0;0.104
06.09.2021 02:00;4.965;0;0.026
06.09.2021 03:00;2.565;0;0.026
06.09.2021 04:00;1.765;0;0.052
06.09.2021 05:00;1.639;0;0.99
06.09.2021 06:00;5.565;0;2.604
06.09.2021 07:00;1.518;0;2.109
06.09.2021 08:00;0.844;0;1.745
06.09.2021 09:00;0.843;0;1.328
06.09.2021 10:00;0.843;0;1.172
06.09.2021 11:00;0.843;0;1.094
06.09.2021 12:00;5.62;0;1.64
06.09.2021 13:00;1.518;0;1.458
06.09.2021 14:00;0.843;0;0.833
06.09.2021 15:00;0.843;0;0.729
06.09.2021 16:00;0.843;0;0.833
06.09.2021 17:00;1.518;0;1.458
06.09.2021 18:00;5.62;0;2.057
06.09.2021 19:00;6.969;0;2.083
06.09.2021 20:00;5.574;0;1.614
06.09.2021 21:00;9.64;0;1.172
06.09.2021 22:00;9.639;0;0.651
06.09.2021 23:00;8.965;0;0.495
07.09.2021 00:00;8.965;0;0.208
07.09.2021 01:00;8.965;0;0.104
07.09.2021 02:00;4.965;0;0.026
07.09.2021 03:00;2.565;0;0.026
07.09.2021 04:00;1.765;0;0.052
07.09.2021 05:00;1.639;0;0.99
07.09.2021 06:00;5.565;0;2.604
07.09.2021 07:00;1.518;0;2.109
07.09.2021 08:00;0.844;0;1.745
07.09.2021 09:00;0.843;0;1.328
07.09.2021 10:00;0.843;0;1.172
07.09.2021 11:00;0.843;0;1.094
07.09.2021 12:00;5.62;0;1.64
07.09.2021 13:00;1.518;0;1.458
07.09.2021 14:00;0.843;0;0.833
07.09.2021 15:00;0.843;0;0.729
07.09.2021 16:00;0.843;0;0.833
07.09.2021 17:00;1.518;0;1.458
07.09.2021 18:00;5.62;0;2.057
07.09.2021 19:00;6.969;0;2.083
07.09.2021 20:00;5.574;0;1.614
07.09.2021 21:00;9.64;0;1.172
07.09.2021 22:00;9.639;0;0.651
07.09.2021 23:00;8.965;0;0.495
08.09.2021 00:00;8.965;0;0.208
08.09.2021 01:00;8.965;0;0.104
08.09.2021 02:00;4.965;0;0.026
08.09.2021 03:00;2.565;0;0.026
08.09.2021 04:00;1.765;0;0.052
08.09.2021 05:00;1.639;0;0.99
08.09.2021 06:00;5.565;0;2.604
08.09.2021 07:00;1.518;0;2.109
08.09.2021 08:00;0.844;0;1.745
08.09.2021 09:00;0.843;0;1.328
08.09.2021 10:00;0.843;0;1.172
08.09.2021 11:00;0.843;0;1.094
08.09.2021 12:00;5.62;0;1.64
08.09.2021 13:00;1.518;0;1.458
08.09.2021 14:00;0.843;0;0.833
08.09.2021 15:00;0.843;0;0.729
08.09.2021 16:00;0.843;0;0.833
08.09.2021 17:00;1.518;0;1.458
08.09.2021 18:00;5.62;0;2.057
08.09.2021 19:00;6.969;0;2.083
08.09.2021 20:00;5.574;0;1.614
08.09.2021 21:00;9.64;0;1.172
08.09.2021 22:00;9.639;0;0.651
08.09.2021 23:00;8.965;0;0.495
09.09.2021 00:00;4.965;0;0.201
09.09.2021 01:00;4.965;0;0.223
09.09.2021 02:00;2.565;0;0.134
09.09.2021 03:00;1.765;0;0.045
09.09.2021 04:00;1.365;0;0.045
09.09.2021 05:00;1.639;0;0.268
09.09.2021 06:00;5.564;0;0.736
09.09.2021 07:00;1.518;0;1.249
09.09.2021 08:00;0.844;0;2.03
09.09.2021 09:00;0.844;0;2.008
09.09.2021 10:00;0.844;0;1.807
09.09.2021 11:00;4.844;0;1.941
09.09.2021 12:00;9.62;0;1.963
09.09.2021 13:00;5.518;0;1.562
09.09.2021 14:00;0.843;0;1.249
09.09.2021 15:00;0.843;0;0.982
09.09.2021 16:00;0.843;0;1.249
09.09.2021 17:00;1.518;0;1.606
09.09.2021 18:00;5.62;0;2.231
09.09.2021 19:00;6.969;0;1.762
09.09.2021 20:00;5.573;0;0.982
09.09.2021 21:00;5.639;0;0.959
09.09.2021 22:00;9.639;0;0.781
09.09.2021 23:00;4.965;0;0.469
10.09.2021 00:00;4.965;0;0.271
10.09.2021 01:00;4.965;0;0.197
10.09.2021 02:00;4.965;0;0.148
10.09.2021 03:00;4.965;0;0.049
10.09.2021 04:00;4.965;0;0.049
10.09.2021 05:00;1.639;0;0.148
10.09.2021 06:00;5.564;0;0.493
10.09.2021 07:00;1.518;0;1.01
10.09.2021 08:00;0.844;0;1.601
10.09.2021 09:00;0.844;0;2.119
10.09.2021 10:00;0.844;0;2.34
10.09.2021 11:00;4.844;0;2.463
10.09.2021 12:00;9.62;0;2.119
10.09.2021 13:00;5.518;0;1.823
10.09.2021 14:00;4.844;0;1.429
10.09.2021 15:00;4.843;0;1.256
10.09.2021 16:00;0.843;0;0.714
10.09.2021 17:00;1.518;0;1.355
10.09.2021 18:00;5.62;0;1.774
10.09.2021 19:00;6.969;0;1.921
10.09.2021 20:00;9.573;0;0.985
10.09.2021 21:00;9.639;0;0.911
10.09.2021 22:00;9.639;0;0.838
10.09.2021 23:00;8.965;0;0.468
11.09.2021 00:00;8.965;0;0.208
11.09.2021 01:00;8.965;0;0.104
11.09.2021 02:00;4.965;0;0.026
11.09.2021 03:00;2.565;0;0.026
11.09.2021 04:00;1.765;0;0.052
11.09.2021 05:00;1.639;0;0.99
11.09.2021 06:00;5.565;0;2.604
11.09.2021 07:00;1.518;0;2.109
11.09.2021 08:00;0.844;0;1.745
11.09.2021 09:00;0.843;0;1.328
11.09.2021 10:00;0.843;0;1.172
11.09.2021 11:00;0.843;0;1.094
11.09.2021 12:00;5.62;0;1.64
11.09.2021 13:00;1.518;0;1.458
11.09.2021 14:00;0.843;0;0.833
11.09.2021 15:00;0.843;0;0.729
11.09.2021 16:00;0.843;0;0.833
11.09.2021 17:00;1.518;0;1.458
11.09.2021 18:00;5.62;0;2.057
11.09.2021 19:00;6.969;0;2.083
11.09.2021 20:00;5.574;0;1.614
11.09.2021 21:00;9.64;0;1.172
11.09.2021 22:00;9.639;0;0.651
11.09.2021 23:00;8.965;0;0.495
12.09.2021 00:00;8.965;0;0.208
12.09.2021 01:00;8.965;0;0.104
12.09.2021 02:00;4.965;0;0.026
12.09.2021 03:00;2.565;0;0.026
12.09.2021 04:00;1.765;0;0.052
12.09.2021 05:00;1.639;0;0.99
12.09.2021 06:00;5.565;0;2.604
12.09.2021 07:00;1.518;0;2.109
12.09.2021 08:00;0.844;0;1.745
12.09.2021 09:00;0.843;0;1.328
12.09.2021 10:00;0.843;0;1.172
12.09.2021 11:00;0.843;0;1.094
12.09.2021 12:00;5.62;0;1.64
12.09.2021 13:00;1.518;0;1.458
12.09.2021 14:00;0.843;0;0.833
12.09.2021 15:00;0.843;0;0.729
12.09.2021 16:00;0.843;0;0.833
12.09.2021 17:00;1.518;0;1.458
12.09.2021 18:00;5.62;0;2.057
12.09.2021 19:00;6.969;0;2.083
12.09.2021 20:00;5.574;0;1.614
12.09.2021 21:00;9.64;0;1.172
12.09.2021 22:00;9.639;0;0.651
12.09.2021 23:00;8.965;0;0.495
13.09.2021 00:00;8.965;0;0.208
13.09.2021 01:00;8.965;0;0.104
13.09.2021 02:00;4.965;0;0.026
13.09.2021 03:00;2.565;0;0.026
13.09.2021 04:00;1.765;0;0.052
13.09.2021 05:00;1.639;0;0.99
13.09.2021 06:00;5.565;0;2.604
13.09.2021 07:00;1.518;0;2.109
13.09.2021 08:00;0.844;0;1.745
13.09.2021 09:00;0.843;0;1.328
13.09.2021 10:00;0.843;0;1.172
13.09.2021 11:00;0.843;0;1.094
13.09.2021 12:00;5.62;0;1.64
13.09.2021 13:00;1.518;0;1.458
13.09.2021 14:00;0.843;0;0.833
13.09.2021 15:00;0.843;0;0.729
13.09.2021 16:00;0.843;0;0.833
13.09.2021 17:00;1.518;0;1.458
13.09.2021 18:00;5.62;0;2.057
13.09.2021 19:00;6.969;0;2.083
13.09.2021 20:00;5.574;0;1.614
13.09.2021 21:00;9.64;0;1.172
13.09.2021 22:00;9.639;0;0.651
13.09.2021 23:00;8.965;0;0.495
14.09.2021 00:00;8.965;0;0.208
14.09.2021 01:00;8.965;0;0.104
14.09.2021 02:00;4.965;0;0.026
14.09.2021 03:00;2.565;0;0.026
14.09.2021 04:00;1.765;0;0.052
14.09.2021 05:00;1.639;0;0.99
14.09.2021 06:00;5.565;0;2.604
14.09.2021 07:00;1.518;0;2.109
14.09.2021 08:00;0.844;0;1.745
14.09.2021 09:00;0.843;0;1.328
14.09.2021 10:00;0.843;0;1.172
14.09.2021 11:00;0.843;0;1.094
14.09.2021 12:00;5.62;0;1.64
14.09.2021 13:00;1.518;0;1.458
14.09.2021 14:00;0.843;0;0.833
14.09.2021 15:00;0.843;0;0.729
14.09.2021 16:00;0.843;0;0.833
14.09.2021 17:00;1.518;0;1.458
14.09.2021 18:00;5.62;0;2.057
14.09.2021 19:00;6.969;0;2.083
14.09.2021 20:00;5.574;0;1.614
14.09.2021 21:00;9.64;0;1.172
14.09.2021 22:00;9.639;0;0.651
14.09.2021 23:00;8.965;0;0.495
15.09.2021 00:00;8.965;0;0.208
15.09.2021 01:00;8.965;0;0.104
15.09.2021 02:00;4.965;0;0.026
15.09.2021 03:00;2.565;0;0.026
15.09.2021 04:00;1.765;0;0.052
15.09.2021 05:00;1.639;0;0.99
15.09.2021 06:00;5.565;0;2.604
15.09.2021 07:00;1.518;0;2.109
15.09.2021 08:00;0.844;0;1.745
15.09.2021 09:00;0.843;0;1.328
15.09.2021 10:00;0.843;0;1.172
15.09.2021 11:00;0.843;0;1.094
15.09.2021 12:00;5.62;0;1.64
15.09.2021 13:00;1.518;0;1.458
15.09.2021 14:00;0.843;0;0.833
15.09.2021 15:00;0.843;0;0.729
15.09.2021 16:00;0.843;0;0.833
15.09.2021 17:00;1.518;0;1.458
15.09.2021 18:00;5.62;0;2.057
15.09.2021 19:00;6.969;0;2.083
15.09.2021 20:00;5.574;0;1.614
15.09.2021 21:00;9.64;0;1.172
15.09.2021 22:00;9.639;0;0.651
15.09.2021 23:00;8.965;0;0.495
16.09.2021 00:00;4.967;0;0.201
16.09.2021 01:00;4.967;0;0.223
16.09.2021 02:00;2.567;0;0.134
16.09.2021 03:00;1.767;0;0.045
16.09.2021 04:00;1.367;0;0.045
16.09.2021 05:00;1.642;0;0.268
16.09.2021 06:00;5.564;0;0.736
16.09.2021 07:00;1.518;0;1.249
16.09.2021 08:00;0.844;0;2.03
16.09.2021 09:00;0.844;0;2.008
16.09.2021 10:00;0.844;0;1.807
16.09.2021 11:00;4.844;0;1.941
16.09.2021 12:00;9.621;0;1.963
16.09.2021 13:00;5.518;0;1.562
16.09.2021 14:00;0.843;0;1.249
16.09.2021 15:00;0.843;0;0.982
16.09.2021 16:00;0.843;0;1.249
16.09.2021 17:00;1.518;0;1.606
16.09.2021 18:00;5.621;0;2.231
16.09.2021 19:00;6.97;0;1.762
16.09.2021 20:00;5.575;0;0.982
16.09.2021 21:00;5.642;0;0.959
16.09.2021 22:00;9.642;0;0.781
16.09.2021 23:00;4.968;0;0.469
17.09.2021 00:00;4.968;0;0.271
17.09.2021 01:00;4.967;0;0.197
17.09.2021 02:00;4.968;0;0.148
17.09.2021 03:00;4.968;0;0.049
17.09.2021 04:00;4.968;0;0.049
17.09.2021 05:00;1.642;0;0.148
17.09.2021 06:00;5.564;0;0.493
17.09.2021 07:00;1.518;0;1.01
17.09.2021 08:00;0.844;0;1.601
17.09.2021 09:00;0.844;0;2.119
17.09.2021 10:00;0.844;0;2.34
17.09.2021 11:00;4.844;0;2.463
17.09.2021 12:00;9.621;0;2.119
17.09.2021 13:00;5.518;0;1.823
17.09.2021 14:00;4.844;0;1.429
17.09.2021 15:00;4.843;0;1.256
17.09.2021 16:00;0.843;0;0.714
17.09.2021 17:00;1.518;0;1.355
17.09.2021 18:00;5.621;0;1.774
17.09.2021 19:00;6.97;0;1.921
17.09.2021 20:00;9.575;0;0.985
17.09.2021 21:00;9.643;0;0.911
17.09.2021 22:00;9.643;0;0.838
17.09.2021 23:00;8.968;0;0.468
18.09.2021 00:00;8.968;0;0.208
18.09.2021 01:00;8.968;0;0.104
18.09.2021 02:00;4.969;0;0.026
18.09.2021 03:00;2.568;0;0.026
18.09.2021 04:00;1.769;0;0.052
18.09.2021 05:00;1.643;0;0.99
18.09.2021 06:00;5.565;0;2.604
18.09.2021 07:00;1.518;0;2.109
18.09.2021 08:00;0.844;0;1.745
18.09.2021 09:00;0.843;0;1.328
18.09.2021 10:00;0.843;0;1.172
18.09.2021 11:00;0.843;0;1.094
18.09.2021 12:00;5.621;0;1.64
18.09.2021 13:00;1.518;0;1.458
18.09.2021 14:00;0.843;0;0.833
18.09.2021 15:00;0.843;0;0.729
18.09.2021 16:00;0.843;0;0.833
18.09.2021 17:00;1.518;0;1.458
18.09.2021 18:00;5.621;0;2.057
18.09.2021 19:00;6.97;0;2.083
18.09.2021 20:00;5.575;0;1.614
18.09.2021 21:00;9.642;0;1.172
18.09.2021 22:00;9.642;0;0.651
18.09.2021 23:00;8.968;0;0.495
19.09.2021 00:00;8.968;0;0.208
19.09.2021 01:00;8.968;0;0.104
19.09.2021 02:00;4.968;0;0.026
19.09.2021 03:00;2.568;0;0.026
19.09.2021 04:00;1.768;0;0.052
19.09.2021 05:00;1.643;0;0.99
19.09.2021 06:00;5.565;0;2.604
19.09.2021 07:00;1.518;0;2.109
19.09.2021 08:00;0.844;0;1.745
19.09.2021 09:00;0.843;0;1.328
19.09.2021 10:00;0.843;0;1.172
19.09.2021 11:00;0.843;0;1.094
19.09.2021 12:00;5.622;0;1.64
19.09.2021 13:00;1.518;0;1.458
19.09.2021 14:00;0.843;0;0.833
19.09.2021 15:00;0.843;0;0.729
19.09.2021 16:00;0.843;0;0.833
19.09.2021 17:00;1.518;0;1.458
19.09.2021 18:00;5.622;0;2.057
19.09.2021 19:00;6.971;0;2.083
19.09.2021 20:00;5.576;0;1.614
19.09.2021 21:00;9.643;0;1.172
19.09.2021 22:00;9.643;0;0.651
19.09.2021 23:00;8.969;0;0.495
20.09.2021 00:00;8.969;0;0.208
20.09.2021 01:00;8.969;0;0.104
20.09.2021 02:00;4.969;0;0.026
20.09.2021 03:00;2.569;0;0.026
20.09.2021 04:00;1.769;0;0.052
20.09.2021 05:00;1.643;0;0.99
20.09.2021 06:00;5.565;0;2.604
20.09.2021 07:00;1.518;0;2.109
20.09.2021 08:00;0.844;0;1.745
20.09.2021 09:00;0.843;0;1.328
20.09.2021 10:00;0.843;0;1.172
20.09.2021 11:00;0.843;0;1.094
20.09.2021 12:00;5.622;0;1.64
20.09.2021 13:00;1.518;0;1.458
20.09.2021 14:00;0.843;0;0.833
20.09.2021 15:00;0.843;0;0.729
20.09.2021 16:00;0.843;0;0.833
20.09.2021 17:00;1.518;0;1.458
20.09.2021 18:00;5.622;0;2.057
20.09.2021 19:00;6.971;0;2.083
20.09.2021 20:00;5.575;0;1.614
20.09.2021 21:00;9.643;0;1.172
20.09.2021 22:00;9.643;0;0.651
20.09.2021 23:00;8.969;0;0.495
21.09.2021 00:00;8.968;0;0.208
21.09.2021 01:00;8.968;0;0.104
21.09.2021 02:00;4.968;0;0.026
21.09.2021 03:00;2.568;0;0.026
21.09.2021 04:00;1.768;0;0.052
21.09.2021 05:00;1.643;0;0.99
21.09.2021 06:00;5.565;0;2.604
21.09.2021 07:00;1.518;0;2.109
21.09.2021 08:00;0.844;0;1.745
21.09.2021 09:00;0.843;0;1.328
21.09.2021 10:00;0.843;0;1.172
21.09.2021 11:00;0.843;0;1.094
21.09.2021 12:00;5.621;0;1.64
21.09.2021 13:00;1.518;0;1.458
21.09.2021 14:00;0.843;0;0.833
21.09.2021 15:00;0.843;0;0.729
21.09.2021 16:00;0.843;0;0.833
21.09.2021 17:00;1.518;0;1.458
21.09.2021 18:00;5.622;0;2.057
21.09.2021 19:00;6.971;0;2.083
21.09.2021 20:00;5.575;0;1.614
21.09.2021 21:00;9.643;0;1.172
21.09.2021 22:00;9.643;0;0.651
21.09.2021 23:00;8.969;0;0.495
22.09.2021 00:00;8.969;0;0.208
22.09.2021 01:00;8.969;0;0.104
22.09.2021 02:00;4.969;0;0.026
22.09.2021 03:00;2.569;0;0.026
22.09.2021 04:00;1.769;0;0.052
22.09.2021 05:00;1.643;0;0.99
22.09.2021 06:00;5.565;0;2.604
22.09.2021 07:00;1.518;0;2.109
22.09.2021 08:00;0.912;0.332;1.745
22.09.2021 09:00;0.843;0;1.328
22.09.2021 10:00;0.843;0;1.172
22.09.2021 11:00;0.843;0;1.094
22.09.2021 12:00;5.621;0;1.64
22.09.2021 13:00;1.518;0;1.458
22.09.2021 14:00;0.843;0;0.833
22.09.2021 15:00;0.843;0;0.729
22.09.2021 16:00;0.843;0;0.833
22.09.2021 17:00;1.518;0;1.458
22.09.2021 18:00;5.622;0;2.057
22.09.2021 19:00;6.971;0;2.083
22.09.2021 20:00;5.575;0;1.614
22.09.2021 21:00;9.642;0;1.172
22.09.2021 22:00;9.643;0;0.651
22.09.2021 23:00;8.969;0;0.495
23.09.2021 00:00;4.968;0;0.201
23.09.2021 01:00;4.968;0;0.223
23.09.2021 02:00;2.568;0;0.134
23.09.2021 03:00;1.768;0;0.045
23.09.2021 04:00;1.368;0;0.045
23.09.2021 05:00;1.643;0;0.268
23.09.2021 06:00;5.564;0;0.736
23.09.2021 07:00;1.586;0.645;1.249
23.09.2021 08:00;0.912;1.503;2.03
23.09.2021 09:00;0.912;1.121;2.008
23.09.2021 10:00;0.912;0.566;1.807
23.09.2021 11:00;4.844;0;1.941
23.09.2021 12:00;9.621;0;1.963
23.09.2021 13:00;5.518;0;1.562
23.09.2021 14:00;0.843;0;1.249
23.09.2021 15:00;0.843;0;0.982
23.09.2021 16:00;0.843;0;1.249
23.09.2021 17:00;1.518;0;1.606
23.09.2021 18:00;5.621;0;2.231
23.09.2021 19:00;6.97;0;1.762
23.09.2021 20:00;5.575;0;0.982
23.09.2021 21:00;5.642;0;0.959
23.09.2021 22:00;9.642;0;0.781
23.09.2021 23:00;4.967;0;0.469
24.09.2021 00:00;4.967;0;0.271
24.09.2021 01:00;4.968;0;0.197
24.09.2021 02:00;4.967;0;0.148
24.09.2021 03:00;4.969;0;0.049
24.09.2021 04:00;4.968;0;0.049
24.09.2021 05:00;1.642;0;0.148
24.09.2021 06:00;5.564;0;0.493
24.09.2021 07:00;1.518;0;1.01
24.09.2021 08:00;0.912;0.522;1.601
24.09.2021 09:00;0.844;0;2.119
24.09.2021 10:00;0.844;0;2.34
24.09.2021 11:00;4.844;0;2.463
24.09.2021 12:00;9.62;0;2.119
24.09.2021 13:00;5.518;0;1.823
24.09.2021 14:00;4.844;0;1.429
24.09.2021 15:00;4.843;0;1.256
24.09.2021 16:00;0.843;0;0.714
24.09.2021 17:00;1.518;0;1.355
24.09.2021 18:00;5.621;0;1.774
24.09.2021 19:00;6.97;0;1.921
24.09.2021 20:00;9.575;0;0.985
24.09.2021 21:00;9.643;0;0.911
24.09.2021 22:00;9.641;0;0.838
24.09.2021 23:00;8.967;0;0.468
25.09.2021 00:00;8.967;0;0.208
25.09.2021 01:00;8.967;0;0.104
25.09.2021 02:00;4.967;0;0.026
25.09.2021 03:00;2.568;0;0.026
25.09.2021 04:00;1.768;0;0.052
25.09.2021 05:00;1.642;0;0.99
25.09.2021 06:00;5.565;0;2.604
25.09.2021 07:00;1.518;0;2.109
25.09.2021 08:00;0.844;0;1.745
25.09.2021 09:00;0.843;0;1.328
25.09.2021 10:00;0.843;0;1.172
25.09.2021 11:00;0.843;0;1.094
25.09.2021 12:00;5.62;0;1.64
25.09.2021 13:00;1.518;0;1.458
25.09.2021 14:00;0.843;0;0.833
25.09.2021 15:00;0.843;0;0.729
25.09.2021 16:00;0.843;0;0.833
25.09.2021 17:00;1.518;0;1.458
25.09.2021 18:00;5.621;0;2.057
25.09.2021 19:00;6.97;0;2.083
25.09.2021 20:00;5.574;0;1.614
25.09.2021 21:00;9.641;0;1.172
25.09.2021 22:00;9.641;0;0.651
25.09.2021 23:00;8.967;0;0.495
26.09.2021 00:00;8.966;0;0.208
26.09.2021 01:00;8.966;0;0.104
26.09.2021 02:00;4.967;0;0.026
26.09.2021 03:00;2.567;0;0.026
26.09.2021 04:00;1.767;0;0.052
26.09.2021 05:00;1.642;0;0.99
26.09.2021 06:00;5.565;0;2.604
26.09.2021 07:00;1.518;0;2.109
26.09.2021 08:00;0.844;0;1.745
26.09.2021 09:00;0.843;0;1.328
26.09.2021 10:00;0.843;0;1.172
26.09.2021 11:00;0.843;0;1.094
26.09.2021 12:00;5.621;0;1.64
26.09.2021 13:00;1.518;0;1.458
26.09.2021 14:00;0.843;0;0.833
26.09.2021 15:00;0.843;0;0.729
26.09.2021 16:00;0.843;0;0.833
26.09.2021 17:00;1.518;0;1.458
26.09.2021 18:00;5.621;0;2.057
26.09.2021 19:00;6.97;0;2.083
26.09.2021 20:00;5.575;0;1.614
26.09.2021 21:00;9.642;0;1.172
26.09.2021 22:00;9.642;0;0.651
26.09.2021 23:00;8.968;0;0.495
27.09.2021 00:00;8.968;0;0.208
27.09.2021 01:00;8.968;0;0.104
27.09.2021 02:00;4.968;0;0.026
27.09.2021 03:00;2.567;0;0.026
27.09.2021 04:00;1.767;0;0.052
27.09.2021 05:00;1.642;0;0.99
27.09.2021 06:00;5.565;0;2.604
27.09.2021 07:00;1.518;0;2.109
27.09.2021 08:00;0.844;0;1.745
27.09.2021 09:00;0.843;0;1.328
27.09.2021 10:00;0.843;0;1.172
27.09.2021 11:00;0.843;0;1.094
27.09.2021 12:00;5.621;0;1.64
27.09.2021 13:00;1.518;0;1.458
27.09.2021 14:00;0.843;0;0.833
27.09.2021 15:00;0.843;0;0.729
27.09.2021 16:00;0.843;0;0.833
27.09.2021 17:00;1.518;0;1.458
27.09.2021 18:00;5.621;0;2.057
27.09.2021 19:00;6.97;0;2.083
27.09.2021 20:00;5.575;0;1.614
27.09.2021 21:00;9.642;0;1.172
27.09.2021 22:00;9.642;0;0.651
27.09.2021 23:00;8.968;0;0.495
28.09.2021 00:00;8.968;0;0.208
28.09.2021 01:00;8.968;0;0.104
28.09.2021 02:00;4.968;0;0.026
28.09.2021 03:00;2.568;0;0.026
28.09.2021 04:00;1.768;0;0.052
28.09.2021 05:00;1.643;0;0.99
28.09.2021 06:00;5.565;0;2.604
28.09.2021 07:00;1.518;0;2.109
28.09.2021 08:00;0.844;0;1.745
28.09.2021 09:00;0.843;0;1.328
28.09.2021 10:00;0.843;0;1.172
28.09.2021 11:00;0.843;0;1.094
28.09.2021 12:00;5.621;0;1.64
28.09.2021 13:00;1.518;0;1.458
28.09.2021 14:00;0.843;0;0.833
28.09.2021 15:00;0.843;0;0.729
28.09.2021 16:00;0.843;0;0.833
28.09.2021 17:00;1.518;0;1.458
28.09.2021 18:00;5.621;0;2.057
28.09.2021 19:00;6.97;0;2.083
28.09.2021 20:00;5.575;0;1.614
28.09.2021 21:00;9.643;0;1.172
28.09.2021 22:00;9.642;0;0.651
28.09.2021 23:00;8.968;0;0.495
29.09.2021 00:00;8.968;0;0.208
29.09.2021 01:00;8.968;0;0.104
29.09.2021 02:00;4.968;0;0.026
29.09.2021 03:00;2.568;0;0.026
29.09.2021 04:00;1.768;0;0.052
29.09.2021 05:00;1.643;0;0.99
29.09.2021 06:00;5.565;0;2.604
29.09.2021 07:00;1.586;0.078;2.109
29.09.2021 08:00;0.912;0.816;1.745
29.09.2021 09:00;0.912;0.352;1.328
29.09.2021 10:00;0.843;0;1.172
29.09.2021 11:00;0.843;0;1.094
29.09.2021 12:00;5.621;0;1.64
29.09.2021 13:00;1.518;0;1.458
29.09.2021 14:00;0.843;0;0.833
29.09.2021 15:00;0.843;0;0.729
29.09.2021 16:00;0.912;0.179;0.833
29.09.2021 17:00;1.586;0.097;1.458
29.09.2021 18:00;5.622;0;2.057
29.09.2021 19:00;6.971;0;2.083
29.09.2021 20:00;5.644;0.066;1.614
29.09.2021 21:00;9.643;0;1.172
29.09.2021 22:00;9.643;0;0.651
29.09.2021 23:00;8.969;0;0.495
30.09.2021 00:00;4.968;0;0.201
30.09.2021 01:00;4.968;0;0.223
30.09.2021 02:00;2.569;0;0.134
30.09.2021 03:00;1.769;0;0.045
30.09.2021 04:00;1.369;0;0.045
30.09.2021 05:00;1.644;0;0.268
30.09.2021 06:00;5.632;0.474;0.736
30.09.2021 07:00;1.586;3.13;1.249
30.09.2021 08:00;0.912;3.805;2.03
30.09.2021 09:00;0.912;3.081;2.008
30.09.2021 10:00;0.912;2.578;1.807
30.09.2021 11:00;4.912;2.008;1.941
30.09.2021 12:00;9.621;0;1.963
30.09.2021 13:00;5.586;0.186;1.562
30.09.2021 14:00;0.912;1.337;1.249
30.09.2021 15:00;0.912;1.257;0.982
30.09.2021 16:00;0.912;1.402;1.249
30.09.2021 17:00;1.586;1.535;1.606
30.09.2021 18:00;5.622;0;2.231
30.09.2021 19:00;6.971;0;1.762
30.09.2021 20:00;5.643;1.706;0.982
30.09.2021 21:00;5.643;0;0.959
30.09.2021 22:00;9.643;0;0.781
30.09.2021 23:00;4.969;0;0.469
01.10.2021 00:00;4.969;0;0.271
01.10.2021 01:00;4.969;0;0.197
01.10.2021 02:00;4.969;0;0.148
01.10.2021 03:00;4.969;0;0.049
01.10.2021 04:00;4.969;0;0.049
01.10.2021 05:00;1.643;0;0.148
01.10.2021 06:00;5.632;1.196;0.493
01.10.2021 07:00;1.586;4.336;1.01
01.10.2021 08:00;0.912;4.844;1.601
01.10.2021 09:00;0.912;4.485;2.119
01.10.2021 10:00;0.912;3.773;2.34
01.10.2021 11:00;4.912;3.358;2.463
01.10.2021 12:00;9.622;0;2.119
01.10.2021 13:00;5.586;1.355;1.823
01.10.2021 14:00;4.912;2.252;1.429
01.10.2021 15:00;4.912;2.279;1.256
01.10.2021 16:00;0.911;2.324;0.714
01.10.2021 17:00;1.586;2.118;1.355
01.10.2021 18:00;5.621;0;1.774
01.10.2021 19:00;6.97;0;1.921
01.10.2021 20:00;9.643;1.045;0.985
01.10.2021 21:00;9.642;0;0.911
01.10.2021 22:00;9.642;0;0.838
01.10.2021 23:00;8.968;0;0.468
02.10.2021 00:00;8.968;0;0.208
02.10.2021 01:00;8.968;0;0.104
02.10.2021 02:00;4.968;0;0.026
02.10.2021 03:00;2.568;0;0.026
02.10.2021 04:00;1.768;0;0.052
02.10.2021 05:00;1.643;0;0.99
02.10.2021 06:00;5.565;0;2.604
02.10.2021 07:00;1.586;3.158;2.109
02.10.2021 08:00;0.912;4.193;1.745
02.10.2021 09:00;0.912;4.24;1.328
02.10.2021 10:00;0.912;4.02;1.172
02.10.2021 11:00;0.912;3.234;1.094
02.10.2021 12:00;5.621;0;1.64
02.10.2021 13:00;1.586;1.63;1.458
02.10.2021 14:00;0.912;2.647;0.833
02.10.2021 15:00;0.912;2.319;0.729
02.10.2021 16:00;0.912;2.403;0.833
02.10.2021 17:00;1.586;1.433;1.458
02.10.2021 18:00;5.621;0;2.057
02.10.2021 19:00;6.97;0;2.083
02.10.2021 20:00;5.643;0.69;1.614
02.10.2021 21:00;9.642;0;1.172
02.10.2021 22:00;9.642;0;0.651
02.10.2021 23:00;8.968;0;0.495
03.10.2021 00:00;8.967;0;0.208
03.10.2021 01:00;8.967;0;0.104
03.10.2021 02:00;4.967;0;0.026
03.10.2021 03:00;2.567;0;0.026
03.10.2021 04:00;1.767;0;0.052
03.10.2021 05:00;1.642;0;0.99
03.10.2021 06:00;5.565;0;2.604
03.10.2021 07:00;1.586;1.358;2.109
03.10.2021 08:00;0.912;2.444;1.745
03.10.2021 09:00;0.912;2.872;1.328
03.10.2021 10:00;0.912;2.561;1.172
03.10.2021 11:00;0.912;2.324;1.094
03.10.2021 12:00;5.621;0;1.64
03.10.2021 13:00;1.518;0;1.458
03.10.2021 14:00;0.912;1.012;0.833
03.10.2021 15:00;0.912;1.175;0.729
03.10.2021 16:00;0.912;1.3;0.833
03.10.2021 17:00;1.586;0.908;1.458
03.10.2021 18:00;5.622;0;2.057
03.10.2021 19:00;6.971;0;2.083
03.10.2021 20:00;5.644;1.803;1.614
03.10.2021 21:00;9.644;0;1.172
03.10.2021 22:00;9.643;0;0.651
03.10.2021 23:00;8.968;0;0.495
04.10.2021 00:00;8.968;0;0.208
04.10.2021 01:00;8.969;0;0.104
04.10.2021 02:00;4.969;0;0.026
04.10.2021 03:00;2.568;0;0.026
04.10.2021 04:00;1.768;0;0.052
04.10.2021 05:00;1.643;0;0.99
04.10.2021 06:00;5.633;0.408;2.604
04.10.2021 07:00;1.586;4.003;2.109
04.10.2021 08:00;0.912;4.574;1.745
04.10.2021 09:00;0.912;3.827;1.328
04.10.2021 10:00;0.912;3.091;1.172
04.10.2021 11:00;0.912;2.732;1.094
04.10.2021 12:00;5.621;0;1.64
04.10.2021 13:00;1.586;0.63;1.458
04.10.2021 14:00;0.912;1.842;0.833
04.10.2021 15:00;0.912;1.798;0.729
04.10.2021 16:00;0.912;2.043;0.833
04.10.2021 17:00;1.586;1.543;1.458
04.10.2021 18:00;5.622;0;2.057
04.10.2021 19:00;6.97;0;2.083
04.10.2021 20:00;5.643;1.294;1.614
04.10.2021 21:00;9.643;0;1.172
04.10.2021 22:00;9.642;0;0.651
04.10.2021 23:00;8.968;0;0.495
05.10.2021 00:00;8.968;0;0.208
05.10.2021 01:00;8.968;0;0.104
05.10.2021 02:00;4.968;0;0.026
05.10.2021 03:00;2.568;0;0.026
05.10.2021 04:00;1.768;0;0.052
05.10.2021 05:00;1.643;0;0.99
05.10.2021 06:00;5.633;0.29;2.604
05.10.2021 07:00;1.586;2.843;2.109
05.10.2021 08:00;0.912;3.2;1.745
05.10.2021 09:00;0.912;2.449;1.328
05.10.2021 10:00;0.912;1.976;1.172
05.10.2021 11:00;0.912;1.268;1.094
05.10.2021 12:00;5.621;0;1.64
05.10.2021 13:00;1.518;0;1.458
05.10.2021 14:00;0.912;0.038;0.833
05.10.2021 15:00;0.912;0.252;0.729
05.10.2021 16:00;0.912;0.635;0.833
05.10.2021 17:00;1.586;0.599;1.458
05.10.2021 18:00;5.621;0;2.057
05.10.2021 19:00;6.97;0;2.083
05.10.2021 20:00;5.643;0.072;1.614
05.10.2021 21:00;9.642;0;1.172
05.10.2021 22:00;9.642;0;0.651
05.10.2021 23:00;8.968;0;0.495
06.10.2021 00:00;8.968;0;0.208
06.10.2021 01:00;8.968;0;0.104
06.10.2021 02:00;4.968;0;0.026
06.10.2021 03:00;2.568;0;0.026
06.10.2021 04:00;1.769;0;0.052
06.10.2021 05:00;1.643;0;0.99
06.10.2021 06:00;5.565;0;2.604
06.10.2021 07:00;1.586;3.109;2.109
06.10.2021 08:00;0.912;3.763;1.745
06.10.2021 09:00;0.912;3.882;1.328
06.10.2021 10:00;0.912;3.397;1.172
06.10.2021 11:00;0.912;3.11;1.094
06.10.2021 12:00;5.622;0;1.64
06.10.2021 13:00;1.586;2.117;1.458
06.10.2021 14:00;0.912;3.293;0.833
06.10.2021 15:00;0.912;3.683;0.729
06.10.2021 16:00;0.912;3.228;0.833
06.10.2021 17:00;1.586;2.561;1.458
06.10.2021 18:00;5.622;0;2.057
06.10.2021 19:00;6.971;0;2.083
06.10.2021 20:00;5.644;2.54;1.614
06.10.2021 21:00;9.644;0;1.172
06.10.2021 22:00;9.644;0;0.651
06.10.2021 23:00;8.97;0;0.495
07.10.2021 00:00;4.97;0;0.201
07.10.2021 01:00;4.97;0;0.223
07.10.2021 02:00;2.57;0;0.134
07.10.2021 03:00;1.77;0;0.045
07.10.2021 04:00;1.37;0;0.045
07.10.2021 05:00;1.644;0;0.268
07.10.2021 06:00;5.632;3.834;0.736
07.10.2021 07:00;1.586;6.585;1.249
07.10.2021 08:00;0.912;6.562;2.03
07.10.2021 09:00;0.912;5.681;2.008
07.10.2021 10:00;0.912;4.773;1.807
07.10.2021 11:00;4.912;4.07;1.941
07.10.2021 12:00;9.622;0;1.963
07.10.2021 13:00;5.586;1.873;1.562
07.10.2021 14:00;0.912;3.074;1.249
07.10.2021 15:00;0.912;3.521;0.982
07.10.2021 16:00;0.912;3.977;1.249
07.10.2021 17:00;1.586;2.671;1.606
07.10.2021 18:00;5.622;0;2.231
07.10.2021 19:00;6.97;0;1.762
07.10.2021 20:00;5.644;2.826;0.982
07.10.2021 21:00;5.644;0;0.959
07.10.2021 22:00;9.643;0;0.781
07.10.2021 23:00;4.968;0;0.469
08.10.2021 00:00;4.969;0;0.271
08.10.2021 01:00;4.968;0;0.197
08.10.2021 02:00;4.968;0;0.148
08.10.2021 03:00;4.969;0;0.049
08.10.2021 04:00;4.969;0;0.049
08.10.2021 05:00;1.643;0;0.148
08.10.2021 06:00;5.632;1.011;0.493
08.10.2021 07:00;1.586;5.109;1.01
08.10.2021 08:00;0.912;5.626;1.601
08.10.2021 09:00;0.912;5.232;2.119
08.10.2021 10:00;0.912;4.434;2.34
08.10.2021 11:00;4.912;3.862;2.463
08.10.2021 12:00;9.622;0;2.119
08.10.2021 13:00;5.586;2.493;1.823
08.10.2021 14:00;4.912;3.398;1.429
08.10.2021 15:00;4.912;3.479;1.256
08.10.2021 16:00;0.911;3.59;0.714
08.10.2021 17:00;1.586;3.124;1.355
08.10.2021 18:00;5.621;0;1.774
08.10.2021 19:00;6.97;0;1.921
08.10.2021 20:00;9.644;2.617;0.985
08.10.2021 21:00;9.643;0;0.911
08.10.2021 22:00;9.643;0;0.838
08.10.2021 23:00;8.968;0;0.468
09.10.2021 00:00;8.968;0;0.208
09.10.2021 01:00;8.969;0;0.104
09.10.2021 02:00;4.968;0;0.026
09.10.2021 03:00;2.568;0;0.026
09.10.2021 04:00;1.768;0;0.052
09.10.2021 05:00;1.643;0;0.99
09.10.2021 06:00;5.633;0.891;2.604
09.10.2021 07:00;1.586;4.378;2.109
09.10.2021 08:00;0.912;4.712;1.745
09.10.2021 09:00;0.912;4.103;1.328
09.10.2021 10:00;0.912;3.773;1.172
09.10.2021 11:00;0.912;3.164;1.094
09.10.2021 12:00;5.621;0;1.64
09.10.2021 13:00;1.586;1.854;1.458
09.10.2021 14:00;0.912;3.092;0.833
09.10.2021 15:00;0.912;2.876;0.729
09.10.2021 16:00;0.912;3.284;0.833
09.10.2021 17:00;1.586;2.81;1.458
09.10.2021 18:00;5.622;0;2.057
09.10.2021 19:00;6.97;0;2.083
09.10.2021 20:00;5.643;1.807;1.614
09.10.2021 21:00;9.643;0;1.172
09.10.2021 22:00;9.643;0;0.651
09.10.2021 23:00;8.969;0;0.495
10.10.2021 00:00;8.969;0;0.208
10.10.2021 01:00;8.969;0;0.104
10.10.2021 02:00;4.969;0;0.026
10.10.2021 03:00;2.569;0;0.026
10.10.2021 04:00;1.769;0;0.052
10.10.2021 05:00;1.644;0;0.99
10.10.2021 06:00;5.633;1.804;2.604
10.10.2021 07:00;1.586;4.739;2.109
10.10.2021 08:00;0.912;5.355;1.745
10.10.2021 09:00;0.912;4.148;1.328
10.10.2021 10:00;0.912;3.466;1.172
10.10.2021 11:00;0.912;2.577;1.094
10.10.2021 12:00;5.621;0;1.64
10.10.2021 13:00;1.586;0.806;1.458
10.10.2021 14:00;0.912;1.955;0.833
10.10.2021 15:00;0.912;2.08;0.729
10.10.2021 16:00;0.912;2.188;0.833
10.10.2021 17:00;1.586;1.604;1.458
10.10.2021 18:00;5.621;0;2.057
10.10.2021 19:00;6.97;0;2.083
10.10.2021 20:00;5.643;1.833;1.614
10.10.2021 21:00;9.643;0;1.172
10.10.2021 22:00;9.642;0;0.651
10.10.2021 23:00;8.968;0;0.495
11.10.2021 00:00;8.968;0;0.208
11.10.2021 01:00;8.969;0;0.104
11.10.2021 02:00;4.969;0;0.026
11.10.2021 03:00;2.569;0;0.026
11.10.2021 04:00;1.769;0;0.052
11.10.2021 05:00;1.644;0;0.99
11.10.2021 06:00;5.633;1.644;2.604
11.10.2021 07:00;1.586;4.72;2.109
11.10.2021 08:00;0.912;4.458;1.745
11.10.2021 09:00;0.912;3.741;1.328
11.10.2021 10:00;0.912;2.999;1.172
11.10.2021 11:00;0.912;2.442;1.094
11.10.2021 12:00;5.621;0;1.64
11.10.2021 13:00;1.586;0.389;1.458
11.10.2021 14:00;0.912;1.402;0.833
11.10.2021 15:00;0.912;1.242;0.729
11.10.2021 16:00;0.912;1.428;0.833
11.10.2021 17:00;1.586;1.191;1.458
11.10.2021 18:00;5.621;0;2.057
11.10.2021 19:00;6.97;0;2.083
11.10.2021 20:00;5.643;0.559;1.614
11.10.2021 21:00;9.642;0;1.172
11.10.2021 22:00;9.642;0;0.651
11.10.2021 23:00;8.968;0;0.495
12.10.2021 00:00;8.968;0;0.208
12.10.2021 01:00;8.967;0;0.104
12.10.2021 02:00;4.968;0;0.026
12.10.2021 03:00;2.568;0;0.026
12.10.2021 04:00;1.768;0;0.052
12.10.2021 05:00;1.642;0;0.99
12.10.2021 06:00;5.565;0;2.604
12.10.2021 07:00;1.586;2.16;2.109
12.10.2021 08:00;0.912;2.832;1.745
12.10.2021 09:00;0.912;2.453;1.328
12.10.2021 10:00;0.912;2.017;1.172
12.10.2021 11:00;0.912;0.964;1.094
12.10.2021 12:00;5.621;0;1.64
12.10.2021 13:00;1.518;0;1.458
12.10.2021 14:00;0.912;0.106;0.833
12.10.2021 15:00;0.912;0.104;0.729
12.10.2021 16:00;0.912;0.672;0.833
12.10.2021 17:00;1.586;0.341;1.458
12.10.2021 18:00;5.621;0;2.057
12.10.2021 19:00;6.97;0;2.083
12.10.2021 20:00;5.643;0.552;1.614
12.10.2021 21:00;9.643;0;1.172
12.10.2021 22:00;9.643;0;0.651
12.10.2021 23:00;8.968;0;0.495
13.10.2021 00:00;8.968;0;0.208
13.10.2021 01:00;8.968;0;0.104
13.10.2021 02:00;4.969;0;0.026
13.10.2021 03:00;2.569;0;0.026
13.10.2021 04:00;1.769;0;0.052
13.10.2021 05:00;1.643;0;0.99
13.10.2021 06:00;5.633;0.612;2.604
13.10.2021 07:00;1.586;3.364;2.109
13.10.2021 08:00;0.912;3.309;1.745
13.10.2021 09:00;0.912;2.298;1.328
13.10.2021 10:00;0.912;2.093;1.172
13.10.2021 11:00;0.912;1.296;1.094
13.10.2021 12:00;5.621;0;1.64
13.10.2021 13:00;1.518;0;1.458
13.10.2021 14:00;0.843;0;0.833
13.10.2021 15:00;0.843;0;0.729
13.10.2021 16:00;0.912;0.523;0.833
13.10.2021 17:00;1.586;0.344;1.458
13.10.2021 18:00;5.621;0;2.057
13.10.2021 19:00;6.97;0;2.083
13.10.2021 20:00;5.643;0.486;1.614
13.10.2021 21:00;9.642;0;1.172
13.10.2021 22:00;9.642;0;0.651
13.10.2021 23:00;8.968;0;0.495
14.10.2021 00:00;4.968;0;0.201
14.10.2021 01:00;4.968;0;0.223
14.10.2021 02:00;2.568;0;0.134
14.10.2021 03:00;1.768;0;0.045
14.10.2021 04:00;1.368;0;0.045
14.10.2021 05:00;1.643;0;0.268
14.10.2021 06:00;5.564;0;0.736
14.10.2021 07:00;1.586;3.712;1.249
14.10.2021 08:00;0.912;2.575;2.03
14.10.2021 09:00;0.912;1.818;2.008
14.10.2021 10:00;0.912;1.036;1.807
14.10.2021 11:00;4.912;0.484;1.941
14.10.2021 12:00;9.621;0;1.963
14.10.2021 13:00;5.518;0;1.562
14.10.2021 14:00;0.843;0;1.249
14.10.2021 15:00;0.843;0;0.982
14.10.2021 16:00;0.912;0.244;1.249
14.10.2021 17:00;1.586;0.064;1.606
14.10.2021 18:00;5.621;0;2.231
14.10.2021 19:00;6.97;0;1.762
14.10.2021 20:00;5.575;0;0.982
14.10.2021 21:00;5.642;0;0.959
14.10.2021 22:00;9.642;0;0.781
14.10.2021 23:00;4.967;0;0.469
15.10.2021 00:00;4.968;0;0.271
15.10.2021 01:00;4.968;0;0.197
15.10.2021 02:00;4.968;0;0.148
15.10.2021 03:00;4.968;0;0.049
15.10.2021 04:00;4.968;0;0.049
15.10.2021 05:00;1.643;0;0.148
15.10.2021 06:00;5.564;0;0.493
15.10.2021 07:00;1.586;2.968;1.01
15.10.2021 08:00;0.912;2.122;1.601
15.10.2021 09:00;0.912;1.39;2.119
15.10.2021 10:00;0.912;0.774;2.34
15.10.2021 11:00;4.912;0.34;2.463
15.10.2021 12:00;9.621;0;2.119
15.10.2021 13:00;5.518;0;1.823
15.10.2021 14:00;4.844;0;1.429
15.10.2021 15:00;4.843;0;1.256
15.10.2021 16:00;0.843;0;0.714
15.10.2021 17:00;1.518;0;1.355
15.10.2021 18:00;5.621;0;1.774
15.10.2021 19:00;6.97;0;1.921
15.10.2021 20:00;9.575;0;0.985
15.10.2021 21:00;9.642;0;0.911
15.10.2021 22:00;9.642;0;0.838
15.10.2021 23:00;8.968;0;0.468
16.10.2021 00:00;8.968;0;0.208
16.10.2021 01:00;8.968;0;0.104
16.10.2021 02:00;4.968;0;0.026
16.10.2021 03:00;2.569;0;0.026
16.10.2021 04:00;1.768;0;0.052
16.10.2021 05:00;1.644;0;0.99
16.10.2021 06:00;5.565;0;2.604
16.10.2021 07:00;1.586;2.781;2.109
16.10.2021 08:00;0.912;1.825;1.745
16.10.2021 09:00;0.912;1.256;1.328
16.10.2021 10:00;0.912;0.479;1.172
16.10.2021 11:00;0.843;0;1.094
16.10.2021 12:00;5.62;0;1.64
16.10.2021 13:00;1.518;0;1.458
16.10.2021 14:00;0.843;0;0.833
16.10.2021 15:00;0.843;0;0.729
16.10.2021 16:00;0.843;0;0.833
16.10.2021 17:00;1.518;0;1.458
16.10.2021 18:00;5.621;0;2.057
16.10.2021 19:00;6.97;0;2.083
16.10.2021 20:00;5.575;0;1.614
16.10.2021 21:00;9.642;0;1.172
16.10.2021 22:00;9.642;0;0.651
16.10.2021 23:00;8.968;0;0.495
17.10.2021 00:00;8.968;0;0.208
17.10.2021 01:00;8.968;0;0.104
17.10.2021 02:00;4.968;0;0.026
17.10.2021 03:00;2.568;0;0.026
17.10.2021 04:00;1.769;0;0.052
17.10.2021 05:00;1.643;0;0.99
17.10.2021 06:00;5.565;0;2.604
17.10.2021 07:00;1.586;2.986;2.109
17.10.2021 08:00;0.912;2.086;1.745
17.10.2021 09:00;0.912;1.702;1.328
17.10.2021 10:00;0.912;1.142;1.172
17.10.2021 11:00;0.912;0.238;1.094
17.10.2021 12:00;5.621;0;1.64
17.10.2021 13:00;1.518;0;1.458
17.10.2021 14:00;0.843;0;0.833
17.10.2021 15:00;0.843;0;0.729
17.10.2021 16:00;0.843;0;0.833
17.10.2021 17:00;1.518;0;1.458
17.10.2021 18:00;5.621;0;2.057
17.10.2021 19:00;6.97;0;2.083
17.10.2021 20:00;5.575;0;1.614
17.10.2021 21:00;9.642;0;1.172
17.10.2021 22:00;9.642;0;0.651
17.10.2021 23:00;8.968;0;0.495
18.10.2021 00:00;8.968;0;0.208
18.10.2021 01:00;8.968;0;0.104
18.10.2021 02:00;4.969;0;0.026
18.10.2021 03:00;2.569;0;0.026
18.10.2021 04:00;1.769;0;0.052
18.10.2021 05:00;1.643;0;0.99
18.10.2021 06:00;5.565;0;2.604
18.10.2021 07:00;1.586;2.694;2.109
18.10.2021 08:00;0.912;2.635;1.745
18.10.2021 09:00;0.912;2.026;1.328
18.10.2021 10:00;0.912;1.426;1.172
18.10.2021 11:00;0.912;0.766;1.094
18.10.2021 12:00;5.621;0;1.64
18.10.2021 13:00;1.518;0;1.458
18.10.2021 14:00;0.843;0;0.833
18.10.2021 15:00;0.912;0.189;0.729
18.10.2021 16:00;0.912;1.4;0.833
18.10.2021 17:00;1.586;0.404;1.458
18.10.2021 18:00;5.621;0;2.057
18.10.2021 19:00;6.97;0;2.083
18.10.2021 20:00;5.643;0.206;1.614
18.10.2021 21:00;9.642;0;1.172
18.10.2021 22:00;9.642;0;0.651
18.10.2021 23:00;8.967;0;0.495
19.10.2021 00:00;8.968;0;0.208
19.10.2021 01:00;8.967;0;0.104
19.10.2021 02:00;4.967;0;0.026
19.10.2021 03:00;2.567;0;0.026
19.10.2021 04:00;1.768;0;0.052
19.10.2021 05:00;1.643;0;0.99
19.10.2021 06:00;5.565;0;2.604
19.10.2021 07:00;1.586;1.531;2.109
19.10.2021 08:00;0.912;2.047;1.745
19.10.2021 09:00;0.912;1.809;1.328
19.10.2021 10:00;0.912;1.255;1.172
19.10.2021 11:00;0.912;0.35;1.094
19.10.2021 12:00;5.621;0;1.64
19.10.2021 13:00;1.518;0;1.458
19.10.2021 14:00;0.843;0;0.833
19.10.2021 15:00;0.843;0;0.729
19.10.2021 16:00;0.912;0.605;0.833
19.10.2021 17:00;1.586;0.142;1.458
19.10.2021 18:00;5.621;0;2.057
19.10.2021 19:00;6.97;0;2.083
19.10.2021 20:00;5.643;0.323;1.614
19.10.2021 21:00;9.642;0;1.172
19.10.2021 22:00;9.642;0;0.651
19.10.2021 23:00;8.968;0;0.495
20.10.2021 00:00;8.968;0;0.208
20.10.2021 01:00;8.968;0;0.104
20.10.2021 02:00;4.968;0;0.026
20.10.2021 03:00;2.568;0;0.026
20.10.2021 04:00;1.768;0;0.052
20.10.2021 05:00;1.643;0;0.99
20.10.2021 06:00;5.565;0;2.604
20.10.2021 07:00;1.586;2.256;2.109
20.10.2021 08:00;0.912;2.778;1.745
20.10.2021 09:00;0.912;2.496;1.328
20.10.2021 10:00;0.912;2.333;1.172
20.10.2021 11:00;0.912;1.889;1.094
20.10.2021 12:00;5.621;0;1.64
20.10.2021 13:00;1.586;0.752;1.458
20.10.2021 14:00;0.912;1.802;0.833
20.10.2021 15:00;0.912;1.738;0.729
20.10.2021 16:00;0.912;1.806;0.833
20.10.2021 17:00;1.586;0.954;1.458
20.10.2021 18:00;5.621;0;2.057
20.10.2021 19:00;6.97;0;2.083
20.10.2021 20:00;5.643;0.022;1.614
20.10.2021 21:00;9.642;0;1.172
20.10.2021 22:00;9.642;0;0.651
20.10.2021 23:00;8.967;0;0.495
21.10.2021 00:00;4.967;0;0.201
21.10.2021 01:00;4.967;0;0.223
21.10.2021 02:00;2.567;0;0.134
21.10.2021 03:00;1.767;0;0.045
21.10.2021 04:00;1.367;0;0.045
21.10.2021 05:00;1.642;0;0.268
21.10.2021 06:00;5.564;0;0.736
21.10.2021 07:00;1.586;1.427;1.249
21.10.2021 08:00;0.912;2.162;2.03
21.10.2021 09:00;0.912;1.649;2.008
21.10.2021 10:00;0.912;1.309;1.807
21.10.2021 11:00;4.912;1;1.941
21.10.2021 12:00;9.621;0;1.963
21.10.2021 13:00;5.518;0;1.562
21.10.2021 14:00;0.912;0.533;1.249
21.10.2021 15:00;0.912;0.625;0.982
21.10.2021 16:00;0.912;0.882;1.249
21.10.2021 17:00;1.586;0.905;1.606
21.10.2021 18:00;5.622;0;2.231
21.10.2021 19:00;6.97;0;1.762
21.10.2021 20:00;5.644;1.748;0.982
21.10.2021 21:00;5.644;0;0.959
21.10.2021 22:00;9.644;0;0.781
21.10.2021 23:00;4.969;0;0.469
22.10.2021 00:00;4.969;0;0.271
22.10.2021 01:00;4.969;0;0.197
22.10.2021 02:00;4.969;0;0.148
22.10.2021 03:00;4.969;0;0.049
22.10.2021 04:00;4.969;0;0.049
22.10.2021 05:00;1.643;0;0.148
22.10.2021 06:00;5.632;0.62;0.493
22.10.2021 07:00;1.586;4.796;1.01
22.10.2021 08:00;0.912;5.495;1.601
22.10.2021 09:00;0.912;5.009;2.119
22.10.2021 10:00;0.912;4.604;2.34
22.10.2021 11:00;4.912;4.437;2.463
22.10.2021 12:00;9.622;0;2.119
22.10.2021 13:00;5.586;2.961;1.823
22.10.2021 14:00;4.912;4.233;1.429
22.10.2021 15:00;4.912;4.328;1.256
22.10.2021 16:00;0.911;4.555;0.714
22.10.2021 17:00;1.586;3.698;1.355
22.10.2021 18:00;5.622;0;1.774
22.10.2021 19:00;6.971;0;1.921
22.10.2021 20:00;9.644;3.399;0.985
22.10.2021 21:00;9.644;0;0.911
22.10.2021 22:00;9.644;0;0.838
22.10.2021 23:00;8.97;0;0.468
23.10.2021 00:00;8.969;0;0.208
23.10.2021 01:00;8.969;0;0.104
23.10.2021 02:00;4.969;0;0.026
23.10.2021 03:00;2.569;0;0.026
23.10.2021 04:00;1.769;0;0.052
23.10.2021 05:00;1.644;0;0.99
23.10.2021 06:00;5.633;2.265;2.604
23.10.2021 07:00;1.586;5.754;2.109
23.10.2021 08:00;0.912;6.663;1.745
23.10.2021 09:00;0.912;6.293;1.328
23.10.2021 10:00;0.912;5.924;1.172
23.10.2021 11:00;0.912;6.098;1.094
23.10.2021 12:00;5.69;0.801;1.64
23.10.2021 13:00;1.586;3.743;1.458
23.10.2021 14:00;0.912;4.825;0.833
23.10.2021 15:00;0.912;4.686;0.729
23.10.2021 16:00;0.912;4.899;0.833
23.10.2021 17:00;1.586;3.726;1.458
23.10.2021 18:00;5.622;0;2.057
23.10.2021 19:00;6.971;0;2.083
23.10.2021 20:00;5.644;3.21;1.614
23.10.2021 21:00;9.644;0;1.172
23.10.2021 22:00;9.644;0;0.651
23.10.2021 23:00;8.969;0;0.495
24.10.2021 00:00;8.969;0;0.208
24.10.2021 01:00;8.969;0;0.104
24.10.2021 02:00;4.969;0;0.026
24.10.2021 03:00;2.569;0;0.026
24.10.2021 04:00;1.769;0;0.052
24.10.2021 05:00;1.644;0;0.99
24.10.2021 06:00;5.633;2.99;2.604
24.10.2021 07:00;1.586;6.375;2.109
24.10.2021 08:00;0.912;6.923;1.745
24.10.2021 09:00;0.912;6.013;1.328
24.10.2021 10:00;0.912;5.005;1.172
24.10.2021 11:00;0.912;4.2;1.094
24.10.2021 12:00;5.621;0;1.64
24.10.2021 13:00;1.586;2.076;1.458
24.10.2021 14:00;0.912;3.135;0.833
24.10.2021 15:00;0.912;3.166;0.729
24.10.2021 16:00;0.912;3.901;0.833
24.10.2021 17:00;1.586;2.52;1.458
24.10.2021 18:00;5.622;0;2.057
24.10.2021 19:00;6.97;0;2.083
24.10.2021 20:00;5.644;3.105;1.614
24.10.2021 21:00;9.643;0;1.172
24.10.2021 22:00;9.643;0;0.651
24.10.2021 23:00;8.969;0;0.495
25.10.2021 00:00;8.969;0;0.208
25.10.2021 01:00;8.968;0;0.104
25.10.2021 02:00;4.968;0;0.026
25.10.2021 03:00;2.569;0;0.026
25.10.2021 04:00;1.769;0;0.052
25.10.2021 05:00;1.644;0;0.99
25.10.2021 06:00;5.633;1.49;2.604
25.10.2021 07:00;1.586;4.381;2.109
25.10.2021 08:00;0.912;4.825;1.745
25.10.2021 09:00;0.912;3.845;1.328
25.10.2021 10:00;0.912;3.071;1.172
25.10.2021 11:00;0.912;2.505;1.094
25.10.2021 12:00;5.621;0;1.64
25.10.2021 13:00;1.586;0.19;1.458
25.10.2021 14:00;0.912;1.465;0.833
25.10.2021 15:00;0.912;1.278;0.729
25.10.2021 16:00;0.912;2.338;0.833
25.10.2021 17:00;1.586;1.592;1.458
25.10.2021 18:00;5.621;0;2.057
25.10.2021 19:00;6.97;0;2.083
25.10.2021 20:00;5.643;1.103;1.614
25.10.2021 21:00;9.642;0;1.172
25.10.2021 22:00;9.642;0;0.651
25.10.2021 23:00;8.969;0;0.495
26.10.2021 00:00;8.968;0;0.208
26.10.2021 01:00;8.968;0;0.104
26.10.2021 02:00;4.968;0;0.026
26.10.2021 03:00;2.568;0;0.026
26.10.2021 04:00;1.768;0;0.052
26.10.2021 05:00;1.643;0;0.99
26.10.2021 06:00;5.633;0.405;2.604
26.10.2021 07:00;1.586;3.808;2.109
26.10.2021 08:00;0.912;4.148;1.745
26.10.2021 09:00;0.912;3.103;1.328
26.10.2021 10:00;0.912;1.993;1.172
26.10.2021 11:00;0.912;1.677;1.094
26.10.2021 12:00;5.621;0;1.64
26.10.2021 13:00;1.518;0;1.458
26.10.2021 14:00;0.912;0.374;0.833
26.10.2021 15:00;0.912;0.85;0.729
26.10.2021 16:00;0.912;1.719;0.833
26.10.2021 17:00;1.586;1.614;1.458
26.10.2021 18:00;5.621;0;2.057
26.10.2021 19:00;6.97;0;2.083
26.10.2021 20:00;5.643;0.301;1.614
26.10.2021 21:00;9.642;0;1.172
26.10.2021 22:00;9.642;0;0.651
26.10.2021 23:00;8.967;0;0.495
27.10.2021 00:00;8.967;0;0.208
27.10.2021 01:00;8.967;0;0.104
27.10.2021 02:00;4.968;0;0.026
27.10.2021 03:00;2.567;0;0.026
27.10.2021 04:00;1.767;0;0.052
27.10.2021 05:00;1.642;0;0.99
27.10.2021 06:00;5.565;0;2.604
27.10.2021 07:00;1.586;1.945;2.109
27.10.2021 08:00;0.912;2.559;1.745
27.10.2021 09:00;0.912;2.764;1.328
27.10.2021 10:00;0.912;2.712;1.172
27.10.2021 11:00;0.912;2.335;1.094
27.10.2021 12:00;5.621;0;1.64
27.10.2021 13:00;1.586;1.156;1.458
27.10.2021 14:00;0.912;2.618;0.833
27.10.2021 15:00;0.912;2.705;0.729
27.10.2021 16:00;0.912;3.227;0.833
27.10.2021 17:00;1.586;2.714;1.458
27.10.2021 18:00;5.622;0;2.057
27.10.2021 19:00;6.971;0;2.083
27.10.2021 20:00;5.644;2.003;1.614
27.10.2021 21:00;9.644;0;1.172
27.10.2021 22:00;9.643;0;0.651
27.10.2021 23:00;8.969;0;0.495
28.10.2021 00:00;4.969;0;0.201
28.10.2021 01:00;4.969;0;0.223
28.10.2021 02:00;2.569;0;0.134
28.10.2021 03:00;1.769;0;0.045
28.10.2021 04:00;1.37;0;0.045
28.10.2021 05:00;1.645;0;0.268
28.10.2021 06:00;5.632;2.773;0.736
28.10.2021 07:00;1.586;6.232;1.249
28.10.2021 08:00;0.912;6.317;2.03
28.10.2021 09:00;0.912;5.679;2.008
28.10.2021 10:00;0.912;5.141;1.807
28.10.2021 11:00;4.912;4.505;1.941
28.10.2021 12:00;9.622;0;1.963
28.10.2021 13:00;5.586;3.061;1.562
28.10.2021 14:00;0.912;4.027;1.249
28.10.2021 15:00;0.912;4.335;0.982
28.10.2021 16:00;0.912;4.237;1.249
28.10.2021 17:00;1.586;3.624;1.606
28.10.2021 18:00;5.691;0.15;2.231
28.10.2021 19:00;6.971;0;1.762
28.10.2021 20:00;5.644;4.044;0.982
28.10.2021 21:00;5.644;0;0.959
28.10.2021 22:00;9.644;0;0.781
28.10.2021 23:00;4.97;0;0.469
29.10.2021 00:00;4.969;0;0.271
29.10.2021 01:00;4.969;0;0.197
29.10.2021 02:00;4.97;0;0.148
29.10.2021 03:00;4.969;0;0.049
29.10.2021 04:00;4.969;0;0.049
29.10.2021 05:00;1.643;0;0.148
29.10.2021 06:00;5.632;2.244;0.493
29.10.2021 07:00;1.586;5.685;1.01
29.10.2021 08:00;0.912;6.331;1.601
29.10.2021 09:00;0.912;6.034;2.119
29.10.2021 10:00;0.912;6.556;2.34
29.10.2021 11:00;4.912;5.521;2.463
29.10.2021 12:00;9.69;0.3;2.119
29.10.2021 13:00;5.586;4.816;1.823
29.10.2021 14:00;4.912;5.795;1.429
29.10.2021 15:00;4.912;4.916;1.256
29.10.2021 16:00;0.911;4.799;0.714
29.10.2021 17:00;1.586;3.673;1.355
29.10.2021 18:00;5.622;0;1.774
29.10.2021 19:00;6.971;0;1.921
29.10.2021 20:00;9.644;3.849;0.985
29.10.2021 21:00;9.643;0;0.911
29.10.2021 22:00;9.643;0;0.838
29.10.2021 23:00;8.969;0;0.468
30.10.2021 00:00;8.969;0;0.208
30.10.2021 01:00;8.969;0;0.104
30.10.2021 02:00;4.969;0;0.026
30.10.2021 03:00;2.569;0;0.026
30.10.2021 04:00;1.77;0;0.052
30.10.2021 05:00;1.644;0;0.99
30.10.2021 06:00;5.633;3.168;2.604
30.10.2021 07:00;1.586;6.671;2.109
30.10.2021 08:00;0.912;7.308;1.745
30.10.2021 09:00;0.912;6.814;1.328
30.10.2021 10:00;0.912;6.217;1.172
30.10.2021 11:00;0.912;6.44;1.094
30.10.2021 12:00;5.691;1.025;1.64
30.10.2021 13:00;1.586;4.739;1.458
30.10.2021 14:00;0.912;5.839;0.833
30.10.2021 15:00;0.912;5.41;0.729
30.10.2021 16:00;0.912;5.695;0.833
30.10.2021 17:00;1.586;4.781;1.458
30.10.2021 18:00;5.691;1.009;2.057
30.10.2021 19:00;6.971;0;2.083
30.10.2021 20:00;5.644;4.733;1.614
30.10.2021 21:00;9.645;0;1.172
30.10.2021 22:00;9.645;0;0.651
30.10.2021 23:00;8.97;0;0.495
31.10.2021 00:00;8.97;0;0.208
31.10.2021 01:00;8.97;0;0.104
31.10.2021 02:00;4.97;0;0.026
31.10.2021 03:00;2.571;0;0.026
31.10.2021 04:00;1.77;0;0.052
31.10.2021 05:00;1.645;0;0.99
31.10.2021 06:00;5.633;5.365;2.604
31.10.2021 07:00;1.586;8.726;2.109
31.10.2021 08:00;0.912;8.97;1.745
31.10.2021 09:00;0.912;8.013;1.328
31.10.2021 10:00;0.912;6.794;1.172
31.10.2021 11:00;0.912;5.941;1.094
31.10.2021 12:00;5.69;0.178;1.64
31.10.2021 13:00;1.586;4.432;1.458
31.10.2021 14:00;0.912;5.488;0.833
31.10.2021 15:00;0.912;4.935;0.729
31.10.2021 16:00;0.912;5.498;0.833
31.10.2021 17:00;1.586;5.173;1.458
31.10.2021 18:00;5.691;1.778;2.057
31.10.2021 19:00;7.04;0.633;2.083
31.10.2021 20:00;5.644;5.211;1.614
31.10.2021 21:00;9.644;0;1.172
31.10.2021 22:00;9.643;0;0.651
31.10.2021 23:00;8.968;0;0.495
01.11.2021 00:00;8.968;0;0.208
01.11.2021 01:00;8.968;0;0.104
01.11.2021 02:00;4.968;0;0.026
01.11.2021 03:00;2.568;0;0.026
01.11.2021 04:00;1.768;0;0.052
01.11.2021 05:00;1.643;0;0.99
01.11.2021 06:00;5.633;0.942;2.604
01.11.2021 07:00;1.586;4.536;2.109
01.11.2021 08:00;0.912;5.472;1.745
01.11.2021 09:00;0.912;5.156;1.328
01.11.2021 10:00;0.912;4.808;1.172
01.11.2021 11:00;0.912;4.387;1.094
01.11.2021 12:00;5.621;0;1.64
01.11.2021 13:00;1.586;2.727;1.458
01.11.2021 14:00;0.912;3.805;0.833
01.11.2021 15:00;0.912;3.572;0.729
01.11.2021 16:00;0.912;3.889;0.833
01.11.2021 17:00;1.586;2.925;1.458
01.11.2021 18:00;5.622;0;2.057
01.11.2021 19:00;6.97;0;2.083
01.11.2021 20:00;5.644;2.612;1.614
01.11.2021 21:00;9.643;0;1.172
01.11.2021 22:00;9.643;0;0.651
01.11.2021 23:00;8.969;0;0.495
02.11.2021 00:00;8.968;0;0.208
02.11.2021 01:00;8.968;0;0.104
02.11.2021 02:00;4.968;0;0.026
02.11.2021 03:00;2.568;0;0.026
02.11.2021 04:00;1.768;0;0.052
02.11.2021 05:00;1.643;0;0.99
02.11.2021 06:00;5.633;0.372;2.604
02.11.2021 07:00;1.586;3.875;2.109
02.11.2021 08:00;0.912;5.186;1.745
02.11.2021 09:00;0.912;4.601;1.328
02.11.2021 10:00;0.912;4.11;1.172
02.11.2021 11:00;0.912;3.893;1.094
02.11.2021 12:00;5.621;0;1.64
02.11.2021 13:00;1.586;1.883;1.458
02.11.2021 14:00;0.912;2.955;0.833
02.11.2021 15:00;0.912;3.113;0.729
02.11.2021 16:00;0.912;4.042;0.833
02.11.2021 17:00;1.586;2.741;1.458
02.11.2021 18:00;5.622;0;2.057
02.11.2021 19:00;6.971;0;2.083
02.11.2021 20:00;5.644;2.354;1.614
02.11.2021 21:00;9.643;0;1.172
02.11.2021 22:00;9.643;0;0.651
02.11.2021 23:00;8.968;0;0.495
03.11.2021 00:00;8.968;0;0.208
03.11.2021 01:00;8.968;0;0.104
03.11.2021 02:00;4.968;0;0.026
03.11.2021 03:00;2.569;0;0.026
03.11.2021 04:00;1.769;0;0.052
03.11.2021 05:00;1.643;0;0.99
03.11.2021 06:00;5.633;1.515;2.604
03.11.2021 07:00;1.586;5.6;2.109
03.11.2021 08:00;0.912;5.679;1.745
03.11.2021 09:00;0.912;5.126;1.328
03.11.2021 10:00;0.912;4.397;1.172
03.11.2021 11:00;0.912;4.248;1.094
03.11.2021 12:00;5.622;0;1.64
03.11.2021 13:00;1.586;3.027;1.458
03.11.2021 14:00;0.912;3.548;0.833
03.11.2021 15:00;0.912;3.818;0.729
03.11.2021 16:00;0.912;3.983;0.833
03.11.2021 17:00;1.586;3.828;1.458
03.11.2021 18:00;5.622;0;2.057
03.11.2021 19:00;6.971;0;2.083
03.11.2021 20:00;5.644;2.219;1.614
03.11.2021 21:00;9.644;0;1.172
03.11.2021 22:00;9.644;0;0.651
03.11.2021 23:00;8.97;0;0.495
04.11.2021 00:00;4.969;0;0.201
04.11.2021 01:00;4.969;0;0.223
04.11.2021 02:00;2.57;0;0.134
04.11.2021 03:00;1.77;0;0.045
04.11.2021 04:00;1.369;0;0.045
04.11.2021 05:00;1.644;0;0.268
04.11.2021 06:00;5.632;3.195;0.736
04.11.2021 07:00;1.586;6.583;1.249
04.11.2021 08:00;0.912;6.362;2.03
04.11.2021 09:00;0.912;5.805;2.008
04.11.2021 10:00;0.912;5.503;1.807
04.11.2021 11:00;4.912;5.466;1.941
04.11.2021 12:00;9.69;0.427;1.963
04.11.2021 13:00;5.586;4.514;1.562
04.11.2021 14:00;0.912;5.742;1.249
04.11.2021 15:00;0.912;5.897;0.982
04.11.2021 16:00;0.912;5.987;1.249
04.11.2021 17:00;1.586;4.87;1.606
04.11.2021 18:00;5.691;1.028;2.231
04.11.2021 19:00;6.971;0;1.762
04.11.2021 20:00;5.644;4.66;0.982
04.11.2021 21:00;5.644;0;0.959
04.11.2021 22:00;9.644;0;0.781
04.11.2021 23:00;4.97;0;0.469
05.11.2021 00:00;4.97;0;0.271
05.11.2021 01:00;4.969;0;0.197
05.11.2021 02:00;4.969;0;0.148
05.11.2021 03:00;4.969;0;0.049
05.11.2021 04:00;4.969;0;0.049
05.11.2021 05:00;1.644;0;0.148
05.11.2021 06:00;5.632;3.226;0.493
05.11.2021 07:00;1.586;6.607;1.01
05.11.2021 08:00;0.912;7.257;1.601
05.11.2021 09:00;0.912;6.672;2.119
05.11.2021 10:00;0.912;6.078;2.34
05.11.2021 11:00;4.912;6.221;2.463
05.11.2021 12:00;9.69;0.141;2.119
05.11.2021 13:00;5.586;3.912;1.823
05.11.2021 14:00;4.912;5.017;1.429
05.11.2021 15:00;4.912;5.138;1.256
05.11.2021 16:00;0.911;5.702;0.714
05.11.2021 17:00;1.586;5.249;1.355
05.11.2021 18:00;5.691;1.716;1.774
05.11.2021 19:00;7.04;0.679;1.921
05.11.2021 20:00;9.644;5.337;0.985
05.11.2021 21:00;9.645;0;0.911
05.11.2021 22:00;9.645;0;0.838
05.11.2021 23:00;8.971;0;0.468
06.11.2021 00:00;8.971;0;0.208
06.11.2021 01:00;8.971;0;0.104
06.11.2021 02:00;4.97;0;0.026
06.11.2021 03:00;2.57;0;0.026
06.11.2021 04:00;1.77;0;0.052
06.11.2021 05:00;1.645;0;0.99
06.11.2021 06:00;5.633;5.317;2.604
06.11.2021 07:00;1.586;8.508;2.109
06.11.2021 08:00;0.912;8.735;1.745
06.11.2021 09:00;0.912;7.954;1.328
06.11.2021 10:00;0.912;7.84;1.172
06.11.2021 11:00;0.912;6.609;1.094
06.11.2021 12:00;5.69;0.949;1.64
06.11.2021 13:00;1.586;4.457;1.458
06.11.2021 14:00;0.912;5.307;0.833
06.11.2021 15:00;0.912;5.889;0.729
06.11.2021 16:00;0.912;6.012;0.833
06.11.2021 17:00;1.586;4.829;1.458
06.11.2021 18:00;5.69;0.793;2.057
06.11.2021 19:00;6.971;0;2.083
06.11.2021 20:00;5.644;3.778;1.614
06.11.2021 21:00;9.643;0;1.172
06.11.2021 22:00;9.643;0;0.651
06.11.2021 23:00;8.969;0;0.495
07.11.2021 00:00;8.969;0;0.208
07.11.2021 01:00;8.969;0;0.104
07.11.2021 02:00;4.969;0;0.026
07.11.2021 03:00;2.568;0;0.026
07.11.2021 04:00;1.769;0;0.052
07.11.2021 05:00;1.643;0;0.99
07.11.2021 06:00;5.633;2.182;2.604
07.11.2021 07:00;1.586;5.758;2.109
07.11.2021 08:00;0.912;6.553;1.745
07.11.2021 09:00;0.912;5.488;1.328
07.11.2021 10:00;0.912;4.822;1.172
07.11.2021 11:00;0.912;4.166;1.094
07.11.2021 12:00;5.621;0;1.64
07.11.2021 13:00;1.586;2.268;1.458
07.11.2021 14:00;0.912;3.467;0.833
07.11.2021 15:00;0.912;3.702;0.729
07.11.2021 16:00;0.912;3.987;0.833
07.11.2021 17:00;1.586;3.416;1.458
07.11.2021 18:00;5.622;0;2.057
07.11.2021 19:00;6.971;0;2.083
07.11.2021 20:00;5.644;3.631;1.614
07.11.2021 21:00;9.644;0;1.172
07.11.2021 22:00;9.643;0;0.651
07.11.2021 23:00;8.969;0;0.495
08.11.2021 00:00;8.969;0;0.208
08.11.2021 01:00;8.97;0;0.104
08.11.2021 02:00;4.97;0;0.026
08.11.2021 03:00;2.57;0;0.026
08.11.2021 04:00;1.769;0;0.052
08.11.2021 05:00;1.644;0;0.99
08.11.2021 06:00;5.633;2.91;2.604
08.11.2021 07:00;1.586;6.969;2.109
08.11.2021 08:00;0.912;6.558;1.745
08.11.2021 09:00;0.912;5.814;1.328
08.11.2021 10:00;0.912;5.097;1.172
08.11.2021 11:00;0.912;4.147;1.094
08.11.2021 12:00;5.621;0;1.64
08.11.2021 13:00;1.586;2.096;1.458
08.11.2021 14:00;0.912;3.445;0.833
08.11.2021 15:00;0.912;3.675;0.729
08.11.2021 16:00;0.912;3.971;0.833
08.11.2021 17:00;1.586;2.894;1.458
08.11.2021 18:00;5.622;0;2.057
08.11.2021 19:00;6.97;0;2.083
08.11.2021 20:00;5.643;2.145;1.614
08.11.2021 21:00;9.643;0;1.172
08.11.2021 22:00;9.643;0;0.651
08.11.2021 23:00;8.968;0;0.495
09.11.2021 00:00;8.968;0;0.208
09.11.2021 01:00;8.968;0;0.104
09.11.2021 02:00;4.968;0;0.026
09.11.2021 03:00;2.568;0;0.026
09.11.2021 04:00;1.769;0;0.052
09.11.2021 05:00;1.643;0;0.99
09.11.2021 06:00;5.633;0.922;2.604
09.11.2021 07:00;1.586;4.601;2.109
09.11.2021 08:00;0.912;5.518;1.745
09.11.2021 09:00;0.912;5.223;1.328
09.11.2021 10:00;0.912;4.903;1.172
09.11.2021 11:00;0.912;4.66;1.094
09.11.2021 12:00;5.622;0;1.64
09.11.2021 13:00;1.586;3.599;1.458
09.11.2021 14:00;0.912;4.67;0.833
09.11.2021 15:00;0.912;4.596;0.729
09.11.2021 16:00;0.912;4.607;0.833
09.11.2021 17:00;1.586;3.537;1.458
09.11.2021 18:00;5.622;0;2.057
09.11.2021 19:00;6.971;0;2.083
09.11.2021 20:00;5.644;3.125;1.614
09.11.2021 21:00;9.644;0;1.172
09.11.2021 22:00;9.643;0;0.651
09.11.2021 23:00;8.969;0;0.495
10.11.2021 00:00;8.969;0;0.208
10.11.2021 01:00;8.969;0;0.104
10.11.2021 02:00;4.969;0;0.026
10.11.2021 03:00;2.569;0;0.026
10.11.2021 04:00;1.769;0;0.052
10.11.2021 05:00;1.643;0;0.99
10.11.2021 06:00;5.633;1.78;2.604
10.11.2021 07:00;1.586;5.438;2.109
10.11.2021 08:00;0.912;6.411;1.745
10.11.2021 09:00;0.912;5.859;1.328
10.11.2021 10:00;0.912;5.202;1.172
10.11.2021 11:00;0.912;4.615;1.094
10.11.2021 12:00;5.622;0;1.64
10.11.2021 13:00;1.586;2.247;1.458
10.11.2021 14:00;0.912;3.3;0.833
10.11.2021 15:00;0.912;3.55;0.729
10.11.2021 16:00;0.912;3.909;0.833
10.11.2021 17:00;1.586;3.278;1.458
10.11.2021 18:00;5.622;0;2.057
10.11.2021 19:00;6.971;0;2.083
10.11.2021 20:00;5.644;3.021;1.614
10.11.2021 21:00;9.643;0;1.172
10.11.2021 22:00;9.643;0;0.651
10.11.2021 23:00;8.969;0;0.495
11.11.2021 00:00;4.969;0;0.201
11.11.2021 01:00;4.969;0;0.223
11.11.2021 02:00;2.569;0;0.134
11.11.2021 03:00;1.769;0;0.045
11.11.2021 04:00;1.369;0;0.045
11.11.2021 05:00;1.643;0;0.268
11.11.2021 06:00;5.632;2.072;0.736
11.11.2021 07:00;1.586;5.795;1.249
11.11.2021 08:00;0.912;6.186;2.03
11.11.2021 09:00;0.912;5.619;2.008
11.11.2021 10:00;0.912;4.699;1.807
11.11.2021 11:00;4.912;3.78;1.941
11.11.2021 12:00;9.621;0;1.963
11.11.2021 13:00;5.586;1.666;1.562
11.11.2021 14:00;0.912;2.976;1.249
11.11.2021 15:00;0.912;3.465;0.982
11.11.2021 16:00;0.912;4.138;1.249
11.11.2021 17:00;1.586;3.521;1.606
11.11.2021 18:00;5.622;0;2.231
11.11.2021 19:00;6.971;0;1.762
11.11.2021 20:00;5.643;2.954;0.982
11.11.2021 21:00;5.643;0;0.959
11.11.2021 22:00;9.643;0;0.781
11.11.2021 23:00;4.969;0;0.469
12.11.2021 00:00;4.968;0;0.271
12.11.2021 01:00;4.969;0;0.197
12.11.2021 02:00;4.969;0;0.148
12.11.2021 03:00;4.969;0;0.049
12.11.2021 04:00;4.969;0;0.049
12.11.2021 05:00;1.643;0;0.148
12.11.2021 06:00;5.632;2.578;0.493
12.11.2021 07:00;1.586;6.05;1.01
12.11.2021 08:00;0.912;7.008;1.601
12.11.2021 09:00;0.912;5.709;2.119
12.11.2021 10:00;0.912;5.225;2.34
12.11.2021 11:00;4.912;4.35;2.463
12.11.2021 12:00;9.622;0;2.119
12.11.2021 13:00;5.586;2.749;1.823
12.11.2021 14:00;4.912;3.986;1.429
12.11.2021 15:00;4.912;4.468;1.256
12.11.2021 16:00;0.911;4.596;0.714
12.11.2021 17:00;1.586;3.604;1.355
12.11.2021 18:00;5.622;0;1.774
12.11.2021 19:00;6.971;0;1.921
12.11.2021 20:00;9.644;3.476;0.985
12.11.2021 21:00;9.644;0;0.911
12.11.2021 22:00;9.643;0;0.838
12.11.2021 23:00;8.969;0;0.468
13.11.2021 00:00;8.969;0;0.208
13.11.2021 01:00;8.969;0;0.104
13.11.2021 02:00;4.969;0;0.026
13.11.2021 03:00;2.569;0;0.026
13.11.2021 04:00;1.769;0;0.052
13.11.2021 05:00;1.644;0;0.99
13.11.2021 06:00;5.633;2.709;2.604
13.11.2021 07:00;1.586;6.15;2.109
13.11.2021 08:00;0.912;6.977;1.745
13.11.2021 09:00;0.912;6.549;1.328
13.11.2021 10:00;0.912;5.772;1.172
13.11.2021 11:00;0.912;4.734;1.094
13.11.2021 12:00;5.622;0;1.64
13.11.2021 13:00;1.586;3.693;1.458
13.11.2021 14:00;0.912;4.49;0.833
13.11.2021 15:00;0.912;4.665;0.729
13.11.2021 16:00;0.912;5.246;0.833
13.11.2021 17:00;1.586;3.644;1.458
13.11.2021 18:00;5.622;0;2.057
13.11.2021 19:00;6.971;0;2.083
13.11.2021 20:00;5.644;3.562;1.614
13.11.2021 21:00;9.644;0;1.172
13.11.2021 22:00;9.643;0;0.651
13.11.2021 23:00;8.969;0;0.495
14.11.2021 00:00;8.968;0;0.208
14.11.2021 01:00;8.968;0;0.104
14.11.2021 02:00;4.968;0;0.026
14.11.2021 03:00;2.568;0;0.026
14.11.2021 04:00;1.768;0;0.052
14.11.2021 05:00;1.643;0;0.99
14.11.2021 06:00;5.633;0.906;2.604
14.11.2021 07:00;1.586;4.667;2.109
14.11.2021 08:00;0.912;5.396;1.745
14.11.2021 09:00;0.912;5.03;1.328
14.11.2021 10:00;0.912;4.324;1.172
14.11.2021 11:00;0.912;3.918;1.094
14.11.2021 12:00;5.621;0;1.64
14.11.2021 13:00;1.586;2.659;1.458
14.11.2021 14:00;0.912;3.677;0.833
14.11.2021 15:00;0.912;3.934;0.729
14.11.2021 16:00;0.912;4.295;0.833
14.11.2021 17:00;1.586;3.112;1.458
14.11.2021 18:00;5.622;0;2.057
14.11.2021 19:00;6.971;0;2.083
14.11.2021 20:00;5.644;2.654;1.614
14.11.2021 21:00;9.643;0;1.172
14.11.2021 22:00;9.643;0;0.651
14.11.2021 23:00;8.969;0;0.495
15.11.2021 00:00;8.969;0;0.208
15.11.2021 01:00;8.969;0;0.104
15.11.2021 02:00;4.969;0;0.026
15.11.2021 03:00;2.569;0;0.026
15.11.2021 04:00;1.769;0;0.052
15.11.2021 05:00;1.643;0;0.99
15.11.2021 06:00;5.633;1.57;2.604
15.11.2021 07:00;1.586;5.01;2.109
15.11.2021 08:00;0.912;5.711;1.745
15.11.2021 09:00;0.912;5.296;1.328
15.11.2021 10:00;0.912;4.785;1.172
15.11.2021 11:00;0.912;4.32;1.094
15.11.2021 12:00;5.622;0;1.64
15.11.2021 13:00;1.586;2.69;1.458
15.11.2021 14:00;0.912;3.738;0.833
15.11.2021 15:00;0.912;3.903;0.729
15.11.2021 16:00;0.912;4.135;0.833
15.11.2021 17:00;1.586;2.854;1.458
15.11.2021 18:00;5.622;0;2.057
15.11.2021 19:00;6.97;0;2.083
15.11.2021 20:00;5.644;2.19;1.614
15.11.2021 21:00;9.643;0;1.172
15.11.2021 22:00;9.643;0;0.651
15.11.2021 23:00;8.968;0;0.495
16.11.2021 00:00;8.968;0;0.208
16.11.2021 01:00;8.968;0;0.104
16.11.2021 02:00;4.968;0;0.026
16.11.2021 03:00;2.568;0;0.026
16.11.2021 04:00;1.768;0;0.052
16.11.2021 05:00;1.643;0;0.99
16.11.2021 06:00;5.633;1.141;2.604
16.11.2021 07:00;1.586;5.061;2.109
16.11.2021 08:00;0.912;5.536;1.745
16.11.2021 09:00;0.912;4.822;1.328
16.11.2021 10:00;0.912;4.242;1.172
16.11.2021 11:00;0.912;3.813;1.094
16.11.2021 12:00;5.621;0;1.64
16.11.2021 13:00;1.586;2.092;1.458
16.11.2021 14:00;0.912;3.205;0.833
16.11.2021 15:00;0.912;3.498;0.729
16.11.2021 16:00;0.912;4.092;0.833
16.11.2021 17:00;1.586;3.3;1.458
16.11.2021 18:00;5.622;0;2.057
16.11.2021 19:00;6.971;0;2.083
16.11.2021 20:00;5.644;3.072;1.614
16.11.2021 21:00;9.644;0;1.172
16.11.2021 22:00;9.643;0;0.651
16.11.2021 23:00;8.968;0;0.495
17.11.2021 00:00;8.968;0;0.208
17.11.2021 01:00;8.968;0;0.104
17.11.2021 02:00;4.968;0;0.026
17.11.2021 03:00;2.568;0;0.026
17.11.2021 04:00;1.768;0;0.052
17.11.2021 05:00;1.643;0;0.99
17.11.2021 06:00;5.633;0.308;2.604
17.11.2021 07:00;1.586;4.023;2.109
17.11.2021 08:00;0.912;4.776;1.745
17.11.2021 09:00;0.912;4.326;1.328
17.11.2021 10:00;0.912;3.871;1.172
17.11.2021 11:00;0.912;3.519;1.094
17.11.2021 12:00;5.621;0;1.64
17.11.2021 13:00;1.586;1.987;1.458
17.11.2021 14:00;0.912;3.182;0.833
17.11.2021 15:00;0.912;3.234;0.729
17.11.2021 16:00;0.912;3.588;0.833
17.11.2021 17:00;1.586;2.422;1.458
17.11.2021 18:00;5.622;0;2.057
17.11.2021 19:00;6.971;0;2.083
17.11.2021 20:00;5.644;2.464;1.614
17.11.2021 21:00;9.643;0;1.172
17.11.2021 22:00;9.643;0;0.651
17.11.2021 23:00;8.969;0;0.495
18.11.2021 00:00;4.969;0;0.201
18.11.2021 01:00;4.969;0;0.223
18.11.2021 02:00;2.569;0;0.134
18.11.2021 03:00;1.769;0;0.045
18.11.2021 04:00;1.369;0;0.045
18.11.2021 05:00;1.644;0;0.268
18.11.2021 06:00;5.632;1.81;0.736
18.11.2021 07:00;1.586;5.612;1.249
18.11.2021 08:00;0.912;6.273;2.03
18.11.2021 09:00;0.912;6.015;2.008
18.11.2021 10:00;0.912;5.638;1.807
18.11.2021 11:00;4.912;5.327;1.941
18.11.2021 12:00;9.622;0;1.963
18.11.2021 13:00;5.586;3.64;1.562
18.11.2021 14:00;0.912;4.759;1.249
18.11.2021 15:00;0.912;4.906;0.982
18.11.2021 16:00;0.912;5.358;1.249
18.11.2021 17:00;1.586;4.336;1.606
18.11.2021 18:00;5.691;0.781;2.231
18.11.2021 19:00;6.971;0;1.762
18.11.2021 20:00;5.644;4.107;0.982
18.11.2021 21:00;5.644;0;0.959
18.11.2021 22:00;9.644;0;0.781
18.11.2021 23:00;4.97;0;0.469
19.11.2021 00:00;4.97;0;0.271
19.11.2021 01:00;4.97;0;0.197
19.11.2021 02:00;4.97;0;0.148
19.11.2021 03:00;4.97;0;0.049
19.11.2021 04:00;4.97;0;0.049
19.11.2021 05:00;1.644;0;0.148
19.11.2021 06:00;5.632;4.251;0.493
19.11.2021 07:00;1.586;7.917;1.01
19.11.2021 08:00;0.912;8.168;1.601
19.11.2021 09:00;0.912;7.649;2.119
19.11.2021 10:00;0.912;6.993;2.34
19.11.2021 11:00;4.912;6.447;2.463
19.11.2021 12:00;9.69;0.885;2.119
19.11.2021 13:00;5.586;4.639;1.823
19.11.2021 14:00;4.912;5.856;1.429
19.11.2021 15:00;4.912;6.327;1.256
19.11.2021 16:00;0.911;6.213;0.714
19.11.2021 17:00;1.586;5.217;1.355
19.11.2021 18:00;5.691;1.465;1.774
19.11.2021 19:00;7.039;0.297;1.921
19.11.2021 20:00;9.644;5.333;0.985
19.11.2021 21:00;9.645;0;0.911
19.11.2021 22:00;9.645;0;0.838
19.11.2021 23:00;8.97;0;0.468
20.11.2021 00:00;8.97;0;0.208
20.11.2021 01:00;8.97;0;0.104
20.11.2021 02:00;4.97;0;0.026
20.11.2021 03:00;2.57;0;0.026
20.11.2021 04:00;1.77;0;0.052
20.11.2021 05:00;1.645;0;0.99
20.11.2021 06:00;5.633;5.004;2.604
20.11.2021 07:00;1.586;8.47;2.109
20.11.2021 08:00;0.912;8.875;1.745
20.11.2021 09:00;0.912;8.101;1.328
20.11.2021 10:00;0.912;7.513;1.172
20.11.2021 11:00;0.912;6.821;1.094
20.11.2021 12:00;5.69;1.431;1.64
20.11.2021 13:00;1.586;5.245;1.458
20.11.2021 14:00;0.912;6.271;0.833
20.11.2021 15:00;0.912;6.568;0.729
20.11.2021 16:00;0.912;6.703;0.833
20.11.2021 17:00;1.586;5.345;1.458
20.11.2021 18:00;5.691;1.426;2.057
20.11.2021 19:00;7.04;0.839;2.083
20.11.2021 20:00;5.644;5.323;1.614
20.11.2021 21:00;9.645;0;1.172
20.11.2021 22:00;9.645;0;0.651
20.11.2021 23:00;8.97;0;0.495
21.11.2021 00:00;8.97;0;0.208
21.11.2021 01:00;8.97;0;0.104
21.11.2021 02:00;4.97;0;0.026
21.11.2021 03:00;2.57;0;0.026
21.11.2021 04:00;1.77;0;0.052
21.11.2021 05:00;1.644;0;0.99
21.11.2021 06:00;5.633;4.121;2.604
21.11.2021 07:00;1.586;7.684;2.109
21.11.2021 08:00;0.912;8.745;1.745
21.11.2021 09:00;0.912;7.92;1.328
21.11.2021 10:00;0.912;7.109;1.172
21.11.2021 11:00;0.912;6.908;1.094
21.11.2021 12:00;5.69;1.387;1.64
21.11.2021 13:00;1.586;5.244;1.458
21.11.2021 14:00;0.912;6.402;0.833
21.11.2021 15:00;0.912;6.578;0.729
21.11.2021 16:00;0.912;6.539;0.833
21.11.2021 17:00;1.586;5.767;1.458
21.11.2021 18:00;5.691;1.792;2.057
21.11.2021 19:00;7.04;0.452;2.083
21.11.2021 20:00;5.644;4.907;1.614
21.11.2021 21:00;9.644;0;1.172
21.11.2021 22:00;9.644;0;0.651
21.11.2021 23:00;8.97;0;0.495
22.11.2021 00:00;8.97;0;0.208
22.11.2021 01:00;8.97;0;0.104
22.11.2021 02:00;4.97;0;0.026
22.11.2021 03:00;2.57;0;0.026
22.11.2021 04:00;1.77;0;0.052
22.11.2021 05:00;1.645;0;0.99
22.11.2021 06:00;5.633;4.39;2.604
22.11.2021 07:00;1.586;8.011;2.109
22.11.2021 08:00;0.912;8.612;1.745
22.11.2021 09:00;0.912;8.105;1.328
22.11.2021 10:00;0.912;7.66;1.172
22.11.2021 11:00;0.912;6.965;1.094
22.11.2021 12:00;5.69;1.776;1.64
22.11.2021 13:00;1.586;5.516;1.458
22.11.2021 14:00;0.912;6.67;0.833
22.11.2021 15:00;0.912;6.629;0.729
22.11.2021 16:00;0.912;6.854;0.833
22.11.2021 17:00;1.586;6.015;1.458
22.11.2021 18:00;5.691;1.849;2.057
22.11.2021 19:00;7.04;0.761;2.083
22.11.2021 20:00;5.644;5.265;1.614
22.11.2021 21:00;9.645;0;1.172
22.11.2021 22:00;9.645;0;0.651
22.11.2021 23:00;8.97;0;0.495
23.11.2021 00:00;8.97;0;0.208
23.11.2021 01:00;8.97;0;0.104
23.11.2021 02:00;4.97;0;0.026
23.11.2021 03:00;2.571;0;0.026
23.11.2021 04:00;1.771;0;0.052
23.11.2021 05:00;1.646;0;0.99
23.11.2021 06:00;5.633;6.5;2.604
23.11.2021 07:00;1.586;9.937;2.109
23.11.2021 08:00;0.912;9.969;1.745
23.11.2021 09:00;0.912;8.875;1.328
23.11.2021 10:00;0.912;8.109;1.172
23.11.2021 11:00;0.912;7.465;1.094
23.11.2021 12:00;5.69;2.191;1.64
23.11.2021 13:00;1.586;5.915;1.458
23.11.2021 14:00;0.912;7.013;0.833
23.11.2021 15:00;0.912;7.04;0.729
23.11.2021 16:00;0.912;6.796;0.833
23.11.2021 17:00;1.586;5.461;1.458
23.11.2021 18:00;5.691;1.401;2.057
23.11.2021 19:00;7.039;0.06;2.083
23.11.2021 20:00;5.644;4.696;1.614
23.11.2021 21:00;9.644;0;1.172
23.11.2021 22:00;9.644;0;0.651
23.11.2021 23:00;8.969;0;0.495
24.11.2021 00:00;8.969;0;0.208
24.11.2021 01:00;8.969;0;0.104
24.11.2021 02:00;4.969;0;0.026
24.11.2021 03:00;2.569;0;0.026
24.11.2021 04:00;1.769;0;0.052
24.11.2021 05:00;1.644;0;0.99
24.11.2021 06:00;5.633;3.603;2.604
24.11.2021 07:00;1.586;7.163;2.109
24.11.2021 08:00;0.912;7.625;1.745
24.11.2021 09:00;0.912;7.024;1.328
24.11.2021 10:00;0.912;6.417;1.172
24.11.2021 11:00;0.912;5.781;1.094
24.11.2021 12:00;5.69;1.09;1.64
24.11.2021 13:00;1.586;4.037;1.458
24.11.2021 14:00;0.912;5.757;0.833
24.11.2021 15:00;0.912;5.44;0.729
24.11.2021 16:00;0.912;6.218;0.833
24.11.2021 17:00;1.586;5.395;1.458
24.11.2021 18:00;5.691;1.423;2.057
24.11.2021 19:00;7.039;0.282;2.083
24.11.2021 20:00;5.644;4.975;1.614
24.11.2021 21:00;9.645;0;1.172
24.11.2021 22:00;9.644;0;0.651
24.11.2021 23:00;8.97;0;0.495
25.11.2021 00:00;4.97;0;0.201
25.11.2021 01:00;4.969;0;0.223
25.11.2021 02:00;2.569;0;0.134
25.11.2021 03:00;1.769;0;0.045
25.11.2021 04:00;1.369;0;0.045
25.11.2021 05:00;1.644;0;0.268
25.11.2021 06:00;5.632;3.872;0.736
25.11.2021 07:00;1.586;7.471;1.249
25.11.2021 08:00;0.912;7.851;2.03
25.11.2021 09:00;0.912;7.176;2.008
25.11.2021 10:00;0.912;7.236;1.807
25.11.2021 11:00;4.912;6.556;1.941
25.11.2021 12:00;9.691;1.446;1.963
25.11.2021 13:00;5.586;5.257;1.562
25.11.2021 14:00;0.912;6.342;1.249
25.11.2021 15:00;0.912;6.552;0.982
25.11.2021 16:00;0.912;6.624;1.249
25.11.2021 17:00;1.586;4.976;1.606
25.11.2021 18:00;5.691;1.285;2.231
25.11.2021 19:00;7.039;0.034;1.762
25.11.2021 20:00;5.644;4.59;0.982
25.11.2021 21:00;5.644;0;0.959
25.11.2021 22:00;9.644;0;0.781
25.11.2021 23:00;4.97;0;0.469
26.11.2021 00:00;4.97;0;0.271
26.11.2021 01:00;4.97;0;0.197
26.11.2021 02:00;4.97;0;0.148
26.11.2021 03:00;4.97;0;0.049
26.11.2021 04:00;4.97;0;0.049
26.11.2021 05:00;1.645;0;0.148
26.11.2021 06:00;5.632;5.119;0.493
26.11.2021 07:00;1.586;8.695;1.01
26.11.2021 08:00;0.912;9.32;1.601
26.11.2021 09:00;0.912;8.294;2.119
26.11.2021 10:00;0.912;7.473;2.34
26.11.2021 11:00;4.912;7.224;2.463
26.11.2021 12:00;9.691;1.746;2.119
26.11.2021 13:00;5.586;5.365;1.823
26.11.2021 14:00;4.912;5.994;1.429
26.11.2021 15:00;4.912;6.285;1.256
26.11.2021 16:00;0.911;6.593;0.714
26.11.2021 17:00;1.586;5.545;1.355
26.11.2021 18:00;5.691;1.913;1.774
26.11.2021 19:00;7.04;0.566;1.921
26.11.2021 20:00;9.644;5.361;0.985
26.11.2021 21:00;9.645;0;0.911
26.11.2021 22:00;9.645;0;0.838
26.11.2021 23:00;8.97;0;0.468
27.11.2021 00:00;8.97;0;0.208
27.11.2021 01:00;8.97;0;0.104
27.11.2021 02:00;4.97;0;0.026
27.11.2021 03:00;2.57;0;0.026
27.11.2021 04:00;1.77;0;0.052
27.11.2021 05:00;1.645;0;0.99
27.11.2021 06:00;5.633;5.221;2.604
27.11.2021 07:00;1.586;8.73;2.109
27.11.2021 08:00;0.912;9.017;1.745
27.11.2021 09:00;0.912;8.268;1.328
27.11.2021 10:00;0.912;7.332;1.172
27.11.2021 11:00;0.912;7.12;1.094
27.11.2021 12:00;5.69;1.139;1.64
27.11.2021 13:00;1.586;4.886;1.458
27.11.2021 14:00;0.912;6.079;0.833
27.11.2021 15:00;0.912;6.137;0.729
27.11.2021 16:00;0.912;6.162;0.833
27.11.2021 17:00;1.586;4.878;1.458
27.11.2021 18:00;5.69;0.953;2.057
27.11.2021 19:00;6.971;0;2.083
27.11.2021 20:00;5.644;4.355;1.614
27.11.2021 21:00;9.644;0;1.172
27.11.2021 22:00;9.644;0;0.651
27.11.2021 23:00;8.969;0;0.495
28.11.2021 00:00;8.969;0;0.208
28.11.2021 01:00;8.969;0;0.104
28.11.2021 02:00;4.969;0;0.026
28.11.2021 03:00;2.569;0;0.026
28.11.2021 04:00;1.769;0;0.052
28.11.2021 05:00;1.644;0;0.99
28.11.2021 06:00;5.633;3.708;2.604
28.11.2021 07:00;1.586;7.222;2.109
28.11.2021 08:00;0.912;7.532;1.745
28.11.2021 09:00;0.912;7.145;1.328
28.11.2021 10:00;0.912;6.742;1.172
28.11.2021 11:00;0.912;7.04;1.094
28.11.2021 12:00;5.691;1.83;1.64
28.11.2021 13:00;1.586;5.587;1.458
28.11.2021 14:00;0.912;6.775;0.833
28.11.2021 15:00;0.912;6.189;0.729
28.11.2021 16:00;0.912;6.215;0.833
28.11.2021 17:00;1.586;5.058;1.458
28.11.2021 18:00;5.691;1.211;2.057
28.11.2021 19:00;7.04;0.15;2.083
28.11.2021 20:00;5.644;4.766;1.614
28.11.2021 21:00;9.645;0;1.172
28.11.2021 22:00;9.644;0;0.651
28.11.2021 23:00;8.97;0;0.495
29.11.2021 00:00;8.97;0;0.208
29.11.2021 01:00;8.97;0;0.104
29.11.2021 02:00;4.97;0;0.026
29.11.2021 03:00;2.57;0;0.026
29.11.2021 04:00;1.77;0;0.052
29.11.2021 05:00;1.645;0;0.99
29.11.2021 06:00;5.633;4.539;2.604
29.11.2021 07:00;1.586;7.902;2.109
29.11.2021 08:00;0.912;8.651;1.745
29.11.2021 09:00;0.912;8.296;1.328
29.11.2021 10:00;0.912;8.005;1.172
29.11.2021 11:00;0.912;7.688;1.094
29.11.2021 12:00;5.691;2.337;1.64
29.11.2021 13:00;1.586;5.896;1.458
29.11.2021 14:00;0.912;6.91;0.833
29.11.2021 15:00;0.912;6.819;0.729
29.11.2021 16:00;0.912;6.864;0.833
29.11.2021 17:00;1.586;5.87;1.458
29.11.2021 18:00;5.691;1.906;2.057
29.11.2021 19:00;7.04;0.655;2.083
29.11.2021 20:00;5.644;5.318;1.614
29.11.2021 21:00;9.645;0;1.172
29.11.2021 22:00;9.645;0;0.651
29.11.2021 23:00;8.971;0;0.495
30.11.2021 00:00;8.97;0;0.208
30.11.2021 01:00;8.97;0;0.104
30.11.2021 02:00;4.97;0;0.026
30.11.2021 03:00;2.57;0;0.026
30.11.2021 04:00;1.77;0;0.052
30.11.2021 05:00;1.644;0;0.99
30.11.2021 06:00;5.633;4.448;2.604
30.11.2021 07:00;1.586;7.881;2.109
30.11.2021 08:00;0.912;8.594;1.745
30.11.2021 09:00;0.912;8.127;1.328
30.11.2021 10:00;0.912;7.9;1.172
30.11.2021 11:00;0.912;7.449;1.094
30.11.2021 12:00;5.691;2.723;1.64
30.11.2021 13:00;1.586;6.187;1.458
30.11.2021 14:00;0.912;7.413;0.833
30.11.2021 15:00;0.912;6.962;0.729
30.11.2021 16:00;0.912;7.026;0.833
30.11.2021 17:00;1.586;5.827;1.458
30.11.2021 18:00;5.691;2.013;2.057
30.11.2021 19:00;7.04;0.914;2.083
30.11.2021 20:00;5.645;5.517;1.614
30.11.2021 21:00;9.645;0;1.172
30.11.2021 22:00;9.645;0;0.651
30.11.2021 23:00;8.97;0;0.495
01.12.2021 00:00;8.97;0;0.208
01.12.2021 01:00;8.97;0;0.104
01.12.2021 02:00;4.97;0;0.026
01.12.2021 03:00;2.57;0;0.026
01.12.2021 04:00;1.77;0;0.052
01.12.2021 05:00;1.645;0;0.99
01.12.2021 06:00;5.633;4.992;2.604
01.12.2021 07:00;1.586;8.527;2.109
01.12.2021 08:00;0.912;9.354;1.745
01.12.2021 09:00;0.912;8.924;1.328
01.12.2021 10:00;0.912;8.652;1.172
01.12.2021 11:00;0.912;8.456;1.094
01.12.2021 12:00;5.691;3.228;1.64
01.12.2021 13:00;1.586;6.875;1.458
01.12.2021 14:00;0.912;7.912;0.833
01.12.2021 15:00;0.912;7.822;0.729
01.12.2021 16:00;0.912;7.693;0.833
01.12.2021 17:00;1.586;6.449;1.458
01.12.2021 18:00;5.691;2.485;2.057
01.12.2021 19:00;7.04;1.316;2.083
01.12.2021 20:00;5.645;5.84;1.614
01.12.2021 21:00;9.645;0;1.172
01.12.2021 22:00;9.645;0;0.651
01.12.2021 23:00;8.97;0;0.495
02.12.2021 00:00;4.97;0;0.201
02.12.2021 01:00;4.97;0;0.223
02.12.2021 02:00;2.57;0;0.134
02.12.2021 03:00;1.77;0;0.045
02.12.2021 04:00;1.37;0;0.045
02.12.2021 05:00;1.645;0;0.268
02.12.2021 06:00;5.632;5.454;0.736
02.12.2021 07:00;1.586;8.894;1.249
02.12.2021 08:00;0.912;9.491;2.03
02.12.2021 09:00;0.912;9.041;2.008
02.12.2021 10:00;0.912;8.406;1.807
02.12.2021 11:00;4.912;7.943;1.941
02.12.2021 12:00;9.691;2.483;1.963
02.12.2021 13:00;5.586;6.123;1.562
02.12.2021 14:00;0.912;7.241;1.249
02.12.2021 15:00;0.912;7.262;0.982
02.12.2021 16:00;0.912;7.172;1.249
02.12.2021 17:00;1.586;5.991;1.606
02.12.2021 18:00;5.691;2.081;2.231
02.12.2021 19:00;7.04;0.814;1.762
02.12.2021 20:00;5.644;5.48;0.982
02.12.2021 21:00;5.645;0;0.959
02.12.2021 22:00;9.645;0;0.781
02.12.2021 23:00;4.971;0;0.469
03.12.2021 00:00;4.971;0;0.271
03.12.2021 01:00;4.971;0;0.197
03.12.2021 02:00;4.971;0;0.148
03.12.2021 03:00;4.971;0;0.049
03.12.2021 04:00;4.97;0;0.049
03.12.2021 05:00;1.645;0;0.148
03.12.2021 06:00;5.632;5.741;0.493
03.12.2021 07:00;1.586;9.183;1.01
03.12.2021 08:00;0.912;9.911;1.601
03.12.2021 09:00;0.912;9.494;2.119
03.12.2021 10:00;0.912;9.014;2.34
03.12.2021 11:00;4.912;8.666;2.463
03.12.2021 12:00;9.691;3.449;2.119
03.12.2021 13:00;5.586;7.102;1.823
03.12.2021 14:00;4.912;8.045;1.429
03.12.2021 15:00;4.912;8.013;1.256
03.12.2021 16:00;0.911;7.877;0.714
03.12.2021 17:00;1.586;6.752;1.355
03.12.2021 18:00;5.691;2.749;1.774
03.12.2021 19:00;7.04;1.528;1.921
03.12.2021 20:00;9.644;6.019;0.985
03.12.2021 21:00;9.645;0;0.911
03.12.2021 22:00;9.645;0;0.838
03.12.2021 23:00;8.97;0;0.468
04.12.2021 00:00;8.97;0;0.208
04.12.2021 01:00;8.97;0;0.104
04.12.2021 02:00;4.97;0;0.026
04.12.2021 03:00;2.57;0;0.026
04.12.2021 04:00;1.77;0;0.052
04.12.2021 05:00;1.645;0;0.99
04.12.2021 06:00;5.633;5.429;2.604
04.12.2021 07:00;1.586;8.91;2.109
04.12.2021 08:00;0.912;9.632;1.745
04.12.2021 09:00;0.912;9.339;1.328
04.12.2021 10:00;0.912;8.847;1.172
04.12.2021 11:00;0.912;8.449;1.094
04.12.2021 12:00;5.691;3.01;1.64
04.12.2021 13:00;1.586;6.397;1.458
04.12.2021 14:00;0.912;7.57;0.833
04.12.2021 15:00;0.912;7.863;0.729
04.12.2021 16:00;0.912;8.021;0.833
04.12.2021 17:00;1.586;6.509;1.458
04.12.2021 18:00;5.691;2.505;2.057
04.12.2021 19:00;7.04;1.2;2.083
04.12.2021 20:00;5.644;5.758;1.614
04.12.2021 21:00;9.645;0;1.172
04.12.2021 22:00;9.645;0;0.651
04.12.2021 23:00;8.97;0;0.495
05.12.2021 00:00;8.97;0;0.208
05.12.2021 01:00;8.97;0;0.104
05.12.2021 02:00;4.971;0;0.026
05.12.2021 03:00;2.57;0;0.026
05.12.2021 04:00;1.77;0;0.052
05.12.2021 05:00;1.645;0;0.99
05.12.2021 06:00;5.633;6.105;2.604
05.12.2021 07:00;1.586;9.513;2.109
05.12.2021 08:00;0.912;9.942;1.745
05.12.2021 09:00;0.912;9.317;1.328
05.12.2021 10:00;0.912;8.737;1.172
05.12.2021 11:00;0.912;8.197;1.094
05.12.2021 12:00;5.691;2.761;1.64
05.12.2021 13:00;1.586;6.363;1.458
05.12.2021 14:00;0.912;7.263;0.833
05.12.2021 15:00;0.912;7.343;0.729
05.12.2021 16:00;0.912;7.776;0.833
05.12.2021 17:00;1.586;6.839;1.458
05.12.2021 18:00;5.691;3.133;2.057
05.12.2021 19:00;7.04;1.835;2.083
05.12.2021 20:00;5.645;6.589;1.614
05.12.2021 21:00;9.646;0;1.172
05.12.2021 22:00;9.645;0;0.651
05.12.2021 23:00;8.971;0;0.495
06.12.2021 00:00;8.971;0;0.208
06.12.2021 01:00;8.973;0;0.104
06.12.2021 02:00;4.972;0;0.026
06.12.2021 03:00;2.573;0;0.026
06.12.2021 04:00;1.773;0;0.052
06.12.2021 05:00;1.647;0;0.99
06.12.2021 06:00;5.633;9.4;2.604
06.12.2021 07:00;1.586;13.295;2.109
06.12.2021 08:00;0.912;12.121;1.745
06.12.2021 09:00;0.912;10.943;1.328
06.12.2021 10:00;0.912;9.903;1.172
06.12.2021 11:00;0.912;8.929;1.094
06.12.2021 12:00;5.691;3.445;1.64
06.12.2021 13:00;1.586;6.925;1.458
06.12.2021 14:00;0.912;7.855;0.833
06.12.2021 15:00;0.912;8.028;0.729
06.12.2021 16:00;0.912;8.587;0.833
06.12.2021 17:00;1.586;7.423;1.458
06.12.2021 18:00;5.691;3.598;2.057
06.12.2021 19:00;7.04;2.472;2.083
06.12.2021 20:00;5.645;7.218;1.614
06.12.2021 21:00;9.646;0;1.172
06.12.2021 22:00;9.645;0;0.651
06.12.2021 23:00;8.971;0;0.495
07.12.2021 00:00;8.971;0;0.208
07.12.2021 01:00;8.971;0;0.104
07.12.2021 02:00;4.971;0;0.026
07.12.2021 03:00;2.571;0;0.026
07.12.2021 04:00;1.771;0;0.052
07.12.2021 05:00;1.646;0;0.99
07.12.2021 06:00;5.633;7.22;2.604
07.12.2021 07:00;1.586;10.624;2.109
07.12.2021 08:00;0.912;11.118;1.745
07.12.2021 09:00;0.912;10.655;1.328
07.12.2021 10:00;0.912;10.211;1.172
07.12.2021 11:00;0.912;9.569;1.094
07.12.2021 12:00;5.691;4.229;1.64
07.12.2021 13:00;1.586;7.729;1.458
07.12.2021 14:00;0.912;8.676;0.833
07.12.2021 15:00;0.912;8.652;0.729
07.12.2021 16:00;0.912;8.529;0.833
07.12.2021 17:00;1.586;7.319;1.458
07.12.2021 18:00;5.691;3.559;2.057
07.12.2021 19:00;7.04;2.428;2.083
07.12.2021 20:00;5.645;6.854;1.614
07.12.2021 21:00;9.646;0;1.172
07.12.2021 22:00;9.646;0;0.651
07.12.2021 23:00;8.971;0;0.495
08.12.2021 00:00;8.971;0;0.208
08.12.2021 01:00;8.971;0;0.104
08.12.2021 02:00;4.971;0;0.026
08.12.2021 03:00;2.571;0;0.026
08.12.2021 04:00;1.771;0;0.052
08.12.2021 05:00;1.646;0;0.99
08.12.2021 06:00;5.633;7.992;2.604
08.12.2021 07:00;1.586;11.273;2.109
08.12.2021 08:00;0.912;11.616;1.745
08.12.2021 09:00;0.912;10.571;1.328
08.12.2021 10:00;0.912;9.8;1.172
08.12.2021 11:00;0.912;9.129;1.094
08.12.2021 12:00;5.691;3.476;1.64
08.12.2021 13:00;1.586;6.892;1.458
08.12.2021 14:00;0.912;7.866;0.833
08.12.2021 15:00;0.912;8.019;0.729
08.12.2021 16:00;0.912;8.455;0.833
08.12.2021 17:00;1.586;7.324;1.458
08.12.2021 18:00;5.691;3.349;2.057
08.12.2021 19:00;7.04;1.97;2.083
08.12.2021 20:00;5.645;6.408;1.614
08.12.2021 21:00;9.645;0;1.172
08.12.2021 22:00;9.645;0;0.651
08.12.2021 23:00;8.971;0;0.495
09.12.2021 00:00;4.97;0;0.201
09.12.2021 01:00;4.971;0;0.223
09.12.2021 02:00;2.571;0;0.134
09.12.2021 03:00;1.771;0;0.045
09.12.2021 04:00;1.371;0;0.045
09.12.2021 05:00;1.645;0;0.268
09.12.2021 06:00;5.632;6.686;0.736
09.12.2021 07:00;1.586;10.084;1.249
09.12.2021 08:00;0.912;10.849;2.03
09.12.2021 09:00;0.912;10.403;2.008
09.12.2021 10:00;0.912;10.113;1.807
09.12.2021 11:00;4.912;9.767;1.941
09.12.2021 12:00;9.691;4.578;1.963
09.12.2021 13:00;5.586;8.107;1.562
09.12.2021 14:00;0.912;9.095;1.249
09.12.2021 15:00;0.912;8.809;0.982
09.12.2021 16:00;0.912;8.577;1.249
09.12.2021 17:00;1.586;7.357;1.606
09.12.2021 18:00;5.691;3.42;2.231
09.12.2021 19:00;7.04;2.127;1.762
09.12.2021 20:00;5.645;6.589;0.982
09.12.2021 21:00;5.646;0;0.959
09.12.2021 22:00;9.645;0;0.781
09.12.2021 23:00;4.971;0;0.469
10.12.2021 00:00;4.971;0;0.271
10.12.2021 01:00;4.971;0;0.197
10.12.2021 02:00;4.971;0;0.148
10.12.2021 03:00;4.971;0;0.049
10.12.2021 04:00;4.971;0;0.049
10.12.2021 05:00;1.645;0;0.148
10.12.2021 06:00;5.632;6.404;0.493
10.12.2021 07:00;1.586;9.925;1.01
10.12.2021 08:00;0.912;10.731;1.601
10.12.2021 09:00;0.912;10.42;2.119
10.12.2021 10:00;0.912;10.215;2.34
10.12.2021 11:00;4.912;9.97;2.463
10.12.2021 12:00;9.692;4.871;2.119
10.12.2021 13:00;5.586;8.419;1.823
10.12.2021 14:00;4.912;9.394;1.429
10.12.2021 15:00;4.912;9.391;1.256
10.12.2021 16:00;0.911;10.291;0.714
10.12.2021 17:00;1.586;9.04;1.355
10.12.2021 18:00;5.692;5.264;1.774
10.12.2021 19:00;7.041;4.137;1.921
10.12.2021 20:00;9.646;8.755;0.985
10.12.2021 21:00;9.648;0;0.911
10.12.2021 22:00;9.648;0;0.838
10.12.2021 23:00;8.973;0;0.468
11.12.2021 00:00;8.973;0;0.208
11.12.2021 01:00;8.973;0;0.104
11.12.2021 02:00;4.973;0;0.026
11.12.2021 03:00;2.573;0;0.026
11.12.2021 04:00;1.773;0;0.052
11.12.2021 05:00;1.648;0;0.99
11.12.2021 06:00;5.633;11.257;2.604
11.12.2021 07:00;1.586;14.702;2.109
11.12.2021 08:00;0.912;15.264;1.745
11.12.2021 09:00;0.912;14.421;1.328
11.12.2021 10:00;0.912;13.609;1.172
11.12.2021 11:00;0.912;12.842;1.094
11.12.2021 12:00;5.692;7.24;1.64
11.12.2021 13:00;1.586;10.695;1.458
11.12.2021 14:00;0.912;11.769;0.833
11.12.2021 15:00;0.912;12.308;0.729
11.12.2021 16:00;0.912;12.953;0.833
11.12.2021 17:00;1.586;11.313;1.458
11.12.2021 18:00;5.693;7.526;2.057
11.12.2021 19:00;7.042;6.207;2.083
11.12.2021 20:00;5.646;10.83;1.614
11.12.2021 21:00;9.649;0;1.172
11.12.2021 22:00;9.649;0;0.651
11.12.2021 23:00;8.974;0;0.495
12.12.2021 00:00;8.974;0;0.208
12.12.2021 01:00;8.974;0;0.104
12.12.2021 02:00;4.974;0;0.026
12.12.2021 03:00;2.574;0;0.026
12.12.2021 04:00;1.774;0;0.052
12.12.2021 05:00;1.649;0;0.99
12.12.2021 06:00;5.633;13.12;2.604
12.12.2021 07:00;1.586;16.077;2.109
12.12.2021 08:00;0.912;16.23;1.745
12.12.2021 09:00;0.912;15.284;1.328
12.12.2021 10:00;0.912;14.315;1.172
12.12.2021 11:00;0.912;13.327;1.094
12.12.2021 12:00;5.692;8.092;1.64
12.12.2021 13:00;1.586;9.759;1.458
12.12.2021 14:00;0.912;10.646;0.833
12.12.2021 15:00;0.912;10.767;0.729
12.12.2021 16:00;0.912;12.92;0.833
12.12.2021 17:00;1.586;11.622;1.458
12.12.2021 18:00;5.693;7.837;2.057
12.12.2021 19:00;7.042;6.578;2.083
12.12.2021 20:00;5.646;11.155;1.614
12.12.2021 21:00;9.649;0;1.172
12.12.2021 22:00;9.649;0;0.651
12.12.2021 23:00;8.974;0;0.495
13.12.2021 00:00;8.974;0;0.208
13.12.2021 01:00;8.974;0;0.104
13.12.2021 02:00;4.974;0;0.026
13.12.2021 03:00;2.574;0;0.026
13.12.2021 04:00;1.774;0;0.052
13.12.2021 05:00;1.649;0;0.99
13.12.2021 06:00;5.633;13.125;2.604
13.12.2021 07:00;1.586;16.237;2.109
13.12.2021 08:00;0.912;16.642;1.745
13.12.2021 09:00;0.912;15.914;1.328
13.12.2021 10:00;0.912;15.033;1.172
13.12.2021 11:00;0.912;14.177;1.094
13.12.2021 12:00;5.692;8.811;1.64
13.12.2021 13:00;1.586;12.096;1.458
13.12.2021 14:00;0.912;12.88;0.833
13.12.2021 15:00;0.912;12.765;0.729
13.12.2021 16:00;0.912;12.38;0.833
13.12.2021 17:00;1.586;9.292;1.458
13.12.2021 18:00;5.692;5.118;2.057
13.12.2021 19:00;7.04;3.58;2.083
13.12.2021 20:00;5.645;8.244;1.614
13.12.2021 21:00;9.647;0;1.172
13.12.2021 22:00;9.646;0;0.651
13.12.2021 23:00;8.971;0;0.495
14.12.2021 00:00;8.971;0;0.208
14.12.2021 01:00;8.971;0;0.104
14.12.2021 02:00;4.971;0;0.026
14.12.2021 03:00;2.571;0;0.026
14.12.2021 04:00;1.771;0;0.052
14.12.2021 05:00;1.646;0;0.99
14.12.2021 06:00;5.633;7.332;2.604
14.12.2021 07:00;1.586;10.573;2.109
14.12.2021 08:00;0.912;11.142;1.745
14.12.2021 09:00;0.912;10.436;1.328
14.12.2021 10:00;0.912;9.716;1.172
14.12.2021 11:00;0.912;9.427;1.094
14.12.2021 12:00;5.69;3.385;1.64
14.12.2021 13:00;1.586;7.004;1.458
14.12.2021 14:00;0.912;7.913;0.833
14.12.2021 15:00;0.912;7.842;0.729
14.12.2021 16:00;0.912;8.022;0.833
14.12.2021 17:00;1.586;6.668;1.458
14.12.2021 18:00;5.691;2.582;2.057
14.12.2021 19:00;7.04;1.452;2.083
14.12.2021 20:00;5.644;5.781;1.614
14.12.2021 21:00;9.645;0;1.172
14.12.2021 22:00;9.644;0;0.651
14.12.2021 23:00;8.97;0;0.495
15.12.2021 00:00;8.97;0;0.208
15.12.2021 01:00;8.97;0;0.104
15.12.2021 02:00;4.97;0;0.026
15.12.2021 03:00;2.57;0;0.026
15.12.2021 04:00;1.77;0;0.052
15.12.2021 05:00;1.645;0;0.99
15.12.2021 06:00;5.633;5.361;2.604
15.12.2021 07:00;1.586;8.922;2.109
15.12.2021 08:00;0.912;9.587;1.745
15.12.2021 09:00;0.912;8.934;1.328
15.12.2021 10:00;0.912;8.969;1.172
15.12.2021 11:00;0.912;8.117;1.094
15.12.2021 12:00;5.691;2.863;1.64
15.12.2021 13:00;1.586;6.71;1.458
15.12.2021 14:00;0.912;7.758;0.833
15.12.2021 15:00;0.912;7.735;0.729
15.12.2021 16:00;0.912;7.65;0.833
15.12.2021 17:00;1.586;6.369;1.458
15.12.2021 18:00;5.691;2.481;2.057
15.12.2021 19:00;7.04;1.247;2.083
15.12.2021 20:00;5.645;5.968;1.614
15.12.2021 21:00;9.646;0;1.172
15.12.2021 22:00;9.645;0;0.651
15.12.2021 23:00;8.97;0;0.495
16.12.2021 00:00;4.97;0;0.201
16.12.2021 01:00;4.97;0;0.223
16.12.2021 02:00;2.57;0;0.134
16.12.2021 03:00;1.771;0;0.045
16.12.2021 04:00;1.371;0;0.045
16.12.2021 05:00;1.645;0;0.268
16.12.2021 06:00;5.632;5.841;0.736
16.12.2021 07:00;1.586;9.374;1.249
16.12.2021 08:00;0.912;10.235;2.03
16.12.2021 09:00;0.912;9.731;2.008
16.12.2021 10:00;0.912;9.334;1.807
16.12.2021 11:00;4.912;9.087;1.941
16.12.2021 12:00;9.691;3.822;1.963
16.12.2021 13:00;5.586;7.585;1.562
16.12.2021 14:00;0.912;8.64;1.249
16.12.2021 15:00;0.912;8.56;0.982
16.12.2021 16:00;0.912;8.575;1.249
16.12.2021 17:00;1.586;7.371;1.606
16.12.2021 18:00;5.692;3.595;2.231
16.12.2021 19:00;7.04;2.54;1.762
16.12.2021 20:00;5.645;7.254;0.982
16.12.2021 21:00;5.647;0;0.959
16.12.2021 22:00;9.647;0;0.781
16.12.2021 23:00;4.973;0;0.469
17.12.2021 00:00;4.973;0;0.271
17.12.2021 01:00;4.973;0;0.197
17.12.2021 02:00;4.973;0;0.148
17.12.2021 03:00;4.973;0;0.049
17.12.2021 04:00;4.973;0;0.049
17.12.2021 05:00;1.648;0;0.148
17.12.2021 06:00;5.632;10.633;0.493
17.12.2021 07:00;1.586;13.936;1.01
17.12.2021 08:00;0.912;14.443;1.601
17.12.2021 09:00;0.912;13.594;2.119
17.12.2021 10:00;0.912;12.833;2.34
17.12.2021 11:00;4.912;12.069;2.463
17.12.2021 12:00;9.692;6.726;2.119
17.12.2021 13:00;5.586;10.203;1.823
17.12.2021 14:00;4.912;11.235;1.429
17.12.2021 15:00;4.912;9.973;1.256
17.12.2021 16:00;0.911;9.722;0.714
17.12.2021 17:00;1.586;8.392;1.355
17.12.2021 18:00;5.691;4.526;1.774
17.12.2021 19:00;7.04;3.404;1.921
17.12.2021 20:00;9.645;8.016;0.985
17.12.2021 21:00;9.648;0;0.911
17.12.2021 22:00;9.648;0;0.838
17.12.2021 23:00;8.973;0;0.468
18.12.2021 00:00;8.973;0;0.208
18.12.2021 01:00;8.973;0;0.104
18.12.2021 02:00;4.973;0;0.026
18.12.2021 03:00;2.572;0;0.026
18.12.2021 04:00;1.772;0;0.052
18.12.2021 05:00;1.647;0;0.99
18.12.2021 06:00;5.633;10.676;2.604
18.12.2021 07:00;1.586;13.844;2.109
18.12.2021 08:00;0.912;14.343;1.745
18.12.2021 09:00;0.912;13.545;1.328
18.12.2021 10:00;0.912;12.598;1.172
18.12.2021 11:00;0.912;10.841;1.094
18.12.2021 12:00;5.691;4.721;1.64
18.12.2021 13:00;1.586;8.191;1.458
18.12.2021 14:00;0.912;8.92;0.833
18.12.2021 15:00;0.912;9.007;0.729
18.12.2021 16:00;0.912;9.04;0.833
18.12.2021 17:00;1.586;7.877;1.458
18.12.2021 18:00;5.691;3.862;2.057
18.12.2021 19:00;7.04;2.898;2.083
18.12.2021 20:00;5.645;7.185;1.614
18.12.2021 21:00;9.646;0;1.172
18.12.2021 22:00;9.645;0;0.651
18.12.2021 23:00;8.971;0;0.495
19.12.2021 00:00;8.97;0;0.208
19.12.2021 01:00;8.97;0;0.104
19.12.2021 02:00;4.97;0;0.026
19.12.2021 03:00;2.57;0;0.026
19.12.2021 04:00;1.77;0;0.052
19.12.2021 05:00;1.645;0;0.99
19.12.2021 06:00;5.633;6.819;2.604
19.12.2021 07:00;1.586;10.494;2.109
19.12.2021 08:00;0.912;11.007;1.745
19.12.2021 09:00;0.912;10.221;1.328
19.12.2021 10:00;0.912;8.767;1.172
19.12.2021 11:00;0.912;7.971;1.094
19.12.2021 12:00;5.69;2.313;1.64
19.12.2021 13:00;1.586;5.834;1.458
19.12.2021 14:00;0.912;6.315;0.833
19.12.2021 15:00;0.912;6.828;0.729
19.12.2021 16:00;0.912;6.829;0.833
19.12.2021 17:00;1.586;5.643;1.458
19.12.2021 18:00;5.691;1.663;2.057
19.12.2021 19:00;7.04;0.867;2.083
19.12.2021 20:00;5.644;5.443;1.614
19.12.2021 21:00;9.645;0;1.172
19.12.2021 22:00;9.645;0;0.651
19.12.2021 23:00;8.97;0;0.495
20.12.2021 00:00;8.97;0;0.208
20.12.2021 01:00;8.97;0;0.104
20.12.2021 02:00;4.97;0;0.026
20.12.2021 03:00;2.57;0;0.026
20.12.2021 04:00;1.77;0;0.052
20.12.2021 05:00;1.645;0;0.99
20.12.2021 06:00;5.633;5.371;2.604
20.12.2021 07:00;1.586;8.77;2.109
20.12.2021 08:00;0.912;9.395;1.745
20.12.2021 09:00;0.912;8.572;1.328
20.12.2021 10:00;0.912;6.87;1.172
20.12.2021 11:00;0.912;6.268;1.094
20.12.2021 12:00;5.69;0.855;1.64
20.12.2021 13:00;1.586;4.72;1.458
20.12.2021 14:00;0.912;5.817;0.833
20.12.2021 15:00;0.912;5.857;0.729
20.12.2021 16:00;0.912;5.713;0.833
20.12.2021 17:00;1.586;4.509;1.458
20.12.2021 18:00;5.69;0.53;2.057
20.12.2021 19:00;6.971;0;2.083
20.12.2021 20:00;5.644;3.807;1.614
20.12.2021 21:00;9.644;0;1.172
20.12.2021 22:00;9.643;0;0.651
20.12.2021 23:00;8.969;0;0.495
21.12.2021 00:00;8.969;0;0.208
21.12.2021 01:00;8.969;0;0.104
21.12.2021 02:00;4.969;0;0.026
21.12.2021 03:00;2.569;0;0.026
21.12.2021 04:00;1.769;0;0.052
21.12.2021 05:00;1.644;0;0.99
21.12.2021 06:00;5.633;3.25;2.604
21.12.2021 07:00;1.586;6.728;2.109
21.12.2021 08:00;0.912;7.532;1.745
21.12.2021 09:00;0.912;7.231;1.328
21.12.2021 10:00;0.912;6.98;1.172
21.12.2021 11:00;0.912;6.671;1.094
21.12.2021 12:00;5.69;1.395;1.64
21.12.2021 13:00;1.586;5.102;1.458
21.12.2021 14:00;0.912;5.97;0.833
21.12.2021 15:00;0.912;6.22;0.729
21.12.2021 16:00;0.912;6.041;0.833
21.12.2021 17:00;1.586;4.78;1.458
21.12.2021 18:00;5.691;0.951;2.057
21.12.2021 19:00;6.971;0;2.083
21.12.2021 20:00;5.644;4.366;1.614
21.12.2021 21:00;9.644;0;1.172
21.12.2021 22:00;9.644;0;0.651
21.12.2021 23:00;8.97;0;0.495
22.12.2021 00:00;8.969;0;0.208
22.12.2021 01:00;8.969;0;0.104
22.12.2021 02:00;4.969;0;0.026
22.12.2021 03:00;2.568;0;0.026
22.12.2021 04:00;1.768;0;0.052
22.12.2021 05:00;1.643;0;0.99
22.12.2021 06:00;5.633;1.806;2.604
22.12.2021 07:00;1.586;5.278;2.109
22.12.2021 08:00;0.912;6.199;1.745
22.12.2021 09:00;0.912;5.718;1.328
22.12.2021 10:00;0.912;5.482;1.172
22.12.2021 11:00;0.912;5.062;1.094
22.12.2021 12:00;5.622;0;1.64
22.12.2021 13:00;1.586;3.604;1.458
22.12.2021 14:00;0.912;4.773;0.833
22.12.2021 15:00;0.912;4.767;0.729
22.12.2021 16:00;0.912;4.703;0.833
22.12.2021 17:00;1.586;3.601;1.458
22.12.2021 18:00;5.622;0;2.057
22.12.2021 19:00;6.971;0;2.083
22.12.2021 20:00;5.644;3.321;1.614
22.12.2021 21:00;9.644;0;1.172
22.12.2021 22:00;9.643;0;0.651
22.12.2021 23:00;8.969;0;0.495
23.12.2021 00:00;4.969;0;0.201
23.12.2021 01:00;4.969;0;0.223
23.12.2021 02:00;2.569;0;0.134
23.12.2021 03:00;1.769;0;0.045
23.12.2021 04:00;1.369;0;0.045
23.12.2021 05:00;1.643;0;0.268
23.12.2021 06:00;5.632;1.973;0.736
23.12.2021 07:00;1.586;5.257;1.249
23.12.2021 08:00;0.912;6.258;2.03
23.12.2021 09:00;0.912;6.026;2.008
23.12.2021 10:00;0.912;5.741;1.807
23.12.2021 11:00;4.912;5.489;1.941
23.12.2021 12:00;9.69;0.338;1.963
23.12.2021 13:00;5.586;4.142;1.562
23.12.2021 14:00;0.912;5.091;1.249
23.12.2021 15:00;0.912;5.013;0.982
23.12.2021 16:00;0.912;4.845;1.249
23.12.2021 17:00;1.586;3.711;1.606
23.12.2021 18:00;5.622;0;2.231
23.12.2021 19:00;6.971;0;1.762
23.12.2021 20:00;5.643;3.014;0.982
23.12.2021 21:00;5.643;0;0.959
23.12.2021 22:00;9.643;0;0.781
23.12.2021 23:00;4.969;0;0.469
24.12.2021 00:00;4.968;0;0.271
24.12.2021 01:00;4.968;0;0.197
24.12.2021 02:00;4.969;0;0.148
24.12.2021 03:00;4.969;0;0.049
24.12.2021 04:00;4.969;0;0.049
24.12.2021 05:00;1.643;0;0.148
24.12.2021 06:00;5.632;1.704;0.493
24.12.2021 07:00;1.586;5.275;1.01
24.12.2021 08:00;0.912;6.297;1.601
24.12.2021 09:00;0.912;6.129;2.119
24.12.2021 10:00;0.912;5.999;2.34
24.12.2021 11:00;4.912;5.817;2.463
24.12.2021 12:00;9.69;0.563;2.119
24.12.2021 13:00;5.586;4.213;1.823
24.12.2021 14:00;4.912;5.19;1.429
24.12.2021 15:00;4.912;5.205;1.256
24.12.2021 16:00;0.911;5.219;0.714
24.12.2021 17:00;1.586;3.996;1.355
24.12.2021 18:00;5.69;0.369;1.774
24.12.2021 19:00;6.971;0;1.921
24.12.2021 20:00;9.644;3.616;0.985
24.12.2021 21:00;9.644;0;0.911
24.12.2021 22:00;9.644;0;0.838
24.12.2021 23:00;8.969;0;0.468
25.12.2021 00:00;8.969;0;0.208
25.12.2021 01:00;8.969;0;0.104
25.12.2021 02:00;4.969;0;0.026
25.12.2021 03:00;2.57;0;0.026
25.12.2021 04:00;1.769;0;0.052
25.12.2021 05:00;1.644;0;0.99
25.12.2021 06:00;5.633;3.319;2.604
25.12.2021 07:00;1.586;6.83;2.109
25.12.2021 08:00;0.912;7.63;1.745
25.12.2021 09:00;0.912;7.277;1.328
25.12.2021 10:00;0.912;6.695;1.172
25.12.2021 11:00;0.912;6;1.094
25.12.2021 12:00;5.69;0.799;1.64
25.12.2021 13:00;1.586;4.505;1.458
25.12.2021 14:00;0.912;5.206;0.833
25.12.2021 15:00;0.912;5.182;0.729
25.12.2021 16:00;0.912;5.225;0.833
25.12.2021 17:00;1.586;4.235;1.458
25.12.2021 18:00;5.69;0.294;2.057
25.12.2021 19:00;6.971;0;2.083
25.12.2021 20:00;5.644;3.814;1.614
25.12.2021 21:00;9.644;0;1.172
25.12.2021 22:00;9.644;0;0.651
25.12.2021 23:00;8.969;0;0.495
26.12.2021 00:00;8.969;0;0.208
26.12.2021 01:00;8.969;0;0.104
26.12.2021 02:00;4.969;0;0.026
26.12.2021 03:00;2.569;0;0.026
26.12.2021 04:00;1.769;0;0.052
26.12.2021 05:00;1.644;0;0.99
26.12.2021 06:00;5.633;2.539;2.604
26.12.2021 07:00;1.586;6.583;2.109
26.12.2021 08:00;0.912;6.756;1.745
26.12.2021 09:00;0.912;6.324;1.328
26.12.2021 10:00;0.912;6.159;1.172
26.12.2021 11:00;0.912;5.94;1.094
26.12.2021 12:00;5.69;0.616;1.64
26.12.2021 13:00;1.586;4.563;1.458
26.12.2021 14:00;0.912;5.694;0.833
26.12.2021 15:00;0.912;5.854;0.729
26.12.2021 16:00;0.912;5.801;0.833
26.12.2021 17:00;1.586;3.906;1.458
26.12.2021 18:00;5.622;0;2.057
26.12.2021 19:00;6.971;0;2.083
26.12.2021 20:00;5.644;3.395;1.614
26.12.2021 21:00;9.644;0;1.172
26.12.2021 22:00;9.644;0;0.651
26.12.2021 23:00;8.97;0;0.495
27.12.2021 00:00;8.969;0;0.208
27.12.2021 01:00;8.969;0;0.104
27.12.2021 02:00;4.969;0;0.026
27.12.2021 03:00;2.57;0;0.026
27.12.2021 04:00;1.769;0;0.052
27.12.2021 05:00;1.644;0;0.99
27.12.2021 06:00;5.633;3.323;2.604
27.12.2021 07:00;1.586;7.227;2.109
27.12.2021 08:00;0.912;8.366;1.745
27.12.2021 09:00;0.912;7.263;1.328
27.12.2021 10:00;0.912;7;1.172
27.12.2021 11:00;0.912;6.417;1.094
27.12.2021 12:00;5.69;1.318;1.64
27.12.2021 13:00;1.586;5.108;1.458
27.12.2021 14:00;0.912;6.37;0.833
27.12.2021 15:00;0.912;6.573;0.729
27.12.2021 16:00;0.912;6.296;0.833
27.12.2021 17:00;1.586;5.326;1.458
27.12.2021 18:00;5.691;1.479;2.057
27.12.2021 19:00;7.039;0.196;2.083
27.12.2021 20:00;5.644;5.199;1.614
27.12.2021 21:00;9.645;0;1.172
27.12.2021 22:00;9.645;0;0.651
27.12.2021 23:00;8.97;0;0.495
28.12.2021 00:00;8.97;0;0.208
28.12.2021 01:00;8.971;0;0.104
28.12.2021 02:00;4.971;0;0.026
28.12.2021 03:00;2.571;0;0.026
28.12.2021 04:00;1.771;0;0.052
28.12.2021 05:00;1.646;0;0.99
28.12.2021 06:00;5.633;6.475;2.604
28.12.2021 07:00;1.586;10.03;2.109
28.12.2021 08:00;0.912;10.539;1.745
28.12.2021 09:00;0.912;9.063;1.328
28.12.2021 10:00;0.912;8.117;1.172
28.12.2021 11:00;0.912;7.236;1.094
28.12.2021 12:00;5.69;1.46;1.64
28.12.2021 13:00;1.586;4.915;1.458
28.12.2021 14:00;0.912;5.819;0.833
28.12.2021 15:00;0.912;5.887;0.729
28.12.2021 16:00;0.912;6.112;0.833
28.12.2021 17:00;1.586;4.822;1.458
28.12.2021 18:00;5.69;0.85;2.057
28.12.2021 19:00;7.039;0.32;2.083
28.12.2021 20:00;5.644;4.902;1.614
28.12.2021 21:00;9.644;0;1.172
28.12.2021 22:00;9.644;0;0.651
28.12.2021 23:00;8.969;0;0.495
29.12.2021 00:00;8.969;0;0.208
29.12.2021 01:00;8.969;0;0.104
29.12.2021 02:00;4.969;0;0.026
29.12.2021 03:00;2.569;0;0.026
29.12.2021 04:00;1.769;0;0.052
29.12.2021 05:00;1.643;0;0.99
29.12.2021 06:00;5.633;2.845;2.604
29.12.2021 07:00;1.586;6.387;2.109
29.12.2021 08:00;0.912;7.28;1.745
29.12.2021 09:00;0.912;6.743;1.328
29.12.2021 10:00;0.912;6.253;1.172
29.12.2021 11:00;0.912;5.636;1.094
29.12.2021 12:00;5.69;0.379;1.64
29.12.2021 13:00;1.586;4.418;1.458
29.12.2021 14:00;0.912;5.465;0.833
29.12.2021 15:00;0.912;5.364;0.729
29.12.2021 16:00;0.912;5.38;0.833
29.12.2021 17:00;1.586;4.243;1.458
29.12.2021 18:00;5.69;0.473;2.057
29.12.2021 19:00;6.971;0;2.083
29.12.2021 20:00;5.644;4.018;1.614
29.12.2021 21:00;9.644;0;1.172
29.12.2021 22:00;9.644;0;0.651
29.12.2021 23:00;8.969;0;0.495
30.12.2021 00:00;4.969;0;0.201
30.12.2021 01:00;4.969;0;0.223
30.12.2021 02:00;2.569;0;0.134
30.12.2021 03:00;1.77;0;0.045
30.12.2021 04:00;1.37;0;0.045
30.12.2021 05:00;1.644;0;0.268
30.12.2021 06:00;5.632;3.841;0.736
30.12.2021 07:00;1.586;7.587;1.249
30.12.2021 08:00;0.912;8.169;2.03
30.12.2021 09:00;0.912;7.528;2.008
30.12.2021 10:00;0.912;6.877;1.807
30.12.2021 11:00;4.912;6.334;1.941
30.12.2021 12:00;9.69;1.089;1.963
30.12.2021 13:00;5.586;4.688;1.562
30.12.2021 14:00;0.912;5.585;1.249
30.12.2021 15:00;0.912;5.507;0.982
30.12.2021 16:00;0.912;5.321;1.249
30.12.2021 17:00;1.586;4.052;1.606
30.12.2021 18:00;5.622;0;2.231
30.12.2021 19:00;6.971;0;1.762
30.12.2021 20:00;5.644;3.965;0.982
30.12.2021 21:00;5.644;0;0.959
30.12.2021 22:00;9.644;0;0.781
30.12.2021 23:00;4.969;0;0.469
31.12.2021 00:00;4.969;0;0.271
31.12.2021 01:00;4.969;0;0.197
31.12.2021 02:00;4.969;0;0.148
31.12.2021 03:00;4.969;0;0.049
31.12.2021 04:00;4.969;0;0.049
31.12.2021 05:00;1.643;0;0.148
31.12.2021 06:00;5.632;2.013;0.493
31.12.2021 07:00;1.586;5.643;1.01
31.12.2021 08:00;0.912;6.412;1.601
31.12.2021 09:00;0.912;5.607;2.119
31.12.2021 10:00;0.912;4.659;2.34
31.12.2021 11:00;4.912;4.379;2.463
31.12.2021 12:00;9.622;0;2.119
31.12.2021 13:00;5.586;2.656;1.823
31.12.2021 14:00;4.912;3.841;1.429
31.12.2021 15:00;4.912;3.963;1.256
31.12.2021 16:00;0.911;4.002;0.714
31.12.2021 17:00;1.586;3.009;1.355
31.12.2021 18:00;5.622;0;1.774
31.12.2021 19:00;6.971;0;1.921
31.12.2021 20:00;9.643;2.53;0.985
31.12.2021 21:00;9.643;0;0.911
31.12.2021 22:00;9.643;0;0.838
31.12.2021 23:00;8.968;0;0.468
