timestamp;electricityDemand;spaceHeatingDemand;domesticHotWaterDemand
01.01.2021 00:00;4.757;0;0.208
01.01.2021 01:00;4.757;0;0.152
01.01.2021 02:00;4.757;0;0.114
01.01.2021 03:00;4.757;0;0.038
01.01.2021 04:00;4.757;0;0.038
01.01.2021 05:00;1.293;0;0.114
01.01.2021 06:00;4.471;1.241;0.379
01.01.2021 07:00;1.26;4.276;0.777
01.01.2021 08:00;0.725;5.042;1.232
01.01.2021 09:00;0.725;4.859;1.63
01.01.2021 10:00;0.725;4.384;1.8
01.01.2021 11:00;4.725;3.778;1.895
01.01.2021 12:00;8.453;0;1.63
01.01.2021 13:00;5.26;2.236;1.402
01.01.2021 14:00;4.725;3.137;1.099
01.01.2021 15:00;4.725;3.306;0.966
01.01.2021 16:00;0.724;3.498;0.55
01.01.2021 17:00;1.26;2.827;1.042
01.01.2021 18:00;4.453;0;1.364
01.01.2021 19:00;5.523;0;1.478
01.01.2021 20:00;9.297;2.345;0.758
01.01.2021 21:00;9.293;0;0.701
01.01.2021 22:00;9.293;0;0.644
01.01.2021 23:00;8.757;0;0.36
02.01.2021 00:00;8.757;0;0.16
02.01.2021 01:00;8.758;0;0.08
02.01.2021 02:00;4.758;0;0.02
02.01.2021 03:00;2.358;0;0.02
02.01.2021 04:00;1.558;0;0.04
02.01.2021 05:00;1.293;0;0.761
02.01.2021 06:00;4.471;2.041;2.003
02.01.2021 07:00;1.26;4.887;1.622
02.01.2021 08:00;0.725;5.551;1.342
02.01.2021 09:00;0.725;4.615;1.022
02.01.2021 10:00;0.725;4.094;0.901
02.01.2021 11:00;0.725;3.856;0.841
02.01.2021 12:00;4.453;0;1.262
02.01.2021 13:00;1.26;2.918;1.122
02.01.2021 14:00;0.725;3.889;0.641
02.01.2021 15:00;0.724;4.232;0.561
02.01.2021 16:00;0.725;4.106;0.641
02.01.2021 17:00;1.26;3.228;1.122
02.01.2021 18:00;4.509;0.42;1.582
02.01.2021 19:00;5.524;0;1.602
02.01.2021 20:00;5.297;3.224;1.242
02.01.2021 21:00;9.293;0;0.901
02.01.2021 22:00;9.293;0;0.501
02.01.2021 23:00;8.758;0;0.381
03.01.2021 00:00;8.758;0;0.16
03.01.2021 01:00;8.758;0;0.08
03.01.2021 02:00;4.758;0;0.02
03.01.2021 03:00;2.358;0;0.02
03.01.2021 04:00;1.558;0;0.04
03.01.2021 05:00;1.293;0;0.761
03.01.2021 06:00;4.471;2.065;2.003
03.01.2021 07:00;1.26;4.986;1.622
03.01.2021 08:00;0.725;5.711;1.342
03.01.2021 09:00;0.725;5.439;1.022
03.01.2021 10:00;0.725;5.24;0.901
03.01.2021 11:00;0.725;4.985;0.841
03.01.2021 12:00;4.509;0.797;1.262
03.01.2021 13:00;1.26;3.695;1.122
03.01.2021 14:00;0.725;4.629;0.641
03.01.2021 15:00;0.724;4.601;0.561
03.01.2021 16:00;0.725;5.233;0.641
03.01.2021 17:00;1.26;4.043;1.122
03.01.2021 18:00;4.509;1.017;1.582
03.01.2021 19:00;5.524;0;1.602
03.01.2021 20:00;5.297;3.614;1.242
03.01.2021 21:00;9.294;0;0.901
03.01.2021 22:00;9.293;0;0.501
03.01.2021 23:00;8.758;0;0.381
04.01.2021 00:00;8.758;0;0.16
04.01.2021 01:00;8.758;0;0.08
04.01.2021 02:00;4.758;0;0.02
04.01.2021 03:00;2.358;0;0.02
04.01.2021 04:00;1.558;0;0.04
04.01.2021 05:00;1.294;0;0.761
04.01.2021 06:00;4.471;3.73;2.003
04.01.2021 07:00;1.26;6.716;1.622
04.01.2021 08:00;0.725;7.195;1.342
04.01.2021 09:00;0.725;6.883;1.022
04.01.2021 10:00;0.725;6.427;0.901
04.01.2021 11:00;0.725;5.973;0.841
04.01.2021 12:00;4.508;1.28;1.262
04.01.2021 13:00;1.26;4.725;1.122
04.01.2021 14:00;0.725;5.385;0.641
04.01.2021 15:00;0.724;4.765;0.561
04.01.2021 16:00;0.725;4.661;0.641
04.01.2021 17:00;1.26;3.723;1.122
04.01.2021 18:00;4.509;0.521;1.582
04.01.2021 19:00;5.524;0;1.602
04.01.2021 20:00;5.297;3.66;1.242
04.01.2021 21:00;9.293;0;0.901
04.01.2021 22:00;9.293;0;0.501
04.01.2021 23:00;8.758;0;0.381
05.01.2021 00:00;8.758;0;0.16
05.01.2021 01:00;8.758;0;0.08
05.01.2021 02:00;4.758;0;0.02
05.01.2021 03:00;2.358;0;0.02
05.01.2021 04:00;1.558;0;0.04
05.01.2021 05:00;1.293;0;0.761
05.01.2021 06:00;4.471;2.15;2.003
05.01.2021 07:00;1.26;4.976;1.622
05.01.2021 08:00;0.725;6.123;1.342
05.01.2021 09:00;0.725;5.36;1.022
05.01.2021 10:00;0.725;5.64;0.901
05.01.2021 11:00;0.725;5.196;0.841
05.01.2021 12:00;4.508;0.859;1.262
05.01.2021 13:00;1.26;3.669;1.122
05.01.2021 14:00;0.725;4.482;0.641
05.01.2021 15:00;0.724;4.408;0.561
05.01.2021 16:00;0.725;4.387;0.641
05.01.2021 17:00;1.26;3.648;1.122
05.01.2021 18:00;4.509;0.762;1.582
05.01.2021 19:00;5.579;0.058;1.602
05.01.2021 20:00;5.298;4.069;1.242
05.01.2021 21:00;9.294;0;0.901
05.01.2021 22:00;9.294;0;0.501
05.01.2021 23:00;8.758;0;0.381
06.01.2021 00:00;8.758;0;0.16
06.01.2021 01:00;8.759;0;0.08
06.01.2021 02:00;4.758;0;0.02
06.01.2021 03:00;2.358;0;0.02
06.01.2021 04:00;1.558;0;0.04
06.01.2021 05:00;1.294;0;0.761
06.01.2021 06:00;4.471;4.003;2.003
06.01.2021 07:00;1.26;6.754;1.622
06.01.2021 08:00;0.725;7.514;1.342
06.01.2021 09:00;0.725;6.937;1.022
06.01.2021 10:00;0.725;6.624;0.901
06.01.2021 11:00;0.725;5.882;0.841
06.01.2021 12:00;4.509;1.546;1.262
06.01.2021 13:00;1.26;4.397;1.122
06.01.2021 14:00;0.725;5.647;0.641
06.01.2021 15:00;0.724;5.166;0.561
06.01.2021 16:00;0.725;5.154;0.641
06.01.2021 17:00;1.26;4.374;1.122
06.01.2021 18:00;4.509;1.272;1.582
06.01.2021 19:00;5.579;0.393;1.602
06.01.2021 20:00;5.297;3.983;1.242
06.01.2021 21:00;9.294;0;0.901
06.01.2021 22:00;9.293;0;0.501
06.01.2021 23:00;8.758;0;0.381
07.01.2021 00:00;4.758;0;0.154
07.01.2021 01:00;4.758;0;0.172
07.01.2021 02:00;2.358;0;0.103
07.01.2021 03:00;1.558;0;0.034
07.01.2021 04:00;1.158;0;0.034
07.01.2021 05:00;1.293;0;0.206
07.01.2021 06:00;4.471;3.45;0.566
07.01.2021 07:00;1.26;6.281;0.961
07.01.2021 08:00;0.725;7.015;1.562
07.01.2021 09:00;0.725;6.662;1.545
07.01.2021 10:00;0.725;6.461;1.39
07.01.2021 11:00;4.725;5.76;1.493
07.01.2021 12:00;8.508;0.888;1.51
07.01.2021 13:00;5.26;3.661;1.201
07.01.2021 14:00;0.725;4.383;0.961
07.01.2021 15:00;0.725;4.485;0.755
07.01.2021 16:00;0.725;4.737;0.961
07.01.2021 17:00;1.26;4.388;1.236
07.01.2021 18:00;4.509;1.272;1.716
07.01.2021 19:00;5.579;0.359;1.356
07.01.2021 20:00;5.297;4.082;0.755
07.01.2021 21:00;5.294;0;0.738
07.01.2021 22:00;9.294;0;0.601
07.01.2021 23:00;4.758;0;0.36
08.01.2021 00:00;4.758;0;0.208
08.01.2021 01:00;4.758;0;0.152
08.01.2021 02:00;4.758;0;0.114
08.01.2021 03:00;4.758;0;0.038
08.01.2021 04:00;4.758;0;0.038
08.01.2021 05:00;1.293;0;0.114
08.01.2021 06:00;4.471;3.813;0.379
08.01.2021 07:00;1.26;6.576;0.777
08.01.2021 08:00;0.725;7.174;1.232
08.01.2021 09:00;0.725;6.868;1.63
08.01.2021 10:00;0.725;6.064;1.8
08.01.2021 11:00;4.725;5.663;1.895
08.01.2021 12:00;8.509;1.48;1.63
08.01.2021 13:00;5.26;4.392;1.402
08.01.2021 14:00;4.725;5.236;1.099
08.01.2021 15:00;4.725;5.246;0.966
08.01.2021 16:00;0.724;5.329;0.55
08.01.2021 17:00;1.26;4.889;1.042
08.01.2021 18:00;4.509;1.584;1.364
08.01.2021 19:00;5.579;0.236;1.478
08.01.2021 20:00;9.297;4.238;0.758
08.01.2021 21:00;9.294;0;0.701
08.01.2021 22:00;9.293;0;0.644
08.01.2021 23:00;8.758;0;0.36
09.01.2021 00:00;8.758;0;0.16
09.01.2021 01:00;8.758;0;0.08
09.01.2021 02:00;4.758;0;0.02
09.01.2021 03:00;2.358;0;0.02
09.01.2021 04:00;1.558;0;0.04
09.01.2021 05:00;1.294;0;0.761
09.01.2021 06:00;4.471;3.691;2.003
09.01.2021 07:00;1.26;6.434;1.622
09.01.2021 08:00;0.725;7.153;1.342
09.01.2021 09:00;0.725;6.805;1.022
09.01.2021 10:00;0.725;6.594;0.901
09.01.2021 11:00;0.725;6.388;0.841
09.01.2021 12:00;4.509;2.327;1.262
09.01.2021 13:00;1.26;5.226;1.122
09.01.2021 14:00;0.725;6.212;0.641
09.01.2021 15:00;0.724;6.082;0.561
09.01.2021 16:00;0.725;6.226;0.641
09.01.2021 17:00;1.26;5.122;1.122
09.01.2021 18:00;4.509;2.004;1.582
09.01.2021 19:00;5.579;1.058;1.602
09.01.2021 20:00;5.298;4.802;1.242
09.01.2021 21:00;9.294;0;0.901
09.01.2021 22:00;9.294;0;0.501
09.01.2021 23:00;8.759;0;0.381
10.01.2021 00:00;8.759;0;0.16
10.01.2021 01:00;8.759;0;0.08
10.01.2021 02:00;4.759;0;0.02
10.01.2021 03:00;2.359;0;0.02
10.01.2021 04:00;1.559;0;0.04
10.01.2021 05:00;1.294;0;0.761
10.01.2021 06:00;4.471;4.708;2.003
10.01.2021 07:00;1.26;7.452;1.622
10.01.2021 08:00;0.725;8.116;1.342
10.01.2021 09:00;0.725;7.74;1.022
10.01.2021 10:00;0.725;7.214;0.901
10.01.2021 11:00;0.725;6.634;0.841
10.01.2021 12:00;4.509;2.428;1.262
10.01.2021 13:00;1.26;5.254;1.122
10.01.2021 14:00;0.725;6.05;0.641
10.01.2021 15:00;0.724;5.999;0.561
10.01.2021 16:00;0.725;6.008;0.641
10.01.2021 17:00;1.26;4.974;1.122
10.01.2021 18:00;4.509;1.734;1.582
10.01.2021 19:00;5.579;0.749;1.602
10.01.2021 20:00;5.298;4.374;1.242
10.01.2021 21:00;9.294;0;0.901
10.01.2021 22:00;9.294;0;0.501
10.01.2021 23:00;8.758;0;0.381
11.01.2021 00:00;8.758;0;0.16
11.01.2021 01:00;8.758;0;0.08
11.01.2021 02:00;4.758;0;0.02
11.01.2021 03:00;2.358;0;0.02
11.01.2021 04:00;1.558;0;0.04
11.01.2021 05:00;1.294;0;0.761
11.01.2021 06:00;4.471;3.588;2.003
11.01.2021 07:00;1.26;6.369;1.622
11.01.2021 08:00;0.725;6.969;1.342
11.01.2021 09:00;0.725;6.652;1.022
11.01.2021 10:00;0.725;6.361;0.901
11.01.2021 11:00;0.725;5.901;0.841
11.01.2021 12:00;4.509;1.785;1.262
11.01.2021 13:00;1.26;4.738;1.122
11.01.2021 14:00;0.725;5.535;0.641
11.01.2021 15:00;0.724;5.452;0.561
11.01.2021 16:00;0.725;5.3;0.641
11.01.2021 17:00;1.26;4.406;1.122
11.01.2021 18:00;4.509;1.367;1.582
11.01.2021 19:00;5.579;0.569;1.602
11.01.2021 20:00;5.298;4.311;1.242
11.01.2021 21:00;9.294;0;0.901
11.01.2021 22:00;9.294;0;0.501
11.01.2021 23:00;8.758;0;0.381
12.01.2021 00:00;8.758;0;0.16
12.01.2021 01:00;8.758;0;0.08
12.01.2021 02:00;4.758;0;0.02
12.01.2021 03:00;2.358;0;0.02
12.01.2021 04:00;1.558;0;0.04
12.01.2021 05:00;1.294;0;0.761
12.01.2021 06:00;4.471;4.006;2.003
12.01.2021 07:00;1.26;6.89;1.622
12.01.2021 08:00;0.725;7.513;1.342
12.01.2021 09:00;0.725;6.944;1.022
12.01.2021 10:00;0.725;6.516;0.901
12.01.2021 11:00;0.725;5.996;0.841
12.01.2021 12:00;4.509;1.689;1.262
12.01.2021 13:00;1.26;4.598;1.122
12.01.2021 14:00;0.725;5.379;0.641
12.01.2021 15:00;0.724;5.312;0.561
12.01.2021 16:00;0.725;5.282;0.641
12.01.2021 17:00;1.26;4.329;1.122
12.01.2021 18:00;4.509;1.153;1.582
12.01.2021 19:00;5.579;0.206;1.602
12.01.2021 20:00;5.297;3.809;1.242
12.01.2021 21:00;9.293;0;0.901
12.01.2021 22:00;9.293;0;0.501
12.01.2021 23:00;8.758;0;0.381
13.01.2021 00:00;8.758;0;0.16
13.01.2021 01:00;8.758;0;0.08
13.01.2021 02:00;4.758;0;0.02
13.01.2021 03:00;2.358;0;0.02
13.01.2021 04:00;1.558;0;0.04
13.01.2021 05:00;1.293;0;0.761
13.01.2021 06:00;4.471;3.038;2.003
13.01.2021 07:00;1.26;5.907;1.622
13.01.2021 08:00;0.725;6.549;1.342
13.01.2021 09:00;0.725;6.273;1.022
13.01.2021 10:00;0.725;5.958;0.901
13.01.2021 11:00;0.725;5.502;0.841
13.01.2021 12:00;4.509;1.316;1.262
13.01.2021 13:00;1.26;4.242;1.122
13.01.2021 14:00;0.725;4.983;0.641
13.01.2021 15:00;0.724;5.06;0.561
13.01.2021 16:00;0.725;5.1;0.641
13.01.2021 17:00;1.26;4.211;1.122
13.01.2021 18:00;4.509;1.017;1.582
13.01.2021 19:00;5.579;0.119;1.602
13.01.2021 20:00;5.297;3.823;1.242
13.01.2021 21:00;9.294;0;0.901
13.01.2021 22:00;9.293;0;0.501
13.01.2021 23:00;8.758;0;0.381
14.01.2021 00:00;4.758;0;0.154
14.01.2021 01:00;4.758;0;0.172
14.01.2021 02:00;2.358;0;0.103
14.01.2021 03:00;1.558;0;0.034
14.01.2021 04:00;1.158;0;0.034
14.01.2021 05:00;1.294;0;0.206
14.01.2021 06:00;4.471;4.166;0.566
14.01.2021 07:00;1.26;7.098;0.961
14.01.2021 08:00;0.725;7.604;1.562
14.01.2021 09:00;0.725;7.041;1.545
14.01.2021 10:00;0.725;6.471;1.39
14.01.2021 11:00;4.725;5.821;1.493
14.01.2021 12:00;8.509;1.43;1.51
14.01.2021 13:00;5.26;4.218;1.201
14.01.2021 14:00;0.725;4.947;0.961
14.01.2021 15:00;0.725;4.85;0.755
14.01.2021 16:00;0.725;4.689;0.961
14.01.2021 17:00;1.26;3.688;1.236
14.01.2021 18:00;4.509;0.424;1.716
14.01.2021 19:00;5.524;0;1.356
14.01.2021 20:00;5.297;3.112;0.755
14.01.2021 21:00;5.293;0;0.738
14.01.2021 22:00;9.293;0;0.601
14.01.2021 23:00;4.758;0;0.36
15.01.2021 00:00;4.757;0;0.208
15.01.2021 01:00;4.757;0;0.152
15.01.2021 02:00;4.757;0;0.114
15.01.2021 03:00;4.757;0;0.038
15.01.2021 04:00;4.757;0;0.038
15.01.2021 05:00;1.292;0;0.114
15.01.2021 06:00;4.471;1.655;0.379
15.01.2021 07:00;1.26;4.495;0.777
15.01.2021 08:00;0.725;5.225;1.232
15.01.2021 09:00;0.725;5.483;1.63
15.01.2021 10:00;0.725;5.93;1.8
15.01.2021 11:00;4.725;6.112;1.895
15.01.2021 12:00;8.509;2.428;1.63
15.01.2021 13:00;5.26;5.431;1.402
15.01.2021 14:00;4.725;6.095;1.099
15.01.2021 15:00;4.725;5.917;0.966
15.01.2021 16:00;0.724;6.147;0.55
15.01.2021 17:00;1.26;5.706;1.042
15.01.2021 18:00;4.509;2.432;1.364
15.01.2021 19:00;5.58;1.56;1.478
15.01.2021 20:00;9.298;5.185;0.758
15.01.2021 21:00;9.295;0;0.701
15.01.2021 22:00;9.295;0;0.644
15.01.2021 23:00;8.759;0;0.36
16.01.2021 00:00;8.759;0;0.16
16.01.2021 01:00;8.759;0;0.08
16.01.2021 02:00;4.759;0;0.02
16.01.2021 03:00;2.359;0;0.02
16.01.2021 04:00;1.559;0;0.04
16.01.2021 05:00;1.295;0;0.761
16.01.2021 06:00;4.471;5.781;2.003
16.01.2021 07:00;1.26;8.396;1.622
16.01.2021 08:00;0.725;8.819;1.342
16.01.2021 09:00;0.725;8.522;1.022
16.01.2021 10:00;0.725;8.015;0.901
16.01.2021 11:00;0.725;7.494;0.841
16.01.2021 12:00;4.509;3.224;1.262
16.01.2021 13:00;1.26;5.995;1.122
16.01.2021 14:00;0.725;6.791;0.641
16.01.2021 15:00;0.724;6.575;0.561
16.01.2021 16:00;0.725;6.553;0.641
16.01.2021 17:00;1.26;5.536;1.122
16.01.2021 18:00;4.509;2.507;1.582
16.01.2021 19:00;5.58;1.624;1.602
16.01.2021 20:00;5.298;5.288;1.242
16.01.2021 21:00;9.294;0;0.901
16.01.2021 22:00;9.294;0;0.501
16.01.2021 23:00;8.759;0;0.381
17.01.2021 00:00;8.759;0;0.16
17.01.2021 01:00;8.759;0;0.08
17.01.2021 02:00;4.759;0;0.02
17.01.2021 03:00;2.359;0;0.02
17.01.2021 04:00;1.559;0;0.04
17.01.2021 05:00;1.294;0;0.761
17.01.2021 06:00;4.471;5.683;2.003
17.01.2021 07:00;1.26;8.234;1.622
17.01.2021 08:00;0.725;8.945;1.342
17.01.2021 09:00;0.725;8.76;1.022
17.01.2021 10:00;0.725;8.552;0.901
17.01.2021 11:00;0.725;8.305;0.841
17.01.2021 12:00;4.509;4.172;1.262
17.01.2021 13:00;1.26;6.996;1.122
17.01.2021 14:00;0.725;7.61;0.641
17.01.2021 15:00;0.724;7.351;0.561
17.01.2021 16:00;0.725;7.15;0.641
17.01.2021 17:00;1.26;6.023;1.122
17.01.2021 18:00;4.509;2.939;1.582
17.01.2021 19:00;5.58;1.898;1.602
17.01.2021 20:00;5.298;5.563;1.242
17.01.2021 21:00;9.295;0;0.901
17.01.2021 22:00;9.294;0;0.501
17.01.2021 23:00;8.759;0;0.381
18.01.2021 00:00;8.759;0;0.16
18.01.2021 01:00;8.759;0;0.08
18.01.2021 02:00;4.759;0;0.02
18.01.2021 03:00;2.359;0;0.02
18.01.2021 04:00;1.559;0;0.04
18.01.2021 05:00;1.294;0;0.761
18.01.2021 06:00;4.471;5.873;2.003
18.01.2021 07:00;1.26;8.665;1.622
18.01.2021 08:00;0.725;9.201;1.342
18.01.2021 09:00;0.725;8.894;1.022
18.01.2021 10:00;0.725;8.654;0.901
18.01.2021 11:00;0.725;8.431;0.841
18.01.2021 12:00;4.509;4.28;1.262
18.01.2021 13:00;1.26;7.109;1.122
18.01.2021 14:00;0.725;7.863;0.641
18.01.2021 15:00;0.724;8.394;0.561
18.01.2021 16:00;0.725;8.576;0.641
18.01.2021 17:00;1.26;7.85;1.122
18.01.2021 18:00;4.51;5.442;1.582
18.01.2021 19:00;5.581;6.048;1.602
18.01.2021 20:00;5.299;9.298;1.242
18.01.2021 21:00;9.298;0;0.901
18.01.2021 22:00;9.298;0;0.501
18.01.2021 23:00;8.763;0;0.381
19.01.2021 00:00;8.763;0;0.16
19.01.2021 01:00;8.763;0;0.08
19.01.2021 02:00;4.763;0;0.02
19.01.2021 03:00;2.363;0;0.02
19.01.2021 04:00;1.563;0;0.04
19.01.2021 05:00;1.298;0;0.761
19.01.2021 06:00;4.471;11.471;2.003
19.01.2021 07:00;1.26;15.839;1.622
19.01.2021 08:00;0.725;16.34;1.342
19.01.2021 09:00;0.725;15.224;1.022
19.01.2021 10:00;0.725;13.84;0.901
19.01.2021 11:00;0.725;12.628;0.841
19.01.2021 12:00;4.51;7.305;1.262
19.01.2021 13:00;1.26;9.723;1.122
19.01.2021 14:00;0.725;11.051;0.641
19.01.2021 15:00;0.724;11.544;0.561
19.01.2021 16:00;0.725;12.588;0.641
19.01.2021 17:00;1.26;12.088;1.122
19.01.2021 18:00;4.511;8.009;1.582
19.01.2021 19:00;5.581;6.82;1.602
19.01.2021 20:00;5.299;10.395;1.242
19.01.2021 21:00;9.298;0;0.901
19.01.2021 22:00;9.298;0;0.501
19.01.2021 23:00;8.762;0;0.381
20.01.2021 00:00;8.762;0;0.16
20.01.2021 01:00;8.763;0;0.08
20.01.2021 02:00;4.761;0;0.02
20.01.2021 03:00;2.362;0;0.02
20.01.2021 04:00;1.562;0;0.04
20.01.2021 05:00;1.298;0;0.761
20.01.2021 06:00;4.471;13.565;2.003
20.01.2021 07:00;1.26;15.47;1.622
20.01.2021 08:00;0.725;15.382;1.342
20.01.2021 09:00;0.725;14.112;1.022
20.01.2021 10:00;0.725;13.302;0.901
20.01.2021 11:00;0.725;12.115;0.841
20.01.2021 12:00;4.51;7.726;1.262
20.01.2021 13:00;1.26;10.144;1.122
20.01.2021 14:00;0.725;10.849;0.641
20.01.2021 15:00;0.724;10.689;0.561
20.01.2021 16:00;0.725;11.119;0.641
20.01.2021 17:00;1.26;11.051;1.122
20.01.2021 18:00;4.511;8.936;1.582
20.01.2021 19:00;5.581;7.574;1.602
20.01.2021 20:00;5.299;11.03;1.242
20.01.2021 21:00;9.297;0;0.901
20.01.2021 22:00;9.297;0;0.501
20.01.2021 23:00;8.761;0;0.381
21.01.2021 00:00;4.761;0;0.154
21.01.2021 01:00;4.761;0;0.172
21.01.2021 02:00;2.361;0;0.103
21.01.2021 03:00;1.562;0;0.034
21.01.2021 04:00;1.162;0;0.034
21.01.2021 05:00;1.297;0;0.206
21.01.2021 06:00;4.471;12.231;0.566
21.01.2021 07:00;1.26;15.225;0.961
21.01.2021 08:00;0.725;14.878;1.562
21.01.2021 09:00;0.725;13.805;1.545
21.01.2021 10:00;0.725;13.159;1.39
21.01.2021 11:00;4.725;12.299;1.493
21.01.2021 12:00;8.51;7.741;1.51
21.01.2021 13:00;5.26;10.197;1.201
21.01.2021 14:00;0.725;10.742;0.961
21.01.2021 15:00;0.725;10.585;0.755
21.01.2021 16:00;0.725;10.401;0.961
21.01.2021 17:00;1.26;9.459;1.236
21.01.2021 18:00;4.51;6.396;1.716
21.01.2021 19:00;5.58;5.328;1.356
21.01.2021 20:00;5.299;8.817;0.755
21.01.2021 21:00;5.296;0;0.738
21.01.2021 22:00;9.296;0;0.601
21.01.2021 23:00;4.761;0;0.36
22.01.2021 00:00;4.761;0;0.208
22.01.2021 01:00;4.761;0;0.152
22.01.2021 02:00;4.761;0;0.114
22.01.2021 03:00;4.761;0;0.038
22.01.2021 04:00;4.761;0;0.038
22.01.2021 05:00;1.296;0;0.114
22.01.2021 06:00;4.471;10.029;0.379
22.01.2021 07:00;1.26;12.586;0.777
22.01.2021 08:00;0.725;12.898;1.232
22.01.2021 09:00;0.725;12.342;1.63
22.01.2021 10:00;0.725;11.741;1.8
22.01.2021 11:00;4.725;11.071;1.895
22.01.2021 12:00;8.51;6.883;1.63
22.01.2021 13:00;5.26;9.456;1.402
22.01.2021 14:00;4.725;10.165;1.099
22.01.2021 15:00;4.725;9.97;0.966
22.01.2021 16:00;0.724;9.892;0.55
22.01.2021 17:00;1.26;7.72;1.042
22.01.2021 18:00;4.51;5.705;1.364
22.01.2021 19:00;5.58;4.661;1.478
22.01.2021 20:00;9.298;8.189;0.758
22.01.2021 21:00;9.296;0;0.701
22.01.2021 22:00;9.296;0;0.644
22.01.2021 23:00;8.761;0;0.36
23.01.2021 00:00;8.761;0;0.16
23.01.2021 01:00;8.761;0;0.08
23.01.2021 02:00;4.76;0;0.02
23.01.2021 03:00;2.36;0;0.02
23.01.2021 04:00;1.561;0;0.04
23.01.2021 05:00;1.296;0;0.761
23.01.2021 06:00;4.471;9.534;2.003
23.01.2021 07:00;1.26;12.107;1.622
23.01.2021 08:00;0.725;12.51;1.342
23.01.2021 09:00;0.725;12.074;1.022
23.01.2021 10:00;0.725;11.667;0.901
23.01.2021 11:00;0.725;11.274;0.841
23.01.2021 12:00;4.51;7.042;1.262
23.01.2021 13:00;1.26;9.604;1.122
23.01.2021 14:00;0.725;10.137;0.641
23.01.2021 15:00;0.724;9.901;0.561
23.01.2021 16:00;0.725;9.727;0.641
23.01.2021 17:00;1.26;8.639;1.122
23.01.2021 18:00;4.51;5.426;1.582
23.01.2021 19:00;5.58;4.306;1.602
23.01.2021 20:00;5.299;7.818;1.242
23.01.2021 21:00;9.296;0;0.901
23.01.2021 22:00;9.296;0;0.501
23.01.2021 23:00;8.76;0;0.381
24.01.2021 00:00;8.76;0;0.16
24.01.2021 01:00;8.76;0;0.08
24.01.2021 02:00;4.76;0;0.02
24.01.2021 03:00;2.36;0;0.02
24.01.2021 04:00;1.56;0;0.04
24.01.2021 05:00;1.296;0;0.761
24.01.2021 06:00;4.471;8.812;2.003
24.01.2021 07:00;1.26;11.456;1.622
24.01.2021 08:00;0.725;11.872;1.342
24.01.2021 09:00;0.725;11.327;1.022
24.01.2021 10:00;0.725;9.863;0.901
24.01.2021 11:00;0.725;9.133;0.841
24.01.2021 12:00;4.509;4.618;1.262
24.01.2021 13:00;1.26;7.315;1.122
24.01.2021 14:00;0.725;8.035;0.641
24.01.2021 15:00;0.724;7.897;0.561
24.01.2021 16:00;0.725;7.804;0.641
24.01.2021 17:00;1.26;6.926;1.122
24.01.2021 18:00;4.509;3.835;1.582
24.01.2021 19:00;5.58;2.956;1.602
24.01.2021 20:00;5.298;6.573;1.242
24.01.2021 21:00;9.295;0;0.901
24.01.2021 22:00;9.295;0;0.501
24.01.2021 23:00;8.759;0;0.381
25.01.2021 00:00;8.759;0;0.16
25.01.2021 01:00;8.759;0;0.08
25.01.2021 02:00;4.759;0;0.02
25.01.2021 03:00;2.36;0;0.02
25.01.2021 04:00;1.56;0;0.04
25.01.2021 05:00;1.296;0;0.761
25.01.2021 06:00;4.471;8.299;2.003
25.01.2021 07:00;1.26;10.93;1.622
25.01.2021 08:00;0.725;11.312;1.342
25.01.2021 09:00;0.725;9.968;1.022
25.01.2021 10:00;0.725;10.371;0.901
25.01.2021 11:00;0.725;8.986;0.841
25.01.2021 12:00;4.509;4.578;1.262
25.01.2021 13:00;1.26;7.267;1.122
25.01.2021 14:00;0.725;8.036;0.641
25.01.2021 15:00;0.724;7.9;0.561
25.01.2021 16:00;0.725;7.76;0.641
25.01.2021 17:00;1.26;6.81;1.122
25.01.2021 18:00;4.509;3.674;1.582
25.01.2021 19:00;5.58;2.755;1.602
25.01.2021 20:00;5.298;6.332;1.242
25.01.2021 21:00;9.295;0;0.901
25.01.2021 22:00;9.295;0;0.501
25.01.2021 23:00;8.759;0;0.381
26.01.2021 00:00;8.759;0;0.16
26.01.2021 01:00;8.759;0;0.08
26.01.2021 02:00;4.759;0;0.02
26.01.2021 03:00;2.359;0;0.02
26.01.2021 04:00;1.56;0;0.04
26.01.2021 05:00;1.296;0;0.761
26.01.2021 06:00;4.471;8.212;2.003
26.01.2021 07:00;1.26;10.93;1.622
26.01.2021 08:00;0.725;11.403;1.342
26.01.2021 09:00;0.725;10.974;1.022
26.01.2021 10:00;0.725;10.461;0.901
26.01.2021 11:00;0.725;9.912;0.841
26.01.2021 12:00;4.51;5.745;1.262
26.01.2021 13:00;1.26;8.483;1.122
26.01.2021 14:00;0.725;9.174;0.641
26.01.2021 15:00;0.724;9.059;0.561
26.01.2021 16:00;0.725;8.987;0.641
26.01.2021 17:00;1.26;8.002;1.122
26.01.2021 18:00;4.51;4.982;1.582
26.01.2021 19:00;5.58;3.998;1.602
26.01.2021 20:00;5.299;7.583;1.242
26.01.2021 21:00;9.296;0;0.901
26.01.2021 22:00;9.296;0;0.501
26.01.2021 23:00;8.761;0;0.381
27.01.2021 00:00;8.76;0;0.16
27.01.2021 01:00;8.76;0;0.08
27.01.2021 02:00;4.76;0;0.02
27.01.2021 03:00;2.36;0;0.02
27.01.2021 04:00;1.56;0;0.04
27.01.2021 05:00;1.296;0;0.761
27.01.2021 06:00;4.471;8.775;2.003
27.01.2021 07:00;1.26;11.421;1.622
27.01.2021 08:00;0.725;11.849;1.342
27.01.2021 09:00;0.725;11.334;1.022
27.01.2021 10:00;0.725;10.836;0.901
27.01.2021 11:00;0.725;10.385;0.841
27.01.2021 12:00;4.51;6.216;1.262
27.01.2021 13:00;1.26;8.97;1.122
27.01.2021 14:00;0.725;9.638;0.641
27.01.2021 15:00;0.724;9.466;0.561
27.01.2021 16:00;0.725;9.333;0.641
27.01.2021 17:00;1.26;8.301;1.122
27.01.2021 18:00;4.51;5.237;1.582
27.01.2021 19:00;5.58;4.216;1.602
27.01.2021 20:00;5.299;7.752;1.242
27.01.2021 21:00;9.296;0;0.901
27.01.2021 22:00;9.296;0;0.501
27.01.2021 23:00;8.76;0;0.381
28.01.2021 00:00;4.76;0;0.154
28.01.2021 01:00;4.76;0;0.172
28.01.2021 02:00;2.36;0;0.103
28.01.2021 03:00;1.56;0;0.034
28.01.2021 04:00;1.16;0;0.034
28.01.2021 05:00;1.296;0;0.206
28.01.2021 06:00;4.471;8.777;0.566
28.01.2021 07:00;1.26;11.43;0.961
28.01.2021 08:00;0.725;11.824;1.562
28.01.2021 09:00;0.725;11.369;1.545
28.01.2021 10:00;0.725;10.839;1.39
28.01.2021 11:00;4.725;10.372;1.493
28.01.2021 12:00;8.51;6.088;1.51
28.01.2021 13:00;5.26;8.809;1.201
28.01.2021 14:00;0.725;9.515;0.961
28.01.2021 15:00;0.725;9.332;0.755
28.01.2021 16:00;0.725;9.179;0.961
28.01.2021 17:00;1.26;8.161;1.236
28.01.2021 18:00;4.51;5.049;1.716
28.01.2021 19:00;5.58;4.041;1.356
28.01.2021 20:00;5.298;7.564;0.755
28.01.2021 21:00;5.295;0;0.738
28.01.2021 22:00;9.295;0;0.601
28.01.2021 23:00;4.76;0;0.36
29.01.2021 00:00;4.76;0;0.208
29.01.2021 01:00;4.76;0;0.152
29.01.2021 02:00;4.76;0;0.114
29.01.2021 03:00;4.76;0;0.038
29.01.2021 04:00;4.76;0;0.038
29.01.2021 05:00;1.295;0;0.114
29.01.2021 06:00;4.471;8.716;0.379
29.01.2021 07:00;1.26;11.376;0.777
29.01.2021 08:00;0.725;11.756;1.232
29.01.2021 09:00;0.725;11.185;1.63
29.01.2021 10:00;0.725;10.654;1.8
29.01.2021 11:00;4.725;10.043;1.895
29.01.2021 12:00;8.509;4.877;1.63
29.01.2021 13:00;5.26;7.506;1.402
29.01.2021 14:00;4.725;8.292;1.099
29.01.2021 15:00;4.725;8.165;0.966
29.01.2021 16:00;0.724;8.169;0.55
29.01.2021 17:00;1.26;7.434;1.042
29.01.2021 18:00;4.51;6.141;1.364
29.01.2021 19:00;5.58;4.903;1.478
29.01.2021 20:00;9.299;9.123;0.758
29.01.2021 21:00;9.297;0;0.701
29.01.2021 22:00;9.297;0;0.644
29.01.2021 23:00;8.762;0;0.36
30.01.2021 00:00;8.761;0;0.16
30.01.2021 01:00;8.76;0;0.08
30.01.2021 02:00;4.76;0;0.02
30.01.2021 03:00;2.36;0;0.02
30.01.2021 04:00;1.56;0;0.04
30.01.2021 05:00;1.296;0;0.761
30.01.2021 06:00;4.471;9.596;2.003
30.01.2021 07:00;1.26;12.208;1.622
30.01.2021 08:00;0.725;12.531;1.342
30.01.2021 09:00;0.725;12.009;1.022
30.01.2021 10:00;0.725;11.235;0.901
30.01.2021 11:00;0.725;9.626;0.841
30.01.2021 12:00;4.509;5.035;1.262
30.01.2021 13:00;1.26;7.609;1.122
30.01.2021 14:00;0.725;8.122;0.641
30.01.2021 15:00;0.724;7.984;0.561
30.01.2021 16:00;0.725;7.918;0.641
30.01.2021 17:00;1.26;6.891;1.122
30.01.2021 18:00;4.509;3.703;1.582
30.01.2021 19:00;5.58;2.755;1.602
30.01.2021 20:00;5.298;6.349;1.242
30.01.2021 21:00;9.295;0;0.901
30.01.2021 22:00;9.294;0;0.501
30.01.2021 23:00;8.759;0;0.381
31.01.2021 00:00;8.759;0;0.16
31.01.2021 01:00;8.759;0;0.08
31.01.2021 02:00;4.759;0;0.02
31.01.2021 03:00;2.359;0;0.02
31.01.2021 04:00;1.56;0;0.04
31.01.2021 05:00;1.295;0;0.761
31.01.2021 06:00;4.471;7.853;2.003
31.01.2021 07:00;1.26;11.176;1.622
31.01.2021 08:00;0.725;11.534;1.342
31.01.2021 09:00;0.725;10.519;1.022
31.01.2021 10:00;0.725;9.104;0.901
31.01.2021 11:00;0.725;8.177;0.841
31.01.2021 12:00;4.509;3.69;1.262
31.01.2021 13:00;1.26;6.195;1.122
31.01.2021 14:00;0.725;6.861;0.641
31.01.2021 15:00;0.724;6.778;0.561
31.01.2021 16:00;0.725;6.749;0.641
31.01.2021 17:00;1.26;5.803;1.122
31.01.2021 18:00;4.509;2.719;1.582
31.01.2021 19:00;5.579;1.817;1.602
31.01.2021 20:00;5.298;5.499;1.242
31.01.2021 21:00;9.294;0;0.901
31.01.2021 22:00;9.294;0;0.501
31.01.2021 23:00;8.759;0;0.381
01.02.2021 00:00;8.759;0;0.16
01.02.2021 01:00;8.759;0;0.08
01.02.2021 02:00;4.759;0;0.02
01.02.2021 03:00;2.359;0;0.02
01.02.2021 04:00;1.559;0;0.04
01.02.2021 05:00;1.295;0;0.761
01.02.2021 06:00;4.471;6.144;2.003
01.02.2021 07:00;1.26;8.968;1.622
01.02.2021 08:00;0.725;9.33;1.342
01.02.2021 09:00;0.725;8.945;1.022
01.02.2021 10:00;0.725;8.55;0.901
01.02.2021 11:00;0.725;8.077;0.841
01.02.2021 12:00;4.509;3.867;1.262
01.02.2021 13:00;1.26;6.611;1.122
01.02.2021 14:00;0.725;7.266;0.641
01.02.2021 15:00;0.724;7.101;0.561
01.02.2021 16:00;0.725;7.005;0.641
01.02.2021 17:00;1.26;6.058;1.122
01.02.2021 18:00;4.509;2.928;1.582
01.02.2021 19:00;5.58;1.922;1.602
01.02.2021 20:00;5.298;5.474;1.242
01.02.2021 21:00;9.294;0;0.901
01.02.2021 22:00;9.294;0;0.501
01.02.2021 23:00;8.759;0;0.381
02.02.2021 00:00;8.759;0;0.16
02.02.2021 01:00;8.759;0;0.08
02.02.2021 02:00;4.759;0;0.02
02.02.2021 03:00;2.359;0;0.02
02.02.2021 04:00;1.558;0;0.04
02.02.2021 05:00;1.294;0;0.761
02.02.2021 06:00;4.471;4.588;2.003
02.02.2021 07:00;1.26;7.292;1.622
02.02.2021 08:00;0.725;7.852;1.342
02.02.2021 09:00;0.725;7.521;1.022
02.02.2021 10:00;0.725;7.198;0.901
02.02.2021 11:00;0.725;6.792;0.841
02.02.2021 12:00;4.509;2.54;1.262
02.02.2021 13:00;1.26;5.334;1.122
02.02.2021 14:00;0.725;6.043;0.641
02.02.2021 15:00;0.724;5.825;0.561
02.02.2021 16:00;0.725;5.742;0.641
02.02.2021 17:00;1.26;4.918;1.122
02.02.2021 18:00;4.509;2.154;1.582
02.02.2021 19:00;5.579;0.992;1.602
02.02.2021 20:00;5.298;4.752;1.242
02.02.2021 21:00;9.294;0;0.901
02.02.2021 22:00;9.294;0;0.501
02.02.2021 23:00;8.759;0;0.381
03.02.2021 00:00;8.759;0;0.16
03.02.2021 01:00;8.759;0;0.08
03.02.2021 02:00;4.759;0;0.02
03.02.2021 03:00;2.359;0;0.02
03.02.2021 04:00;1.559;0;0.04
03.02.2021 05:00;1.294;0;0.761
03.02.2021 06:00;4.471;5.622;2.003
03.02.2021 07:00;1.26;8.262;1.622
03.02.2021 08:00;0.725;8.693;1.342
03.02.2021 09:00;0.725;8.095;1.022
03.02.2021 10:00;0.725;7.314;0.901
03.02.2021 11:00;0.725;6.803;0.841
03.02.2021 12:00;4.509;2.342;1.262
03.02.2021 13:00;1.26;5.397;1.122
03.02.2021 14:00;0.725;6.097;0.641
03.02.2021 15:00;0.724;5.737;0.561
03.02.2021 16:00;0.725;5.954;0.641
03.02.2021 17:00;1.26;4.998;1.122
03.02.2021 18:00;4.509;1.814;1.582
03.02.2021 19:00;5.579;0.842;1.602
03.02.2021 20:00;5.298;4.71;1.242
03.02.2021 21:00;9.294;0;0.901
03.02.2021 22:00;9.294;0;0.501
03.02.2021 23:00;8.758;0;0.381
04.02.2021 00:00;4.759;0;0.154
04.02.2021 01:00;4.759;0;0.172
04.02.2021 02:00;2.359;0;0.103
04.02.2021 03:00;1.559;0;0.034
04.02.2021 04:00;1.159;0;0.034
04.02.2021 05:00;1.294;0;0.206
04.02.2021 06:00;4.471;4.737;0.566
04.02.2021 07:00;1.26;7.483;0.961
04.02.2021 08:00;0.725;8.016;1.562
04.02.2021 09:00;0.725;7.584;1.545
04.02.2021 10:00;0.725;7.16;1.39
04.02.2021 11:00;4.725;6.535;1.493
04.02.2021 12:00;8.509;2.122;1.51
04.02.2021 13:00;5.26;4.931;1.201
04.02.2021 14:00;0.725;5.663;0.961
04.02.2021 15:00;0.725;5.607;0.755
04.02.2021 16:00;0.725;5.653;0.961
04.02.2021 17:00;1.26;4.721;1.236
04.02.2021 18:00;4.509;1.511;1.716
04.02.2021 19:00;5.579;0.545;1.356
04.02.2021 20:00;5.297;4.294;0.755
04.02.2021 21:00;5.294;0;0.738
04.02.2021 22:00;9.294;0;0.601
04.02.2021 23:00;4.758;0;0.36
05.02.2021 00:00;4.758;0;0.208
05.02.2021 01:00;4.758;0;0.152
05.02.2021 02:00;4.758;0;0.114
05.02.2021 03:00;4.758;0;0.038
05.02.2021 04:00;4.758;0;0.038
05.02.2021 05:00;1.294;0;0.114
05.02.2021 06:00;4.471;4.193;0.379
05.02.2021 07:00;1.26;7.253;0.777
05.02.2021 08:00;0.725;7.825;1.232
05.02.2021 09:00;0.725;7.285;1.63
05.02.2021 10:00;0.725;6.751;1.8
05.02.2021 11:00;4.725;6.121;1.895
05.02.2021 12:00;8.509;1.91;1.63
05.02.2021 13:00;5.26;4.734;1.402
05.02.2021 14:00;4.725;5.526;1.099
05.02.2021 15:00;4.725;5.213;0.966
05.02.2021 16:00;0.724;5.465;0.55
05.02.2021 17:00;1.26;5.035;1.042
05.02.2021 18:00;4.509;2.39;1.364
05.02.2021 19:00;5.579;1.672;1.478
05.02.2021 20:00;9.298;5.379;0.758
05.02.2021 21:00;9.295;0;0.701
05.02.2021 22:00;9.295;0;0.644
05.02.2021 23:00;8.759;0;0.36
06.02.2021 00:00;8.759;0;0.16
06.02.2021 01:00;8.759;0;0.08
06.02.2021 02:00;4.759;0;0.02
06.02.2021 03:00;2.359;0;0.02
06.02.2021 04:00;1.559;0;0.04
06.02.2021 05:00;1.295;0;0.761
06.02.2021 06:00;4.471;6.29;2.003
06.02.2021 07:00;1.26;8.889;1.622
06.02.2021 08:00;0.725;9.249;1.342
06.02.2021 09:00;0.725;8.595;1.022
06.02.2021 10:00;0.725;7.9;0.901
06.02.2021 11:00;0.725;7.277;0.841
06.02.2021 12:00;4.509;2.969;1.262
06.02.2021 13:00;1.26;5.918;1.122
06.02.2021 14:00;0.725;6.586;0.641
06.02.2021 15:00;0.724;6.328;0.561
06.02.2021 16:00;0.725;6.236;0.641
06.02.2021 17:00;1.26;5.344;1.122
06.02.2021 18:00;4.509;2.293;1.582
06.02.2021 19:00;5.579;1.265;1.602
06.02.2021 20:00;5.298;4.759;1.242
06.02.2021 21:00;9.294;0;0.901
06.02.2021 22:00;9.294;0;0.501
06.02.2021 23:00;8.758;0;0.381
07.02.2021 00:00;8.758;0;0.16
07.02.2021 01:00;8.758;0;0.08
07.02.2021 02:00;4.758;0;0.02
07.02.2021 03:00;2.358;0;0.02
07.02.2021 04:00;1.558;0;0.04
07.02.2021 05:00;1.294;0;0.761
07.02.2021 06:00;4.471;4.126;2.003
07.02.2021 07:00;1.26;7.32;1.622
07.02.2021 08:00;0.725;7.938;1.342
07.02.2021 09:00;0.725;7.504;1.022
07.02.2021 10:00;0.725;6.985;0.901
07.02.2021 11:00;0.725;6.328;0.841
07.02.2021 12:00;4.509;2.037;1.262
07.02.2021 13:00;1.26;4.789;1.122
07.02.2021 14:00;0.725;5.539;0.641
07.02.2021 15:00;0.724;5.616;0.561
07.02.2021 16:00;0.725;5.859;0.641
07.02.2021 17:00;1.26;5.332;1.122
07.02.2021 18:00;4.509;2.569;1.582
07.02.2021 19:00;5.58;1.782;1.602
07.02.2021 20:00;5.298;5.575;1.242
07.02.2021 21:00;9.295;0;0.901
07.02.2021 22:00;9.295;0;0.501
07.02.2021 23:00;8.759;0;0.381
08.02.2021 00:00;8.759;0;0.16
08.02.2021 01:00;8.76;0;0.08
08.02.2021 02:00;4.76;0;0.02
08.02.2021 03:00;2.36;0;0.02
08.02.2021 04:00;1.56;0;0.04
08.02.2021 05:00;1.296;0;0.761
08.02.2021 06:00;4.471;7.344;2.003
08.02.2021 07:00;1.26;10.194;1.622
08.02.2021 08:00;0.725;10.423;1.342
08.02.2021 09:00;0.725;9.366;1.022
08.02.2021 10:00;0.725;8.497;0.901
08.02.2021 11:00;0.725;7.435;0.841
08.02.2021 12:00;4.509;3.022;1.262
08.02.2021 13:00;1.26;5.539;1.122
08.02.2021 14:00;0.725;5.99;0.641
08.02.2021 15:00;0.724;6.06;0.561
08.02.2021 16:00;0.725;6.184;0.641
08.02.2021 17:00;1.26;5.759;1.122
08.02.2021 18:00;4.509;2.906;1.582
08.02.2021 19:00;5.58;2.11;1.602
08.02.2021 20:00;5.298;5.902;1.242
08.02.2021 21:00;9.295;0;0.901
08.02.2021 22:00;9.294;0;0.501
08.02.2021 23:00;8.759;0;0.381
09.02.2021 00:00;8.759;0;0.16
09.02.2021 01:00;8.759;0;0.08
09.02.2021 02:00;4.76;0;0.02
09.02.2021 03:00;2.359;0;0.02
09.02.2021 04:00;1.559;0;0.04
09.02.2021 05:00;1.295;0;0.761
09.02.2021 06:00;4.471;6.465;2.003
09.02.2021 07:00;1.26;9.843;1.622
09.02.2021 08:00;0.725;9.446;1.342
09.02.2021 09:00;0.725;9.134;1.022
09.02.2021 10:00;0.725;7.959;0.901
09.02.2021 11:00;0.725;6.664;0.841
09.02.2021 12:00;4.508;2.03;1.262
09.02.2021 13:00;1.26;4.885;1.122
09.02.2021 14:00;0.725;5.596;0.641
09.02.2021 15:00;0.724;4.873;0.561
09.02.2021 16:00;0.725;5.218;0.641
09.02.2021 17:00;1.26;4.648;1.122
09.02.2021 18:00;4.509;2.06;1.582
09.02.2021 19:00;5.579;1.356;1.602
09.02.2021 20:00;5.298;5.004;1.242
09.02.2021 21:00;9.294;0;0.901
09.02.2021 22:00;9.294;0;0.501
09.02.2021 23:00;8.759;0;0.381
10.02.2021 00:00;8.759;0;0.16
10.02.2021 01:00;8.759;0;0.08
10.02.2021 02:00;4.759;0;0.02
10.02.2021 03:00;2.359;0;0.02
10.02.2021 04:00;1.559;0;0.04
10.02.2021 05:00;1.294;0;0.761
10.02.2021 06:00;4.471;5.868;2.003
10.02.2021 07:00;1.26;8.607;1.622
10.02.2021 08:00;0.725;8.834;1.342
10.02.2021 09:00;0.725;7.647;1.022
10.02.2021 10:00;0.725;6.764;0.901
10.02.2021 11:00;0.725;6.08;0.841
10.02.2021 12:00;4.508;1.448;1.262
10.02.2021 13:00;1.26;4.234;1.122
10.02.2021 14:00;0.725;4.861;0.641
10.02.2021 15:00;0.724;4.864;0.561
10.02.2021 16:00;0.725;5.064;0.641
10.02.2021 17:00;1.26;4.318;1.122
10.02.2021 18:00;4.509;1.095;1.582
10.02.2021 19:00;5.524;0;1.602
10.02.2021 20:00;5.297;3.84;1.242
10.02.2021 21:00;9.293;0;0.901
10.02.2021 22:00;9.293;0;0.501
10.02.2021 23:00;8.758;0;0.381
11.02.2021 00:00;4.758;0;0.154
11.02.2021 01:00;4.758;0;0.172
11.02.2021 02:00;2.358;0;0.103
11.02.2021 03:00;1.558;0;0.034
11.02.2021 04:00;1.158;0;0.034
11.02.2021 05:00;1.293;0;0.206
11.02.2021 06:00;4.471;3.688;0.566
11.02.2021 07:00;1.26;6.768;0.961
11.02.2021 08:00;0.725;7.523;1.562
11.02.2021 09:00;0.725;7.186;1.545
11.02.2021 10:00;0.725;6.667;1.39
11.02.2021 11:00;4.725;6.138;1.493
11.02.2021 12:00;8.509;1.871;1.51
11.02.2021 13:00;5.26;4.68;1.201
11.02.2021 14:00;0.725;5.458;0.961
11.02.2021 15:00;0.725;5.43;0.755
11.02.2021 16:00;0.725;5.604;0.961
11.02.2021 17:00;1.26;5.054;1.236
11.02.2021 18:00;4.509;2.22;1.716
11.02.2021 19:00;5.579;1.45;1.356
11.02.2021 20:00;5.298;5.088;0.755
11.02.2021 21:00;5.295;0;0.738
11.02.2021 22:00;9.295;0;0.601
11.02.2021 23:00;4.759;0;0.36
12.02.2021 00:00;4.759;0;0.208
12.02.2021 01:00;4.76;0;0.152
12.02.2021 02:00;4.76;0;0.114
12.02.2021 03:00;4.76;0;0.038
12.02.2021 04:00;4.76;0;0.038
12.02.2021 05:00;1.296;0;0.114
12.02.2021 06:00;4.471;7.862;0.379
12.02.2021 07:00;1.26;10.663;0.777
12.02.2021 08:00;0.725;10.779;1.232
12.02.2021 09:00;0.725;9.354;1.63
12.02.2021 10:00;0.725;8.52;1.8
12.02.2021 11:00;4.725;7.627;1.895
12.02.2021 12:00;8.509;3.094;1.63
12.02.2021 13:00;5.26;5.58;1.402
12.02.2021 14:00;4.725;6.114;1.099
12.02.2021 15:00;4.725;5.964;0.966
12.02.2021 16:00;0.724;6.004;0.55
12.02.2021 17:00;1.26;5.52;1.042
12.02.2021 18:00;4.509;2.644;1.364
12.02.2021 19:00;5.579;1.932;1.478
12.02.2021 20:00;9.298;5.649;0.758
12.02.2021 21:00;9.294;0;0.701
12.02.2021 22:00;9.294;0;0.644
12.02.2021 23:00;8.759;0;0.36
13.02.2021 00:00;8.759;0;0.16
13.02.2021 01:00;8.759;0;0.08
13.02.2021 02:00;4.759;0;0.02
13.02.2021 03:00;2.359;0;0.02
13.02.2021 04:00;1.559;0;0.04
13.02.2021 05:00;1.295;0;0.761
13.02.2021 06:00;4.471;7.423;2.003
13.02.2021 07:00;1.26;9.783;1.622
13.02.2021 08:00;0.725;9.824;1.342
13.02.2021 09:00;0.725;8.775;1.022
13.02.2021 10:00;0.725;7.974;0.901
13.02.2021 11:00;0.725;6.876;0.841
13.02.2021 12:00;4.509;2.173;1.262
13.02.2021 13:00;1.26;4.733;1.122
13.02.2021 14:00;0.725;5.359;0.641
13.02.2021 15:00;0.724;5.186;0.561
13.02.2021 16:00;0.725;5.224;0.641
13.02.2021 17:00;1.26;4.884;1.122
13.02.2021 18:00;4.509;2.01;1.582
13.02.2021 19:00;5.579;1.23;1.602
13.02.2021 20:00;5.298;4.933;1.242
13.02.2021 21:00;9.294;0;0.901
13.02.2021 22:00;9.294;0;0.501
13.02.2021 23:00;8.759;0;0.381
14.02.2021 00:00;8.759;0;0.16
14.02.2021 01:00;8.759;0;0.08
14.02.2021 02:00;4.759;0;0.02
14.02.2021 03:00;2.359;0;0.02
14.02.2021 04:00;1.559;0;0.04
14.02.2021 05:00;1.294;0;0.761
14.02.2021 06:00;4.471;5.383;2.003
14.02.2021 07:00;1.26;7.806;1.622
14.02.2021 08:00;0.725;8.214;1.342
14.02.2021 09:00;0.725;7.9;1.022
14.02.2021 10:00;0.725;7.278;0.901
14.02.2021 11:00;0.725;6.687;0.841
14.02.2021 12:00;4.509;2.802;1.262
14.02.2021 13:00;1.26;5.52;1.122
14.02.2021 14:00;0.725;6.339;0.641
14.02.2021 15:00;0.724;6.402;0.561
14.02.2021 16:00;0.725;6.39;0.641
14.02.2021 17:00;1.26;5.413;1.122
14.02.2021 18:00;4.509;2.282;1.582
14.02.2021 19:00;5.579;1.323;1.602
14.02.2021 20:00;5.298;4.925;1.242
14.02.2021 21:00;9.294;0;0.901
14.02.2021 22:00;9.294;0;0.501
14.02.2021 23:00;8.759;0;0.381
15.02.2021 00:00;8.759;0;0.16
15.02.2021 01:00;8.759;0;0.08
15.02.2021 02:00;4.759;0;0.02
15.02.2021 03:00;2.359;0;0.02
15.02.2021 04:00;1.559;0;0.04
15.02.2021 05:00;1.294;0;0.761
15.02.2021 06:00;4.471;4.99;2.003
15.02.2021 07:00;1.26;7.688;1.622
15.02.2021 08:00;0.725;8.112;1.342
15.02.2021 09:00;0.725;7.682;1.022
15.02.2021 10:00;0.725;7.15;0.901
15.02.2021 11:00;0.725;6.681;0.841
15.02.2021 12:00;4.509;2.462;1.262
15.02.2021 13:00;1.26;5.19;1.122
15.02.2021 14:00;0.725;5.986;0.641
15.02.2021 15:00;0.724;5.87;0.561
15.02.2021 16:00;0.725;5.962;0.641
15.02.2021 17:00;1.26;5.526;1.122
15.02.2021 18:00;4.509;2.586;1.582
15.02.2021 19:00;5.58;1.658;1.602
15.02.2021 20:00;5.298;5.412;1.242
15.02.2021 21:00;9.295;0;0.901
15.02.2021 22:00;9.294;0;0.501
15.02.2021 23:00;8.759;0;0.381
16.02.2021 00:00;8.759;0;0.16
16.02.2021 01:00;8.759;0;0.08
16.02.2021 02:00;4.758;0;0.02
16.02.2021 03:00;2.359;0;0.02
16.02.2021 04:00;1.559;0;0.04
16.02.2021 05:00;1.294;0;0.761
16.02.2021 06:00;4.471;4.522;2.003
16.02.2021 07:00;1.26;7.269;1.622
16.02.2021 08:00;0.725;7.845;1.342
16.02.2021 09:00;0.725;7.521;1.022
16.02.2021 10:00;0.725;7.213;0.901
16.02.2021 11:00;0.725;6.872;0.841
16.02.2021 12:00;4.509;2.617;1.262
16.02.2021 13:00;1.26;5.434;1.122
16.02.2021 14:00;0.725;6.028;0.641
16.02.2021 15:00;0.724;5.79;0.561
16.02.2021 16:00;0.725;5.579;0.641
16.02.2021 17:00;1.26;4.574;1.122
16.02.2021 18:00;4.509;1.316;1.582
16.02.2021 19:00;5.579;0.309;1.602
16.02.2021 20:00;5.297;3.818;1.242
16.02.2021 21:00;9.293;0;0.901
16.02.2021 22:00;9.293;0;0.501
16.02.2021 23:00;8.758;0;0.381
17.02.2021 00:00;8.757;0;0.16
17.02.2021 01:00;8.758;0;0.08
17.02.2021 02:00;4.758;0;0.02
17.02.2021 03:00;2.357;0;0.02
17.02.2021 04:00;1.557;0;0.04
17.02.2021 05:00;1.293;0;0.761
17.02.2021 06:00;4.471;2.544;2.003
17.02.2021 07:00;1.26;5.339;1.622
17.02.2021 08:00;0.725;5.863;1.342
17.02.2021 09:00;0.725;5.611;1.022
17.02.2021 10:00;0.725;5.273;0.901
17.02.2021 11:00;0.725;4.914;0.841
17.02.2021 12:00;4.508;0.504;1.262
17.02.2021 13:00;1.26;2.992;1.122
17.02.2021 14:00;0.725;3.95;0.641
17.02.2021 15:00;0.724;4.521;0.561
17.02.2021 16:00;0.725;3.846;0.641
17.02.2021 17:00;1.26;3.065;1.122
17.02.2021 18:00;4.509;0.555;1.582
17.02.2021 19:00;5.524;0;1.602
17.02.2021 20:00;5.297;3.493;1.242
17.02.2021 21:00;9.293;0;0.901
17.02.2021 22:00;9.293;0;0.501
17.02.2021 23:00;8.758;0;0.381
18.02.2021 00:00;4.758;0;0.154
18.02.2021 01:00;4.758;0;0.172
18.02.2021 02:00;2.358;0;0.103
18.02.2021 03:00;1.558;0;0.034
18.02.2021 04:00;1.158;0;0.034
18.02.2021 05:00;1.293;0;0.206
18.02.2021 06:00;4.471;2.947;0.566
18.02.2021 07:00;1.26;5.682;0.961
18.02.2021 08:00;0.725;6.087;1.562
18.02.2021 09:00;0.725;5.938;1.545
18.02.2021 10:00;0.725;5.634;1.39
18.02.2021 11:00;4.725;4.827;1.493
18.02.2021 12:00;8.508;0.365;1.51
18.02.2021 13:00;5.26;2.794;1.201
18.02.2021 14:00;0.725;3.456;0.961
18.02.2021 15:00;0.725;3.3;0.755
18.02.2021 16:00;0.725;3.252;0.961
18.02.2021 17:00;1.26;2.515;1.236
18.02.2021 18:00;4.453;0;1.716
18.02.2021 19:00;5.523;0;1.356
18.02.2021 20:00;5.297;2.711;0.755
18.02.2021 21:00;5.294;0;0.738
18.02.2021 22:00;9.294;0;0.601
18.02.2021 23:00;4.758;0;0.36
19.02.2021 00:00;4.758;0;0.208
19.02.2021 01:00;4.758;0;0.152
19.02.2021 02:00;4.758;0;0.114
19.02.2021 03:00;4.758;0;0.038
19.02.2021 04:00;4.758;0;0.038
19.02.2021 05:00;1.294;0;0.114
19.02.2021 06:00;4.471;3.524;0.379
19.02.2021 07:00;1.26;6.456;0.777
19.02.2021 08:00;0.725;6.937;1.232
19.02.2021 09:00;0.725;6.439;1.63
19.02.2021 10:00;0.725;5.913;1.8
19.02.2021 11:00;4.725;5.481;1.895
19.02.2021 12:00;8.509;1.203;1.63
19.02.2021 13:00;5.26;4.357;1.402
19.02.2021 14:00;4.725;5.232;1.099
19.02.2021 15:00;4.725;5.245;0.966
19.02.2021 16:00;0.724;4.907;0.55
19.02.2021 17:00;1.26;4.473;1.042
19.02.2021 18:00;4.509;1.641;1.364
19.02.2021 19:00;5.579;1.071;1.478
19.02.2021 20:00;9.298;4.832;0.758
19.02.2021 21:00;9.294;0;0.701
19.02.2021 22:00;9.294;0;0.644
19.02.2021 23:00;8.759;0;0.36
20.02.2021 00:00;8.759;0;0.16
20.02.2021 01:00;8.759;0;0.08
20.02.2021 02:00;4.759;0;0.02
20.02.2021 03:00;2.358;0;0.02
20.02.2021 04:00;1.558;0;0.04
20.02.2021 05:00;1.294;0;0.761
20.02.2021 06:00;4.471;4.166;2.003
20.02.2021 07:00;1.26;6.969;1.622
20.02.2021 08:00;0.725;7.438;1.342
20.02.2021 09:00;0.725;7.182;1.022
20.02.2021 10:00;0.725;6.634;0.901
20.02.2021 11:00;0.725;5.884;0.841
20.02.2021 12:00;4.509;1.467;1.262
20.02.2021 13:00;1.26;4.275;1.122
20.02.2021 14:00;0.725;5.369;0.641
20.02.2021 15:00;0.724;4.737;0.561
20.02.2021 16:00;0.725;5.19;0.641
20.02.2021 17:00;1.26;4.003;1.122
20.02.2021 18:00;4.509;0.895;1.582
20.02.2021 19:00;5.524;0;1.602
20.02.2021 20:00;5.297;3.517;1.242
20.02.2021 21:00;9.294;0;0.901
20.02.2021 22:00;9.293;0;0.501
20.02.2021 23:00;8.758;0;0.381
21.02.2021 00:00;8.758;0;0.16
21.02.2021 01:00;8.758;0;0.08
21.02.2021 02:00;4.758;0;0.02
21.02.2021 03:00;2.358;0;0.02
21.02.2021 04:00;1.558;0;0.04
21.02.2021 05:00;1.293;0;0.761
21.02.2021 06:00;4.471;3.044;2.003
21.02.2021 07:00;1.26;6.272;1.622
21.02.2021 08:00;0.725;6.885;1.342
21.02.2021 09:00;0.725;6.638;1.022
21.02.2021 10:00;0.725;6.274;0.901
21.02.2021 11:00;0.725;6.078;0.841
21.02.2021 12:00;4.509;1.898;1.262
21.02.2021 13:00;1.26;4.924;1.122
21.02.2021 14:00;0.725;5.689;0.641
21.02.2021 15:00;0.724;5.624;0.561
21.02.2021 16:00;0.725;5.653;0.641
21.02.2021 17:00;1.26;4.772;1.122
21.02.2021 18:00;4.509;1.672;1.582
21.02.2021 19:00;5.579;0.716;1.602
21.02.2021 20:00;5.298;4.338;1.242
21.02.2021 21:00;9.294;0;0.901
21.02.2021 22:00;9.294;0;0.501
21.02.2021 23:00;8.759;0;0.381
22.02.2021 00:00;8.759;0;0.16
22.02.2021 01:00;8.759;0;0.08
22.02.2021 02:00;4.759;0;0.02
22.02.2021 03:00;2.359;0;0.02
22.02.2021 04:00;1.559;0;0.04
22.02.2021 05:00;1.294;0;0.761
22.02.2021 06:00;4.471;4.25;2.003
22.02.2021 07:00;1.26;7.039;1.622
22.02.2021 08:00;0.725;7.456;1.342
22.02.2021 09:00;0.725;6.953;1.022
22.02.2021 10:00;0.725;6.493;0.901
22.02.2021 11:00;0.725;5.875;0.841
22.02.2021 12:00;4.509;1.5;1.262
22.02.2021 13:00;1.26;4.347;1.122
22.02.2021 14:00;0.725;5.485;0.641
22.02.2021 15:00;0.724;5.397;0.561
22.02.2021 16:00;0.725;5.003;0.641
22.02.2021 17:00;1.26;4.211;1.122
22.02.2021 18:00;4.509;1.112;1.582
22.02.2021 19:00;5.579;0.167;1.602
22.02.2021 20:00;5.297;3.876;1.242
22.02.2021 21:00;9.294;0;0.901
22.02.2021 22:00;9.293;0;0.501
22.02.2021 23:00;8.758;0;0.381
23.02.2021 00:00;8.758;0;0.16
23.02.2021 01:00;8.758;0;0.08
23.02.2021 02:00;4.758;0;0.02
23.02.2021 03:00;2.358;0;0.02
23.02.2021 04:00;1.558;0;0.04
23.02.2021 05:00;1.294;0;0.761
23.02.2021 06:00;4.471;3.699;2.003
23.02.2021 07:00;1.26;6.637;1.622
23.02.2021 08:00;0.725;7.015;1.342
23.02.2021 09:00;0.725;6.584;1.022
23.02.2021 10:00;0.725;5.947;0.901
23.02.2021 11:00;0.725;5.369;0.841
23.02.2021 12:00;4.509;1.105;1.262
23.02.2021 13:00;1.26;3.851;1.122
23.02.2021 14:00;0.725;4.491;0.641
23.02.2021 15:00;0.724;4.39;0.561
23.02.2021 16:00;0.725;4.65;0.641
23.02.2021 17:00;1.26;4.161;1.122
23.02.2021 18:00;4.509;1.486;1.582
23.02.2021 19:00;5.579;0.532;1.602
23.02.2021 20:00;5.298;4.483;1.242
23.02.2021 21:00;9.294;0;0.901
23.02.2021 22:00;9.294;0;0.501
23.02.2021 23:00;8.759;0;0.381
24.02.2021 00:00;8.759;0;0.16
24.02.2021 01:00;8.759;0;0.08
24.02.2021 02:00;4.759;0;0.02
24.02.2021 03:00;2.359;0;0.02
24.02.2021 04:00;1.559;0;0.04
24.02.2021 05:00;1.294;0;0.761
24.02.2021 06:00;4.471;5.126;2.003
24.02.2021 07:00;1.26;7.92;1.622
24.02.2021 08:00;0.725;8.054;1.342
24.02.2021 09:00;0.725;7.288;1.022
24.02.2021 10:00;0.725;6.898;0.901
24.02.2021 11:00;0.725;5.782;0.841
24.02.2021 12:00;4.509;1.882;1.262
24.02.2021 13:00;1.26;4.758;1.122
24.02.2021 14:00;0.725;5.306;0.641
24.02.2021 15:00;0.724;5.195;0.561
24.02.2021 16:00;0.725;5.225;0.641
24.02.2021 17:00;1.26;4.361;1.122
24.02.2021 18:00;4.509;1.197;1.582
24.02.2021 19:00;5.579;0.255;1.602
24.02.2021 20:00;5.297;3.976;1.242
24.02.2021 21:00;9.293;0;0.901
24.02.2021 22:00;9.293;0;0.501
24.02.2021 23:00;8.758;0;0.381
25.02.2021 00:00;4.758;0;0.154
25.02.2021 01:00;4.758;0;0.172
25.02.2021 02:00;2.358;0;0.103
25.02.2021 03:00;1.559;0;0.034
25.02.2021 04:00;1.159;0;0.034
25.02.2021 05:00;1.294;0;0.206
25.02.2021 06:00;4.471;4.849;0.566
25.02.2021 07:00;1.26;7.86;0.961
25.02.2021 08:00;0.725;8.026;1.562
25.02.2021 09:00;0.725;7.322;1.545
25.02.2021 10:00;0.725;6.812;1.39
25.02.2021 11:00;4.725;6.36;1.493
25.02.2021 12:00;8.509;1.975;1.51
25.02.2021 13:00;5.26;4.768;1.201
25.02.2021 14:00;0.725;5.505;0.961
25.02.2021 15:00;0.725;5.441;0.755
25.02.2021 16:00;0.725;5.479;0.961
25.02.2021 17:00;1.26;4.852;1.236
25.02.2021 18:00;4.509;2.061;1.716
25.02.2021 19:00;5.579;1.275;1.356
25.02.2021 20:00;5.298;4.92;0.755
25.02.2021 21:00;5.294;0;0.738
25.02.2021 22:00;9.294;0;0.601
25.02.2021 23:00;4.759;0;0.36
26.02.2021 00:00;4.759;0;0.208
26.02.2021 01:00;4.759;0;0.152
26.02.2021 02:00;4.759;0;0.114
26.02.2021 03:00;4.759;0;0.038
26.02.2021 04:00;4.759;0;0.038
26.02.2021 05:00;1.294;0;0.114
26.02.2021 06:00;4.471;5.543;0.379
26.02.2021 07:00;1.26;8.313;0.777
26.02.2021 08:00;0.725;8.722;1.232
26.02.2021 09:00;0.725;8.116;1.63
26.02.2021 10:00;0.725;7.517;1.8
26.02.2021 11:00;4.725;6.904;1.895
26.02.2021 12:00;8.509;2.401;1.63
26.02.2021 13:00;5.26;5.059;1.402
26.02.2021 14:00;4.725;5.766;1.099
26.02.2021 15:00;4.725;5.705;0.966
26.02.2021 16:00;0.724;5.765;0.55
26.02.2021 17:00;1.26;5.149;1.042
26.02.2021 18:00;4.509;2.258;1.364
26.02.2021 19:00;5.579;1.467;1.478
26.02.2021 20:00;9.298;5.147;0.758
26.02.2021 21:00;9.294;0;0.701
26.02.2021 22:00;9.294;0;0.644
26.02.2021 23:00;8.759;0;0.36
27.02.2021 00:00;8.759;0;0.16
27.02.2021 01:00;8.759;0;0.08
27.02.2021 02:00;4.759;0;0.02
27.02.2021 03:00;2.36;0;0.02
27.02.2021 04:00;1.56;0;0.04
27.02.2021 05:00;1.296;0;0.761
27.02.2021 06:00;4.471;8.084;2.003
27.02.2021 07:00;1.26;10.734;1.622
27.02.2021 08:00;0.725;10.804;1.342
27.02.2021 09:00;0.725;9.152;1.022
27.02.2021 10:00;0.725;8.483;0.901
27.02.2021 11:00;0.725;7.631;0.841
27.02.2021 12:00;4.509;3.058;1.262
27.02.2021 13:00;1.26;5.644;1.122
27.02.2021 14:00;0.725;6.253;0.641
27.02.2021 15:00;0.724;6.132;0.561
27.02.2021 16:00;0.725;6.078;0.641
27.02.2021 17:00;1.26;5.435;1.122
27.02.2021 18:00;4.509;2.698;1.582
27.02.2021 19:00;5.58;1.88;1.602
27.02.2021 20:00;5.298;5.668;1.242
27.02.2021 21:00;9.295;0;0.901
27.02.2021 22:00;9.294;0;0.501
27.02.2021 23:00;8.759;0;0.381
28.02.2021 00:00;8.759;0;0.16
28.02.2021 01:00;8.76;0;0.08
28.02.2021 02:00;4.76;0;0.02
28.02.2021 03:00;2.36;0;0.02
28.02.2021 04:00;1.561;0;0.04
28.02.2021 05:00;1.296;0;0.761
28.02.2021 06:00;4.471;8.635;2.003
28.02.2021 07:00;1.26;11.102;1.622
28.02.2021 08:00;0.725;10.367;1.342
28.02.2021 09:00;0.725;9.488;1.022
28.02.2021 10:00;0.725;8.487;0.901
28.02.2021 11:00;0.725;7.441;0.841
28.02.2021 12:00;4.509;2.712;1.262
28.02.2021 13:00;1.26;5.672;1.122
28.02.2021 14:00;0.725;6.293;0.641
28.02.2021 15:00;0.724;5.61;0.561
28.02.2021 16:00;0.725;5.462;0.641
28.02.2021 17:00;1.26;4.972;1.122
28.02.2021 18:00;4.509;2.46;1.582
28.02.2021 19:00;5.579;1.658;1.602
28.02.2021 20:00;5.298;5.418;1.242
28.02.2021 21:00;9.294;0;0.901
28.02.2021 22:00;9.294;0;0.501
28.02.2021 23:00;8.759;0;0.381
01.03.2021 00:00;8.759;0;0.16
01.03.2021 01:00;8.759;0;0.08
01.03.2021 02:00;4.759;0;0.02
01.03.2021 03:00;2.359;0;0.02
01.03.2021 04:00;1.559;0;0.04
01.03.2021 05:00;1.294;0;0.761
01.03.2021 06:00;4.471;5.393;2.003
01.03.2021 07:00;1.26;8.075;1.622
01.03.2021 08:00;0.725;8.449;1.342
01.03.2021 09:00;0.725;7.993;1.022
01.03.2021 10:00;0.725;7.459;0.901
01.03.2021 11:00;0.725;7.042;0.841
01.03.2021 12:00;4.509;2.668;1.262
01.03.2021 13:00;1.26;5.46;1.122
01.03.2021 14:00;0.725;6.093;0.641
01.03.2021 15:00;0.724;5.812;0.561
01.03.2021 16:00;0.725;5.637;0.641
01.03.2021 17:00;1.26;4.561;1.122
01.03.2021 18:00;4.509;1.268;1.582
01.03.2021 19:00;5.579;0.151;1.602
01.03.2021 20:00;5.297;3.573;1.242
01.03.2021 21:00;9.293;0;0.901
01.03.2021 22:00;9.293;0;0.501
01.03.2021 23:00;8.758;0;0.381
02.03.2021 00:00;8.758;0;0.16
02.03.2021 01:00;8.758;0;0.08
02.03.2021 02:00;4.757;0;0.02
02.03.2021 03:00;2.357;0;0.02
02.03.2021 04:00;1.557;0;0.04
02.03.2021 05:00;1.293;0;0.761
02.03.2021 06:00;4.471;2.319;2.003
02.03.2021 07:00;1.26;5.158;1.622
02.03.2021 08:00;0.725;5.849;1.342
02.03.2021 09:00;0.725;5.508;1.022
02.03.2021 10:00;0.725;5.749;0.901
02.03.2021 11:00;0.725;5.044;0.841
02.03.2021 12:00;4.509;0.989;1.262
02.03.2021 13:00;1.26;3.76;1.122
02.03.2021 14:00;0.725;4.569;0.641
02.03.2021 15:00;0.724;4.944;0.561
02.03.2021 16:00;0.725;4.514;0.641
02.03.2021 17:00;1.26;3.915;1.122
02.03.2021 18:00;4.509;1.015;1.582
02.03.2021 19:00;5.579;0.159;1.602
02.03.2021 20:00;5.298;3.883;1.242
02.03.2021 21:00;9.294;0;0.901
02.03.2021 22:00;9.294;0;0.501
02.03.2021 23:00;8.759;0;0.381
03.03.2021 00:00;8.759;0;0.16
03.03.2021 01:00;8.759;0;0.08
03.03.2021 02:00;4.759;0;0.02
03.03.2021 03:00;2.359;0;0.02
03.03.2021 04:00;1.559;0;0.04
03.03.2021 05:00;1.294;0;0.761
03.03.2021 06:00;4.471;5.029;2.003
03.03.2021 07:00;1.26;7.612;1.622
03.03.2021 08:00;0.725;7.907;1.342
03.03.2021 09:00;0.725;6.896;1.022
03.03.2021 10:00;0.725;6.316;0.901
03.03.2021 11:00;0.725;5.758;0.841
03.03.2021 12:00;4.509;1.317;1.262
03.03.2021 13:00;1.26;4.557;1.122
03.03.2021 14:00;0.725;5.24;0.641
03.03.2021 15:00;0.724;5.047;0.561
03.03.2021 16:00;0.725;5.075;0.641
03.03.2021 17:00;1.26;3.88;1.122
03.03.2021 18:00;4.509;1.003;1.582
03.03.2021 19:00;5.579;0.116;1.602
03.03.2021 20:00;5.297;3.836;1.242
03.03.2021 21:00;9.294;0;0.901
03.03.2021 22:00;9.293;0;0.501
03.03.2021 23:00;8.758;0;0.381
04.03.2021 00:00;4.758;0;0.154
04.03.2021 01:00;4.758;0;0.172
04.03.2021 02:00;2.358;0;0.103
04.03.2021 03:00;1.559;0;0.034
04.03.2021 04:00;1.159;0;0.034
04.03.2021 05:00;1.294;0;0.206
04.03.2021 06:00;4.471;4.456;0.566
04.03.2021 07:00;1.26;7.259;0.961
04.03.2021 08:00;0.725;7.732;1.562
04.03.2021 09:00;0.725;7.404;1.545
04.03.2021 10:00;0.725;6.963;1.39
04.03.2021 11:00;4.725;6.487;1.493
04.03.2021 12:00;8.509;2.099;1.51
04.03.2021 13:00;5.26;5.114;1.201
04.03.2021 14:00;0.725;5.923;0.961
04.03.2021 15:00;0.725;5.975;0.755
04.03.2021 16:00;0.725;5.796;0.961
04.03.2021 17:00;1.26;5.177;1.236
04.03.2021 18:00;4.509;2.271;1.716
04.03.2021 19:00;5.579;1.429;1.356
04.03.2021 20:00;5.298;5.469;0.755
04.03.2021 21:00;5.295;0;0.738
04.03.2021 22:00;9.294;0;0.601
04.03.2021 23:00;4.759;0;0.36
05.03.2021 00:00;4.759;0;0.208
05.03.2021 01:00;4.759;0;0.152
05.03.2021 02:00;4.759;0;0.114
05.03.2021 03:00;4.759;0;0.038
05.03.2021 04:00;4.759;0;0.038
05.03.2021 05:00;1.294;0;0.114
05.03.2021 06:00;4.471;5.607;0.379
05.03.2021 07:00;1.26;8.307;0.777
05.03.2021 08:00;0.725;8.619;1.232
05.03.2021 09:00;0.725;8.05;1.63
05.03.2021 10:00;0.725;7.511;1.8
05.03.2021 11:00;4.725;6.98;1.895
05.03.2021 12:00;8.509;2.531;1.63
05.03.2021 13:00;5.26;5.278;1.402
05.03.2021 14:00;4.725;5.947;1.099
05.03.2021 15:00;4.725;5.761;0.966
05.03.2021 16:00;0.724;5.692;0.55
05.03.2021 17:00;1.26;5.055;1.042
05.03.2021 18:00;4.509;2.34;1.364
05.03.2021 19:00;5.579;1.525;1.478
05.03.2021 20:00;9.298;5.288;0.758
05.03.2021 21:00;9.295;0;0.701
05.03.2021 22:00;9.295;0;0.644
05.03.2021 23:00;8.759;0;0.36
06.03.2021 00:00;8.759;0;0.16
06.03.2021 01:00;8.759;0;0.08
06.03.2021 02:00;4.759;0;0.02
06.03.2021 03:00;2.359;0;0.02
06.03.2021 04:00;1.559;0;0.04
06.03.2021 05:00;1.295;0;0.761
06.03.2021 06:00;4.471;6.885;2.003
06.03.2021 07:00;1.26;9.39;1.622
06.03.2021 08:00;0.725;9.2;1.342
06.03.2021 09:00;0.725;8.514;1.022
06.03.2021 10:00;0.725;7.734;0.901
06.03.2021 11:00;0.725;6.943;0.841
06.03.2021 12:00;4.509;2.289;1.262
06.03.2021 13:00;1.26;4.895;1.122
06.03.2021 14:00;0.725;5.462;0.641
06.03.2021 15:00;0.724;5.282;0.561
06.03.2021 16:00;0.725;5.185;0.641
06.03.2021 17:00;1.26;4.603;1.122
06.03.2021 18:00;4.509;1.835;1.582
06.03.2021 19:00;5.579;1.168;1.602
06.03.2021 20:00;5.298;4.915;1.242
06.03.2021 21:00;9.294;0;0.901
06.03.2021 22:00;9.294;0;0.501
06.03.2021 23:00;8.759;0;0.381
07.03.2021 00:00;8.759;0;0.16
07.03.2021 01:00;8.759;0;0.08
07.03.2021 02:00;4.759;0;0.02
07.03.2021 03:00;2.36;0;0.02
07.03.2021 04:00;1.56;0;0.04
07.03.2021 05:00;1.295;0;0.761
07.03.2021 06:00;4.471;6.678;2.003
07.03.2021 07:00;1.26;9.298;1.622
07.03.2021 08:00;0.725;9.053;1.342
07.03.2021 09:00;0.725;8.097;1.022
07.03.2021 10:00;0.725;7.258;0.901
07.03.2021 11:00;0.725;6.437;0.841
07.03.2021 12:00;4.509;2.153;1.262
07.03.2021 13:00;1.26;4.609;1.122
07.03.2021 14:00;0.725;5.145;0.641
07.03.2021 15:00;0.724;5.095;0.561
07.03.2021 16:00;0.725;4.423;0.641
07.03.2021 17:00;1.26;3.851;1.122
07.03.2021 18:00;4.509;1.373;1.582
07.03.2021 19:00;5.579;0.631;1.602
07.03.2021 20:00;5.298;4.556;1.242
07.03.2021 21:00;9.294;0;0.901
07.03.2021 22:00;9.294;0;0.501
07.03.2021 23:00;8.759;0;0.381
08.03.2021 00:00;8.759;0;0.16
08.03.2021 01:00;8.759;0;0.08
08.03.2021 02:00;4.759;0;0.02
08.03.2021 03:00;2.359;0;0.02
08.03.2021 04:00;1.559;0;0.04
08.03.2021 05:00;1.295;0;0.761
08.03.2021 06:00;4.471;5.902;2.003
08.03.2021 07:00;1.26;8.708;1.622
08.03.2021 08:00;0.725;8.513;1.342
08.03.2021 09:00;0.725;7.228;1.022
08.03.2021 10:00;0.725;6.353;0.901
08.03.2021 11:00;0.725;5.958;0.841
08.03.2021 12:00;4.508;1.112;1.262
08.03.2021 13:00;1.26;3.79;1.122
08.03.2021 14:00;0.725;4.378;0.641
08.03.2021 15:00;0.724;4.128;0.561
08.03.2021 16:00;0.725;4.089;0.641
08.03.2021 17:00;1.26;3.889;1.122
08.03.2021 18:00;4.509;0.86;1.582
08.03.2021 19:00;5.579;0.632;1.602
08.03.2021 20:00;5.298;4.438;1.242
08.03.2021 21:00;9.294;0;0.901
08.03.2021 22:00;9.294;0;0.501
08.03.2021 23:00;8.759;0;0.381
09.03.2021 00:00;8.758;0;0.16
09.03.2021 01:00;8.758;0;0.08
09.03.2021 02:00;4.759;0;0.02
09.03.2021 03:00;2.359;0;0.02
09.03.2021 04:00;1.559;0;0.04
09.03.2021 05:00;1.294;0;0.761
09.03.2021 06:00;4.471;5.04;2.003
09.03.2021 07:00;1.26;7.622;1.622
09.03.2021 08:00;0.725;7.167;1.342
09.03.2021 09:00;0.725;6.669;1.022
09.03.2021 10:00;0.725;5.821;0.901
09.03.2021 11:00;0.725;4.963;0.841
09.03.2021 12:00;4.508;0.315;1.262
09.03.2021 13:00;1.26;3.064;1.122
09.03.2021 14:00;0.725;3.795;0.641
09.03.2021 15:00;0.724;3.641;0.561
09.03.2021 16:00;0.725;3.509;0.641
09.03.2021 17:00;1.26;3.113;1.122
09.03.2021 18:00;4.509;0.521;1.582
09.03.2021 19:00;5.579;0.392;1.602
09.03.2021 20:00;5.298;4.27;1.242
09.03.2021 21:00;9.294;0;0.901
09.03.2021 22:00;9.294;0;0.501
09.03.2021 23:00;8.758;0;0.381
10.03.2021 00:00;8.758;0;0.16
10.03.2021 01:00;8.758;0;0.08
10.03.2021 02:00;4.759;0;0.02
10.03.2021 03:00;2.359;0;0.02
10.03.2021 04:00;1.559;0;0.04
10.03.2021 05:00;1.294;0;0.761
10.03.2021 06:00;4.471;5.33;2.003
10.03.2021 07:00;1.26;7.829;1.622
10.03.2021 08:00;0.725;7.548;1.342
10.03.2021 09:00;0.725;6.666;1.022
10.03.2021 10:00;0.725;5.867;0.901
10.03.2021 11:00;0.725;4.997;0.841
10.03.2021 12:00;4.508;0.735;1.262
10.03.2021 13:00;1.26;3.53;1.122
10.03.2021 14:00;0.725;4.398;0.641
10.03.2021 15:00;0.724;4.191;0.561
10.03.2021 16:00;0.725;4.173;0.641
10.03.2021 17:00;1.26;3.667;1.122
10.03.2021 18:00;4.508;0.46;1.582
10.03.2021 19:00;5.524;0;1.602
10.03.2021 20:00;5.297;3.798;1.242
10.03.2021 21:00;9.293;0;0.901
10.03.2021 22:00;9.293;0;0.501
10.03.2021 23:00;8.758;0;0.381
11.03.2021 00:00;4.758;0;0.154
11.03.2021 01:00;4.758;0;0.172
11.03.2021 02:00;2.358;0;0.103
11.03.2021 03:00;1.558;0;0.034
11.03.2021 04:00;1.158;0;0.034
11.03.2021 05:00;1.294;0;0.206
11.03.2021 06:00;4.471;3.742;0.566
11.03.2021 07:00;1.26;6.434;0.961
11.03.2021 08:00;0.725;6.689;1.562
11.03.2021 09:00;0.725;5.995;1.545
11.03.2021 10:00;0.725;5.399;1.39
11.03.2021 11:00;4.725;4.811;1.493
11.03.2021 12:00;8.508;0.45;1.51
11.03.2021 13:00;5.26;3.315;1.201
11.03.2021 14:00;0.725;4;0.961
11.03.2021 15:00;0.725;3.894;0.755
11.03.2021 16:00;0.725;3.995;0.961
11.03.2021 17:00;1.26;3.48;1.236
11.03.2021 18:00;4.509;0.445;1.716
11.03.2021 19:00;5.579;0.269;1.356
11.03.2021 20:00;5.297;3.725;0.755
11.03.2021 21:00;5.294;0;0.738
11.03.2021 22:00;9.294;0;0.601
11.03.2021 23:00;4.758;0;0.36
12.03.2021 00:00;4.758;0;0.208
12.03.2021 01:00;4.759;0;0.152
12.03.2021 02:00;4.759;0;0.114
12.03.2021 03:00;4.759;0;0.038
12.03.2021 04:00;4.759;0;0.038
12.03.2021 05:00;1.294;0;0.114
12.03.2021 06:00;4.471;4.856;0.379
12.03.2021 07:00;1.26;7.565;0.777
12.03.2021 08:00;0.725;7.615;1.232
12.03.2021 09:00;0.725;6.801;1.63
12.03.2021 10:00;0.725;6.138;1.8
12.03.2021 11:00;4.725;5.876;1.895
12.03.2021 12:00;8.509;1.294;1.63
12.03.2021 13:00;5.26;4.142;1.402
12.03.2021 14:00;4.725;4.906;1.099
12.03.2021 15:00;4.725;4.824;0.966
12.03.2021 16:00;0.724;4.848;0.55
12.03.2021 17:00;1.26;3.786;1.042
12.03.2021 18:00;4.509;1.167;1.364
12.03.2021 19:00;5.579;0.442;1.478
12.03.2021 20:00;9.297;4.281;0.758
12.03.2021 21:00;9.294;0;0.701
12.03.2021 22:00;9.294;0;0.644
12.03.2021 23:00;8.759;0;0.36
13.03.2021 00:00;8.759;0;0.16
13.03.2021 01:00;8.759;0;0.08
13.03.2021 02:00;4.759;0;0.02
13.03.2021 03:00;2.359;0;0.02
13.03.2021 04:00;1.559;0;0.04
13.03.2021 05:00;1.295;0;0.761
13.03.2021 06:00;4.471;6.09;2.003
13.03.2021 07:00;1.26;8.877;1.622
13.03.2021 08:00;0.725;8.531;1.342
13.03.2021 09:00;0.725;7.663;1.022
13.03.2021 10:00;0.725;6.55;0.901
13.03.2021 11:00;0.725;6.294;0.841
13.03.2021 12:00;4.509;1.658;1.262
13.03.2021 13:00;1.26;4.318;1.122
13.03.2021 14:00;0.725;4.941;0.641
13.03.2021 15:00;0.724;4.891;0.561
13.03.2021 16:00;0.725;4.922;0.641
13.03.2021 17:00;1.26;4.48;1.122
13.03.2021 18:00;4.509;1.472;1.582
13.03.2021 19:00;5.579;0.884;1.602
13.03.2021 20:00;5.298;4.638;1.242
13.03.2021 21:00;9.294;0;0.901
13.03.2021 22:00;9.294;0;0.501
13.03.2021 23:00;8.759;0;0.381
14.03.2021 00:00;8.759;0;0.16
14.03.2021 01:00;8.758;0;0.08
14.03.2021 02:00;4.758;0;0.02
14.03.2021 03:00;2.359;0;0.02
14.03.2021 04:00;1.559;0;0.04
14.03.2021 05:00;1.294;0;0.761
14.03.2021 06:00;4.471;5.209;2.003
14.03.2021 07:00;1.26;7.93;1.622
14.03.2021 08:00;0.725;8.263;1.342
14.03.2021 09:00;0.725;7.662;1.022
14.03.2021 10:00;0.725;6.927;0.901
14.03.2021 11:00;0.725;6.414;0.841
14.03.2021 12:00;4.509;2.034;1.262
14.03.2021 13:00;1.26;4.776;1.122
14.03.2021 14:00;0.725;5.434;0.641
14.03.2021 15:00;0.724;5.195;0.561
14.03.2021 16:00;0.725;5.12;0.641
14.03.2021 17:00;1.26;4.601;1.122
14.03.2021 18:00;4.509;1.576;1.582
14.03.2021 19:00;5.579;0.777;1.602
14.03.2021 20:00;5.298;4.492;1.242
14.03.2021 21:00;9.294;0;0.901
14.03.2021 22:00;9.294;0;0.501
14.03.2021 23:00;8.759;0;0.381
15.03.2021 00:00;8.759;0;0.16
15.03.2021 01:00;8.759;0;0.08
15.03.2021 02:00;4.759;0;0.02
15.03.2021 03:00;2.359;0;0.02
15.03.2021 04:00;1.559;0;0.04
15.03.2021 05:00;1.295;0;0.761
15.03.2021 06:00;4.471;5.517;2.003
15.03.2021 07:00;1.26;8.257;1.622
15.03.2021 08:00;0.725;8.522;1.342
15.03.2021 09:00;0.725;7.834;1.022
15.03.2021 10:00;0.725;7.151;0.901
15.03.2021 11:00;0.725;6.501;0.841
15.03.2021 12:00;4.509;2.009;1.262
15.03.2021 13:00;1.26;4.775;1.122
15.03.2021 14:00;0.725;5.239;0.641
15.03.2021 15:00;0.724;5.04;0.561
15.03.2021 16:00;0.725;5.008;0.641
15.03.2021 17:00;1.26;4.291;1.122
15.03.2021 18:00;4.509;1.38;1.582
15.03.2021 19:00;5.579;0.558;1.602
15.03.2021 20:00;5.298;4.277;1.242
15.03.2021 21:00;9.294;0;0.901
15.03.2021 22:00;9.294;0;0.501
15.03.2021 23:00;8.758;0;0.381
16.03.2021 00:00;8.758;0;0.16
16.03.2021 01:00;8.758;0;0.08
16.03.2021 02:00;4.758;0;0.02
16.03.2021 03:00;2.358;0;0.02
16.03.2021 04:00;1.558;0;0.04
16.03.2021 05:00;1.294;0;0.761
16.03.2021 06:00;4.471;4.197;2.003
16.03.2021 07:00;1.26;7.163;1.622
16.03.2021 08:00;0.725;7.485;1.342
16.03.2021 09:00;0.725;6.401;1.022
16.03.2021 10:00;0.725;5.66;0.901
16.03.2021 11:00;0.725;4.972;0.841
16.03.2021 12:00;4.508;0.264;1.262
16.03.2021 13:00;1.26;3.319;1.122
16.03.2021 14:00;0.725;3.961;0.641
16.03.2021 15:00;0.724;3.847;0.561
16.03.2021 16:00;0.725;3.911;0.641
16.03.2021 17:00;1.26;3.308;1.122
16.03.2021 18:00;4.509;0.504;1.582
16.03.2021 19:00;5.524;0;1.602
16.03.2021 20:00;5.298;4.325;1.242
16.03.2021 21:00;9.294;0;0.901
16.03.2021 22:00;9.294;0;0.501
16.03.2021 23:00;8.758;0;0.381
17.03.2021 00:00;8.759;0;0.16
17.03.2021 01:00;8.758;0;0.08
17.03.2021 02:00;4.759;0;0.02
17.03.2021 03:00;2.359;0;0.02
17.03.2021 04:00;1.559;0;0.04
17.03.2021 05:00;1.294;0;0.761
17.03.2021 06:00;4.471;4.707;2.003
17.03.2021 07:00;1.26;7.407;1.622
17.03.2021 08:00;0.725;7.382;1.342
17.03.2021 09:00;0.725;6.356;1.022
17.03.2021 10:00;0.725;5.547;0.901
17.03.2021 11:00;0.725;4.594;0.841
17.03.2021 12:00;4.453;0;1.262
17.03.2021 13:00;1.26;2.619;1.122
17.03.2021 14:00;0.725;3.068;0.641
17.03.2021 15:00;0.724;3;0.561
17.03.2021 16:00;0.725;2.961;0.641
17.03.2021 17:00;1.26;2.45;1.122
17.03.2021 18:00;4.453;0;1.582
17.03.2021 19:00;5.579;0.262;1.602
17.03.2021 20:00;5.298;3.977;1.242
17.03.2021 21:00;9.294;0;0.901
17.03.2021 22:00;9.293;0;0.501
17.03.2021 23:00;8.758;0;0.381
18.03.2021 00:00;4.758;0;0.154
18.03.2021 01:00;4.758;0;0.172
18.03.2021 02:00;2.358;0;0.103
18.03.2021 03:00;1.559;0;0.034
18.03.2021 04:00;1.159;0;0.034
18.03.2021 05:00;1.294;0;0.206
18.03.2021 06:00;4.471;4.679;0.566
18.03.2021 07:00;1.26;7.155;0.961
18.03.2021 08:00;0.725;6.782;1.562
18.03.2021 09:00;0.725;5.497;1.545
18.03.2021 10:00;0.725;4.668;1.39
18.03.2021 11:00;4.725;4.042;1.493
18.03.2021 12:00;8.453;0;1.51
18.03.2021 13:00;5.26;2.128;1.201
18.03.2021 14:00;0.725;2.882;0.961
18.03.2021 15:00;0.725;2.697;0.755
18.03.2021 16:00;0.725;2.777;0.961
18.03.2021 17:00;1.26;2.27;1.236
18.03.2021 18:00;4.453;0;1.716
18.03.2021 19:00;5.523;0;1.356
18.03.2021 20:00;5.297;3.318;0.755
18.03.2021 21:00;5.293;0;0.738
18.03.2021 22:00;9.293;0;0.601
18.03.2021 23:00;4.758;0;0.36
19.03.2021 00:00;4.758;0;0.208
19.03.2021 01:00;4.758;0;0.152
19.03.2021 02:00;4.758;0;0.114
19.03.2021 03:00;4.758;0;0.038
19.03.2021 04:00;4.759;0;0.038
19.03.2021 05:00;1.294;0;0.114
19.03.2021 06:00;4.471;4.087;0.379
19.03.2021 07:00;1.26;6.437;0.777
19.03.2021 08:00;0.725;5.987;1.232
19.03.2021 09:00;0.725;5.441;1.63
19.03.2021 10:00;0.725;4.751;1.8
19.03.2021 11:00;4.725;3.943;1.895
19.03.2021 12:00;8.453;0;1.63
19.03.2021 13:00;5.26;2.211;1.402
19.03.2021 14:00;4.725;2.917;1.099
19.03.2021 15:00;4.725;2.824;0.966
19.03.2021 16:00;0.724;2.908;0.55
19.03.2021 17:00;1.26;2.365;1.042
19.03.2021 18:00;4.453;0;1.364
19.03.2021 19:00;5.524;0;1.478
19.03.2021 20:00;9.297;2.933;0.758
19.03.2021 21:00;9.293;0;0.701
19.03.2021 22:00;9.293;0;0.644
19.03.2021 23:00;8.758;0;0.36
20.03.2021 00:00;8.758;0;0.16
20.03.2021 01:00;8.758;0;0.08
20.03.2021 02:00;4.758;0;0.02
20.03.2021 03:00;2.358;0;0.02
20.03.2021 04:00;1.558;0;0.04
20.03.2021 05:00;1.294;0;0.761
20.03.2021 06:00;4.471;3.595;2.003
20.03.2021 07:00;1.26;5.986;1.622
20.03.2021 08:00;0.725;6.146;1.342
20.03.2021 09:00;0.725;5.507;1.022
20.03.2021 10:00;0.725;5.235;0.901
20.03.2021 11:00;0.725;4.316;0.841
20.03.2021 12:00;4.453;0;1.262
20.03.2021 13:00;1.26;2.842;1.122
20.03.2021 14:00;0.725;3.464;0.641
20.03.2021 15:00;0.724;3.375;0.561
20.03.2021 16:00;0.725;3.378;0.641
20.03.2021 17:00;1.26;2.846;1.122
20.03.2021 18:00;4.509;0.36;1.582
20.03.2021 19:00;5.524;0;1.602
20.03.2021 20:00;5.297;3.022;1.242
20.03.2021 21:00;9.293;0;0.901
20.03.2021 22:00;9.293;0;0.501
20.03.2021 23:00;8.758;0;0.381
21.03.2021 00:00;8.758;0;0.16
21.03.2021 01:00;8.758;0;0.08
21.03.2021 02:00;4.758;0;0.02
21.03.2021 03:00;2.358;0;0.02
21.03.2021 04:00;1.558;0;0.04
21.03.2021 05:00;1.293;0;0.761
21.03.2021 06:00;4.471;2.511;2.003
21.03.2021 07:00;1.26;5.195;1.622
21.03.2021 08:00;0.725;5.738;1.342
21.03.2021 09:00;0.725;5.597;1.022
21.03.2021 10:00;0.725;5.17;0.901
21.03.2021 11:00;0.725;5.04;0.841
21.03.2021 12:00;4.509;1.043;1.262
21.03.2021 13:00;1.26;4.145;1.122
21.03.2021 14:00;0.725;4.62;0.641
21.03.2021 15:00;0.724;4.67;0.561
21.03.2021 16:00;0.725;4.799;0.641
21.03.2021 17:00;1.26;4.026;1.122
21.03.2021 18:00;4.509;1.013;1.582
21.03.2021 19:00;5.579;0.216;1.602
21.03.2021 20:00;5.298;3.916;1.242
21.03.2021 21:00;9.294;0;0.901
21.03.2021 22:00;9.294;0;0.501
21.03.2021 23:00;8.758;0;0.381
22.03.2021 00:00;8.758;0;0.16
22.03.2021 01:00;8.758;0;0.08
22.03.2021 02:00;4.758;0;0.02
22.03.2021 03:00;2.359;0;0.02
22.03.2021 04:00;1.559;0;0.04
22.03.2021 05:00;1.294;0;0.761
22.03.2021 06:00;4.471;4.139;2.003
22.03.2021 07:00;1.26;6.897;1.622
22.03.2021 08:00;0.725;7.471;1.342
22.03.2021 09:00;0.725;7.143;1.022
22.03.2021 10:00;0.725;6.818;0.901
22.03.2021 11:00;0.725;6.502;0.841
22.03.2021 12:00;4.509;2.049;1.262
22.03.2021 13:00;1.26;4.569;1.122
22.03.2021 14:00;0.725;5.155;0.641
22.03.2021 15:00;0.724;5.039;0.561
22.03.2021 16:00;0.725;4.94;0.641
22.03.2021 17:00;1.26;4.212;1.122
22.03.2021 18:00;4.509;1.195;1.582
22.03.2021 19:00;5.579;0.437;1.602
22.03.2021 20:00;5.298;4.336;1.242
22.03.2021 21:00;9.294;0;0.901
22.03.2021 22:00;9.294;0;0.501
22.03.2021 23:00;8.759;0;0.381
23.03.2021 00:00;8.759;0;0.16
23.03.2021 01:00;8.758;0;0.08
23.03.2021 02:00;4.758;0;0.02
23.03.2021 03:00;2.359;0;0.02
23.03.2021 04:00;1.559;0;0.04
23.03.2021 05:00;1.294;0;0.761
23.03.2021 06:00;4.471;5.161;2.003
23.03.2021 07:00;1.26;7.544;1.622
23.03.2021 08:00;0.725;7.64;1.342
23.03.2021 09:00;0.725;6.938;1.022
23.03.2021 10:00;0.725;6.225;0.901
23.03.2021 11:00;0.725;5.216;0.841
23.03.2021 12:00;4.508;0.536;1.262
23.03.2021 13:00;1.26;3.161;1.122
23.03.2021 14:00;0.725;3.673;0.641
23.03.2021 15:00;0.724;3.513;0.561
23.03.2021 16:00;0.725;3.438;0.641
23.03.2021 17:00;1.26;3.036;1.122
23.03.2021 18:00;4.508;0.536;1.582
23.03.2021 19:00;5.524;0;1.602
23.03.2021 20:00;5.297;3.902;1.242
23.03.2021 21:00;9.294;0;0.901
23.03.2021 22:00;9.293;0;0.501
23.03.2021 23:00;8.759;0;0.381
24.03.2021 00:00;8.758;0;0.16
24.03.2021 01:00;8.758;0;0.08
24.03.2021 02:00;4.759;0;0.02
24.03.2021 03:00;2.359;0;0.02
24.03.2021 04:00;1.559;0;0.04
24.03.2021 05:00;1.294;0;0.761
24.03.2021 06:00;4.471;4.676;2.003
24.03.2021 07:00;1.26;7.188;1.622
24.03.2021 08:00;0.725;6.936;1.342
24.03.2021 09:00;0.725;5.887;1.022
24.03.2021 10:00;0.725;5.157;0.901
24.03.2021 11:00;0.725;4.363;0.841
24.03.2021 12:00;4.453;0;1.262
24.03.2021 13:00;1.26;2.64;1.122
24.03.2021 14:00;0.725;3.325;0.641
24.03.2021 15:00;0.724;3.154;0.561
24.03.2021 16:00;0.725;3.233;0.641
24.03.2021 17:00;1.26;2.696;1.122
24.03.2021 18:00;4.453;0;1.582
24.03.2021 19:00;5.524;0;1.602
24.03.2021 20:00;5.297;3.153;1.242
24.03.2021 21:00;9.294;0;0.901
24.03.2021 22:00;9.293;0;0.501
24.03.2021 23:00;8.758;0;0.381
25.03.2021 00:00;4.758;0;0.154
25.03.2021 01:00;4.758;0;0.172
25.03.2021 02:00;2.358;0;0.103
25.03.2021 03:00;1.558;0;0.034
25.03.2021 04:00;1.158;0;0.034
25.03.2021 05:00;1.293;0;0.206
25.03.2021 06:00;4.471;3.272;0.566
25.03.2021 07:00;1.26;5.748;0.961
25.03.2021 08:00;0.725;6.292;1.562
25.03.2021 09:00;0.725;6.042;1.545
25.03.2021 10:00;0.725;5.802;1.39
25.03.2021 11:00;4.725;5.62;1.493
25.03.2021 12:00;8.509;1.515;1.51
25.03.2021 13:00;5.26;4.491;1.201
25.03.2021 14:00;0.725;5.62;0.961
25.03.2021 15:00;0.725;5.709;0.755
25.03.2021 16:00;0.725;5.516;0.961
25.03.2021 17:00;1.26;4.639;1.236
25.03.2021 18:00;4.509;1.652;1.716
25.03.2021 19:00;5.579;0.828;1.356
25.03.2021 20:00;5.298;4.61;0.755
25.03.2021 21:00;5.294;0;0.738
25.03.2021 22:00;9.294;0;0.601
25.03.2021 23:00;4.759;0;0.36
26.03.2021 00:00;4.759;0;0.208
26.03.2021 01:00;4.759;0;0.152
26.03.2021 02:00;4.759;0;0.114
26.03.2021 03:00;4.759;0;0.038
26.03.2021 04:00;4.759;0;0.038
26.03.2021 05:00;1.294;0;0.114
26.03.2021 06:00;4.471;4.52;0.379
26.03.2021 07:00;1.26;7.128;0.777
26.03.2021 08:00;0.725;7.574;1.232
26.03.2021 09:00;0.725;7.089;1.63
26.03.2021 10:00;0.725;6.68;1.8
26.03.2021 11:00;4.725;6.288;1.895
26.03.2021 12:00;8.509;2.062;1.63
26.03.2021 13:00;5.26;5.124;1.402
26.03.2021 14:00;4.725;5.618;1.099
26.03.2021 15:00;4.725;5.395;0.966
26.03.2021 16:00;0.724;5.637;0.55
26.03.2021 17:00;1.26;4.38;1.042
26.03.2021 18:00;4.509;1.312;1.364
26.03.2021 19:00;5.579;0.471;1.478
26.03.2021 20:00;9.297;4.127;0.758
26.03.2021 21:00;9.294;0;0.701
26.03.2021 22:00;9.294;0;0.644
26.03.2021 23:00;8.758;0;0.36
27.03.2021 00:00;8.758;0;0.16
27.03.2021 01:00;8.758;0;0.08
27.03.2021 02:00;4.758;0;0.02
27.03.2021 03:00;2.358;0;0.02
27.03.2021 04:00;1.558;0;0.04
27.03.2021 05:00;1.294;0;0.761
27.03.2021 06:00;4.471;3.883;2.003
27.03.2021 07:00;1.26;6.392;1.622
27.03.2021 08:00;0.725;6.614;1.342
27.03.2021 09:00;0.725;6.078;1.022
27.03.2021 10:00;0.725;5.936;0.901
27.03.2021 11:00;0.725;5.331;0.841
27.03.2021 12:00;4.509;1.056;1.262
27.03.2021 13:00;1.26;3.791;1.122
27.03.2021 14:00;0.725;4.53;0.641
27.03.2021 15:00;0.724;4.415;0.561
27.03.2021 16:00;0.725;4.568;0.641
27.03.2021 17:00;1.26;3.731;1.122
27.03.2021 18:00;4.509;0.714;1.582
27.03.2021 19:00;5.579;0.044;1.602
27.03.2021 20:00;5.298;3.966;1.242
27.03.2021 21:00;9.294;0;0.901
27.03.2021 22:00;9.294;0;0.501
27.03.2021 23:00;8.759;0;0.381
28.03.2021 00:00;8.759;0;0.16
28.03.2021 01:00;8.759;0;0.08
28.03.2021 02:00;4.759;0;0.02
28.03.2021 03:00;2.359;0;0.02
28.03.2021 04:00;1.559;0;0.04
28.03.2021 05:00;1.295;0;0.761
28.03.2021 06:00;4.471;5.53;2.003
28.03.2021 07:00;1.26;7.623;1.622
28.03.2021 08:00;0.725;7.402;1.342
28.03.2021 09:00;0.725;7.005;1.022
28.03.2021 10:00;0.725;6.237;0.901
28.03.2021 11:00;0.725;5.582;0.841
28.03.2021 12:00;4.508;1.065;1.262
28.03.2021 13:00;1.26;4.394;1.122
28.03.2021 14:00;0.725;4.789;0.641
28.03.2021 15:00;0.724;4.691;0.561
28.03.2021 16:00;0.725;5.202;0.641
28.03.2021 17:00;1.26;4.271;1.122
28.03.2021 18:00;4.509;0.877;1.582
28.03.2021 19:00;5.579;0.047;1.602
28.03.2021 20:00;5.297;3.687;1.242
28.03.2021 21:00;9.293;0;0.901
28.03.2021 22:00;9.293;0;0.501
28.03.2021 23:00;8.758;0;0.381
29.03.2021 00:00;8.758;0;0.16
29.03.2021 01:00;8.758;0;0.08
29.03.2021 02:00;4.758;0;0.02
29.03.2021 03:00;2.358;0;0.02
29.03.2021 04:00;1.558;0;0.04
29.03.2021 05:00;1.293;0;0.761
29.03.2021 06:00;4.471;2.686;2.003
29.03.2021 07:00;1.26;5.331;1.622
29.03.2021 08:00;0.725;5.652;1.342
29.03.2021 09:00;0.725;5.79;1.022
29.03.2021 10:00;0.725;5.523;0.901
29.03.2021 11:00;0.725;5.499;0.841
29.03.2021 12:00;4.509;1.441;1.262
29.03.2021 13:00;1.26;4.454;1.122
29.03.2021 14:00;0.725;5.256;0.641
29.03.2021 15:00;0.724;5.188;0.561
29.03.2021 16:00;0.725;4.934;0.641
29.03.2021 17:00;1.26;4.082;1.122
29.03.2021 18:00;4.509;0.904;1.582
29.03.2021 19:00;5.524;0;1.602
29.03.2021 20:00;5.297;3.619;1.242
29.03.2021 21:00;9.293;0;0.901
29.03.2021 22:00;9.293;0;0.501
29.03.2021 23:00;8.758;0;0.381
30.03.2021 00:00;8.758;0;0.16
30.03.2021 01:00;8.758;0;0.08
30.03.2021 02:00;4.758;0;0.02
30.03.2021 03:00;2.358;0;0.02
30.03.2021 04:00;1.558;0;0.04
30.03.2021 05:00;1.293;0;0.761
30.03.2021 06:00;4.471;2.759;2.003
30.03.2021 07:00;1.26;5.582;1.622
30.03.2021 08:00;0.725;6.141;1.342
30.03.2021 09:00;0.725;5.799;1.022
30.03.2021 10:00;0.725;5.44;0.901
30.03.2021 11:00;0.725;5.004;0.841
30.03.2021 12:00;4.508;0.568;1.262
30.03.2021 13:00;1.26;3.588;1.122
30.03.2021 14:00;0.725;4.381;0.641
30.03.2021 15:00;0.724;4.35;0.561
30.03.2021 16:00;0.725;4.238;0.641
30.03.2021 17:00;1.26;3.37;1.122
30.03.2021 18:00;4.509;0.262;1.582
30.03.2021 19:00;5.524;0;1.602
30.03.2021 20:00;5.297;3.269;1.242
30.03.2021 21:00;9.293;0;0.901
30.03.2021 22:00;9.293;0;0.501
30.03.2021 23:00;8.758;0;0.381
31.03.2021 00:00;8.758;0;0.16
31.03.2021 01:00;8.758;0;0.08
31.03.2021 02:00;4.758;0;0.02
31.03.2021 03:00;2.357;0;0.02
31.03.2021 04:00;1.558;0;0.04
31.03.2021 05:00;1.293;0;0.761
31.03.2021 06:00;4.471;1.575;2.003
31.03.2021 07:00;1.26;4.229;1.622
31.03.2021 08:00;0.725;4.737;1.342
31.03.2021 09:00;0.725;4.397;1.022
31.03.2021 10:00;0.725;4.301;0.901
31.03.2021 11:00;0.725;4.332;0.841
31.03.2021 12:00;4.508;0.044;1.262
31.03.2021 13:00;1.26;2.949;1.122
31.03.2021 14:00;0.725;3.495;0.641
31.03.2021 15:00;0.724;4.181;0.561
31.03.2021 16:00;0.725;4.167;0.641
31.03.2021 17:00;1.26;3.019;1.122
31.03.2021 18:00;4.509;0.42;1.582
31.03.2021 19:00;5.524;0;1.602
31.03.2021 20:00;5.297;3.227;1.242
31.03.2021 21:00;9.293;0;0.901
31.03.2021 22:00;9.293;0;0.501
31.03.2021 23:00;8.758;0;0.381
01.04.2021 00:00;4.757;0;0.154
01.04.2021 01:00;4.758;0;0.172
01.04.2021 02:00;2.358;0;0.103
01.04.2021 03:00;1.558;0;0.034
01.04.2021 04:00;1.158;0;0.034
01.04.2021 05:00;1.293;0;0.206
01.04.2021 06:00;4.471;2.101;0.566
01.04.2021 07:00;1.26;4.525;0.961
01.04.2021 08:00;0.725;5.09;1.562
01.04.2021 09:00;0.725;4.783;1.545
01.04.2021 10:00;0.725;4.063;1.39
01.04.2021 11:00;4.725;3.804;1.493
01.04.2021 12:00;8.453;0;1.51
01.04.2021 13:00;5.26;2.999;1.201
01.04.2021 14:00;0.725;3.511;0.961
01.04.2021 15:00;0.725;3.548;0.755
01.04.2021 16:00;0.725;3.639;0.961
01.04.2021 17:00;1.26;2.87;1.236
01.04.2021 18:00;4.509;0.157;1.716
01.04.2021 19:00;5.524;0;1.356
01.04.2021 20:00;5.297;3.05;0.755
01.04.2021 21:00;5.293;0;0.738
01.04.2021 22:00;9.294;0;0.601
01.04.2021 23:00;4.758;0;0.36
02.04.2021 00:00;4.758;0;0.208
02.04.2021 01:00;4.758;0;0.152
02.04.2021 02:00;4.758;0;0.114
02.04.2021 03:00;4.758;0;0.038
02.04.2021 04:00;4.758;0;0.038
02.04.2021 05:00;1.293;0;0.114
02.04.2021 06:00;4.471;2.99;0.379
02.04.2021 07:00;1.26;5.587;0.777
02.04.2021 08:00;0.725;6.016;1.232
02.04.2021 09:00;0.725;5.701;1.63
02.04.2021 10:00;0.725;5.155;1.8
02.04.2021 11:00;4.725;4.486;1.895
02.04.2021 12:00;8.508;0.283;1.63
02.04.2021 13:00;5.26;3.078;1.402
02.04.2021 14:00;4.725;3.849;1.099
02.04.2021 15:00;4.725;3.752;0.966
02.04.2021 16:00;0.724;3.765;0.55
02.04.2021 17:00;1.26;2.991;1.042
02.04.2021 18:00;4.508;0.236;1.364
02.04.2021 19:00;5.524;0;1.478
02.04.2021 20:00;9.297;3.231;0.758
02.04.2021 21:00;9.293;0;0.701
02.04.2021 22:00;9.293;0;0.644
02.04.2021 23:00;8.758;0;0.36
03.04.2021 00:00;8.758;0;0.16
03.04.2021 01:00;8.758;0;0.08
03.04.2021 02:00;4.758;0;0.02
03.04.2021 03:00;2.358;0;0.02
03.04.2021 04:00;1.558;0;0.04
03.04.2021 05:00;1.293;0;0.761
03.04.2021 06:00;4.471;2.611;2.003
03.04.2021 07:00;1.26;4.975;1.622
03.04.2021 08:00;0.725;5.075;1.342
03.04.2021 09:00;0.725;4.473;1.022
03.04.2021 10:00;0.725;3.99;0.901
03.04.2021 11:00;0.725;3.298;0.841
03.04.2021 12:00;4.453;0;1.262
03.04.2021 13:00;1.26;1.566;1.122
03.04.2021 14:00;0.725;2.236;0.641
03.04.2021 15:00;0.724;2.08;0.561
03.04.2021 16:00;0.725;2.045;0.641
03.04.2021 17:00;1.26;1.411;1.122
03.04.2021 18:00;4.453;0;1.582
03.04.2021 19:00;5.523;0;1.602
03.04.2021 20:00;5.297;1.864;1.242
03.04.2021 21:00;9.293;0;0.901
03.04.2021 22:00;9.293;0;0.501
03.04.2021 23:00;8.758;0;0.381
04.04.2021 00:00;8.758;0;0.16
04.04.2021 01:00;8.758;0;0.08
04.04.2021 02:00;4.758;0;0.02
04.04.2021 03:00;2.358;0;0.02
04.04.2021 04:00;1.558;0;0.04
04.04.2021 05:00;1.293;0;0.761
04.04.2021 06:00;4.471;1.935;2.003
04.04.2021 07:00;1.26;4.225;1.622
04.04.2021 08:00;0.725;4.443;1.342
04.04.2021 09:00;0.725;4.074;1.022
04.04.2021 10:00;0.725;3.811;0.901
04.04.2021 11:00;0.725;2.948;0.841
04.04.2021 12:00;4.453;0;1.262
04.04.2021 13:00;1.26;1.63;1.122
04.04.2021 14:00;0.725;2.263;0.641
04.04.2021 15:00;0.724;2.455;0.561
04.04.2021 16:00;0.725;2.203;0.641
04.04.2021 17:00;1.26;1.907;1.122
04.04.2021 18:00;4.453;0;1.582
04.04.2021 19:00;5.524;0;1.602
04.04.2021 20:00;5.297;2.402;1.242
04.04.2021 21:00;9.293;0;0.901
04.04.2021 22:00;9.293;0;0.501
04.04.2021 23:00;8.758;0;0.381
05.04.2021 00:00;8.758;0;0.16
05.04.2021 01:00;8.758;0;0.08
05.04.2021 02:00;4.758;0;0.02
05.04.2021 03:00;2.358;0;0.02
05.04.2021 04:00;1.558;0;0.04
05.04.2021 05:00;1.294;0;0.761
05.04.2021 06:00;4.471;2.2;2.003
05.04.2021 07:00;1.26;5.011;1.622
05.04.2021 08:00;0.725;5.346;1.342
05.04.2021 09:00;0.725;4.965;1.022
05.04.2021 10:00;0.725;4.429;0.901
05.04.2021 11:00;0.725;3.9;0.841
05.04.2021 12:00;4.453;0;1.262
05.04.2021 13:00;1.26;2.423;1.122
05.04.2021 14:00;0.725;3.138;0.641
05.04.2021 15:00;0.724;3.342;0.561
05.04.2021 16:00;0.725;3.09;0.641
05.04.2021 17:00;1.26;2.327;1.122
05.04.2021 18:00;4.453;0;1.582
05.04.2021 19:00;5.524;0;1.602
05.04.2021 20:00;5.297;2.772;1.242
05.04.2021 21:00;9.294;0;0.901
05.04.2021 22:00;9.293;0;0.501
05.04.2021 23:00;8.758;0;0.381
06.04.2021 00:00;8.758;0;0.16
06.04.2021 01:00;8.758;0;0.08
06.04.2021 02:00;4.758;0;0.02
06.04.2021 03:00;2.358;0;0.02
06.04.2021 04:00;1.558;0;0.04
06.04.2021 05:00;1.294;0;0.761
06.04.2021 06:00;4.471;3.285;2.003
06.04.2021 07:00;1.26;5.436;1.622
06.04.2021 08:00;0.725;6.171;1.342
06.04.2021 09:00;0.725;5.679;1.022
06.04.2021 10:00;0.725;5.045;0.901
06.04.2021 11:00;0.725;4.513;0.841
06.04.2021 12:00;4.508;0.301;1.262
06.04.2021 13:00;1.26;3.075;1.122
06.04.2021 14:00;0.725;3.691;0.641
06.04.2021 15:00;0.724;3.524;0.561
06.04.2021 16:00;0.725;3.469;0.641
06.04.2021 17:00;1.26;2.796;1.122
06.04.2021 18:00;4.509;0.179;1.582
06.04.2021 19:00;5.524;0;1.602
06.04.2021 20:00;5.298;3.531;1.242
06.04.2021 21:00;9.294;0;0.901
06.04.2021 22:00;9.294;0;0.501
06.04.2021 23:00;8.758;0;0.381
07.04.2021 00:00;8.758;0;0.16
07.04.2021 01:00;8.758;0;0.08
07.04.2021 02:00;4.758;0;0.02
07.04.2021 03:00;2.358;0;0.02
07.04.2021 04:00;1.558;0;0.04
07.04.2021 05:00;1.294;0;0.761
07.04.2021 06:00;4.471;3.69;2.003
07.04.2021 07:00;1.26;6.1;1.622
07.04.2021 08:00;0.725;6.472;1.342
07.04.2021 09:00;0.725;5.561;1.022
07.04.2021 10:00;0.725;4.809;0.901
07.04.2021 11:00;0.725;3.776;0.841
07.04.2021 12:00;4.453;0;1.262
07.04.2021 13:00;1.26;1.741;1.122
07.04.2021 14:00;0.725;2.234;0.641
07.04.2021 15:00;0.724;1.927;0.561
07.04.2021 16:00;0.725;1.789;0.641
07.04.2021 17:00;1.26;1.109;1.122
07.04.2021 18:00;4.453;0;1.582
07.04.2021 19:00;5.523;0;1.602
07.04.2021 20:00;5.297;2.696;1.242
07.04.2021 21:00;9.293;0;0.901
07.04.2021 22:00;9.293;0;0.501
07.04.2021 23:00;8.758;0;0.381
08.04.2021 00:00;4.758;0;0.154
08.04.2021 01:00;4.758;0;0.172
08.04.2021 02:00;2.358;0;0.103
08.04.2021 03:00;1.558;0;0.034
08.04.2021 04:00;1.158;0;0.034
08.04.2021 05:00;1.293;0;0.206
08.04.2021 06:00;4.471;2.451;0.566
08.04.2021 07:00;1.26;4.57;0.961
08.04.2021 08:00;0.725;4.687;1.562
08.04.2021 09:00;0.725;3.971;1.545
08.04.2021 10:00;0.725;3.303;1.39
08.04.2021 11:00;4.725;2.528;1.493
08.04.2021 12:00;8.453;0;1.51
08.04.2021 13:00;5.26;0.393;1.201
08.04.2021 14:00;0.725;1.036;0.961
08.04.2021 15:00;0.725;0.922;0.755
08.04.2021 16:00;0.725;0.821;0.961
08.04.2021 17:00;1.26;0.247;1.236
08.04.2021 18:00;4.453;0;1.716
08.04.2021 19:00;5.523;0;1.356
08.04.2021 20:00;5.297;2.091;0.755
08.04.2021 21:00;5.293;0;0.738
08.04.2021 22:00;9.293;0;0.601
08.04.2021 23:00;4.758;0;0.36
09.04.2021 00:00;4.757;0;0.208
09.04.2021 01:00;4.758;0;0.152
09.04.2021 02:00;4.758;0;0.114
09.04.2021 03:00;4.758;0;0.038
09.04.2021 04:00;4.758;0;0.038
09.04.2021 05:00;1.293;0;0.114
09.04.2021 06:00;4.471;1.932;0.379
09.04.2021 07:00;1.26;3.997;0.777
09.04.2021 08:00;0.725;3.309;1.232
09.04.2021 09:00;0.725;2.692;1.63
09.04.2021 10:00;0.725;2.137;1.8
09.04.2021 11:00;4.725;1.46;1.895
09.04.2021 12:00;8.452;0;1.63
09.04.2021 13:00;5.205;0;1.402
09.04.2021 14:00;4.725;0.245;1.099
09.04.2021 15:00;4.725;0.235;0.966
09.04.2021 16:00;0.724;0.08;0.55
09.04.2021 17:00;1.205;0;1.042
09.04.2021 18:00;4.453;0;1.364
09.04.2021 19:00;5.523;0;1.478
09.04.2021 20:00;9.297;0.81;0.758
09.04.2021 21:00;9.293;0;0.701
09.04.2021 22:00;9.293;0;0.644
09.04.2021 23:00;8.757;0;0.36
10.04.2021 00:00;8.757;0;0.16
10.04.2021 01:00;8.757;0;0.08
10.04.2021 02:00;4.758;0;0.02
10.04.2021 03:00;2.358;0;0.02
10.04.2021 04:00;1.558;0;0.04
10.04.2021 05:00;1.293;0;0.761
10.04.2021 06:00;4.471;0.323;2.003
10.04.2021 07:00;1.26;2.418;1.622
10.04.2021 08:00;0.725;2.555;1.342
10.04.2021 09:00;0.725;1.893;1.022
10.04.2021 10:00;0.725;1.522;0.901
10.04.2021 11:00;0.725;0.966;0.841
10.04.2021 12:00;4.452;0;1.262
10.04.2021 13:00;1.205;0;1.122
10.04.2021 14:00;0.669;0;0.641
10.04.2021 15:00;0.669;0;0.561
10.04.2021 16:00;0.725;0.365;0.641
10.04.2021 17:00;1.26;0.164;1.122
10.04.2021 18:00;4.453;0;1.582
10.04.2021 19:00;5.523;0;1.602
10.04.2021 20:00;5.297;1.076;1.242
10.04.2021 21:00;9.293;0;0.901
10.04.2021 22:00;9.293;0;0.501
10.04.2021 23:00;8.758;0;0.381
11.04.2021 00:00;8.757;0;0.16
11.04.2021 01:00;8.757;0;0.08
11.04.2021 02:00;4.757;0;0.02
11.04.2021 03:00;2.358;0;0.02
11.04.2021 04:00;1.558;0;0.04
11.04.2021 05:00;1.293;0;0.761
11.04.2021 06:00;4.471;0.579;2.003
11.04.2021 07:00;1.26;3.215;1.622
11.04.2021 08:00;0.725;4.16;1.342
11.04.2021 09:00;0.725;3.952;1.022
11.04.2021 10:00;0.725;3.396;0.901
11.04.2021 11:00;0.725;2.984;0.841
11.04.2021 12:00;4.453;0;1.262
11.04.2021 13:00;1.26;1.633;1.122
11.04.2021 14:00;0.725;2.159;0.641
11.04.2021 15:00;0.724;2.13;0.561
11.04.2021 16:00;0.725;2.161;0.641
11.04.2021 17:00;1.26;1.447;1.122
11.04.2021 18:00;4.453;0;1.582
11.04.2021 19:00;5.524;0;1.602
11.04.2021 20:00;5.297;2.408;1.242
11.04.2021 21:00;9.294;0;0.901
11.04.2021 22:00;9.293;0;0.501
11.04.2021 23:00;8.758;0;0.381
12.04.2021 00:00;8.758;0;0.16
12.04.2021 01:00;8.758;0;0.08
12.04.2021 02:00;4.758;0;0.02
12.04.2021 03:00;2.358;0;0.02
12.04.2021 04:00;1.558;0;0.04
12.04.2021 05:00;1.294;0;0.761
12.04.2021 06:00;4.471;2.678;2.003
12.04.2021 07:00;1.26;4.678;1.622
12.04.2021 08:00;0.725;4.683;1.342
12.04.2021 09:00;0.725;3.997;1.022
12.04.2021 10:00;0.725;3.519;0.901
12.04.2021 11:00;0.725;2.469;0.841
12.04.2021 12:00;4.452;0;1.262
12.04.2021 13:00;1.26;0.555;1.122
12.04.2021 14:00;0.725;1.174;0.641
12.04.2021 15:00;0.724;1.081;0.561
12.04.2021 16:00;0.725;1.096;0.641
12.04.2021 17:00;1.26;0.307;1.122
12.04.2021 18:00;4.453;0;1.582
12.04.2021 19:00;5.523;0;1.602
12.04.2021 20:00;5.297;1.439;1.242
12.04.2021 21:00;9.292;0;0.901
12.04.2021 22:00;9.292;0;0.501
12.04.2021 23:00;8.757;0;0.381
13.04.2021 00:00;8.758;0;0.16
13.04.2021 01:00;8.758;0;0.08
13.04.2021 02:00;4.758;0;0.02
13.04.2021 03:00;2.358;0;0.02
13.04.2021 04:00;1.558;0;0.04
13.04.2021 05:00;1.293;0;0.761
13.04.2021 06:00;4.471;1.78;2.003
13.04.2021 07:00;1.26;3.496;1.622
13.04.2021 08:00;0.725;3.783;1.342
13.04.2021 09:00;0.725;3.18;1.022
13.04.2021 10:00;0.725;2.609;0.901
13.04.2021 11:00;0.725;1.94;0.841
13.04.2021 12:00;4.452;0;1.262
13.04.2021 13:00;1.26;0.281;1.122
13.04.2021 14:00;0.725;0.909;0.641
13.04.2021 15:00;0.724;0.904;0.561
13.04.2021 16:00;0.725;0.97;0.641
13.04.2021 17:00;1.26;0.366;1.122
13.04.2021 18:00;4.453;0;1.582
13.04.2021 19:00;5.523;0;1.602
13.04.2021 20:00;5.297;1.415;1.242
13.04.2021 21:00;9.293;0;0.901
13.04.2021 22:00;9.293;0;0.501
13.04.2021 23:00;8.758;0;0.381
14.04.2021 00:00;8.758;0;0.16
14.04.2021 01:00;8.758;0;0.08
14.04.2021 02:00;4.758;0;0.02
14.04.2021 03:00;2.358;0;0.02
14.04.2021 04:00;1.558;0;0.04
14.04.2021 05:00;1.294;0;0.761
14.04.2021 06:00;4.471;1.806;2.003
14.04.2021 07:00;1.26;3.968;1.622
14.04.2021 08:00;0.725;4.244;1.342
14.04.2021 09:00;0.725;3.63;1.022
14.04.2021 10:00;0.725;3.2;0.901
14.04.2021 11:00;0.725;2.597;0.841
14.04.2021 12:00;4.453;0;1.262
14.04.2021 13:00;1.26;0.581;1.122
14.04.2021 14:00;0.725;1.408;0.641
14.04.2021 15:00;0.724;1.347;0.561
14.04.2021 16:00;0.725;1.334;0.641
14.04.2021 17:00;1.26;0.771;1.122
14.04.2021 18:00;4.453;0;1.582
14.04.2021 19:00;5.524;0;1.602
14.04.2021 20:00;5.297;1.252;1.242
14.04.2021 21:00;9.293;0;0.901
14.04.2021 22:00;9.292;0;0.501
14.04.2021 23:00;8.757;0;0.381
15.04.2021 00:00;4.758;0;0.154
15.04.2021 01:00;4.758;0;0.172
15.04.2021 02:00;2.358;0;0.103
15.04.2021 03:00;1.558;0;0.034
15.04.2021 04:00;1.158;0;0.034
15.04.2021 05:00;1.293;0;0.206
15.04.2021 06:00;4.471;1.406;0.566
15.04.2021 07:00;1.26;3.588;0.961
15.04.2021 08:00;0.725;4.097;1.562
15.04.2021 09:00;0.725;3.777;1.545
15.04.2021 10:00;0.725;3.448;1.39
15.04.2021 11:00;4.725;2.909;1.493
15.04.2021 12:00;8.453;0;1.51
15.04.2021 13:00;5.26;1.928;1.201
15.04.2021 14:00;0.725;2.683;0.961
15.04.2021 15:00;0.725;2.823;0.755
15.04.2021 16:00;0.725;3.042;0.961
15.04.2021 17:00;1.26;2.285;1.236
15.04.2021 18:00;4.453;0;1.716
15.04.2021 19:00;5.524;0;1.356
15.04.2021 20:00;5.297;2.417;0.755
15.04.2021 21:00;5.293;0;0.738
15.04.2021 22:00;9.293;0;0.601
15.04.2021 23:00;4.758;0;0.36
16.04.2021 00:00;4.757;0;0.208
16.04.2021 01:00;4.758;0;0.152
16.04.2021 02:00;4.758;0;0.114
16.04.2021 03:00;4.758;0;0.038
16.04.2021 04:00;4.758;0;0.038
16.04.2021 05:00;1.293;0;0.114
16.04.2021 06:00;4.471;1.996;0.379
16.04.2021 07:00;1.26;4.152;0.777
16.04.2021 08:00;0.725;4.661;1.232
16.04.2021 09:00;0.725;4.374;1.63
16.04.2021 10:00;0.725;4.291;1.8
16.04.2021 11:00;4.725;3.969;1.895
16.04.2021 12:00;8.509;0.08;1.63
16.04.2021 13:00;5.26;3.212;1.402
16.04.2021 14:00;4.725;3.794;1.099
16.04.2021 15:00;4.725;3.71;0.966
16.04.2021 16:00;0.724;3.741;0.55
16.04.2021 17:00;1.26;3.071;1.042
16.04.2021 18:00;4.509;0.294;1.364
16.04.2021 19:00;5.524;0;1.478
16.04.2021 20:00;9.297;3.046;0.758
16.04.2021 21:00;9.293;0;0.701
16.04.2021 22:00;9.293;0;0.644
16.04.2021 23:00;8.758;0;0.36
17.04.2021 00:00;8.758;0;0.16
17.04.2021 01:00;8.758;0;0.08
17.04.2021 02:00;4.758;0;0.02
17.04.2021 03:00;2.358;0;0.02
17.04.2021 04:00;1.558;0;0.04
17.04.2021 05:00;1.294;0;0.761
17.04.2021 06:00;4.471;3.086;2.003
17.04.2021 07:00;1.26;5.31;1.622
17.04.2021 08:00;0.725;5.655;1.342
17.04.2021 09:00;0.725;5.064;1.022
17.04.2021 10:00;0.725;4.445;0.901
17.04.2021 11:00;0.725;4.193;0.841
17.04.2021 12:00;4.453;0;1.262
17.04.2021 13:00;1.26;2.973;1.122
17.04.2021 14:00;0.725;3.746;0.641
17.04.2021 15:00;0.724;3.887;0.561
17.04.2021 16:00;0.725;3.694;0.641
17.04.2021 17:00;1.26;2.984;1.122
17.04.2021 18:00;4.509;0.15;1.582
17.04.2021 19:00;5.524;0;1.602
17.04.2021 20:00;5.297;2.971;1.242
17.04.2021 21:00;9.293;0;0.901
17.04.2021 22:00;9.293;0;0.501
17.04.2021 23:00;8.758;0;0.381
18.04.2021 00:00;8.758;0;0.16
18.04.2021 01:00;8.758;0;0.08
18.04.2021 02:00;4.758;0;0.02
18.04.2021 03:00;2.358;0;0.02
18.04.2021 04:00;1.558;0;0.04
18.04.2021 05:00;1.294;0;0.761
18.04.2021 06:00;4.471;3.191;2.003
18.04.2021 07:00;1.26;5.733;1.622
18.04.2021 08:00;0.725;6.518;1.342
18.04.2021 09:00;0.725;6.047;1.022
18.04.2021 10:00;0.725;5.778;0.901
18.04.2021 11:00;0.725;5.456;0.841
18.04.2021 12:00;4.509;0.878;1.262
18.04.2021 13:00;1.26;3.828;1.122
18.04.2021 14:00;0.725;4.755;0.641
18.04.2021 15:00;0.724;4.486;0.561
18.04.2021 16:00;0.725;4.508;0.641
18.04.2021 17:00;1.26;3.508;1.122
18.04.2021 18:00;4.509;0.998;1.582
18.04.2021 19:00;5.579;0.499;1.602
18.04.2021 20:00;5.298;4.372;1.242
18.04.2021 21:00;9.294;0;0.901
18.04.2021 22:00;9.294;0;0.501
18.04.2021 23:00;8.759;0;0.381
19.04.2021 00:00;8.759;0;0.16
19.04.2021 01:00;8.759;0;0.08
19.04.2021 02:00;4.759;0;0.02
19.04.2021 03:00;2.359;0;0.02
19.04.2021 04:00;1.559;0;0.04
19.04.2021 05:00;1.295;0;0.761
19.04.2021 06:00;4.471;4.847;2.003
19.04.2021 07:00;1.26;7.332;1.622
19.04.2021 08:00;0.725;7.702;1.342
19.04.2021 09:00;0.725;7.183;1.022
19.04.2021 10:00;0.725;6.937;0.901
19.04.2021 11:00;0.725;6.095;0.841
19.04.2021 12:00;4.509;1.774;1.262
19.04.2021 13:00;1.26;4.782;1.122
19.04.2021 14:00;0.725;5.51;0.641
19.04.2021 15:00;0.724;5.443;0.561
19.04.2021 16:00;0.725;5.351;0.641
19.04.2021 17:00;1.26;4.565;1.122
19.04.2021 18:00;4.509;1.863;1.582
19.04.2021 19:00;5.58;1.223;1.602
19.04.2021 20:00;5.298;4.978;1.242
19.04.2021 21:00;9.295;0;0.901
19.04.2021 22:00;9.294;0;0.501
19.04.2021 23:00;8.759;0;0.381
20.04.2021 00:00;8.759;0;0.16
20.04.2021 01:00;8.759;0;0.08
20.04.2021 02:00;4.759;0;0.02
20.04.2021 03:00;2.36;0;0.02
20.04.2021 04:00;1.56;0;0.04
20.04.2021 05:00;1.296;0;0.761
20.04.2021 06:00;4.471;5.956;2.003
20.04.2021 07:00;1.26;8.52;1.622
20.04.2021 08:00;0.725;8.744;1.342
20.04.2021 09:00;0.725;8.016;1.022
20.04.2021 10:00;0.725;7.27;0.901
20.04.2021 11:00;0.725;6.514;0.841
20.04.2021 12:00;4.509;2.313;1.262
20.04.2021 13:00;1.26;5.002;1.122
20.04.2021 14:00;0.725;5.561;0.641
20.04.2021 15:00;0.724;5.273;0.561
20.04.2021 16:00;0.725;4.617;0.641
20.04.2021 17:00;1.26;3.797;1.122
20.04.2021 18:00;4.509;1.191;1.582
20.04.2021 19:00;5.579;0.83;1.602
20.04.2021 20:00;5.298;4.644;1.242
20.04.2021 21:00;9.294;0;0.901
20.04.2021 22:00;9.294;0;0.501
20.04.2021 23:00;8.759;0;0.381
21.04.2021 00:00;8.759;0;0.16
21.04.2021 01:00;8.759;0;0.08
21.04.2021 02:00;4.759;0;0.02
21.04.2021 03:00;2.359;0;0.02
21.04.2021 04:00;1.559;0;0.04
21.04.2021 05:00;1.295;0;0.761
21.04.2021 06:00;4.471;5.33;2.003
21.04.2021 07:00;1.26;7.678;1.622
21.04.2021 08:00;0.725;7.695;1.342
21.04.2021 09:00;0.725;6.694;1.022
21.04.2021 10:00;0.725;6.305;0.901
21.04.2021 11:00;0.725;5.447;0.841
21.04.2021 12:00;4.508;0.695;1.262
21.04.2021 13:00;1.26;3.342;1.122
21.04.2021 14:00;0.725;3.756;0.641
21.04.2021 15:00;0.724;3.374;0.561
21.04.2021 16:00;0.725;3.258;0.641
21.04.2021 17:00;1.26;2.384;1.122
21.04.2021 18:00;4.509;0.3;1.582
21.04.2021 19:00;5.524;0;1.602
21.04.2021 20:00;5.297;3.734;1.242
21.04.2021 21:00;9.294;0;0.901
21.04.2021 22:00;9.293;0;0.501
21.04.2021 23:00;8.758;0;0.381
22.04.2021 00:00;4.758;0;0.154
22.04.2021 01:00;4.758;0;0.172
22.04.2021 02:00;2.358;0;0.103
22.04.2021 03:00;1.559;0;0.034
22.04.2021 04:00;1.159;0;0.034
22.04.2021 05:00;1.294;0;0.206
22.04.2021 06:00;4.471;4.118;0.566
22.04.2021 07:00;1.26;5.724;0.961
22.04.2021 08:00;0.725;5.574;1.562
22.04.2021 09:00;0.725;4.812;1.545
22.04.2021 10:00;0.725;4.251;1.39
22.04.2021 11:00;4.725;3.551;1.493
22.04.2021 12:00;8.453;0;1.51
22.04.2021 13:00;5.26;1.722;1.201
22.04.2021 14:00;0.725;2.365;0.961
22.04.2021 15:00;0.725;2.114;0.755
22.04.2021 16:00;0.725;2.324;0.961
22.04.2021 17:00;1.26;1.756;1.236
22.04.2021 18:00;4.453;0;1.716
22.04.2021 19:00;5.523;0;1.356
22.04.2021 20:00;5.297;2.311;0.755
22.04.2021 21:00;5.293;0;0.738
22.04.2021 22:00;9.293;0;0.601
22.04.2021 23:00;4.758;0;0.36
23.04.2021 00:00;4.758;0;0.208
23.04.2021 01:00;4.758;0;0.152
23.04.2021 02:00;4.758;0;0.114
23.04.2021 03:00;4.758;0;0.038
23.04.2021 04:00;4.758;0;0.038
23.04.2021 05:00;1.293;0;0.114
23.04.2021 06:00;4.471;2.223;0.379
23.04.2021 07:00;1.26;5.135;0.777
23.04.2021 08:00;0.725;5.473;1.232
23.04.2021 09:00;0.725;4.917;1.63
23.04.2021 10:00;0.725;4.212;1.8
23.04.2021 11:00;4.725;3.627;1.895
23.04.2021 12:00;8.453;0;1.63
23.04.2021 13:00;5.26;1.737;1.402
23.04.2021 14:00;4.725;2.329;1.099
23.04.2021 15:00;4.725;2.147;0.966
23.04.2021 16:00;0.724;2.089;0.55
23.04.2021 17:00;1.26;1.33;1.042
23.04.2021 18:00;4.453;0;1.364
23.04.2021 19:00;5.524;0;1.478
23.04.2021 20:00;9.297;2.789;0.758
23.04.2021 21:00;9.293;0;0.701
23.04.2021 22:00;9.294;0;0.644
23.04.2021 23:00;8.758;0;0.36
24.04.2021 00:00;8.758;0;0.16
24.04.2021 01:00;8.758;0;0.08
24.04.2021 02:00;4.758;0;0.02
24.04.2021 03:00;2.358;0;0.02
24.04.2021 04:00;1.558;0;0.04
24.04.2021 05:00;1.294;0;0.761
24.04.2021 06:00;4.471;3.104;2.003
24.04.2021 07:00;1.26;5.021;1.622
24.04.2021 08:00;0.725;5.152;1.342
24.04.2021 09:00;0.725;4.347;1.022
24.04.2021 10:00;0.725;3.882;0.901
24.04.2021 11:00;0.725;3.087;0.841
24.04.2021 12:00;4.453;0;1.262
24.04.2021 13:00;1.26;0.903;1.122
24.04.2021 14:00;0.725;1.388;0.641
24.04.2021 15:00;0.724;1.216;0.561
24.04.2021 16:00;0.725;1.01;0.641
24.04.2021 17:00;1.26;0.265;1.122
24.04.2021 18:00;4.453;0;1.582
24.04.2021 19:00;5.523;0;1.602
24.04.2021 20:00;5.297;0.933;1.242
24.04.2021 21:00;9.292;0;0.901
24.04.2021 22:00;9.292;0;0.501
24.04.2021 23:00;8.757;0;0.381
25.04.2021 00:00;8.757;0;0.16
25.04.2021 01:00;8.757;0;0.08
25.04.2021 02:00;4.757;0;0.02
25.04.2021 03:00;2.357;0;0.02
25.04.2021 04:00;1.557;0;0.04
25.04.2021 05:00;1.293;0;0.761
25.04.2021 06:00;4.471;0.093;2.003
25.04.2021 07:00;1.26;3.231;1.622
25.04.2021 08:00;0.725;3.631;1.342
25.04.2021 09:00;0.725;3.358;1.022
25.04.2021 10:00;0.725;3.432;0.901
25.04.2021 11:00;0.725;2.935;0.841
25.04.2021 12:00;4.453;0;1.262
25.04.2021 13:00;1.26;2.587;1.122
25.04.2021 14:00;0.725;4.089;0.641
25.04.2021 15:00;0.724;3.461;0.561
25.04.2021 16:00;0.725;3.465;0.641
25.04.2021 17:00;1.26;3.183;1.122
25.04.2021 18:00;4.509;0.073;1.582
25.04.2021 19:00;5.524;0;1.602
25.04.2021 20:00;5.297;2.725;1.242
25.04.2021 21:00;9.293;0;0.901
25.04.2021 22:00;9.293;0;0.501
25.04.2021 23:00;8.758;0;0.381
26.04.2021 00:00;8.758;0;0.16
26.04.2021 01:00;8.758;0;0.08
26.04.2021 02:00;4.758;0;0.02
26.04.2021 03:00;2.358;0;0.02
26.04.2021 04:00;1.558;0;0.04
26.04.2021 05:00;1.294;0;0.761
26.04.2021 06:00;4.471;2.384;2.003
26.04.2021 07:00;1.26;5.193;1.622
26.04.2021 08:00;0.725;5.719;1.342
26.04.2021 09:00;0.725;5.586;1.022
26.04.2021 10:00;0.725;5.124;0.901
26.04.2021 11:00;0.725;5.044;0.841
26.04.2021 12:00;4.509;0.912;1.262
26.04.2021 13:00;1.26;3.846;1.122
26.04.2021 14:00;0.725;4.64;0.641
26.04.2021 15:00;0.724;4.55;0.561
26.04.2021 16:00;0.725;4.628;0.641
26.04.2021 17:00;1.26;3.806;1.122
26.04.2021 18:00;4.509;0.819;1.582
26.04.2021 19:00;5.579;0.033;1.602
26.04.2021 20:00;5.298;3.782;1.242
26.04.2021 21:00;9.294;0;0.901
26.04.2021 22:00;9.294;0;0.501
26.04.2021 23:00;8.759;0;0.381
27.04.2021 00:00;8.759;0;0.16
27.04.2021 01:00;8.759;0;0.08
27.04.2021 02:00;4.759;0;0.02
27.04.2021 03:00;2.359;0;0.02
27.04.2021 04:00;1.559;0;0.04
27.04.2021 05:00;1.294;0;0.761
27.04.2021 06:00;4.471;4.107;2.003
27.04.2021 07:00;1.26;6.827;1.622
27.04.2021 08:00;0.725;7.439;1.342
27.04.2021 09:00;0.725;6.992;1.022
27.04.2021 10:00;0.725;6.638;0.901
27.04.2021 11:00;0.725;6.327;0.841
27.04.2021 12:00;4.509;2.057;1.262
27.04.2021 13:00;1.26;4.927;1.122
27.04.2021 14:00;0.725;5.799;0.641
27.04.2021 15:00;0.724;5.637;0.561
27.04.2021 16:00;0.725;5.429;0.641
27.04.2021 17:00;1.26;4.519;1.122
27.04.2021 18:00;4.509;1.65;1.582
27.04.2021 19:00;5.579;0.912;1.602
27.04.2021 20:00;5.298;4.729;1.242
27.04.2021 21:00;9.294;0;0.901
27.04.2021 22:00;9.294;0;0.501
27.04.2021 23:00;8.759;0;0.381
28.04.2021 00:00;8.759;0;0.16
28.04.2021 01:00;8.759;0;0.08
28.04.2021 02:00;4.759;0;0.02
28.04.2021 03:00;2.359;0;0.02
28.04.2021 04:00;1.559;0;0.04
28.04.2021 05:00;1.294;0;0.761
28.04.2021 06:00;4.471;4.6;2.003
28.04.2021 07:00;1.26;7.272;1.622
28.04.2021 08:00;0.725;7.54;1.342
28.04.2021 09:00;0.725;6.894;1.022
28.04.2021 10:00;0.725;6.206;0.901
28.04.2021 11:00;0.725;5.755;0.841
28.04.2021 12:00;4.509;1.23;1.262
28.04.2021 13:00;1.26;4.179;1.122
28.04.2021 14:00;0.725;5.222;0.641
28.04.2021 15:00;0.724;4.509;0.561
28.04.2021 16:00;0.725;4.437;0.641
28.04.2021 17:00;1.26;3.555;1.122
28.04.2021 18:00;4.509;0.794;1.582
28.04.2021 19:00;5.579;0.477;1.602
28.04.2021 20:00;5.298;4.299;1.242
28.04.2021 21:00;9.294;0;0.901
28.04.2021 22:00;9.294;0;0.501
28.04.2021 23:00;8.759;0;0.381
29.04.2021 00:00;4.759;0;0.154
29.04.2021 01:00;4.759;0;0.172
29.04.2021 02:00;2.359;0;0.103
29.04.2021 03:00;1.559;0;0.034
29.04.2021 04:00;1.159;0;0.034
29.04.2021 05:00;1.295;0;0.206
29.04.2021 06:00;4.471;5.165;0.566
29.04.2021 07:00;1.26;7.298;0.961
29.04.2021 08:00;0.725;7.57;1.562
29.04.2021 09:00;0.725;6.714;1.545
29.04.2021 10:00;0.725;6.038;1.39
29.04.2021 11:00;4.725;5.322;1.493
29.04.2021 12:00;8.509;0.703;1.51
29.04.2021 13:00;5.26;3.3;1.201
29.04.2021 14:00;0.725;3.715;0.961
29.04.2021 15:00;0.725;3.346;0.755
29.04.2021 16:00;0.725;3.158;0.961
29.04.2021 17:00;1.26;2.357;1.236
29.04.2021 18:00;4.453;0;1.716
29.04.2021 19:00;5.524;0;1.356
29.04.2021 20:00;5.297;3.454;0.755
29.04.2021 21:00;5.293;0;0.738
29.04.2021 22:00;9.293;0;0.601
29.04.2021 23:00;4.758;0;0.36
30.04.2021 00:00;4.758;0;0.208
30.04.2021 01:00;4.758;0;0.152
30.04.2021 02:00;4.758;0;0.114
30.04.2021 03:00;4.758;0;0.038
30.04.2021 04:00;4.758;0;0.038
30.04.2021 05:00;1.294;0;0.114
30.04.2021 06:00;4.471;2.983;0.379
30.04.2021 07:00;1.26;5.426;0.777
30.04.2021 08:00;0.725;5.494;1.232
30.04.2021 09:00;0.725;4.537;1.63
30.04.2021 10:00;0.725;3.982;1.8
30.04.2021 11:00;4.725;3.436;1.895
30.04.2021 12:00;8.453;0;1.63
30.04.2021 13:00;5.26;1.827;1.402
30.04.2021 14:00;4.725;2.349;1.099
30.04.2021 15:00;4.725;2.318;0.966
30.04.2021 16:00;0.724;2.096;0.55
30.04.2021 17:00;1.26;1.331;1.042
30.04.2021 18:00;4.453;0;1.364
30.04.2021 19:00;5.523;0;1.478
30.04.2021 20:00;9.297;1.615;0.758
30.04.2021 21:00;9.292;0;0.701
30.04.2021 22:00;9.293;0;0.644
30.04.2021 23:00;8.758;0;0.36
01.05.2021 00:00;8.758;0;0.16
01.05.2021 01:00;8.758;0;0.08
01.05.2021 02:00;4.758;0;0.02
01.05.2021 03:00;2.358;0;0.02
01.05.2021 04:00;1.559;0;0.04
01.05.2021 05:00;1.294;0;0.761
01.05.2021 06:00;4.471;2.972;2.003
01.05.2021 07:00;1.26;5.813;1.622
01.05.2021 08:00;0.725;6.392;1.342
01.05.2021 09:00;0.725;6.022;1.022
01.05.2021 10:00;0.725;5.581;0.901
01.05.2021 11:00;0.725;5.443;0.841
01.05.2021 12:00;4.509;0.698;1.262
01.05.2021 13:00;1.26;3.802;1.122
01.05.2021 14:00;0.725;4.357;0.641
01.05.2021 15:00;0.724;4.031;0.561
01.05.2021 16:00;0.725;4.063;0.641
01.05.2021 17:00;1.26;3.054;1.122
01.05.2021 18:00;4.453;0;1.582
01.05.2021 19:00;5.524;0;1.602
01.05.2021 20:00;5.297;3.082;1.242
01.05.2021 21:00;9.294;0;0.901
01.05.2021 22:00;9.293;0;0.501
01.05.2021 23:00;8.758;0;0.381
02.05.2021 00:00;8.758;0;0.16
02.05.2021 01:00;8.758;0;0.08
02.05.2021 02:00;4.758;0;0.02
02.05.2021 03:00;2.358;0;0.02
02.05.2021 04:00;1.558;0;0.04
02.05.2021 05:00;1.294;0;0.761
02.05.2021 06:00;4.471;3.228;2.003
02.05.2021 07:00;1.26;5.708;1.622
02.05.2021 08:00;0.725;6.14;1.342
02.05.2021 09:00;0.725;6.085;1.022
02.05.2021 10:00;0.725;5.42;0.901
02.05.2021 11:00;0.725;4.882;0.841
02.05.2021 12:00;4.508;0.386;1.262
02.05.2021 13:00;1.26;3.562;1.122
02.05.2021 14:00;0.725;4.391;0.641
02.05.2021 15:00;0.724;4.542;0.561
02.05.2021 16:00;0.725;4.409;0.641
02.05.2021 17:00;1.26;3.237;1.122
02.05.2021 18:00;4.509;0.325;1.582
02.05.2021 19:00;5.524;0;1.602
02.05.2021 20:00;5.297;3.447;1.242
02.05.2021 21:00;9.294;0;0.901
02.05.2021 22:00;9.293;0;0.501
02.05.2021 23:00;8.758;0;0.381
03.05.2021 00:00;8.758;0;0.16
03.05.2021 01:00;8.758;0;0.08
03.05.2021 02:00;4.758;0;0.02
03.05.2021 03:00;2.358;0;0.02
03.05.2021 04:00;1.558;0;0.04
03.05.2021 05:00;1.293;0;0.761
03.05.2021 06:00;4.471;2.329;2.003
03.05.2021 07:00;1.26;5.352;1.622
03.05.2021 08:00;0.725;5.266;1.342
03.05.2021 09:00;0.725;5.362;1.022
03.05.2021 10:00;0.725;4.862;0.901
03.05.2021 11:00;0.725;4.417;0.841
03.05.2021 12:00;4.453;0;1.262
03.05.2021 13:00;1.26;2.632;1.122
03.05.2021 14:00;0.725;3.46;0.641
03.05.2021 15:00;0.724;3.033;0.561
03.05.2021 16:00;0.725;3.131;0.641
03.05.2021 17:00;1.26;2.351;1.122
03.05.2021 18:00;4.453;0;1.582
03.05.2021 19:00;5.524;0;1.602
03.05.2021 20:00;5.297;3.157;1.242
03.05.2021 21:00;9.294;0;0.901
03.05.2021 22:00;9.293;0;0.501
03.05.2021 23:00;8.758;0;0.381
04.05.2021 00:00;8.758;0;0.16
04.05.2021 01:00;8.758;0;0.08
04.05.2021 02:00;4.758;0;0.02
04.05.2021 03:00;2.358;0;0.02
04.05.2021 04:00;1.558;0;0.04
04.05.2021 05:00;1.293;0;0.761
04.05.2021 06:00;4.471;2.644;2.003
04.05.2021 07:00;1.26;4.879;1.622
04.05.2021 08:00;0.725;5.468;1.342
04.05.2021 09:00;0.725;5.109;1.022
04.05.2021 10:00;0.725;4.96;0.901
04.05.2021 11:00;0.725;4.952;0.841
04.05.2021 12:00;4.509;0.733;1.262
04.05.2021 13:00;1.26;3.24;1.122
04.05.2021 14:00;0.725;3.615;0.641
04.05.2021 15:00;0.724;3.664;0.561
04.05.2021 16:00;0.725;3.802;0.641
04.05.2021 17:00;1.26;3.091;1.122
04.05.2021 18:00;4.453;0;1.582
04.05.2021 19:00;5.524;0;1.602
04.05.2021 20:00;5.297;3.066;1.242
04.05.2021 21:00;9.293;0;0.901
04.05.2021 22:00;9.293;0;0.501
04.05.2021 23:00;8.758;0;0.381
05.05.2021 00:00;8.758;0;0.16
05.05.2021 01:00;8.758;0;0.08
05.05.2021 02:00;4.758;0;0.02
05.05.2021 03:00;2.358;0;0.02
05.05.2021 04:00;1.558;0;0.04
05.05.2021 05:00;1.294;0;0.761
05.05.2021 06:00;4.471;2.919;2.003
05.05.2021 07:00;1.26;5.169;1.622
05.05.2021 08:00;0.725;5.2;1.342
05.05.2021 09:00;0.725;4.563;1.022
05.05.2021 10:00;0.725;3.963;0.901
05.05.2021 11:00;0.725;3.351;0.841
05.05.2021 12:00;4.453;0;1.262
05.05.2021 13:00;1.26;1.401;1.122
05.05.2021 14:00;0.725;1.954;0.641
05.05.2021 15:00;0.724;1.601;0.561
05.05.2021 16:00;0.725;1.468;0.641
05.05.2021 17:00;1.26;0.735;1.122
05.05.2021 18:00;4.453;0;1.582
05.05.2021 19:00;5.523;0;1.602
05.05.2021 20:00;5.297;1.643;1.242
05.05.2021 21:00;9.293;0;0.901
05.05.2021 22:00;9.293;0;0.501
05.05.2021 23:00;8.758;0;0.381
06.05.2021 00:00;4.757;0;0.154
06.05.2021 01:00;4.758;0;0.172
06.05.2021 02:00;2.357;0;0.103
06.05.2021 03:00;1.557;0;0.034
06.05.2021 04:00;1.157;0;0.034
06.05.2021 05:00;1.293;0;0.206
06.05.2021 06:00;4.471;0.96;0.566
06.05.2021 07:00;1.26;3.241;0.961
06.05.2021 08:00;0.725;3.769;1.562
06.05.2021 09:00;0.725;3.409;1.545
06.05.2021 10:00;0.725;3.35;1.39
06.05.2021 11:00;4.725;3.564;1.493
06.05.2021 12:00;8.453;0;1.51
06.05.2021 13:00;5.26;2.94;1.201
06.05.2021 14:00;0.725;3.817;0.961
06.05.2021 15:00;0.725;3.28;0.755
06.05.2021 16:00;0.725;3.83;0.961
06.05.2021 17:00;1.26;3.004;1.236
06.05.2021 18:00;4.509;0.024;1.716
06.05.2021 19:00;5.524;0;1.356
06.05.2021 20:00;5.297;2.888;0.755
06.05.2021 21:00;5.293;0;0.738
06.05.2021 22:00;9.293;0;0.601
06.05.2021 23:00;4.758;0;0.36
07.05.2021 00:00;4.757;0;0.208
07.05.2021 01:00;4.758;0;0.152
07.05.2021 02:00;4.757;0;0.114
07.05.2021 03:00;4.758;0;0.038
07.05.2021 04:00;4.758;0;0.038
07.05.2021 05:00;1.293;0;0.114
07.05.2021 06:00;4.471;1.817;0.379
07.05.2021 07:00;1.26;4.575;0.777
07.05.2021 08:00;0.725;5.004;1.232
07.05.2021 09:00;0.725;4.892;1.63
07.05.2021 10:00;0.725;4.524;1.8
07.05.2021 11:00;4.725;4.487;1.895
07.05.2021 12:00;8.509;0.354;1.63
07.05.2021 13:00;5.26;3.363;1.402
07.05.2021 14:00;4.725;4.129;1.099
07.05.2021 15:00;4.725;4.158;0.966
07.05.2021 16:00;0.724;4.222;0.55
07.05.2021 17:00;1.26;3.287;1.042
07.05.2021 18:00;4.509;0.179;1.364
07.05.2021 19:00;5.524;0;1.478
07.05.2021 20:00;9.297;3.042;0.758
07.05.2021 21:00;9.293;0;0.701
07.05.2021 22:00;9.293;0;0.644
07.05.2021 23:00;8.758;0;0.36
08.05.2021 00:00;8.757;0;0.16
08.05.2021 01:00;8.758;0;0.08
08.05.2021 02:00;4.758;0;0.02
08.05.2021 03:00;2.358;0;0.02
08.05.2021 04:00;1.558;0;0.04
08.05.2021 05:00;1.294;0;0.761
08.05.2021 06:00;4.471;2.295;2.003
08.05.2021 07:00;1.26;4.862;1.622
08.05.2021 08:00;0.725;5.242;1.342
08.05.2021 09:00;0.725;4.721;1.022
08.05.2021 10:00;0.725;4.395;0.901
08.05.2021 11:00;0.725;4.089;0.841
08.05.2021 12:00;4.508;0.093;1.262
08.05.2021 13:00;1.26;3.14;1.122
08.05.2021 14:00;0.725;3.589;0.641
08.05.2021 15:00;0.724;3.725;0.561
08.05.2021 16:00;0.725;3.819;0.641
08.05.2021 17:00;1.26;3.031;1.122
08.05.2021 18:00;4.509;0.176;1.582
08.05.2021 19:00;5.524;0;1.602
08.05.2021 20:00;5.297;2.619;1.242
08.05.2021 21:00;9.293;0;0.901
08.05.2021 22:00;9.293;0;0.501
08.05.2021 23:00;8.758;0;0.381
09.05.2021 00:00;8.758;0;0.16
09.05.2021 01:00;8.758;0;0.08
09.05.2021 02:00;4.758;0;0.02
09.05.2021 03:00;2.358;0;0.02
09.05.2021 04:00;1.558;0;0.04
09.05.2021 05:00;1.293;0;0.761
09.05.2021 06:00;4.471;1.922;2.003
09.05.2021 07:00;1.26;4.653;1.622
09.05.2021 08:00;0.725;5.091;1.342
09.05.2021 09:00;0.725;4.606;1.022
09.05.2021 10:00;0.725;4.154;0.901
09.05.2021 11:00;0.725;4.252;0.841
09.05.2021 12:00;4.453;0;1.262
09.05.2021 13:00;1.26;2.478;1.122
09.05.2021 14:00;0.725;3.032;0.641
09.05.2021 15:00;0.724;2.795;0.561
09.05.2021 16:00;0.725;2.611;0.641
09.05.2021 17:00;1.26;1.955;1.122
09.05.2021 18:00;4.453;0;1.582
09.05.2021 19:00;5.524;0;1.602
09.05.2021 20:00;5.297;2.508;1.242
09.05.2021 21:00;9.293;0;0.901
09.05.2021 22:00;9.293;0;0.501
09.05.2021 23:00;8.758;0;0.381
10.05.2021 00:00;8.758;0;0.16
10.05.2021 01:00;8.758;0;0.08
10.05.2021 02:00;4.759;0;0.02
10.05.2021 03:00;2.358;0;0.02
10.05.2021 04:00;1.558;0;0.04
10.05.2021 05:00;1.294;0;0.761
10.05.2021 06:00;4.471;2.248;2.003
10.05.2021 07:00;1.26;4.577;1.622
10.05.2021 08:00;0.725;4.651;1.342
10.05.2021 09:00;0.725;3.783;1.022
10.05.2021 10:00;0.725;2.986;0.901
10.05.2021 11:00;0.725;2.26;0.841
10.05.2021 12:00;4.452;0;1.262
10.05.2021 13:00;1.26;0.235;1.122
10.05.2021 14:00;0.725;0.915;0.641
10.05.2021 15:00;0.724;0.779;0.561
10.05.2021 16:00;0.725;0.698;0.641
10.05.2021 17:00;1.26;0.273;1.122
10.05.2021 18:00;4.453;0;1.582
10.05.2021 19:00;5.523;0;1.602
10.05.2021 20:00;5.297;0.899;1.242
10.05.2021 21:00;9.292;0;0.901
10.05.2021 22:00;9.293;0;0.501
10.05.2021 23:00;8.757;0;0.381
11.05.2021 00:00;8.757;0;0.16
11.05.2021 01:00;8.757;0;0.08
11.05.2021 02:00;4.757;0;0.02
11.05.2021 03:00;2.357;0;0.02
11.05.2021 04:00;1.557;0;0.04
11.05.2021 05:00;1.293;0;0.761
11.05.2021 06:00;4.416;0;2.003
11.05.2021 07:00;1.26;2.57;1.622
11.05.2021 08:00;0.725;3.042;1.342
11.05.2021 09:00;0.725;2.596;1.022
11.05.2021 10:00;0.725;2.154;0.901
11.05.2021 11:00;0.725;2.199;0.841
11.05.2021 12:00;4.453;0;1.262
11.05.2021 13:00;1.26;1.046;1.122
11.05.2021 14:00;0.725;1.715;0.641
11.05.2021 15:00;0.724;1.549;0.561
11.05.2021 16:00;0.725;1.748;0.641
11.05.2021 17:00;1.26;1.079;1.122
11.05.2021 18:00;4.453;0;1.582
11.05.2021 19:00;5.524;0;1.602
11.05.2021 20:00;5.297;1.661;1.242
11.05.2021 21:00;9.292;0;0.901
11.05.2021 22:00;9.292;0;0.501
11.05.2021 23:00;8.757;0;0.381
12.05.2021 00:00;8.758;0;0.16
12.05.2021 01:00;8.758;0;0.08
12.05.2021 02:00;4.757;0;0.02
12.05.2021 03:00;2.358;0;0.02
12.05.2021 04:00;1.557;0;0.04
12.05.2021 05:00;1.293;0;0.761
12.05.2021 06:00;4.471;0.102;2.003
12.05.2021 07:00;1.26;2.736;1.622
12.05.2021 08:00;0.725;2.757;1.342
12.05.2021 09:00;0.725;2.872;1.022
12.05.2021 10:00;0.725;2.533;0.901
12.05.2021 11:00;0.725;2.267;0.841
12.05.2021 12:00;4.453;0;1.262
12.05.2021 13:00;1.26;1.511;1.122
12.05.2021 14:00;0.725;2.213;0.641
12.05.2021 15:00;0.724;1.65;0.561
12.05.2021 16:00;0.725;2.066;0.641
12.05.2021 17:00;1.26;0.656;1.122
12.05.2021 18:00;4.453;0;1.582
12.05.2021 19:00;5.524;0;1.602
12.05.2021 20:00;5.297;1.689;1.242
12.05.2021 21:00;9.293;0;0.901
12.05.2021 22:00;9.293;0;0.501
12.05.2021 23:00;8.758;0;0.381
13.05.2021 00:00;4.757;0;0.154
13.05.2021 01:00;4.757;0;0.172
13.05.2021 02:00;2.358;0;0.103
13.05.2021 03:00;1.558;0;0.034
13.05.2021 04:00;1.157;0;0.034
13.05.2021 05:00;1.293;0;0.206
13.05.2021 06:00;4.471;0.33;0.566
13.05.2021 07:00;1.26;2.766;0.961
13.05.2021 08:00;0.725;2.814;1.562
13.05.2021 09:00;0.725;2.251;1.545
13.05.2021 10:00;0.725;1.799;1.39
13.05.2021 11:00;4.725;1.151;1.493
13.05.2021 12:00;8.452;0;1.51
13.05.2021 13:00;5.26;0.239;1.201
13.05.2021 14:00;0.725;0.865;0.961
13.05.2021 15:00;0.725;0.509;0.755
13.05.2021 16:00;0.725;0.814;0.961
13.05.2021 17:00;1.26;0.259;1.236
13.05.2021 18:00;4.453;0;1.716
13.05.2021 19:00;5.523;0;1.356
13.05.2021 20:00;5.297;0.713;0.755
13.05.2021 21:00;5.292;0;0.738
13.05.2021 22:00;9.292;0;0.601
13.05.2021 23:00;4.757;0;0.36
14.05.2021 00:00;4.757;0;0.208
14.05.2021 01:00;4.757;0;0.152
14.05.2021 02:00;4.757;0;0.114
14.05.2021 03:00;4.757;0;0.038
14.05.2021 04:00;4.757;0;0.038
14.05.2021 05:00;1.292;0;0.114
14.05.2021 06:00;4.415;0;0.379
14.05.2021 07:00;1.26;1.616;0.777
14.05.2021 08:00;0.725;2.144;1.232
14.05.2021 09:00;0.725;1.69;1.63
14.05.2021 10:00;0.725;1.304;1.8
14.05.2021 11:00;4.725;1.467;1.895
14.05.2021 12:00;8.453;0;1.63
14.05.2021 13:00;5.205;0;1.402
14.05.2021 14:00;4.725;0.279;1.099
14.05.2021 15:00;4.725;0.319;0.966
14.05.2021 16:00;0.724;0.36;0.55
14.05.2021 17:00;1.205;0;1.042
14.05.2021 18:00;4.453;0;1.364
14.05.2021 19:00;5.523;0;1.478
14.05.2021 20:00;9.297;0.313;0.758
14.05.2021 21:00;9.292;0;0.701
14.05.2021 22:00;9.292;0;0.644
14.05.2021 23:00;8.757;0;0.36
15.05.2021 00:00;8.755;0;0.16
15.05.2021 01:00;8.755;0;0.08
15.05.2021 02:00;4.755;0;0.02
15.05.2021 03:00;2.355;0;0.02
15.05.2021 04:00;1.555;0;0.04
15.05.2021 05:00;1.29;0;0.761
15.05.2021 06:00;4.416;0;2.003
15.05.2021 07:00;1.205;0;1.622
15.05.2021 08:00;0.669;0;1.342
15.05.2021 09:00;0.669;0;1.022
15.05.2021 10:00;0.669;0;0.901
15.05.2021 11:00;0.669;0;0.841
15.05.2021 12:00;4.452;0;1.262
15.05.2021 13:00;1.205;0;1.122
15.05.2021 14:00;0.669;0;0.641
15.05.2021 15:00;0.669;0;0.561
15.05.2021 16:00;0.669;0;0.641
15.05.2021 17:00;1.205;0;1.122
15.05.2021 18:00;4.452;0;1.582
15.05.2021 19:00;5.522;0;1.602
15.05.2021 20:00;5.241;0;1.242
15.05.2021 21:00;9.29;0;0.901
15.05.2021 22:00;9.29;0;0.501
15.05.2021 23:00;8.755;0;0.381
16.05.2021 00:00;8.755;0;0.16
16.05.2021 01:00;8.755;0;0.08
16.05.2021 02:00;4.755;0;0.02
16.05.2021 03:00;2.355;0;0.02
16.05.2021 04:00;1.555;0;0.04
16.05.2021 05:00;1.29;0;0.761
16.05.2021 06:00;4.416;0;2.003
16.05.2021 07:00;1.205;0;1.622
16.05.2021 08:00;0.669;0;1.342
16.05.2021 09:00;0.669;0;1.022
16.05.2021 10:00;0.669;0;0.901
16.05.2021 11:00;0.669;0;0.841
16.05.2021 12:00;4.452;0;1.262
16.05.2021 13:00;1.205;0;1.122
16.05.2021 14:00;0.669;0;0.641
16.05.2021 15:00;0.669;0;0.561
16.05.2021 16:00;0.669;0;0.641
16.05.2021 17:00;1.205;0;1.122
16.05.2021 18:00;4.452;0;1.582
16.05.2021 19:00;5.522;0;1.602
16.05.2021 20:00;5.241;0;1.242
16.05.2021 21:00;9.29;0;0.901
16.05.2021 22:00;9.29;0;0.501
16.05.2021 23:00;8.755;0;0.381
17.05.2021 00:00;8.755;0;0.16
17.05.2021 01:00;8.755;0;0.08
17.05.2021 02:00;4.755;0;0.02
17.05.2021 03:00;2.355;0;0.02
17.05.2021 04:00;1.555;0;0.04
17.05.2021 05:00;1.29;0;0.761
17.05.2021 06:00;4.416;0;2.003
17.05.2021 07:00;1.205;0;1.622
17.05.2021 08:00;0.669;0;1.342
17.05.2021 09:00;0.669;0;1.022
17.05.2021 10:00;0.669;0;0.901
17.05.2021 11:00;0.669;0;0.841
17.05.2021 12:00;4.452;0;1.262
17.05.2021 13:00;1.205;0;1.122
17.05.2021 14:00;0.669;0;0.641
17.05.2021 15:00;0.669;0;0.561
17.05.2021 16:00;0.669;0;0.641
17.05.2021 17:00;1.205;0;1.122
17.05.2021 18:00;4.452;0;1.582
17.05.2021 19:00;5.522;0;1.602
17.05.2021 20:00;5.241;0;1.242
17.05.2021 21:00;9.29;0;0.901
17.05.2021 22:00;9.29;0;0.501
17.05.2021 23:00;8.755;0;0.381
18.05.2021 00:00;8.755;0;0.16
18.05.2021 01:00;8.755;0;0.08
18.05.2021 02:00;4.755;0;0.02
18.05.2021 03:00;2.355;0;0.02
18.05.2021 04:00;1.555;0;0.04
18.05.2021 05:00;1.29;0;0.761
18.05.2021 06:00;4.416;0;2.003
18.05.2021 07:00;1.205;0;1.622
18.05.2021 08:00;0.669;0;1.342
18.05.2021 09:00;0.669;0;1.022
18.05.2021 10:00;0.669;0;0.901
18.05.2021 11:00;0.669;0;0.841
18.05.2021 12:00;4.452;0;1.262
18.05.2021 13:00;1.205;0;1.122
18.05.2021 14:00;0.669;0;0.641
18.05.2021 15:00;0.669;0;0.561
18.05.2021 16:00;0.669;0;0.641
18.05.2021 17:00;1.205;0;1.122
18.05.2021 18:00;4.452;0;1.582
18.05.2021 19:00;5.522;0;1.602
18.05.2021 20:00;5.241;0;1.242
18.05.2021 21:00;9.29;0;0.901
18.05.2021 22:00;9.29;0;0.501
18.05.2021 23:00;8.755;0;0.381
19.05.2021 00:00;8.755;0;0.16
19.05.2021 01:00;8.755;0;0.08
19.05.2021 02:00;4.755;0;0.02
19.05.2021 03:00;2.355;0;0.02
19.05.2021 04:00;1.555;0;0.04
19.05.2021 05:00;1.29;0;0.761
19.05.2021 06:00;4.416;0;2.003
19.05.2021 07:00;1.205;0;1.622
19.05.2021 08:00;0.669;0;1.342
19.05.2021 09:00;0.669;0;1.022
19.05.2021 10:00;0.669;0;0.901
19.05.2021 11:00;0.669;0;0.841
19.05.2021 12:00;4.452;0;1.262
19.05.2021 13:00;1.205;0;1.122
19.05.2021 14:00;0.669;0;0.641
19.05.2021 15:00;0.669;0;0.561
19.05.2021 16:00;0.669;0;0.641
19.05.2021 17:00;1.205;0;1.122
19.05.2021 18:00;4.452;0;1.582
19.05.2021 19:00;5.522;0;1.602
19.05.2021 20:00;5.241;0;1.242
19.05.2021 21:00;9.29;0;0.901
19.05.2021 22:00;9.29;0;0.501
19.05.2021 23:00;8.755;0;0.381
20.05.2021 00:00;4.755;0;0.154
20.05.2021 01:00;4.755;0;0.172
20.05.2021 02:00;2.355;0;0.103
20.05.2021 03:00;1.555;0;0.034
20.05.2021 04:00;1.155;0;0.034
20.05.2021 05:00;1.29;0;0.206
20.05.2021 06:00;4.416;0;0.566
20.05.2021 07:00;1.205;0;0.961
20.05.2021 08:00;0.67;0;1.562
20.05.2021 09:00;0.67;0;1.545
20.05.2021 10:00;0.669;0;1.39
20.05.2021 11:00;4.67;0;1.493
20.05.2021 12:00;8.452;0;1.51
20.05.2021 13:00;5.205;0;1.201
20.05.2021 14:00;0.669;0;0.961
20.05.2021 15:00;0.669;0;0.755
20.05.2021 16:00;0.669;0;0.961
20.05.2021 17:00;1.205;0;1.236
20.05.2021 18:00;4.452;0;1.716
20.05.2021 19:00;5.522;0;1.356
20.05.2021 20:00;5.241;0;0.755
20.05.2021 21:00;5.29;0;0.738
20.05.2021 22:00;9.29;0;0.601
20.05.2021 23:00;4.755;0;0.36
21.05.2021 00:00;4.755;0;0.208
21.05.2021 01:00;4.755;0;0.152
21.05.2021 02:00;4.755;0;0.114
21.05.2021 03:00;4.755;0;0.038
21.05.2021 04:00;4.755;0;0.038
21.05.2021 05:00;1.29;0;0.114
21.05.2021 06:00;4.415;0;0.379
21.05.2021 07:00;1.204;0;0.777
21.05.2021 08:00;0.669;0;1.232
21.05.2021 09:00;0.67;0;1.63
21.05.2021 10:00;0.67;0;1.8
21.05.2021 11:00;4.67;0;1.895
21.05.2021 12:00;8.452;0;1.63
21.05.2021 13:00;5.205;0;1.402
21.05.2021 14:00;4.669;0;1.099
21.05.2021 15:00;4.669;0;0.966
21.05.2021 16:00;0.669;0;0.55
21.05.2021 17:00;1.205;0;1.042
21.05.2021 18:00;4.452;0;1.364
21.05.2021 19:00;5.522;0;1.478
21.05.2021 20:00;9.241;0;0.758
21.05.2021 21:00;9.29;0;0.701
21.05.2021 22:00;9.29;0;0.644
21.05.2021 23:00;8.755;0;0.36
22.05.2021 00:00;8.755;0;0.16
22.05.2021 01:00;8.755;0;0.08
22.05.2021 02:00;4.755;0;0.02
22.05.2021 03:00;2.355;0;0.02
22.05.2021 04:00;1.555;0;0.04
22.05.2021 05:00;1.29;0;0.761
22.05.2021 06:00;4.416;0;2.003
22.05.2021 07:00;1.205;0;1.622
22.05.2021 08:00;0.669;0;1.342
22.05.2021 09:00;0.669;0;1.022
22.05.2021 10:00;0.669;0;0.901
22.05.2021 11:00;0.669;0;0.841
22.05.2021 12:00;4.452;0;1.262
22.05.2021 13:00;1.205;0;1.122
22.05.2021 14:00;0.669;0;0.641
22.05.2021 15:00;0.669;0;0.561
22.05.2021 16:00;0.669;0;0.641
22.05.2021 17:00;1.205;0;1.122
22.05.2021 18:00;4.452;0;1.582
22.05.2021 19:00;5.522;0;1.602
22.05.2021 20:00;5.241;0;1.242
22.05.2021 21:00;9.29;0;0.901
22.05.2021 22:00;9.29;0;0.501
22.05.2021 23:00;8.755;0;0.381
23.05.2021 00:00;8.755;0;0.16
23.05.2021 01:00;8.755;0;0.08
23.05.2021 02:00;4.755;0;0.02
23.05.2021 03:00;2.355;0;0.02
23.05.2021 04:00;1.555;0;0.04
23.05.2021 05:00;1.29;0;0.761
23.05.2021 06:00;4.416;0;2.003
23.05.2021 07:00;1.205;0;1.622
23.05.2021 08:00;0.669;0;1.342
23.05.2021 09:00;0.669;0;1.022
23.05.2021 10:00;0.669;0;0.901
23.05.2021 11:00;0.669;0;0.841
23.05.2021 12:00;4.452;0;1.262
23.05.2021 13:00;1.205;0;1.122
23.05.2021 14:00;0.669;0;0.641
23.05.2021 15:00;0.669;0;0.561
23.05.2021 16:00;0.669;0;0.641
23.05.2021 17:00;1.205;0;1.122
23.05.2021 18:00;4.452;0;1.582
23.05.2021 19:00;5.522;0;1.602
23.05.2021 20:00;5.241;0;1.242
23.05.2021 21:00;9.29;0;0.901
23.05.2021 22:00;9.29;0;0.501
23.05.2021 23:00;8.755;0;0.381
24.05.2021 00:00;8.755;0;0.16
24.05.2021 01:00;8.755;0;0.08
24.05.2021 02:00;4.755;0;0.02
24.05.2021 03:00;2.355;0;0.02
24.05.2021 04:00;1.555;0;0.04
24.05.2021 05:00;1.29;0;0.761
24.05.2021 06:00;4.416;0;2.003
24.05.2021 07:00;1.205;0;1.622
24.05.2021 08:00;0.669;0;1.342
24.05.2021 09:00;0.669;0;1.022
24.05.2021 10:00;0.669;0;0.901
24.05.2021 11:00;0.669;0;0.841
24.05.2021 12:00;4.452;0;1.262
24.05.2021 13:00;1.205;0;1.122
24.05.2021 14:00;0.669;0;0.641
24.05.2021 15:00;0.669;0;0.561
24.05.2021 16:00;0.669;0;0.641
24.05.2021 17:00;1.205;0;1.122
24.05.2021 18:00;4.452;0;1.582
24.05.2021 19:00;5.522;0;1.602
24.05.2021 20:00;5.241;0;1.242
24.05.2021 21:00;9.29;0;0.901
24.05.2021 22:00;9.29;0;0.501
24.05.2021 23:00;8.755;0;0.381
25.05.2021 00:00;8.755;0;0.16
25.05.2021 01:00;8.755;0;0.08
25.05.2021 02:00;4.755;0;0.02
25.05.2021 03:00;2.355;0;0.02
25.05.2021 04:00;1.555;0;0.04
25.05.2021 05:00;1.29;0;0.761
25.05.2021 06:00;4.416;0;2.003
25.05.2021 07:00;1.205;0;1.622
25.05.2021 08:00;0.669;0;1.342
25.05.2021 09:00;0.669;0;1.022
25.05.2021 10:00;0.669;0;0.901
25.05.2021 11:00;0.669;0;0.841
25.05.2021 12:00;4.452;0;1.262
25.05.2021 13:00;1.205;0;1.122
25.05.2021 14:00;0.669;0;0.641
25.05.2021 15:00;0.669;0;0.561
25.05.2021 16:00;0.669;0;0.641
25.05.2021 17:00;1.205;0;1.122
25.05.2021 18:00;4.452;0;1.582
25.05.2021 19:00;5.522;0;1.602
25.05.2021 20:00;5.241;0;1.242
25.05.2021 21:00;9.29;0;0.901
25.05.2021 22:00;9.29;0;0.501
25.05.2021 23:00;8.755;0;0.381
26.05.2021 00:00;8.755;0;0.16
26.05.2021 01:00;8.755;0;0.08
26.05.2021 02:00;4.755;0;0.02
26.05.2021 03:00;2.355;0;0.02
26.05.2021 04:00;1.555;0;0.04
26.05.2021 05:00;1.29;0;0.761
26.05.2021 06:00;4.416;0;2.003
26.05.2021 07:00;1.205;0;1.622
26.05.2021 08:00;0.669;0;1.342
26.05.2021 09:00;0.669;0;1.022
26.05.2021 10:00;0.669;0;0.901
26.05.2021 11:00;0.669;0;0.841
26.05.2021 12:00;4.452;0;1.262
26.05.2021 13:00;1.205;0;1.122
26.05.2021 14:00;0.669;0;0.641
26.05.2021 15:00;0.669;0;0.561
26.05.2021 16:00;0.669;0;0.641
26.05.2021 17:00;1.205;0;1.122
26.05.2021 18:00;4.452;0;1.582
26.05.2021 19:00;5.522;0;1.602
26.05.2021 20:00;5.241;0;1.242
26.05.2021 21:00;9.29;0;0.901
26.05.2021 22:00;9.29;0;0.501
26.05.2021 23:00;8.755;0;0.381
27.05.2021 00:00;4.755;0;0.154
27.05.2021 01:00;4.755;0;0.172
27.05.2021 02:00;2.355;0;0.103
27.05.2021 03:00;1.555;0;0.034
27.05.2021 04:00;1.155;0;0.034
27.05.2021 05:00;1.29;0;0.206
27.05.2021 06:00;4.416;0;0.566
27.05.2021 07:00;1.205;0;0.961
27.05.2021 08:00;0.67;0;1.562
27.05.2021 09:00;0.67;0;1.545
27.05.2021 10:00;0.669;0;1.39
27.05.2021 11:00;4.67;0;1.493
27.05.2021 12:00;8.452;0;1.51
27.05.2021 13:00;5.205;0;1.201
27.05.2021 14:00;0.669;0;0.961
27.05.2021 15:00;0.669;0;0.755
27.05.2021 16:00;0.669;0;0.961
27.05.2021 17:00;1.205;0;1.236
27.05.2021 18:00;4.452;0;1.716
27.05.2021 19:00;5.522;0;1.356
27.05.2021 20:00;5.241;0;0.755
27.05.2021 21:00;5.29;0;0.738
27.05.2021 22:00;9.29;0;0.601
27.05.2021 23:00;4.755;0;0.36
28.05.2021 00:00;4.755;0;0.208
28.05.2021 01:00;4.755;0;0.152
28.05.2021 02:00;4.755;0;0.114
28.05.2021 03:00;4.755;0;0.038
28.05.2021 04:00;4.755;0;0.038
28.05.2021 05:00;1.29;0;0.114
28.05.2021 06:00;4.415;0;0.379
28.05.2021 07:00;1.204;0;0.777
28.05.2021 08:00;0.669;0;1.232
28.05.2021 09:00;0.67;0;1.63
28.05.2021 10:00;0.67;0;1.8
28.05.2021 11:00;4.67;0;1.895
28.05.2021 12:00;8.452;0;1.63
28.05.2021 13:00;5.205;0;1.402
28.05.2021 14:00;4.669;0;1.099
28.05.2021 15:00;4.669;0;0.966
28.05.2021 16:00;0.669;0;0.55
28.05.2021 17:00;1.205;0;1.042
28.05.2021 18:00;4.452;0;1.364
28.05.2021 19:00;5.522;0;1.478
28.05.2021 20:00;9.241;0;0.758
28.05.2021 21:00;9.29;0;0.701
28.05.2021 22:00;9.29;0;0.644
28.05.2021 23:00;8.755;0;0.36
29.05.2021 00:00;8.755;0;0.16
29.05.2021 01:00;8.755;0;0.08
29.05.2021 02:00;4.755;0;0.02
29.05.2021 03:00;2.355;0;0.02
29.05.2021 04:00;1.555;0;0.04
29.05.2021 05:00;1.29;0;0.761
29.05.2021 06:00;4.416;0;2.003
29.05.2021 07:00;1.205;0;1.622
29.05.2021 08:00;0.669;0;1.342
29.05.2021 09:00;0.669;0;1.022
29.05.2021 10:00;0.669;0;0.901
29.05.2021 11:00;0.669;0;0.841
29.05.2021 12:00;4.452;0;1.262
29.05.2021 13:00;1.205;0;1.122
29.05.2021 14:00;0.669;0;0.641
29.05.2021 15:00;0.669;0;0.561
29.05.2021 16:00;0.669;0;0.641
29.05.2021 17:00;1.205;0;1.122
29.05.2021 18:00;4.452;0;1.582
29.05.2021 19:00;5.522;0;1.602
29.05.2021 20:00;5.241;0;1.242
29.05.2021 21:00;9.29;0;0.901
29.05.2021 22:00;9.29;0;0.501
29.05.2021 23:00;8.755;0;0.381
30.05.2021 00:00;8.755;0;0.16
30.05.2021 01:00;8.755;0;0.08
30.05.2021 02:00;4.755;0;0.02
30.05.2021 03:00;2.355;0;0.02
30.05.2021 04:00;1.555;0;0.04
30.05.2021 05:00;1.29;0;0.761
30.05.2021 06:00;4.416;0;2.003
30.05.2021 07:00;1.205;0;1.622
30.05.2021 08:00;0.669;0;1.342
30.05.2021 09:00;0.669;0;1.022
30.05.2021 10:00;0.669;0;0.901
30.05.2021 11:00;0.669;0;0.841
30.05.2021 12:00;4.452;0;1.262
30.05.2021 13:00;1.205;0;1.122
30.05.2021 14:00;0.669;0;0.641
30.05.2021 15:00;0.669;0;0.561
30.05.2021 16:00;0.669;0;0.641
30.05.2021 17:00;1.205;0;1.122
30.05.2021 18:00;4.452;0;1.582
30.05.2021 19:00;5.522;0;1.602
30.05.2021 20:00;5.241;0;1.242
30.05.2021 21:00;9.29;0;0.901
30.05.2021 22:00;9.29;0;0.501
30.05.2021 23:00;8.755;0;0.381
31.05.2021 00:00;8.755;0;0.16
31.05.2021 01:00;8.755;0;0.08
31.05.2021 02:00;4.755;0;0.02
31.05.2021 03:00;2.355;0;0.02
31.05.2021 04:00;1.555;0;0.04
31.05.2021 05:00;1.29;0;0.761
31.05.2021 06:00;4.416;0;2.003
31.05.2021 07:00;1.205;0;1.622
31.05.2021 08:00;0.669;0;1.342
31.05.2021 09:00;0.669;0;1.022
31.05.2021 10:00;0.669;0;0.901
31.05.2021 11:00;0.669;0;0.841
31.05.2021 12:00;4.452;0;1.262
31.05.2021 13:00;1.205;0;1.122
31.05.2021 14:00;0.669;0;0.641
31.05.2021 15:00;0.669;0;0.561
31.05.2021 16:00;0.669;0;0.641
31.05.2021 17:00;1.205;0;1.122
31.05.2021 18:00;4.452;0;1.582
31.05.2021 19:00;5.522;0;1.602
31.05.2021 20:00;5.241;0;1.242
31.05.2021 21:00;9.29;0;0.901
31.05.2021 22:00;9.29;0;0.501
31.05.2021 23:00;8.755;0;0.381
01.06.2021 00:00;8.755;0;0.16
01.06.2021 01:00;8.755;0;0.08
01.06.2021 02:00;4.755;0;0.02
01.06.2021 03:00;2.355;0;0.02
01.06.2021 04:00;1.555;0;0.04
01.06.2021 05:00;1.29;0;0.761
01.06.2021 06:00;4.416;0;2.003
01.06.2021 07:00;1.205;0;1.622
01.06.2021 08:00;0.669;0;1.342
01.06.2021 09:00;0.669;0;1.022
01.06.2021 10:00;0.669;0;0.901
01.06.2021 11:00;0.669;0;0.841
01.06.2021 12:00;4.452;0;1.262
01.06.2021 13:00;1.205;0;1.122
01.06.2021 14:00;0.669;0;0.641
01.06.2021 15:00;0.669;0;0.561
01.06.2021 16:00;0.669;0;0.641
01.06.2021 17:00;1.205;0;1.122
01.06.2021 18:00;4.452;0;1.582
01.06.2021 19:00;5.522;0;1.602
01.06.2021 20:00;5.241;0;1.242
01.06.2021 21:00;9.29;0;0.901
01.06.2021 22:00;9.29;0;0.501
01.06.2021 23:00;8.755;0;0.381
02.06.2021 00:00;8.755;0;0.16
02.06.2021 01:00;8.755;0;0.08
02.06.2021 02:00;4.755;0;0.02
02.06.2021 03:00;2.355;0;0.02
02.06.2021 04:00;1.555;0;0.04
02.06.2021 05:00;1.29;0;0.761
02.06.2021 06:00;4.416;0;2.003
02.06.2021 07:00;1.205;0;1.622
02.06.2021 08:00;0.669;0;1.342
02.06.2021 09:00;0.669;0;1.022
02.06.2021 10:00;0.669;0;0.901
02.06.2021 11:00;0.669;0;0.841
02.06.2021 12:00;4.452;0;1.262
02.06.2021 13:00;1.205;0;1.122
02.06.2021 14:00;0.669;0;0.641
02.06.2021 15:00;0.669;0;0.561
02.06.2021 16:00;0.669;0;0.641
02.06.2021 17:00;1.205;0;1.122
02.06.2021 18:00;4.452;0;1.582
02.06.2021 19:00;5.522;0;1.602
02.06.2021 20:00;5.241;0;1.242
02.06.2021 21:00;9.29;0;0.901
02.06.2021 22:00;9.29;0;0.501
02.06.2021 23:00;8.755;0;0.381
03.06.2021 00:00;4.755;0;0.154
03.06.2021 01:00;4.755;0;0.172
03.06.2021 02:00;2.355;0;0.103
03.06.2021 03:00;1.555;0;0.034
03.06.2021 04:00;1.155;0;0.034
03.06.2021 05:00;1.29;0;0.206
03.06.2021 06:00;4.416;0;0.566
03.06.2021 07:00;1.205;0;0.961
03.06.2021 08:00;0.67;0;1.562
03.06.2021 09:00;0.67;0;1.545
03.06.2021 10:00;0.669;0;1.39
03.06.2021 11:00;4.67;0;1.493
03.06.2021 12:00;8.452;0;1.51
03.06.2021 13:00;5.205;0;1.201
03.06.2021 14:00;0.669;0;0.961
03.06.2021 15:00;0.669;0;0.755
03.06.2021 16:00;0.669;0;0.961
03.06.2021 17:00;1.205;0;1.236
03.06.2021 18:00;4.452;0;1.716
03.06.2021 19:00;5.522;0;1.356
03.06.2021 20:00;5.241;0;0.755
03.06.2021 21:00;5.29;0;0.738
03.06.2021 22:00;9.29;0;0.601
03.06.2021 23:00;4.755;0;0.36
04.06.2021 00:00;4.755;0;0.208
04.06.2021 01:00;4.755;0;0.152
04.06.2021 02:00;4.755;0;0.114
04.06.2021 03:00;4.755;0;0.038
04.06.2021 04:00;4.755;0;0.038
04.06.2021 05:00;1.29;0;0.114
04.06.2021 06:00;4.415;0;0.379
04.06.2021 07:00;1.204;0;0.777
04.06.2021 08:00;0.669;0;1.232
04.06.2021 09:00;0.67;0;1.63
04.06.2021 10:00;0.67;0;1.8
04.06.2021 11:00;4.67;0;1.895
04.06.2021 12:00;8.452;0;1.63
04.06.2021 13:00;5.205;0;1.402
04.06.2021 14:00;4.669;0;1.099
04.06.2021 15:00;4.669;0;0.966
04.06.2021 16:00;0.669;0;0.55
04.06.2021 17:00;1.205;0;1.042
04.06.2021 18:00;4.452;0;1.364
04.06.2021 19:00;5.522;0;1.478
04.06.2021 20:00;9.241;0;0.758
04.06.2021 21:00;9.29;0;0.701
04.06.2021 22:00;9.29;0;0.644
04.06.2021 23:00;8.755;0;0.36
05.06.2021 00:00;8.755;0;0.16
05.06.2021 01:00;8.755;0;0.08
05.06.2021 02:00;4.755;0;0.02
05.06.2021 03:00;2.355;0;0.02
05.06.2021 04:00;1.555;0;0.04
05.06.2021 05:00;1.29;0;0.761
05.06.2021 06:00;4.416;0;2.003
05.06.2021 07:00;1.205;0;1.622
05.06.2021 08:00;0.669;0;1.342
05.06.2021 09:00;0.669;0;1.022
05.06.2021 10:00;0.669;0;0.901
05.06.2021 11:00;0.669;0;0.841
05.06.2021 12:00;4.452;0;1.262
05.06.2021 13:00;1.205;0;1.122
05.06.2021 14:00;0.669;0;0.641
05.06.2021 15:00;0.669;0;0.561
05.06.2021 16:00;0.669;0;0.641
05.06.2021 17:00;1.205;0;1.122
05.06.2021 18:00;4.452;0;1.582
05.06.2021 19:00;5.522;0;1.602
05.06.2021 20:00;5.241;0;1.242
05.06.2021 21:00;9.29;0;0.901
05.06.2021 22:00;9.29;0;0.501
05.06.2021 23:00;8.755;0;0.381
06.06.2021 00:00;8.755;0;0.16
06.06.2021 01:00;8.755;0;0.08
06.06.2021 02:00;4.755;0;0.02
06.06.2021 03:00;2.355;0;0.02
06.06.2021 04:00;1.555;0;0.04
06.06.2021 05:00;1.29;0;0.761
06.06.2021 06:00;4.416;0;2.003
06.06.2021 07:00;1.205;0;1.622
06.06.2021 08:00;0.669;0;1.342
06.06.2021 09:00;0.669;0;1.022
06.06.2021 10:00;0.669;0;0.901
06.06.2021 11:00;0.669;0;0.841
06.06.2021 12:00;4.452;0;1.262
06.06.2021 13:00;1.205;0;1.122
06.06.2021 14:00;0.669;0;0.641
06.06.2021 15:00;0.669;0;0.561
06.06.2021 16:00;0.669;0;0.641
06.06.2021 17:00;1.205;0;1.122
06.06.2021 18:00;4.452;0;1.582
06.06.2021 19:00;5.522;0;1.602
06.06.2021 20:00;5.241;0;1.242
06.06.2021 21:00;9.29;0;0.901
06.06.2021 22:00;9.29;0;0.501
06.06.2021 23:00;8.755;0;0.381
07.06.2021 00:00;8.755;0;0.16
07.06.2021 01:00;8.755;0;0.08
07.06.2021 02:00;4.755;0;0.02
07.06.2021 03:00;2.355;0;0.02
07.06.2021 04:00;1.555;0;0.04
07.06.2021 05:00;1.29;0;0.761
07.06.2021 06:00;4.416;0;2.003
07.06.2021 07:00;1.205;0;1.622
07.06.2021 08:00;0.669;0;1.342
07.06.2021 09:00;0.669;0;1.022
07.06.2021 10:00;0.669;0;0.901
07.06.2021 11:00;0.669;0;0.841
07.06.2021 12:00;4.452;0;1.262
07.06.2021 13:00;1.205;0;1.122
07.06.2021 14:00;0.669;0;0.641
07.06.2021 15:00;0.669;0;0.561
07.06.2021 16:00;0.669;0;0.641
07.06.2021 17:00;1.205;0;1.122
07.06.2021 18:00;4.452;0;1.582
07.06.2021 19:00;5.522;0;1.602
07.06.2021 20:00;5.241;0;1.242
07.06.2021 21:00;9.29;0;0.901
07.06.2021 22:00;9.29;0;0.501
07.06.2021 23:00;8.755;0;0.381
08.06.2021 00:00;8.755;0;0.16
08.06.2021 01:00;8.755;0;0.08
08.06.2021 02:00;4.755;0;0.02
08.06.2021 03:00;2.355;0;0.02
08.06.2021 04:00;1.555;0;0.04
08.06.2021 05:00;1.29;0;0.761
08.06.2021 06:00;4.416;0;2.003
08.06.2021 07:00;1.205;0;1.622
08.06.2021 08:00;0.669;0;1.342
08.06.2021 09:00;0.669;0;1.022
08.06.2021 10:00;0.669;0;0.901
08.06.2021 11:00;0.669;0;0.841
08.06.2021 12:00;4.452;0;1.262
08.06.2021 13:00;1.205;0;1.122
08.06.2021 14:00;0.669;0;0.641
08.06.2021 15:00;0.669;0;0.561
08.06.2021 16:00;0.669;0;0.641
08.06.2021 17:00;1.205;0;1.122
08.06.2021 18:00;4.452;0;1.582
08.06.2021 19:00;5.522;0;1.602
08.06.2021 20:00;5.241;0;1.242
08.06.2021 21:00;9.29;0;0.901
08.06.2021 22:00;9.29;0;0.501
08.06.2021 23:00;8.755;0;0.381
09.06.2021 00:00;8.755;0;0.16
09.06.2021 01:00;8.755;0;0.08
09.06.2021 02:00;4.755;0;0.02
09.06.2021 03:00;2.355;0;0.02
09.06.2021 04:00;1.555;0;0.04
09.06.2021 05:00;1.29;0;0.761
09.06.2021 06:00;4.416;0;2.003
09.06.2021 07:00;1.205;0;1.622
09.06.2021 08:00;0.669;0;1.342
09.06.2021 09:00;0.669;0;1.022
09.06.2021 10:00;0.669;0;0.901
09.06.2021 11:00;0.669;0;0.841
09.06.2021 12:00;4.452;0;1.262
09.06.2021 13:00;1.205;0;1.122
09.06.2021 14:00;0.669;0;0.641
09.06.2021 15:00;0.669;0;0.561
09.06.2021 16:00;0.669;0;0.641
09.06.2021 17:00;1.205;0;1.122
09.06.2021 18:00;4.452;0;1.582
09.06.2021 19:00;5.522;0;1.602
09.06.2021 20:00;5.241;0;1.242
09.06.2021 21:00;9.29;0;0.901
09.06.2021 22:00;9.29;0;0.501
09.06.2021 23:00;8.755;0;0.381
10.06.2021 00:00;4.755;0;0.154
10.06.2021 01:00;4.755;0;0.172
10.06.2021 02:00;2.355;0;0.103
10.06.2021 03:00;1.555;0;0.034
10.06.2021 04:00;1.155;0;0.034
10.06.2021 05:00;1.29;0;0.206
10.06.2021 06:00;4.416;0;0.566
10.06.2021 07:00;1.205;0;0.961
10.06.2021 08:00;0.67;0;1.562
10.06.2021 09:00;0.67;0;1.545
10.06.2021 10:00;0.669;0;1.39
10.06.2021 11:00;4.67;0;1.493
10.06.2021 12:00;8.452;0;1.51
10.06.2021 13:00;5.205;0;1.201
10.06.2021 14:00;0.669;0;0.961
10.06.2021 15:00;0.669;0;0.755
10.06.2021 16:00;0.669;0;0.961
10.06.2021 17:00;1.205;0;1.236
10.06.2021 18:00;4.452;0;1.716
10.06.2021 19:00;5.522;0;1.356
10.06.2021 20:00;5.241;0;0.755
10.06.2021 21:00;5.29;0;0.738
10.06.2021 22:00;9.29;0;0.601
10.06.2021 23:00;4.755;0;0.36
11.06.2021 00:00;4.755;0;0.208
11.06.2021 01:00;4.755;0;0.152
11.06.2021 02:00;4.755;0;0.114
11.06.2021 03:00;4.755;0;0.038
11.06.2021 04:00;4.755;0;0.038
11.06.2021 05:00;1.29;0;0.114
11.06.2021 06:00;4.415;0;0.379
11.06.2021 07:00;1.204;0;0.777
11.06.2021 08:00;0.669;0;1.232
11.06.2021 09:00;0.67;0;1.63
11.06.2021 10:00;0.67;0;1.8
11.06.2021 11:00;4.67;0;1.895
11.06.2021 12:00;8.452;0;1.63
11.06.2021 13:00;5.205;0;1.402
11.06.2021 14:00;4.669;0;1.099
11.06.2021 15:00;4.669;0;0.966
11.06.2021 16:00;0.669;0;0.55
11.06.2021 17:00;1.205;0;1.042
11.06.2021 18:00;4.452;0;1.364
11.06.2021 19:00;5.522;0;1.478
11.06.2021 20:00;9.241;0;0.758
11.06.2021 21:00;9.29;0;0.701
11.06.2021 22:00;9.29;0;0.644
11.06.2021 23:00;8.755;0;0.36
12.06.2021 00:00;8.755;0;0.16
12.06.2021 01:00;8.755;0;0.08
12.06.2021 02:00;4.755;0;0.02
12.06.2021 03:00;2.355;0;0.02
12.06.2021 04:00;1.555;0;0.04
12.06.2021 05:00;1.29;0;0.761
12.06.2021 06:00;4.416;0;2.003
12.06.2021 07:00;1.205;0;1.622
12.06.2021 08:00;0.669;0;1.342
12.06.2021 09:00;0.669;0;1.022
12.06.2021 10:00;0.669;0;0.901
12.06.2021 11:00;0.669;0;0.841
12.06.2021 12:00;4.452;0;1.262
12.06.2021 13:00;1.205;0;1.122
12.06.2021 14:00;0.669;0;0.641
12.06.2021 15:00;0.669;0;0.561
12.06.2021 16:00;0.669;0;0.641
12.06.2021 17:00;1.205;0;1.122
12.06.2021 18:00;4.452;0;1.582
12.06.2021 19:00;5.522;0;1.602
12.06.2021 20:00;5.241;0;1.242
12.06.2021 21:00;9.29;0;0.901
12.06.2021 22:00;9.29;0;0.501
12.06.2021 23:00;8.755;0;0.381
13.06.2021 00:00;8.755;0;0.16
13.06.2021 01:00;8.755;0;0.08
13.06.2021 02:00;4.755;0;0.02
13.06.2021 03:00;2.355;0;0.02
13.06.2021 04:00;1.555;0;0.04
13.06.2021 05:00;1.29;0;0.761
13.06.2021 06:00;4.416;0;2.003
13.06.2021 07:00;1.205;0;1.622
13.06.2021 08:00;0.669;0;1.342
13.06.2021 09:00;0.669;0;1.022
13.06.2021 10:00;0.669;0;0.901
13.06.2021 11:00;0.669;0;0.841
13.06.2021 12:00;4.452;0;1.262
13.06.2021 13:00;1.205;0;1.122
13.06.2021 14:00;0.669;0;0.641
13.06.2021 15:00;0.669;0;0.561
13.06.2021 16:00;0.669;0;0.641
13.06.2021 17:00;1.205;0;1.122
13.06.2021 18:00;4.452;0;1.582
13.06.2021 19:00;5.522;0;1.602
13.06.2021 20:00;5.241;0;1.242
13.06.2021 21:00;9.29;0;0.901
13.06.2021 22:00;9.29;0;0.501
13.06.2021 23:00;8.755;0;0.381
14.06.2021 00:00;8.755;0;0.16
14.06.2021 01:00;8.755;0;0.08
14.06.2021 02:00;4.755;0;0.02
14.06.2021 03:00;2.355;0;0.02
14.06.2021 04:00;1.555;0;0.04
14.06.2021 05:00;1.29;0;0.761
14.06.2021 06:00;4.416;0;2.003
14.06.2021 07:00;1.205;0;1.622
14.06.2021 08:00;0.669;0;1.342
14.06.2021 09:00;0.669;0;1.022
14.06.2021 10:00;0.669;0;0.901
14.06.2021 11:00;0.669;0;0.841
14.06.2021 12:00;4.452;0;1.262
14.06.2021 13:00;1.205;0;1.122
14.06.2021 14:00;0.669;0;0.641
14.06.2021 15:00;0.669;0;0.561
14.06.2021 16:00;0.669;0;0.641
14.06.2021 17:00;1.205;0;1.122
14.06.2021 18:00;4.452;0;1.582
14.06.2021 19:00;5.522;0;1.602
14.06.2021 20:00;5.241;0;1.242
14.06.2021 21:00;9.29;0;0.901
14.06.2021 22:00;9.29;0;0.501
14.06.2021 23:00;8.755;0;0.381
15.06.2021 00:00;8.755;0;0.16
15.06.2021 01:00;8.755;0;0.08
15.06.2021 02:00;4.755;0;0.02
15.06.2021 03:00;2.355;0;0.02
15.06.2021 04:00;1.555;0;0.04
15.06.2021 05:00;1.29;0;0.761
15.06.2021 06:00;4.416;0;2.003
15.06.2021 07:00;1.205;0;1.622
15.06.2021 08:00;0.669;0;1.342
15.06.2021 09:00;0.669;0;1.022
15.06.2021 10:00;0.669;0;0.901
15.06.2021 11:00;0.669;0;0.841
15.06.2021 12:00;4.452;0;1.262
15.06.2021 13:00;1.205;0;1.122
15.06.2021 14:00;0.669;0;0.641
15.06.2021 15:00;0.669;0;0.561
15.06.2021 16:00;0.669;0;0.641
15.06.2021 17:00;1.205;0;1.122
15.06.2021 18:00;4.452;0;1.582
15.06.2021 19:00;5.522;0;1.602
15.06.2021 20:00;5.241;0;1.242
15.06.2021 21:00;9.29;0;0.901
15.06.2021 22:00;9.29;0;0.501
15.06.2021 23:00;8.755;0;0.381
16.06.2021 00:00;8.755;0;0.16
16.06.2021 01:00;8.755;0;0.08
16.06.2021 02:00;4.755;0;0.02
16.06.2021 03:00;2.355;0;0.02
16.06.2021 04:00;1.555;0;0.04
16.06.2021 05:00;1.29;0;0.761
16.06.2021 06:00;4.416;0;2.003
16.06.2021 07:00;1.205;0;1.622
16.06.2021 08:00;0.669;0;1.342
16.06.2021 09:00;0.669;0;1.022
16.06.2021 10:00;0.669;0;0.901
16.06.2021 11:00;0.669;0;0.841
16.06.2021 12:00;4.452;0;1.262
16.06.2021 13:00;1.205;0;1.122
16.06.2021 14:00;0.669;0;0.641
16.06.2021 15:00;0.669;0;0.561
16.06.2021 16:00;0.669;0;0.641
16.06.2021 17:00;1.205;0;1.122
16.06.2021 18:00;4.452;0;1.582
16.06.2021 19:00;5.522;0;1.602
16.06.2021 20:00;5.241;0;1.242
16.06.2021 21:00;9.29;0;0.901
16.06.2021 22:00;9.29;0;0.501
16.06.2021 23:00;8.755;0;0.381
17.06.2021 00:00;4.755;0;0.154
17.06.2021 01:00;4.755;0;0.172
17.06.2021 02:00;2.355;0;0.103
17.06.2021 03:00;1.555;0;0.034
17.06.2021 04:00;1.155;0;0.034
17.06.2021 05:00;1.29;0;0.206
17.06.2021 06:00;4.416;0;0.566
17.06.2021 07:00;1.205;0;0.961
17.06.2021 08:00;0.67;0;1.562
17.06.2021 09:00;0.67;0;1.545
17.06.2021 10:00;0.669;0;1.39
17.06.2021 11:00;4.67;0;1.493
17.06.2021 12:00;8.452;0;1.51
17.06.2021 13:00;5.205;0;1.201
17.06.2021 14:00;0.669;0;0.961
17.06.2021 15:00;0.669;0;0.755
17.06.2021 16:00;0.669;0;0.961
17.06.2021 17:00;1.205;0;1.236
17.06.2021 18:00;4.452;0;1.716
17.06.2021 19:00;5.522;0;1.356
17.06.2021 20:00;5.241;0;0.755
17.06.2021 21:00;5.29;0;0.738
17.06.2021 22:00;9.29;0;0.601
17.06.2021 23:00;4.755;0;0.36
18.06.2021 00:00;4.755;0;0.208
18.06.2021 01:00;4.755;0;0.152
18.06.2021 02:00;4.755;0;0.114
18.06.2021 03:00;4.755;0;0.038
18.06.2021 04:00;4.755;0;0.038
18.06.2021 05:00;1.29;0;0.114
18.06.2021 06:00;4.415;0;0.379
18.06.2021 07:00;1.204;0;0.777
18.06.2021 08:00;0.669;0;1.232
18.06.2021 09:00;0.67;0;1.63
18.06.2021 10:00;0.67;0;1.8
18.06.2021 11:00;4.67;0;1.895
18.06.2021 12:00;8.452;0;1.63
18.06.2021 13:00;5.205;0;1.402
18.06.2021 14:00;4.669;0;1.099
18.06.2021 15:00;4.669;0;0.966
18.06.2021 16:00;0.669;0;0.55
18.06.2021 17:00;1.205;0;1.042
18.06.2021 18:00;4.452;0;1.364
18.06.2021 19:00;5.522;0;1.478
18.06.2021 20:00;9.241;0;0.758
18.06.2021 21:00;9.29;0;0.701
18.06.2021 22:00;9.29;0;0.644
18.06.2021 23:00;8.755;0;0.36
19.06.2021 00:00;8.755;0;0.16
19.06.2021 01:00;8.755;0;0.08
19.06.2021 02:00;4.755;0;0.02
19.06.2021 03:00;2.355;0;0.02
19.06.2021 04:00;1.555;0;0.04
19.06.2021 05:00;1.29;0;0.761
19.06.2021 06:00;4.416;0;2.003
19.06.2021 07:00;1.205;0;1.622
19.06.2021 08:00;0.669;0;1.342
19.06.2021 09:00;0.669;0;1.022
19.06.2021 10:00;0.669;0;0.901
19.06.2021 11:00;0.669;0;0.841
19.06.2021 12:00;4.452;0;1.262
19.06.2021 13:00;1.205;0;1.122
19.06.2021 14:00;0.669;0;0.641
19.06.2021 15:00;0.669;0;0.561
19.06.2021 16:00;0.669;0;0.641
19.06.2021 17:00;1.205;0;1.122
19.06.2021 18:00;4.452;0;1.582
19.06.2021 19:00;5.522;0;1.602
19.06.2021 20:00;5.241;0;1.242
19.06.2021 21:00;9.29;0;0.901
19.06.2021 22:00;9.29;0;0.501
19.06.2021 23:00;8.755;0;0.381
20.06.2021 00:00;8.755;0;0.16
20.06.2021 01:00;8.755;0;0.08
20.06.2021 02:00;4.755;0;0.02
20.06.2021 03:00;2.355;0;0.02
20.06.2021 04:00;1.555;0;0.04
20.06.2021 05:00;1.29;0;0.761
20.06.2021 06:00;4.416;0;2.003
20.06.2021 07:00;1.205;0;1.622
20.06.2021 08:00;0.669;0;1.342
20.06.2021 09:00;0.669;0;1.022
20.06.2021 10:00;0.669;0;0.901
20.06.2021 11:00;0.669;0;0.841
20.06.2021 12:00;4.452;0;1.262
20.06.2021 13:00;1.205;0;1.122
20.06.2021 14:00;0.669;0;0.641
20.06.2021 15:00;0.669;0;0.561
20.06.2021 16:00;0.669;0;0.641
20.06.2021 17:00;1.205;0;1.122
20.06.2021 18:00;4.452;0;1.582
20.06.2021 19:00;5.522;0;1.602
20.06.2021 20:00;5.241;0;1.242
20.06.2021 21:00;9.29;0;0.901
20.06.2021 22:00;9.29;0;0.501
20.06.2021 23:00;8.755;0;0.381
21.06.2021 00:00;8.755;0;0.16
21.06.2021 01:00;8.755;0;0.08
21.06.2021 02:00;4.755;0;0.02
21.06.2021 03:00;2.355;0;0.02
21.06.2021 04:00;1.555;0;0.04
21.06.2021 05:00;1.29;0;0.761
21.06.2021 06:00;4.416;0;2.003
21.06.2021 07:00;1.205;0;1.622
21.06.2021 08:00;0.669;0;1.342
21.06.2021 09:00;0.669;0;1.022
21.06.2021 10:00;0.669;0;0.901
21.06.2021 11:00;0.669;0;0.841
21.06.2021 12:00;4.452;0;1.262
21.06.2021 13:00;1.205;0;1.122
21.06.2021 14:00;0.669;0;0.641
21.06.2021 15:00;0.669;0;0.561
21.06.2021 16:00;0.669;0;0.641
21.06.2021 17:00;1.205;0;1.122
21.06.2021 18:00;4.452;0;1.582
21.06.2021 19:00;5.522;0;1.602
21.06.2021 20:00;5.241;0;1.242
21.06.2021 21:00;9.29;0;0.901
21.06.2021 22:00;9.29;0;0.501
21.06.2021 23:00;8.755;0;0.381
22.06.2021 00:00;8.755;0;0.16
22.06.2021 01:00;8.755;0;0.08
22.06.2021 02:00;4.755;0;0.02
22.06.2021 03:00;2.355;0;0.02
22.06.2021 04:00;1.555;0;0.04
22.06.2021 05:00;1.29;0;0.761
22.06.2021 06:00;4.416;0;2.003
22.06.2021 07:00;1.205;0;1.622
22.06.2021 08:00;0.669;0;1.342
22.06.2021 09:00;0.669;0;1.022
22.06.2021 10:00;0.669;0;0.901
22.06.2021 11:00;0.669;0;0.841
22.06.2021 12:00;4.452;0;1.262
22.06.2021 13:00;1.205;0;1.122
22.06.2021 14:00;0.669;0;0.641
22.06.2021 15:00;0.669;0;0.561
22.06.2021 16:00;0.669;0;0.641
22.06.2021 17:00;1.205;0;1.122
22.06.2021 18:00;4.452;0;1.582
22.06.2021 19:00;5.522;0;1.602
22.06.2021 20:00;5.241;0;1.242
22.06.2021 21:00;9.29;0;0.901
22.06.2021 22:00;9.29;0;0.501
22.06.2021 23:00;8.755;0;0.381
23.06.2021 00:00;8.755;0;0.16
23.06.2021 01:00;8.755;0;0.08
23.06.2021 02:00;4.755;0;0.02
23.06.2021 03:00;2.355;0;0.02
23.06.2021 04:00;1.555;0;0.04
23.06.2021 05:00;1.29;0;0.761
23.06.2021 06:00;4.416;0;2.003
23.06.2021 07:00;1.205;0;1.622
23.06.2021 08:00;0.669;0;1.342
23.06.2021 09:00;0.669;0;1.022
23.06.2021 10:00;0.669;0;0.901
23.06.2021 11:00;0.669;0;0.841
23.06.2021 12:00;4.452;0;1.262
23.06.2021 13:00;1.205;0;1.122
23.06.2021 14:00;0.669;0;0.641
23.06.2021 15:00;0.669;0;0.561
23.06.2021 16:00;0.669;0;0.641
23.06.2021 17:00;1.205;0;1.122
23.06.2021 18:00;4.452;0;1.582
23.06.2021 19:00;5.522;0;1.602
23.06.2021 20:00;5.241;0;1.242
23.06.2021 21:00;9.29;0;0.901
23.06.2021 22:00;9.29;0;0.501
23.06.2021 23:00;8.755;0;0.381
24.06.2021 00:00;4.755;0;0.154
24.06.2021 01:00;4.755;0;0.172
24.06.2021 02:00;2.355;0;0.103
24.06.2021 03:00;1.555;0;0.034
24.06.2021 04:00;1.155;0;0.034
24.06.2021 05:00;1.29;0;0.206
24.06.2021 06:00;4.416;0;0.566
24.06.2021 07:00;1.205;0;0.961
24.06.2021 08:00;0.67;0;1.562
24.06.2021 09:00;0.67;0;1.545
24.06.2021 10:00;0.669;0;1.39
24.06.2021 11:00;4.67;0;1.493
24.06.2021 12:00;8.452;0;1.51
24.06.2021 13:00;5.205;0;1.201
24.06.2021 14:00;0.669;0;0.961
24.06.2021 15:00;0.669;0;0.755
24.06.2021 16:00;0.669;0;0.961
24.06.2021 17:00;1.205;0;1.236
24.06.2021 18:00;4.452;0;1.716
24.06.2021 19:00;5.522;0;1.356
24.06.2021 20:00;5.241;0;0.755
24.06.2021 21:00;5.29;0;0.738
24.06.2021 22:00;9.29;0;0.601
24.06.2021 23:00;4.755;0;0.36
25.06.2021 00:00;4.755;0;0.208
25.06.2021 01:00;4.755;0;0.152
25.06.2021 02:00;4.755;0;0.114
25.06.2021 03:00;4.755;0;0.038
25.06.2021 04:00;4.755;0;0.038
25.06.2021 05:00;1.29;0;0.114
25.06.2021 06:00;4.415;0;0.379
25.06.2021 07:00;1.204;0;0.777
25.06.2021 08:00;0.669;0;1.232
25.06.2021 09:00;0.67;0;1.63
25.06.2021 10:00;0.67;0;1.8
25.06.2021 11:00;4.67;0;1.895
25.06.2021 12:00;8.452;0;1.63
25.06.2021 13:00;5.205;0;1.402
25.06.2021 14:00;4.669;0;1.099
25.06.2021 15:00;4.669;0;0.966
25.06.2021 16:00;0.669;0;0.55
25.06.2021 17:00;1.205;0;1.042
25.06.2021 18:00;4.452;0;1.364
25.06.2021 19:00;5.522;0;1.478
25.06.2021 20:00;9.241;0;0.758
25.06.2021 21:00;9.29;0;0.701
25.06.2021 22:00;9.29;0;0.644
25.06.2021 23:00;8.755;0;0.36
26.06.2021 00:00;8.755;0;0.16
26.06.2021 01:00;8.755;0;0.08
26.06.2021 02:00;4.755;0;0.02
26.06.2021 03:00;2.355;0;0.02
26.06.2021 04:00;1.555;0;0.04
26.06.2021 05:00;1.29;0;0.761
26.06.2021 06:00;4.416;0;2.003
26.06.2021 07:00;1.205;0;1.622
26.06.2021 08:00;0.669;0;1.342
26.06.2021 09:00;0.669;0;1.022
26.06.2021 10:00;0.669;0;0.901
26.06.2021 11:00;0.669;0;0.841
26.06.2021 12:00;4.452;0;1.262
26.06.2021 13:00;1.205;0;1.122
26.06.2021 14:00;0.669;0;0.641
26.06.2021 15:00;0.669;0;0.561
26.06.2021 16:00;0.669;0;0.641
26.06.2021 17:00;1.205;0;1.122
26.06.2021 18:00;4.452;0;1.582
26.06.2021 19:00;5.522;0;1.602
26.06.2021 20:00;5.241;0;1.242
26.06.2021 21:00;9.29;0;0.901
26.06.2021 22:00;9.29;0;0.501
26.06.2021 23:00;8.755;0;0.381
27.06.2021 00:00;8.755;0;0.16
27.06.2021 01:00;8.755;0;0.08
27.06.2021 02:00;4.755;0;0.02
27.06.2021 03:00;2.355;0;0.02
27.06.2021 04:00;1.555;0;0.04
27.06.2021 05:00;1.29;0;0.761
27.06.2021 06:00;4.416;0;2.003
27.06.2021 07:00;1.205;0;1.622
27.06.2021 08:00;0.669;0;1.342
27.06.2021 09:00;0.669;0;1.022
27.06.2021 10:00;0.669;0;0.901
27.06.2021 11:00;0.669;0;0.841
27.06.2021 12:00;4.452;0;1.262
27.06.2021 13:00;1.205;0;1.122
27.06.2021 14:00;0.669;0;0.641
27.06.2021 15:00;0.669;0;0.561
27.06.2021 16:00;0.669;0;0.641
27.06.2021 17:00;1.205;0;1.122
27.06.2021 18:00;4.452;0;1.582
27.06.2021 19:00;5.522;0;1.602
27.06.2021 20:00;5.241;0;1.242
27.06.2021 21:00;9.29;0;0.901
27.06.2021 22:00;9.29;0;0.501
27.06.2021 23:00;8.755;0;0.381
28.06.2021 00:00;8.755;0;0.16
28.06.2021 01:00;8.755;0;0.08
28.06.2021 02:00;4.755;0;0.02
28.06.2021 03:00;2.355;0;0.02
28.06.2021 04:00;1.555;0;0.04
28.06.2021 05:00;1.29;0;0.761
28.06.2021 06:00;4.416;0;2.003
28.06.2021 07:00;1.205;0;1.622
28.06.2021 08:00;0.669;0;1.342
28.06.2021 09:00;0.669;0;1.022
28.06.2021 10:00;0.669;0;0.901
28.06.2021 11:00;0.669;0;0.841
28.06.2021 12:00;4.452;0;1.262
28.06.2021 13:00;1.205;0;1.122
28.06.2021 14:00;0.669;0;0.641
28.06.2021 15:00;0.669;0;0.561
28.06.2021 16:00;0.669;0;0.641
28.06.2021 17:00;1.205;0;1.122
28.06.2021 18:00;4.452;0;1.582
28.06.2021 19:00;5.522;0;1.602
28.06.2021 20:00;5.241;0;1.242
28.06.2021 21:00;9.29;0;0.901
28.06.2021 22:00;9.29;0;0.501
28.06.2021 23:00;8.755;0;0.381
29.06.2021 00:00;8.755;0;0.16
29.06.2021 01:00;8.755;0;0.08
29.06.2021 02:00;4.755;0;0.02
29.06.2021 03:00;2.355;0;0.02
29.06.2021 04:00;1.555;0;0.04
29.06.2021 05:00;1.29;0;0.761
29.06.2021 06:00;4.416;0;2.003
29.06.2021 07:00;1.205;0;1.622
29.06.2021 08:00;0.669;0;1.342
29.06.2021 09:00;0.669;0;1.022
29.06.2021 10:00;0.669;0;0.901
29.06.2021 11:00;0.669;0;0.841
29.06.2021 12:00;4.452;0;1.262
29.06.2021 13:00;1.205;0;1.122
29.06.2021 14:00;0.669;0;0.641
29.06.2021 15:00;0.669;0;0.561
29.06.2021 16:00;0.669;0;0.641
29.06.2021 17:00;1.205;0;1.122
29.06.2021 18:00;4.452;0;1.582
29.06.2021 19:00;5.522;0;1.602
29.06.2021 20:00;5.241;0;1.242
29.06.2021 21:00;9.29;0;0.901
29.06.2021 22:00;9.29;0;0.501
29.06.2021 23:00;8.755;0;0.381
30.06.2021 00:00;8.755;0;0.16
30.06.2021 01:00;8.755;0;0.08
30.06.2021 02:00;4.755;0;0.02
30.06.2021 03:00;2.355;0;0.02
30.06.2021 04:00;1.555;0;0.04
30.06.2021 05:00;1.29;0;0.761
30.06.2021 06:00;4.416;0;2.003
30.06.2021 07:00;1.205;0;1.622
30.06.2021 08:00;0.669;0;1.342
30.06.2021 09:00;0.669;0;1.022
30.06.2021 10:00;0.669;0;0.901
30.06.2021 11:00;0.669;0;0.841
30.06.2021 12:00;4.452;0;1.262
30.06.2021 13:00;1.205;0;1.122
30.06.2021 14:00;0.669;0;0.641
30.06.2021 15:00;0.669;0;0.561
30.06.2021 16:00;0.669;0;0.641
30.06.2021 17:00;1.205;0;1.122
30.06.2021 18:00;4.452;0;1.582
30.06.2021 19:00;5.522;0;1.602
30.06.2021 20:00;5.241;0;1.242
30.06.2021 21:00;9.29;0;0.901
30.06.2021 22:00;9.29;0;0.501
30.06.2021 23:00;8.755;0;0.381
01.07.2021 00:00;4.755;0;0.154
01.07.2021 01:00;4.755;0;0.172
01.07.2021 02:00;2.355;0;0.103
01.07.2021 03:00;1.555;0;0.034
01.07.2021 04:00;1.155;0;0.034
01.07.2021 05:00;1.29;0;0.206
01.07.2021 06:00;4.416;0;0.566
01.07.2021 07:00;1.205;0;0.961
01.07.2021 08:00;0.67;0;1.562
01.07.2021 09:00;0.67;0;1.545
01.07.2021 10:00;0.669;0;1.39
01.07.2021 11:00;4.67;0;1.493
01.07.2021 12:00;8.452;0;1.51
01.07.2021 13:00;5.205;0;1.201
01.07.2021 14:00;0.669;0;0.961
01.07.2021 15:00;0.669;0;0.755
01.07.2021 16:00;0.669;0;0.961
01.07.2021 17:00;1.205;0;1.236
01.07.2021 18:00;4.452;0;1.716
01.07.2021 19:00;5.522;0;1.356
01.07.2021 20:00;5.241;0;0.755
01.07.2021 21:00;5.29;0;0.738
01.07.2021 22:00;9.29;0;0.601
01.07.2021 23:00;4.755;0;0.36
02.07.2021 00:00;4.755;0;0.208
02.07.2021 01:00;4.755;0;0.152
02.07.2021 02:00;4.755;0;0.114
02.07.2021 03:00;4.755;0;0.038
02.07.2021 04:00;4.755;0;0.038
02.07.2021 05:00;1.29;0;0.114
02.07.2021 06:00;4.415;0;0.379
02.07.2021 07:00;1.204;0;0.777
02.07.2021 08:00;0.669;0;1.232
02.07.2021 09:00;0.67;0;1.63
02.07.2021 10:00;0.67;0;1.8
02.07.2021 11:00;4.67;0;1.895
02.07.2021 12:00;8.452;0;1.63
02.07.2021 13:00;5.205;0;1.402
02.07.2021 14:00;4.669;0;1.099
02.07.2021 15:00;4.669;0;0.966
02.07.2021 16:00;0.669;0;0.55
02.07.2021 17:00;1.205;0;1.042
02.07.2021 18:00;4.452;0;1.364
02.07.2021 19:00;5.522;0;1.478
02.07.2021 20:00;9.241;0;0.758
02.07.2021 21:00;9.29;0;0.701
02.07.2021 22:00;9.29;0;0.644
02.07.2021 23:00;8.755;0;0.36
03.07.2021 00:00;8.755;0;0.16
03.07.2021 01:00;8.755;0;0.08
03.07.2021 02:00;4.755;0;0.02
03.07.2021 03:00;2.355;0;0.02
03.07.2021 04:00;1.555;0;0.04
03.07.2021 05:00;1.29;0;0.761
03.07.2021 06:00;4.416;0;2.003
03.07.2021 07:00;1.205;0;1.622
03.07.2021 08:00;0.669;0;1.342
03.07.2021 09:00;0.669;0;1.022
03.07.2021 10:00;0.669;0;0.901
03.07.2021 11:00;0.669;0;0.841
03.07.2021 12:00;4.452;0;1.262
03.07.2021 13:00;1.205;0;1.122
03.07.2021 14:00;0.669;0;0.641
03.07.2021 15:00;0.669;0;0.561
03.07.2021 16:00;0.669;0;0.641
03.07.2021 17:00;1.205;0;1.122
03.07.2021 18:00;4.452;0;1.582
03.07.2021 19:00;5.522;0;1.602
03.07.2021 20:00;5.241;0;1.242
03.07.2021 21:00;9.29;0;0.901
03.07.2021 22:00;9.29;0;0.501
03.07.2021 23:00;8.755;0;0.381
04.07.2021 00:00;8.755;0;0.16
04.07.2021 01:00;8.755;0;0.08
04.07.2021 02:00;4.755;0;0.02
04.07.2021 03:00;2.355;0;0.02
04.07.2021 04:00;1.555;0;0.04
04.07.2021 05:00;1.29;0;0.761
04.07.2021 06:00;4.416;0;2.003
04.07.2021 07:00;1.205;0;1.622
04.07.2021 08:00;0.669;0;1.342
04.07.2021 09:00;0.669;0;1.022
04.07.2021 10:00;0.669;0;0.901
04.07.2021 11:00;0.669;0;0.841
04.07.2021 12:00;4.452;0;1.262
04.07.2021 13:00;1.205;0;1.122
04.07.2021 14:00;0.669;0;0.641
04.07.2021 15:00;0.669;0;0.561
04.07.2021 16:00;0.669;0;0.641
04.07.2021 17:00;1.205;0;1.122
04.07.2021 18:00;4.452;0;1.582
04.07.2021 19:00;5.522;0;1.602
04.07.2021 20:00;5.241;0;1.242
04.07.2021 21:00;9.29;0;0.901
04.07.2021 22:00;9.29;0;0.501
04.07.2021 23:00;8.755;0;0.381
05.07.2021 00:00;8.755;0;0.16
05.07.2021 01:00;8.755;0;0.08
05.07.2021 02:00;4.755;0;0.02
05.07.2021 03:00;2.355;0;0.02
05.07.2021 04:00;1.555;0;0.04
05.07.2021 05:00;1.29;0;0.761
05.07.2021 06:00;4.416;0;2.003
05.07.2021 07:00;1.205;0;1.622
05.07.2021 08:00;0.669;0;1.342
05.07.2021 09:00;0.669;0;1.022
05.07.2021 10:00;0.669;0;0.901
05.07.2021 11:00;0.669;0;0.841
05.07.2021 12:00;4.452;0;1.262
05.07.2021 13:00;1.205;0;1.122
05.07.2021 14:00;0.669;0;0.641
05.07.2021 15:00;0.669;0;0.561
05.07.2021 16:00;0.669;0;0.641
05.07.2021 17:00;1.205;0;1.122
05.07.2021 18:00;4.452;0;1.582
05.07.2021 19:00;5.522;0;1.602
05.07.2021 20:00;5.241;0;1.242
05.07.2021 21:00;9.29;0;0.901
05.07.2021 22:00;9.29;0;0.501
05.07.2021 23:00;8.755;0;0.381
06.07.2021 00:00;8.755;0;0.16
06.07.2021 01:00;8.755;0;0.08
06.07.2021 02:00;4.755;0;0.02
06.07.2021 03:00;2.355;0;0.02
06.07.2021 04:00;1.555;0;0.04
06.07.2021 05:00;1.29;0;0.761
06.07.2021 06:00;4.416;0;2.003
06.07.2021 07:00;1.205;0;1.622
06.07.2021 08:00;0.669;0;1.342
06.07.2021 09:00;0.669;0;1.022
06.07.2021 10:00;0.669;0;0.901
06.07.2021 11:00;0.669;0;0.841
06.07.2021 12:00;4.452;0;1.262
06.07.2021 13:00;1.205;0;1.122
06.07.2021 14:00;0.669;0;0.641
06.07.2021 15:00;0.669;0;0.561
06.07.2021 16:00;0.669;0;0.641
06.07.2021 17:00;1.205;0;1.122
06.07.2021 18:00;4.452;0;1.582
06.07.2021 19:00;5.522;0;1.602
06.07.2021 20:00;5.241;0;1.242
06.07.2021 21:00;9.29;0;0.901
06.07.2021 22:00;9.29;0;0.501
06.07.2021 23:00;8.755;0;0.381
07.07.2021 00:00;8.755;0;0.16
07.07.2021 01:00;8.755;0;0.08
07.07.2021 02:00;4.755;0;0.02
07.07.2021 03:00;2.355;0;0.02
07.07.2021 04:00;1.555;0;0.04
07.07.2021 05:00;1.29;0;0.761
07.07.2021 06:00;4.416;0;2.003
07.07.2021 07:00;1.205;0;1.622
07.07.2021 08:00;0.669;0;1.342
07.07.2021 09:00;0.669;0;1.022
07.07.2021 10:00;0.669;0;0.901
07.07.2021 11:00;0.669;0;0.841
07.07.2021 12:00;4.452;0;1.262
07.07.2021 13:00;1.205;0;1.122
07.07.2021 14:00;0.669;0;0.641
07.07.2021 15:00;0.669;0;0.561
07.07.2021 16:00;0.669;0;0.641
07.07.2021 17:00;1.205;0;1.122
07.07.2021 18:00;4.452;0;1.582
07.07.2021 19:00;5.522;0;1.602
07.07.2021 20:00;5.241;0;1.242
07.07.2021 21:00;9.29;0;0.901
07.07.2021 22:00;9.29;0;0.501
07.07.2021 23:00;8.755;0;0.381
08.07.2021 00:00;4.755;0;0.154
08.07.2021 01:00;4.755;0;0.172
08.07.2021 02:00;2.355;0;0.103
08.07.2021 03:00;1.555;0;0.034
08.07.2021 04:00;1.155;0;0.034
08.07.2021 05:00;1.29;0;0.206
08.07.2021 06:00;4.416;0;0.566
08.07.2021 07:00;1.205;0;0.961
08.07.2021 08:00;0.67;0;1.562
08.07.2021 09:00;0.67;0;1.545
08.07.2021 10:00;0.669;0;1.39
08.07.2021 11:00;4.67;0;1.493
08.07.2021 12:00;8.452;0;1.51
08.07.2021 13:00;5.205;0;1.201
08.07.2021 14:00;0.669;0;0.961
08.07.2021 15:00;0.669;0;0.755
08.07.2021 16:00;0.669;0;0.961
08.07.2021 17:00;1.205;0;1.236
08.07.2021 18:00;4.452;0;1.716
08.07.2021 19:00;5.522;0;1.356
08.07.2021 20:00;5.241;0;0.755
08.07.2021 21:00;5.29;0;0.738
08.07.2021 22:00;9.29;0;0.601
08.07.2021 23:00;4.755;0;0.36
09.07.2021 00:00;4.755;0;0.208
09.07.2021 01:00;4.755;0;0.152
09.07.2021 02:00;4.755;0;0.114
09.07.2021 03:00;4.755;0;0.038
09.07.2021 04:00;4.755;0;0.038
09.07.2021 05:00;1.29;0;0.114
09.07.2021 06:00;4.415;0;0.379
09.07.2021 07:00;1.204;0;0.777
09.07.2021 08:00;0.669;0;1.232
09.07.2021 09:00;0.67;0;1.63
09.07.2021 10:00;0.67;0;1.8
09.07.2021 11:00;4.67;0;1.895
09.07.2021 12:00;8.452;0;1.63
09.07.2021 13:00;5.205;0;1.402
09.07.2021 14:00;4.669;0;1.099
09.07.2021 15:00;4.669;0;0.966
09.07.2021 16:00;0.669;0;0.55
09.07.2021 17:00;1.205;0;1.042
09.07.2021 18:00;4.452;0;1.364
09.07.2021 19:00;5.522;0;1.478
09.07.2021 20:00;9.241;0;0.758
09.07.2021 21:00;9.29;0;0.701
09.07.2021 22:00;9.29;0;0.644
09.07.2021 23:00;8.755;0;0.36
10.07.2021 00:00;8.755;0;0.16
10.07.2021 01:00;8.755;0;0.08
10.07.2021 02:00;4.755;0;0.02
10.07.2021 03:00;2.355;0;0.02
10.07.2021 04:00;1.555;0;0.04
10.07.2021 05:00;1.29;0;0.761
10.07.2021 06:00;4.416;0;2.003
10.07.2021 07:00;1.205;0;1.622
10.07.2021 08:00;0.669;0;1.342
10.07.2021 09:00;0.669;0;1.022
10.07.2021 10:00;0.669;0;0.901
10.07.2021 11:00;0.669;0;0.841
10.07.2021 12:00;4.452;0;1.262
10.07.2021 13:00;1.205;0;1.122
10.07.2021 14:00;0.669;0;0.641
10.07.2021 15:00;0.669;0;0.561
10.07.2021 16:00;0.669;0;0.641
10.07.2021 17:00;1.205;0;1.122
10.07.2021 18:00;4.452;0;1.582
10.07.2021 19:00;5.522;0;1.602
10.07.2021 20:00;5.241;0;1.242
10.07.2021 21:00;9.29;0;0.901
10.07.2021 22:00;9.29;0;0.501
10.07.2021 23:00;8.755;0;0.381
11.07.2021 00:00;8.755;0;0.16
11.07.2021 01:00;8.755;0;0.08
11.07.2021 02:00;4.755;0;0.02
11.07.2021 03:00;2.355;0;0.02
11.07.2021 04:00;1.555;0;0.04
11.07.2021 05:00;1.29;0;0.761
11.07.2021 06:00;4.416;0;2.003
11.07.2021 07:00;1.205;0;1.622
11.07.2021 08:00;0.669;0;1.342
11.07.2021 09:00;0.669;0;1.022
11.07.2021 10:00;0.669;0;0.901
11.07.2021 11:00;0.669;0;0.841
11.07.2021 12:00;4.452;0;1.262
11.07.2021 13:00;1.205;0;1.122
11.07.2021 14:00;0.669;0;0.641
11.07.2021 15:00;0.669;0;0.561
11.07.2021 16:00;0.669;0;0.641
11.07.2021 17:00;1.205;0;1.122
11.07.2021 18:00;4.452;0;1.582
11.07.2021 19:00;5.522;0;1.602
11.07.2021 20:00;5.241;0;1.242
11.07.2021 21:00;9.29;0;0.901
11.07.2021 22:00;9.29;0;0.501
11.07.2021 23:00;8.755;0;0.381
12.07.2021 00:00;8.755;0;0.16
12.07.2021 01:00;8.755;0;0.08
12.07.2021 02:00;4.755;0;0.02
12.07.2021 03:00;2.355;0;0.02
12.07.2021 04:00;1.555;0;0.04
12.07.2021 05:00;1.29;0;0.761
12.07.2021 06:00;4.416;0;2.003
12.07.2021 07:00;1.205;0;1.622
12.07.2021 08:00;0.669;0;1.342
12.07.2021 09:00;0.669;0;1.022
12.07.2021 10:00;0.669;0;0.901
12.07.2021 11:00;0.669;0;0.841
12.07.2021 12:00;4.452;0;1.262
12.07.2021 13:00;1.205;0;1.122
12.07.2021 14:00;0.669;0;0.641
12.07.2021 15:00;0.669;0;0.561
12.07.2021 16:00;0.669;0;0.641
12.07.2021 17:00;1.205;0;1.122
12.07.2021 18:00;4.452;0;1.582
12.07.2021 19:00;5.522;0;1.602
12.07.2021 20:00;5.241;0;1.242
12.07.2021 21:00;9.29;0;0.901
12.07.2021 22:00;9.29;0;0.501
12.07.2021 23:00;8.755;0;0.381
13.07.2021 00:00;8.755;0;0.16
13.07.2021 01:00;8.755;0;0.08
13.07.2021 02:00;4.755;0;0.02
13.07.2021 03:00;2.355;0;0.02
13.07.2021 04:00;1.555;0;0.04
13.07.2021 05:00;1.29;0;0.761
13.07.2021 06:00;4.416;0;2.003
13.07.2021 07:00;1.205;0;1.622
13.07.2021 08:00;0.669;0;1.342
13.07.2021 09:00;0.669;0;1.022
13.07.2021 10:00;0.669;0;0.901
13.07.2021 11:00;0.669;0;0.841
13.07.2021 12:00;4.452;0;1.262
13.07.2021 13:00;1.205;0;1.122
13.07.2021 14:00;0.669;0;0.641
13.07.2021 15:00;0.669;0;0.561
13.07.2021 16:00;0.669;0;0.641
13.07.2021 17:00;1.205;0;1.122
13.07.2021 18:00;4.452;0;1.582
13.07.2021 19:00;5.522;0;1.602
13.07.2021 20:00;5.241;0;1.242
13.07.2021 21:00;9.29;0;0.901
13.07.2021 22:00;9.29;0;0.501
13.07.2021 23:00;8.755;0;0.381
14.07.2021 00:00;8.755;0;0.16
14.07.2021 01:00;8.755;0;0.08
14.07.2021 02:00;4.755;0;0.02
14.07.2021 03:00;2.355;0;0.02
14.07.2021 04:00;1.555;0;0.04
14.07.2021 05:00;1.29;0;0.761
14.07.2021 06:00;4.416;0;2.003
14.07.2021 07:00;1.205;0;1.622
14.07.2021 08:00;0.669;0;1.342
14.07.2021 09:00;0.669;0;1.022
14.07.2021 10:00;0.669;0;0.901
14.07.2021 11:00;0.669;0;0.841
14.07.2021 12:00;4.452;0;1.262
14.07.2021 13:00;1.205;0;1.122
14.07.2021 14:00;0.669;0;0.641
14.07.2021 15:00;0.669;0;0.561
14.07.2021 16:00;0.669;0;0.641
14.07.2021 17:00;1.205;0;1.122
14.07.2021 18:00;4.452;0;1.582
14.07.2021 19:00;5.522;0;1.602
14.07.2021 20:00;5.241;0;1.242
14.07.2021 21:00;9.29;0;0.901
14.07.2021 22:00;9.29;0;0.501
14.07.2021 23:00;8.755;0;0.381
15.07.2021 00:00;4.755;0;0.154
15.07.2021 01:00;4.755;0;0.172
15.07.2021 02:00;2.355;0;0.103
15.07.2021 03:00;1.555;0;0.034
15.07.2021 04:00;1.155;0;0.034
15.07.2021 05:00;1.29;0;0.206
15.07.2021 06:00;4.416;0;0.566
15.07.2021 07:00;1.205;0;0.961
15.07.2021 08:00;0.67;0;1.562
15.07.2021 09:00;0.67;0;1.545
15.07.2021 10:00;0.669;0;1.39
15.07.2021 11:00;4.67;0;1.493
15.07.2021 12:00;8.452;0;1.51
15.07.2021 13:00;5.205;0;1.201
15.07.2021 14:00;0.669;0;0.961
15.07.2021 15:00;0.669;0;0.755
15.07.2021 16:00;0.669;0;0.961
15.07.2021 17:00;1.205;0;1.236
15.07.2021 18:00;4.452;0;1.716
15.07.2021 19:00;5.522;0;1.356
15.07.2021 20:00;5.241;0;0.755
15.07.2021 21:00;5.29;0;0.738
15.07.2021 22:00;9.29;0;0.601
15.07.2021 23:00;4.755;0;0.36
16.07.2021 00:00;4.755;0;0.208
16.07.2021 01:00;4.755;0;0.152
16.07.2021 02:00;4.755;0;0.114
16.07.2021 03:00;4.755;0;0.038
16.07.2021 04:00;4.755;0;0.038
16.07.2021 05:00;1.29;0;0.114
16.07.2021 06:00;4.415;0;0.379
16.07.2021 07:00;1.204;0;0.777
16.07.2021 08:00;0.669;0;1.232
16.07.2021 09:00;0.67;0;1.63
16.07.2021 10:00;0.67;0;1.8
16.07.2021 11:00;4.67;0;1.895
16.07.2021 12:00;8.452;0;1.63
16.07.2021 13:00;5.205;0;1.402
16.07.2021 14:00;4.669;0;1.099
16.07.2021 15:00;4.669;0;0.966
16.07.2021 16:00;0.669;0;0.55
16.07.2021 17:00;1.205;0;1.042
16.07.2021 18:00;4.452;0;1.364
16.07.2021 19:00;5.522;0;1.478
16.07.2021 20:00;9.241;0;0.758
16.07.2021 21:00;9.29;0;0.701
16.07.2021 22:00;9.29;0;0.644
16.07.2021 23:00;8.755;0;0.36
17.07.2021 00:00;8.755;0;0.16
17.07.2021 01:00;8.755;0;0.08
17.07.2021 02:00;4.755;0;0.02
17.07.2021 03:00;2.355;0;0.02
17.07.2021 04:00;1.555;0;0.04
17.07.2021 05:00;1.29;0;0.761
17.07.2021 06:00;4.416;0;2.003
17.07.2021 07:00;1.205;0;1.622
17.07.2021 08:00;0.669;0;1.342
17.07.2021 09:00;0.669;0;1.022
17.07.2021 10:00;0.669;0;0.901
17.07.2021 11:00;0.669;0;0.841
17.07.2021 12:00;4.452;0;1.262
17.07.2021 13:00;1.205;0;1.122
17.07.2021 14:00;0.669;0;0.641
17.07.2021 15:00;0.669;0;0.561
17.07.2021 16:00;0.669;0;0.641
17.07.2021 17:00;1.205;0;1.122
17.07.2021 18:00;4.452;0;1.582
17.07.2021 19:00;5.522;0;1.602
17.07.2021 20:00;5.241;0;1.242
17.07.2021 21:00;9.29;0;0.901
17.07.2021 22:00;9.29;0;0.501
17.07.2021 23:00;8.755;0;0.381
18.07.2021 00:00;8.755;0;0.16
18.07.2021 01:00;8.755;0;0.08
18.07.2021 02:00;4.755;0;0.02
18.07.2021 03:00;2.355;0;0.02
18.07.2021 04:00;1.555;0;0.04
18.07.2021 05:00;1.29;0;0.761
18.07.2021 06:00;4.416;0;2.003
18.07.2021 07:00;1.205;0;1.622
18.07.2021 08:00;0.669;0;1.342
18.07.2021 09:00;0.669;0;1.022
18.07.2021 10:00;0.669;0;0.901
18.07.2021 11:00;0.669;0;0.841
18.07.2021 12:00;4.452;0;1.262
18.07.2021 13:00;1.205;0;1.122
18.07.2021 14:00;0.669;0;0.641
18.07.2021 15:00;0.669;0;0.561
18.07.2021 16:00;0.669;0;0.641
18.07.2021 17:00;1.205;0;1.122
18.07.2021 18:00;4.452;0;1.582
18.07.2021 19:00;5.522;0;1.602
18.07.2021 20:00;5.241;0;1.242
18.07.2021 21:00;9.29;0;0.901
18.07.2021 22:00;9.29;0;0.501
18.07.2021 23:00;8.755;0;0.381
19.07.2021 00:00;8.755;0;0.16
19.07.2021 01:00;8.755;0;0.08
19.07.2021 02:00;4.755;0;0.02
19.07.2021 03:00;2.355;0;0.02
19.07.2021 04:00;1.555;0;0.04
19.07.2021 05:00;1.29;0;0.761
19.07.2021 06:00;4.416;0;2.003
19.07.2021 07:00;1.205;0;1.622
19.07.2021 08:00;0.669;0;1.342
19.07.2021 09:00;0.669;0;1.022
19.07.2021 10:00;0.669;0;0.901
19.07.2021 11:00;0.669;0;0.841
19.07.2021 12:00;4.452;0;1.262
19.07.2021 13:00;1.205;0;1.122
19.07.2021 14:00;0.669;0;0.641
19.07.2021 15:00;0.669;0;0.561
19.07.2021 16:00;0.669;0;0.641
19.07.2021 17:00;1.205;0;1.122
19.07.2021 18:00;4.452;0;1.582
19.07.2021 19:00;5.522;0;1.602
19.07.2021 20:00;5.241;0;1.242
19.07.2021 21:00;9.29;0;0.901
19.07.2021 22:00;9.29;0;0.501
19.07.2021 23:00;8.755;0;0.381
20.07.2021 00:00;8.755;0;0.16
20.07.2021 01:00;8.755;0;0.08
20.07.2021 02:00;4.755;0;0.02
20.07.2021 03:00;2.355;0;0.02
20.07.2021 04:00;1.555;0;0.04
20.07.2021 05:00;1.29;0;0.761
20.07.2021 06:00;4.416;0;2.003
20.07.2021 07:00;1.205;0;1.622
20.07.2021 08:00;0.669;0;1.342
20.07.2021 09:00;0.669;0;1.022
20.07.2021 10:00;0.669;0;0.901
20.07.2021 11:00;0.669;0;0.841
20.07.2021 12:00;4.452;0;1.262
20.07.2021 13:00;1.205;0;1.122
20.07.2021 14:00;0.669;0;0.641
20.07.2021 15:00;0.669;0;0.561
20.07.2021 16:00;0.669;0;0.641
20.07.2021 17:00;1.205;0;1.122
20.07.2021 18:00;4.452;0;1.582
20.07.2021 19:00;5.522;0;1.602
20.07.2021 20:00;5.241;0;1.242
20.07.2021 21:00;9.29;0;0.901
20.07.2021 22:00;9.29;0;0.501
20.07.2021 23:00;8.755;0;0.381
21.07.2021 00:00;8.755;0;0.16
21.07.2021 01:00;8.755;0;0.08
21.07.2021 02:00;4.755;0;0.02
21.07.2021 03:00;2.355;0;0.02
21.07.2021 04:00;1.555;0;0.04
21.07.2021 05:00;1.29;0;0.761
21.07.2021 06:00;4.416;0;2.003
21.07.2021 07:00;1.205;0;1.622
21.07.2021 08:00;0.669;0;1.342
21.07.2021 09:00;0.669;0;1.022
21.07.2021 10:00;0.669;0;0.901
21.07.2021 11:00;0.669;0;0.841
21.07.2021 12:00;4.452;0;1.262
21.07.2021 13:00;1.205;0;1.122
21.07.2021 14:00;0.669;0;0.641
21.07.2021 15:00;0.669;0;0.561
21.07.2021 16:00;0.669;0;0.641
21.07.2021 17:00;1.205;0;1.122
21.07.2021 18:00;4.452;0;1.582
21.07.2021 19:00;5.522;0;1.602
21.07.2021 20:00;5.241;0;1.242
21.07.2021 21:00;9.29;0;0.901
21.07.2021 22:00;9.29;0;0.501
21.07.2021 23:00;8.755;0;0.381
22.07.2021 00:00;4.755;0;0.154
22.07.2021 01:00;4.755;0;0.172
22.07.2021 02:00;2.355;0;0.103
22.07.2021 03:00;1.555;0;0.034
22.07.2021 04:00;1.155;0;0.034
22.07.2021 05:00;1.29;0;0.206
22.07.2021 06:00;4.416;0;0.566
22.07.2021 07:00;1.205;0;0.961
22.07.2021 08:00;0.67;0;1.562
22.07.2021 09:00;0.67;0;1.545
22.07.2021 10:00;0.669;0;1.39
22.07.2021 11:00;4.67;0;1.493
22.07.2021 12:00;8.452;0;1.51
22.07.2021 13:00;5.205;0;1.201
22.07.2021 14:00;0.669;0;0.961
22.07.2021 15:00;0.669;0;0.755
22.07.2021 16:00;0.669;0;0.961
22.07.2021 17:00;1.205;0;1.236
22.07.2021 18:00;4.452;0;1.716
22.07.2021 19:00;5.522;0;1.356
22.07.2021 20:00;5.241;0;0.755
22.07.2021 21:00;5.29;0;0.738
22.07.2021 22:00;9.29;0;0.601
22.07.2021 23:00;4.755;0;0.36
23.07.2021 00:00;4.755;0;0.208
23.07.2021 01:00;4.755;0;0.152
23.07.2021 02:00;4.755;0;0.114
23.07.2021 03:00;4.755;0;0.038
23.07.2021 04:00;4.755;0;0.038
23.07.2021 05:00;1.29;0;0.114
23.07.2021 06:00;4.415;0;0.379
23.07.2021 07:00;1.204;0;0.777
23.07.2021 08:00;0.669;0;1.232
23.07.2021 09:00;0.67;0;1.63
23.07.2021 10:00;0.67;0;1.8
23.07.2021 11:00;4.67;0;1.895
23.07.2021 12:00;8.452;0;1.63
23.07.2021 13:00;5.205;0;1.402
23.07.2021 14:00;4.669;0;1.099
23.07.2021 15:00;4.669;0;0.966
23.07.2021 16:00;0.669;0;0.55
23.07.2021 17:00;1.205;0;1.042
23.07.2021 18:00;4.452;0;1.364
23.07.2021 19:00;5.522;0;1.478
23.07.2021 20:00;9.241;0;0.758
23.07.2021 21:00;9.29;0;0.701
23.07.2021 22:00;9.29;0;0.644
23.07.2021 23:00;8.755;0;0.36
24.07.2021 00:00;8.755;0;0.16
24.07.2021 01:00;8.755;0;0.08
24.07.2021 02:00;4.755;0;0.02
24.07.2021 03:00;2.355;0;0.02
24.07.2021 04:00;1.555;0;0.04
24.07.2021 05:00;1.29;0;0.761
24.07.2021 06:00;4.416;0;2.003
24.07.2021 07:00;1.205;0;1.622
24.07.2021 08:00;0.669;0;1.342
24.07.2021 09:00;0.669;0;1.022
24.07.2021 10:00;0.669;0;0.901
24.07.2021 11:00;0.669;0;0.841
24.07.2021 12:00;4.452;0;1.262
24.07.2021 13:00;1.205;0;1.122
24.07.2021 14:00;0.669;0;0.641
24.07.2021 15:00;0.669;0;0.561
24.07.2021 16:00;0.669;0;0.641
24.07.2021 17:00;1.205;0;1.122
24.07.2021 18:00;4.452;0;1.582
24.07.2021 19:00;5.522;0;1.602
24.07.2021 20:00;5.241;0;1.242
24.07.2021 21:00;9.29;0;0.901
24.07.2021 22:00;9.29;0;0.501
24.07.2021 23:00;8.755;0;0.381
25.07.2021 00:00;8.755;0;0.16
25.07.2021 01:00;8.755;0;0.08
25.07.2021 02:00;4.755;0;0.02
25.07.2021 03:00;2.355;0;0.02
25.07.2021 04:00;1.555;0;0.04
25.07.2021 05:00;1.29;0;0.761
25.07.2021 06:00;4.416;0;2.003
25.07.2021 07:00;1.205;0;1.622
25.07.2021 08:00;0.669;0;1.342
25.07.2021 09:00;0.669;0;1.022
25.07.2021 10:00;0.669;0;0.901
25.07.2021 11:00;0.669;0;0.841
25.07.2021 12:00;4.452;0;1.262
25.07.2021 13:00;1.205;0;1.122
25.07.2021 14:00;0.669;0;0.641
25.07.2021 15:00;0.669;0;0.561
25.07.2021 16:00;0.669;0;0.641
25.07.2021 17:00;1.205;0;1.122
25.07.2021 18:00;4.452;0;1.582
25.07.2021 19:00;5.522;0;1.602
25.07.2021 20:00;5.241;0;1.242
25.07.2021 21:00;9.29;0;0.901
25.07.2021 22:00;9.29;0;0.501
25.07.2021 23:00;8.755;0;0.381
26.07.2021 00:00;8.755;0;0.16
26.07.2021 01:00;8.755;0;0.08
26.07.2021 02:00;4.755;0;0.02
26.07.2021 03:00;2.355;0;0.02
26.07.2021 04:00;1.555;0;0.04
26.07.2021 05:00;1.29;0;0.761
26.07.2021 06:00;4.416;0;2.003
26.07.2021 07:00;1.205;0;1.622
26.07.2021 08:00;0.669;0;1.342
26.07.2021 09:00;0.669;0;1.022
26.07.2021 10:00;0.669;0;0.901
26.07.2021 11:00;0.669;0;0.841
26.07.2021 12:00;4.452;0;1.262
26.07.2021 13:00;1.205;0;1.122
26.07.2021 14:00;0.669;0;0.641
26.07.2021 15:00;0.669;0;0.561
26.07.2021 16:00;0.669;0;0.641
26.07.2021 17:00;1.205;0;1.122
26.07.2021 18:00;4.452;0;1.582
26.07.2021 19:00;5.522;0;1.602
26.07.2021 20:00;5.241;0;1.242
26.07.2021 21:00;9.29;0;0.901
26.07.2021 22:00;9.29;0;0.501
26.07.2021 23:00;8.755;0;0.381
27.07.2021 00:00;8.755;0;0.16
27.07.2021 01:00;8.755;0;0.08
27.07.2021 02:00;4.755;0;0.02
27.07.2021 03:00;2.355;0;0.02
27.07.2021 04:00;1.555;0;0.04
27.07.2021 05:00;1.29;0;0.761
27.07.2021 06:00;4.416;0;2.003
27.07.2021 07:00;1.205;0;1.622
27.07.2021 08:00;0.669;0;1.342
27.07.2021 09:00;0.669;0;1.022
27.07.2021 10:00;0.669;0;0.901
27.07.2021 11:00;0.669;0;0.841
27.07.2021 12:00;4.452;0;1.262
27.07.2021 13:00;1.205;0;1.122
27.07.2021 14:00;0.669;0;0.641
27.07.2021 15:00;0.669;0;0.561
27.07.2021 16:00;0.669;0;0.641
27.07.2021 17:00;1.205;0;1.122
27.07.2021 18:00;4.452;0;1.582
27.07.2021 19:00;5.522;0;1.602
27.07.2021 20:00;5.241;0;1.242
27.07.2021 21:00;9.29;0;0.901
27.07.2021 22:00;9.29;0;0.501
27.07.2021 23:00;8.755;0;0.381
28.07.2021 00:00;8.755;0;0.16
28.07.2021 01:00;8.755;0;0.08
28.07.2021 02:00;4.755;0;0.02
28.07.2021 03:00;2.355;0;0.02
28.07.2021 04:00;1.555;0;0.04
28.07.2021 05:00;1.29;0;0.761
28.07.2021 06:00;4.416;0;2.003
28.07.2021 07:00;1.205;0;1.622
28.07.2021 08:00;0.669;0;1.342
28.07.2021 09:00;0.669;0;1.022
28.07.2021 10:00;0.669;0;0.901
28.07.2021 11:00;0.669;0;0.841
28.07.2021 12:00;4.452;0;1.262
28.07.2021 13:00;1.205;0;1.122
28.07.2021 14:00;0.669;0;0.641
28.07.2021 15:00;0.669;0;0.561
28.07.2021 16:00;0.669;0;0.641
28.07.2021 17:00;1.205;0;1.122
28.07.2021 18:00;4.452;0;1.582
28.07.2021 19:00;5.522;0;1.602
28.07.2021 20:00;5.241;0;1.242
28.07.2021 21:00;9.29;0;0.901
28.07.2021 22:00;9.29;0;0.501
28.07.2021 23:00;8.755;0;0.381
29.07.2021 00:00;4.755;0;0.154
29.07.2021 01:00;4.755;0;0.172
29.07.2021 02:00;2.355;0;0.103
29.07.2021 03:00;1.555;0;0.034
29.07.2021 04:00;1.155;0;0.034
29.07.2021 05:00;1.29;0;0.206
29.07.2021 06:00;4.416;0;0.566
29.07.2021 07:00;1.205;0;0.961
29.07.2021 08:00;0.67;0;1.562
29.07.2021 09:00;0.67;0;1.545
29.07.2021 10:00;0.669;0;1.39
29.07.2021 11:00;4.67;0;1.493
29.07.2021 12:00;8.452;0;1.51
29.07.2021 13:00;5.205;0;1.201
29.07.2021 14:00;0.669;0;0.961
29.07.2021 15:00;0.669;0;0.755
29.07.2021 16:00;0.669;0;0.961
29.07.2021 17:00;1.205;0;1.236
29.07.2021 18:00;4.452;0;1.716
29.07.2021 19:00;5.522;0;1.356
29.07.2021 20:00;5.241;0;0.755
29.07.2021 21:00;5.29;0;0.738
29.07.2021 22:00;9.29;0;0.601
29.07.2021 23:00;4.755;0;0.36
30.07.2021 00:00;4.755;0;0.208
30.07.2021 01:00;4.755;0;0.152
30.07.2021 02:00;4.755;0;0.114
30.07.2021 03:00;4.755;0;0.038
30.07.2021 04:00;4.755;0;0.038
30.07.2021 05:00;1.29;0;0.114
30.07.2021 06:00;4.415;0;0.379
30.07.2021 07:00;1.204;0;0.777
30.07.2021 08:00;0.669;0;1.232
30.07.2021 09:00;0.67;0;1.63
30.07.2021 10:00;0.67;0;1.8
30.07.2021 11:00;4.67;0;1.895
30.07.2021 12:00;8.452;0;1.63
30.07.2021 13:00;5.205;0;1.402
30.07.2021 14:00;4.669;0;1.099
30.07.2021 15:00;4.669;0;0.966
30.07.2021 16:00;0.669;0;0.55
30.07.2021 17:00;1.205;0;1.042
30.07.2021 18:00;4.452;0;1.364
30.07.2021 19:00;5.522;0;1.478
30.07.2021 20:00;9.241;0;0.758
30.07.2021 21:00;9.29;0;0.701
30.07.2021 22:00;9.29;0;0.644
30.07.2021 23:00;8.755;0;0.36
31.07.2021 00:00;8.755;0;0.16
31.07.2021 01:00;8.755;0;0.08
31.07.2021 02:00;4.755;0;0.02
31.07.2021 03:00;2.355;0;0.02
31.07.2021 04:00;1.555;0;0.04
31.07.2021 05:00;1.29;0;0.761
31.07.2021 06:00;4.416;0;2.003
31.07.2021 07:00;1.205;0;1.622
31.07.2021 08:00;0.669;0;1.342
31.07.2021 09:00;0.669;0;1.022
31.07.2021 10:00;0.669;0;0.901
31.07.2021 11:00;0.669;0;0.841
31.07.2021 12:00;4.526;0;1.262
31.07.2021 13:00;1.205;0;1.122
31.07.2021 14:00;0.669;0;0.641
31.07.2021 15:00;0.669;0;0.561
31.07.2021 16:00;0.669;0;0.641
31.07.2021 17:00;1.205;0;1.122
31.07.2021 18:00;4.526;0;1.582
31.07.2021 19:00;5.596;0;1.602
31.07.2021 20:00;5.241;0;1.242
31.07.2021 21:00;9.29;0;0.901
31.07.2021 22:00;9.29;0;0.501
31.07.2021 23:00;8.755;0;0.381
01.08.2021 00:00;8.755;0;0.16
01.08.2021 01:00;8.755;0;0.08
01.08.2021 02:00;4.755;0;0.02
01.08.2021 03:00;2.355;0;0.02
01.08.2021 04:00;1.555;0;0.04
01.08.2021 05:00;1.29;0;0.761
01.08.2021 06:00;4.416;0;2.003
01.08.2021 07:00;1.205;0;1.622
01.08.2021 08:00;0.669;0;1.342
01.08.2021 09:00;0.669;0;1.022
01.08.2021 10:00;0.669;0;0.901
01.08.2021 11:00;0.669;0;0.841
01.08.2021 12:00;4.452;0;1.262
01.08.2021 13:00;1.205;0;1.122
01.08.2021 14:00;0.669;0;0.641
01.08.2021 15:00;0.669;0;0.561
01.08.2021 16:00;0.669;0;0.641
01.08.2021 17:00;1.205;0;1.122
01.08.2021 18:00;4.452;0;1.582
01.08.2021 19:00;5.522;0;1.602
01.08.2021 20:00;5.241;0;1.242
01.08.2021 21:00;9.29;0;0.901
01.08.2021 22:00;9.29;0;0.501
01.08.2021 23:00;8.755;0;0.381
02.08.2021 00:00;8.755;0;0.16
02.08.2021 01:00;8.755;0;0.08
02.08.2021 02:00;4.755;0;0.02
02.08.2021 03:00;2.355;0;0.02
02.08.2021 04:00;1.555;0;0.04
02.08.2021 05:00;1.29;0;0.761
02.08.2021 06:00;4.416;0;2.003
02.08.2021 07:00;1.205;0;1.622
02.08.2021 08:00;0.669;0;1.342
02.08.2021 09:00;0.669;0;1.022
02.08.2021 10:00;0.669;0;0.901
02.08.2021 11:00;0.669;0;0.841
02.08.2021 12:00;4.452;0;1.262
02.08.2021 13:00;1.205;0;1.122
02.08.2021 14:00;0.669;0;0.641
02.08.2021 15:00;0.669;0;0.561
02.08.2021 16:00;0.669;0;0.641
02.08.2021 17:00;1.205;0;1.122
02.08.2021 18:00;4.452;0;1.582
02.08.2021 19:00;5.522;0;1.602
02.08.2021 20:00;5.241;0;1.242
02.08.2021 21:00;9.29;0;0.901
02.08.2021 22:00;9.29;0;0.501
02.08.2021 23:00;8.755;0;0.381
03.08.2021 00:00;8.755;0;0.16
03.08.2021 01:00;8.755;0;0.08
03.08.2021 02:00;4.755;0;0.02
03.08.2021 03:00;2.355;0;0.02
03.08.2021 04:00;1.555;0;0.04
03.08.2021 05:00;1.29;0;0.761
03.08.2021 06:00;4.416;0;2.003
03.08.2021 07:00;1.205;0;1.622
03.08.2021 08:00;0.669;0;1.342
03.08.2021 09:00;0.669;0;1.022
03.08.2021 10:00;0.669;0;0.901
03.08.2021 11:00;0.669;0;0.841
03.08.2021 12:00;4.452;0;1.262
03.08.2021 13:00;1.205;0;1.122
03.08.2021 14:00;0.669;0;0.641
03.08.2021 15:00;0.669;0;0.561
03.08.2021 16:00;0.669;0;0.641
03.08.2021 17:00;1.205;0;1.122
03.08.2021 18:00;4.526;0;1.582
03.08.2021 19:00;5.522;0;1.602
03.08.2021 20:00;5.241;0;1.242
03.08.2021 21:00;9.29;0;0.901
03.08.2021 22:00;9.29;0;0.501
03.08.2021 23:00;8.755;0;0.381
04.08.2021 00:00;8.755;0;0.16
04.08.2021 01:00;8.755;0;0.08
04.08.2021 02:00;4.755;0;0.02
04.08.2021 03:00;2.355;0;0.02
04.08.2021 04:00;1.555;0;0.04
04.08.2021 05:00;1.29;0;0.761
04.08.2021 06:00;4.416;0;2.003
04.08.2021 07:00;1.205;0;1.622
04.08.2021 08:00;0.669;0;1.342
04.08.2021 09:00;0.669;0;1.022
04.08.2021 10:00;0.669;0;0.901
04.08.2021 11:00;0.669;0;0.841
04.08.2021 12:00;4.452;0;1.262
04.08.2021 13:00;1.205;0;1.122
04.08.2021 14:00;0.669;0;0.641
04.08.2021 15:00;0.669;0;0.561
04.08.2021 16:00;0.669;0;0.641
04.08.2021 17:00;1.205;0;1.122
04.08.2021 18:00;4.452;0;1.582
04.08.2021 19:00;5.522;0;1.602
04.08.2021 20:00;5.241;0;1.242
04.08.2021 21:00;9.29;0;0.901
04.08.2021 22:00;9.29;0;0.501
04.08.2021 23:00;8.755;0;0.381
05.08.2021 00:00;4.755;0;0.154
05.08.2021 01:00;4.755;0;0.172
05.08.2021 02:00;2.355;0;0.103
05.08.2021 03:00;1.555;0;0.034
05.08.2021 04:00;1.155;0;0.034
05.08.2021 05:00;1.29;0;0.206
05.08.2021 06:00;4.416;0;0.566
05.08.2021 07:00;1.205;0;0.961
05.08.2021 08:00;0.67;0;1.562
05.08.2021 09:00;0.67;0;1.545
05.08.2021 10:00;0.669;0;1.39
05.08.2021 11:00;4.67;0;1.493
05.08.2021 12:00;8.526;0;1.51
05.08.2021 13:00;5.205;0;1.201
05.08.2021 14:00;0.669;0;0.961
05.08.2021 15:00;0.669;0;0.755
05.08.2021 16:00;0.669;0;0.961
05.08.2021 17:00;1.205;0;1.236
05.08.2021 18:00;4.526;0;1.716
05.08.2021 19:00;5.863;0;1.356
05.08.2021 20:00;5.503;0;0.755
05.08.2021 21:00;5.29;0;0.738
05.08.2021 22:00;9.29;0;0.601
05.08.2021 23:00;4.755;0;0.36
06.08.2021 00:00;4.755;0;0.208
06.08.2021 01:00;4.755;0;0.152
06.08.2021 02:00;4.755;0;0.114
06.08.2021 03:00;4.755;0;0.038
06.08.2021 04:00;4.755;0;0.038
06.08.2021 05:00;1.29;0;0.114
06.08.2021 06:00;4.415;0;0.379
06.08.2021 07:00;1.204;0;0.777
06.08.2021 08:00;0.669;0;1.232
06.08.2021 09:00;0.67;0;1.63
06.08.2021 10:00;0.67;0;1.8
06.08.2021 11:00;4.67;0;1.895
06.08.2021 12:00;8.526;0;1.63
06.08.2021 13:00;5.205;0;1.402
06.08.2021 14:00;4.669;0;1.099
06.08.2021 15:00;4.669;0;0.966
06.08.2021 16:00;0.669;0;0.55
06.08.2021 17:00;1.279;0;1.042
06.08.2021 18:00;4.526;0;1.364
06.08.2021 19:00;5.596;0;1.478
06.08.2021 20:00;9.508;0;0.758
06.08.2021 21:00;9.29;0;0.701
06.08.2021 22:00;9.29;0;0.644
06.08.2021 23:00;8.755;0;0.36
07.08.2021 00:00;8.755;0;0.16
07.08.2021 01:00;8.755;0;0.08
07.08.2021 02:00;4.755;0;0.02
07.08.2021 03:00;2.355;0;0.02
07.08.2021 04:00;1.555;0;0.04
07.08.2021 05:00;1.29;0;0.761
07.08.2021 06:00;4.49;0;2.003
07.08.2021 07:00;1.205;0;1.622
07.08.2021 08:00;0.669;0;1.342
07.08.2021 09:00;0.669;0;1.022
07.08.2021 10:00;0.669;0;0.901
07.08.2021 11:00;0.743;0;0.841
07.08.2021 12:00;4.525;0;1.262
07.08.2021 13:00;1.279;0;1.122
07.08.2021 14:00;0.743;0;0.641
07.08.2021 15:00;0.743;0;0.561
07.08.2021 16:00;0.743;0;0.641
07.08.2021 17:00;1.279;0;1.122
07.08.2021 18:00;4.796;0;1.582
07.08.2021 19:00;5.596;0;1.602
07.08.2021 20:00;5.506;0;1.242
07.08.2021 21:00;9.29;0;0.901
07.08.2021 22:00;9.29;0;0.501
07.08.2021 23:00;8.755;0;0.381
08.08.2021 00:00;8.755;0;0.16
08.08.2021 01:00;8.755;0;0.08
08.08.2021 02:00;4.755;0;0.02
08.08.2021 03:00;2.355;0;0.02
08.08.2021 04:00;1.555;0;0.04
08.08.2021 05:00;1.29;0;0.761
08.08.2021 06:00;4.49;0;2.003
08.08.2021 07:00;1.205;0;1.622
08.08.2021 08:00;0.669;0;1.342
08.08.2021 09:00;0.669;0;1.022
08.08.2021 10:00;0.669;0;0.901
08.08.2021 11:00;0.669;0;0.841
08.08.2021 12:00;4.526;0;1.262
08.08.2021 13:00;1.205;0;1.122
08.08.2021 14:00;0.669;0;0.641
08.08.2021 15:00;0.669;0;0.561
08.08.2021 16:00;0.669;0;0.641
08.08.2021 17:00;1.205;0;1.122
08.08.2021 18:00;4.526;0;1.582
08.08.2021 19:00;5.784;0;1.602
08.08.2021 20:00;5.241;0;1.242
08.08.2021 21:00;9.29;0;0.901
08.08.2021 22:00;9.29;0;0.501
08.08.2021 23:00;8.755;0;0.381
09.08.2021 00:00;8.755;0;0.16
09.08.2021 01:00;8.755;0;0.08
09.08.2021 02:00;4.755;0;0.02
09.08.2021 03:00;2.355;0;0.02
09.08.2021 04:00;1.555;0;0.04
09.08.2021 05:00;1.29;0;0.761
09.08.2021 06:00;4.416;0;2.003
09.08.2021 07:00;1.205;0;1.622
09.08.2021 08:00;0.669;0;1.342
09.08.2021 09:00;0.669;0;1.022
09.08.2021 10:00;0.669;0;0.901
09.08.2021 11:00;0.669;0;0.841
09.08.2021 12:00;4.452;0;1.262
09.08.2021 13:00;1.205;0;1.122
09.08.2021 14:00;0.669;0;0.641
09.08.2021 15:00;0.669;0;0.561
09.08.2021 16:00;0.669;0;0.641
09.08.2021 17:00;1.205;0;1.122
09.08.2021 18:00;4.452;0;1.582
09.08.2021 19:00;5.596;0;1.602
09.08.2021 20:00;5.501;0;1.242
09.08.2021 21:00;9.29;0;0.901
09.08.2021 22:00;9.29;0;0.501
09.08.2021 23:00;8.755;0;0.381
10.08.2021 00:00;8.755;0;0.16
10.08.2021 01:00;8.755;0;0.08
10.08.2021 02:00;4.755;0;0.02
10.08.2021 03:00;2.355;0;0.02
10.08.2021 04:00;1.555;0;0.04
10.08.2021 05:00;1.29;0;0.761
10.08.2021 06:00;4.416;0;2.003
10.08.2021 07:00;1.205;0;1.622
10.08.2021 08:00;0.669;0;1.342
10.08.2021 09:00;0.669;0;1.022
10.08.2021 10:00;0.669;0;0.901
10.08.2021 11:00;0.669;0;0.841
10.08.2021 12:00;4.452;0;1.262
10.08.2021 13:00;1.205;0;1.122
10.08.2021 14:00;0.669;0;0.641
10.08.2021 15:00;0.669;0;0.561
10.08.2021 16:00;0.669;0;0.641
10.08.2021 17:00;1.205;0;1.122
10.08.2021 18:00;4.452;0;1.582
10.08.2021 19:00;5.596;0;1.602
10.08.2021 20:00;5.501;0;1.242
10.08.2021 21:00;9.29;0;0.901
10.08.2021 22:00;9.29;0;0.501
10.08.2021 23:00;8.755;0;0.381
11.08.2021 00:00;8.755;0;0.16
11.08.2021 01:00;8.755;0;0.08
11.08.2021 02:00;4.755;0;0.02
11.08.2021 03:00;2.355;0;0.02
11.08.2021 04:00;1.555;0;0.04
11.08.2021 05:00;1.29;0;0.761
11.08.2021 06:00;4.416;0;2.003
11.08.2021 07:00;1.205;0;1.622
11.08.2021 08:00;0.669;0;1.342
11.08.2021 09:00;0.669;0;1.022
11.08.2021 10:00;0.669;0;0.901
11.08.2021 11:00;0.669;0;0.841
11.08.2021 12:00;4.526;0;1.262
11.08.2021 13:00;1.205;0;1.122
11.08.2021 14:00;0.669;0;0.641
11.08.2021 15:00;0.669;0;0.561
11.08.2021 16:00;0.669;0;0.641
11.08.2021 17:00;1.205;0;1.122
11.08.2021 18:00;4.526;0;1.582
11.08.2021 19:00;5.785;0;1.602
11.08.2021 20:00;5.241;0;1.242
11.08.2021 21:00;9.29;0;0.901
11.08.2021 22:00;9.29;0;0.501
11.08.2021 23:00;8.755;0;0.381
12.08.2021 00:00;4.755;0;0.154
12.08.2021 01:00;4.755;0;0.172
12.08.2021 02:00;2.355;0;0.103
12.08.2021 03:00;1.555;0;0.034
12.08.2021 04:00;1.155;0;0.034
12.08.2021 05:00;1.29;0;0.206
12.08.2021 06:00;4.416;0;0.566
12.08.2021 07:00;1.205;0;0.961
12.08.2021 08:00;0.67;0;1.562
12.08.2021 09:00;0.67;0;1.545
12.08.2021 10:00;0.669;0;1.39
12.08.2021 11:00;4.67;0;1.493
12.08.2021 12:00;8.526;0;1.51
12.08.2021 13:00;5.205;0;1.201
12.08.2021 14:00;0.669;0;0.961
12.08.2021 15:00;0.669;0;0.755
12.08.2021 16:00;0.669;0;0.961
12.08.2021 17:00;1.279;0;1.236
12.08.2021 18:00;4.526;0;1.716
12.08.2021 19:00;5.596;0;1.356
12.08.2021 20:00;5.241;0;0.755
12.08.2021 21:00;5.29;0;0.738
12.08.2021 22:00;9.29;0;0.601
12.08.2021 23:00;4.755;0;0.36
13.08.2021 00:00;4.755;0;0.208
13.08.2021 01:00;4.755;0;0.152
13.08.2021 02:00;4.755;0;0.114
13.08.2021 03:00;4.755;0;0.038
13.08.2021 04:00;4.755;0;0.038
13.08.2021 05:00;1.29;0;0.114
13.08.2021 06:00;4.489;0;0.379
13.08.2021 07:00;1.204;0;0.777
13.08.2021 08:00;0.669;0;1.232
13.08.2021 09:00;0.67;0;1.63
13.08.2021 10:00;0.67;0;1.8
13.08.2021 11:00;4.67;0;1.895
13.08.2021 12:00;8.526;0;1.63
13.08.2021 13:00;5.205;0;1.402
13.08.2021 14:00;4.669;0;1.099
13.08.2021 15:00;4.669;0;0.966
13.08.2021 16:00;0.669;0;0.55
13.08.2021 17:00;1.205;0;1.042
13.08.2021 18:00;4.452;0;1.364
13.08.2021 19:00;5.596;0;1.478
13.08.2021 20:00;9.241;0;0.758
13.08.2021 21:00;9.29;0;0.701
13.08.2021 22:00;9.29;0;0.644
13.08.2021 23:00;8.755;0;0.36
14.08.2021 00:00;8.755;0;0.16
14.08.2021 01:00;8.755;0;0.08
14.08.2021 02:00;4.755;0;0.02
14.08.2021 03:00;2.355;0;0.02
14.08.2021 04:00;1.555;0;0.04
14.08.2021 05:00;1.29;0;0.761
14.08.2021 06:00;4.416;0;2.003
14.08.2021 07:00;1.205;0;1.622
14.08.2021 08:00;0.669;0;1.342
14.08.2021 09:00;0.669;0;1.022
14.08.2021 10:00;0.669;0;0.901
14.08.2021 11:00;0.669;0;0.841
14.08.2021 12:00;4.452;0;1.262
14.08.2021 13:00;1.205;0;1.122
14.08.2021 14:00;0.669;0;0.641
14.08.2021 15:00;0.669;0;0.561
14.08.2021 16:00;0.669;0;0.641
14.08.2021 17:00;1.205;0;1.122
14.08.2021 18:00;4.452;0;1.582
14.08.2021 19:00;5.522;0;1.602
14.08.2021 20:00;5.241;0;1.242
14.08.2021 21:00;9.29;0;0.901
14.08.2021 22:00;9.29;0;0.501
14.08.2021 23:00;8.755;0;0.381
15.08.2021 00:00;8.755;0;0.16
15.08.2021 01:00;8.755;0;0.08
15.08.2021 02:00;4.755;0;0.02
15.08.2021 03:00;2.355;0;0.02
15.08.2021 04:00;1.555;0;0.04
15.08.2021 05:00;1.29;0;0.761
15.08.2021 06:00;4.416;0;2.003
15.08.2021 07:00;1.205;0;1.622
15.08.2021 08:00;0.669;0;1.342
15.08.2021 09:00;0.669;0;1.022
15.08.2021 10:00;0.669;0;0.901
15.08.2021 11:00;0.669;0;0.841
15.08.2021 12:00;4.452;0;1.262
15.08.2021 13:00;1.205;0;1.122
15.08.2021 14:00;0.669;0;0.641
15.08.2021 15:00;0.669;0;0.561
15.08.2021 16:00;0.669;0;0.641
15.08.2021 17:00;1.205;0;1.122
15.08.2021 18:00;4.452;0;1.582
15.08.2021 19:00;5.522;0;1.602
15.08.2021 20:00;5.241;0;1.242
15.08.2021 21:00;9.29;0;0.901
15.08.2021 22:00;9.29;0;0.501
15.08.2021 23:00;8.755;0;0.381
16.08.2021 00:00;8.755;0;0.16
16.08.2021 01:00;8.755;0;0.08
16.08.2021 02:00;4.755;0;0.02
16.08.2021 03:00;2.355;0;0.02
16.08.2021 04:00;1.555;0;0.04
16.08.2021 05:00;1.29;0;0.761
16.08.2021 06:00;4.416;0;2.003
16.08.2021 07:00;1.205;0;1.622
16.08.2021 08:00;0.669;0;1.342
16.08.2021 09:00;0.669;0;1.022
16.08.2021 10:00;0.669;0;0.901
16.08.2021 11:00;0.669;0;0.841
16.08.2021 12:00;4.452;0;1.262
16.08.2021 13:00;1.205;0;1.122
16.08.2021 14:00;0.669;0;0.641
16.08.2021 15:00;0.669;0;0.561
16.08.2021 16:00;0.669;0;0.641
16.08.2021 17:00;1.205;0;1.122
16.08.2021 18:00;4.452;0;1.582
16.08.2021 19:00;5.522;0;1.602
16.08.2021 20:00;5.241;0;1.242
16.08.2021 21:00;9.29;0;0.901
16.08.2021 22:00;9.29;0;0.501
16.08.2021 23:00;8.755;0;0.381
17.08.2021 00:00;8.755;0;0.16
17.08.2021 01:00;8.755;0;0.08
17.08.2021 02:00;4.755;0;0.02
17.08.2021 03:00;2.355;0;0.02
17.08.2021 04:00;1.555;0;0.04
17.08.2021 05:00;1.29;0;0.761
17.08.2021 06:00;4.416;0;2.003
17.08.2021 07:00;1.205;0;1.622
17.08.2021 08:00;0.669;0;1.342
17.08.2021 09:00;0.669;0;1.022
17.08.2021 10:00;0.669;0;0.901
17.08.2021 11:00;0.669;0;0.841
17.08.2021 12:00;4.452;0;1.262
17.08.2021 13:00;1.205;0;1.122
17.08.2021 14:00;0.669;0;0.641
17.08.2021 15:00;0.669;0;0.561
17.08.2021 16:00;0.669;0;0.641
17.08.2021 17:00;1.205;0;1.122
17.08.2021 18:00;4.452;0;1.582
17.08.2021 19:00;5.522;0;1.602
17.08.2021 20:00;5.241;0;1.242
17.08.2021 21:00;9.29;0;0.901
17.08.2021 22:00;9.29;0;0.501
17.08.2021 23:00;8.755;0;0.381
18.08.2021 00:00;8.755;0;0.16
18.08.2021 01:00;8.755;0;0.08
18.08.2021 02:00;4.755;0;0.02
18.08.2021 03:00;2.355;0;0.02
18.08.2021 04:00;1.555;0;0.04
18.08.2021 05:00;1.29;0;0.761
18.08.2021 06:00;4.416;0;2.003
18.08.2021 07:00;1.205;0;1.622
18.08.2021 08:00;0.669;0;1.342
18.08.2021 09:00;0.669;0;1.022
18.08.2021 10:00;0.669;0;0.901
18.08.2021 11:00;0.669;0;0.841
18.08.2021 12:00;4.452;0;1.262
18.08.2021 13:00;1.205;0;1.122
18.08.2021 14:00;0.669;0;0.641
18.08.2021 15:00;0.669;0;0.561
18.08.2021 16:00;0.669;0;0.641
18.08.2021 17:00;1.205;0;1.122
18.08.2021 18:00;4.452;0;1.582
18.08.2021 19:00;5.522;0;1.602
18.08.2021 20:00;5.241;0;1.242
18.08.2021 21:00;9.29;0;0.901
18.08.2021 22:00;9.29;0;0.501
18.08.2021 23:00;8.755;0;0.381
19.08.2021 00:00;4.755;0;0.154
19.08.2021 01:00;4.755;0;0.172
19.08.2021 02:00;2.355;0;0.103
19.08.2021 03:00;1.555;0;0.034
19.08.2021 04:00;1.155;0;0.034
19.08.2021 05:00;1.29;0;0.206
19.08.2021 06:00;4.416;0;0.566
19.08.2021 07:00;1.205;0;0.961
19.08.2021 08:00;0.67;0;1.562
19.08.2021 09:00;0.67;0;1.545
19.08.2021 10:00;0.669;0;1.39
19.08.2021 11:00;4.67;0;1.493
19.08.2021 12:00;8.452;0;1.51
19.08.2021 13:00;5.205;0;1.201
19.08.2021 14:00;0.669;0;0.961
19.08.2021 15:00;0.669;0;0.755
19.08.2021 16:00;0.669;0;0.961
19.08.2021 17:00;1.205;0;1.236
19.08.2021 18:00;4.452;0;1.716
19.08.2021 19:00;5.522;0;1.356
19.08.2021 20:00;5.241;0;0.755
19.08.2021 21:00;5.29;0;0.738
19.08.2021 22:00;9.29;0;0.601
19.08.2021 23:00;4.755;0;0.36
20.08.2021 00:00;4.755;0;0.208
20.08.2021 01:00;4.755;0;0.152
20.08.2021 02:00;4.755;0;0.114
20.08.2021 03:00;4.755;0;0.038
20.08.2021 04:00;4.755;0;0.038
20.08.2021 05:00;1.29;0;0.114
20.08.2021 06:00;4.415;0;0.379
20.08.2021 07:00;1.204;0;0.777
20.08.2021 08:00;0.669;0;1.232
20.08.2021 09:00;0.67;0;1.63
20.08.2021 10:00;0.67;0;1.8
20.08.2021 11:00;4.67;0;1.895
20.08.2021 12:00;8.452;0;1.63
20.08.2021 13:00;5.205;0;1.402
20.08.2021 14:00;4.669;0;1.099
20.08.2021 15:00;4.669;0;0.966
20.08.2021 16:00;0.669;0;0.55
20.08.2021 17:00;1.205;0;1.042
20.08.2021 18:00;4.452;0;1.364
20.08.2021 19:00;5.522;0;1.478
20.08.2021 20:00;9.241;0;0.758
20.08.2021 21:00;9.29;0;0.701
20.08.2021 22:00;9.29;0;0.644
20.08.2021 23:00;8.755;0;0.36
21.08.2021 00:00;8.755;0;0.16
21.08.2021 01:00;8.755;0;0.08
21.08.2021 02:00;4.755;0;0.02
21.08.2021 03:00;2.355;0;0.02
21.08.2021 04:00;1.555;0;0.04
21.08.2021 05:00;1.29;0;0.761
21.08.2021 06:00;4.416;0;2.003
21.08.2021 07:00;1.205;0;1.622
21.08.2021 08:00;0.669;0;1.342
21.08.2021 09:00;0.669;0;1.022
21.08.2021 10:00;0.669;0;0.901
21.08.2021 11:00;0.669;0;0.841
21.08.2021 12:00;4.452;0;1.262
21.08.2021 13:00;1.205;0;1.122
21.08.2021 14:00;0.669;0;0.641
21.08.2021 15:00;0.669;0;0.561
21.08.2021 16:00;0.669;0;0.641
21.08.2021 17:00;1.205;0;1.122
21.08.2021 18:00;4.452;0;1.582
21.08.2021 19:00;5.522;0;1.602
21.08.2021 20:00;5.241;0;1.242
21.08.2021 21:00;9.29;0;0.901
21.08.2021 22:00;9.29;0;0.501
21.08.2021 23:00;8.755;0;0.381
22.08.2021 00:00;8.755;0;0.16
22.08.2021 01:00;8.755;0;0.08
22.08.2021 02:00;4.755;0;0.02
22.08.2021 03:00;2.355;0;0.02
22.08.2021 04:00;1.555;0;0.04
22.08.2021 05:00;1.29;0;0.761
22.08.2021 06:00;4.416;0;2.003
22.08.2021 07:00;1.205;0;1.622
22.08.2021 08:00;0.669;0;1.342
22.08.2021 09:00;0.669;0;1.022
22.08.2021 10:00;0.669;0;0.901
22.08.2021 11:00;0.669;0;0.841
22.08.2021 12:00;4.452;0;1.262
22.08.2021 13:00;1.205;0;1.122
22.08.2021 14:00;0.669;0;0.641
22.08.2021 15:00;0.669;0;0.561
22.08.2021 16:00;0.669;0;0.641
22.08.2021 17:00;1.205;0;1.122
22.08.2021 18:00;4.452;0;1.582
22.08.2021 19:00;5.522;0;1.602
22.08.2021 20:00;5.241;0;1.242
22.08.2021 21:00;9.29;0;0.901
22.08.2021 22:00;9.29;0;0.501
22.08.2021 23:00;8.755;0;0.381
23.08.2021 00:00;8.755;0;0.16
23.08.2021 01:00;8.755;0;0.08
23.08.2021 02:00;4.755;0;0.02
23.08.2021 03:00;2.355;0;0.02
23.08.2021 04:00;1.555;0;0.04
23.08.2021 05:00;1.29;0;0.761
23.08.2021 06:00;4.416;0;2.003
23.08.2021 07:00;1.205;0;1.622
23.08.2021 08:00;0.669;0;1.342
23.08.2021 09:00;0.669;0;1.022
23.08.2021 10:00;0.669;0;0.901
23.08.2021 11:00;0.669;0;0.841
23.08.2021 12:00;4.452;0;1.262
23.08.2021 13:00;1.205;0;1.122
23.08.2021 14:00;0.669;0;0.641
23.08.2021 15:00;0.669;0;0.561
23.08.2021 16:00;0.669;0;0.641
23.08.2021 17:00;1.205;0;1.122
23.08.2021 18:00;4.452;0;1.582
23.08.2021 19:00;5.522;0;1.602
23.08.2021 20:00;5.241;0;1.242
23.08.2021 21:00;9.29;0;0.901
23.08.2021 22:00;9.29;0;0.501
23.08.2021 23:00;8.755;0;0.381
24.08.2021 00:00;8.755;0;0.16
24.08.2021 01:00;8.755;0;0.08
24.08.2021 02:00;4.755;0;0.02
24.08.2021 03:00;2.355;0;0.02
24.08.2021 04:00;1.555;0;0.04
24.08.2021 05:00;1.29;0;0.761
24.08.2021 06:00;4.416;0;2.003
24.08.2021 07:00;1.205;0;1.622
24.08.2021 08:00;0.669;0;1.342
24.08.2021 09:00;0.669;0;1.022
24.08.2021 10:00;0.669;0;0.901
24.08.2021 11:00;0.669;0;0.841
24.08.2021 12:00;4.452;0;1.262
24.08.2021 13:00;1.205;0;1.122
24.08.2021 14:00;0.669;0;0.641
24.08.2021 15:00;0.669;0;0.561
24.08.2021 16:00;0.669;0;0.641
24.08.2021 17:00;1.205;0;1.122
24.08.2021 18:00;4.452;0;1.582
24.08.2021 19:00;5.522;0;1.602
24.08.2021 20:00;5.241;0;1.242
24.08.2021 21:00;9.29;0;0.901
24.08.2021 22:00;9.29;0;0.501
24.08.2021 23:00;8.755;0;0.381
25.08.2021 00:00;8.755;0;0.16
25.08.2021 01:00;8.755;0;0.08
25.08.2021 02:00;4.755;0;0.02
25.08.2021 03:00;2.355;0;0.02
25.08.2021 04:00;1.555;0;0.04
25.08.2021 05:00;1.29;0;0.761
25.08.2021 06:00;4.416;0;2.003
25.08.2021 07:00;1.205;0;1.622
25.08.2021 08:00;0.669;0;1.342
25.08.2021 09:00;0.669;0;1.022
25.08.2021 10:00;0.669;0;0.901
25.08.2021 11:00;0.669;0;0.841
25.08.2021 12:00;4.452;0;1.262
25.08.2021 13:00;1.205;0;1.122
25.08.2021 14:00;0.669;0;0.641
25.08.2021 15:00;0.669;0;0.561
25.08.2021 16:00;0.669;0;0.641
25.08.2021 17:00;1.205;0;1.122
25.08.2021 18:00;4.452;0;1.582
25.08.2021 19:00;5.522;0;1.602
25.08.2021 20:00;5.241;0;1.242
25.08.2021 21:00;9.29;0;0.901
25.08.2021 22:00;9.29;0;0.501
25.08.2021 23:00;8.755;0;0.381
26.08.2021 00:00;4.755;0;0.154
26.08.2021 01:00;4.755;0;0.172
26.08.2021 02:00;2.355;0;0.103
26.08.2021 03:00;1.555;0;0.034
26.08.2021 04:00;1.155;0;0.034
26.08.2021 05:00;1.29;0;0.206
26.08.2021 06:00;4.416;0;0.566
26.08.2021 07:00;1.205;0;0.961
26.08.2021 08:00;0.67;0;1.562
26.08.2021 09:00;0.67;0;1.545
26.08.2021 10:00;0.669;0;1.39
26.08.2021 11:00;4.67;0;1.493
26.08.2021 12:00;8.452;0;1.51
26.08.2021 13:00;5.205;0;1.201
26.08.2021 14:00;0.669;0;0.961
26.08.2021 15:00;0.669;0;0.755
26.08.2021 16:00;0.669;0;0.961
26.08.2021 17:00;1.205;0;1.236
26.08.2021 18:00;4.452;0;1.716
26.08.2021 19:00;5.522;0;1.356
26.08.2021 20:00;5.241;0;0.755
26.08.2021 21:00;5.29;0;0.738
26.08.2021 22:00;9.29;0;0.601
26.08.2021 23:00;4.755;0;0.36
27.08.2021 00:00;4.755;0;0.208
27.08.2021 01:00;4.755;0;0.152
27.08.2021 02:00;4.755;0;0.114
27.08.2021 03:00;4.755;0;0.038
27.08.2021 04:00;4.755;0;0.038
27.08.2021 05:00;1.29;0;0.114
27.08.2021 06:00;4.415;0;0.379
27.08.2021 07:00;1.204;0;0.777
27.08.2021 08:00;0.669;0;1.232
27.08.2021 09:00;0.67;0;1.63
27.08.2021 10:00;0.67;0;1.8
27.08.2021 11:00;4.67;0;1.895
27.08.2021 12:00;8.452;0;1.63
27.08.2021 13:00;5.205;0;1.402
27.08.2021 14:00;4.669;0;1.099
27.08.2021 15:00;4.669;0;0.966
27.08.2021 16:00;0.669;0;0.55
27.08.2021 17:00;1.205;0;1.042
27.08.2021 18:00;4.452;0;1.364
27.08.2021 19:00;5.522;0;1.478
27.08.2021 20:00;9.241;0;0.758
27.08.2021 21:00;9.29;0;0.701
27.08.2021 22:00;9.29;0;0.644
27.08.2021 23:00;8.755;0;0.36
28.08.2021 00:00;8.755;0;0.16
28.08.2021 01:00;8.755;0;0.08
28.08.2021 02:00;4.755;0;0.02
28.08.2021 03:00;2.355;0;0.02
28.08.2021 04:00;1.555;0;0.04
28.08.2021 05:00;1.29;0;0.761
28.08.2021 06:00;4.416;0;2.003
28.08.2021 07:00;1.205;0;1.622
28.08.2021 08:00;0.669;0;1.342
28.08.2021 09:00;0.669;0;1.022
28.08.2021 10:00;0.669;0;0.901
28.08.2021 11:00;0.669;0;0.841
28.08.2021 12:00;4.452;0;1.262
28.08.2021 13:00;1.205;0;1.122
28.08.2021 14:00;0.669;0;0.641
28.08.2021 15:00;0.669;0;0.561
28.08.2021 16:00;0.669;0;0.641
28.08.2021 17:00;1.205;0;1.122
28.08.2021 18:00;4.452;0;1.582
28.08.2021 19:00;5.522;0;1.602
28.08.2021 20:00;5.241;0;1.242
28.08.2021 21:00;9.29;0;0.901
28.08.2021 22:00;9.29;0;0.501
28.08.2021 23:00;8.755;0;0.381
29.08.2021 00:00;8.755;0;0.16
29.08.2021 01:00;8.755;0;0.08
29.08.2021 02:00;4.755;0;0.02
29.08.2021 03:00;2.355;0;0.02
29.08.2021 04:00;1.555;0;0.04
29.08.2021 05:00;1.29;0;0.761
29.08.2021 06:00;4.416;0;2.003
29.08.2021 07:00;1.205;0;1.622
29.08.2021 08:00;0.669;0;1.342
29.08.2021 09:00;0.669;0;1.022
29.08.2021 10:00;0.669;0;0.901
29.08.2021 11:00;0.669;0;0.841
29.08.2021 12:00;4.452;0;1.262
29.08.2021 13:00;1.205;0;1.122
29.08.2021 14:00;0.669;0;0.641
29.08.2021 15:00;0.669;0;0.561
29.08.2021 16:00;0.669;0;0.641
29.08.2021 17:00;1.205;0;1.122
29.08.2021 18:00;4.452;0;1.582
29.08.2021 19:00;5.522;0;1.602
29.08.2021 20:00;5.241;0;1.242
29.08.2021 21:00;9.29;0;0.901
29.08.2021 22:00;9.29;0;0.501
29.08.2021 23:00;8.755;0;0.381
30.08.2021 00:00;8.755;0;0.16
30.08.2021 01:00;8.755;0;0.08
30.08.2021 02:00;4.755;0;0.02
30.08.2021 03:00;2.355;0;0.02
30.08.2021 04:00;1.555;0;0.04
30.08.2021 05:00;1.29;0;0.761
30.08.2021 06:00;4.416;0;2.003
30.08.2021 07:00;1.205;0;1.622
30.08.2021 08:00;0.669;0;1.342
30.08.2021 09:00;0.669;0;1.022
30.08.2021 10:00;0.669;0;0.901
30.08.2021 11:00;0.669;0;0.841
30.08.2021 12:00;4.452;0;1.262
30.08.2021 13:00;1.205;0;1.122
30.08.2021 14:00;0.669;0;0.641
30.08.2021 15:00;0.669;0;0.561
30.08.2021 16:00;0.669;0;0.641
30.08.2021 17:00;1.205;0;1.122
30.08.2021 18:00;4.452;0;1.582
30.08.2021 19:00;5.522;0;1.602
30.08.2021 20:00;5.241;0;1.242
30.08.2021 21:00;9.29;0;0.901
30.08.2021 22:00;9.29;0;0.501
30.08.2021 23:00;8.755;0;0.381
31.08.2021 00:00;8.755;0;0.16
31.08.2021 01:00;8.755;0;0.08
31.08.2021 02:00;4.755;0;0.02
31.08.2021 03:00;2.355;0;0.02
31.08.2021 04:00;1.555;0;0.04
31.08.2021 05:00;1.29;0;0.761
31.08.2021 06:00;4.416;0;2.003
31.08.2021 07:00;1.205;0;1.622
31.08.2021 08:00;0.669;0;1.342
31.08.2021 09:00;0.669;0;1.022
31.08.2021 10:00;0.669;0;0.901
31.08.2021 11:00;0.669;0;0.841
31.08.2021 12:00;4.452;0;1.262
31.08.2021 13:00;1.205;0;1.122
31.08.2021 14:00;0.669;0;0.641
31.08.2021 15:00;0.669;0;0.561
31.08.2021 16:00;0.669;0;0.641
31.08.2021 17:00;1.205;0;1.122
31.08.2021 18:00;4.452;0;1.582
31.08.2021 19:00;5.522;0;1.602
31.08.2021 20:00;5.241;0;1.242
31.08.2021 21:00;9.29;0;0.901
31.08.2021 22:00;9.29;0;0.501
31.08.2021 23:00;8.755;0;0.381
01.09.2021 00:00;8.755;0;0.16
01.09.2021 01:00;8.755;0;0.08
01.09.2021 02:00;4.755;0;0.02
01.09.2021 03:00;2.355;0;0.02
01.09.2021 04:00;1.555;0;0.04
01.09.2021 05:00;1.29;0;0.761
01.09.2021 06:00;4.416;0;2.003
01.09.2021 07:00;1.205;0;1.622
01.09.2021 08:00;0.669;0;1.342
01.09.2021 09:00;0.669;0;1.022
01.09.2021 10:00;0.669;0;0.901
01.09.2021 11:00;0.669;0;0.841
01.09.2021 12:00;4.452;0;1.262
01.09.2021 13:00;1.205;0;1.122
01.09.2021 14:00;0.669;0;0.641
01.09.2021 15:00;0.669;0;0.561
01.09.2021 16:00;0.669;0;0.641
01.09.2021 17:00;1.205;0;1.122
01.09.2021 18:00;4.452;0;1.582
01.09.2021 19:00;5.522;0;1.602
01.09.2021 20:00;5.241;0;1.242
01.09.2021 21:00;9.29;0;0.901
01.09.2021 22:00;9.29;0;0.501
01.09.2021 23:00;8.755;0;0.381
02.09.2021 00:00;4.755;0;0.154
02.09.2021 01:00;4.755;0;0.172
02.09.2021 02:00;2.355;0;0.103
02.09.2021 03:00;1.555;0;0.034
02.09.2021 04:00;1.155;0;0.034
02.09.2021 05:00;1.29;0;0.206
02.09.2021 06:00;4.416;0;0.566
02.09.2021 07:00;1.205;0;0.961
02.09.2021 08:00;0.67;0;1.562
02.09.2021 09:00;0.67;0;1.545
02.09.2021 10:00;0.669;0;1.39
02.09.2021 11:00;4.67;0;1.493
02.09.2021 12:00;8.452;0;1.51
02.09.2021 13:00;5.205;0;1.201
02.09.2021 14:00;0.669;0;0.961
02.09.2021 15:00;0.669;0;0.755
02.09.2021 16:00;0.669;0;0.961
02.09.2021 17:00;1.205;0;1.236
02.09.2021 18:00;4.452;0;1.716
02.09.2021 19:00;5.522;0;1.356
02.09.2021 20:00;5.241;0;0.755
02.09.2021 21:00;5.29;0;0.738
02.09.2021 22:00;9.29;0;0.601
02.09.2021 23:00;4.755;0;0.36
03.09.2021 00:00;4.755;0;0.208
03.09.2021 01:00;4.755;0;0.152
03.09.2021 02:00;4.755;0;0.114
03.09.2021 03:00;4.755;0;0.038
03.09.2021 04:00;4.755;0;0.038
03.09.2021 05:00;1.29;0;0.114
03.09.2021 06:00;4.415;0;0.379
03.09.2021 07:00;1.204;0;0.777
03.09.2021 08:00;0.669;0;1.232
03.09.2021 09:00;0.67;0;1.63
03.09.2021 10:00;0.67;0;1.8
03.09.2021 11:00;4.67;0;1.895
03.09.2021 12:00;8.452;0;1.63
03.09.2021 13:00;5.205;0;1.402
03.09.2021 14:00;4.669;0;1.099
03.09.2021 15:00;4.669;0;0.966
03.09.2021 16:00;0.669;0;0.55
03.09.2021 17:00;1.205;0;1.042
03.09.2021 18:00;4.452;0;1.364
03.09.2021 19:00;5.522;0;1.478
03.09.2021 20:00;9.241;0;0.758
03.09.2021 21:00;9.29;0;0.701
03.09.2021 22:00;9.29;0;0.644
03.09.2021 23:00;8.755;0;0.36
04.09.2021 00:00;8.755;0;0.16
04.09.2021 01:00;8.755;0;0.08
04.09.2021 02:00;4.755;0;0.02
04.09.2021 03:00;2.355;0;0.02
04.09.2021 04:00;1.555;0;0.04
04.09.2021 05:00;1.29;0;0.761
04.09.2021 06:00;4.416;0;2.003
04.09.2021 07:00;1.205;0;1.622
04.09.2021 08:00;0.669;0;1.342
04.09.2021 09:00;0.669;0;1.022
04.09.2021 10:00;0.669;0;0.901
04.09.2021 11:00;0.669;0;0.841
04.09.2021 12:00;4.452;0;1.262
04.09.2021 13:00;1.205;0;1.122
04.09.2021 14:00;0.669;0;0.641
04.09.2021 15:00;0.669;0;0.561
04.09.2021 16:00;0.669;0;0.641
04.09.2021 17:00;1.205;0;1.122
04.09.2021 18:00;4.452;0;1.582
04.09.2021 19:00;5.522;0;1.602
04.09.2021 20:00;5.241;0;1.242
04.09.2021 21:00;9.29;0;0.901
04.09.2021 22:00;9.29;0;0.501
04.09.2021 23:00;8.755;0;0.381
05.09.2021 00:00;8.755;0;0.16
05.09.2021 01:00;8.755;0;0.08
05.09.2021 02:00;4.755;0;0.02
05.09.2021 03:00;2.355;0;0.02
05.09.2021 04:00;1.555;0;0.04
05.09.2021 05:00;1.29;0;0.761
05.09.2021 06:00;4.416;0;2.003
05.09.2021 07:00;1.205;0;1.622
05.09.2021 08:00;0.669;0;1.342
05.09.2021 09:00;0.669;0;1.022
05.09.2021 10:00;0.669;0;0.901
05.09.2021 11:00;0.669;0;0.841
05.09.2021 12:00;4.452;0;1.262
05.09.2021 13:00;1.205;0;1.122
05.09.2021 14:00;0.669;0;0.641
05.09.2021 15:00;0.669;0;0.561
05.09.2021 16:00;0.669;0;0.641
05.09.2021 17:00;1.205;0;1.122
05.09.2021 18:00;4.452;0;1.582
05.09.2021 19:00;5.522;0;1.602
05.09.2021 20:00;5.241;0;1.242
05.09.2021 21:00;9.29;0;0.901
05.09.2021 22:00;9.29;0;0.501
05.09.2021 23:00;8.755;0;0.381
06.09.2021 00:00;8.755;0;0.16
06.09.2021 01:00;8.755;0;0.08
06.09.2021 02:00;4.755;0;0.02
06.09.2021 03:00;2.355;0;0.02
06.09.2021 04:00;1.555;0;0.04
06.09.2021 05:00;1.29;0;0.761
06.09.2021 06:00;4.416;0;2.003
06.09.2021 07:00;1.205;0;1.622
06.09.2021 08:00;0.669;0;1.342
06.09.2021 09:00;0.669;0;1.022
06.09.2021 10:00;0.669;0;0.901
06.09.2021 11:00;0.669;0;0.841
06.09.2021 12:00;4.452;0;1.262
06.09.2021 13:00;1.205;0;1.122
06.09.2021 14:00;0.669;0;0.641
06.09.2021 15:00;0.669;0;0.561
06.09.2021 16:00;0.669;0;0.641
06.09.2021 17:00;1.205;0;1.122
06.09.2021 18:00;4.452;0;1.582
06.09.2021 19:00;5.522;0;1.602
06.09.2021 20:00;5.241;0;1.242
06.09.2021 21:00;9.29;0;0.901
06.09.2021 22:00;9.29;0;0.501
06.09.2021 23:00;8.755;0;0.381
07.09.2021 00:00;8.755;0;0.16
07.09.2021 01:00;8.755;0;0.08
07.09.2021 02:00;4.755;0;0.02
07.09.2021 03:00;2.355;0;0.02
07.09.2021 04:00;1.555;0;0.04
07.09.2021 05:00;1.29;0;0.761
07.09.2021 06:00;4.416;0;2.003
07.09.2021 07:00;1.205;0;1.622
07.09.2021 08:00;0.669;0;1.342
07.09.2021 09:00;0.669;0;1.022
07.09.2021 10:00;0.669;0;0.901
07.09.2021 11:00;0.669;0;0.841
07.09.2021 12:00;4.452;0;1.262
07.09.2021 13:00;1.205;0;1.122
07.09.2021 14:00;0.669;0;0.641
07.09.2021 15:00;0.669;0;0.561
07.09.2021 16:00;0.669;0;0.641
07.09.2021 17:00;1.205;0;1.122
07.09.2021 18:00;4.452;0;1.582
07.09.2021 19:00;5.522;0;1.602
07.09.2021 20:00;5.241;0;1.242
07.09.2021 21:00;9.29;0;0.901
07.09.2021 22:00;9.29;0;0.501
07.09.2021 23:00;8.755;0;0.381
08.09.2021 00:00;8.755;0;0.16
08.09.2021 01:00;8.755;0;0.08
08.09.2021 02:00;4.755;0;0.02
08.09.2021 03:00;2.355;0;0.02
08.09.2021 04:00;1.555;0;0.04
08.09.2021 05:00;1.29;0;0.761
08.09.2021 06:00;4.416;0;2.003
08.09.2021 07:00;1.205;0;1.622
08.09.2021 08:00;0.669;0;1.342
08.09.2021 09:00;0.669;0;1.022
08.09.2021 10:00;0.669;0;0.901
08.09.2021 11:00;0.669;0;0.841
08.09.2021 12:00;4.452;0;1.262
08.09.2021 13:00;1.205;0;1.122
08.09.2021 14:00;0.669;0;0.641
08.09.2021 15:00;0.669;0;0.561
08.09.2021 16:00;0.669;0;0.641
08.09.2021 17:00;1.205;0;1.122
08.09.2021 18:00;4.452;0;1.582
08.09.2021 19:00;5.522;0;1.602
08.09.2021 20:00;5.241;0;1.242
08.09.2021 21:00;9.29;0;0.901
08.09.2021 22:00;9.29;0;0.501
08.09.2021 23:00;8.755;0;0.381
09.09.2021 00:00;4.755;0;0.154
09.09.2021 01:00;4.755;0;0.172
09.09.2021 02:00;2.355;0;0.103
09.09.2021 03:00;1.555;0;0.034
09.09.2021 04:00;1.155;0;0.034
09.09.2021 05:00;1.29;0;0.206
09.09.2021 06:00;4.416;0;0.566
09.09.2021 07:00;1.205;0;0.961
09.09.2021 08:00;0.67;0;1.562
09.09.2021 09:00;0.67;0;1.545
09.09.2021 10:00;0.669;0;1.39
09.09.2021 11:00;4.67;0;1.493
09.09.2021 12:00;8.452;0;1.51
09.09.2021 13:00;5.205;0;1.201
09.09.2021 14:00;0.669;0;0.961
09.09.2021 15:00;0.669;0;0.755
09.09.2021 16:00;0.669;0;0.961
09.09.2021 17:00;1.205;0;1.236
09.09.2021 18:00;4.452;0;1.716
09.09.2021 19:00;5.522;0;1.356
09.09.2021 20:00;5.241;0;0.755
09.09.2021 21:00;5.29;0;0.738
09.09.2021 22:00;9.29;0;0.601
09.09.2021 23:00;4.755;0;0.36
10.09.2021 00:00;4.755;0;0.208
10.09.2021 01:00;4.755;0;0.152
10.09.2021 02:00;4.755;0;0.114
10.09.2021 03:00;4.755;0;0.038
10.09.2021 04:00;4.755;0;0.038
10.09.2021 05:00;1.29;0;0.114
10.09.2021 06:00;4.415;0;0.379
10.09.2021 07:00;1.204;0;0.777
10.09.2021 08:00;0.669;0;1.232
10.09.2021 09:00;0.67;0;1.63
10.09.2021 10:00;0.67;0;1.8
10.09.2021 11:00;4.67;0;1.895
10.09.2021 12:00;8.452;0;1.63
10.09.2021 13:00;5.205;0;1.402
10.09.2021 14:00;4.669;0;1.099
10.09.2021 15:00;4.669;0;0.966
10.09.2021 16:00;0.669;0;0.55
10.09.2021 17:00;1.205;0;1.042
10.09.2021 18:00;4.452;0;1.364
10.09.2021 19:00;5.522;0;1.478
10.09.2021 20:00;9.241;0;0.758
10.09.2021 21:00;9.29;0;0.701
10.09.2021 22:00;9.29;0;0.644
10.09.2021 23:00;8.755;0;0.36
11.09.2021 00:00;8.755;0;0.16
11.09.2021 01:00;8.755;0;0.08
11.09.2021 02:00;4.755;0;0.02
11.09.2021 03:00;2.355;0;0.02
11.09.2021 04:00;1.555;0;0.04
11.09.2021 05:00;1.29;0;0.761
11.09.2021 06:00;4.416;0;2.003
11.09.2021 07:00;1.205;0;1.622
11.09.2021 08:00;0.669;0;1.342
11.09.2021 09:00;0.669;0;1.022
11.09.2021 10:00;0.669;0;0.901
11.09.2021 11:00;0.669;0;0.841
11.09.2021 12:00;4.452;0;1.262
11.09.2021 13:00;1.205;0;1.122
11.09.2021 14:00;0.669;0;0.641
11.09.2021 15:00;0.669;0;0.561
11.09.2021 16:00;0.669;0;0.641
11.09.2021 17:00;1.205;0;1.122
11.09.2021 18:00;4.452;0;1.582
11.09.2021 19:00;5.522;0;1.602
11.09.2021 20:00;5.241;0;1.242
11.09.2021 21:00;9.29;0;0.901
11.09.2021 22:00;9.29;0;0.501
11.09.2021 23:00;8.755;0;0.381
12.09.2021 00:00;8.755;0;0.16
12.09.2021 01:00;8.755;0;0.08
12.09.2021 02:00;4.755;0;0.02
12.09.2021 03:00;2.355;0;0.02
12.09.2021 04:00;1.555;0;0.04
12.09.2021 05:00;1.29;0;0.761
12.09.2021 06:00;4.416;0;2.003
12.09.2021 07:00;1.205;0;1.622
12.09.2021 08:00;0.669;0;1.342
12.09.2021 09:00;0.669;0;1.022
12.09.2021 10:00;0.669;0;0.901
12.09.2021 11:00;0.669;0;0.841
12.09.2021 12:00;4.452;0;1.262
12.09.2021 13:00;1.205;0;1.122
12.09.2021 14:00;0.669;0;0.641
12.09.2021 15:00;0.669;0;0.561
12.09.2021 16:00;0.669;0;0.641
12.09.2021 17:00;1.205;0;1.122
12.09.2021 18:00;4.452;0;1.582
12.09.2021 19:00;5.522;0;1.602
12.09.2021 20:00;5.241;0;1.242
12.09.2021 21:00;9.29;0;0.901
12.09.2021 22:00;9.29;0;0.501
12.09.2021 23:00;8.755;0;0.381
13.09.2021 00:00;8.755;0;0.16
13.09.2021 01:00;8.755;0;0.08
13.09.2021 02:00;4.755;0;0.02
13.09.2021 03:00;2.355;0;0.02
13.09.2021 04:00;1.555;0;0.04
13.09.2021 05:00;1.29;0;0.761
13.09.2021 06:00;4.416;0;2.003
13.09.2021 07:00;1.205;0;1.622
13.09.2021 08:00;0.669;0;1.342
13.09.2021 09:00;0.669;0;1.022
13.09.2021 10:00;0.669;0;0.901
13.09.2021 11:00;0.669;0;0.841
13.09.2021 12:00;4.452;0;1.262
13.09.2021 13:00;1.205;0;1.122
13.09.2021 14:00;0.669;0;0.641
13.09.2021 15:00;0.669;0;0.561
13.09.2021 16:00;0.669;0;0.641
13.09.2021 17:00;1.205;0;1.122
13.09.2021 18:00;4.452;0;1.582
13.09.2021 19:00;5.522;0;1.602
13.09.2021 20:00;5.241;0;1.242
13.09.2021 21:00;9.29;0;0.901
13.09.2021 22:00;9.29;0;0.501
13.09.2021 23:00;8.755;0;0.381
14.09.2021 00:00;8.755;0;0.16
14.09.2021 01:00;8.755;0;0.08
14.09.2021 02:00;4.755;0;0.02
14.09.2021 03:00;2.355;0;0.02
14.09.2021 04:00;1.555;0;0.04
14.09.2021 05:00;1.29;0;0.761
14.09.2021 06:00;4.416;0;2.003
14.09.2021 07:00;1.205;0;1.622
14.09.2021 08:00;0.669;0;1.342
14.09.2021 09:00;0.669;0;1.022
14.09.2021 10:00;0.669;0;0.901
14.09.2021 11:00;0.669;0;0.841
14.09.2021 12:00;4.452;0;1.262
14.09.2021 13:00;1.205;0;1.122
14.09.2021 14:00;0.669;0;0.641
14.09.2021 15:00;0.669;0;0.561
14.09.2021 16:00;0.669;0;0.641
14.09.2021 17:00;1.205;0;1.122
14.09.2021 18:00;4.452;0;1.582
14.09.2021 19:00;5.522;0;1.602
14.09.2021 20:00;5.241;0;1.242
14.09.2021 21:00;9.29;0;0.901
14.09.2021 22:00;9.29;0;0.501
14.09.2021 23:00;8.755;0;0.381
15.09.2021 00:00;8.755;0;0.16
15.09.2021 01:00;8.755;0;0.08
15.09.2021 02:00;4.755;0;0.02
15.09.2021 03:00;2.355;0;0.02
15.09.2021 04:00;1.555;0;0.04
15.09.2021 05:00;1.29;0;0.761
15.09.2021 06:00;4.416;0;2.003
15.09.2021 07:00;1.205;0;1.622
15.09.2021 08:00;0.669;0;1.342
15.09.2021 09:00;0.669;0;1.022
15.09.2021 10:00;0.669;0;0.901
15.09.2021 11:00;0.669;0;0.841
15.09.2021 12:00;4.452;0;1.262
15.09.2021 13:00;1.205;0;1.122
15.09.2021 14:00;0.669;0;0.641
15.09.2021 15:00;0.669;0;0.561
15.09.2021 16:00;0.669;0;0.641
15.09.2021 17:00;1.205;0;1.122
15.09.2021 18:00;4.452;0;1.582
15.09.2021 19:00;5.522;0;1.602
15.09.2021 20:00;5.241;0;1.242
15.09.2021 21:00;9.29;0;0.901
15.09.2021 22:00;9.29;0;0.501
15.09.2021 23:00;8.755;0;0.381
16.09.2021 00:00;4.756;0;0.154
16.09.2021 01:00;4.756;0;0.172
16.09.2021 02:00;2.356;0;0.103
16.09.2021 03:00;1.556;0;0.034
16.09.2021 04:00;1.156;0;0.034
16.09.2021 05:00;1.291;0;0.206
16.09.2021 06:00;4.416;0;0.566
16.09.2021 07:00;1.205;0;0.961
16.09.2021 08:00;0.67;0;1.562
16.09.2021 09:00;0.67;0;1.545
16.09.2021 10:00;0.669;0;1.39
16.09.2021 11:00;4.67;0;1.493
16.09.2021 12:00;8.453;0;1.51
16.09.2021 13:00;5.205;0;1.201
16.09.2021 14:00;0.669;0;0.961
16.09.2021 15:00;0.669;0;0.755
16.09.2021 16:00;0.669;0;0.961
16.09.2021 17:00;1.205;0;1.236
16.09.2021 18:00;4.453;0;1.716
16.09.2021 19:00;5.523;0;1.356
16.09.2021 20:00;5.241;0;0.755
16.09.2021 21:00;5.292;0;0.738
16.09.2021 22:00;9.292;0;0.601
16.09.2021 23:00;4.757;0;0.36
17.09.2021 00:00;4.757;0;0.208
17.09.2021 01:00;4.756;0;0.152
17.09.2021 02:00;4.757;0;0.114
17.09.2021 03:00;4.757;0;0.038
17.09.2021 04:00;4.757;0;0.038
17.09.2021 05:00;1.292;0;0.114
17.09.2021 06:00;4.415;0;0.379
17.09.2021 07:00;1.204;0;0.777
17.09.2021 08:00;0.669;0;1.232
17.09.2021 09:00;0.67;0;1.63
17.09.2021 10:00;0.67;0;1.8
17.09.2021 11:00;4.67;0;1.895
17.09.2021 12:00;8.453;0;1.63
17.09.2021 13:00;5.205;0;1.402
17.09.2021 14:00;4.669;0;1.099
17.09.2021 15:00;4.669;0;0.966
17.09.2021 16:00;0.669;0;0.55
17.09.2021 17:00;1.205;0;1.042
17.09.2021 18:00;4.453;0;1.364
17.09.2021 19:00;5.523;0;1.478
17.09.2021 20:00;9.241;0;0.758
17.09.2021 21:00;9.292;0;0.701
17.09.2021 22:00;9.292;0;0.644
17.09.2021 23:00;8.757;0;0.36
18.09.2021 00:00;8.757;0;0.16
18.09.2021 01:00;8.757;0;0.08
18.09.2021 02:00;4.757;0;0.02
18.09.2021 03:00;2.357;0;0.02
18.09.2021 04:00;1.557;0;0.04
18.09.2021 05:00;1.292;0;0.761
18.09.2021 06:00;4.416;0;2.003
18.09.2021 07:00;1.205;0;1.622
18.09.2021 08:00;0.669;0;1.342
18.09.2021 09:00;0.669;0;1.022
18.09.2021 10:00;0.669;0;0.901
18.09.2021 11:00;0.669;0;0.841
18.09.2021 12:00;4.452;0;1.262
18.09.2021 13:00;1.205;0;1.122
18.09.2021 14:00;0.669;0;0.641
18.09.2021 15:00;0.669;0;0.561
18.09.2021 16:00;0.669;0;0.641
18.09.2021 17:00;1.205;0;1.122
18.09.2021 18:00;4.453;0;1.582
18.09.2021 19:00;5.523;0;1.602
18.09.2021 20:00;5.242;0;1.242
18.09.2021 21:00;9.292;0;0.901
18.09.2021 22:00;9.292;0;0.501
18.09.2021 23:00;8.757;0;0.381
19.09.2021 00:00;8.757;0;0.16
19.09.2021 01:00;8.757;0;0.08
19.09.2021 02:00;4.757;0;0.02
19.09.2021 03:00;2.357;0;0.02
19.09.2021 04:00;1.557;0;0.04
19.09.2021 05:00;1.293;0;0.761
19.09.2021 06:00;4.416;0;2.003
19.09.2021 07:00;1.205;0;1.622
19.09.2021 08:00;0.669;0;1.342
19.09.2021 09:00;0.669;0;1.022
19.09.2021 10:00;0.669;0;0.901
19.09.2021 11:00;0.669;0;0.841
19.09.2021 12:00;4.453;0;1.262
19.09.2021 13:00;1.205;0;1.122
19.09.2021 14:00;0.669;0;0.641
19.09.2021 15:00;0.669;0;0.561
19.09.2021 16:00;0.669;0;0.641
19.09.2021 17:00;1.205;0;1.122
19.09.2021 18:00;4.453;0;1.582
19.09.2021 19:00;5.524;0;1.602
19.09.2021 20:00;5.242;0;1.242
19.09.2021 21:00;9.293;0;0.901
19.09.2021 22:00;9.293;0;0.501
19.09.2021 23:00;8.758;0;0.381
20.09.2021 00:00;8.758;0;0.16
20.09.2021 01:00;8.758;0;0.08
20.09.2021 02:00;4.757;0;0.02
20.09.2021 03:00;2.357;0;0.02
20.09.2021 04:00;1.557;0;0.04
20.09.2021 05:00;1.293;0;0.761
20.09.2021 06:00;4.416;0;2.003
20.09.2021 07:00;1.205;0;1.622
20.09.2021 08:00;0.669;0;1.342
20.09.2021 09:00;0.669;0;1.022
20.09.2021 10:00;0.669;0;0.901
20.09.2021 11:00;0.669;0;0.841
20.09.2021 12:00;4.453;0;1.262
20.09.2021 13:00;1.205;0;1.122
20.09.2021 14:00;0.669;0;0.641
20.09.2021 15:00;0.669;0;0.561
20.09.2021 16:00;0.725;0.14;0.641
20.09.2021 17:00;1.205;0;1.122
20.09.2021 18:00;4.453;0;1.582
20.09.2021 19:00;5.524;0;1.602
20.09.2021 20:00;5.242;0;1.242
20.09.2021 21:00;9.293;0;0.901
20.09.2021 22:00;9.293;0;0.501
20.09.2021 23:00;8.757;0;0.381
21.09.2021 00:00;8.757;0;0.16
21.09.2021 01:00;8.757;0;0.08
21.09.2021 02:00;4.757;0;0.02
21.09.2021 03:00;2.357;0;0.02
21.09.2021 04:00;1.557;0;0.04
21.09.2021 05:00;1.293;0;0.761
21.09.2021 06:00;4.416;0;2.003
21.09.2021 07:00;1.26;1.281;1.622
21.09.2021 08:00;0.725;2.055;1.342
21.09.2021 09:00;0.725;1;1.022
21.09.2021 10:00;0.725;1.536;0.901
21.09.2021 11:00;0.725;0.916;0.841
21.09.2021 12:00;4.453;0;1.262
21.09.2021 13:00;1.205;0;1.122
21.09.2021 14:00;0.669;0;0.641
21.09.2021 15:00;0.724;0.163;0.561
21.09.2021 16:00;0.725;0.297;0.641
21.09.2021 17:00;1.205;0;1.122
21.09.2021 18:00;4.453;0;1.582
21.09.2021 19:00;5.523;0;1.602
21.09.2021 20:00;5.297;0.32;1.242
21.09.2021 21:00;9.293;0;0.901
21.09.2021 22:00;9.292;0;0.501
21.09.2021 23:00;8.757;0;0.381
22.09.2021 00:00;8.757;0;0.16
22.09.2021 01:00;8.757;0;0.08
22.09.2021 02:00;4.757;0;0.02
22.09.2021 03:00;2.357;0;0.02
22.09.2021 04:00;1.557;0;0.04
22.09.2021 05:00;1.292;0;0.761
22.09.2021 06:00;4.416;0;2.003
22.09.2021 07:00;1.26;2.067;1.622
22.09.2021 08:00;0.725;2.702;1.342
22.09.2021 09:00;0.725;2.297;1.022
22.09.2021 10:00;0.725;1.698;0.901
22.09.2021 11:00;0.725;1.146;0.841
22.09.2021 12:00;4.452;0;1.262
22.09.2021 13:00;1.26;0.152;1.122
22.09.2021 14:00;0.725;0.934;0.641
22.09.2021 15:00;0.724;0.933;0.561
22.09.2021 16:00;0.725;1.045;0.641
22.09.2021 17:00;1.26;0.789;1.122
22.09.2021 18:00;4.453;0;1.582
22.09.2021 19:00;5.523;0;1.602
22.09.2021 20:00;5.297;1.09;1.242
22.09.2021 21:00;9.292;0;0.901
22.09.2021 22:00;9.293;0;0.501
22.09.2021 23:00;8.757;0;0.381
23.09.2021 00:00;4.757;0;0.154
23.09.2021 01:00;4.757;0;0.172
23.09.2021 02:00;2.357;0;0.103
23.09.2021 03:00;1.557;0;0.034
23.09.2021 04:00;1.157;0;0.034
23.09.2021 05:00;1.292;0;0.206
23.09.2021 06:00;4.416;0;0.566
23.09.2021 07:00;1.26;2.392;0.961
23.09.2021 08:00;0.725;3.01;1.562
23.09.2021 09:00;0.725;2.612;1.545
23.09.2021 10:00;0.725;2.043;1.39
23.09.2021 11:00;4.725;1.305;1.493
23.09.2021 12:00;8.452;0;1.51
23.09.2021 13:00;5.205;0;1.201
23.09.2021 14:00;0.725;0.154;0.961
23.09.2021 15:00;0.725;0.171;0.755
23.09.2021 16:00;0.725;0.289;0.961
23.09.2021 17:00;1.205;0;1.236
23.09.2021 18:00;4.453;0;1.716
23.09.2021 19:00;5.523;0;1.356
23.09.2021 20:00;5.297;0.131;0.755
23.09.2021 21:00;5.292;0;0.738
23.09.2021 22:00;9.292;0;0.601
23.09.2021 23:00;4.757;0;0.36
24.09.2021 00:00;4.756;0;0.208
24.09.2021 01:00;4.757;0;0.152
24.09.2021 02:00;4.756;0;0.114
24.09.2021 03:00;4.757;0;0.038
24.09.2021 04:00;4.757;0;0.038
24.09.2021 05:00;1.292;0;0.114
24.09.2021 06:00;4.415;0;0.379
24.09.2021 07:00;1.26;1.17;0.777
24.09.2021 08:00;0.725;1.807;1.232
24.09.2021 09:00;0.725;1.118;1.63
24.09.2021 10:00;0.725;0.478;1.8
24.09.2021 11:00;4.67;0;1.895
24.09.2021 12:00;8.452;0;1.63
24.09.2021 13:00;5.205;0;1.402
24.09.2021 14:00;4.669;0;1.099
24.09.2021 15:00;4.669;0;0.966
24.09.2021 16:00;0.669;0;0.55
24.09.2021 17:00;1.205;0;1.042
24.09.2021 18:00;4.453;0;1.364
24.09.2021 19:00;5.523;0;1.478
24.09.2021 20:00;9.297;0.123;0.758
24.09.2021 21:00;9.292;0;0.701
24.09.2021 22:00;9.291;0;0.644
24.09.2021 23:00;8.756;0;0.36
25.09.2021 00:00;8.756;0;0.16
25.09.2021 01:00;8.756;0;0.08
25.09.2021 02:00;4.756;0;0.02
25.09.2021 03:00;2.357;0;0.02
25.09.2021 04:00;1.557;0;0.04
25.09.2021 05:00;1.292;0;0.761
25.09.2021 06:00;4.416;0;2.003
25.09.2021 07:00;1.26;0.516;1.622
25.09.2021 08:00;0.725;0.736;1.342
25.09.2021 09:00;0.725;0.491;1.022
25.09.2021 10:00;0.725;0.012;0.901
25.09.2021 11:00;0.669;0;0.841
25.09.2021 12:00;4.452;0;1.262
25.09.2021 13:00;1.205;0;1.122
25.09.2021 14:00;0.669;0;0.641
25.09.2021 15:00;0.669;0;0.561
25.09.2021 16:00;0.669;0;0.641
25.09.2021 17:00;1.205;0;1.122
25.09.2021 18:00;4.453;0;1.582
25.09.2021 19:00;5.523;0;1.602
25.09.2021 20:00;5.241;0;1.242
25.09.2021 21:00;9.291;0;0.901
25.09.2021 22:00;9.291;0;0.501
25.09.2021 23:00;8.756;0;0.381
26.09.2021 00:00;8.756;0;0.16
26.09.2021 01:00;8.756;0;0.08
26.09.2021 02:00;4.756;0;0.02
26.09.2021 03:00;2.356;0;0.02
26.09.2021 04:00;1.556;0;0.04
26.09.2021 05:00;1.292;0;0.761
26.09.2021 06:00;4.416;0;2.003
26.09.2021 07:00;1.205;0;1.622
26.09.2021 08:00;0.725;0.175;1.342
26.09.2021 09:00;0.725;0.151;1.022
26.09.2021 10:00;0.725;0.017;0.901
26.09.2021 11:00;0.669;0;0.841
26.09.2021 12:00;4.452;0;1.262
26.09.2021 13:00;1.205;0;1.122
26.09.2021 14:00;0.669;0;0.641
26.09.2021 15:00;0.669;0;0.561
26.09.2021 16:00;0.669;0;0.641
26.09.2021 17:00;1.205;0;1.122
26.09.2021 18:00;4.453;0;1.582
26.09.2021 19:00;5.523;0;1.602
26.09.2021 20:00;5.242;0;1.242
26.09.2021 21:00;9.292;0;0.901
26.09.2021 22:00;9.292;0;0.501
26.09.2021 23:00;8.757;0;0.381
27.09.2021 00:00;8.757;0;0.16
27.09.2021 01:00;8.757;0;0.08
27.09.2021 02:00;4.757;0;0.02
27.09.2021 03:00;2.356;0;0.02
27.09.2021 04:00;1.556;0;0.04
27.09.2021 05:00;1.292;0;0.761
27.09.2021 06:00;4.416;0;2.003
27.09.2021 07:00;1.26;0.085;1.622
27.09.2021 08:00;0.725;0.727;1.342
27.09.2021 09:00;0.725;0.44;1.022
27.09.2021 10:00;0.725;0.217;0.901
27.09.2021 11:00;0.669;0;0.841
27.09.2021 12:00;4.452;0;1.262
27.09.2021 13:00;1.205;0;1.122
27.09.2021 14:00;0.669;0;0.641
27.09.2021 15:00;0.669;0;0.561
27.09.2021 16:00;0.669;0;0.641
27.09.2021 17:00;1.205;0;1.122
27.09.2021 18:00;4.453;0;1.582
27.09.2021 19:00;5.523;0;1.602
27.09.2021 20:00;5.241;0;1.242
27.09.2021 21:00;9.291;0;0.901
27.09.2021 22:00;9.292;0;0.501
27.09.2021 23:00;8.757;0;0.381
28.09.2021 00:00;8.757;0;0.16
28.09.2021 01:00;8.757;0;0.08
28.09.2021 02:00;4.757;0;0.02
28.09.2021 03:00;2.357;0;0.02
28.09.2021 04:00;1.557;0;0.04
28.09.2021 05:00;1.292;0;0.761
28.09.2021 06:00;4.416;0;2.003
28.09.2021 07:00;1.26;0.691;1.622
28.09.2021 08:00;0.725;1.51;1.342
28.09.2021 09:00;0.725;1.052;1.022
28.09.2021 10:00;0.725;0.588;0.901
28.09.2021 11:00;0.725;0.556;0.841
28.09.2021 12:00;4.453;0;1.262
28.09.2021 13:00;1.205;0;1.122
28.09.2021 14:00;0.725;0.042;0.641
28.09.2021 15:00;0.724;0.123;0.561
28.09.2021 16:00;0.725;0.323;0.641
28.09.2021 17:00;1.26;0.121;1.122
28.09.2021 18:00;4.453;0;1.582
28.09.2021 19:00;5.523;0;1.602
28.09.2021 20:00;5.242;0;1.242
28.09.2021 21:00;9.292;0;0.901
28.09.2021 22:00;9.292;0;0.501
28.09.2021 23:00;8.757;0;0.381
29.09.2021 00:00;8.757;0;0.16
29.09.2021 01:00;8.757;0;0.08
29.09.2021 02:00;4.757;0;0.02
29.09.2021 03:00;2.357;0;0.02
29.09.2021 04:00;1.557;0;0.04
29.09.2021 05:00;1.293;0;0.761
29.09.2021 06:00;4.416;0;2.003
29.09.2021 07:00;1.26;1.586;1.622
29.09.2021 08:00;0.725;2.051;1.342
29.09.2021 09:00;0.725;1.632;1.022
29.09.2021 10:00;0.725;1.245;0.901
29.09.2021 11:00;0.725;1.024;0.841
29.09.2021 12:00;4.452;0;1.262
29.09.2021 13:00;1.205;0;1.122
29.09.2021 14:00;0.725;0.507;0.641
29.09.2021 15:00;0.724;0.96;0.561
29.09.2021 16:00;0.725;1.13;0.641
29.09.2021 17:00;1.26;0.959;1.122
29.09.2021 18:00;4.453;0;1.582
29.09.2021 19:00;5.523;0;1.602
29.09.2021 20:00;5.297;0.883;1.242
29.09.2021 21:00;9.292;0;0.901
29.09.2021 22:00;9.292;0;0.501
29.09.2021 23:00;8.757;0;0.381
30.09.2021 00:00;4.757;0;0.154
30.09.2021 01:00;4.757;0;0.172
30.09.2021 02:00;2.358;0;0.103
30.09.2021 03:00;1.558;0;0.034
30.09.2021 04:00;1.158;0;0.034
30.09.2021 05:00;1.293;0;0.206
30.09.2021 06:00;4.471;1.154;0.566
30.09.2021 07:00;1.26;3.421;0.961
30.09.2021 08:00;0.725;3.901;1.562
30.09.2021 09:00;0.725;3.328;1.545
30.09.2021 10:00;0.725;2.88;1.39
30.09.2021 11:00;4.725;2.386;1.493
30.09.2021 12:00;8.453;0;1.51
30.09.2021 13:00;5.26;0.851;1.201
30.09.2021 14:00;0.725;1.707;0.961
30.09.2021 15:00;0.725;1.679;0.755
30.09.2021 16:00;0.725;1.756;0.961
30.09.2021 17:00;1.26;1.747;1.236
30.09.2021 18:00;4.453;0;1.716
30.09.2021 19:00;5.523;0;1.356
30.09.2021 20:00;5.297;1.859;0.755
30.09.2021 21:00;5.293;0;0.738
30.09.2021 22:00;9.293;0;0.601
30.09.2021 23:00;4.758;0;0.36
01.10.2021 00:00;4.758;0;0.208
01.10.2021 01:00;4.758;0;0.152
01.10.2021 02:00;4.758;0;0.114
01.10.2021 03:00;4.758;0;0.038
01.10.2021 04:00;4.758;0;0.038
01.10.2021 05:00;1.293;0;0.114
01.10.2021 06:00;4.471;1.434;0.379
01.10.2021 07:00;1.26;4.088;0.777
01.10.2021 08:00;0.725;4.465;1.232
01.10.2021 09:00;0.725;4.151;1.63
01.10.2021 10:00;0.725;3.584;1.8
01.10.2021 11:00;4.725;3.211;1.895
01.10.2021 12:00;8.453;0;1.63
01.10.2021 13:00;5.26;1.573;1.402
01.10.2021 14:00;4.725;2.235;1.099
01.10.2021 15:00;4.725;2.26;0.966
01.10.2021 16:00;0.724;2.267;0.55
01.10.2021 17:00;1.26;2.055;1.042
01.10.2021 18:00;4.453;0;1.364
01.10.2021 19:00;5.523;0;1.478
01.10.2021 20:00;9.297;1.191;0.758
01.10.2021 21:00;9.292;0;0.701
01.10.2021 22:00;9.292;0;0.644
01.10.2021 23:00;8.757;0;0.36
02.10.2021 00:00;8.757;0;0.16
02.10.2021 01:00;8.757;0;0.08
02.10.2021 02:00;4.757;0;0.02
02.10.2021 03:00;2.357;0;0.02
02.10.2021 04:00;1.557;0;0.04
02.10.2021 05:00;1.292;0;0.761
02.10.2021 06:00;4.416;0;2.003
02.10.2021 07:00;1.26;2.903;1.622
02.10.2021 08:00;0.725;3.675;1.342
02.10.2021 09:00;0.725;3.69;1.022
02.10.2021 10:00;0.725;3.517;0.901
02.10.2021 11:00;0.725;2.881;0.841
02.10.2021 12:00;4.453;0;1.262
02.10.2021 13:00;1.26;1.613;1.122
02.10.2021 14:00;0.725;2.382;0.641
02.10.2021 15:00;0.724;2.118;0.561
02.10.2021 16:00;0.725;2.16;0.641
02.10.2021 17:00;1.26;1.385;1.122
02.10.2021 18:00;4.453;0;1.582
02.10.2021 19:00;5.523;0;1.602
02.10.2021 20:00;5.297;0.787;1.242
02.10.2021 21:00;9.292;0;0.901
02.10.2021 22:00;9.292;0;0.501
02.10.2021 23:00;8.757;0;0.381
03.10.2021 00:00;8.757;0;0.16
03.10.2021 01:00;8.756;0;0.08
03.10.2021 02:00;4.756;0;0.02
03.10.2021 03:00;2.356;0;0.02
03.10.2021 04:00;1.556;0;0.04
03.10.2021 05:00;1.292;0;0.761
03.10.2021 06:00;4.416;0;2.003
03.10.2021 07:00;1.26;1.368;1.622
03.10.2021 08:00;0.725;2.193;1.342
03.10.2021 09:00;0.725;2.508;1.022
03.10.2021 10:00;0.725;2.274;0.901
03.10.2021 11:00;0.725;2.096;0.841
03.10.2021 12:00;4.453;0;1.262
03.10.2021 13:00;1.26;0.194;1.122
03.10.2021 14:00;0.725;1.054;0.641
03.10.2021 15:00;0.724;1.203;0.561
03.10.2021 16:00;0.725;1.293;0.641
03.10.2021 17:00;1.26;0.937;1.122
03.10.2021 18:00;4.453;0;1.582
03.10.2021 19:00;5.524;0;1.602
03.10.2021 20:00;5.297;1.637;1.242
03.10.2021 21:00;9.293;0;0.901
03.10.2021 22:00;9.292;0;0.501
03.10.2021 23:00;8.757;0;0.381
04.10.2021 00:00;8.757;0;0.16
04.10.2021 01:00;8.758;0;0.08
04.10.2021 02:00;4.757;0;0.02
04.10.2021 03:00;2.357;0;0.02
04.10.2021 04:00;1.557;0;0.04
04.10.2021 05:00;1.293;0;0.761
04.10.2021 06:00;4.471;0.552;2.003
04.10.2021 07:00;1.26;3.663;1.622
04.10.2021 08:00;0.725;4.01;1.342
04.10.2021 09:00;0.725;3.426;1.022
04.10.2021 10:00;0.725;2.859;0.901
04.10.2021 11:00;0.725;2.558;0.841
04.10.2021 12:00;4.453;0;1.262
04.10.2021 13:00;1.26;0.856;1.122
04.10.2021 14:00;0.725;1.791;0.641
04.10.2021 15:00;0.724;1.796;0.561
04.10.2021 16:00;0.725;1.964;0.641
04.10.2021 17:00;1.26;1.501;1.122
04.10.2021 18:00;4.453;0;1.582
04.10.2021 19:00;5.523;0;1.602
04.10.2021 20:00;5.297;1.294;1.242
04.10.2021 21:00;9.292;0;0.901
04.10.2021 22:00;9.292;0;0.501
04.10.2021 23:00;8.757;0;0.381
05.10.2021 00:00;8.757;0;0.16
05.10.2021 01:00;8.757;0;0.08
05.10.2021 02:00;4.757;0;0.02
05.10.2021 03:00;2.357;0;0.02
05.10.2021 04:00;1.557;0;0.04
05.10.2021 05:00;1.293;0;0.761
05.10.2021 06:00;4.471;0.496;2.003
05.10.2021 07:00;1.26;2.763;1.622
05.10.2021 08:00;0.725;3.06;1.342
05.10.2021 09:00;0.725;2.523;1.022
05.10.2021 10:00;0.725;2.115;0.901
05.10.2021 11:00;0.725;1.48;0.841
05.10.2021 12:00;4.452;0;1.262
05.10.2021 13:00;1.205;0;1.122
05.10.2021 14:00;0.725;0.45;0.641
05.10.2021 15:00;0.724;0.652;0.561
05.10.2021 16:00;0.725;0.929;0.641
05.10.2021 17:00;1.26;0.818;1.122
05.10.2021 18:00;4.453;0;1.582
05.10.2021 19:00;5.523;0;1.602
05.10.2021 20:00;5.297;0.385;1.242
05.10.2021 21:00;9.292;0;0.901
05.10.2021 22:00;9.292;0;0.501
05.10.2021 23:00;8.757;0;0.381
06.10.2021 00:00;8.757;0;0.16
06.10.2021 01:00;8.757;0;0.08
06.10.2021 02:00;4.757;0;0.02
06.10.2021 03:00;2.357;0;0.02
06.10.2021 04:00;1.558;0;0.04
06.10.2021 05:00;1.293;0;0.761
06.10.2021 06:00;4.471;0.116;2.003
06.10.2021 07:00;1.26;3.027;1.622
06.10.2021 08:00;0.725;3.553;1.342
06.10.2021 09:00;0.725;3.678;1.022
06.10.2021 10:00;0.725;3.27;0.901
06.10.2021 11:00;0.725;2.99;0.841
06.10.2021 12:00;4.453;0;1.262
06.10.2021 13:00;1.26;2.123;1.122
06.10.2021 14:00;0.725;3.018;0.641
06.10.2021 15:00;0.724;3.331;0.561
06.10.2021 16:00;0.725;2.949;0.641
06.10.2021 17:00;1.26;2.378;1.122
06.10.2021 18:00;4.453;0;1.582
06.10.2021 19:00;5.524;0;1.602
06.10.2021 20:00;5.297;2.338;1.242
06.10.2021 21:00;9.293;0;0.901
06.10.2021 22:00;9.293;0;0.501
06.10.2021 23:00;8.758;0;0.381
07.10.2021 00:00;4.759;0;0.154
07.10.2021 01:00;4.758;0;0.172
07.10.2021 02:00;2.358;0;0.103
07.10.2021 03:00;1.558;0;0.034
07.10.2021 04:00;1.158;0;0.034
07.10.2021 05:00;1.294;0;0.206
07.10.2021 06:00;4.471;3.384;0.566
07.10.2021 07:00;1.26;5.891;0.961
07.10.2021 08:00;0.725;5.898;1.562
07.10.2021 09:00;0.725;5.247;1.545
07.10.2021 10:00;0.725;4.529;1.39
07.10.2021 11:00;4.725;3.883;1.493
07.10.2021 12:00;8.453;0;1.51
07.10.2021 13:00;5.26;2.055;1.201
07.10.2021 14:00;0.725;2.965;0.961
07.10.2021 15:00;0.725;3.294;0.755
07.10.2021 16:00;0.725;3.607;0.961
07.10.2021 17:00;1.26;2.532;1.236
07.10.2021 18:00;4.453;0;1.716
07.10.2021 19:00;5.523;0;1.356
07.10.2021 20:00;5.297;2.624;0.755
07.10.2021 21:00;5.293;0;0.738
07.10.2021 22:00;9.293;0;0.601
07.10.2021 23:00;4.757;0;0.36
08.10.2021 00:00;4.757;0;0.208
08.10.2021 01:00;4.757;0;0.152
08.10.2021 02:00;4.757;0;0.114
08.10.2021 03:00;4.757;0;0.038
08.10.2021 04:00;4.758;0;0.038
08.10.2021 05:00;1.293;0;0.114
08.10.2021 06:00;4.471;1.174;0.379
08.10.2021 07:00;1.26;4.48;0.777
08.10.2021 08:00;0.725;4.853;1.232
08.10.2021 09:00;0.725;4.536;1.63
08.10.2021 10:00;0.725;3.889;1.8
08.10.2021 11:00;4.725;3.422;1.895
08.10.2021 12:00;8.453;0;1.63
08.10.2021 13:00;5.26;2.328;1.402
08.10.2021 14:00;4.725;3.001;1.099
08.10.2021 15:00;4.725;3.062;0.966
08.10.2021 16:00;0.724;3.15;0.55
08.10.2021 17:00;1.26;2.71;1.042
08.10.2021 18:00;4.453;0;1.364
08.10.2021 19:00;5.523;0;1.478
08.10.2021 20:00;9.297;2.331;0.758
08.10.2021 21:00;9.292;0;0.701
08.10.2021 22:00;9.293;0;0.644
08.10.2021 23:00;8.757;0;0.36
09.10.2021 00:00;8.757;0;0.16
09.10.2021 01:00;8.758;0;0.08
09.10.2021 02:00;4.757;0;0.02
09.10.2021 03:00;2.357;0;0.02
09.10.2021 04:00;1.557;0;0.04
09.10.2021 05:00;1.293;0;0.761
09.10.2021 06:00;4.471;0.969;2.003
09.10.2021 07:00;1.26;3.973;1.622
09.10.2021 08:00;0.725;4.235;1.342
09.10.2021 09:00;0.725;3.806;1.022
09.10.2021 10:00;0.725;3.544;0.901
09.10.2021 11:00;0.725;2.957;0.841
09.10.2021 12:00;4.453;0;1.262
09.10.2021 13:00;1.26;1.865;1.122
09.10.2021 14:00;0.725;2.813;0.641
09.10.2021 15:00;0.724;2.641;0.561
09.10.2021 16:00;0.725;2.95;0.641
09.10.2021 17:00;1.26;2.537;1.122
09.10.2021 18:00;4.453;0;1.582
09.10.2021 19:00;5.523;0;1.602
09.10.2021 20:00;5.297;1.728;1.242
09.10.2021 21:00;9.293;0;0.901
09.10.2021 22:00;9.292;0;0.501
09.10.2021 23:00;8.757;0;0.381
10.10.2021 00:00;8.757;0;0.16
10.10.2021 01:00;8.757;0;0.08
10.10.2021 02:00;4.757;0;0.02
10.10.2021 03:00;2.358;0;0.02
10.10.2021 04:00;1.558;0;0.04
10.10.2021 05:00;1.293;0;0.761
10.10.2021 06:00;4.471;1.733;2.003
10.10.2021 07:00;1.26;4.34;1.622
10.10.2021 08:00;0.725;4.822;1.342
10.10.2021 09:00;0.725;3.967;1.022
10.10.2021 10:00;0.725;3.462;0.901
10.10.2021 11:00;0.725;2.684;0.841
10.10.2021 12:00;4.453;0;1.262
10.10.2021 13:00;1.26;1.15;1.122
10.10.2021 14:00;0.725;2.026;0.641
10.10.2021 15:00;0.724;2.099;0.561
10.10.2021 16:00;0.725;2.146;0.641
10.10.2021 17:00;1.26;1.645;1.122
10.10.2021 18:00;4.453;0;1.582
10.10.2021 19:00;5.523;0;1.602
10.10.2021 20:00;5.297;1.811;1.242
10.10.2021 21:00;9.292;0;0.901
10.10.2021 22:00;9.292;0;0.501
10.10.2021 23:00;8.757;0;0.381
11.10.2021 00:00;8.757;0;0.16
11.10.2021 01:00;8.757;0;0.08
11.10.2021 02:00;4.757;0;0.02
11.10.2021 03:00;2.358;0;0.02
11.10.2021 04:00;1.557;0;0.04
11.10.2021 05:00;1.293;0;0.761
11.10.2021 06:00;4.471;1.649;2.003
11.10.2021 07:00;1.26;4.275;1.622
11.10.2021 08:00;0.725;4.089;1.342
11.10.2021 09:00;0.725;3.569;1.022
11.10.2021 10:00;0.725;3.043;0.901
11.10.2021 11:00;0.725;2.507;0.841
11.10.2021 12:00;4.453;0;1.262
11.10.2021 13:00;1.26;0.794;1.122
11.10.2021 14:00;0.725;1.57;0.641
11.10.2021 15:00;0.724;1.458;0.561
11.10.2021 16:00;0.725;1.574;0.641
11.10.2021 17:00;1.26;1.309;1.122
11.10.2021 18:00;4.453;0;1.582
11.10.2021 19:00;5.523;0;1.602
11.10.2021 20:00;5.297;0.793;1.242
11.10.2021 21:00;9.292;0;0.901
11.10.2021 22:00;9.292;0;0.501
11.10.2021 23:00;8.757;0;0.381
12.10.2021 00:00;8.757;0;0.16
12.10.2021 01:00;8.757;0;0.08
12.10.2021 02:00;4.757;0;0.02
12.10.2021 03:00;2.357;0;0.02
12.10.2021 04:00;1.557;0;0.04
12.10.2021 05:00;1.292;0;0.761
12.10.2021 06:00;4.416;0;2.003
12.10.2021 07:00;1.26;2.247;1.622
12.10.2021 08:00;0.725;2.863;1.342
12.10.2021 09:00;0.725;2.584;1.022
12.10.2021 10:00;0.725;2.242;0.901
12.10.2021 11:00;0.725;1.397;0.841
12.10.2021 12:00;4.452;0;1.262
12.10.2021 13:00;1.205;0;1.122
12.10.2021 14:00;0.725;0.611;0.641
12.10.2021 15:00;0.724;0.626;0.561
12.10.2021 16:00;0.725;0.997;0.641
12.10.2021 17:00;1.26;0.682;1.122
12.10.2021 18:00;4.453;0;1.582
12.10.2021 19:00;5.523;0;1.602
12.10.2021 20:00;5.297;0.826;1.242
12.10.2021 21:00;9.293;0;0.901
12.10.2021 22:00;9.293;0;0.501
12.10.2021 23:00;8.757;0;0.381
13.10.2021 00:00;8.757;0;0.16
13.10.2021 01:00;8.757;0;0.08
13.10.2021 02:00;4.757;0;0.02
13.10.2021 03:00;2.357;0;0.02
13.10.2021 04:00;1.557;0;0.04
13.10.2021 05:00;1.293;0;0.761
13.10.2021 06:00;4.471;0.858;2.003
13.10.2021 07:00;1.26;3.185;1.622
13.10.2021 08:00;0.725;3.211;1.342
13.10.2021 09:00;0.725;2.57;1.022
13.10.2021 10:00;0.725;2.386;0.901
13.10.2021 11:00;0.725;1.686;0.841
13.10.2021 12:00;4.452;0;1.262
13.10.2021 13:00;1.205;0;1.122
13.10.2021 14:00;0.725;0.438;0.641
13.10.2021 15:00;0.724;0.376;0.561
13.10.2021 16:00;0.725;0.959;0.641
13.10.2021 17:00;1.26;0.747;1.122
13.10.2021 18:00;4.453;0;1.582
13.10.2021 19:00;5.523;0;1.602
13.10.2021 20:00;5.297;0.837;1.242
13.10.2021 21:00;9.292;0;0.901
13.10.2021 22:00;9.292;0;0.501
13.10.2021 23:00;8.757;0;0.381
14.10.2021 00:00;4.757;0;0.154
14.10.2021 01:00;4.757;0;0.172
14.10.2021 02:00;2.357;0;0.103
14.10.2021 03:00;1.557;0;0.034
14.10.2021 04:00;1.157;0;0.034
14.10.2021 05:00;1.292;0;0.206
14.10.2021 06:00;4.471;0.178;0.566
14.10.2021 07:00;1.26;3.545;0.961
14.10.2021 08:00;0.725;2.706;1.562
14.10.2021 09:00;0.725;2.191;1.545
14.10.2021 10:00;0.725;1.632;1.39
14.10.2021 11:00;4.725;1.12;1.493
14.10.2021 12:00;8.452;0;1.51
14.10.2021 13:00;5.205;0;1.201
14.10.2021 14:00;0.725;0.141;0.961
14.10.2021 15:00;0.725;0.279;0.755
14.10.2021 16:00;0.725;0.808;0.961
14.10.2021 17:00;1.26;0.546;1.236
14.10.2021 18:00;4.453;0;1.716
14.10.2021 19:00;5.523;0;1.356
14.10.2021 20:00;5.297;0.457;0.755
14.10.2021 21:00;5.292;0;0.738
14.10.2021 22:00;9.292;0;0.601
14.10.2021 23:00;4.756;0;0.36
15.10.2021 00:00;4.757;0;0.208
15.10.2021 01:00;4.757;0;0.152
15.10.2021 02:00;4.757;0;0.114
15.10.2021 03:00;4.757;0;0.038
15.10.2021 04:00;4.757;0;0.038
15.10.2021 05:00;1.292;0;0.114
15.10.2021 06:00;4.415;0;0.379
15.10.2021 07:00;1.26;3.071;0.777
15.10.2021 08:00;0.725;2.477;1.232
15.10.2021 09:00;0.725;1.895;1.63
15.10.2021 10:00;0.725;1.491;1.8
15.10.2021 11:00;4.725;1.034;1.895
15.10.2021 12:00;8.452;0;1.63
15.10.2021 13:00;5.205;0;1.402
15.10.2021 14:00;4.669;0;1.099
15.10.2021 15:00;4.725;0.052;0.966
15.10.2021 16:00;0.724;0.324;0.55
15.10.2021 17:00;1.26;0.479;1.042
15.10.2021 18:00;4.453;0;1.364
15.10.2021 19:00;5.523;0;1.478
15.10.2021 20:00;9.297;0.268;0.758
15.10.2021 21:00;9.292;0;0.701
15.10.2021 22:00;9.292;0;0.644
15.10.2021 23:00;8.757;0;0.36
16.10.2021 00:00;8.757;0;0.16
16.10.2021 01:00;8.757;0;0.08
16.10.2021 02:00;4.757;0;0.02
16.10.2021 03:00;2.358;0;0.02
16.10.2021 04:00;1.557;0;0.04
16.10.2021 05:00;1.293;0;0.761
16.10.2021 06:00;4.471;0.541;2.003
16.10.2021 07:00;1.26;2.985;1.622
16.10.2021 08:00;0.725;2.294;1.342
16.10.2021 09:00;0.725;1.885;1.022
16.10.2021 10:00;0.725;1.274;0.901
16.10.2021 11:00;0.725;0.8;0.841
16.10.2021 12:00;4.452;0;1.262
16.10.2021 13:00;1.205;0;1.122
16.10.2021 14:00;0.669;0;0.641
16.10.2021 15:00;0.669;0;0.561
16.10.2021 16:00;0.725;0.539;0.641
16.10.2021 17:00;1.26;0.374;1.122
16.10.2021 18:00;4.453;0;1.582
16.10.2021 19:00;5.523;0;1.602
16.10.2021 20:00;5.297;0.404;1.242
16.10.2021 21:00;9.292;0;0.901
16.10.2021 22:00;9.292;0;0.501
16.10.2021 23:00;8.757;0;0.381
17.10.2021 00:00;8.757;0;0.16
17.10.2021 01:00;8.757;0;0.08
17.10.2021 02:00;4.757;0;0.02
17.10.2021 03:00;2.357;0;0.02
17.10.2021 04:00;1.557;0;0.04
17.10.2021 05:00;1.293;0;0.761
17.10.2021 06:00;4.416;0;2.003
17.10.2021 07:00;1.26;3.245;1.622
17.10.2021 08:00;0.725;2.536;1.342
17.10.2021 09:00;0.725;2.265;1.022
17.10.2021 10:00;0.725;1.868;0.901
17.10.2021 11:00;0.725;1.108;0.841
17.10.2021 12:00;4.452;0;1.262
17.10.2021 13:00;1.205;0;1.122
17.10.2021 14:00;0.725;0.058;0.641
17.10.2021 15:00;0.724;0.231;0.561
17.10.2021 16:00;0.725;0.727;0.641
17.10.2021 17:00;1.26;0.68;1.122
17.10.2021 18:00;4.453;0;1.582
17.10.2021 19:00;5.523;0;1.602
17.10.2021 20:00;5.297;0.329;1.242
17.10.2021 21:00;9.292;0;0.901
17.10.2021 22:00;9.292;0;0.501
17.10.2021 23:00;8.757;0;0.381
18.10.2021 00:00;8.757;0;0.16
18.10.2021 01:00;8.757;0;0.08
18.10.2021 02:00;4.758;0;0.02
18.10.2021 03:00;2.358;0;0.02
18.10.2021 04:00;1.557;0;0.04
18.10.2021 05:00;1.293;0;0.761
18.10.2021 06:00;4.471;0.214;2.003
18.10.2021 07:00;1.26;2.955;1.622
18.10.2021 08:00;0.725;2.956;1.342
18.10.2021 09:00;0.725;2.513;1.022
18.10.2021 10:00;0.725;2.029;0.901
18.10.2021 11:00;0.725;1.456;0.841
18.10.2021 12:00;4.452;0;1.262
18.10.2021 13:00;1.205;0;1.122
18.10.2021 14:00;0.725;0.73;0.641
18.10.2021 15:00;0.724;0.879;0.561
18.10.2021 16:00;0.725;1.774;0.641
18.10.2021 17:00;1.26;0.898;1.122
18.10.2021 18:00;4.453;0;1.582
18.10.2021 19:00;5.523;0;1.602
18.10.2021 20:00;5.297;0.707;1.242
18.10.2021 21:00;9.292;0;0.901
18.10.2021 22:00;9.292;0;0.501
18.10.2021 23:00;8.757;0;0.381
19.10.2021 00:00;8.757;0;0.16
19.10.2021 01:00;8.756;0;0.08
19.10.2021 02:00;4.756;0;0.02
19.10.2021 03:00;2.356;0;0.02
19.10.2021 04:00;1.557;0;0.04
19.10.2021 05:00;1.292;0;0.761
19.10.2021 06:00;4.416;0;2.003
19.10.2021 07:00;1.26;1.884;1.622
19.10.2021 08:00;0.725;2.346;1.342
19.10.2021 09:00;0.725;2.128;1.022
19.10.2021 10:00;0.725;1.718;0.901
19.10.2021 11:00;0.725;0.95;0.841
19.10.2021 12:00;4.452;0;1.262
19.10.2021 13:00;1.205;0;1.122
19.10.2021 14:00;0.725;0.482;0.641
19.10.2021 15:00;0.724;0.487;0.561
19.10.2021 16:00;0.725;1.065;0.641
19.10.2021 17:00;1.26;0.63;1.122
19.10.2021 18:00;4.453;0;1.582
19.10.2021 19:00;5.523;0;1.602
19.10.2021 20:00;5.297;0.747;1.242
19.10.2021 21:00;9.292;0;0.901
19.10.2021 22:00;9.292;0;0.501
19.10.2021 23:00;8.757;0;0.381
20.10.2021 00:00;8.757;0;0.16
20.10.2021 01:00;8.757;0;0.08
20.10.2021 02:00;4.757;0;0.02
20.10.2021 03:00;2.357;0;0.02
20.10.2021 04:00;1.557;0;0.04
20.10.2021 05:00;1.293;0;0.761
20.10.2021 06:00;4.416;0;2.003
20.10.2021 07:00;1.26;2.444;1.622
20.10.2021 08:00;0.725;2.807;1.342
20.10.2021 09:00;0.725;2.562;1.022
20.10.2021 10:00;0.725;2.408;0.901
20.10.2021 11:00;0.725;2.009;0.841
20.10.2021 12:00;4.453;0;1.262
20.10.2021 13:00;1.26;1.084;1.122
20.10.2021 14:00;0.725;1.873;0.641
20.10.2021 15:00;0.724;1.793;0.561
20.10.2021 16:00;0.725;1.802;0.641
20.10.2021 17:00;1.26;1.115;1.122
20.10.2021 18:00;4.453;0;1.582
20.10.2021 19:00;5.523;0;1.602
20.10.2021 20:00;5.297;0.361;1.242
20.10.2021 21:00;9.292;0;0.901
20.10.2021 22:00;9.292;0;0.501
20.10.2021 23:00;8.756;0;0.381
21.10.2021 00:00;4.756;0;0.154
21.10.2021 01:00;4.756;0;0.172
21.10.2021 02:00;2.356;0;0.103
21.10.2021 03:00;1.556;0;0.034
21.10.2021 04:00;1.156;0;0.034
21.10.2021 05:00;1.292;0;0.206
21.10.2021 06:00;4.416;0;0.566
21.10.2021 07:00;1.26;1.606;0.961
21.10.2021 08:00;0.725;2.198;1.562
21.10.2021 09:00;0.725;1.804;1.545
21.10.2021 10:00;0.725;1.534;1.39
21.10.2021 11:00;4.725;1.217;1.493
21.10.2021 12:00;8.452;0;1.51
21.10.2021 13:00;5.205;0;1.201
21.10.2021 14:00;0.725;0.824;0.961
21.10.2021 15:00;0.725;0.861;0.755
21.10.2021 16:00;0.725;1.028;0.961
21.10.2021 17:00;1.26;1.035;1.236
21.10.2021 18:00;4.453;0;1.716
21.10.2021 19:00;5.523;0;1.356
21.10.2021 20:00;5.297;1.681;0.755
21.10.2021 21:00;5.293;0;0.738
21.10.2021 22:00;9.293;0;0.601
21.10.2021 23:00;4.758;0;0.36
22.10.2021 00:00;4.758;0;0.208
22.10.2021 01:00;4.758;0;0.152
22.10.2021 02:00;4.758;0;0.114
22.10.2021 03:00;4.758;0;0.038
22.10.2021 04:00;4.757;0;0.038
22.10.2021 05:00;1.293;0;0.114
22.10.2021 06:00;4.471;0.794;0.379
22.10.2021 07:00;1.26;4.263;0.777
22.10.2021 08:00;0.725;4.836;1.232
22.10.2021 09:00;0.725;4.478;1.63
22.10.2021 10:00;0.725;4.156;1.8
22.10.2021 11:00;4.725;3.969;1.895
22.10.2021 12:00;8.453;0;1.63
22.10.2021 13:00;5.26;2.779;1.402
22.10.2021 14:00;4.725;3.736;1.099
22.10.2021 15:00;4.725;3.798;0.966
22.10.2021 16:00;0.724;3.944;0.55
22.10.2021 17:00;1.26;3.253;1.042
22.10.2021 18:00;4.509;0.187;1.364
22.10.2021 19:00;5.524;0;1.478
22.10.2021 20:00;9.297;2.977;0.758
22.10.2021 21:00;9.293;0;0.701
22.10.2021 22:00;9.293;0;0.644
22.10.2021 23:00;8.758;0;0.36
23.10.2021 00:00;8.758;0;0.16
23.10.2021 01:00;8.758;0;0.08
23.10.2021 02:00;4.758;0;0.02
23.10.2021 03:00;2.358;0;0.02
23.10.2021 04:00;1.558;0;0.04
23.10.2021 05:00;1.293;0;0.761
23.10.2021 06:00;4.471;2.092;2.003
23.10.2021 07:00;1.26;4.899;1.622
23.10.2021 08:00;0.725;5.578;1.342
23.10.2021 09:00;0.725;5.268;1.022
23.10.2021 10:00;0.725;4.988;0.901
23.10.2021 11:00;0.725;5.127;0.841
23.10.2021 12:00;4.509;0.939;1.262
23.10.2021 13:00;1.26;3.281;1.122
23.10.2021 14:00;0.725;4.119;0.641
23.10.2021 15:00;0.724;3.991;0.561
23.10.2021 16:00;0.725;4.123;0.641
23.10.2021 17:00;1.26;3.192;1.122
23.10.2021 18:00;4.509;0.096;1.582
23.10.2021 19:00;5.524;0;1.602
23.10.2021 20:00;5.297;2.761;1.242
23.10.2021 21:00;9.293;0;0.901
23.10.2021 22:00;9.293;0;0.501
23.10.2021 23:00;8.758;0;0.381
24.10.2021 00:00;8.758;0;0.16
24.10.2021 01:00;8.758;0;0.08
24.10.2021 02:00;4.758;0;0.02
24.10.2021 03:00;2.358;0;0.02
24.10.2021 04:00;1.558;0;0.04
24.10.2021 05:00;1.293;0;0.761
24.10.2021 06:00;4.471;2.603;2.003
24.10.2021 07:00;1.26;5.393;1.622
24.10.2021 08:00;0.725;5.806;1.342
24.10.2021 09:00;0.725;5.114;1.022
24.10.2021 10:00;0.725;4.42;0.901
24.10.2021 11:00;0.725;3.8;0.841
24.10.2021 12:00;4.453;0;1.262
24.10.2021 13:00;1.26;2.057;1.122
24.10.2021 14:00;0.725;2.883;0.641
24.10.2021 15:00;0.724;2.906;0.561
24.10.2021 16:00;0.725;3.426;0.641
24.10.2021 17:00;1.26;2.297;1.122
24.10.2021 18:00;4.453;0;1.582
24.10.2021 19:00;5.523;0;1.602
24.10.2021 20:00;5.297;2.739;1.242
24.10.2021 21:00;9.293;0;0.901
24.10.2021 22:00;9.292;0;0.501
24.10.2021 23:00;8.758;0;0.381
25.10.2021 00:00;8.757;0;0.16
25.10.2021 01:00;8.757;0;0.08
25.10.2021 02:00;4.757;0;0.02
25.10.2021 03:00;2.357;0;0.02
25.10.2021 04:00;1.558;0;0.04
25.10.2021 05:00;1.293;0;0.761
25.10.2021 06:00;4.471;1.466;2.003
25.10.2021 07:00;1.26;3.943;1.622
25.10.2021 08:00;0.725;4.412;1.342
25.10.2021 09:00;0.725;3.762;1.022
25.10.2021 10:00;0.725;3.32;0.901
25.10.2021 11:00;0.725;2.651;0.841
25.10.2021 12:00;4.453;0;1.262
25.10.2021 13:00;1.26;0.751;1.122
25.10.2021 14:00;0.725;1.731;0.641
25.10.2021 15:00;0.724;1.597;0.561
25.10.2021 16:00;0.725;2.339;0.641
25.10.2021 17:00;1.26;1.685;1.122
25.10.2021 18:00;4.453;0;1.582
25.10.2021 19:00;5.523;0;1.602
25.10.2021 20:00;5.297;1.278;1.242
25.10.2021 21:00;9.292;0;0.901
25.10.2021 22:00;9.292;0;0.501
25.10.2021 23:00;8.757;0;0.381
26.10.2021 00:00;8.757;0;0.16
26.10.2021 01:00;8.757;0;0.08
26.10.2021 02:00;4.757;0;0.02
26.10.2021 03:00;2.357;0;0.02
26.10.2021 04:00;1.557;0;0.04
26.10.2021 05:00;1.293;0;0.761
26.10.2021 06:00;4.471;0.702;2.003
26.10.2021 07:00;1.26;3.522;1.622
26.10.2021 08:00;0.725;3.857;1.342
26.10.2021 09:00;0.725;3.094;1.022
26.10.2021 10:00;0.725;2.326;0.901
26.10.2021 11:00;0.725;1.986;0.841
26.10.2021 12:00;4.452;0;1.262
26.10.2021 13:00;1.26;0.071;1.122
26.10.2021 14:00;0.725;0.902;0.641
26.10.2021 15:00;0.724;1.262;0.561
26.10.2021 16:00;0.725;1.863;0.641
26.10.2021 17:00;1.26;1.722;1.122
26.10.2021 18:00;4.453;0;1.582
26.10.2021 19:00;5.523;0;1.602
26.10.2021 20:00;5.297;0.659;1.242
26.10.2021 21:00;9.292;0;0.901
26.10.2021 22:00;9.292;0;0.501
26.10.2021 23:00;8.756;0;0.381
27.10.2021 00:00;8.756;0;0.16
27.10.2021 01:00;8.756;0;0.08
27.10.2021 02:00;4.757;0;0.02
27.10.2021 03:00;2.356;0;0.02
27.10.2021 04:00;1.556;0;0.04
27.10.2021 05:00;1.292;0;0.761
27.10.2021 06:00;4.416;0;2.003
27.10.2021 07:00;1.26;2.06;1.622
27.10.2021 08:00;0.725;2.573;1.342
27.10.2021 09:00;0.725;2.734;1.022
27.10.2021 10:00;0.725;2.706;0.901
27.10.2021 11:00;0.725;2.374;0.841
27.10.2021 12:00;4.453;0;1.262
27.10.2021 13:00;1.26;1.4;1.122
27.10.2021 14:00;0.725;2.539;0.641
27.10.2021 15:00;0.724;2.604;0.561
27.10.2021 16:00;0.725;2.958;0.641
27.10.2021 17:00;1.26;2.516;1.122
27.10.2021 18:00;4.453;0;1.582
27.10.2021 19:00;5.524;0;1.602
27.10.2021 20:00;5.297;1.931;1.242
27.10.2021 21:00;9.293;0;0.901
27.10.2021 22:00;9.293;0;0.501
27.10.2021 23:00;8.758;0;0.381
28.10.2021 00:00;4.758;0;0.154
28.10.2021 01:00;4.758;0;0.172
28.10.2021 02:00;2.358;0;0.103
28.10.2021 03:00;1.558;0;0.034
28.10.2021 04:00;1.158;0;0.034
28.10.2021 05:00;1.294;0;0.206
28.10.2021 06:00;4.471;2.547;0.566
28.10.2021 07:00;1.26;5.397;0.961
28.10.2021 08:00;0.725;5.594;1.562
28.10.2021 09:00;0.725;5.152;1.545
28.10.2021 10:00;0.725;4.746;1.39
28.10.2021 11:00;4.725;4.115;1.493
28.10.2021 12:00;8.453;0;1.51
28.10.2021 13:00;5.26;2.949;1.201
28.10.2021 14:00;0.725;3.676;0.961
28.10.2021 15:00;0.725;3.9;0.755
28.10.2021 16:00;0.725;3.763;0.961
28.10.2021 17:00;1.26;3.254;1.236
28.10.2021 18:00;4.509;0.457;1.716
28.10.2021 19:00;5.524;0;1.356
28.10.2021 20:00;5.297;3.537;0.755
28.10.2021 21:00;5.294;0;0.738
28.10.2021 22:00;9.293;0;0.601
28.10.2021 23:00;4.758;0;0.36
29.10.2021 00:00;4.758;0;0.208
29.10.2021 01:00;4.758;0;0.152
29.10.2021 02:00;4.758;0;0.114
29.10.2021 03:00;4.758;0;0.038
29.10.2021 04:00;4.758;0;0.038
29.10.2021 05:00;1.293;0;0.114
29.10.2021 06:00;4.471;2.117;0.379
29.10.2021 07:00;1.26;4.895;0.777
29.10.2021 08:00;0.725;5.376;1.232
29.10.2021 09:00;0.725;5.126;1.63
29.10.2021 10:00;0.725;5.497;1.8
29.10.2021 11:00;4.725;4.658;1.895
29.10.2021 12:00;8.508;0.507;1.63
29.10.2021 13:00;5.26;4.093;1.402
29.10.2021 14:00;4.725;4.837;1.099
29.10.2021 15:00;4.725;4.122;0.966
29.10.2021 16:00;0.724;4.017;0.55
29.10.2021 17:00;1.26;3.137;1.042
29.10.2021 18:00;4.453;0;1.364
29.10.2021 19:00;5.524;0;1.478
29.10.2021 20:00;9.297;3.26;0.758
29.10.2021 21:00;9.293;0;0.701
29.10.2021 22:00;9.293;0;0.644
29.10.2021 23:00;8.758;0;0.36
30.10.2021 00:00;8.758;0;0.16
30.10.2021 01:00;8.758;0;0.08
30.10.2021 02:00;4.758;0;0.02
30.10.2021 03:00;2.358;0;0.02
30.10.2021 04:00;1.558;0;0.04
30.10.2021 05:00;1.294;0;0.761
30.10.2021 06:00;4.471;2.738;2.003
30.10.2021 07:00;1.26;5.63;1.622
30.10.2021 08:00;0.725;6.186;1.342
30.10.2021 09:00;0.725;5.824;1.022
30.10.2021 10:00;0.725;5.359;0.901
30.10.2021 11:00;0.725;5.473;0.841
30.10.2021 12:00;4.509;1.175;1.262
30.10.2021 13:00;1.26;4.109;1.122
30.10.2021 14:00;0.725;4.962;0.641
30.10.2021 15:00;0.724;4.633;0.561
30.10.2021 16:00;0.725;4.809;0.641
30.10.2021 17:00;1.26;4.062;1.122
30.10.2021 18:00;4.509;1.032;1.582
30.10.2021 19:00;5.579;0.222;1.602
30.10.2021 20:00;5.298;3.968;1.242
30.10.2021 21:00;9.294;0;0.901
30.10.2021 22:00;9.294;0;0.501
30.10.2021 23:00;8.759;0;0.381
31.10.2021 00:00;8.758;0;0.16
31.10.2021 01:00;8.759;0;0.08
31.10.2021 02:00;4.759;0;0.02
31.10.2021 03:00;2.359;0;0.02
31.10.2021 04:00;1.559;0;0.04
31.10.2021 05:00;1.294;0;0.761
31.10.2021 06:00;4.471;4.512;2.003
31.10.2021 07:00;1.26;7.362;1.622
31.10.2021 08:00;0.725;7.681;1.342
31.10.2021 09:00;0.725;7.01;1.022
31.10.2021 10:00;0.725;6.124;0.901
31.10.2021 11:00;0.725;5.349;0.841
31.10.2021 12:00;4.508;0.768;1.262
31.10.2021 13:00;1.26;4.055;1.122
31.10.2021 14:00;0.725;4.876;0.641
31.10.2021 15:00;0.724;4.429;0.561
31.10.2021 16:00;0.725;4.793;0.641
31.10.2021 17:00;1.26;4.486;1.122
31.10.2021 18:00;4.509;1.744;1.582
31.10.2021 19:00;5.579;0.819;1.602
31.10.2021 20:00;5.298;4.437;1.242
31.10.2021 21:00;9.293;0;0.901
31.10.2021 22:00;9.293;0;0.501
31.10.2021 23:00;8.757;0;0.381
01.11.2021 00:00;8.757;0;0.16
01.11.2021 01:00;8.757;0;0.08
01.11.2021 02:00;4.757;0;0.02
01.11.2021 03:00;2.357;0;0.02
01.11.2021 04:00;1.557;0;0.04
01.11.2021 05:00;1.292;0;0.761
01.11.2021 06:00;4.471;1.052;2.003
01.11.2021 07:00;1.26;3.94;1.622
01.11.2021 08:00;0.725;4.639;1.342
01.11.2021 09:00;0.725;4.376;1.022
01.11.2021 10:00;0.725;4.109;0.901
01.11.2021 11:00;0.725;3.764;0.841
01.11.2021 12:00;4.453;0;1.262
01.11.2021 13:00;1.26;2.487;1.122
01.11.2021 14:00;0.725;3.298;0.641
01.11.2021 15:00;0.724;3.111;0.561
01.11.2021 16:00;0.725;3.334;0.641
01.11.2021 17:00;1.26;2.562;1.122
01.11.2021 18:00;4.453;0;1.582
01.11.2021 19:00;5.523;0;1.602
01.11.2021 20:00;5.297;2.303;1.242
01.11.2021 21:00;9.293;0;0.901
01.11.2021 22:00;9.292;0;0.501
01.11.2021 23:00;8.757;0;0.381
02.11.2021 00:00;8.757;0;0.16
02.11.2021 01:00;8.757;0;0.08
02.11.2021 02:00;4.757;0;0.02
02.11.2021 03:00;2.357;0;0.02
02.11.2021 04:00;1.557;0;0.04
02.11.2021 05:00;1.293;0;0.761
02.11.2021 06:00;4.471;0.529;2.003
02.11.2021 07:00;1.26;3.381;1.622
02.11.2021 08:00;0.725;4.44;1.342
02.11.2021 09:00;0.725;4.05;1.022
02.11.2021 10:00;0.725;3.691;0.901
02.11.2021 11:00;0.725;3.519;0.841
02.11.2021 12:00;4.453;0;1.262
02.11.2021 13:00;1.26;1.938;1.122
02.11.2021 14:00;0.725;2.773;0.641
02.11.2021 15:00;0.724;2.899;0.561
02.11.2021 16:00;0.725;3.567;0.641
02.11.2021 17:00;1.26;2.489;1.122
02.11.2021 18:00;4.453;0;1.582
02.11.2021 19:00;5.524;0;1.602
02.11.2021 20:00;5.297;2.167;1.242
02.11.2021 21:00;9.293;0;0.901
02.11.2021 22:00;9.292;0;0.501
02.11.2021 23:00;8.757;0;0.381
03.11.2021 00:00;8.757;0;0.16
03.11.2021 01:00;8.757;0;0.08
03.11.2021 02:00;4.757;0;0.02
03.11.2021 03:00;2.357;0;0.02
03.11.2021 04:00;1.557;0;0.04
03.11.2021 05:00;1.293;0;0.761
03.11.2021 06:00;4.471;1.503;2.003
03.11.2021 07:00;1.26;4.819;1.622
03.11.2021 08:00;0.725;4.923;1.342
03.11.2021 09:00;0.725;4.512;1.022
03.11.2021 10:00;0.725;3.927;0.901
03.11.2021 11:00;0.725;3.753;0.841
03.11.2021 12:00;4.453;0;1.262
03.11.2021 13:00;1.26;2.733;1.122
03.11.2021 14:00;0.725;3.099;0.641
03.11.2021 15:00;0.724;3.303;0.561
03.11.2021 16:00;0.725;3.415;0.641
03.11.2021 17:00;1.26;3.3;1.122
03.11.2021 18:00;4.453;0;1.582
03.11.2021 19:00;5.524;0;1.602
03.11.2021 20:00;5.297;2.01;1.242
03.11.2021 21:00;9.293;0;0.901
03.11.2021 22:00;9.293;0;0.501
03.11.2021 23:00;8.758;0;0.381
04.11.2021 00:00;4.757;0;0.154
04.11.2021 01:00;4.758;0;0.172
04.11.2021 02:00;2.358;0;0.103
04.11.2021 03:00;1.558;0;0.034
04.11.2021 04:00;1.158;0;0.034
04.11.2021 05:00;1.293;0;0.206
04.11.2021 06:00;4.471;2.797;0.566
04.11.2021 07:00;1.26;5.635;0.961
04.11.2021 08:00;0.725;5.487;1.562
04.11.2021 09:00;0.725;5.028;1.545
04.11.2021 10:00;0.725;4.773;1.39
04.11.2021 11:00;4.725;4.69;1.493
04.11.2021 12:00;8.509;0.67;1.51
04.11.2021 13:00;5.26;3.892;1.201
04.11.2021 14:00;0.725;4.82;0.961
04.11.2021 15:00;0.725;4.921;0.755
04.11.2021 16:00;0.725;4.981;0.961
04.11.2021 17:00;1.26;4.108;1.236
04.11.2021 18:00;4.509;1.024;1.716
04.11.2021 19:00;5.579;0.208;1.356
04.11.2021 20:00;5.297;3.895;0.755
04.11.2021 21:00;5.294;0;0.738
04.11.2021 22:00;9.293;0;0.601
04.11.2021 23:00;4.758;0;0.36
05.11.2021 00:00;4.758;0;0.208
05.11.2021 01:00;4.758;0;0.152
05.11.2021 02:00;4.758;0;0.114
05.11.2021 03:00;4.758;0;0.038
05.11.2021 04:00;4.758;0;0.038
05.11.2021 05:00;1.293;0;0.114
05.11.2021 06:00;4.471;2.782;0.379
05.11.2021 07:00;1.26;5.569;0.777
05.11.2021 08:00;0.725;6.138;1.232
05.11.2021 09:00;0.725;5.739;1.63
05.11.2021 10:00;0.725;5.296;1.8
05.11.2021 11:00;4.725;5.362;1.895
05.11.2021 12:00;8.509;0.552;1.63
05.11.2021 13:00;5.26;3.495;1.402
05.11.2021 14:00;4.725;4.358;1.099
05.11.2021 15:00;4.725;4.453;0.966
05.11.2021 16:00;0.724;4.841;0.55
05.11.2021 17:00;1.26;4.455;1.042
05.11.2021 18:00;4.509;1.611;1.364
05.11.2021 19:00;5.579;0.778;1.478
05.11.2021 20:00;9.298;4.463;0.758
05.11.2021 21:00;9.294;0;0.701
05.11.2021 22:00;9.294;0;0.644
05.11.2021 23:00;8.759;0;0.36
06.11.2021 00:00;8.759;0;0.16
06.11.2021 01:00;8.759;0;0.08
06.11.2021 02:00;4.759;0;0.02
06.11.2021 03:00;2.359;0;0.02
06.11.2021 04:00;1.559;0;0.04
06.11.2021 05:00;1.294;0;0.761
06.11.2021 06:00;4.471;4.492;2.003
06.11.2021 07:00;1.26;7.104;1.622
06.11.2021 08:00;0.725;7.296;1.342
06.11.2021 09:00;0.725;6.686;1.022
06.11.2021 10:00;0.725;6.565;0.901
06.11.2021 11:00;0.725;5.588;0.841
06.11.2021 12:00;4.508;1.114;1.262
06.11.2021 13:00;1.26;3.886;1.122
06.11.2021 14:00;0.725;4.526;0.641
06.11.2021 15:00;0.724;4.998;0.561
06.11.2021 16:00;0.725;5.045;0.641
06.11.2021 17:00;1.26;4.091;1.122
06.11.2021 18:00;4.509;0.855;1.582
06.11.2021 19:00;5.524;0;1.602
06.11.2021 20:00;5.297;3.222;1.242
06.11.2021 21:00;9.293;0;0.901
06.11.2021 22:00;9.293;0;0.501
06.11.2021 23:00;8.757;0;0.381
07.11.2021 00:00;8.757;0;0.16
07.11.2021 01:00;8.757;0;0.08
07.11.2021 02:00;4.757;0;0.02
07.11.2021 03:00;2.357;0;0.02
07.11.2021 04:00;1.558;0;0.04
07.11.2021 05:00;1.293;0;0.761
07.11.2021 06:00;4.471;1.97;2.003
07.11.2021 07:00;1.26;4.85;1.622
07.11.2021 08:00;0.725;5.662;1.342
07.11.2021 09:00;0.725;4.88;1.022
07.11.2021 10:00;0.725;4.354;0.901
07.11.2021 11:00;0.725;3.772;0.841
07.11.2021 12:00;4.453;0;1.262
07.11.2021 13:00;1.26;2.282;1.122
07.11.2021 14:00;0.725;3.227;0.641
07.11.2021 15:00;0.724;3.428;0.561
07.11.2021 16:00;0.725;3.568;0.641
07.11.2021 17:00;1.26;3.057;1.122
07.11.2021 18:00;4.508;0.122;1.582
07.11.2021 19:00;5.524;0;1.602
07.11.2021 20:00;5.297;3.199;1.242
07.11.2021 21:00;9.293;0;0.901
07.11.2021 22:00;9.293;0;0.501
07.11.2021 23:00;8.758;0;0.381
08.11.2021 00:00;8.758;0;0.16
08.11.2021 01:00;8.758;0;0.08
08.11.2021 02:00;4.758;0;0.02
08.11.2021 03:00;2.358;0;0.02
08.11.2021 04:00;1.558;0;0.04
08.11.2021 05:00;1.293;0;0.761
08.11.2021 06:00;4.471;2.635;2.003
08.11.2021 07:00;1.26;5.894;1.622
08.11.2021 08:00;0.725;5.73;1.342
08.11.2021 09:00;0.725;5.223;1.022
08.11.2021 10:00;0.725;4.705;0.901
08.11.2021 11:00;0.725;3.812;0.841
08.11.2021 12:00;4.453;0;1.262
08.11.2021 13:00;1.26;2.172;1.122
08.11.2021 14:00;0.725;3.194;0.641
08.11.2021 15:00;0.724;3.353;0.561
08.11.2021 16:00;0.725;3.533;0.641
08.11.2021 17:00;1.26;2.652;1.122
08.11.2021 18:00;4.453;0;1.582
08.11.2021 19:00;5.523;0;1.602
08.11.2021 20:00;5.297;2.039;1.242
08.11.2021 21:00;9.292;0;0.901
08.11.2021 22:00;9.292;0;0.501
08.11.2021 23:00;8.757;0;0.381
09.11.2021 00:00;8.757;0;0.16
09.11.2021 01:00;8.757;0;0.08
09.11.2021 02:00;4.757;0;0.02
09.11.2021 03:00;2.357;0;0.02
09.11.2021 04:00;1.557;0;0.04
09.11.2021 05:00;1.293;0;0.761
09.11.2021 06:00;4.471;1.054;2.003
09.11.2021 07:00;1.26;4.009;1.622
09.11.2021 08:00;0.725;4.737;1.342
09.11.2021 09:00;0.725;4.528;1.022
09.11.2021 10:00;0.725;4.271;0.901
09.11.2021 11:00;0.725;4.041;0.841
09.11.2021 12:00;4.508;0.18;1.262
09.11.2021 13:00;1.26;3.148;1.122
09.11.2021 14:00;0.725;3.958;0.641
09.11.2021 15:00;0.724;3.885;0.561
09.11.2021 16:00;0.725;3.88;0.641
09.11.2021 17:00;1.26;3.045;1.122
09.11.2021 18:00;4.453;0;1.582
09.11.2021 19:00;5.524;0;1.602
09.11.2021 20:00;5.297;2.704;1.242
09.11.2021 21:00;9.293;0;0.901
09.11.2021 22:00;9.293;0;0.501
09.11.2021 23:00;8.758;0;0.381
10.11.2021 00:00;8.757;0;0.16
10.11.2021 01:00;8.758;0;0.08
10.11.2021 02:00;4.757;0;0.02
10.11.2021 03:00;2.358;0;0.02
10.11.2021 04:00;1.558;0;0.04
10.11.2021 05:00;1.293;0;0.761
10.11.2021 06:00;4.471;1.649;2.003
10.11.2021 07:00;1.26;4.595;1.622
10.11.2021 08:00;0.725;5.431;1.342
10.11.2021 09:00;0.725;5.084;1.022
10.11.2021 10:00;0.725;4.606;0.901
10.11.2021 11:00;0.725;4.079;0.841
10.11.2021 12:00;4.453;0;1.262
10.11.2021 13:00;1.26;2.241;1.122
10.11.2021 14:00;0.725;3.058;0.641
10.11.2021 15:00;0.724;3.269;0.561
10.11.2021 16:00;0.725;3.47;0.641
10.11.2021 17:00;1.26;2.922;1.122
10.11.2021 18:00;4.453;0;1.582
10.11.2021 19:00;5.524;0;1.602
10.11.2021 20:00;5.297;2.699;1.242
10.11.2021 21:00;9.293;0;0.901
10.11.2021 22:00;9.293;0;0.501
10.11.2021 23:00;8.758;0;0.381
11.11.2021 00:00;4.757;0;0.154
11.11.2021 01:00;4.757;0;0.172
11.11.2021 02:00;2.358;0;0.103
11.11.2021 03:00;1.557;0;0.034
11.11.2021 04:00;1.158;0;0.034
11.11.2021 05:00;1.292;0;0.206
11.11.2021 06:00;4.471;1.96;0.566
11.11.2021 07:00;1.26;4.951;0.961
11.11.2021 08:00;0.725;5.405;1.562
11.11.2021 09:00;0.725;5.118;1.545
11.11.2021 10:00;0.725;4.434;1.39
11.11.2021 11:00;4.725;3.635;1.493
11.11.2021 12:00;8.453;0;1.51
11.11.2021 13:00;5.26;1.901;1.201
11.11.2021 14:00;0.725;2.879;0.961
11.11.2021 15:00;0.725;3.212;0.755
11.11.2021 16:00;0.725;3.683;0.961
11.11.2021 17:00;1.26;3.18;1.236
11.11.2021 18:00;4.453;0;1.716
11.11.2021 19:00;5.524;0;1.356
11.11.2021 20:00;5.297;2.709;0.755
11.11.2021 21:00;5.293;0;0.738
11.11.2021 22:00;9.293;0;0.601
11.11.2021 23:00;4.757;0;0.36
12.11.2021 00:00;4.757;0;0.208
12.11.2021 01:00;4.758;0;0.152
12.11.2021 02:00;4.758;0;0.114
12.11.2021 03:00;4.758;0;0.038
12.11.2021 04:00;4.758;0;0.038
12.11.2021 05:00;1.293;0;0.114
12.11.2021 06:00;4.471;2.411;0.379
12.11.2021 07:00;1.26;5.199;0.777
12.11.2021 08:00;0.725;6.053;1.232
12.11.2021 09:00;0.725;5.13;1.63
12.11.2021 10:00;0.725;4.798;1.8
12.11.2021 11:00;4.725;4.048;1.895
12.11.2021 12:00;8.453;0;1.63
12.11.2021 13:00;5.26;2.75;1.402
12.11.2021 14:00;4.725;3.66;1.099
12.11.2021 15:00;4.725;3.974;0.966
12.11.2021 16:00;0.724;4.025;0.55
12.11.2021 17:00;1.26;3.239;1.042
12.11.2021 18:00;4.508;0.043;1.364
12.11.2021 19:00;5.523;0;1.478
12.11.2021 20:00;9.297;3.107;0.758
12.11.2021 21:00;9.293;0;0.701
12.11.2021 22:00;9.293;0;0.644
12.11.2021 23:00;8.758;0;0.36
13.11.2021 00:00;8.758;0;0.16
13.11.2021 01:00;8.757;0;0.08
13.11.2021 02:00;4.757;0;0.02
13.11.2021 03:00;2.358;0;0.02
13.11.2021 04:00;1.557;0;0.04
13.11.2021 05:00;1.293;0;0.761
13.11.2021 06:00;4.471;2.515;2.003
13.11.2021 07:00;1.26;5.278;1.622
13.11.2021 08:00;0.725;6.158;1.342
13.11.2021 09:00;0.725;5.912;1.022
13.11.2021 10:00;0.725;5.445;0.901
13.11.2021 11:00;0.725;4.446;0.841
13.11.2021 12:00;4.508;0.329;1.262
13.11.2021 13:00;1.26;3.564;1.122
13.11.2021 14:00;0.725;4.168;0.641
13.11.2021 15:00;0.724;4.325;0.561
13.11.2021 16:00;0.725;4.603;0.641
13.11.2021 17:00;1.26;3.33;1.122
13.11.2021 18:00;4.508;0.081;1.582
13.11.2021 19:00;5.524;0;1.602
13.11.2021 20:00;5.297;3.226;1.242
13.11.2021 21:00;9.293;0;0.901
13.11.2021 22:00;9.293;0;0.501
13.11.2021 23:00;8.757;0;0.381
14.11.2021 00:00;8.757;0;0.16
14.11.2021 01:00;8.757;0;0.08
14.11.2021 02:00;4.757;0;0.02
14.11.2021 03:00;2.357;0;0.02
14.11.2021 04:00;1.557;0;0.04
14.11.2021 05:00;1.292;0;0.761
14.11.2021 06:00;4.471;1.108;2.003
14.11.2021 07:00;1.26;4.124;1.622
14.11.2021 08:00;0.725;4.751;1.342
14.11.2021 09:00;0.725;4.612;1.022
14.11.2021 10:00;0.725;4.095;0.901
14.11.2021 11:00;0.725;3.629;0.841
14.11.2021 12:00;4.453;0;1.262
14.11.2021 13:00;1.26;2.577;1.122
14.11.2021 14:00;0.725;3.319;0.641
14.11.2021 15:00;0.724;3.499;0.561
14.11.2021 16:00;0.725;3.746;0.641
14.11.2021 17:00;1.26;2.811;1.122
14.11.2021 18:00;4.453;0;1.582
14.11.2021 19:00;5.523;0;1.602
14.11.2021 20:00;5.297;2.428;1.242
14.11.2021 21:00;9.293;0;0.901
14.11.2021 22:00;9.292;0;0.501
14.11.2021 23:00;8.757;0;0.381
15.11.2021 00:00;8.757;0;0.16
15.11.2021 01:00;8.757;0;0.08
15.11.2021 02:00;4.757;0;0.02
15.11.2021 03:00;2.357;0;0.02
15.11.2021 04:00;1.557;0;0.04
15.11.2021 05:00;1.293;0;0.761
15.11.2021 06:00;4.471;1.563;2.003
15.11.2021 07:00;1.26;4.33;1.622
15.11.2021 08:00;0.725;4.844;1.342
15.11.2021 09:00;0.725;4.547;1.022
15.11.2021 10:00;0.725;4.185;0.901
15.11.2021 11:00;0.725;3.8;0.841
15.11.2021 12:00;4.453;0;1.262
15.11.2021 13:00;1.26;2.511;1.122
15.11.2021 14:00;0.725;3.299;0.641
15.11.2021 15:00;0.724;3.409;0.561
15.11.2021 16:00;0.725;3.498;0.641
15.11.2021 17:00;1.26;2.53;1.122
15.11.2021 18:00;4.453;0;1.582
15.11.2021 19:00;5.523;0;1.602
15.11.2021 20:00;5.297;1.989;1.242
15.11.2021 21:00;9.293;0;0.901
15.11.2021 22:00;9.292;0;0.501
15.11.2021 23:00;8.757;0;0.381
16.11.2021 00:00;8.757;0;0.16
16.11.2021 01:00;8.757;0;0.08
16.11.2021 02:00;4.757;0;0.02
16.11.2021 03:00;2.357;0;0.02
16.11.2021 04:00;1.557;0;0.04
16.11.2021 05:00;1.293;0;0.761
16.11.2021 06:00;4.471;1.159;2.003
16.11.2021 07:00;1.26;4.313;1.622
16.11.2021 08:00;0.725;4.834;1.342
16.11.2021 09:00;0.725;4.375;1.022
16.11.2021 10:00;0.725;3.985;0.901
16.11.2021 11:00;0.725;3.519;0.841
16.11.2021 12:00;4.453;0;1.262
16.11.2021 13:00;1.26;2.132;1.122
16.11.2021 14:00;0.725;2.991;0.641
16.11.2021 15:00;0.724;3.242;0.561
16.11.2021 16:00;0.725;3.579;0.641
16.11.2021 17:00;1.26;2.956;1.122
16.11.2021 18:00;4.453;0;1.582
16.11.2021 19:00;5.524;0;1.602
16.11.2021 20:00;5.297;2.755;1.242
16.11.2021 21:00;9.293;0;0.901
16.11.2021 22:00;9.293;0;0.501
16.11.2021 23:00;8.757;0;0.381
17.11.2021 00:00;8.757;0;0.16
17.11.2021 01:00;8.757;0;0.08
17.11.2021 02:00;4.757;0;0.02
17.11.2021 03:00;2.357;0;0.02
17.11.2021 04:00;1.557;0;0.04
17.11.2021 05:00;1.292;0;0.761
17.11.2021 06:00;4.471;0.558;2.003
17.11.2021 07:00;1.26;3.541;1.622
17.11.2021 08:00;0.725;4.198;1.342
17.11.2021 09:00;0.725;3.894;1.022
17.11.2021 10:00;0.725;3.608;0.901
17.11.2021 11:00;0.725;3.302;0.841
17.11.2021 12:00;4.453;0;1.262
17.11.2021 13:00;1.26;2.067;1.122
17.11.2021 14:00;0.725;2.945;0.641
17.11.2021 15:00;0.724;2.962;0.561
17.11.2021 16:00;0.725;3.127;0.641
17.11.2021 17:00;1.26;2.246;1.122
17.11.2021 18:00;4.453;0;1.582
17.11.2021 19:00;5.524;0;1.602
17.11.2021 20:00;5.297;2.258;1.242
17.11.2021 21:00;9.293;0;0.901
17.11.2021 22:00;9.293;0;0.501
17.11.2021 23:00;8.757;0;0.381
18.11.2021 00:00;4.757;0;0.154
18.11.2021 01:00;4.757;0;0.172
18.11.2021 02:00;2.357;0;0.103
18.11.2021 03:00;1.558;0;0.034
18.11.2021 04:00;1.158;0;0.034
18.11.2021 05:00;1.293;0;0.206
18.11.2021 06:00;4.471;1.739;0.566
18.11.2021 07:00;1.26;4.795;0.961
18.11.2021 08:00;0.725;5.323;1.562
18.11.2021 09:00;0.725;5.163;1.545
18.11.2021 10:00;0.725;4.928;1.39
18.11.2021 11:00;4.725;4.63;1.493
18.11.2021 12:00;8.509;0.396;1.51
18.11.2021 13:00;5.26;3.299;1.201
18.11.2021 14:00;0.725;4.146;0.961
18.11.2021 15:00;0.725;4.262;0.755
18.11.2021 16:00;0.725;4.531;0.961
18.11.2021 17:00;1.26;3.729;1.236
18.11.2021 18:00;4.509;0.872;1.716
18.11.2021 19:00;5.524;0;1.356
18.11.2021 20:00;5.297;3.513;0.755
18.11.2021 21:00;5.293;0;0.738
18.11.2021 22:00;9.293;0;0.601
18.11.2021 23:00;4.758;0;0.36
19.11.2021 00:00;4.758;0;0.208
19.11.2021 01:00;4.758;0;0.152
19.11.2021 02:00;4.758;0;0.114
19.11.2021 03:00;4.758;0;0.038
19.11.2021 04:00;4.758;0;0.038
19.11.2021 05:00;1.293;0;0.114
19.11.2021 06:00;4.471;3.653;0.379
19.11.2021 07:00;1.26;6.603;0.777
19.11.2021 08:00;0.725;6.848;1.232
19.11.2021 09:00;0.725;6.457;1.63
19.11.2021 10:00;0.725;6.023;1.8
19.11.2021 11:00;4.725;5.536;1.895
19.11.2021 12:00;8.509;1.081;1.63
19.11.2021 13:00;5.26;4.049;1.402
19.11.2021 14:00;4.725;4.97;1.099
19.11.2021 15:00;4.725;5.338;0.966
19.11.2021 16:00;0.724;5.189;0.55
19.11.2021 17:00;1.26;4.411;1.042
19.11.2021 18:00;4.509;1.398;1.364
19.11.2021 19:00;5.579;0.46;1.478
19.11.2021 20:00;9.297;4.449;0.758
19.11.2021 21:00;9.294;0;0.701
19.11.2021 22:00;9.294;0;0.644
19.11.2021 23:00;8.758;0;0.36
20.11.2021 00:00;8.758;0;0.16
20.11.2021 01:00;8.758;0;0.08
20.11.2021 02:00;4.758;0;0.02
20.11.2021 03:00;2.358;0;0.02
20.11.2021 04:00;1.558;0;0.04
20.11.2021 05:00;1.294;0;0.761
20.11.2021 06:00;4.471;4.226;2.003
20.11.2021 07:00;1.26;7.021;1.622
20.11.2021 08:00;0.725;7.482;1.342
20.11.2021 09:00;0.725;6.937;1.022
20.11.2021 10:00;0.725;6.494;0.901
20.11.2021 11:00;0.725;5.861;0.841
20.11.2021 12:00;4.509;1.597;1.262
20.11.2021 13:00;1.26;4.557;1.122
20.11.2021 14:00;0.725;5.358;0.641
20.11.2021 15:00;0.724;5.567;0.561
20.11.2021 16:00;0.725;5.604;0.641
20.11.2021 17:00;1.26;4.534;1.122
20.11.2021 18:00;4.509;1.386;1.582
20.11.2021 19:00;5.579;0.904;1.602
20.11.2021 20:00;5.298;4.453;1.242
20.11.2021 21:00;9.294;0;0.901
20.11.2021 22:00;9.294;0;0.501
20.11.2021 23:00;8.758;0;0.381
21.11.2021 00:00;8.758;0;0.16
21.11.2021 01:00;8.758;0;0.08
21.11.2021 02:00;4.758;0;0.02
21.11.2021 03:00;2.358;0;0.02
21.11.2021 04:00;1.558;0;0.04
21.11.2021 05:00;1.293;0;0.761
21.11.2021 06:00;4.471;3.529;2.003
21.11.2021 07:00;1.26;6.399;1.622
21.11.2021 08:00;0.725;7.287;1.342
21.11.2021 09:00;0.725;6.694;1.022
21.11.2021 10:00;0.725;6.059;0.901
21.11.2021 11:00;0.725;5.853;0.841
21.11.2021 12:00;4.509;1.506;1.262
21.11.2021 13:00;1.26;4.502;1.122
21.11.2021 14:00;0.725;5.348;0.641
21.11.2021 15:00;0.724;5.47;0.561
21.11.2021 16:00;0.725;5.425;0.641
21.11.2021 17:00;1.26;4.826;1.122
21.11.2021 18:00;4.509;1.634;1.582
21.11.2021 19:00;5.579;0.563;1.602
21.11.2021 20:00;5.298;4.092;1.242
21.11.2021 21:00;9.294;0;0.901
21.11.2021 22:00;9.293;0;0.501
21.11.2021 23:00;8.758;0;0.381
22.11.2021 00:00;8.758;0;0.16
22.11.2021 01:00;8.758;0;0.08
22.11.2021 02:00;4.758;0;0.02
22.11.2021 03:00;2.358;0;0.02
22.11.2021 04:00;1.558;0;0.04
22.11.2021 05:00;1.294;0;0.761
22.11.2021 06:00;4.471;3.713;2.003
22.11.2021 07:00;1.26;6.632;1.622
22.11.2021 08:00;0.725;7.119;1.342
22.11.2021 09:00;0.725;6.796;1.022
22.11.2021 10:00;0.725;6.487;0.901
22.11.2021 11:00;0.725;5.856;0.841
22.11.2021 12:00;4.509;1.71;1.262
22.11.2021 13:00;1.26;4.667;1.122
22.11.2021 14:00;0.725;5.551;0.641
22.11.2021 15:00;0.724;5.504;0.561
22.11.2021 16:00;0.725;5.655;0.641
22.11.2021 17:00;1.26;5.006;1.122
22.11.2021 18:00;4.509;1.663;1.582
22.11.2021 19:00;5.579;0.794;1.602
22.11.2021 20:00;5.298;4.361;1.242
22.11.2021 21:00;9.294;0;0.901
22.11.2021 22:00;9.294;0;0.501
22.11.2021 23:00;8.759;0;0.381
23.11.2021 00:00;8.758;0;0.16
23.11.2021 01:00;8.758;0;0.08
23.11.2021 02:00;4.759;0;0.02
23.11.2021 03:00;2.359;0;0.02
23.11.2021 04:00;1.559;0;0.04
23.11.2021 05:00;1.294;0;0.761
23.11.2021 06:00;4.471;5.394;2.003
23.11.2021 07:00;1.26;8.165;1.622
23.11.2021 08:00;0.725;8.298;1.342
23.11.2021 09:00;0.725;7.58;1.022
23.11.2021 10:00;0.725;7.01;0.901
23.11.2021 11:00;0.725;6.371;0.841
23.11.2021 12:00;4.509;2.125;1.262
23.11.2021 13:00;1.26;5.044;1.122
23.11.2021 14:00;0.725;5.856;0.641
23.11.2021 15:00;0.724;5.853;0.561
23.11.2021 16:00;0.725;5.645;0.641
23.11.2021 17:00;1.26;4.598;1.122
23.11.2021 18:00;4.509;1.341;1.582
23.11.2021 19:00;5.579;0.267;1.602
23.11.2021 20:00;5.297;3.937;1.242
23.11.2021 21:00;9.293;0;0.901
23.11.2021 22:00;9.293;0;0.501
23.11.2021 23:00;8.758;0;0.381
24.11.2021 00:00;8.758;0;0.16
24.11.2021 01:00;8.758;0;0.08
24.11.2021 02:00;4.758;0;0.02
24.11.2021 03:00;2.358;0;0.02
24.11.2021 04:00;1.558;0;0.04
24.11.2021 05:00;1.293;0;0.761
24.11.2021 06:00;4.471;3.095;2.003
24.11.2021 07:00;1.26;5.964;1.622
24.11.2021 08:00;0.725;6.428;1.342
24.11.2021 09:00;0.725;6.046;1.022
24.11.2021 10:00;0.725;5.557;0.901
24.11.2021 11:00;0.725;4.985;0.841
24.11.2021 12:00;4.509;1.311;1.262
24.11.2021 13:00;1.26;3.625;1.122
24.11.2021 14:00;0.725;4.964;0.641
24.11.2021 15:00;0.724;4.684;0.561
24.11.2021 16:00;0.725;5.219;0.641
24.11.2021 17:00;1.26;4.574;1.122
24.11.2021 18:00;4.509;1.384;1.582
24.11.2021 19:00;5.579;0.465;1.602
24.11.2021 20:00;5.298;4.178;1.242
24.11.2021 21:00;9.294;0;0.901
24.11.2021 22:00;9.293;0;0.501
24.11.2021 23:00;8.758;0;0.381
25.11.2021 00:00;4.758;0;0.154
25.11.2021 01:00;4.758;0;0.172
25.11.2021 02:00;2.358;0;0.103
25.11.2021 03:00;1.558;0;0.034
25.11.2021 04:00;1.158;0;0.034
25.11.2021 05:00;1.293;0;0.206
25.11.2021 06:00;4.471;3.332;0.566
25.11.2021 07:00;1.26;6.23;0.961
25.11.2021 08:00;0.725;6.614;1.562
25.11.2021 09:00;0.725;6.124;1.545
25.11.2021 10:00;0.725;6.233;1.39
25.11.2021 11:00;4.725;5.629;1.493
25.11.2021 12:00;8.509;1.585;1.51
25.11.2021 13:00;5.26;4.559;1.201
25.11.2021 14:00;0.725;5.386;0.961
25.11.2021 15:00;0.725;5.521;0.755
25.11.2021 16:00;0.725;5.525;0.961
25.11.2021 17:00;1.26;4.228;1.236
25.11.2021 18:00;4.509;1.263;1.716
25.11.2021 19:00;5.579;0.261;1.356
25.11.2021 20:00;5.297;3.866;0.755
25.11.2021 21:00;5.293;0;0.738
25.11.2021 22:00;9.293;0;0.601
25.11.2021 23:00;4.758;0;0.36
26.11.2021 00:00;4.758;0;0.208
26.11.2021 01:00;4.758;0;0.152
26.11.2021 02:00;4.758;0;0.114
26.11.2021 03:00;4.758;0;0.038
26.11.2021 04:00;4.758;0;0.038
26.11.2021 05:00;1.294;0;0.114
26.11.2021 06:00;4.471;4.314;0.379
26.11.2021 07:00;1.26;7.196;0.777
26.11.2021 08:00;0.725;7.757;1.232
26.11.2021 09:00;0.725;7.073;1.63
26.11.2021 10:00;0.725;6.464;1.8
26.11.2021 11:00;4.725;6.176;1.895
26.11.2021 12:00;8.509;1.869;1.63
26.11.2021 13:00;5.26;4.699;1.402
26.11.2021 14:00;4.725;5.152;1.099
26.11.2021 15:00;4.725;5.349;0.966
26.11.2021 16:00;0.724;5.477;0.55
26.11.2021 17:00;1.26;4.695;1.042
26.11.2021 18:00;4.509;1.775;1.364
26.11.2021 19:00;5.579;0.693;1.478
26.11.2021 20:00;9.297;4.488;0.758
26.11.2021 21:00;9.294;0;0.701
26.11.2021 22:00;9.294;0;0.644
26.11.2021 23:00;8.758;0;0.36
27.11.2021 00:00;8.758;0;0.16
27.11.2021 01:00;8.758;0;0.08
27.11.2021 02:00;4.758;0;0.02
27.11.2021 03:00;2.358;0;0.02
27.11.2021 04:00;1.558;0;0.04
27.11.2021 05:00;1.294;0;0.761
27.11.2021 06:00;4.471;4.416;2.003
27.11.2021 07:00;1.26;7.243;1.622
27.11.2021 08:00;0.725;7.601;1.342
27.11.2021 09:00;0.725;7.235;1.022
27.11.2021 10:00;0.725;6.55;0.901
27.11.2021 11:00;0.725;6.281;0.841
27.11.2021 12:00;4.509;1.566;1.262
27.11.2021 13:00;1.26;4.445;1.122
27.11.2021 14:00;0.725;5.303;0.641
27.11.2021 15:00;0.724;5.285;0.561
27.11.2021 16:00;0.725;5.243;0.641
27.11.2021 17:00;1.26;4.227;1.122
27.11.2021 18:00;4.509;1.077;1.582
27.11.2021 19:00;5.579;0.179;1.602
27.11.2021 20:00;5.297;3.752;1.242
27.11.2021 21:00;9.293;0;0.901
27.11.2021 22:00;9.293;0;0.501
27.11.2021 23:00;8.758;0;0.381
28.11.2021 00:00;8.758;0;0.16
28.11.2021 01:00;8.758;0;0.08
28.11.2021 02:00;4.758;0;0.02
28.11.2021 03:00;2.358;0;0.02
28.11.2021 04:00;1.558;0;0.04
28.11.2021 05:00;1.294;0;0.761
28.11.2021 06:00;4.471;3.248;2.003
28.11.2021 07:00;1.26;6.075;1.622
28.11.2021 08:00;0.725;6.284;1.342
28.11.2021 09:00;0.725;5.965;1.022
28.11.2021 10:00;0.725;5.635;0.901
28.11.2021 11:00;0.725;5.883;0.841
28.11.2021 12:00;4.509;1.738;1.262
28.11.2021 13:00;1.26;4.717;1.122
28.11.2021 14:00;0.725;5.609;0.641
28.11.2021 15:00;0.724;5.131;0.561
28.11.2021 16:00;0.725;5.141;0.641
28.11.2021 17:00;1.26;4.238;1.122
28.11.2021 18:00;4.509;1.152;1.582
28.11.2021 19:00;5.579;0.303;1.602
28.11.2021 20:00;5.298;3.96;1.242
28.11.2021 21:00;9.294;0;0.901
28.11.2021 22:00;9.294;0;0.501
28.11.2021 23:00;8.758;0;0.381
29.11.2021 00:00;8.758;0;0.16
29.11.2021 01:00;8.758;0;0.08
29.11.2021 02:00;4.758;0;0.02
29.11.2021 03:00;2.358;0;0.02
29.11.2021 04:00;1.558;0;0.04
29.11.2021 05:00;1.294;0;0.761
29.11.2021 06:00;4.471;3.818;2.003
29.11.2021 07:00;1.26;6.53;1.622
29.11.2021 08:00;0.725;7.091;1.342
29.11.2021 09:00;0.725;6.798;1.022
29.11.2021 10:00;0.725;6.559;0.901
29.11.2021 11:00;0.725;6.298;0.841
29.11.2021 12:00;4.509;2.045;1.262
29.11.2021 13:00;1.26;4.902;1.122
29.11.2021 14:00;0.725;5.676;0.641
29.11.2021 15:00;0.724;5.594;0.561
29.11.2021 16:00;0.725;5.613;0.641
29.11.2021 17:00;1.26;4.844;1.122
29.11.2021 18:00;4.509;1.665;1.582
29.11.2021 19:00;5.579;0.671;1.602
29.11.2021 20:00;5.298;4.368;1.242
29.11.2021 21:00;9.294;0;0.901
29.11.2021 22:00;9.294;0;0.501
29.11.2021 23:00;8.759;0;0.381
30.11.2021 00:00;8.758;0;0.16
30.11.2021 01:00;8.758;0;0.08
30.11.2021 02:00;4.758;0;0.02
30.11.2021 03:00;2.358;0;0.02
30.11.2021 04:00;1.558;0;0.04
30.11.2021 05:00;1.294;0;0.761
30.11.2021 06:00;4.471;3.715;2.003
30.11.2021 07:00;1.26;6.487;1.622
30.11.2021 08:00;0.725;7.066;1.342
30.11.2021 09:00;0.725;6.714;1.022
30.11.2021 10:00;0.725;6.537;0.901
30.11.2021 11:00;0.725;6.161;0.841
30.11.2021 12:00;4.509;2.425;1.262
30.11.2021 13:00;1.26;5.183;1.122
30.11.2021 14:00;0.725;6.136;0.641
30.11.2021 15:00;0.724;5.771;0.561
30.11.2021 16:00;0.725;5.77;0.641
30.11.2021 17:00;1.26;4.836;1.122
30.11.2021 18:00;4.509;1.774;1.582
30.11.2021 19:00;5.579;0.897;1.602
30.11.2021 20:00;5.298;4.544;1.242
30.11.2021 21:00;9.294;0;0.901
30.11.2021 22:00;9.294;0;0.501
30.11.2021 23:00;8.759;0;0.381
01.12.2021 00:00;8.758;0;0.16
01.12.2021 01:00;8.758;0;0.08
01.12.2021 02:00;4.758;0;0.02
01.12.2021 03:00;2.358;0;0.02
01.12.2021 04:00;1.558;0;0.04
01.12.2021 05:00;1.294;0;0.761
01.12.2021 06:00;4.471;4.168;2.003
01.12.2021 07:00;1.26;7.02;1.622
01.12.2021 08:00;0.725;7.684;1.342
01.12.2021 09:00;0.725;7.377;1.022
01.12.2021 10:00;0.725;7.187;0.901
01.12.2021 11:00;0.725;6.986;0.841
01.12.2021 12:00;4.509;2.837;1.262
01.12.2021 13:00;1.26;5.736;1.122
01.12.2021 14:00;0.725;6.527;0.641
01.12.2021 15:00;0.724;6.444;0.561
01.12.2021 16:00;0.725;6.309;0.641
01.12.2021 17:00;1.26;5.339;1.122
01.12.2021 18:00;4.509;2.155;1.582
01.12.2021 19:00;5.579;1.222;1.602
01.12.2021 20:00;5.298;4.807;1.242
01.12.2021 21:00;9.294;0;0.901
01.12.2021 22:00;9.294;0;0.501
01.12.2021 23:00;8.759;0;0.381
02.12.2021 00:00;4.759;0;0.154
02.12.2021 01:00;4.759;0;0.172
02.12.2021 02:00;2.359;0;0.103
02.12.2021 03:00;1.559;0;0.034
02.12.2021 04:00;1.159;0;0.034
02.12.2021 05:00;1.294;0;0.206
02.12.2021 06:00;4.471;4.546;0.566
02.12.2021 07:00;1.26;7.322;0.961
02.12.2021 08:00;0.725;7.879;1.562
02.12.2021 09:00;0.725;7.628;1.545
02.12.2021 10:00;0.725;7.162;1.39
02.12.2021 11:00;4.725;6.737;1.493
02.12.2021 12:00;8.509;2.479;1.51
02.12.2021 13:00;5.26;5.305;1.201
02.12.2021 14:00;0.725;6.13;0.961
02.12.2021 15:00;0.725;6.097;0.755
02.12.2021 16:00;0.725;5.972;0.961
02.12.2021 17:00;1.26;5.045;1.236
02.12.2021 18:00;4.509;1.903;1.716
02.12.2021 19:00;5.579;0.886;1.356
02.12.2021 20:00;5.297;4.578;0.755
02.12.2021 21:00;5.294;0;0.738
02.12.2021 22:00;9.294;0;0.601
02.12.2021 23:00;4.759;0;0.36
03.12.2021 00:00;4.759;0;0.208
03.12.2021 01:00;4.759;0;0.152
03.12.2021 02:00;4.759;0;0.114
03.12.2021 03:00;4.759;0;0.038
03.12.2021 04:00;4.759;0;0.038
03.12.2021 05:00;1.294;0;0.114
03.12.2021 06:00;4.471;4.824;0.379
03.12.2021 07:00;1.26;7.599;0.777
03.12.2021 08:00;0.725;8.228;1.232
03.12.2021 09:00;0.725;7.966;1.63
03.12.2021 10:00;0.725;7.596;1.8
03.12.2021 11:00;4.725;7.23;1.895
03.12.2021 12:00;8.509;3.07;1.63
03.12.2021 13:00;5.26;5.971;1.402
03.12.2021 14:00;4.725;6.667;1.099
03.12.2021 15:00;4.725;6.614;0.966
03.12.2021 16:00;0.724;6.494;0.55
03.12.2021 17:00;1.26;5.616;1.042
03.12.2021 18:00;4.509;2.398;1.364
03.12.2021 19:00;5.579;1.421;1.478
03.12.2021 20:00;9.298;4.979;0.758
03.12.2021 21:00;9.294;0;0.701
03.12.2021 22:00;9.294;0;0.644
03.12.2021 23:00;8.759;0;0.36
04.12.2021 00:00;8.759;0;0.16
04.12.2021 01:00;8.759;0;0.08
04.12.2021 02:00;4.759;0;0.02
04.12.2021 03:00;2.359;0;0.02
04.12.2021 04:00;1.558;0;0.04
04.12.2021 05:00;1.294;0;0.761
04.12.2021 06:00;4.471;4.555;2.003
04.12.2021 07:00;1.26;7.36;1.622
04.12.2021 08:00;0.725;7.898;1.342
04.12.2021 09:00;0.725;7.659;1.022
04.12.2021 10:00;0.725;7.313;0.901
04.12.2021 11:00;0.725;7.002;0.841
04.12.2021 12:00;4.509;2.709;1.262
04.12.2021 13:00;1.26;5.429;1.122
04.12.2021 14:00;0.725;6.309;0.641
04.12.2021 15:00;0.724;6.509;0.561
04.12.2021 16:00;0.725;6.592;0.641
04.12.2021 17:00;1.26;5.408;1.122
04.12.2021 18:00;4.509;2.194;1.582
04.12.2021 19:00;5.579;1.152;1.602
04.12.2021 20:00;5.298;4.766;1.242
04.12.2021 21:00;9.294;0;0.901
04.12.2021 22:00;9.294;0;0.501
04.12.2021 23:00;8.759;0;0.381
05.12.2021 00:00;8.759;0;0.16
05.12.2021 01:00;8.759;0;0.08
05.12.2021 02:00;4.759;0;0.02
05.12.2021 03:00;2.359;0;0.02
05.12.2021 04:00;1.559;0;0.04
05.12.2021 05:00;1.294;0;0.761
05.12.2021 06:00;4.471;5.08;2.003
05.12.2021 07:00;1.26;7.831;1.622
05.12.2021 08:00;0.725;8.26;1.342
05.12.2021 09:00;0.725;7.844;1.022
05.12.2021 10:00;0.725;7.436;0.901
05.12.2021 11:00;0.725;6.941;0.841
05.12.2021 12:00;4.509;2.648;1.262
05.12.2021 13:00;1.26;5.483;1.122
05.12.2021 14:00;0.725;6.178;0.641
05.12.2021 15:00;0.724;6.194;0.561
05.12.2021 16:00;0.725;6.462;0.641
05.12.2021 17:00;1.26;5.73;1.122
05.12.2021 18:00;4.509;2.749;1.582
05.12.2021 19:00;5.579;1.708;1.602
05.12.2021 20:00;5.298;5.471;1.242
05.12.2021 21:00;9.294;0;0.901
05.12.2021 22:00;9.294;0;0.501
05.12.2021 23:00;8.759;0;0.381
06.12.2021 00:00;8.759;0;0.16
06.12.2021 01:00;8.76;0;0.08
06.12.2021 02:00;4.76;0;0.02
06.12.2021 03:00;2.36;0;0.02
06.12.2021 04:00;1.56;0;0.04
06.12.2021 05:00;1.296;0;0.761
06.12.2021 06:00;4.471;7.755;2.003
06.12.2021 07:00;1.26;10.892;1.622
06.12.2021 08:00;0.725;10.136;1.342
06.12.2021 09:00;0.725;9.508;1.022
06.12.2021 10:00;0.725;8.693;0.901
06.12.2021 11:00;0.725;7.831;0.841
06.12.2021 12:00;4.509;3.486;1.262
06.12.2021 13:00;1.26;6.136;1.122
06.12.2021 14:00;0.725;6.866;0.641
06.12.2021 15:00;0.724;6.928;0.561
06.12.2021 16:00;0.725;7.242;0.641
06.12.2021 17:00;1.26;6.318;1.122
06.12.2021 18:00;4.509;3.23;1.582
06.12.2021 19:00;5.58;2.317;1.602
06.12.2021 20:00;5.298;6.064;1.242
06.12.2021 21:00;9.295;0;0.901
06.12.2021 22:00;9.294;0;0.501
06.12.2021 23:00;8.759;0;0.381
07.12.2021 00:00;8.759;0;0.16
07.12.2021 01:00;8.759;0;0.08
07.12.2021 02:00;4.759;0;0.02
07.12.2021 03:00;2.359;0;0.02
07.12.2021 04:00;1.559;0;0.04
07.12.2021 05:00;1.294;0;0.761
07.12.2021 06:00;4.471;6.103;2.003
07.12.2021 07:00;1.26;8.841;1.622
07.12.2021 08:00;0.725;9.28;1.342
07.12.2021 09:00;0.725;8.957;1.022
07.12.2021 10:00;0.725;8.643;0.901
07.12.2021 11:00;0.725;8.085;0.841
07.12.2021 12:00;4.509;3.831;1.262
07.12.2021 13:00;1.26;6.597;1.122
07.12.2021 14:00;0.725;7.304;0.641
07.12.2021 15:00;0.724;7.239;0.561
07.12.2021 16:00;0.725;7.092;0.641
07.12.2021 17:00;1.26;6.141;1.122
07.12.2021 18:00;4.509;3.111;1.582
07.12.2021 19:00;5.58;2.201;1.602
07.12.2021 20:00;5.298;5.701;1.242
07.12.2021 21:00;9.295;0;0.901
07.12.2021 22:00;9.294;0;0.501
07.12.2021 23:00;8.759;0;0.381
08.12.2021 00:00;8.759;0;0.16
08.12.2021 01:00;8.759;0;0.08
08.12.2021 02:00;4.759;0;0.02
08.12.2021 03:00;2.359;0;0.02
08.12.2021 04:00;1.559;0;0.04
08.12.2021 05:00;1.294;0;0.761
08.12.2021 06:00;4.471;6.663;2.003
08.12.2021 07:00;1.26;9.304;1.622
08.12.2021 08:00;0.725;9.669;1.342
08.12.2021 09:00;0.725;9.09;1.022
08.12.2021 10:00;0.725;8.576;0.901
08.12.2021 11:00;0.725;7.935;0.841
08.12.2021 12:00;4.509;3.467;1.262
08.12.2021 13:00;1.26;6.093;1.122
08.12.2021 14:00;0.725;6.842;0.641
08.12.2021 15:00;0.724;6.884;0.561
08.12.2021 16:00;0.725;7.121;0.641
08.12.2021 17:00;1.26;6.223;1.122
08.12.2021 18:00;4.509;3.016;1.582
08.12.2021 19:00;5.579;1.901;1.602
08.12.2021 20:00;5.298;5.405;1.242
08.12.2021 21:00;9.294;0;0.901
08.12.2021 22:00;9.294;0;0.501
08.12.2021 23:00;8.759;0;0.381
09.12.2021 00:00;4.759;0;0.154
09.12.2021 01:00;4.759;0;0.172
09.12.2021 02:00;2.359;0;0.103
09.12.2021 03:00;1.559;0;0.034
09.12.2021 04:00;1.159;0;0.034
09.12.2021 05:00;1.294;0;0.206
09.12.2021 06:00;4.471;5.655;0.566
09.12.2021 07:00;1.26;8.389;0.961
09.12.2021 08:00;0.725;8.952;1.562
09.12.2021 09:00;0.725;8.58;1.545
09.12.2021 10:00;0.725;8.334;1.39
09.12.2021 11:00;4.725;8.044;1.493
09.12.2021 12:00;8.509;3.902;1.51
09.12.2021 13:00;5.26;6.724;1.201
09.12.2021 14:00;0.725;7.472;0.961
09.12.2021 15:00;0.725;7.233;0.755
09.12.2021 16:00;0.725;7.038;0.961
09.12.2021 17:00;1.26;6.085;1.236
09.12.2021 18:00;4.509;2.917;1.716
09.12.2021 19:00;5.58;1.886;1.356
09.12.2021 20:00;5.298;5.421;0.755
09.12.2021 21:00;5.294;0;0.738
09.12.2021 22:00;9.294;0;0.601
09.12.2021 23:00;4.759;0;0.36
10.12.2021 00:00;4.759;0;0.208
10.12.2021 01:00;4.759;0;0.152
10.12.2021 02:00;4.759;0;0.114
10.12.2021 03:00;4.759;0;0.038
10.12.2021 04:00;4.759;0;0.038
10.12.2021 05:00;1.294;0;0.114
10.12.2021 06:00;4.471;5.321;0.379
10.12.2021 07:00;1.26;8.16;0.777
10.12.2021 08:00;0.725;8.764;1.232
10.12.2021 09:00;0.725;8.51;1.63
10.12.2021 10:00;0.725;8.338;1.8
10.12.2021 11:00;4.725;8.166;1.895
10.12.2021 12:00;8.509;4.101;1.63
10.12.2021 13:00;5.26;6.96;1.402
10.12.2021 14:00;4.725;7.72;1.099
10.12.2021 15:00;4.725;7.69;0.966
10.12.2021 16:00;0.724;8.375;0.55
10.12.2021 17:00;1.26;7.402;1.042
10.12.2021 18:00;4.51;4.354;1.364
10.12.2021 19:00;5.58;3.457;1.478
10.12.2021 20:00;9.298;7.118;0.758
10.12.2021 21:00;9.296;0;0.701
10.12.2021 22:00;9.296;0;0.644
10.12.2021 23:00;8.76;0;0.36
11.12.2021 00:00;8.76;0;0.16
11.12.2021 01:00;8.76;0;0.08
11.12.2021 02:00;4.761;0;0.02
11.12.2021 03:00;2.361;0;0.02
11.12.2021 04:00;1.56;0;0.04
11.12.2021 05:00;1.296;0;0.761
11.12.2021 06:00;4.471;9.19;2.003
11.12.2021 07:00;1.26;11.972;1.622
11.12.2021 08:00;0.725;12.481;1.342
11.12.2021 09:00;0.725;11.986;1.022
11.12.2021 10:00;0.725;11.358;0.901
11.12.2021 11:00;0.725;10.669;0.841
11.12.2021 12:00;4.51;6.324;1.262
11.12.2021 13:00;1.26;9.046;1.122
11.12.2021 14:00;0.725;9.851;0.641
11.12.2021 15:00;0.724;10.233;0.561
11.12.2021 16:00;0.725;10.641;0.641
11.12.2021 17:00;1.26;9.349;1.122
11.12.2021 18:00;4.51;6.275;1.582
11.12.2021 19:00;5.581;5.215;1.602
11.12.2021 20:00;5.299;8.874;1.242
11.12.2021 21:00;9.297;0;0.901
11.12.2021 22:00;9.297;0;0.501
11.12.2021 23:00;8.761;0;0.381
12.12.2021 00:00;8.761;0;0.16
12.12.2021 01:00;8.761;0;0.08
12.12.2021 02:00;4.761;0;0.02
12.12.2021 03:00;2.361;0;0.02
12.12.2021 04:00;1.561;0;0.04
12.12.2021 05:00;1.297;0;0.761
12.12.2021 06:00;4.471;10.787;2.003
12.12.2021 07:00;1.26;13.167;1.622
12.12.2021 08:00;0.725;13.307;1.342
12.12.2021 09:00;0.725;12.669;1.022
12.12.2021 10:00;0.725;12.01;0.901
12.12.2021 11:00;0.725;11.213;0.841
12.12.2021 12:00;4.51;7.069;1.262
12.12.2021 13:00;1.26;8.373;1.122
12.12.2021 14:00;0.725;9.035;0.641
12.12.2021 15:00;0.724;9.051;0.561
12.12.2021 16:00;0.725;10.661;0.641
12.12.2021 17:00;1.26;9.635;1.122
12.12.2021 18:00;4.51;6.558;1.582
12.12.2021 19:00;5.581;5.543;1.602
12.12.2021 20:00;5.299;9.162;1.242
12.12.2021 21:00;9.297;0;0.901
12.12.2021 22:00;9.297;0;0.501
12.12.2021 23:00;8.761;0;0.381
13.12.2021 00:00;8.761;0;0.16
13.12.2021 01:00;8.761;0;0.08
13.12.2021 02:00;4.761;0;0.02
13.12.2021 03:00;2.361;0;0.02
13.12.2021 04:00;1.561;0;0.04
13.12.2021 05:00;1.297;0;0.761
13.12.2021 06:00;4.471;10.809;2.003
13.12.2021 07:00;1.26;13.315;1.622
13.12.2021 08:00;0.725;13.593;1.342
13.12.2021 09:00;0.725;12.996;1.022
13.12.2021 10:00;0.725;12.282;0.901
13.12.2021 11:00;0.725;11.625;0.841
13.12.2021 12:00;4.51;7.33;1.262
13.12.2021 13:00;1.26;9.96;1.122
13.12.2021 14:00;0.725;10.527;0.641
13.12.2021 15:00;0.724;10.422;0.561
13.12.2021 16:00;0.725;10.104;0.641
13.12.2021 17:00;1.26;7.667;1.122
13.12.2021 18:00;4.509;4.305;1.582
13.12.2021 19:00;5.58;3.077;1.602
13.12.2021 20:00;5.298;6.769;1.242
13.12.2021 21:00;9.295;0;0.901
13.12.2021 22:00;9.294;0;0.501
13.12.2021 23:00;8.759;0;0.381
14.12.2021 00:00;8.759;0;0.16
14.12.2021 01:00;8.759;0;0.08
14.12.2021 02:00;4.759;0;0.02
14.12.2021 03:00;2.359;0;0.02
14.12.2021 04:00;1.559;0;0.04
14.12.2021 05:00;1.294;0;0.761
14.12.2021 06:00;4.471;6.092;2.003
14.12.2021 07:00;1.26;8.707;1.622
14.12.2021 08:00;0.725;9.127;1.342
14.12.2021 09:00;0.725;8.566;1.022
14.12.2021 10:00;0.725;8.005;0.901
14.12.2021 11:00;0.725;7.767;0.841
14.12.2021 12:00;4.509;2.973;1.262
14.12.2021 13:00;1.26;5.834;1.122
14.12.2021 14:00;0.725;6.517;0.641
14.12.2021 15:00;0.724;6.454;0.561
14.12.2021 16:00;0.725;6.573;0.641
14.12.2021 17:00;1.26;5.514;1.122
14.12.2021 18:00;4.509;2.237;1.582
14.12.2021 19:00;5.579;1.332;1.602
14.12.2021 20:00;5.298;4.763;1.242
14.12.2021 21:00;9.294;0;0.901
14.12.2021 22:00;9.294;0;0.501
14.12.2021 23:00;8.758;0;0.381
15.12.2021 00:00;8.758;0;0.16
15.12.2021 01:00;8.758;0;0.08
15.12.2021 02:00;4.758;0;0.02
15.12.2021 03:00;2.358;0;0.02
15.12.2021 04:00;1.558;0;0.04
15.12.2021 05:00;1.294;0;0.761
15.12.2021 06:00;4.471;4.465;2.003
15.12.2021 07:00;1.26;7.341;1.622
15.12.2021 08:00;0.725;7.855;1.342
15.12.2021 09:00;0.725;7.359;1.022
15.12.2021 10:00;0.725;7.377;0.901
15.12.2021 11:00;0.725;6.691;0.841
15.12.2021 12:00;4.509;2.483;1.262
15.12.2021 13:00;1.26;5.549;1.122
15.12.2021 14:00;0.725;6.348;0.641
15.12.2021 15:00;0.724;6.322;0.561
15.12.2021 16:00;0.725;6.247;0.641
15.12.2021 17:00;1.26;5.249;1.122
15.12.2021 18:00;4.509;2.129;1.582
15.12.2021 19:00;5.579;1.145;1.602
15.12.2021 20:00;5.298;4.887;1.242
15.12.2021 21:00;9.294;0;0.901
15.12.2021 22:00;9.294;0;0.501
15.12.2021 23:00;8.759;0;0.381
16.12.2021 00:00;4.759;0;0.154
16.12.2021 01:00;4.759;0;0.172
16.12.2021 02:00;2.359;0;0.103
16.12.2021 03:00;1.559;0;0.034
16.12.2021 04:00;1.159;0;0.034
16.12.2021 05:00;1.294;0;0.206
16.12.2021 06:00;4.471;4.834;0.566
16.12.2021 07:00;1.26;7.685;0.961
16.12.2021 08:00;0.725;8.337;1.562
16.12.2021 09:00;0.725;7.96;1.545
16.12.2021 10:00;0.725;7.67;1.39
16.12.2021 11:00;4.725;7.464;1.493
16.12.2021 12:00;8.509;3.267;1.51
16.12.2021 13:00;5.26;6.266;1.201
16.12.2021 14:00;0.725;7.073;0.961
16.12.2021 15:00;0.725;7.005;0.755
16.12.2021 16:00;0.725;6.992;0.961
16.12.2021 17:00;1.26;6.056;1.236
16.12.2021 18:00;4.509;3.018;1.716
16.12.2021 19:00;5.58;2.177;1.356
16.12.2021 20:00;5.298;5.913;0.755
16.12.2021 21:00;5.296;0;0.738
16.12.2021 22:00;9.296;0;0.601
16.12.2021 23:00;4.76;0;0.36
17.12.2021 00:00;4.761;0;0.208
17.12.2021 01:00;4.761;0;0.152
17.12.2021 02:00;4.761;0;0.114
17.12.2021 03:00;4.761;0;0.038
17.12.2021 04:00;4.761;0;0.038
17.12.2021 05:00;1.296;0;0.114
17.12.2021 06:00;4.471;8.673;0.379
17.12.2021 07:00;1.26;11.343;0.777
17.12.2021 08:00;0.725;11.785;1.232
17.12.2021 09:00;0.725;11.266;1.63
17.12.2021 10:00;0.725;10.731;1.8
17.12.2021 11:00;4.725;10.081;1.895
17.12.2021 12:00;8.51;5.914;1.63
17.12.2021 13:00;5.26;8.626;1.402
17.12.2021 14:00;4.725;9.414;1.099
17.12.2021 15:00;4.725;8.357;0.966
17.12.2021 16:00;0.724;8.011;0.55
17.12.2021 17:00;1.26;7.003;1.042
17.12.2021 18:00;4.509;3.883;1.364
17.12.2021 19:00;5.58;2.98;1.478
17.12.2021 20:00;9.298;6.628;0.758
17.12.2021 21:00;9.296;0;0.701
17.12.2021 22:00;9.296;0;0.644
17.12.2021 23:00;8.76;0;0.36
18.12.2021 00:00;8.76;0;0.16
18.12.2021 01:00;8.76;0;0.08
18.12.2021 02:00;4.76;0;0.02
18.12.2021 03:00;2.36;0;0.02
18.12.2021 04:00;1.56;0;0.04
18.12.2021 05:00;1.296;0;0.761
18.12.2021 06:00;4.471;8.807;2.003
18.12.2021 07:00;1.26;11.36;1.622
18.12.2021 08:00;0.725;11.768;1.342
18.12.2021 09:00;0.725;11.23;1.022
18.12.2021 10:00;0.725;10.606;0.901
18.12.2021 11:00;0.725;9.234;0.841
18.12.2021 12:00;4.509;4.552;1.262
18.12.2021 13:00;1.26;7.129;1.122
18.12.2021 14:00;0.725;7.649;0.641
18.12.2021 15:00;0.724;7.655;0.561
18.12.2021 16:00;0.725;7.524;0.641
18.12.2021 17:00;1.26;6.646;1.122
18.12.2021 18:00;4.509;3.406;1.582
18.12.2021 19:00;5.58;2.625;1.602
18.12.2021 20:00;5.298;6.009;1.242
18.12.2021 21:00;9.294;0;0.901
18.12.2021 22:00;9.294;0;0.501
18.12.2021 23:00;8.759;0;0.381
19.12.2021 00:00;8.759;0;0.16
19.12.2021 01:00;8.759;0;0.08
19.12.2021 02:00;4.758;0;0.02
19.12.2021 03:00;2.358;0;0.02
19.12.2021 04:00;1.559;0;0.04
19.12.2021 05:00;1.294;0;0.761
19.12.2021 06:00;4.471;5.752;2.003
19.12.2021 07:00;1.26;8.706;1.622
19.12.2021 08:00;0.725;9.159;1.342
19.12.2021 09:00;0.725;8.666;1.022
19.12.2021 10:00;0.725;7.559;0.901
19.12.2021 11:00;0.725;6.842;0.841
19.12.2021 12:00;4.509;2.421;1.262
19.12.2021 13:00;1.26;5.176;1.122
19.12.2021 14:00;0.725;5.504;0.641
19.12.2021 15:00;0.724;5.858;0.561
19.12.2021 16:00;0.725;5.764;0.641
19.12.2021 17:00;1.26;4.828;1.122
19.12.2021 18:00;4.509;1.629;1.582
19.12.2021 19:00;5.579;0.978;1.602
19.12.2021 20:00;5.298;4.596;1.242
19.12.2021 21:00;9.294;0;0.901
19.12.2021 22:00;9.294;0;0.501
19.12.2021 23:00;8.758;0;0.381
20.12.2021 00:00;8.758;0;0.16
20.12.2021 01:00;8.758;0;0.08
20.12.2021 02:00;4.758;0;0.02
20.12.2021 03:00;2.358;0;0.02
20.12.2021 04:00;1.558;0;0.04
20.12.2021 05:00;1.294;0;0.761
20.12.2021 06:00;4.471;4.566;2.003
20.12.2021 07:00;1.26;7.302;1.622
20.12.2021 08:00;0.725;7.801;1.342
20.12.2021 09:00;0.725;7.22;1.022
20.12.2021 10:00;0.725;5.94;0.901
20.12.2021 11:00;0.725;5.403;0.841
20.12.2021 12:00;4.508;1.164;1.262
20.12.2021 13:00;1.26;4.209;1.122
20.12.2021 14:00;0.725;5.029;0.641
20.12.2021 15:00;0.724;5.013;0.561
20.12.2021 16:00;0.725;4.822;0.641
20.12.2021 17:00;1.26;3.874;1.122
20.12.2021 18:00;4.509;0.684;1.582
20.12.2021 19:00;5.524;0;1.602
20.12.2021 20:00;5.297;3.279;1.242
20.12.2021 21:00;9.293;0;0.901
20.12.2021 22:00;9.293;0;0.501
20.12.2021 23:00;8.757;0;0.381
21.12.2021 00:00;8.757;0;0.16
21.12.2021 01:00;8.757;0;0.08
21.12.2021 02:00;4.758;0;0.02
21.12.2021 03:00;2.358;0;0.02
21.12.2021 04:00;1.558;0;0.04
21.12.2021 05:00;1.293;0;0.761
21.12.2021 06:00;4.471;2.844;2.003
21.12.2021 07:00;1.26;5.645;1.622
21.12.2021 08:00;0.725;6.253;1.342
21.12.2021 09:00;0.725;6.012;1.022
21.12.2021 10:00;0.725;5.806;0.901
21.12.2021 11:00;0.725;5.559;0.841
21.12.2021 12:00;4.509;1.397;1.262
21.12.2021 13:00;1.26;4.339;1.122
21.12.2021 14:00;0.725;4.99;0.641
21.12.2021 15:00;0.724;5.165;0.561
21.12.2021 16:00;0.725;4.996;0.641
21.12.2021 17:00;1.26;4.012;1.122
21.12.2021 18:00;4.509;0.942;1.582
21.12.2021 19:00;5.579;0.022;1.602
21.12.2021 20:00;5.297;3.653;1.242
21.12.2021 21:00;9.294;0;0.901
21.12.2021 22:00;9.293;0;0.501
21.12.2021 23:00;8.758;0;0.381
22.12.2021 00:00;8.757;0;0.16
22.12.2021 01:00;8.757;0;0.08
22.12.2021 02:00;4.757;0;0.02
22.12.2021 03:00;2.357;0;0.02
22.12.2021 04:00;1.557;0;0.04
22.12.2021 05:00;1.293;0;0.761
22.12.2021 06:00;4.471;1.64;2.003
22.12.2021 07:00;1.26;4.439;1.622
22.12.2021 08:00;0.725;5.159;1.342
22.12.2021 09:00;0.725;4.8;1.022
22.12.2021 10:00;0.725;4.621;0.901
22.12.2021 11:00;0.725;4.278;0.841
22.12.2021 12:00;4.508;0.132;1.262
22.12.2021 13:00;1.26;3.156;1.122
22.12.2021 14:00;0.725;4.023;0.641
22.12.2021 15:00;0.724;3.984;0.561
22.12.2021 16:00;0.725;3.922;0.641
22.12.2021 17:00;1.26;3.063;1.122
22.12.2021 18:00;4.508;0.032;1.582
22.12.2021 19:00;5.524;0;1.602
22.12.2021 20:00;5.297;2.826;1.242
22.12.2021 21:00;9.293;0;0.901
22.12.2021 22:00;9.293;0;0.501
22.12.2021 23:00;8.757;0;0.381
23.12.2021 00:00;4.758;0;0.154
23.12.2021 01:00;4.758;0;0.172
23.12.2021 02:00;2.358;0;0.103
23.12.2021 03:00;1.558;0;0.034
23.12.2021 04:00;1.157;0;0.034
23.12.2021 05:00;1.293;0;0.206
23.12.2021 06:00;4.471;1.769;0.566
23.12.2021 07:00;1.26;4.42;0.961
23.12.2021 08:00;0.725;5.178;1.562
23.12.2021 09:00;0.725;4.983;1.545
23.12.2021 10:00;0.725;4.746;1.39
23.12.2021 11:00;4.725;4.543;1.493
23.12.2021 12:00;8.508;0.455;1.51
23.12.2021 13:00;5.26;3.476;1.201
23.12.2021 14:00;0.725;4.198;0.961
23.12.2021 15:00;0.725;4.083;0.755
23.12.2021 16:00;0.725;3.983;0.961
23.12.2021 17:00;1.26;3.102;1.236
23.12.2021 18:00;4.453;0;1.716
23.12.2021 19:00;5.523;0;1.356
23.12.2021 20:00;5.297;2.541;0.755
23.12.2021 21:00;5.293;0;0.738
23.12.2021 22:00;9.293;0;0.601
23.12.2021 23:00;4.757;0;0.36
24.12.2021 00:00;4.757;0;0.208
24.12.2021 01:00;4.757;0;0.152
24.12.2021 02:00;4.757;0;0.114
24.12.2021 03:00;4.757;0;0.038
24.12.2021 04:00;4.757;0;0.038
24.12.2021 05:00;1.293;0;0.114
24.12.2021 06:00;4.471;1.515;0.379
24.12.2021 07:00;1.26;4.397;0.777
24.12.2021 08:00;0.725;5.18;1.232
24.12.2021 09:00;0.725;5.035;1.63
24.12.2021 10:00;0.725;4.939;1.8
24.12.2021 11:00;4.725;4.786;1.895
24.12.2021 12:00;8.509;0.605;1.63
24.12.2021 13:00;5.26;3.515;1.402
24.12.2021 14:00;4.725;4.268;1.099
24.12.2021 15:00;4.725;4.274;0.966
24.12.2021 16:00;0.724;4.275;0.55
24.12.2021 17:00;1.26;3.324;1.042
24.12.2021 18:00;4.509;0.423;1.364
24.12.2021 19:00;5.524;0;1.478
24.12.2021 20:00;9.297;3.005;0.758
24.12.2021 21:00;9.293;0;0.701
24.12.2021 22:00;9.293;0;0.644
24.12.2021 23:00;8.758;0;0.36
25.12.2021 00:00;8.758;0;0.16
25.12.2021 01:00;8.758;0;0.08
25.12.2021 02:00;4.758;0;0.02
25.12.2021 03:00;2.358;0;0.02
25.12.2021 04:00;1.558;0;0.04
25.12.2021 05:00;1.293;0;0.761
25.12.2021 06:00;4.471;2.806;2.003
25.12.2021 07:00;1.26;5.641;1.622
25.12.2021 08:00;0.725;6.317;1.342
25.12.2021 09:00;0.725;6.151;1.022
25.12.2021 10:00;0.725;5.749;0.901
25.12.2021 11:00;0.725;5.191;0.841
25.12.2021 12:00;4.509;1.12;1.262
25.12.2021 13:00;1.26;4.009;1.122
25.12.2021 14:00;0.725;4.533;0.641
25.12.2021 15:00;0.724;4.461;0.561
25.12.2021 16:00;0.725;4.363;0.641
25.12.2021 17:00;1.26;3.628;1.122
25.12.2021 18:00;4.509;0.468;1.582
25.12.2021 19:00;5.524;0;1.602
25.12.2021 20:00;5.297;3.259;1.242
25.12.2021 21:00;9.293;0;0.901
25.12.2021 22:00;9.293;0;0.501
25.12.2021 23:00;8.758;0;0.381
26.12.2021 00:00;8.758;0;0.16
26.12.2021 01:00;8.758;0;0.08
26.12.2021 02:00;4.758;0;0.02
26.12.2021 03:00;2.358;0;0.02
26.12.2021 04:00;1.558;0;0.04
26.12.2021 05:00;1.293;0;0.761
26.12.2021 06:00;4.471;2.262;2.003
26.12.2021 07:00;1.26;5.514;1.622
26.12.2021 08:00;0.725;5.636;1.342
26.12.2021 09:00;0.725;5.325;1.022
26.12.2021 10:00;0.725;5.203;0.901
26.12.2021 11:00;0.725;5.004;0.841
26.12.2021 12:00;4.508;0.805;1.262
26.12.2021 13:00;1.26;3.91;1.122
26.12.2021 14:00;0.725;4.758;0.641
26.12.2021 15:00;0.724;4.876;0.561
26.12.2021 16:00;0.725;4.806;0.641
26.12.2021 17:00;1.26;3.316;1.122
26.12.2021 18:00;4.508;0.156;1.582
26.12.2021 19:00;5.524;0;1.602
26.12.2021 20:00;5.297;2.887;1.242
26.12.2021 21:00;9.294;0;0.901
26.12.2021 22:00;9.293;0;0.501
26.12.2021 23:00;8.758;0;0.381
27.12.2021 00:00;8.758;0;0.16
27.12.2021 01:00;8.758;0;0.08
27.12.2021 02:00;4.758;0;0.02
27.12.2021 03:00;2.358;0;0.02
27.12.2021 04:00;1.558;0;0.04
27.12.2021 05:00;1.293;0;0.761
27.12.2021 06:00;4.471;2.85;2.003
27.12.2021 07:00;1.26;5.995;1.622
27.12.2021 08:00;0.725;6.921;1.342
27.12.2021 09:00;0.725;6.15;1.022
27.12.2021 10:00;0.725;5.953;0.901
27.12.2021 11:00;0.725;5.453;0.841
27.12.2021 12:00;4.509;1.406;1.262
27.12.2021 13:00;1.26;4.384;1.122
27.12.2021 14:00;0.725;5.335;0.641
27.12.2021 15:00;0.724;5.475;0.561
27.12.2021 16:00;0.725;5.184;0.641
27.12.2021 17:00;1.26;4.467;1.122
27.12.2021 18:00;4.509;1.38;1.582
27.12.2021 19:00;5.579;0.354;1.602
27.12.2021 20:00;5.298;4.315;1.242
27.12.2021 21:00;9.294;0;0.901
27.12.2021 22:00;9.294;0;0.501
27.12.2021 23:00;8.759;0;0.381
28.12.2021 00:00;8.759;0;0.16
28.12.2021 01:00;8.759;0;0.08
28.12.2021 02:00;4.759;0;0.02
28.12.2021 03:00;2.359;0;0.02
28.12.2021 04:00;1.559;0;0.04
28.12.2021 05:00;1.294;0;0.761
28.12.2021 06:00;4.471;5.373;2.003
28.12.2021 07:00;1.26;8.24;1.622
28.12.2021 08:00;0.725;8.688;1.342
28.12.2021 09:00;0.725;7.673;1.022
28.12.2021 10:00;0.725;6.984;0.901
28.12.2021 11:00;0.725;6.18;0.841
28.12.2021 12:00;4.508;1.661;1.262
28.12.2021 13:00;1.26;4.369;1.122
28.12.2021 14:00;0.725;5.055;0.641
28.12.2021 15:00;0.724;5.068;0.561
28.12.2021 16:00;0.725;5.1;0.641
28.12.2021 17:00;1.26;4.123;1.122
28.12.2021 18:00;4.509;0.939;1.582
28.12.2021 19:00;5.579;0.501;1.602
28.12.2021 20:00;5.297;4.125;1.242
28.12.2021 21:00;9.294;0;0.901
28.12.2021 22:00;9.294;0;0.501
28.12.2021 23:00;8.758;0;0.381
29.12.2021 00:00;8.758;0;0.16
29.12.2021 01:00;8.758;0;0.08
29.12.2021 02:00;4.758;0;0.02
29.12.2021 03:00;2.358;0;0.02
29.12.2021 04:00;1.557;0;0.04
29.12.2021 05:00;1.293;0;0.761
29.12.2021 06:00;4.471;2.511;2.003
29.12.2021 07:00;1.26;5.364;1.622
29.12.2021 08:00;0.725;6.068;1.342
29.12.2021 09:00;0.725;5.688;1.022
29.12.2021 10:00;0.725;5.312;0.901
29.12.2021 11:00;0.725;4.806;0.841
29.12.2021 12:00;4.508;0.637;1.262
29.12.2021 13:00;1.26;3.802;1.122
29.12.2021 14:00;0.725;4.586;0.641
29.12.2021 15:00;0.724;4.482;0.561
29.12.2021 16:00;0.725;4.479;0.641
29.12.2021 17:00;1.26;3.59;1.122
29.12.2021 18:00;4.509;0.569;1.582
29.12.2021 19:00;5.524;0;1.602
29.12.2021 20:00;5.297;3.381;1.242
29.12.2021 21:00;9.293;0;0.901
29.12.2021 22:00;9.293;0;0.501
29.12.2021 23:00;8.758;0;0.381
30.12.2021 00:00;4.758;0;0.154
30.12.2021 01:00;4.758;0;0.172
30.12.2021 02:00;2.358;0;0.103
30.12.2021 03:00;1.558;0;0.034
30.12.2021 04:00;1.158;0;0.034
30.12.2021 05:00;1.293;0;0.206
30.12.2021 06:00;4.471;3.265;0.566
30.12.2021 07:00;1.26;6.283;0.961
30.12.2021 08:00;0.725;6.763;1.562
30.12.2021 09:00;0.725;6.327;1.545
30.12.2021 10:00;0.725;5.811;1.39
30.12.2021 11:00;4.725;5.311;1.493
30.12.2021 12:00;8.509;1.128;1.51
30.12.2021 13:00;5.26;3.988;1.201
30.12.2021 14:00;0.725;4.663;0.961
30.12.2021 15:00;0.725;4.583;0.755
30.12.2021 16:00;0.725;4.415;0.961
30.12.2021 17:00;1.26;3.424;1.236
30.12.2021 18:00;4.508;0.098;1.716
30.12.2021 19:00;5.523;0;1.356
30.12.2021 20:00;5.297;3.331;0.755
30.12.2021 21:00;5.293;0;0.738
30.12.2021 22:00;9.293;0;0.601
30.12.2021 23:00;4.758;0;0.36
31.12.2021 00:00;4.758;0;0.208
31.12.2021 01:00;4.758;0;0.152
31.12.2021 02:00;4.757;0;0.114
31.12.2021 03:00;4.757;0;0.038
31.12.2021 04:00;4.757;0;0.038
31.12.2021 05:00;1.292;0;0.114
31.12.2021 06:00;4.471;1.8;0.379
31.12.2021 07:00;1.26;4.728;0.777
31.12.2021 08:00;0.725;5.391;1.232
31.12.2021 09:00;0.725;4.937;1.63
31.12.2021 10:00;0.725;4.253;1.8
31.12.2021 11:00;4.725;3.922;1.895
31.12.2021 12:00;8.453;0;1.63
31.12.2021 13:00;5.26;2.535;1.402
31.12.2021 14:00;4.725;3.42;1.099
31.12.2021 15:00;4.725;3.483;0.966
31.12.2021 16:00;0.724;3.456;0.55
31.12.2021 17:00;1.26;2.676;1.042
31.12.2021 18:00;4.453;0;1.364
31.12.2021 19:00;5.523;0;1.478
31.12.2021 20:00;9.297;2.28;0.758
31.12.2021 21:00;9.293;0;0.701
31.12.2021 22:00;9.293;0;0.644
31.12.2021 23:00;8.757;0;0.36
