stn	time.yy	time.mm	time.dd	time.hh	tre200h0	wetbulb	prestahs	ure200h0	dew	gls	dni	str.diffus	fkl010h0	oli000h0
PAY	2021	1	1	0	-0.2	-0.2	94.77	99.7	-0.26	0	0	0	0.6	317
PAY	2021	1	1	1	-0.2	-0.3	94.77	99.3	-0.34	0	0	0	0.5	317
PAY	2021	1	1	2	-0.3	-0.2	94.79	100	-0.3	0	0	0	1	316
PAY	2021	1	1	3	-0.2	-0.2	94.8	100	-0.2	0	0	0	0.2	316
PAY	2021	1	1	4	-0.3	-0.2	94.81	100	-0.3	0	0	0	0.3	317
PAY	2021	1	1	5	-0.3	-0.3	94.82	100	-0.3	0	0	0	0.1	317
PAY	2021	1	1	6	0	0	94.85	98.1	-0.38	0	0	0	1	305
PAY	2021	1	1	7	-0.2	-0.2	94.88	99.3	-0.34	0	0	0	0.6	303
PAY	2021	1	1	8	-0.4	-0.3	94.93	99.6	-0.48	5	0	23	0.5	307
PAY	2021	1	1	9	0.2	-0.1	94.95	98.1	-0.18	72	160.756807	39	0.5	305
PAY	2021	1	1	10	0.5	0.2	94.97	96.9	-0.12	141	329.7165659	45	1	300
PAY	2021	1	1	11	0.8	0.5	94.95	96.4	0.08	170	364.0842374	47	1.2	311
PAY	2021	1	1	12	1	0.7	94.91	95.8	0.16	194	429.6678987	47	1.9	296
PAY	2021	1	1	13	1.3	0.9	94.89	94.1	0.12	172	421.4132426	44	2.3	296
PAY	2021	1	1	14	1.3	0.9	94.9	95	0.3	108	88.7726498	88	2.1	297
PAY	2021	1	1	15	1.3	1	94.92	93.7	0.04	57	222.949498	32	1.7	308
PAY	2021	1	1	16	1.1	0.9	94.96	95	0.1	10	0	0	1.5	307
PAY	2021	1	1	17	1.4	0.6	94.98	84.4	-1.72	0	0	0	2	304
PAY	2021	1	1	18	1.4	0.4	94.99	83.3	-1.94	0	0	0	3.3	304
PAY	2021	1	1	19	0.9	0.3	95.01	87.8	-1.54	0	0	0	3	303
PAY	2021	1	1	20	0.9	0.2	95.05	88.2	-1.46	0	0	0	2.7	302
PAY	2021	1	1	21	0.9	0.2	95.06	89.3	-1.24	0	0	0	2.5	303
PAY	2021	1	1	22	0.6	0	95.08	90.5	-1.3	0	0	0	1.4	302
PAY	2021	1	1	23	0.5	0.1	95.08	92.3	-1.04	0	0	0	1.2	301
PAY	2021	1	2	0	0.5	0.1	95.1	91.6	-1.18	0	0	0	1.5	302
PAY	2021	1	2	1	0.9	0.1	95.1	86.2	-1.86	0	0	0	2.3	305
PAY	2021	1	2	2	1	0.2	95.09	85.6	-1.88	0	0	0	3.3	309
PAY	2021	1	2	3	0.7	0.2	95.07	89.5	-1.4	0	0	0	3.1	310
PAY	2021	1	2	4	0.8	0.2	95.05	89	-1.4	0	0	0	3.2	310
PAY	2021	1	2	5	0.8	0.2	95.04	88.8	-1.44	0	0	0	3.5	310
PAY	2021	1	2	6	1	0.3	95.04	87.7	-1.46	0	0	0	3.6	310
PAY	2021	1	2	7	1	0.2	95.03	86	-1.8	0	0	0	4	308
PAY	2021	1	2	8	1.1	0.1	95.04	83.5	-2.2	1	0	41	4.3	306
PAY	2021	1	2	9	1.1	0.2	95.04	85.2	-1.86	15	0	90	4.6	307
PAY	2021	1	2	10	1.1	0.2	95.05	84.7	-1.96	25	0	109	4.7	309
PAY	2021	1	2	11	1.2	0.1	95.02	81.9	-2.42	39	0	127	5.5	308
PAY	2021	1	2	12	1.2	0.3	94.97	82.7	-2.26	75	0	79	5.4	309
PAY	2021	1	2	13	1.3	0.2	94.96	81.7	-2.36	39	0	104	5.2	309
PAY	2021	1	2	14	1	0.2	94.98	84.4	-2.12	29	0	77	5.9	308
PAY	2021	1	2	15	0.7	0.1	95.01	87.9	-1.72	14	0	32	5.5	306
PAY	2021	1	2	16	0.7	0	95	86.5	-2	3	0	0	4.7	305
PAY	2021	1	2	17	0.5	-0.2	94.99	86.9	-2.12	0	0	0	4.6	305
PAY	2021	1	2	18	0.5	-0.3	95	84.4	-2.62	0	0	0	4.4	305
PAY	2021	1	2	19	0.5	-0.4	95.02	83.9	-2.72	0	0	0	4.1	305
PAY	2021	1	2	20	0.6	-0.5	95.05	79.8	-3.44	0	0	0	3.7	304
PAY	2021	1	2	21	0.2	-0.6	95.06	86	-2.6	0	0	0	3.5	303
PAY	2021	1	2	22	0.1	-0.7	95.06	86.3	-2.64	0	0	0	3.4	303
PAY	2021	1	2	23	-0.2	-0.8	95.05	88.4	-2.52	0	0	0	2.9	302
PAY	2021	1	3	0	-0.2	-0.8	95.05	89	-2.4	0	0	0	2.1	304
PAY	2021	1	3	1	-0.4	-0.7	95.05	93.1	-1.78	0	0	0	2.4	302
PAY	2021	1	3	2	-0.2	-0.8	95.06	89.3	-2.34	0	0	0	3	301
PAY	2021	1	3	3	-0.3	-0.9	95.05	89.3	-2.44	0	0	0	3	300
PAY	2021	1	3	4	-0.2	-1	95.04	86.4	-2.92	0	0	0	1.6	302
PAY	2021	1	3	5	-0.3	-1	95.06	86.7	-2.96	0	0	0	1.6	302
PAY	2021	1	3	6	-0.1	-1	95.07	84.3	-3.24	0	0	0	2.2	298
PAY	2021	1	3	7	-0.3	-1	95.09	86.4	-3.02	0	0	0	2.1	297
PAY	2021	1	3	8	-0.3	-1.1	95.13	86	-3.1	4	0	24	1.8	296
PAY	2021	1	3	9	-0.1	-1.1	95.15	83.5	-3.4	38	0	38	1.6	296
PAY	2021	1	3	10	0.3	-0.8	95.18	81.5	-3.4	69	85.29696851	44	2.1	296
PAY	2021	1	3	11	0.5	-0.7	95.17	80.3	-3.44	83	111.6071111	45	2.2	298
PAY	2021	1	3	12	0.6	-0.7	95.16	76.7	-4.06	104	31.84241174	93	2.4	297
PAY	2021	1	3	13	1	-0.5	95.16	77.3	-3.54	121	221.0166511	53	2.4	299
PAY	2021	1	3	14	1.1	-0.4	95.18	77.2	-3.46	103	287.3210984	37	2	297
PAY	2021	1	3	15	0.9	-0.4	95.2	76.4	-3.82	73	453.4579189	20	1.8	284
PAY	2021	1	3	16	0.4	-0.5	95.22	83.4	-2.92	16	0	0	1.5	272
PAY	2021	1	3	17	0	-0.7	95.24	85.8	-2.84	0	0	0	1.3	290
PAY	2021	1	3	18	-0.4	-0.9	95.26	90.2	-2.36	0	0	0	0.9	282
PAY	2021	1	3	19	-0.8	-1.1	95.29	92.1	-2.38	0	0	0	0.7	284
PAY	2021	1	3	20	-1.3	-1.5	95.29	92.5	-2.8	0	0	0	1.1	256
PAY	2021	1	3	21	-0.9	-1.6	95.32	89.5	-3	0	0	0	1.2	265
PAY	2021	1	3	22	-2.1	-2.2	95.33	94.6	-3.18	0	0	0	1.2	226
PAY	2021	1	3	23	-2.5	-2.8	95.32	94.1	-3.68	0	0	0	1.1	243
PAY	2021	1	4	0	-2.4	-2.6	95.31	94.1	-3.58	0	0	0	1.2	274
PAY	2021	1	4	1	-1.7	-2.3	95.29	92.6	-3.18	0	0	0	1.1	293
PAY	2021	1	4	2	-1.4	-1.9	95.31	92.2	-2.96	0	0	0	0.7	297
PAY	2021	1	4	3	-1.3	-1.8	95.3	90	-3.3	0	0	0	1	298
PAY	2021	1	4	4	-1.1	-1.7	95.27	90	-3.1	0	0	0	1.3	299
PAY	2021	1	4	5	-1.1	-1.6	95.26	88.8	-3.34	0	0	0	1.4	298
PAY	2021	1	4	6	-1.1	-1.8	95.27	84.3	-4.24	0	0	0	1.8	298
PAY	2021	1	4	7	-1.2	-2	95.28	84.3	-4.34	0	0	0	2.7	298
PAY	2021	1	4	8	-1.2	-2	95.29	87.3	-3.74	2	0	24	2.2	298
PAY	2021	1	4	9	-1.2	-1.9	95.3	85	-4.2	8	0	68	2.7	298
PAY	2021	1	4	10	-1.2	-2.1	95.29	83.3	-4.54	22	0	133	3.5	298
PAY	2021	1	4	11	-1	-2	95.21	83	-4.4	28	0	155	3.2	299
PAY	2021	1	4	12	-0.7	-1.9	95.15	81.4	-4.42	23	0	126	3.3	299
PAY	2021	1	4	13	-0.6	-1.7	95.08	80.5	-4.5	41	0	118	3.9	300
PAY	2021	1	4	14	-0.4	-1.6	95.06	78.9	-4.62	19	0	75	3.1	300
PAY	2021	1	4	15	-0.2	-1.4	95.05	78.1	-4.58	5	0	33	3.5	301
PAY	2021	1	4	16	-0.2	-1.4	95.05	78.4	-4.52	0	0	0	4.4	301
PAY	2021	1	4	17	-0.3	-1.5	95.04	78	-4.7	0	0	0	4.5	300
PAY	2021	1	4	18	-0.3	-1.5	95.04	78.8	-4.54	0	0	0	4.4	299
PAY	2021	1	4	19	-0.3	-1.5	95.06	78.5	-4.6	0	0	0	4	299
PAY	2021	1	4	20	-0.4	-1.5	95.05	79.3	-4.54	0	0	0	3.9	300
PAY	2021	1	4	21	-0.4	-1.6	95.07	78.4	-4.72	0	0	0	3.7	299
PAY	2021	1	4	22	-0.6	-1.6	95.08	81.5	-4.3	0	0	0	2.2	298
PAY	2021	1	4	23	-0.7	-1.7	95.09	81.8	-4.34	0	0	0	2.1	298
PAY	2021	1	5	0	-0.8	-1.7	95.11	83.4	-4.12	0	0	0	1.6	298
PAY	2021	1	5	1	-0.8	-1.7	95.16	80.9	-4.62	0	0	0	2	297
PAY	2021	1	5	2	-0.6	-1.6	95.21	84.9	-3.62	0	0	0	1.2	298
PAY	2021	1	5	3	-0.9	-1.6	95.21	88.1	-3.28	0	0	0	0.8	299
PAY	2021	1	5	4	-0.9	-1.7	95.22	85.3	-3.84	0	0	0	0.8	299
PAY	2021	1	5	5	-1	-1.7	95.2	89.1	-3.18	0	0	0	0.9	299
PAY	2021	1	5	6	-1	-1.7	95.22	86.7	-3.66	0	0	0	1	299
PAY	2021	1	5	7	-1	-1.6	95.23	87.7	-3.46	0	0	0	1.3	298
PAY	2021	1	5	8	-0.9	-1.6	95.27	85.4	-3.82	3	0	31	1.8	297
PAY	2021	1	5	9	-0.8	-1.6	95.26	86.5	-3.5	20	0	67	2.3	299
PAY	2021	1	5	10	-0.6	-1.5	95.28	85.1	-3.58	36	0	65	2.3	299
PAY	2021	1	5	11	-0.5	-1.3	95.26	84.3	-3.64	46	0	78	1.8	300
PAY	2021	1	5	12	-0.4	-1.3	95.23	83.5	-3.7	65	0	65	2.2	298
PAY	2021	1	5	13	-0.3	-1.3	95.18	83.4	-3.62	60	3.204645478	59	2.3	298
PAY	2021	1	5	14	-0.2	-1.2	95.19	80.8	-4.04	39	4.263647718	38	2.3	298
PAY	2021	1	5	15	-0.4	-1.3	95.23	84.6	-3.48	18	0	35	2.4	298
PAY	2021	1	5	16	-0.5	-1.3	95.25	86.2	-3.26	3	0	0	1.8	298
PAY	2021	1	5	17	-0.5	-1.4	95.26	83.9	-3.72	0	0	0	1.9	298
PAY	2021	1	5	18	-0.5	-1.4	95.26	82.8	-3.94	0	0	0	2.3	298
PAY	2021	1	5	19	-0.6	-1.5	95.25	82.8	-4.04	0	0	0	2.3	297
PAY	2021	1	5	20	-0.7	-1.5	95.27	83.3	-4.04	0	0	0	2.6	297
PAY	2021	1	5	21	-0.9	-1.8	95.28	79.3	-5.04	0	0	0	2.7	297
PAY	2021	1	5	22	-1	-2	95.29	80.3	-4.94	0	0	0	2.9	296
PAY	2021	1	5	23	-1.2	-2.2	95.29	79.5	-5.3	0	0	0	2.7	296
PAY	2021	1	6	0	-1.3	-2.2	95.29	82.1	-4.88	0	0	0	1.9	296
PAY	2021	1	6	1	-1.3	-2.2	95.3	81.6	-4.98	0	0	0	1.5	295
PAY	2021	1	6	2	-1.3	-2.3	95.35	80.5	-5.2	0	0	0	2	295
PAY	2021	1	6	3	-1.2	-2.4	95.36	77.2	-5.76	0	0	0	1.8	294
PAY	2021	1	6	4	-1.1	-2.5	95.34	73.6	-6.38	0	0	0	1	293
PAY	2021	1	6	5	-1.3	-2.3	95.34	81.1	-5.08	0	0	0	1.5	291
PAY	2021	1	6	6	-1.4	-2.3	95.35	81.4	-5.12	0	0	0	2.1	286
PAY	2021	1	6	7	-1.4	-2.3	95.39	83.6	-4.68	0	0	0	1.8	286
PAY	2021	1	6	8	-1.4	-2.2	95.44	82.9	-4.82	8	0	30	1.7	288
PAY	2021	1	6	9	-1	-2.1	95.49	81.8	-4.64	35	0	87	2.3	291
PAY	2021	1	6	10	-0.6	-1.9	95.55	75.2	-5.56	53	0	131	1.8	293
PAY	2021	1	6	11	-0.2	-1.7	95.54	75.3	-5.14	76	0	171	1.7	293
PAY	2021	1	6	12	0.1	-1.6	95.5	68.9	-6.12	102	0	158	2.2	294
PAY	2021	1	6	13	0.3	-1.4	95.48	68.2	-6.06	104	0	140	1.8	293
PAY	2021	1	6	14	0.4	-1.5	95.51	65.3	-6.54	85	0	97	1.7	293
PAY	2021	1	6	15	0.4	-1.4	95.53	66.8	-6.24	51	112.2525576	37	1.4	291
PAY	2021	1	6	16	0.1	-1.3	95.55	73.5	-5.2	13	0	0	1.1	291
PAY	2021	1	6	17	0.2	-1.5	95.59	69.4	-5.92	0	0	0	1.3	291
PAY	2021	1	6	18	-0.1	-1.5	95.62	73.3	-5.44	0	0	0	1.5	292
PAY	2021	1	6	19	-0.3	-1.5	95.64	77.1	-4.88	0	0	0	1.5	291
PAY	2021	1	6	20	-0.3	-1.4	95.67	78	-4.7	0	0	0	1.8	291
PAY	2021	1	6	21	-0.5	-1.5	95.68	81.4	-4.22	0	0	0	1.8	290
PAY	2021	1	6	22	-0.5	-1.6	95.69	78.7	-4.76	0	0	0	1.1	289
PAY	2021	1	6	23	-0.7	-1.7	95.68	81.8	-4.34	0	0	0	1	287
PAY	2021	1	7	0	-0.8	-1.7	95.7	81.9	-4.42	0	0	0	1.9	282
PAY	2021	1	7	1	-0.8	-1.8	95.71	81.9	-4.42	0	0	0	2.3	283
PAY	2021	1	7	2	-0.7	-1.8	95.71	79.8	-4.74	0	0	0	2.3	284
PAY	2021	1	7	3	-1	-1.9	95.7	83.5	-4.3	0	0	0	1.5	285
PAY	2021	1	7	4	-0.8	-1.9	95.66	79.3	-4.94	0	0	0	2.1	285
PAY	2021	1	7	5	-1.2	-1.9	95.66	83.8	-4.44	0	0	0	1.6	280
PAY	2021	1	7	6	-1.4	-2.1	95.63	86.7	-4.06	0	0	0	1	280
PAY	2021	1	7	7	-1.2	-2.2	95.65	80.2	-5.16	0	0	0	0.9	285
PAY	2021	1	7	8	-1	-2.1	95.67	79	-5.2	13	0	25	0.6	283
PAY	2021	1	7	9	-0.6	-2.1	95.7	75.1	-5.58	77	0	99	1.1	283
PAY	2021	1	7	10	0.6	-1.7	95.7	71.2	-5.16	160	127.329618	122	0.9	284
PAY	2021	1	7	11	1.6	-0.8	95.66	68.7	-4.66	393	679.6711772	157	1.3	269
PAY	2021	1	7	12	1.5	-0.4	95.61	69.3	-4.64	343	489.3768602	170	2	229
PAY	2021	1	7	13	1.7	-0.3	95.57	67.7	-4.76	335	609.0957514	142	1.6	226
PAY	2021	1	7	14	2.1	-0.1	95.56	66.1	-4.68	267	704.8089433	98	1.4	226
PAY	2021	1	7	15	1.9	-0.2	95.57	62.8	-5.54	167	1000	22	1.5	227
PAY	2021	1	7	16	1.6	-0.5	95.6	64.1	-5.58	48	0	0	1.1	255
PAY	2021	1	7	17	0	-0.8	95.63	78	-4.4	0	0	0	1	273
PAY	2021	1	7	18	-1.2	-1.8	95.65	81.4	-4.92	0	0	0	1.3	235
PAY	2021	1	7	19	-1.5	-2.3	95.68	83.7	-4.76	0	0	0	2.3	254
PAY	2021	1	7	20	-1.1	-2.2	95.69	80.8	-4.94	0	0	0	2.4	281
PAY	2021	1	7	21	-1.4	-2.2	95.7	84.6	-4.48	0	0	0	2.8	286
PAY	2021	1	7	22	-1.2	-2.1	95.7	83.8	-4.44	0	0	0	2	284
PAY	2021	1	7	23	-1.5	-2.2	95.7	85.6	-4.38	0	0	0	1.8	283
PAY	2021	1	8	0	-1.3	-2.2	95.7	79.7	-5.36	0	0	0	2.1	281
PAY	2021	1	8	1	-1.4	-2.4	95.69	82.5	-4.9	0	0	0	2.9	282
PAY	2021	1	8	2	-1.4	-2.4	95.73	79.3	-5.54	0	0	0	2.5	284
PAY	2021	1	8	3	-1.4	-2.4	95.74	75.7	-6.26	0	0	0	2.3	286
PAY	2021	1	8	4	-1.8	-2.9	95.72	78.2	-6.16	0	0	0	2.5	272
PAY	2021	1	8	5	-2.3	-3.2	95.69	78.1	-6.68	0	0	0	2.2	264
PAY	2021	1	8	6	-2.2	-3.3	95.71	78.8	-6.44	0	0	0	2	266
PAY	2021	1	8	7	-2.3	-3.3	95.74	76.7	-6.96	0	0	0	1.7	267
PAY	2021	1	8	8	-2.6	-3.6	95.77	75.4	-7.52	10	0	40	1.2	233
PAY	2021	1	8	9	-1.8	-3.6	95.83	72.5	-7.3	105	23.61176706	100	1.1	216
PAY	2021	1	8	10	-0.5	-2.6	95.84	65.9	-7.32	227	293.2565842	139	1	218
PAY	2021	1	8	11	0.9	-1.7	95.81	65.8	-5.94	329	455.3114485	170	1.3	221
PAY	2021	1	8	12	1.2	-1.1	95.74	63.8	-6.04	362	629.5456355	138	1.7	223
PAY	2021	1	8	13	1.9	-0.6	95.71	61.9	-5.72	344	673.0698119	129	2.1	223
PAY	2021	1	8	14	2.2	-0.5	95.71	57.7	-6.26	276	787.4658326	85	2.5	223
PAY	2021	1	8	15	1.9	-0.6	95.72	57.1	-6.68	169	1000	34	2.1	224
PAY	2021	1	8	16	-0.2	-1	95.75	71.8	-5.84	43	0	0	1.8	223
PAY	2021	1	8	17	-0.3	-2	95.77	67	-6.9	0	0	0	1.7	221
PAY	2021	1	8	18	-1.2	-2.4	95.79	72.8	-6.64	0	0	0	2.4	225
PAY	2021	1	8	19	-1.6	-2.8	95.83	73.4	-6.92	0	0	0	1.9	221
PAY	2021	1	8	20	-1.9	-3	95.84	76.4	-6.62	0	0	0	2.2	216
PAY	2021	1	8	21	-1.8	-3.1	95.88	74.3	-6.94	0	0	0	2.6	215
PAY	2021	1	8	22	-3.4	-3.9	95.88	81.9	-7.02	0	0	0	1.6	213
PAY	2021	1	8	23	-3.9	-4.5	95.87	83.9	-7.12	0	0	0	1.9	212
PAY	2021	1	9	0	-3.9	-4.8	95.86	82.6	-7.38	0	0	0	1.9	212
PAY	2021	1	9	1	-4.9	-5.1	95.85	87.2	-7.46	0	0	0	1.9	212
PAY	2021	1	9	2	-3.6	-4.9	95.87	83.8	-6.84	0	0	0	2.4	218
PAY	2021	1	9	3	-4.2	-4.7	95.86	85.7	-7.06	0	0	0	2.3	224
PAY	2021	1	9	4	-4.8	-4.9	95.86	89.3	-6.94	0	0	0	1.8	221
PAY	2021	1	9	5	-4.7	-5	95.83	90.1	-6.68	0	0	0	2.4	223
PAY	2021	1	9	6	-4.1	-4.7	95.83	86.6	-6.78	0	0	0	3.3	220
PAY	2021	1	9	7	-3.8	-4.6	95.87	81	-7.6	0	0	0	3.9	231
PAY	2021	1	9	8	-4	-4.8	95.9	81.7	-7.66	13	0	45	3.5	218
PAY	2021	1	9	9	-3	-4.3	95.93	78.4	-7.32	98	0	98	3.7	219
PAY	2021	1	9	10	-2.3	-3.6	95.94	75.4	-7.22	208	318.0498811	112	4.3	221
PAY	2021	1	9	11	-0.9	-2.8	95.87	69.6	-6.98	318	535.1345	130	4.7	220
PAY	2021	1	9	12	-0.7	-2.4	95.82	69.1	-6.88	308	505.2682842	127	5	220
PAY	2021	1	9	13	-0.6	-2.1	95.78	73.1	-5.98	283	878.5935101	0	5.4	216
PAY	2021	1	9	14	-0.6	-2.1	95.78	69	-6.8	197	802.7190553	0	5.8	220
PAY	2021	1	9	15	-0.8	-2.3	95.81	71.4	-6.52	105	494.8207481	39	6.2	225
PAY	2021	1	9	16	-0.9	-2.4	95.83	70.8	-6.74	34	0	0	6.1	230
PAY	2021	1	9	17	-0.7	-2.4	95.87	69.9	-6.72	0	0	0	6.7	264
PAY	2021	1	9	18	-0.7	-2.3	95.9	72.1	-6.28	0	0	0	6.4	290
PAY	2021	1	9	19	-0.7	-2.3	95.92	70.9	-6.52	0	0	0	6.5	288
PAY	2021	1	9	20	-0.9	-2.4	95.91	72.3	-6.44	0	0	0	7.4	277
PAY	2021	1	9	21	-1.1	-2.5	95.92	73	-6.5	0	0	0	7.1	281
PAY	2021	1	9	22	-1.2	-2.6	95.93	73.6	-6.48	0	0	0	7	282
PAY	2021	1	9	23	-1.3	-2.6	95.92	73.9	-6.52	0	0	0	7.4	283
PAY	2021	1	10	0	-1.4	-2.7	95.94	74.1	-6.58	0	0	0	7.1	285
PAY	2021	1	10	1	-1.5	-2.9	95.95	72.5	-7	0	0	0	6.8	284
PAY	2021	1	10	2	-1.6	-3	95.98	70.6	-7.48	0	0	0	6.4	282
PAY	2021	1	10	3	-1.6	-3.1	95.95	70.9	-7.42	0	0	0	6.2	282
PAY	2021	1	10	4	-1.7	-3.2	95.93	70.3	-7.64	0	0	0	6.3	284
PAY	2021	1	10	5	-1.8	-3.3	95.92	70.3	-7.74	0	0	0	6.4	284
PAY	2021	1	10	6	-2	-3.4	95.91	72	-7.6	0	0	0	6.4	271
PAY	2021	1	10	7	-2	-3.5	95.93	69	-8.2	0	0	0	6.4	282
PAY	2021	1	10	8	-2	-3.6	95.93	68.9	-8.22	7	0	24	6.1	282
PAY	2021	1	10	9	-1.8	-3.5	95.96	70.1	-7.78	56	83.83548119	38	6.3	282
PAY	2021	1	10	10	-1.1	-3.2	95.99	67.6	-7.58	168	79.02014044	144	6.4	263
PAY	2021	1	10	11	-0.3	-2.7	95.98	62.8	-7.74	436	825.9514357	144	6.5	266
PAY	2021	1	10	12	-1.1	-3.1	95.91	63.2	-8.46	361	681.9138365	115	7.4	225
PAY	2021	1	10	13	-0.5	-2.7	95.87	60.2	-8.46	359	698.7136279	132	7.2	209
PAY	2021	1	10	14	-0.3	-2.6	95.88	59	-8.5	288	781.0727012	94	7.3	209
PAY	2021	1	10	15	-0.6	-2.7	95.93	60.8	-8.44	175	1000	22	7.3	209
PAY	2021	1	10	16	-1.3	-3	95.99	64	-8.5	46	0	0	7.5	208
PAY	2021	1	10	17	-1.9	-3.4	96.03	67.6	-8.38	0	0	0	5	208
PAY	2021	1	10	18	-2.1	-3.6	96.06	67.3	-8.64	0	0	0	5.6	206
PAY	2021	1	10	19	-2.9	-4	96.12	74.5	-8	0	0	0	4.5	206
PAY	2021	1	10	20	-2.9	-4.1	96.12	72.4	-8.42	0	0	0	4.9	205
PAY	2021	1	10	21	-3.4	-4.4	96.16	74.6	-8.48	0	0	0	3.4	207
PAY	2021	1	10	22	-2.5	-4.2	96.18	68.5	-8.8	0	0	0	4.2	235
PAY	2021	1	10	23	-2.5	-4	96.19	69.1	-8.68	0	0	0	4.4	278
PAY	2021	1	11	0	-2.7	-4	96.18	70.5	-8.6	0	0	0	4.6	285
PAY	2021	1	11	1	-2.8	-4.1	96.19	70.5	-8.7	0	0	0	4.3	286
PAY	2021	1	11	2	-2.8	-4.3	96.23	70.2	-8.76	0	0	0	3.7	285
PAY	2021	1	11	3	-2.9	-4.3	96.24	70.1	-8.88	0	0	0	3.4	285
PAY	2021	1	11	4	-3	-4.4	96.23	70.8	-8.84	0	0	0	3	285
PAY	2021	1	11	5	-3.1	-4.5	96.24	70.7	-8.96	0	0	0	2.8	285
PAY	2021	1	11	6	-3.6	-4.8	96.28	69.9	-9.62	0	0	0	1.6	284
PAY	2021	1	11	7	-3.5	-4.9	96.32	72.3	-9.04	0	0	0	1.7	283
PAY	2021	1	11	8	-3.7	-4.9	96.37	71.5	-9.4	4	0	42	2.1	283
PAY	2021	1	11	9	-3.6	-5	96.41	70	-9.6	30	0	104	1.9	283
PAY	2021	1	11	10	-3.5	-4.9	96.46	69.6	-9.58	80	0	147	2.3	281
PAY	2021	1	11	11	-3.1	-4.8	96.43	68	-9.5	141	53.39107984	122	2.6	278
PAY	2021	1	11	12	-2.7	-4.6	96.34	65.9	-9.52	264	602.6712619	45	2.2	243
PAY	2021	1	11	13	-2.3	-4.1	96.28	64.8	-9.34	387	1000	43	1.8	213
PAY	2021	1	11	14	-2.1	-3.9	96.28	64.4	-9.22	283	978.4048387	37	1.5	209
PAY	2021	1	11	15	-1.9	-3.8	96.3	63.2	-9.26	172	1000	23	1.6	210
PAY	2021	1	11	16	-2.5	-3.9	96.33	66.4	-9.22	46	0	0	1.6	210
PAY	2021	1	11	17	-4.1	-4.8	96.34	76.6	-8.78	0	0	0	1.1	210
PAY	2021	1	11	18	-5.2	-5.5	96.4	81	-9	0	0	0	1	211
PAY	2021	1	11	19	-5.2	-5.9	96.42	79.8	-9.24	0	0	0	2.6	211
PAY	2021	1	11	20	-6.1	-6.6	96.42	82.6	-9.58	0	0	0	2.9	211
PAY	2021	1	11	21	-5.8	-7	96.42	78.1	-10.18	0	0	0	3.3	210
PAY	2021	1	11	22	-6.6	-7.1	96.43	82.1	-10.18	0	0	0	3.3	210
PAY	2021	1	11	23	-6.8	-7.4	96.43	80.3	-10.74	0	0	0	3.2	210
PAY	2021	1	12	0	-6.2	-6.9	96.43	79.5	-10.3	0	0	0	3.7	213
PAY	2021	1	12	1	-6.1	-7.2	96.46	84.2	-9.26	0	0	0	2.5	222
PAY	2021	1	12	2	-5.4	-6.5	96.47	83.2	-8.76	0	0	0	2.8	238
PAY	2021	1	12	3	-3.7	-5.2	96.44	82.3	-7.24	0	0	0	4.1	253
PAY	2021	1	12	4	-3.3	-4.4	96.4	81.7	-6.96	0	0	0	4.3	256
PAY	2021	1	12	5	-2.7	-3.9	96.39	81.4	-6.42	0	0	0	5.2	268
PAY	2021	1	12	6	-2.2	-3.4	96.35	79.8	-6.24	0	0	0	4.5	276
PAY	2021	1	12	7	-2.1	-3.2	96.35	80.5	-6	0	0	0	4.8	290
PAY	2021	1	12	8	-1.6	-2.9	96.34	77.9	-6.02	2	0	34	4.4	296
PAY	2021	1	12	9	-1.1	-2.5	96.36	77.6	-5.58	13	0	52	4.7	294
PAY	2021	1	12	10	-0.3	-2.1	96.31	75.1	-5.28	40	0	60	3.7	295
PAY	2021	1	12	11	0.3	-1.3	96.26	72.8	-5.14	90	2.790869378	89	4.7	301
PAY	2021	1	12	12	0.6	-1.1	96.13	75.3	-4.34	118	322.2966717	0	6.3	302
PAY	2021	1	12	13	0.2	-0.7	96.05	85.9	-2.62	83	250.9530736	0	6.5	307
PAY	2021	1	12	14	0.1	-0.5	96	93.3	-1.24	39	0	39	7.2	310
PAY	2021	1	12	15	0.3	-0.1	95.97	94.7	-0.76	17	0	45	6.8	314
PAY	2021	1	12	16	0.4	0.1	95.96	94.9	-0.62	7	0	0	6.7	319
PAY	2021	1	12	17	0.7	0.3	95.94	94.2	-0.46	0	0	0	6.6	321
PAY	2021	1	12	18	1.1	0.5	95.95	91.7	-0.56	0	0	0	6.3	319
PAY	2021	1	12	19	1.3	0.6	95.96	91.1	-0.48	0	0	0	6	318
PAY	2021	1	12	20	1.3	0.9	95.97	92.5	-0.2	0	0	0	6	319
PAY	2021	1	12	21	1.6	1	95.97	91.6	-0.08	0	0	0	6.2	317
PAY	2021	1	12	22	1.7	1.2	96	90.6	-0.18	0	0	0	5.9	309
PAY	2021	1	12	23	2	1.4	96.02	89.9	-0.02	0	0	0	5.9	291
PAY	2021	1	13	0	2	1.4	96.06	89.7	-0.06	0	0	0	5.5	299
PAY	2021	1	13	1	2	1.4	96.08	91.1	0.22	0	0	0	3.7	312
PAY	2021	1	13	2	2.3	1.6	96.13	89.4	0.18	0	0	0	3	315
PAY	2021	1	13	3	2.4	1.6	96.16	89	0.2	0	0	0	3.5	313
PAY	2021	1	13	4	2.3	1.7	96.18	89.8	0.26	0	0	0	4.3	315
PAY	2021	1	13	5	2.4	1.8	96.21	89.9	0.38	0	0	0	3.7	308
PAY	2021	1	13	6	2.6	1.8	96.22	88.4	0.28	0	0	0	3.5	290
PAY	2021	1	13	7	2.4	1.7	96.26	89.6	0.32	0	0	0	3.3	284
PAY	2021	1	13	8	2.8	1.8	96.33	87.9	0.38	7	0	28	4	283
PAY	2021	1	13	9	2.4	1.9	96.39	91.2	0.64	43	0	102	3.5	286
PAY	2021	1	13	10	3.4	2.5	96.42	87.7	0.94	90	0	149	3.2	290
PAY	2021	1	13	11	3.8	2.8	96.41	87.2	1.24	112	0	133	4	294
PAY	2021	1	13	12	4	3.1	96.38	86.3	1.26	115	37.94366083	101	4.4	298
PAY	2021	1	13	13	4.1	3.1	96.33	85.1	1.12	79	20.96971851	72	4.5	301
PAY	2021	1	13	14	3.9	3	96.32	86.4	1.18	43	0	72	4.1	305
PAY	2021	1	13	15	4.2	3	96.28	83.4	0.88	17	0	24	4.9	311
PAY	2021	1	13	16	3.3	2.7	96.3	83.9	0.08	3	0	0	5.4	322
PAY	2021	1	13	17	2.5	2	96.28	90.4	0.58	0	0	0	4.3	324
PAY	2021	1	13	18	2.5	1.8	96.25	91.1	0.72	0	0	0	4.6	323
PAY	2021	1	13	19	2.5	2	96.25	92.4	0.98	0	0	0	5.7	324
PAY	2021	1	13	20	2.7	2.2	96.27	93	1.3	0	0	0	5.8	326
PAY	2021	1	13	21	3.2	2.5	96.25	91.3	1.46	0	0	0	5.9	323
PAY	2021	1	13	22	3.8	2.9	96.22	90.4	1.88	0	0	0	5.8	321
PAY	2021	1	13	23	4.1	3.4	96.23	89.7	2.04	0	0	0	6.8	324
PAY	2021	1	14	0	4.6	3.4	96.21	85.8	1.76	0	0	0	7	327
PAY	2021	1	14	1	4.5	3.6	96.19	88.1	2.12	0	0	0	6.7	328
PAY	2021	1	14	2	4.7	3.7	96.2	86.4	1.98	0	0	0	6.7	323
PAY	2021	1	14	3	4.5	3.7	96.2	87.8	2.06	0	0	0	6.4	327
PAY	2021	1	14	4	4.4	3.6	96.16	87.4	1.88	0	0	0	6.4	326
PAY	2021	1	14	5	4.8	3.6	96.14	83.5	1.5	0	0	0	6.4	321
PAY	2021	1	14	6	4.9	3.6	96.08	81.3	1.16	0	0	0	7	323
PAY	2021	1	14	7	4.7	3.6	96.09	83.2	1.34	0	0	0	6.7	323
PAY	2021	1	14	8	4.8	3.5	96.03	83.1	1.42	5	0	24	6.1	322
PAY	2021	1	14	9	4.9	3.7	96.06	82.2	1.34	19	0	37	7.5	322
PAY	2021	1	14	10	5.3	3.7	96.07	77.8	0.86	30	0	110	6.6	323
PAY	2021	1	14	11	5.1	3.8	96.04	81.7	1.44	40	0	138	6.5	324
PAY	2021	1	14	12	5	3.9	96	83.6	1.72	47	0	167	6.2	324
PAY	2021	1	14	13	5	3.9	95.97	84.6	1.92	59	0	144	5.8	328
PAY	2021	1	14	14	4.8	3.9	95.94	86.7	2.14	46	0	113	5.2	329
PAY	2021	1	14	15	4.2	3.8	95.94	93.3	2.86	25	6.688653315	24	5.1	331
PAY	2021	1	14	16	4.2	3.6	95.91	89.8	2.16	10	0	0	4.7	328
PAY	2021	1	14	17	3.8	3.3	95.84	92.6	2.32	0	0	0	4.1	326
PAY	2021	1	14	18	4	3.3	95.77	89.9	1.98	0	0	0	4.6	321
PAY	2021	1	14	19	3.7	3.2	95.71	91.8	2.06	0	0	0	5.2	324
PAY	2021	1	14	20	3.9	3.2	95.67	90.3	1.96	0	0	0	4.6	320
PAY	2021	1	14	21	3.9	3.3	95.64	91.5	2.2	0	0	0	4.9	323
PAY	2021	1	14	22	3.8	3.3	95.62	92.7	2.34	0	0	0	5.2	322
PAY	2021	1	14	23	3.8	3.3	95.62	91.3	2.06	0	0	0	5.1	318
PAY	2021	1	15	0	3.8	3.2	95.63	88.7	1.54	0	0	0	5.3	315
PAY	2021	1	15	1	3.4	2.8	95.62	89.6	1.32	0	0	0	4.2	314
PAY	2021	1	15	2	3.5	2.8	95.63	90.7	1.64	0	0	0	3.8	320
PAY	2021	1	15	3	3.8	3.1	95.65	89.3	1.66	0	0	0	4.2	320
PAY	2021	1	15	4	3.9	3.1	95.65	87.4	1.38	0	0	0	4.9	319
PAY	2021	1	15	5	3.9	2.9	95.66	86.3	1.16	0	0	0	4.6	312
PAY	2021	1	15	6	3.6	2.9	95.71	89.4	1.48	0	0	0	3.7	320
PAY	2021	1	15	7	3.8	2.9	95.74	86.8	1.16	0	0	0	3.9	310
PAY	2021	1	15	8	3.8	3	95.8	88.8	1.56	2	0	25	3.8	318
PAY	2021	1	15	9	3.6	3	95.89	90.1	1.62	20	0	48	2.7	324
PAY	2021	1	15	10	3.1	2.7	96.01	85.7	0.24	32	0	125	2.4	326
PAY	2021	1	15	11	0.7	1.4	96.08	94.5	-0.4	75	0	84	3.2	322
PAY	2021	1	15	12	-0.1	-0.2	96.12	95.8	-0.94	76	82.67331596	45	3.7	310
PAY	2021	1	15	13	-0.2	-0.3	96.15	97.6	-0.68	57	0	158	2.4	311
PAY	2021	1	15	14	0.5	-0.2	96.23	86.1	-2.28	75	139.8711297	38	2.7	309
PAY	2021	1	15	15	-0.2	-0.6	96.33	89.7	-2.26	25	0	25	3.5	304
PAY	2021	1	15	16	-0.3	-0.9	96.44	86.1	-3.08	3	0	0	3.1	303
PAY	2021	1	15	17	-0.6	-1.7	96.51	74	-5.8	0	0	0	3.9	299
PAY	2021	1	15	18	-0.9	-2.2	96.58	77.6	-5.38	0	0	0	4.2	297
PAY	2021	1	15	19	-1.1	-2.2	96.64	75	-6.1	0	0	0	4.3	295
PAY	2021	1	15	20	-1.3	-2.6	96.67	73.9	-6.52	0	0	0	3.6	292
PAY	2021	1	15	21	-1.6	-2.8	96.69	74.1	-6.78	0	0	0	3.3	290
PAY	2021	1	15	22	-2.3	-3.2	96.73	76.1	-7.08	0	0	0	3.6	279
PAY	2021	1	15	23	-3.4	-3.9	96.78	84.1	-6.58	0	0	0	3.2	212
PAY	2021	1	16	0	-3.7	-4.4	96.81	83.5	-7	0	0	0	3.2	214
PAY	2021	1	16	1	-3.7	-4.4	96.8	84.1	-6.88	0	0	0	2.2	254
PAY	2021	1	16	2	-4.3	-4.7	96.82	88.6	-6.58	0	0	0	1.6	219
PAY	2021	1	16	3	-5	-5.1	96.85	93.4	-6.32	0	0	0	1.3	208
PAY	2021	1	16	4	-5	-5.5	96.85	92.6	-6.48	0	0	0	0.9	208
PAY	2021	1	16	5	-5.2	-5.4	96.86	93.7	-6.46	0	0	0	0.8	241
PAY	2021	1	16	6	-5.2	-5.6	96.87	92.5	-6.7	0	0	0	0.8	207
PAY	2021	1	16	7	-5.2	-5.6	96.87	92.3	-6.74	0	0	0	1.3	216
PAY	2021	1	16	8	-4.4	-5.3	96.88	89.3	-6.54	8	0	33	1.3	244
PAY	2021	1	16	9	-4.2	-4.8	96.9	85.8	-7.04	55	70.66471415	39	0.9	277
PAY	2021	1	16	10	-3.6	-4.5	96.9	82.3	-7.14	122	245.696354	44	1.4	280
PAY	2021	1	16	11	-3.1	-4.2	96.83	81.4	-6.82	133	232.9321017	47	1.1	286
PAY	2021	1	16	12	-2.3	-3.7	96.76	77.5	-6.8	132	0	161	1.6	288
PAY	2021	1	16	13	-2.1	-3.4	96.7	78.5	-6.4	144	171.7075696	85	1.2	288
PAY	2021	1	16	14	-1.7	-3.1	96.65	76.5	-6.4	127	369.3821177	28	0.9	284
PAY	2021	1	16	15	-1.5	-2.8	96.64	75.1	-6.48	65	166.1367609	39	1.4	289
PAY	2021	1	16	16	-1.1	-2.6	96.62	75.1	-6.08	17	0	0	1.2	287
PAY	2021	1	16	17	-1.3	-2.4	96.61	78.2	-5.66	0	0	0	2.1	277
PAY	2021	1	16	18	-1.2	-2.3	96.58	77.7	-5.66	0	0	0	2.2	282
PAY	2021	1	16	19	-1	-2.2	96.52	80.7	-4.86	0	0	0	2.5	289
PAY	2021	1	16	20	-0.6	-1.8	96.47	80.9	-4.42	0	0	0	2.8	294
PAY	2021	1	16	21	-0.8	-1.5	96.38	87.8	-3.24	0	0	0	3.3	298
PAY	2021	1	16	22	-1	-1.4	96.28	91.8	-2.64	0	0	0	3.4	302
PAY	2021	1	16	23	-1	-1.3	96.21	95.9	-1.82	0	0	0	2.4	304
PAY	2021	1	17	0	-0.4	-1.3	96.14	85.1	-3.38	0	0	0	2.9	302
PAY	2021	1	17	1	-0.3	-1	96.03	90.7	-2.16	0	0	0	4.7	302
PAY	2021	1	17	2	0.2	-0.7	95.95	84.7	-2.86	0	0	0	6.2	296
PAY	2021	1	17	3	0.1	-0.6	96.07	85.6	-2.78	0	0	0	4.3	298
PAY	2021	1	17	4	0.5	-0.6	96.01	85	-2.5	0	0	0	4.5	299
PAY	2021	1	17	5	0.9	-0.2	96.04	86.5	-1.8	0	0	0	3.9	303
PAY	2021	1	17	6	1.4	0.2	96.06	83.8	-1.84	0	0	0	5	302
PAY	2021	1	17	7	1.4	0.5	96.08	85	-1.6	0	0	0	4.5	304
PAY	2021	1	17	8	1.8	0.6	96.13	84.1	-1.38	9	0	43	4.3	302
PAY	2021	1	17	9	2	0.9	96.17	82.4	-1.52	38	0	74	5	306
PAY	2021	1	17	10	2.3	1.1	96.25	83.1	-1.08	55	0	115	3.7	309
PAY	2021	1	17	11	2.4	1.4	96.24	84.6	-0.68	87	0	135	3.4	310
PAY	2021	1	17	12	2.3	1.4	96.19	85.8	-0.54	83	0	181	4.3	310
PAY	2021	1	17	13	2.1	1.4	96.19	90.4	0.18	58	0	159	3.7	317
PAY	2021	1	17	14	2.1	1.5	96.26	89.7	0.04	46	0	107	2.7	314
PAY	2021	1	17	15	2.1	1.5	96.36	88.6	-0.18	57	93.69139124	42	3.5	299
PAY	2021	1	17	16	1.9	1.4	96.45	88.3	-0.44	18	0	0	3.2	301
PAY	2021	1	17	17	1.8	1.2	96.56	88.6	-0.48	0	0	0	2.6	307
PAY	2021	1	17	18	1.8	1.1	96.65	88.9	-0.42	0	0	0	3.1	306
PAY	2021	1	17	19	1.3	0.9	96.68	89	-0.9	0	0	0	2.8	301
PAY	2021	1	17	20	1.2	0.8	96.7	89.7	-0.86	0	0	0	2.8	295
PAY	2021	1	17	21	1.7	0.7	96.75	86.7	-0.96	0	0	0	2.7	282
PAY	2021	1	17	22	0.6	0.3	96.75	90.3	-1.34	0	0	0	2.3	271
PAY	2021	1	17	23	1.2	0.4	96.79	87.8	-1.24	0	0	0	2.6	300
PAY	2021	1	18	0	0.6	0.4	96.8	89.1	-1.58	0	0	0	2.8	285
PAY	2021	1	18	1	0	-0.2	96.8	91.9	-1.62	0	0	0	2.2	241
PAY	2021	1	18	2	-0.6	-0.7	96.83	92.5	-2.1	0	0	0	2.5	244
PAY	2021	1	18	3	0.1	-0.7	96.86	89.5	-2	0	0	0	2.4	292
PAY	2021	1	18	4	0.4	-0.5	96.84	85.3	-2.54	0	0	0	2.1	299
PAY	2021	1	18	5	0.4	-0.5	96.87	85.3	-2.54	0	0	0	2.1	300
PAY	2021	1	18	6	0.1	-0.5	96.91	90.4	-1.82	0	0	0	1.6	300
PAY	2021	1	18	7	0	-0.5	96.93	89.2	-2.16	0	0	0	1.7	297
PAY	2021	1	18	8	0.8	-0.5	96.94	81.5	-2.9	15	0	26	2.5	292
PAY	2021	1	18	9	1.9	-0.1	96.96	77.2	-2.66	142	415.1063492	46	2.4	288
PAY	2021	1	18	10	3	0.8	96.98	67.9	-3.42	360	863.8875718	81	2.5	275
PAY	2021	1	18	11	3.5	1.2	96.99	70.1	-2.48	390	754.0669431	107	2.6	271
PAY	2021	1	18	12	3.8	1.1	96.91	60.6	-4.08	405	805.7783436	95	2	240
PAY	2021	1	18	13	3.5	1.3	96.83	61.7	-4.16	270	393.6248264	132	2.4	241
PAY	2021	1	18	14	4.2	1.2	96.82	53.9	-5.02	208	512.3075067	67	2.2	257
PAY	2021	1	18	15	4	1.1	96.83	55.9	-4.82	168	854.8511393	28	2.1	268
PAY	2021	1	18	16	2.9	0.9	96.82	67.7	-3.56	77	0	0	1.9	256
PAY	2021	1	18	17	1.3	0	96.84	73.6	-3.98	1	0	0	1.6	244
PAY	2021	1	18	18	-0.3	-0.7	96.84	84.3	-3.44	0	0	0	2.2	248
PAY	2021	1	18	19	-0.4	-1	96.83	85.9	-3.22	0	0	0	2.4	245
PAY	2021	1	18	20	-0.3	-1.1	96.84	83.1	-3.68	0	0	0	3.2	236
PAY	2021	1	18	21	-1	-1.3	96.84	88	-3.4	0	0	0	2.5	230
PAY	2021	1	18	22	-1.9	-1.9	96.83	92.5	-3.4	0	0	0	2	227
PAY	2021	1	18	23	-1.4	-2.2	96.82	88.7	-3.66	0	0	0	1.9	228
PAY	2021	1	19	0	-1.9	-2.4	96.75	89.1	-4.08	0	0	0	2.4	223
PAY	2021	1	19	1	-2	-2.5	96.7	86.2	-4.76	0	0	0	2.2	221
PAY	2021	1	19	2	-2	-2.8	96.67	83.4	-5.32	0	0	0	3.1	221
PAY	2021	1	19	3	-2.3	-3	96.63	82.2	-5.86	0	0	0	2.6	221
PAY	2021	1	19	4	-2.1	-3.2	96.59	80.3	-6.04	0	0	0	2.1	220
PAY	2021	1	19	5	-3.3	-3.8	96.56	86.7	-5.96	0	0	0	2.2	218
PAY	2021	1	19	6	-3.7	-4	96.51	87.5	-6.2	0	0	0	2.1	217
PAY	2021	1	19	7	-2.7	-3.8	96.48	82.6	-6.18	0	0	0	1.9	223
PAY	2021	1	19	8	-2.9	-3.8	96.46	84.8	-5.94	20	0	28	1.8	222
PAY	2021	1	19	9	-0.7	-2.7	96.43	76.2	-5.46	154	478.9181081	42	1.9	230
PAY	2021	1	19	10	1.1	-1.3	96.43	66.4	-5.62	275	699.6637672	47	2.7	244
PAY	2021	1	19	11	2.6	-0.5	96.35	62.5	-4.9	339	676.3546646	83	4.9	246
PAY	2021	1	19	12	4	0.7	96.27	54.8	-5.04	465	731.6499057	181	4.2	251
PAY	2021	1	19	13	5	1.3	96.19	50.4	-4.92	397	677.5697918	157	3.5	243
PAY	2021	1	19	14	5.6	1.5	96.13	46.9	-5.02	332	767.1755841	118	4	248
PAY	2021	1	19	15	5.8	1.8	96.11	46	-5	280	1000	55	3.6	272
PAY	2021	1	19	16	4.4	1.4	96.07	52.7	-5.06	94	0	0	3.7	275
PAY	2021	1	19	17	2.4	0.4	96.04	60.4	-5.52	3	0	0	2.6	244
PAY	2021	1	19	18	2	-0.2	96.04	63.8	-5.24	0	0	0	2.6	246
PAY	2021	1	19	19	2.1	-0.4	96.01	62.6	-5.38	0	0	0	3.2	244
PAY	2021	1	19	20	1.7	-0.3	96.01	65.9	-5.12	0	0	0	3.4	236
PAY	2021	1	19	21	1	-0.4	95.96	71.9	-4.62	0	0	0	3.5	236
PAY	2021	1	19	22	0.4	-0.7	95.93	74.8	-4.64	0	0	0	3	238
PAY	2021	1	19	23	1.7	-0.8	95.9	66.3	-5.04	0	0	0	3	239
PAY	2021	1	20	0	0.1	-0.9	95.81	75.6	-4.78	0	0	0	2.4	239
PAY	2021	1	20	1	-0.2	-1.3	95.75	75.9	-5.02	0	0	0	2.1	239
PAY	2021	1	20	2	-1.2	-2.2	95.71	82.1	-4.78	0	0	0	1.7	236
PAY	2021	1	20	3	-1.1	-1.7	95.68	81.9	-4.72	0	0	0	1.9	236
PAY	2021	1	20	4	1.3	-0.7	95.64	69.5	-4.8	0	0	0	3.1	237
PAY	2021	1	20	5	0.6	-1	95.6	74.2	-4.56	0	0	0	2.1	243
PAY	2021	1	20	6	-0.5	-1.8	95.57	79.1	-4.68	0	0	0	1.4	252
PAY	2021	1	20	7	-1.8	-2.4	95.54	85.7	-4.66	0	0	0	1.3	255
PAY	2021	1	20	8	-1.4	-2.2	95.49	85.6	-4.28	20	0	53	1.1	258
PAY	2021	1	20	9	0.3	-1.5	95.46	79.4	-3.82	86	0	109	1.3	258
PAY	2021	1	20	10	1.7	-0.4	95.42	75.1	-3.28	164	66.89143477	142	1.9	261
PAY	2021	1	20	11	2.7	0.7	95.34	71.5	-3	191	5.238313077	189	1.9	269
PAY	2021	1	20	12	4.3	1.4	95.23	62.2	-3.26	279	587.1852936	49	2.1	265
PAY	2021	1	20	13	4.8	2.1	95.12	61.9	-2.82	308	860.5519124	0	2	262
PAY	2021	1	20	14	5.4	2.6	95.03	62.6	-2.08	281	841.766084	43	2.1	256
PAY	2021	1	20	15	5.2	2.7	94.99	62.6	-2.28	165	653.7829356	53	2.1	263
PAY	2021	1	20	16	4.4	2.3	94.93	67.3	-2.14	39	0	0	1.3	275
PAY	2021	1	20	17	1.4	1.2	94.89	84.1	-1.78	1	0	0	1.2	271
PAY	2021	1	20	18	1.2	0.5	94.86	84.2	-1.96	0	0	0	1.6	272
PAY	2021	1	20	19	0.9	-0.1	94.85	85	-2.1	0	0	0	1.2	262
PAY	2021	1	20	20	0.3	-0.3	94.83	86.6	-2.38	0	0	0	1.3	275
PAY	2021	1	20	21	-0.5	-0.5	94.79	93.5	-1.8	0	0	0	1.1	270
PAY	2021	1	20	22	0.4	-0.9	94.79	87	-2.2	0	0	0	1.2	256
PAY	2021	1	20	23	-0.2	-0.8	94.79	89.6	-2.28	0	0	0	1.5	269
PAY	2021	1	21	0	0.8	-0.4	94.76	84.7	-2.26	0	0	0	1.4	284
PAY	2021	1	21	1	0.7	-0.2	94.72	87.8	-1.74	0	0	0	1.3	303
PAY	2021	1	21	2	0.5	-0.1	94.77	88.2	-1.86	0	0	0	1.1	309
PAY	2021	1	21	3	0.9	0.1	94.77	89.9	-1.12	0	0	0	1.6	309
PAY	2021	1	21	4	5	1.3	94.78	69.1	-1.18	0	0	0	2.3	319
PAY	2021	1	21	5	4.7	2.7	94.81	69.4	-1.42	0	0	0	2.1	315
PAY	2021	1	21	6	5.7	3.4	94.82	68.8	-0.54	0	0	0	1.5	321
PAY	2021	1	21	7	6	3.9	94.83	71.4	0.28	0	0	0	3	318
PAY	2021	1	21	8	6.4	4	94.84	70.2	0.44	21	0	56	3	313
PAY	2021	1	21	9	7.9	4.5	94.89	62.6	0.42	71	0	117	4.4	322
PAY	2021	1	21	10	8	5.1	94.9	65.2	1.04	55	0	73	5.3	333
PAY	2021	1	21	11	8.8	5.4	94.86	60.9	0.98	156	228.4501621	68	5.5	317
PAY	2021	1	21	12	9.4	5.8	94.8	59	1.2	197	15.17737351	191	5.5	325
PAY	2021	1	21	13	9.7	6	94.71	57.7	1.24	202	362.1847655	71	5.3	332
PAY	2021	1	21	14	9.6	6.1	94.64	59.9	1.58	139	244.2394702	69	5.3	323
PAY	2021	1	21	15	9.3	6.1	94.62	61	1.5	88	182.6747079	56	4.9	315
PAY	2021	1	21	16	8.6	5.9	94.53	64.6	1.52	36	1000	0	4	302
PAY	2021	1	21	17	8.9	5.4	94.48	57.4	0.38	1	0	0	3	315
PAY	2021	1	21	18	7.3	5	94.46	64	0.1	0	0	0	2.5	314
PAY	2021	1	21	19	8.9	5.1	94.49	65.5	2	0	0	0	2.6	322
PAY	2021	1	21	20	8.7	6.4	94.45	70.8	2.86	0	0	0	4.8	335
PAY	2021	1	21	21	7.6	6	94.4	76.4	2.88	0	0	0	3.1	328
PAY	2021	1	21	22	7.7	5.8	94.4	77	3.1	0	0	0	3.3	323
PAY	2021	1	21	23	7.1	6.2	94.45	88.4	4.78	0	0	0	4.8	341
PAY	2021	1	22	0	6.4	5.8	94.52	83.8	3.16	0	0	0	7.9	336
PAY	2021	1	22	1	6.3	5.2	94.44	85.5	3.4	0	0	0	7.9	335
PAY	2021	1	22	2	6.2	5.1	94.39	87.4	3.68	0	0	0	4.4	316
PAY	2021	1	22	3	5.8	5.2	94.38	90.1	3.82	0	0	0	4.5	333
PAY	2021	1	22	4	5.9	5	94.34	86.4	3.18	0	0	0	4.5	325
PAY	2021	1	22	5	6	5.1	94.26	88.1	3.62	0	0	0	5.9	328
PAY	2021	1	22	6	5.7	5	94.14	83.9	2.48	0	0	0	5.3	290
PAY	2021	1	22	7	2.7	3.6	94.09	96.7	2.04	0	0	0	2.1	256
PAY	2021	1	22	8	3.3	2.5	94.05	94.8	2.26	27	0	30	1.5	265
PAY	2021	1	22	9	4.5	3.6	93.98	91.3	2.76	82	156.8191752	44	1	295
PAY	2021	1	22	10	7.1	5	93.9	81	3.3	230	292.3192207	132	1.8	303
PAY	2021	1	22	11	8.4	6	93.78	76.5	3.7	299	324.1541837	173	1.6	287
PAY	2021	1	22	12	8.1	6.3	93.74	77.9	3.68	204	65.15635984	178	2.1	310
PAY	2021	1	22	13	7.3	6.2	93.68	84.3	4.16	137	248.9352816	46	2.4	331
PAY	2021	1	22	14	8.2	6.4	93.65	79.2	4.04	165	265.0252913	88	1.9	312
PAY	2021	1	22	15	8	6.6	93.58	81.5	4.3	88	290.3423501	36	1.4	311
PAY	2021	1	22	16	7.2	6.3	93.49	86.3	4.46	31	798.2441413	0	2.3	313
PAY	2021	1	22	17	6	5.8	93.54	93.7	4.74	1	0	0	1.8	319
PAY	2021	1	22	18	6.2	5.7	93.6	93.1	4.82	0	0	0	1.5	333
PAY	2021	1	22	19	5.8	5.5	93.66	95.8	4.96	0	0	0	1.3	335
PAY	2021	1	22	20	5.2	5	93.77	87.7	2.74	0	0	0	3.2	337
PAY	2021	1	22	21	3.5	3.7	93.97	82.7	0.04	0	0	0	4.8	329
PAY	2021	1	22	22	3.5	1.8	94.17	69	-2.7	0	0	0	3.6	322
PAY	2021	1	22	23	1.9	1.2	94.37	86.3	-0.84	0	0	0	5.3	319
PAY	2021	1	23	0	1.8	1.1	94.47	88.8	-0.44	0	0	0	5.1	317
PAY	2021	1	23	1	2	1.2	94.52	86.8	-0.64	0	0	0	4.7	305
PAY	2021	1	23	2	2	1.2	94.55	87.9	-0.42	0	0	0	3.5	300
PAY	2021	1	23	3	2	1.2	94.58	86.6	-0.68	0	0	0	3.5	295
PAY	2021	1	23	4	1.6	0.9	94.56	86.1	-1.18	0	0	0	3.3	262
PAY	2021	1	23	5	1.2	0.6	94.56	87.1	-1.38	0	0	0	2.6	262
PAY	2021	1	23	6	1.5	0.5	94.53	85.5	-1.4	0	0	0	3	267
PAY	2021	1	23	7	1.1	0.5	94.5	87.6	-1.38	0	0	0	2.8	261
PAY	2021	1	23	8	1.1	0.2	94.44	85.2	-1.86	17	0	40	2.9	262
PAY	2021	1	23	9	1.4	0.4	94.37	85.9	-1.42	85	77.43842683	66	2.6	247
PAY	2021	1	23	10	2.7	0.9	94.33	78.9	-1.52	186	186.0684958	123	3.6	233
PAY	2021	1	23	11	3.8	2	94.23	68.2	-2.56	378	581.1893942	150	4.7	238
PAY	2021	1	23	12	3.8	1.9	94.12	71.1	-1.98	274	402.1433988	112	4.7	266
PAY	2021	1	23	13	3.9	2	94.01	70.3	-2.04	142	211.0979767	64	4.2	296
PAY	2021	1	23	14	4.5	2.2	93.91	68.5	-1.8	176	319.1420335	82	3.8	298
PAY	2021	1	23	15	3.8	2.2	93.84	74.3	-1.34	62	109.2412703	42	4.6	309
PAY	2021	1	23	16	3.2	2.1	93.84	83	-0.2	14	327.7252788	0	4.2	313
PAY	2021	1	23	17	2.6	1.8	93.86	87.2	0.04	0	0	0	5.8	303
PAY	2021	1	23	18	2.7	1.7	93.86	85.8	-0.14	0	0	0	5.4	313
PAY	2021	1	23	19	2.7	1.9	93.76	88.3	0.36	0	0	0	3.9	313
PAY	2021	1	23	20	3	2	93.81	87.6	0.52	0	0	0	4.4	323
PAY	2021	1	23	21	2.9	2.3	93.89	87.4	0.38	0	0	0	6.2	288
PAY	2021	1	23	22	3.2	2.1	93.97	84.3	0.06	0	0	0	5.1	288
PAY	2021	1	23	23	2.8	2	94.07	85.5	-0.1	0	0	0	5.1	304
PAY	2021	1	24	0	2.6	1.7	94.1	80.6	-1.28	0	0	0	5.4	261
PAY	2021	1	24	1	3.2	1.4	94.2	70.6	-2.68	0	0	0	4.2	271
PAY	2021	1	24	2	2.6	1.3	94.27	76.5	-2.1	0	0	0	4.1	283
PAY	2021	1	24	3	1.5	0.2	94.31	71.6	-4.18	0	0	0	3.9	262
PAY	2021	1	24	4	1.4	-0.2	94.36	72.6	-4.08	0	0	0	2.7	256
PAY	2021	1	24	5	0.3	-0.8	94.38	75.9	-4.52	0	0	0	1.4	239
PAY	2021	1	24	6	-1.8	-1.6	94.43	89.1	-3.98	0	0	0	1.3	219
PAY	2021	1	24	7	-1.4	-1.9	94.5	86.9	-4.02	0	0	0	1.6	216
PAY	2021	1	24	8	-2.2	-2.4	94.61	93.4	-3.52	13	0	58	1.5	217
PAY	2021	1	24	9	0.1	-1.6	94.68	83.6	-3.18	144	124.7471731	113	1.1	216
PAY	2021	1	24	10	1.5	-0.6	94.73	62.5	-6	331	587.6824866	130	1.5	226
PAY	2021	1	24	11	3	0	94.74	63.9	-4.22	402	517.6931075	197	2.4	219
PAY	2021	1	24	12	3.6	0.6	94.67	59.9	-4.42	442	867.9040551	89	3.3	216
PAY	2021	1	24	13	4.6	1	94.63	50.3	-5.34	424	937.0539593	74	3.7	221
PAY	2021	1	24	14	4.8	0.8	94.58	56.7	-3.86	356	951.0862745	72	3.6	221
PAY	2021	1	24	15	3.6	1.1	94.61	47.3	-6.94	171	662.6803113	47	3.7	228
PAY	2021	1	24	16	2.4	-0.2	94.55	66.3	-4.34	49	1000	0	3.1	252
PAY	2021	1	24	17	2.2	0.4	94.56	71.9	-3.42	1	0	0	2.9	276
PAY	2021	1	24	18	2.2	0.5	94.55	73.1	-3.18	0	0	0	3.1	285
PAY	2021	1	24	19	2.5	0.5	94.51	70.9	-3.32	0	0	0	3.7	293
PAY	2021	1	24	20	0.8	-0.1	94.52	81	-3	0	0	0	5.2	306
PAY	2021	1	24	21	0.4	-0.5	94.49	84.3	-2.74	0	0	0	3.9	303
PAY	2021	1	24	22	-0.3	-0.5	94.4	95.9	-1.12	0	0	0	1.9	309
PAY	2021	1	24	23	0.1	-0.3	94.37	93	-1.3	0	0	0	2.1	313
PAY	2021	1	25	0	0.4	-0.2	94.32	89.4	-1.72	0	0	0	3.4	304
PAY	2021	1	25	1	0.4	-0.4	94.31	88.7	-1.86	0	0	0	3.4	301
PAY	2021	1	25	2	0.8	0	94.31	88.7	-1.46	0	0	0	3.5	305
PAY	2021	1	25	3	0.3	0.2	94.36	95.5	-0.6	0	0	0	3.3	310
PAY	2021	1	25	4	1.4	0	94.39	77.1	-3.18	0	0	0	3.8	264
PAY	2021	1	25	5	1.1	-0.3	94.46	77.4	-3.42	0	0	0	5.4	267
PAY	2021	1	25	6	0.7	-0.7	94.48	74	-4.5	0	0	0	4.1	272
PAY	2021	1	25	7	-0.3	-0.6	94.55	92.3	-1.84	0	0	0	4.9	301
PAY	2021	1	25	8	0	-0.9	94.63	83.4	-3.32	8	0	45	4.5	263
PAY	2021	1	25	9	0.8	-1	94.7	76.2	-3.96	126	123.1356388	95	3.6	258
PAY	2021	1	25	10	1.5	-0.3	94.77	76.1	-3.28	258	329.9018179	144	4.2	273
PAY	2021	1	25	11	1.5	-0.1	94.84	73.5	-3.8	290	300.1745245	170	5.1	282
PAY	2021	1	25	12	0.9	0.1	94.86	81.6	-2.78	316	426.1072556	141	5.4	270
PAY	2021	1	25	13	2	0	94.88	68.6	-4.28	264	272.7770745	161	4.9	272
PAY	2021	1	25	14	1.9	0.2	94.95	71	-3.9	228	422.812351	100	5.5	290
PAY	2021	1	25	15	1.9	0.4	95.02	70.6	-3.98	149	575.282211	39	4.7	290
PAY	2021	1	25	16	0.1	-0.3	95.16	89.5	-2	27	533.3000751	0	4.4	296
PAY	2021	1	25	17	0.8	-0.6	95.24	71	-5	3	0	0	3.3	273
PAY	2021	1	25	18	0.3	-0.9	95.35	76.8	-4.34	0	0	0	2.9	265
PAY	2021	1	25	19	0.2	-0.9	95.46	84	-3	0	0	0	2.8	288
PAY	2021	1	25	20	0.1	-1	95.56	78.3	-4.24	0	0	0	2.8	294
PAY	2021	1	25	21	0.2	-1.2	95.67	73.6	-5.08	0	0	0	2.8	288
PAY	2021	1	25	22	-0.2	-1.4	95.74	76.2	-4.96	0	0	0	2.6	268
PAY	2021	1	25	23	-0.9	-1.7	95.82	81	-4.7	0	0	0	3	270
PAY	2021	1	26	0	-0.5	-1.7	95.9	80.5	-4.4	0	0	0	3.1	289
PAY	2021	1	26	1	-0.5	-1.6	95.96	79	-4.7	0	0	0	2.9	284
PAY	2021	1	26	2	-1	-1.8	96.03	81.4	-4.72	0	0	0	2.6	259
PAY	2021	1	26	3	-1.6	-2.3	96.09	81.3	-5.34	0	0	0	2.5	222
PAY	2021	1	26	4	-2.4	-3	96.14	80.9	-6.22	0	0	0	2.5	223
PAY	2021	1	26	5	-2.8	-3.5	96.24	80.8	-6.64	0	0	0	2.8	230
PAY	2021	1	26	6	-2.9	-3.9	96.32	76.9	-7.52	0	0	0	3.2	225
PAY	2021	1	26	7	-3.7	-4.4	96.41	80.9	-7.52	0	0	0	3	215
PAY	2021	1	26	8	-3.4	-4.7	96.46	79.5	-7.5	32	0	63	3.1	211
PAY	2021	1	26	9	-1.8	-3.7	96.49	74.1	-6.98	196	301.828978	119	3.4	253
PAY	2021	1	26	10	-0.5	-2.6	96.54	65.9	-7.32	186	111.686771	147	2.8	281
PAY	2021	1	26	11	0.8	-2	96.57	56.5	-7.9	217	44.59456203	199	2.5	279
PAY	2021	1	26	12	1.5	-1.4	96.53	53.1	-7.88	365	446.0600625	180	4.4	241
PAY	2021	1	26	13	2.1	-1.2	96.49	45	-8.9	436	667.9686572	181	3.6	236
PAY	2021	1	26	14	2.4	-1.3	96.44	43.5	-8.9	363	755.887377	131	3.4	228
PAY	2021	1	26	15	1.8	-1.3	96.47	52.5	-7.7	174	527.2485635	71	3	231
PAY	2021	1	26	16	0.6	-1.6	96.44	57	-8	46	841.7141583	0	1.6	245
PAY	2021	1	26	17	-0.7	-2.3	96.44	68.1	-7.08	2	0	0	0.8	256
PAY	2021	1	26	18	-1	-2.7	96.45	64.6	-8.08	0	0	0	1.1	253
PAY	2021	1	26	19	-1.8	-2.9	96.46	73.3	-7.14	0	0	0	1.4	236
PAY	2021	1	26	20	-1.9	-3.4	96.45	69.5	-8	0	0	0	1.4	236
PAY	2021	1	26	21	-2.3	-3.3	96.49	77.3	-6.84	0	0	0	2.1	254
PAY	2021	1	26	22	-2.7	-3.6	96.46	77.7	-7.16	0	0	0	1.9	231
PAY	2021	1	26	23	-3.1	-3.8	96.4	78.8	-7.34	0	0	0	3.2	242
PAY	2021	1	27	0	-3.5	-4.3	96.34	79.2	-7.66	0	0	0	2.8	226
PAY	2021	1	27	1	-3.7	-4.5	96.27	78	-8.1	0	0	0	2.4	228
PAY	2021	1	27	2	-3.8	-4.8	96.23	76.4	-8.52	0	0	0	2.4	248
PAY	2021	1	27	3	-3.4	-4.7	96.17	76.1	-8.18	0	0	0	2.9	256
PAY	2021	1	27	4	-3	-4.2	96.19	81.7	-6.66	0	0	0	1.9	287
PAY	2021	1	27	5	-2.7	-3.7	96.19	78.4	-7.02	0	0	0	1.9	289
PAY	2021	1	27	6	-2.7	-3.5	96.12	84.4	-5.82	0	0	0	2	296
PAY	2021	1	27	7	-2.6	-3.1	96.01	89.6	-4.68	0	0	0	2.1	295
PAY	2021	1	27	8	-2	-2.9	96.05	85.4	-4.92	16	0	62	1.8	297
PAY	2021	1	27	9	-1	-2.3	95.98	80.1	-4.98	67	0	130	2.9	300
PAY	2021	1	27	10	0.1	-1.6	95.98	78.2	-4.26	121	53.83656861	102	2.6	305
PAY	2021	1	27	11	1	-0.7	95.97	74	-4.2	144	85.86996858	109	4	309
PAY	2021	1	27	12	1.3	-0.4	95.96	73.1	-4.08	145	0	207	4.1	310
PAY	2021	1	27	13	1.8	-0.1	95.9	68.3	-4.54	113	0	120	3.5	313
PAY	2021	1	27	14	2.2	-0.1	95.88	66.5	-4.5	84	0	123	4.5	315
PAY	2021	1	27	15	2.6	0.4	95.92	68.7	-3.66	59	60.13630085	47	3.7	318
PAY	2021	1	27	16	2.5	0.9	95.89	75.3	-2.44	22	374.6901701	0	2.4	321
PAY	2021	1	27	17	2	0.8	95.88	84	-1.2	2	0	0	1.5	321
PAY	2021	1	27	18	2	1.2	95.91	91.3	0.26	0	0	0	1.5	328
PAY	2021	1	27	19	1.7	1.4	95.9	94.7	0.64	0	0	0	1.1	330
PAY	2021	1	27	20	1.3	1.3	95.91	98	0.9	0	0	0	1.1	332
PAY	2021	1	27	21	1.7	1.5	95.91	97	1.1	0	0	0	1	330
PAY	2021	1	27	22	2	1.5	95.92	95.6	1.12	0	0	0	1	325
PAY	2021	1	27	23	2.5	2	95.91	94.7	1.44	0	0	0	1.4	323
PAY	2021	1	28	0	3.7	3	95.9	91.1	1.92	0	0	0	3.5	325
PAY	2021	1	28	1	3.7	3.1	95.86	91.2	1.94	0	0	0	3.2	325
PAY	2021	1	28	2	3.9	3.2	95.8	90.2	1.94	0	0	0	3.7	325
PAY	2021	1	28	3	4.1	3.3	95.75	89.9	2.08	0	0	0	3.8	329
PAY	2021	1	28	4	4.1	3.6	95.68	91.3	2.36	0	0	0	5.3	329
PAY	2021	1	28	5	4	3.5	95.59	91.6	2.32	0	0	0	5	328
PAY	2021	1	28	6	4	3.6	95.51	93	2.6	0	0	0	3.9	331
PAY	2021	1	28	7	4.4	3.8	95.48	91.3	2.66	0	0	0	5	334
PAY	2021	1	28	8	5.2	4.2	95.51	89.4	3.08	7	0	66	6.9	331
PAY	2021	1	28	9	6.2	5.1	95.47	88.8	3.96	20	0	127	7.5	334
PAY	2021	1	28	10	7.1	5.8	95.42	89.6	5.02	21	0	152	7.1	340
PAY	2021	1	28	11	7.3	6.5	95.42	91.1	5.52	33	0	191	7.3	343
PAY	2021	1	28	12	8.1	7	95.4	89.8	6.06	63	0	197	7.3	346
PAY	2021	1	28	13	8.6	7.6	95.42	90.8	6.76	89	48.68436211	70	7.3	349
PAY	2021	1	28	14	9.4	8.1	95.41	85.6	6.52	94	136.3023464	51	6.9	351
PAY	2021	1	28	15	9.8	8.2	95.4	82.5	6.3	58	117.7698734	34	7.4	349
PAY	2021	1	28	16	9.8	8.3	95.42	82.5	6.3	21	302.4476212	2	7	349
PAY	2021	1	28	17	10.3	8.4	95.45	78.3	5.96	1	0	0	6.6	349
PAY	2021	1	28	18	10.1	8.3	95.46	78.3	5.76	0	0	0	6.2	350
PAY	2021	1	28	19	9.9	8.3	95.48	80.8	6.06	0	0	0	5.9	348
PAY	2021	1	28	20	10	8.3	95.42	81	6.2	0	0	0	5.7	348
PAY	2021	1	28	21	9.8	8.3	95.45	81.2	6.04	0	0	0	6.5	349
PAY	2021	1	28	22	8.9	8.1	95.39	89.2	6.74	0	0	0	5.8	345
PAY	2021	1	28	23	9.3	8	95.34	82.6	5.82	0	0	0	6.2	321
PAY	2021	1	29	0	9.1	7.9	95.24	84.6	6.02	0	0	0	5.4	330
PAY	2021	1	29	1	8.4	7.8	95.2	91.6	6.72	0	0	0	5.4	344
PAY	2021	1	29	2	8.6	7.8	95.12	89.7	6.54	0	0	0	5.3	349
PAY	2021	1	29	3	7.8	7.4	95.04	91.7	6.14	0	0	0	6.8	347
PAY	2021	1	29	4	7.9	7.1	95	91.4	6.18	0	0	0	7.6	346
PAY	2021	1	29	5	8.1	7.2	94.92	90.3	6.16	0	0	0	7.2	339
PAY	2021	1	29	6	9.6	7.9	94.93	83.2	6.24	0	0	0	7.3	351
PAY	2021	1	29	7	10.4	8.2	94.91	75.1	5.42	0	0	0	5.9	342
PAY	2021	1	29	8	8.8	7.9	94.96	86.8	6.16	8	0	51	4.5	324
PAY	2021	1	29	9	9.4	7.4	95.1	73.9	4.18	42	0	94	4.5	307
PAY	2021	1	29	10	9.5	6.4	95.07	59.3	1.36	98	0	173	6.1	275
PAY	2021	1	29	11	10.1	6.3	95.13	61.9	2.48	236	144.3145508	176	9.6	281
PAY	2021	1	29	12	10.1	6.8	95.1	61.3	2.36	184	210.6040306	94	6.6	307
PAY	2021	1	29	13	9.1	6.4	95.08	67.9	2.68	123	0	183	7.2	328
PAY	2021	1	29	14	9.1	6.3	95.04	65.9	2.28	120	175.0915324	64	6.3	330
PAY	2021	1	29	15	8.3	6.1	95.01	74.5	3.2	124	398.8973944	41	6.3	322
PAY	2021	1	29	16	7.9	6.1	94.99	75.2	2.94	91	1000	8	6.8	306
PAY	2021	1	29	17	8.1	5.6	94.94	69	1.9	10	0	0	6.8	313
PAY	2021	1	29	18	6.7	5.4	95.05	81.3	2.96	0	0	0	7.1	341
PAY	2021	1	29	19	6.2	5.1	95.16	85.3	3.26	0	0	0	6.6	323
PAY	2021	1	29	20	6.2	5.2	95.23	85.2	3.24	0	0	0	5.3	323
PAY	2021	1	29	21	6.7	5.3	95.26	80.4	2.78	0	0	0	5	320
PAY	2021	1	29	22	5.7	5.1	95.26	90	3.7	0	0	0	4.6	317
PAY	2021	1	29	23	5.7	5	95.28	88.9	3.48	0	0	0	5.1	305
PAY	2021	1	30	0	5.9	4.8	95.28	83.8	2.66	0	0	0	6.4	279
PAY	2021	1	30	1	5.7	4.7	95.24	86.2	2.94	0	0	0	5.1	280
PAY	2021	1	30	2	5.6	4.8	95.16	86.9	2.98	0	0	0	4.1	301
PAY	2021	1	30	3	5.9	4.7	95.08	82.9	2.48	0	0	0	3.7	304
PAY	2021	1	30	4	5.6	4.4	94.98	83.1	2.22	0	0	0	3.3	291
PAY	2021	1	30	5	5.1	4.2	94.86	83.6	1.82	0	0	0	2.5	284
PAY	2021	1	30	6	5.4	3.8	94.76	80.6	1.52	0	0	0	2.6	302
PAY	2021	1	30	7	5.4	4.1	94.69	82	1.8	0	0	0	3.6	321
PAY	2021	1	30	8	6.1	4.2	94.63	76.2	1.34	13	0	45	3.8	324
PAY	2021	1	30	9	6.2	4.4	94.58	77.3	1.66	52	0	64	4.3	328
PAY	2021	1	30	10	5.7	4.5	94.51	83.3	2.36	66	10.96910498	62	4.6	328
PAY	2021	1	30	11	5.5	4.6	94.47	89	3.3	54	0	71	3.3	334
PAY	2021	1	30	12	5.4	4.7	94.39	91	3.6	67	20.84843399	58	3.6	335
PAY	2021	1	30	13	5.6	4.9	94.3	91.1	3.82	62	2.506032499	61	4.7	335
PAY	2021	1	30	14	5.9	5.2	94.22	92.1	4.32	62	0	68	4.1	335
PAY	2021	1	30	15	5.9	5.3	94.19	91.7	4.24	46	4.708015743	45	3.7	334
PAY	2021	1	30	16	6.1	5.5	94.16	92	4.5	13	56.22099342	9	2.8	338
PAY	2021	1	30	17	6	5.4	94.17	90.1	4.02	0	0	0	3.7	329
PAY	2021	1	30	18	5.5	5.1	94.19	93.3	4.16	0	0	0	3.5	334
PAY	2021	1	30	19	5.5	4.9	94.2	91.9	3.88	0	0	0	3.5	331
PAY	2021	1	30	20	5.6	4.8	94.21	89.4	3.48	0	0	0	3	327
PAY	2021	1	30	21	5.2	4.7	94.19	90.6	3.32	0	0	0	3.1	307
PAY	2021	1	30	22	5.2	4.6	94.17	89.5	3.1	0	0	0	2.9	310
PAY	2021	1	30	23	3.6	3.9	94.17	97.8	3.16	0	0	0	0.9	302
PAY	2021	1	31	0	4.3	4.1	94.16	95.9	3.48	0	0	0	1.1	318
PAY	2021	1	31	1	4.7	4.1	94.17	94	3.5	0	0	0	1.4	327
PAY	2021	1	31	2	5	4.6	94.19	94.6	3.92	0	0	0	2.1	334
PAY	2021	1	31	3	5.1	4.6	94.18	92.5	3.6	0	0	0	1.9	328
PAY	2021	1	31	4	4.3	4.3	94.18	96.2	3.54	0	0	0	1.6	314
PAY	2021	1	31	5	4.5	4.1	94.21	94.2	3.34	0	0	0	1.1	310
PAY	2021	1	31	6	4	4	94.21	96.7	3.34	0	0	0	1.7	320
PAY	2021	1	31	7	4.8	4	94.24	92.9	3.38	0	0	0	1.9	316
PAY	2021	1	31	8	4.1	4.1	94.28	97.1	3.52	17	0	49	1.5	298
PAY	2021	1	31	9	5.1	4.2	94.35	89.8	3.06	99	106.0740993	70	1.5	288
PAY	2021	1	31	10	6.3	4.9	94.4	87.2	3.74	177	246.7785577	86	2.6	311
PAY	2021	1	31	11	7.1	5.6	94.43	84.7	4.04	202	311.1399362	70	2.4	328
PAY	2021	1	31	12	7.8	6.1	94.38	80.5	3.9	242	431.0930992	54	2	329
PAY	2021	1	31	13	7.9	6	94.32	71.9	2.28	167	260.2161112	62	2.4	332
PAY	2021	1	31	14	7.7	5.7	94.27	77.6	3.22	91	15.21136309	86	3	334
PAY	2021	1	31	15	8	5.6	94.24	65.8	1.16	112	166.0701365	76	3	328
PAY	2021	1	31	16	7.5	5.3	94.21	73.9	2.28	69	796.1151471	9	3.4	317
PAY	2021	1	31	17	6.8	5.3	94.19	77.5	2.3	7	0	0	2.6	318
PAY	2021	1	31	18	6.6	4.9	94.13	78	2.2	0	0	0	2.9	327
PAY	2021	1	31	19	6.4	5	94.07	79.7	2.34	0	0	0	2.3	328
PAY	2021	1	31	20	5.6	4.7	93.98	84.8	2.56	0	0	0	1.7	309
PAY	2021	1	31	21	5	4.4	93.93	88.8	2.76	0	0	0	1.4	319
PAY	2021	1	31	22	5.6	4.4	93.83	83	2.2	0	0	0	2	316
PAY	2021	1	31	23	5.2	4.3	93.83	87.7	2.74	0	0	0	2.2	333
PAY	2021	2	1	0	5	4.5	93.81	93.7	3.74	0	0	0	2.8	336
PAY	2021	2	1	1	5	4.7	93.77	94.7	3.94	0	0	0	2	335
PAY	2021	2	1	2	5	4.6	93.7	91.8	3.36	0	0	0	2.4	326
PAY	2021	2	1	3	4.7	4.3	93.67	94.2	3.54	0	0	0	1.3	329
PAY	2021	2	1	4	4.8	4.3	93.65	91.3	3.06	0	0	0	2	320
PAY	2021	2	1	5	4.9	4.4	93.67	93.7	3.64	0	0	0	1.8	334
PAY	2021	2	1	6	5.2	4.6	93.7	92.6	3.72	0	0	0	3.2	334
PAY	2021	2	1	7	5.6	4.7	93.74	87.3	3.06	0	0	0	3.8	334
PAY	2021	2	1	8	5.8	4.8	93.81	88	3.4	21	0	65	3.8	329
PAY	2021	2	1	9	5.8	5.1	93.87	90.6	3.92	40	0	102	3.8	335
PAY	2021	2	1	10	6.2	5.3	93.92	90.1	4.22	61	0	82	3.5	336
PAY	2021	2	1	11	6.3	5.5	93.97	89.5	4.2	82	0	85	4.3	336
PAY	2021	2	1	12	6.9	5.8	94	89.1	4.72	67	0	81	4.1	337
PAY	2021	2	1	13	7.3	6.3	94.06	86.5	4.6	104	63.71904838	78	5.7	339
PAY	2021	2	1	14	7.5	6.3	94.12	84.5	4.4	115	120.0448008	75	5.5	336
PAY	2021	2	1	15	7.4	6.4	94.18	87.1	4.82	100	171.7993501	62	5.2	337
PAY	2021	2	1	16	7.4	6.3	94.26	85.4	4.48	26	188.3983343	11	4.8	336
PAY	2021	2	1	17	6.9	6.3	94.37	90.9	5.08	2	0	0	4	339
PAY	2021	2	1	18	6.9	6.2	94.47	90.5	5	0	0	0	4.1	334
PAY	2021	2	1	19	7.2	6.3	94.58	88.5	4.9	0	0	0	2.9	337
PAY	2021	2	1	20	6.9	6.4	94.67	93.8	5.66	0	0	0	2.6	340
PAY	2021	2	1	21	7	6.4	94.77	92.4	5.48	0	0	0	2.5	339
PAY	2021	2	1	22	7.2	6.5	94.84	90	5.2	0	0	0	4	333
PAY	2021	2	1	23	7.3	6.4	94.94	88.7	5.04	0	0	0	3.5	336
PAY	2021	2	2	0	7.3	6.5	94.99	88.3	4.96	0	0	0	4.5	322
PAY	2021	2	2	1	7.1	6.3	95.06	88.1	4.72	0	0	0	5.5	298
PAY	2021	2	2	2	6.9	6.1	95.1	87.9	4.48	0	0	0	4.3	317
PAY	2021	2	2	3	6.7	5.8	95.11	84.7	3.64	0	0	0	3.8	307
PAY	2021	2	2	4	6.3	5.4	95.12	86.6	3.62	0	0	0	3.7	310
PAY	2021	2	2	5	6.6	5.4	95.11	85.4	3.68	0	0	0	3.7	320
PAY	2021	2	2	6	6.7	5.5	95.15	84.1	3.52	0	0	0	4.4	329
PAY	2021	2	2	7	6.5	5.5	95.13	87.5	4	0	0	0	4.4	334
PAY	2021	2	2	8	6.9	5.7	95.12	84.7	3.84	13	0	71	5	327
PAY	2021	2	2	9	7.3	6	95.18	85.8	4.46	44	0	113	5.3	335
PAY	2021	2	2	10	7.8	6.5	95.15	85.6	4.92	75	0	120	5.9	339
PAY	2021	2	2	11	9	7.1	95.15	83.3	5.66	200	20.78333812	191	5.5	340
PAY	2021	2	2	12	8.9	7.6	95.18	82.7	5.44	157	65.15020588	128	6.5	344
PAY	2021	2	2	13	9.3	7.6	95.16	80.4	5.38	186	247.1969649	84	6.6	345
PAY	2021	2	2	14	8.9	7.8	95.16	88.1	6.52	106	85.85925325	77	7.2	349
PAY	2021	2	2	15	9	8	95.13	86.3	6.26	100	217.1609991	51	6.2	342
PAY	2021	2	2	16	9.1	7.9	95.16	85.2	6.14	45	345.6334656	16	6.6	344
PAY	2021	2	2	17	9.4	8.1	95.2	85.6	6.52	7	0	0	6.8	334
PAY	2021	2	2	18	9.1	8.4	95.3	91.7	7.44	0	0	0	6.5	341
PAY	2021	2	2	19	8.9	8.3	95.27	90.2	6.94	0	0	0	4.9	350
PAY	2021	2	2	20	9.2	8.2	95.25	88.7	6.94	0	0	0	5.2	346
PAY	2021	2	2	21	9.5	8.5	95.25	89.5	7.4	0	0	0	3.8	345
PAY	2021	2	2	22	9.2	8.6	95.24	90.4	7.28	0	0	0	4.5	345
PAY	2021	2	2	23	9.4	8.6	95.24	88.4	7.08	0	0	0	4.8	330
PAY	2021	2	3	0	9.3	8.4	95.22	87.5	6.8	0	0	0	3.8	332
PAY	2021	2	3	1	9.6	8.4	95.23	85	6.6	0	0	0	3.5	330
PAY	2021	2	3	2	9.9	8.5	95.17	84	6.7	0	0	0	3.7	340
PAY	2021	2	3	3	9.6	8.4	95.07	84.4	6.48	0	0	0	3.7	337
PAY	2021	2	3	4	9	8.1	94.99	88.7	6.74	0	0	0	3.4	346
PAY	2021	2	3	5	9.5	8.4	94.94	89.2	7.34	0	0	0	2.7	350
PAY	2021	2	3	6	9.1	8.4	94.87	90	7.1	0	0	0	2.6	349
PAY	2021	2	3	7	9	8.1	94.81	88.8	6.76	0	0	7	2.4	342
PAY	2021	2	3	8	9.1	8	94.82	85.2	6.14	9	0	76	2.7	338
PAY	2021	2	3	9	9.6	8	94.81	85.1	6.62	42	0	123	2.8	341
PAY	2021	2	3	10	11.1	8.8	94.83	74.7	6.04	52	0	189	5.7	346
PAY	2021	2	3	11	11.4	9	94.85	74.3	6.26	66	0	213	6	350
PAY	2021	2	3	12	11	9	94.85	77.3	6.46	83	0	177	7.1	354
PAY	2021	2	3	13	12.3	9.3	94.84	70.6	6.42	151	0	193	6.9	349
PAY	2021	2	3	14	8.6	8.5	95	82	5	68	0	140	6.7	353
PAY	2021	2	3	15	9	7.2	95.04	80	5	36	0	86	6.4	349
PAY	2021	2	3	16	9.5	7.4	95.1	73.3	4.16	21	90.68185586	13	7	346
PAY	2021	2	3	17	9	7.5	95.16	83.7	5.74	2	0	0	5.6	338
PAY	2021	2	3	18	9.4	7.3	95.18	74.8	4.36	0	0	0	8	317
PAY	2021	2	3	19	9.4	7.2	95.27	74.1	4.22	0	0	0	6.8	277
PAY	2021	2	3	20	10	7.2	95.35	69.4	3.88	0	0	0	6.6	277
PAY	2021	2	3	21	10.1	7	95.45	66.7	3.44	0	0	0	6.7	285
PAY	2021	2	3	22	10.4	7.1	95.54	57.9	1.98	0	0	0	7.4	306
PAY	2021	2	3	23	9.7	6.4	95.62	60.3	1.76	0	0	0	6.6	314
PAY	2021	2	4	0	9.2	6.3	95.67	64.6	2.12	0	0	0	3.8	326
PAY	2021	2	4	1	8.7	5.9	95.7	64	1.5	0	0	0	2.5	326
PAY	2021	2	4	2	6.7	5.3	95.72	75.8	1.86	0	0	0	1.1	299
PAY	2021	2	4	3	5.3	4.6	95.69	81.8	1.66	0	0	0	1.8	289
PAY	2021	2	4	4	3.5	3.5	95.69	91.2	1.74	0	0	0	1.9	264
PAY	2021	2	4	5	4.4	3.5	95.7	85.8	1.56	0	0	0	2.3	259
PAY	2021	2	4	6	3.3	2.8	95.7	90.5	1.4	0	0	0	1.2	257
PAY	2021	2	4	7	3.2	1.9	95.72	90.4	1.28	1	0	8	1.9	259
PAY	2021	2	4	8	3.4	2.3	95.78	90.2	1.44	23	0	56	1.4	294
PAY	2021	2	4	9	4.2	3.2	95.84	90.3	2.26	83	0	87	0.9	303
PAY	2021	2	4	10	5.7	4.3	95.84	86.1	2.92	169	62.18465581	145	1	312
PAY	2021	2	4	11	6.8	4.9	95.84	79.1	2.62	235	153.8047969	167	1.2	319
PAY	2021	2	4	12	7.4	5.6	95.83	80	3.4	217	206.8672266	123	1.9	322
PAY	2021	2	4	13	7.8	5.7	95.75	76.2	3.04	247	400.5195314	78	1.9	325
PAY	2021	2	4	14	8.3	6.3	95.72	74.1	3.12	276	570.609077	78	2.6	316
PAY	2021	2	4	15	8	6.2	95.71	76.7	3.34	160	311.1038639	87	2.8	298
PAY	2021	2	4	16	7.7	6.3	95.72	83.4	4.38	68	529.3480372	19	1.7	309
PAY	2021	2	4	17	6.7	6	95.69	89.5	4.6	7	0	0	1.6	315
PAY	2021	2	4	18	6.3	5.8	95.7	92.4	4.78	0	0	0	0.7	324
PAY	2021	2	4	19	6	5.7	95.67	92.5	4.5	0	0	0	0.9	319
PAY	2021	2	4	20	5.7	5.4	95.63	92.5	4.2	0	0	0	1.2	313
PAY	2021	2	4	21	5.4	5.1	95.59	94.1	4.22	0	0	0	1	315
PAY	2021	2	4	22	5.3	4.7	95.58	93.3	3.96	0	0	0	1.1	307
PAY	2021	2	4	23	4.5	4.3	95.57	95.4	3.58	0	0	0	1.3	289
PAY	2021	2	5	0	4	4.1	95.55	96.1	3.22	0	0	0	1.7	292
PAY	2021	2	5	1	4	3.7	95.52	95.2	3.04	0	0	0	1.5	296
PAY	2021	2	5	2	4.2	3.6	95.51	94.5	3.1	0	0	0	1.3	302
PAY	2021	2	5	3	3.4	3.7	95.55	96.9	2.78	0	0	0	1.7	289
PAY	2021	2	5	4	4.6	3.5	95.62	90.5	2.7	0	0	0	2	278
PAY	2021	2	5	5	4.4	4.2	95.67	91.1	2.62	0	0	0	2.7	304
PAY	2021	2	5	6	4.6	3.9	95.64	91.6	2.92	0	0	0	1.2	321
PAY	2021	2	5	7	4.5	4	95.66	92.8	3.06	0	0	8	1.6	329
PAY	2021	2	5	8	4.6	4	95.7	94.4	3.48	22	0	46	1	317
PAY	2021	2	5	9	5	4.3	95.72	91.7	3.34	81	23.80938112	74	1.1	304
PAY	2021	2	5	10	6.1	4.9	95.68	88.2	3.74	154	184.4059097	82	1.4	303
PAY	2021	2	5	11	7	5.4	95.66	83.2	3.64	228	315.6053973	87	1.2	309
PAY	2021	2	5	12	7.8	6	95.64	79.7	3.74	249	341.9576934	92	1.1	304
PAY	2021	2	5	13	8.4	6.5	95.59	80.9	4.58	212	292.9542942	87	1.3	321
PAY	2021	2	5	14	8.9	7.1	95.54	81.4	5.18	198	332.6928418	81	1.6	327
PAY	2021	2	5	15	8.3	7.1	95.53	83.6	5.02	52	0	55	1.9	336
PAY	2021	2	5	16	7.9	7	95.47	86.5	5.2	61	412.6232047	21	2.1	328
PAY	2021	2	5	17	7.1	6.6	95.4	88.5	4.8	10	0	0	2	308
PAY	2021	2	5	18	6	5.8	95.34	94.2	4.84	0	0	0	1.1	292
PAY	2021	2	5	19	5.3	5.1	95.31	95.4	4.38	0	0	0	1.1	276
PAY	2021	2	5	20	4.8	4.4	95.25	95.5	3.9	0	0	0	1.4	272
PAY	2021	2	5	21	4.2	3.8	95.26	97.6	3.72	0	0	0	2.1	273
PAY	2021	2	5	22	3.3	3.7	95.26	96.8	2.66	0	0	0	1.6	276
PAY	2021	2	5	23	4	3.6	95.24	96.7	3.34	0	0	0	1.9	274
PAY	2021	2	6	0	2.4	2.8	95.25	98.8	2.16	0	0	0	1	273
PAY	2021	2	6	1	2.1	2.9	95.21	99.4	1.98	0	0	0	1.3	279
PAY	2021	2	6	2	2.4	2.4	95.19	98	2	0	0	0	1.6	286
PAY	2021	2	6	3	2.6	3	95.14	98.4	2.28	0	0	0	1.9	300
PAY	2021	2	6	4	2.6	2.6	95.1	98.9	2.38	0	0	0	1.1	295
PAY	2021	2	6	5	2.6	2.6	95.09	98.3	2.26	0	0	0	1.1	295
PAY	2021	2	6	6	2.2	2.7	95.07	97.4	1.68	0	0	0	0.7	302
PAY	2021	2	6	7	2.1	2.5	95.05	99	1.9	0	0	8	0.9	297
PAY	2021	2	6	8	2.2	2.1	95.05	98.2	1.84	19	0	39	1.1	291
PAY	2021	2	6	9	3.2	2.7	95.03	98.7	2.94	50	0	75	1.3	302
PAY	2021	2	6	10	3.7	3.3	95	96.8	3.06	50	0	77	1	321
PAY	2021	2	6	11	3.9	3.7	94.89	97.7	3.44	75	0	104	1.4	317
PAY	2021	2	6	12	5.2	4.5	94.74	94.8	4.16	155	116.4045624	101	1.5	312
PAY	2021	2	6	13	5.1	4.7	94.67	94.5	4	88	0	108	1.8	322
PAY	2021	2	6	14	5.5	5	94.57	93.8	4.26	46	0	96	1.3	329
PAY	2021	2	6	15	5.8	5.3	94.48	92.2	4.24	110	242.0134012	51	1.4	316
PAY	2021	2	6	16	5.7	5.3	94.38	93.8	4.46	73	483.5167463	24	1.1	302
PAY	2021	2	6	17	4.9	5	94.35	96.3	4.16	10	0	0	1.5	294
PAY	2021	2	6	18	4.9	4.7	94.38	96.1	4.12	0	0	0	1.2	319
PAY	2021	2	6	19	5.2	4.8	94.36	94.2	4.04	0	0	0	1.5	322
PAY	2021	2	6	20	5.1	4.6	94.29	93.8	3.86	0	0	0	0.8	321
PAY	2021	2	6	21	5.8	4.8	94.41	90.5	3.9	0	0	0	2.2	325
PAY	2021	2	6	22	5.7	5.1	94.36	92.2	4.14	0	0	0	2.7	332
PAY	2021	2	6	23	6.4	5.4	94.31	88.9	4.18	0	0	0	2.5	331
PAY	2021	2	7	0	5.4	5.2	94.25	92.7	3.94	0	0	0	1.6	310
PAY	2021	2	7	1	4.9	4.8	94.18	95.4	3.98	0	0	0	1.7	314
PAY	2021	2	7	2	4	4.2	94.18	98.3	3.66	0	0	0	1.4	298
PAY	2021	2	7	3	3.1	3.8	94.12	98.3	2.76	0	0	0	1.5	279
PAY	2021	2	7	4	3.4	3.3	94.07	97.9	2.98	0	0	0	2.1	284
PAY	2021	2	7	5	6.7	4.2	94.07	84.3	3.56	0	0	0	2.1	304
PAY	2021	2	7	6	7.4	6.2	94.03	85.6	4.52	0	0	0	4.6	331
PAY	2021	2	7	7	7.5	6.3	94.02	85.7	4.64	0	0	12	4.5	333
PAY	2021	2	7	8	7.1	6.3	94.06	89.3	4.96	7	0	48	5.4	337
PAY	2021	2	7	9	6.9	5.9	94.09	80.8	3.06	27	0	69	4.1	334
PAY	2021	2	7	10	6.9	5.1	94.12	77.5	2.4	59	0	75	4	330
PAY	2021	2	7	11	6.8	5.2	94.14	74.2	1.64	82	0	82	3.5	330
PAY	2021	2	7	12	6.8	4.6	94.1	67.1	0.22	97	27.73452261	84	4.1	327
PAY	2021	2	7	13	6.2	4.3	94.07	69.3	0.06	132	128.354024	76	4.8	326
PAY	2021	2	7	14	5.5	3.7	94.06	70.8	-0.34	123	149.5259539	69	4.3	321
PAY	2021	2	7	15	5	2.9	94.08	67	-1.6	63	48.30881764	51	4.9	315
PAY	2021	2	7	16	4.3	2.9	94.12	78.4	-0.02	41	160.7334417	24	5	311
PAY	2021	2	7	17	4	2.1	94.17	63.6	-3.28	7	0	0	3.5	310
PAY	2021	2	7	18	3.5	1.4	94.2	66.7	-3.16	0	0	0	3	301
PAY	2021	2	7	19	3.1	1.1	94.2	67.2	-3.46	0	0	0	3.4	275
PAY	2021	2	7	20	3.6	1.1	94.17	64.6	-3.48	0	0	0	4.1	302
PAY	2021	2	7	21	3.3	1.3	94.15	69.4	-2.82	0	0	0	2.4	304
PAY	2021	2	7	22	2.7	1.2	94.1	76.7	-1.96	0	0	0	1.7	306
PAY	2021	2	7	23	3.2	1.3	94.07	72.6	-2.28	0	0	0	2.4	300
PAY	2021	2	8	0	2.7	1.3	94.05	75.9	-2.12	0	0	0	2.3	302
PAY	2021	2	8	1	2.3	1.2	94	80.2	-1.66	0	0	0	2.1	282
PAY	2021	2	8	2	2.3	1	93.98	81.7	-1.36	0	0	0	2.7	276
PAY	2021	2	8	3	3	1.4	93.93	77.5	-1.5	0	0	0	3.3	285
PAY	2021	2	8	4	2.8	1.6	93.9	78.1	-1.58	0	0	0	3.2	292
PAY	2021	2	8	5	2.7	1.4	93.89	76.1	-2.08	0	0	0	3.7	267
PAY	2021	2	8	6	2.8	1.3	93.88	76	-2	0	0	0	3.8	275
PAY	2021	2	8	7	2.6	1.1	93.88	75.7	-2.26	1	0	13	3.7	275
PAY	2021	2	8	8	3.3	1.3	93.88	70.7	-2.56	59	56.59312356	49	3.5	269
PAY	2021	2	8	9	5.2	2.3	93.87	64.2	-1.96	225	501.0139416	71	4.2	284
PAY	2021	2	8	10	5.5	2.8	93.86	61.9	-2.12	326	620.7254816	75	5.5	278
PAY	2021	2	8	11	7.1	2.9	93.82	50	-2.9	567	1000	82	8	278
PAY	2021	2	8	12	7.4	3.3	93.77	50.3	-2.54	573	1000	79	7.8	278
PAY	2021	2	8	13	7.3	3.2	93.75	39.7	-4.76	466	884.0366657	76	8.9	270
PAY	2021	2	8	14	7.1	2.7	93.74	47.9	-3.32	196	347.0664852	69	8.4	295
PAY	2021	2	8	15	7	3.1	93.76	49	-3.2	147	363.5761656	55	7.3	307
PAY	2021	2	8	16	6.6	3.1	93.78	55.1	-2.38	55	317.5703819	20	6.2	304
PAY	2021	2	8	17	6	3	93.8	58	-2.4	14	0	0	4.6	292
PAY	2021	2	8	18	5.1	2.8	93.85	63.6	-2.18	0	0	0	3	279
PAY	2021	2	8	19	4.4	2.3	93.87	67.5	-2.1	0	0	0	2.4	266
PAY	2021	2	8	20	3.4	1.8	93.9	71.9	-2.22	0	0	0	3.2	249
PAY	2021	2	8	21	4.5	1.4	93.94	64.5	-2.6	0	0	0	1.5	266
PAY	2021	2	8	22	3.1	1.7	93.94	76.6	-1.58	0	0	0	1.1	302
PAY	2021	2	8	23	1.5	1.2	93.97	85.6	-1.38	0	0	0	2.3	314
PAY	2021	2	9	0	0.7	0.4	94.01	93.2	-0.66	0	0	0	2.2	322
PAY	2021	2	9	1	0.3	0.1	94.02	93.8	-0.94	0	0	0	2.2	316
PAY	2021	2	9	2	-0.1	-0.2	94.03	96.2	-0.86	0	0	0	1.6	310
PAY	2021	2	9	3	-0.2	-0.4	94.02	97.3	-0.74	0	0	0	1.4	311
PAY	2021	2	9	4	-0.2	-0.2	94.08	98.7	-0.46	0	0	0	1.3	312
PAY	2021	2	9	5	-0.4	-0.4	94.13	100	-0.4	0	0	0	0.2	311
PAY	2021	2	9	6	-0.1	-0.2	94.21	98.2	-0.46	0	0	0	0.6	313
PAY	2021	2	9	7	-0.1	-0.2	94.28	98.1	-0.48	0	0	15	1.1	306
PAY	2021	2	9	8	-0.1	-0.2	94.31	98.4	-0.42	19	0	55	1.1	307
PAY	2021	2	9	9	0.3	0.1	94.35	96.8	-0.34	82	32.05228145	72	0.9	305
PAY	2021	2	9	10	1.3	0.7	94.37	92.1	-0.28	125	117.3182389	77	1.4	305
PAY	2021	2	9	11	2.7	1.2	94.41	84.3	-0.44	271	405.6247408	82	1.7	262
PAY	2021	2	9	12	4.2	2	94.42	74.2	-0.96	527	936.1850736	79	2.6	236
PAY	2021	2	9	13	3.9	2.4	94.39	78.5	-0.4	365	636.6840603	81	3.1	250
PAY	2021	2	9	14	4	2.5	94.41	77.8	-0.44	176	285.9168808	70	3.4	296
PAY	2021	2	9	15	3.8	2.3	94.39	79.8	-0.24	124	263.8665013	56	3.1	298
PAY	2021	2	9	16	3.2	2.1	94.34	79.2	-0.96	51	209.2802123	27	2.9	311
PAY	2021	2	9	17	2.2	1.5	94.31	80.8	-1.64	9	0	0	2.9	284
PAY	2021	2	9	18	1.1	0.7	94.32	86.1	-1.68	0	0	0	3	264
PAY	2021	2	9	19	0.8	0.3	94.31	89.6	-1.28	0	0	0	2.9	279
PAY	2021	2	9	20	0.7	0.1	94.3	89	-1.5	0	0	0	2.7	301
PAY	2021	2	9	21	0.6	0	94.3	89.4	-1.52	0	0	0	2.6	307
PAY	2021	2	9	22	0.6	0	94.27	88.5	-1.7	0	0	0	2.6	311
PAY	2021	2	9	23	0.1	-0.2	94.26	95	-0.9	0	0	0	2.3	311
PAY	2021	2	10	0	-0.2	-0.3	94.21	97.7	-0.66	0	0	0	1.8	310
PAY	2021	2	10	1	-0.3	-0.4	94.15	97.6	-0.78	0	0	0	2.2	311
PAY	2021	2	10	2	-0.5	-0.5	94.13	99.4	-0.62	0	0	0	1.5	312
PAY	2021	2	10	3	-0.3	-0.4	94.13	99.1	-0.48	0	0	0	0.9	311
PAY	2021	2	10	4	-0.2	-0.3	94.15	97.7	-0.66	0	0	0	1.1	312
PAY	2021	2	10	5	-0.1	-0.3	94.18	98.2	-0.46	0	0	0	1.2	313
PAY	2021	2	10	6	0	-0.1	94.16	96.6	-0.68	0	0	0	1.2	311
PAY	2021	2	10	7	0	-0.1	94.18	98.3	-0.34	0	0	16	0.2	312
PAY	2021	2	10	8	0.1	-0.1	94.23	98.2	-0.26	21	0	52	1	312
PAY	2021	2	10	9	0.5	0.1	94.3	96.3	-0.24	91	59.99789497	72	1.3	301
PAY	2021	2	10	10	1.3	0.7	94.36	93.3	-0.04	190	270.5404971	78	1.2	307
PAY	2021	2	10	11	2.1	1.3	94.43	90.7	0.24	240	339.7838944	80	1.3	311
PAY	2021	2	10	12	2.3	1.9	94.47	91	0.5	279	399.1643224	86	1.4	308
PAY	2021	2	10	13	3.8	2.4	94.51	88.5	1.5	228	323.7253358	82	1	314
PAY	2021	2	10	14	6.6	4.5	94.55	77.3	2.06	162	213.0050668	82	3.1	325
PAY	2021	2	10	15	6.4	5	94.64	80.1	2.42	109	213.4209485	53	4.8	327
PAY	2021	2	10	16	6	4.8	94.71	82.8	2.56	28	0	28	4.7	330
PAY	2021	2	10	17	4.6	3.9	94.84	79.3	0.46	0	0	0	3.2	330
PAY	2021	2	10	18	4.5	2.7	94.98	69.3	-1.64	0	0	0	3.4	317
PAY	2021	2	10	19	3.2	1.5	95.12	69.2	-2.96	0	0	0	4.5	312
PAY	2021	2	10	20	2.3	0.9	95.23	76.4	-2.42	0	0	0	2.8	308
PAY	2021	2	10	21	1.5	0.3	95.36	74.5	-3.6	0	0	0	2	306
PAY	2021	2	10	22	-0.2	-0.6	95.46	81.3	-3.94	0	0	0	3.1	302
PAY	2021	2	10	23	-0.4	-1.3	95.58	82.3	-3.94	0	0	0	3.8	300
PAY	2021	2	11	0	-1.2	-2.1	95.7	77.8	-5.64	0	0	0	4.2	298
PAY	2021	2	11	1	-1.4	-2.5	95.77	78.8	-5.64	0	0	0	3.7	296
PAY	2021	2	11	2	-1.7	-2.7	95.86	79.5	-5.8	0	0	0	3.4	295
PAY	2021	2	11	3	-2.1	-3.1	95.91	77.6	-6.58	0	0	0	3.1	292
PAY	2021	2	11	4	-2.6	-3.5	95.97	77.9	-7.02	0	0	0	3.7	289
PAY	2021	2	11	5	-2.9	-4	96.04	76.9	-7.52	0	0	0	4	287
PAY	2021	2	11	6	-3.6	-4.4	96.1	78.8	-7.84	0	0	0	4.7	286
PAY	2021	2	11	7	-3.9	-4.7	96.18	82.6	-7.38	0	0	19	4.5	283
PAY	2021	2	11	8	-4.2	-5.1	96.23	80.8	-8.04	23	0	91	4.8	281
PAY	2021	2	11	9	-4.4	-5.2	96.25	80.2	-8.36	65	27.99927275	56	4.9	282
PAY	2021	2	11	10	-3.8	-5.1	96.29	75.1	-8.78	183	245.88752	80	4.7	275
PAY	2021	2	11	11	-3.4	-4.7	96.28	75.6	-8.28	352	567.3708843	82	4.8	258
PAY	2021	2	11	12	-3.6	-4.7	96.29	75.6	-8.48	230	296.8120934	85	5.3	280
PAY	2021	2	11	13	-3.6	-4.7	96.32	77.2	-8.16	181	219.3121087	81	5	283
PAY	2021	2	11	14	-3.5	-4.6	96.34	76.4	-8.22	157	226.0515558	71	4.3	283
PAY	2021	2	11	15	-3.6	-4.8	96.39	75.3	-8.54	104	183.4531045	55	4.7	282
PAY	2021	2	11	16	-3.9	-4.8	96.39	75.6	-8.78	57	218.3295723	30	4.2	280
PAY	2021	2	11	17	-4.1	-5.1	96.45	76.1	-8.88	17	0	0	4.5	277
PAY	2021	2	11	18	-4.6	-5.7	96.47	76	-9.4	0	0	0	4.9	282
PAY	2021	2	11	19	-5	-6	96.51	74.7	-10.06	0	0	0	4.9	282
PAY	2021	2	11	20	-5.4	-6.3	96.48	74.8	-10.44	0	0	0	5.2	280
PAY	2021	2	11	21	-5.3	-6.4	96.5	76.6	-9.98	0	0	0	4.6	280
PAY	2021	2	11	22	-5.3	-6.4	96.5	73.8	-10.54	0	0	0	4.4	280
PAY	2021	2	11	23	-5.5	-6.5	96.49	75.6	-10.38	0	0	0	4.4	278
PAY	2021	2	12	0	-5.5	-6.5	96.46	77.6	-9.98	0	0	0	4.2	278
PAY	2021	2	12	1	-5.7	-6.6	96.46	76.6	-10.38	0	0	0	4	278
PAY	2021	2	12	2	-5.7	-6.6	96.47	77.8	-10.14	0	0	0	3.8	278
PAY	2021	2	12	3	-5.8	-6.7	96.45	77.5	-10.3	0	0	0	3.9	278
PAY	2021	2	12	4	-6	-6.8	96.44	78.7	-10.26	0	0	0	4.1	276
PAY	2021	2	12	5	-6.3	-7	96.42	79.1	-10.48	0	0	0	4	276
PAY	2021	2	12	6	-6.3	-7	96.39	81.2	-10.06	0	0	0	4.1	275
PAY	2021	2	12	7	-6.4	-7	96.41	81.3	-10.14	0	0	19	3.8	275
PAY	2021	2	12	8	-6.3	-7.1	96.42	82.4	-9.82	14	0	51	3.6	275
PAY	2021	2	12	9	-6.2	-7	96.41	81.2	-9.96	54	0	74	4.3	275
PAY	2021	2	12	10	-6	-6.8	96.38	80.2	-9.96	94	28.31156858	82	4.3	276
PAY	2021	2	12	11	-5.8	-6.7	96.41	79.1	-9.98	96	31.19019559	81	4.2	276
PAY	2021	2	12	12	-5.7	-6.6	96.39	77.9	-10.12	119	46.59845618	96	3.9	277
PAY	2021	2	12	13	-5	-6.1	96.36	74.9	-10.02	154	164.8685355	78	3.9	277
PAY	2021	2	12	14	-5	-6.2	96.36	73.8	-10.24	154	220.5880859	69	4.5	279
PAY	2021	2	12	15	-4.8	-6.1	96.37	75.3	-9.74	82	0	96	3.8	280
PAY	2021	2	12	16	-5	-6.1	96.38	76.4	-9.72	29	0	29	4.2	280
PAY	2021	2	12	17	-4.7	-5.9	96.4	71.4	-10.42	4	0	0	3.8	279
PAY	2021	2	12	18	-4.8	-6.2	96.43	68.2	-11.16	0	0	0	4.8	278
PAY	2021	2	12	19	-4.8	-6.2	96.44	66	-11.6	0	0	0	4.8	269
PAY	2021	2	12	20	-4.8	-6.2	96.46	67.8	-11.24	0	0	0	4.5	272
PAY	2021	2	12	21	-4.8	-6.2	96.49	67	-11.4	0	0	0	5	271
PAY	2021	2	12	22	-5.2	-6.4	96.51	66.6	-11.88	0	0	0	4.8	271
PAY	2021	2	12	23	-5.5	-6.8	96.56	66	-12.3	0	0	0	5.8	276
PAY	2021	2	13	0	-5.7	-7	96.62	65.1	-12.68	0	0	0	6	276
PAY	2021	2	13	1	-5.8	-7.2	96.64	65.8	-12.64	0	0	0	5.4	275
PAY	2021	2	13	2	-6.1	-7.4	96.66	66.8	-12.74	0	0	0	5.4	272
PAY	2021	2	13	3	-6.4	-7.5	96.69	66.8	-13.04	0	0	0	5.1	274
PAY	2021	2	13	4	-6.6	-7.8	96.74	69	-12.8	0	0	0	5.2	273
PAY	2021	2	13	5	-6.7	-7.9	96.77	69.1	-12.88	0	0	0	4.4	271
PAY	2021	2	13	6	-7	-8.1	96.79	68.1	-13.38	0	0	0	4.4	270
PAY	2021	2	13	7	-7.3	-8.4	96.87	70	-13.3	0	0	17	5.2	269
PAY	2021	2	13	8	-7.3	-8.5	96.86	70.8	-13.14	21	0	80	4.7	269
PAY	2021	2	13	9	-7.2	-8.4	96.94	70.3	-13.14	61	0	145	4.7	269
PAY	2021	2	13	10	-6.8	-8.1	96.99	68.7	-13.06	123	55.96017137	99	4.7	269
PAY	2021	2	13	11	-6.4	-7.9	97.03	65.8	-13.24	166	133.7425241	101	4.9	270
PAY	2021	2	13	12	-5.9	-7.4	97.02	63.5	-13.2	211	216.5762409	103	5	271
PAY	2021	2	13	13	-5.3	-7	97.02	64	-12.5	233	283.2595713	101	5.2	270
PAY	2021	2	13	14	-5.4	-6.9	97.07	63.1	-12.78	166	225.5000208	78	4.9	273
PAY	2021	2	13	15	-4.9	-6.8	97.1	62.7	-12.36	104	159.0967069	60	5.1	273
PAY	2021	2	13	16	-5.2	-6.7	97.12	63.6	-12.48	49	150.7015137	29	4.3	273
PAY	2021	2	13	17	-5.1	-6.6	97.17	65.3	-12.04	7	0	0	4.1	274
PAY	2021	2	13	18	-5.2	-6.8	97.22	64	-12.4	0	0	0	4.4	275
PAY	2021	2	13	19	-5.2	-6.7	97.28	65.4	-12.12	0	0	0	3.4	275
PAY	2021	2	13	20	-5.3	-6.8	97.33	63.3	-12.64	0	0	0	3.4	275
PAY	2021	2	13	21	-5.4	-7	97.36	62.5	-12.9	0	0	0	4	274
PAY	2021	2	13	22	-5.8	-7.2	97.36	64.1	-12.98	0	0	0	4.2	273
PAY	2021	2	13	23	-6.2	-7.6	97.39	62.1	-13.78	0	0	0	4.6	272
PAY	2021	2	14	0	-6.3	-7.8	97.4	61.4	-14.02	0	0	0	3.6	271
PAY	2021	2	14	1	-6.5	-8	97.41	61.6	-14.18	0	0	0	4	269
PAY	2021	2	14	2	-6.7	-8	97.43	64.7	-13.76	0	0	0	3.7	267
PAY	2021	2	14	3	-6.8	-8	97.46	69.4	-12.92	0	0	0	3.2	263
PAY	2021	2	14	4	-7	-8.3	97.51	65.8	-13.84	0	0	0	3.7	264
PAY	2021	2	14	5	-6.9	-8.3	97.52	67	-13.5	0	0	0	3.1	271
PAY	2021	2	14	6	-6.9	-8.1	97.55	68.4	-13.22	0	0	0	3.1	272
PAY	2021	2	14	7	-7.1	-8.1	97.55	70.8	-12.94	1	0	25	3.1	271
PAY	2021	2	14	8	-6.8	-8.1	97.62	68.7	-13.06	37	0	75	2.7	269
PAY	2021	2	14	9	-5.7	-7.5	97.68	66.6	-12.38	116	110.0794104	79	2.1	263
PAY	2021	2	14	10	-5.2	-6.9	97.75	67.6	-11.68	224	294.9631099	96	2.2	250
PAY	2021	2	14	11	-3.5	-5.9	97.74	64.4	-10.62	411	337.9884865	245	2	225
PAY	2021	2	14	12	-2.9	-5	97.7	63.5	-10.2	536	893.2199817	86	1.9	204
PAY	2021	2	14	13	-2	-4.5	97.68	60	-10	523	929.8183706	85	1.7	208
PAY	2021	2	14	14	-0.9	-3.6	97.63	60.9	-8.72	447	688.3065529	175	2.3	212
PAY	2021	2	14	15	-1.3	-3.2	97.62	60.8	-9.14	337	799.8168535	112	2.8	215
PAY	2021	2	14	16	-1.2	-3.1	97.61	62.6	-8.68	185	1000	39	2.7	219
PAY	2021	2	14	17	-1.6	-3.4	97.6	65.8	-8.44	31	0	0	2.1	230
PAY	2021	2	14	18	-2.5	-3.5	97.64	80	-6.5	0	0	0	1.1	234
PAY	2021	2	14	19	-2.7	-4	97.62	74.7	-7.76	0	0	0	0.8	242
PAY	2021	2	14	20	-3.3	-4.1	97.6	77.1	-7.88	0	0	0	1	234
PAY	2021	2	14	21	-3.3	-4.2	97.63	80.8	-7.14	0	0	0	1.1	245
PAY	2021	2	14	22	-3.8	-4.4	97.63	81.4	-7.52	0	0	0	1.3	227
PAY	2021	2	14	23	-3.8	-4.8	97.63	80.2	-7.76	0	0	0	1.8	227
PAY	2021	2	15	0	-3.9	-4.7	97.62	83.3	-7.24	0	0	0	1.8	245
PAY	2021	2	15	1	-3.5	-4.5	97.63	80.8	-7.34	0	0	0	1.9	268
PAY	2021	2	15	2	-3.6	-4.5	97.58	85.3	-6.54	0	0	0	1.5	267
PAY	2021	2	15	3	-3.1	-4	97.53	81.7	-6.76	0	0	0	2.5	273
PAY	2021	2	15	4	-2.9	-3.9	97.52	80.7	-6.76	0	0	0	2.1	270
PAY	2021	2	15	5	-3.2	-3.9	97.52	85.5	-6.1	0	0	0	1.8	267
PAY	2021	2	15	6	-3.2	-4	97.49	87.7	-5.66	0	0	0	0.9	271
PAY	2021	2	15	7	-3	-3.9	97.49	87.2	-5.56	5	0	10	0.9	259
PAY	2021	2	15	8	-1.8	-3.4	97.52	84.9	-4.82	65	162.5468483	31	1.1	247
PAY	2021	2	15	9	-1.2	-2.4	97.54	84.6	-4.28	136	143.6346648	87	0.8	243
PAY	2021	2	15	10	0.7	-1.4	97.53	70.7	-5.16	354	471.4394137	147	1.2	258
PAY	2021	2	15	11	2.4	0	97.48	67.3	-4.14	419	640.721683	101	1.5	277
PAY	2021	2	15	12	4.9	0.8	97.4	45.3	-6.04	288	404.7525856	82	2.8	305
PAY	2021	2	15	13	5.2	1.5	97.35	50.5	-4.7	295	340.2366677	133	4.4	309
PAY	2021	2	15	14	5.3	1.6	97.3	50	-4.7	137	0	154	3.2	317
PAY	2021	2	15	15	4.8	1.7	97.27	55.3	-4.14	76	0	90	3.1	321
PAY	2021	2	15	16	4.6	1.5	97.25	54.2	-4.56	26	7.05199132	25	2.5	321
PAY	2021	2	15	17	3.9	1.2	97.24	57.7	-4.56	5	0	0	2.5	314
PAY	2021	2	15	18	3.1	0.9	97.25	63.4	-4.22	0	0	0	1.7	312
PAY	2021	2	15	19	4.3	1.3	97.23	60.1	-3.68	0	0	0	3	319
PAY	2021	2	15	20	4.8	1.6	97.21	56.9	-3.82	0	0	0	3.3	322
PAY	2021	2	15	21	4	1.7	97.15	64.7	-3.06	0	0	0	2.8	324
PAY	2021	2	15	22	4.5	1.7	97.16	61	-3.3	0	0	0	3.4	323
PAY	2021	2	15	23	4.4	1.8	97.12	62.9	-3.02	0	0	0	3.1	324
PAY	2021	2	16	0	4.2	1.8	97.12	63.3	-3.14	0	0	0	2.6	314
PAY	2021	2	16	1	4	1.7	97.07	64.7	-3.06	0	0	0	2.1	321
PAY	2021	2	16	2	3.1	1.5	97	72.4	-2.42	0	0	0	1.7	323
PAY	2021	2	16	3	2.6	1.3	96.95	77.1	-1.98	0	0	0	1.3	322
PAY	2021	2	16	4	2.8	1.3	96.92	75.8	-2.04	0	0	0	0.8	320
PAY	2021	2	16	5	2.3	1.1	96.87	79.3	-1.84	0	0	0	0.9	318
PAY	2021	2	16	6	1.4	0.9	96.8	86.8	-1.24	0	0	0	1.4	300
PAY	2021	2	16	7	1.1	0.3	96.76	85.7	-1.76	5	0	26	0.7	296
PAY	2021	2	16	8	2.3	0.6	96.74	81.1	-1.48	80	0	101	1	275
PAY	2021	2	16	9	4.7	2.1	96.67	71.3	-1.04	231	239.7283131	148	1.4	263
PAY	2021	2	16	10	6	2.8	96.6	60.1	-1.98	334	468.1957706	126	1.3	260
PAY	2021	2	16	11	7.5	3.8	96.54	54.3	-1.64	480	566.268416	196	1.7	265
PAY	2021	2	16	12	10.1	4.8	96.46	50.5	0.2	529	643.7934877	198	1.5	272
PAY	2021	2	16	13	9.3	5.4	96.37	56.1	0.52	400	571.4409816	125	2.2	283
PAY	2021	2	16	14	9.7	5.4	96.28	52.2	0.14	232	390.0486937	74	1.7	289
PAY	2021	2	16	15	9.7	5.3	96.19	49.4	-0.42	203	464.1508952	68	3.3	288
PAY	2021	2	16	16	8.5	5.4	96.13	59.2	0.34	145	901.8722988	13	1.7	274
PAY	2021	2	16	17	6.4	4.5	96.12	68	0	37	0	0	1.3	272
PAY	2021	2	16	18	6.8	4.1	96.16	64.2	-0.36	0	0	0	2.2	265
PAY	2021	2	16	19	4.9	3.5	96.16	73.8	-0.34	0	0	0	2.5	278
PAY	2021	2	16	20	7.3	4.4	96.17	66.7	0.64	0	0	0	2.3	300
PAY	2021	2	16	21	9.2	5.2	96.22	61.6	1.52	0	0	0	2.9	321
PAY	2021	2	16	22	9.5	6.1	96.26	61.6	1.82	0	0	0	6.1	329
PAY	2021	2	16	23	9.3	6.2	96.31	65.2	2.34	0	0	0	5.6	338
PAY	2021	2	17	0	8.8	6.3	96.37	69.1	2.62	0	0	0	4.8	340
PAY	2021	2	17	1	7.9	6.3	96.42	80.4	3.98	0	0	0	4.9	334
PAY	2021	2	17	2	7.6	6.2	96.42	80.5	3.7	0	0	0	4.3	321
PAY	2021	2	17	3	7.6	6.1	96.46	79.2	3.44	0	0	0	4.1	324
PAY	2021	2	17	4	6.4	5.4	96.48	84.8	3.36	0	0	0	3.8	292
PAY	2021	2	17	5	6	5.4	96.52	85.7	3.14	0	0	0	3.5	303
PAY	2021	2	17	6	4.9	4.7	96.49	89.1	2.72	0	0	0	3.1	261
PAY	2021	2	17	7	3.8	3.6	96.52	89	1.6	5	0	30	2.7	279
PAY	2021	2	17	8	5.3	4	96.57	87.2	2.74	75	0	80	2.2	312
PAY	2021	2	17	9	7.7	5.2	96.6	74.9	2.68	218	142.3023895	168	2.3	320
PAY	2021	2	17	10	9.7	5.7	96.56	53.7	0.44	384	349.2899075	227	2.7	272
PAY	2021	2	17	11	10.5	6.3	96.54	52.6	1.02	514	538.6961343	241	3.2	271
PAY	2021	2	17	12	10.9	6.7	96.48	52.3	1.36	544	752.8581351	153	3.3	271
PAY	2021	2	17	13	11.7	6.8	96.43	48.4	1.38	534	803.9336133	143	2.3	270
PAY	2021	2	17	14	11.4	6.9	96.38	48.2	1.04	466	924.2790913	87	2	270
PAY	2021	2	17	15	11.6	6.9	96.33	48.4	1.28	349	960.6403299	65	1.9	268
PAY	2021	2	17	16	11.2	6.6	96.29	49.5	1.1	185	934.2279741	44	1.3	266
PAY	2021	2	17	17	8.4	6.1	96.27	64.2	1.24	42	0	0	1.5	263
PAY	2021	2	17	18	5.6	4.5	96.29	73.6	0.32	0	0	0	1.2	261
PAY	2021	2	17	19	5.7	3.5	96.29	71.1	-0.08	0	0	0	1.2	259
PAY	2021	2	17	20	2.7	2.6	96.3	85.4	-0.22	0	0	0	1.5	254
PAY	2021	2	17	21	2.2	1.4	96.31	86.2	-0.56	0	0	0	2.1	251
PAY	2021	2	17	22	1.9	1.1	96.3	85.6	-0.98	0	0	0	1.4	250
PAY	2021	2	17	23	0.7	0.4	96.27	90.2	-1.26	0	0	0	1.5	247
PAY	2021	2	18	0	0.2	-0.3	96.27	91.3	-1.54	0	0	0	1.4	245
PAY	2021	2	18	1	-0.8	-1	96.25	95.3	-1.74	0	0	0	1.8	244
PAY	2021	2	18	2	-0.7	-0.9	96.21	93.2	-2.06	0	0	0	1.9	241
PAY	2021	2	18	3	-1.2	-1.3	96.18	95.3	-2.14	0	0	0	1.8	241
PAY	2021	2	18	4	-1.4	-1.3	96.18	95.8	-2.24	0	0	0	1.2	240
PAY	2021	2	18	5	-1.7	-1.5	96.16	96.4	-2.42	0	0	0	1.2	244
PAY	2021	2	18	6	-1.5	-1.7	96.12	95.5	-2.4	0	0	0	0.9	242
PAY	2021	2	18	7	-1.9	-2	96.1	96.8	-2.54	10	0	34	0.9	240
PAY	2021	2	18	8	0	-1.1	96.12	91.7	-1.66	111	84.75867866	92	0.8	244
PAY	2021	2	18	9	1.6	0.5	96.09	85.6	-1.28	238	291.6774655	134	0.9	255
PAY	2021	2	18	10	2.3	1	96.07	85	-0.7	237	169.3228954	160	1.5	279
PAY	2021	2	18	11	4.1	2.1	96.08	82.9	0.68	262	236.2988021	141	1	288
PAY	2021	2	18	12	5.4	3.2	96.01	76.3	0.66	333	482.2788407	80	1.3	290
PAY	2021	2	18	13	5.7	4.2	95.93	76.9	1.08	261	380.472688	74	1.4	291
PAY	2021	2	18	14	6.4	4.3	95.88	73.7	1.14	195	298.7728587	71	1.8	286
PAY	2021	2	18	15	6.9	4.8	95.84	74.5	1.8	173	386.1200672	57	1.6	281
PAY	2021	2	18	16	6.5	4.8	95.81	74	1.3	109	443.7410005	40	1.5	278
PAY	2021	2	18	17	4.9	4.2	95.84	83.4	1.58	31	0	0	1.2	278
PAY	2021	2	18	18	2.7	3.2	95.85	92.6	1.22	0	0	0	0.9	275
PAY	2021	2	18	19	4.5	2.8	95.88	81.6	0.82	0	0	0	2.1	271
PAY	2021	2	18	20	4.2	3.2	95.93	83.8	0.96	0	0	0	1.8	280
PAY	2021	2	18	21	5.6	3	96	79.2	1.44	0	0	0	1.8	303
PAY	2021	2	18	22	9.3	5.7	96.03	66.1	2.52	0	0	0	2.6	324
PAY	2021	2	18	23	9.8	6.6	96.04	63.3	2.46	0	0	0	4.3	326
PAY	2021	2	19	0	10.1	6.7	96.09	61.7	2.44	0	0	0	4.1	332
PAY	2021	2	19	1	9.3	6.7	96.06	67.6	2.82	0	0	0	3.8	333
PAY	2021	2	19	2	9.4	6.5	96.06	66.1	2.62	0	0	0	3.9	332
PAY	2021	2	19	3	8.7	6.3	96.06	69.5	2.6	0	0	0	3.7	334
PAY	2021	2	19	4	9	6.2	96.09	66.7	2.34	0	0	0	3.2	334
PAY	2021	2	19	5	9.4	6.3	96.13	64.9	2.38	0	0	0	3.5	331
PAY	2021	2	19	6	8.3	6	96.15	69.1	2.12	0	0	0	3.5	312
PAY	2021	2	19	7	7.5	5.5	96.19	72.1	1.92	6	0	35	2.2	312
PAY	2021	2	19	8	6.5	5.3	96.22	81.3	2.76	35	0	71	1.4	321
PAY	2021	2	19	9	8.1	5.7	96.26	75.7	3.24	157	182.4192039	91	1.7	278
PAY	2021	2	19	10	9.4	6.4	96.25	69.8	3.36	254	373.8616663	82	2.3	292
PAY	2021	2	19	11	10.8	7.2	96.23	61.3	3.06	453	554.7187272	166	1.7	281
PAY	2021	2	19	12	12.7	8.2	96.16	58.3	4.36	532	596.3913438	216	1.3	283
PAY	2021	2	19	13	14.2	8.3	96.12	43.9	2.98	511	577.8796439	224	3.5	286
PAY	2021	2	19	14	14.3	8.4	96.08	48.3	3.96	453	621.3979903	192	2.9	287
PAY	2021	2	19	15	14.1	8.6	96.05	48	3.7	338	717.5210045	119	2.3	287
PAY	2021	2	19	16	13.9	8.8	96.05	50	3.9	167	737.183184	49	1.8	288
PAY	2021	2	19	17	10.8	8.5	96.05	69.2	4.64	57	0	0	1.7	286
PAY	2021	2	19	18	7.3	7	96.07	80.9	3.48	0	0	0	1.8	279
PAY	2021	2	19	19	6.6	5.9	96.13	81.3	2.86	0	0	0	1.3	275
PAY	2021	2	19	20	4.6	4.7	96.16	87.6	2.12	0	0	0	1.7	272
PAY	2021	2	19	21	4.5	4.1	96.18	86.6	1.82	0	0	0	1.5	270
PAY	2021	2	19	22	4.6	3.7	96.19	85.5	1.7	0	0	0	2.5	270
PAY	2021	2	19	23	2.6	2.7	96.19	93.1	1.22	0	0	0	2.1	269
PAY	2021	2	20	0	2.3	2.6	96.19	93.7	1.04	0	0	0	1.6	263
PAY	2021	2	20	1	2.6	2.3	96.2	91.6	0.92	0	0	0	1.5	259
PAY	2021	2	20	2	2.4	1.9	96.21	90.3	0.46	0	0	0	1.5	258
PAY	2021	2	20	3	1.7	1.2	96.16	92.9	0.28	0	0	0	1.9	256
PAY	2021	2	20	4	0.5	0.5	96.14	95.1	-0.48	0	0	0	1.3	251
PAY	2021	2	20	5	0.5	0.3	96.16	94.9	-0.52	0	0	0	1.1	250
PAY	2021	2	20	6	0.9	0.5	96.18	95.4	-0.02	0	0	0	1.9	249
PAY	2021	2	20	7	0.2	0.1	96.23	95.6	-0.68	7	0	13	1.5	248
PAY	2021	2	20	8	1.8	0.5	96.28	93.8	0.56	121	430.7489916	20	1.1	247
PAY	2021	2	20	9	5	3.1	96.29	83.9	1.78	276	555.708158	72	1.2	251
PAY	2021	2	20	10	7.5	4.6	96.27	76.1	2.72	407	642.4401303	108	1.3	256
PAY	2021	2	20	11	8.9	6.2	96.22	69.7	2.84	520	740.3525014	133	1.5	262
PAY	2021	2	20	12	10.9	7.3	96.17	68.7	4.64	573	934.3460679	73	2.1	266
PAY	2021	2	20	13	12.3	8.1	96.1	61.2	4.54	559	886.7999599	114	1.8	270
PAY	2021	2	20	14	13	8.8	96.05	57.9	4.58	491	983.4917356	73	1.9	274
PAY	2021	2	20	15	13	8.8	96.01	56.8	4.36	373	970.9270591	72	2.2	275
PAY	2021	2	20	16	13.1	8.9	96	56	4.3	215	1000	48	1.8	275
PAY	2021	2	20	17	9.5	7.9	96	70.2	3.54	48	0	0	2.1	273
PAY	2021	2	20	18	7.8	6.2	96.04	77.6	3.32	0	0	0	1	269
PAY	2021	2	20	19	4.8	5.2	96.08	90	2.8	0	0	0	1.3	266
PAY	2021	2	20	20	4.8	4.6	96.1	90.1	2.82	0	0	0	1.6	264
PAY	2021	2	20	21	3.7	3.6	96.11	92.6	2.22	0	0	0	1.7	260
PAY	2021	2	20	22	4.3	3.1	96.13	89	2.1	0	0	0	1.9	257
PAY	2021	2	20	23	4	2.9	96.15	85.3	1.06	0	0	0	1.5	253
PAY	2021	2	21	0	1	1.8	96.16	95.3	0.06	0	0	0	0.8	250
PAY	2021	2	21	1	0.3	0.7	96.16	95.3	-0.64	0	0	0	1.2	246
PAY	2021	2	21	2	0.6	0.6	96.14	92.6	-0.88	0	0	0	1.2	245
PAY	2021	2	21	3	0.2	-0.1	96.14	87.3	-2.34	0	0	0	1.4	242
PAY	2021	2	21	4	-0.5	-0.7	96.15	90.5	-2.4	0	0	0	1	242
PAY	2021	2	21	5	0.1	-0.6	96.17	86.7	-2.56	0	0	0	1.1	242
PAY	2021	2	21	6	-0.1	-0.9	96.15	86.1	-2.88	0	0	0	1	241
PAY	2021	2	21	7	-1.4	-1.6	96.18	91.8	-3.04	6	0	34	0.9	236
PAY	2021	2	21	8	0.8	-0.7	96.2	87.6	-1.68	134	133.4911903	102	0.9	235
PAY	2021	2	21	9	3.1	1.1	96.19	86.9	0.48	293	370.5284705	155	1	237
PAY	2021	2	21	10	6.9	3.2	96.15	66.8	0.26	427	407.8171901	235	1	246
PAY	2021	2	21	11	8.5	5.2	96.11	62.9	1.08	544	547.2501407	255	1.7	252
PAY	2021	2	21	12	10.5	6.5	96.06	57.5	2	590	621.7260787	254	1.5	258
PAY	2021	2	21	13	12.6	7.7	95.97	51.3	2.86	574	1000	45	1.6	265
PAY	2021	2	21	14	13.4	8.4	95.91	52.5	3.9	504	974.3826431	85	2.3	269
PAY	2021	2	21	15	13.6	8.6	95.88	52.1	4.02	384	822.7201891	125	1.7	271
PAY	2021	2	21	16	13.5	8.3	95.86	47.3	2.96	228	1000	51	1.6	271
PAY	2021	2	21	17	10.6	8	95.85	63	3.2	64	0	0	1.9	269
PAY	2021	2	21	18	7.8	6.2	95.88	70.1	1.82	0	0	0	1.5	266
PAY	2021	2	21	19	5.8	4.8	95.9	80.7	1.94	0	0	0	1.1	263
PAY	2021	2	21	20	4.3	4	95.92	87.1	1.72	0	0	0	1	258
PAY	2021	2	21	21	4	3.5	95.99	86.9	1.38	0	0	0	1.7	256
PAY	2021	2	21	22	2.9	2.9	96.05	89.6	0.82	0	0	0	2.1	253
PAY	2021	2	21	23	1.7	1.8	96.09	91	-0.1	0	0	0	1.9	251
PAY	2021	2	22	0	1.3	1.4	96.13	93	-0.1	0	0	0	1.5	247
PAY	2021	2	22	1	1	0.9	96.2	90.3	-0.94	0	0	0	1.7	247
PAY	2021	2	22	2	1	0.4	96.22	88.3	-1.34	0	0	0	1.4	252
PAY	2021	2	22	3	0.7	0.1	96.23	89.9	-1.32	0	0	0	1.5	255
PAY	2021	2	22	4	0.6	-0.2	96.26	89.5	-1.5	0	0	0	0.9	252
PAY	2021	2	22	5	-0.2	-0.2	96.32	92.8	-1.64	0	0	0	0.9	253
PAY	2021	2	22	6	-0.3	-0.6	96.32	92.5	-1.8	0	0	0	1.4	255
PAY	2021	2	22	7	-0.4	-0.7	96.37	93.3	-1.74	9	0	34	1.6	270
PAY	2021	2	22	8	1.6	0.2	96.45	85.5	-1.3	68	0	71	1.4	283
PAY	2021	2	22	9	2.4	1.4	96.48	86.8	-0.24	109	0	166	1	292
PAY	2021	2	22	10	4	2.2	96.48	82.5	0.5	134	0	216	1	300
PAY	2021	2	22	11	5	3	96.5	73.3	-0.34	168	0	251	0.9	306
PAY	2021	2	22	12	6.2	3.9	96.5	76.5	1.5	173	0	273	1.4	312
PAY	2021	2	22	13	8.8	5	96.48	63.3	1.46	305	193.3017295	206	1.2	299
PAY	2021	2	22	14	8.9	5.8	96.51	64.6	1.82	279	190.7969133	196	1.5	294
PAY	2021	2	22	15	9.3	6.2	96.59	66.4	2.58	202	294.1130616	108	1.2	300
PAY	2021	2	22	16	8.8	6.3	96.63	67.1	2.22	81	138.09571	57	0.6	294
PAY	2021	2	22	17	8.1	6	96.74	72.8	2.66	26	0	0	1.4	290
PAY	2021	2	22	18	5.7	5	96.87	83.1	2.32	0	0	0	1.1	287
PAY	2021	2	22	19	5.2	4.3	96.96	84.8	2.16	0	0	0	1.2	286
PAY	2021	2	22	20	4	3.6	97.02	87.9	1.58	0	0	0	1.2	274
PAY	2021	2	22	21	3.8	3.2	97.1	88	1.4	0	0	0	1.2	272
PAY	2021	2	22	22	3.2	2.7	97.17	88.2	0.84	0	0	0	1.3	278
PAY	2021	2	22	23	2.4	2.1	97.24	91.1	0.62	0	0	0	1.4	269
PAY	2021	2	23	0	2.7	1.9	97.29	88.5	0.4	0	0	0	1	266
PAY	2021	2	23	1	2.1	1.8	97.33	88.9	-0.12	0	0	0	1	266
PAY	2021	2	23	2	1.9	1.1	97.38	87.5	-0.6	0	0	0	1.4	263
PAY	2021	2	23	3	1.3	0.6	97.39	87.9	-1.12	0	0	0	1	262
PAY	2021	2	23	4	1.4	0.4	97.46	88.2	-0.96	0	0	0	1.3	262
PAY	2021	2	23	5	0.3	0.3	97.5	91.8	-1.34	0	0	0	1.1	263
PAY	2021	2	23	6	0.5	0.1	97.54	89.7	-1.56	0	0	0	1.1	262
PAY	2021	2	23	7	-0.1	0.1	97.6	92.5	-1.6	12	0	42	1.2	262
PAY	2021	2	23	8	2.4	0.7	97.67	85.8	-0.44	105	0	123	1.1	261
PAY	2021	2	23	9	5.8	3	97.69	79.3	1.66	246	198.3018731	170	1.5	264
PAY	2021	2	23	10	7.6	4.5	97.72	69.9	1.58	376	319.7210323	222	1.4	269
PAY	2021	2	23	11	8.9	5.7	97.76	64	1.7	480	436.0692752	245	2.1	274
PAY	2021	2	23	12	10.6	6.4	97.75	57.3	2.06	522	782.1187668	91	1.7	279
PAY	2021	2	23	13	13	7.5	97.71	55.2	4.04	511	852.4445119	70	1.3	285
PAY	2021	2	23	14	13.6	8.3	97.66	48.8	3.36	449	859.0530803	71	1	289
PAY	2021	2	23	15	14.3	9	97.64	49.4	4.18	333	727.500573	97	1.4	293
PAY	2021	2	23	16	14	9.1	97.66	47.4	3.48	185	790.5153011	44	1.5	294
PAY	2021	2	23	17	11	8.4	97.67	66.3	4.26	51	0	0	1.4	292
PAY	2021	2	23	18	8.8	7	97.73	68.5	2.5	1	0	0	1.1	288
PAY	2021	2	23	19	7.8	5.7	97.76	71.7	2.14	0	0	0	1.4	284
PAY	2021	2	23	20	6.3	5	97.78	79.8	2.26	0	0	0	1.5	282
PAY	2021	2	23	21	5.3	4.3	97.82	81.8	1.66	0	0	0	1.2	280
PAY	2021	2	23	22	5.3	4.2	97.84	83.2	1.94	0	0	0	1.5	278
PAY	2021	2	23	23	3.8	3.6	97.84	90.1	1.82	0	0	0	1.2	277
PAY	2021	2	24	0	3.1	3.3	97.85	92	1.5	0	0	0	1.2	275
PAY	2021	2	24	1	3	2.9	97.86	91.5	1.3	0	0	0	1.6	273
PAY	2021	2	24	2	2.7	2.6	97.84	92.7	1.24	0	0	0	1.3	271
PAY	2021	2	24	3	1.4	2	97.82	93.9	0.18	0	0	0	1.1	270
PAY	2021	2	24	4	2.1	1.8	97.8	92.7	0.64	0	0	0	1	269
PAY	2021	2	24	5	1.1	1.3	97.79	94.2	-0.06	0	0	0	0.8	267
PAY	2021	2	24	6	1	1.1	97.78	92.5	-0.5	0	0	0	1.2	265
PAY	2021	2	24	7	1.9	1.1	97.78	90.5	0	12	0	48	1.4	265
PAY	2021	2	24	8	3.4	1.8	97.79	92.7	1.94	107	0	107	0.8	265
PAY	2021	2	24	9	5.8	3.8	97.78	79.3	1.66	251	282.980141	141	1.2	268
PAY	2021	2	24	10	8	5	97.75	69.1	1.82	384	418.7629367	180	1	273
PAY	2021	2	24	11	10.6	6.8	97.71	61.2	2.84	487	698.0937412	107	1.3	279
PAY	2021	2	24	12	12.1	7.7	97.61	57.1	3.52	533	866.2809756	51	1.6	285
PAY	2021	2	24	13	14	8.6	97.51	51.7	4.34	530	836.328653	93	1.5	289
PAY	2021	2	24	14	15.3	9.8	97.43	54.1	6.12	478	635.9269711	195	1.8	291
PAY	2021	2	24	15	15.4	10.1	97.37	52.5	5.9	359	677.4243829	136	2	293
PAY	2021	2	24	16	15.2	10	97.35	50.9	5.38	211	956.6311306	36	1.6	292
PAY	2021	2	24	17	13.1	9.6	97.34	59.9	5.08	62	0	0	1.3	290
PAY	2021	2	24	18	9.7	8.1	97.35	75	4.7	1	0	0	1.2	284
PAY	2021	2	24	19	7.5	6.8	97.37	83.1	4.12	0	0	0	1	280
PAY	2021	2	24	20	5.4	5.8	97.37	89.1	3.22	0	0	0	1.1	277
PAY	2021	2	24	21	6.3	5.3	97.39	86.1	3.52	0	0	0	1.9	275
PAY	2021	2	24	22	5.5	4.7	97.38	89.9	3.48	0	0	0	1.2	271
PAY	2021	2	24	23	4.2	4.1	97.38	91.4	2.48	0	0	0	1.7	268
PAY	2021	2	25	0	3.8	3.6	97.37	91.4	2.08	0	0	0	1.6	265
PAY	2021	2	25	1	3.8	3.2	97.39	92.3	2.26	0	0	0	1.4	261
PAY	2021	2	25	2	2.4	2.4	97.36	91.4	0.68	0	0	0	1.4	258
PAY	2021	2	25	3	1.9	1.9	97.33	94	0.7	0	0	0	1	257
PAY	2021	2	25	4	1.5	1.6	97.33	91.6	-0.18	0	0	0	1.2	254
PAY	2021	2	25	5	1.2	1	97.33	94.4	0.08	0	0	0	1.3	253
PAY	2021	2	25	6	0.3	0.3	97.31	93.5	-1	0	0	0	1	251
PAY	2021	2	25	7	0.2	0.3	97.33	94.2	-0.96	14	0	49	1.3	249
PAY	2021	2	25	8	3	1.2	97.34	87.2	0.44	139	42.1144918	128	1.1	250
PAY	2021	2	25	9	6.4	3.5	97.33	70	0.4	302	276.4942857	193	0.7	252
PAY	2021	2	25	10	8.5	5.2	97.31	69.4	2.38	438	385.6661663	248	1.4	259
PAY	2021	2	25	11	11.4	7.2	97.28	63.1	4.02	552	585.6782877	230	1.8	267
PAY	2021	2	25	12	13.1	8.2	97.22	56.2	4.34	597	647.9826878	233	1.8	273
PAY	2021	2	25	13	15.6	9.6	97.13	51.3	5.86	581	699.2489319	212	1.4	280
PAY	2021	2	25	14	15.5	10	97.1	49.2	5.34	514	713.306945	193	2.8	283
PAY	2021	2	25	15	15.4	9.9	97.07	48.7	5.14	394	790.4840331	130	1.9	284
PAY	2021	2	25	16	15.2	9.9	97.07	47.8	4.76	236	965.3420331	55	1.7	285
PAY	2021	2	25	17	12.5	9.1	97.11	63.1	5.12	66	0	0	1	286
PAY	2021	2	25	18	8.2	7.8	97.17	81.2	4.44	1	0	0	0.9	283
PAY	2021	2	25	19	8.6	6.6	97.21	71	2.8	0	0	0	1.5	280
PAY	2021	2	25	20	6.4	5.7	97.24	83.3	3.06	0	0	0	2.4	277
PAY	2021	2	25	21	6.4	5.5	97.3	83.5	3.1	0	0	0	2.2	275
PAY	2021	2	25	22	5.3	4.6	97.33	86.9	2.68	0	0	0	1.3	273
PAY	2021	2	25	23	4.4	3.6	97.33	88	2	0	0	0	1.5	271
PAY	2021	2	26	0	5.7	3.7	97.34	75.5	0.8	0	0	0	1.9	271
PAY	2021	2	26	1	4	3.2	97.34	82	0.4	0	0	0	1.4	271
PAY	2021	2	26	2	4.1	2.5	97.33	81.3	0.36	0	0	0	1.1	265
PAY	2021	2	26	3	3.1	2.1	97.29	86.1	0.32	0	0	0	1	262
PAY	2021	2	26	4	1.4	1.7	97.3	93.5	0.1	0	0	0	0.8	261
PAY	2021	2	26	5	2.7	1.4	97.29	84.9	-0.32	0	0	0	1.3	257
PAY	2021	2	26	6	1.9	0.7	97.27	87.7	-0.56	0	0	0	1.5	256
PAY	2021	2	26	7	1.8	0.6	97.29	86.4	-0.92	16	64.81211019	9	1.2	254
PAY	2021	2	26	8	3.3	1.4	97.3	85.5	0.4	133	311.2382793	50	1.1	254
PAY	2021	2	26	9	7.2	3.9	97.29	67.7	0.74	276	502.8062416	75	1.1	259
PAY	2021	2	26	10	8.6	5.3	97.27	66.7	1.94	411	377.3720833	223	1.4	265
PAY	2021	2	26	11	10.1	6.3	97.25	56.7	1.44	524	457.4483874	270	1.4	270
PAY	2021	2	26	12	12.4	7.7	97.17	51.4	2.68	555	631.2921957	197	1.6	285
PAY	2021	2	26	13	13.7	7.9	97.09	47.6	3.22	559	613.6288467	232	1.9	294
PAY	2021	2	26	14	13.8	8.5	97.05	47.6	3.32	330	389.0035141	153	1.6	321
PAY	2021	2	26	15	13.5	8.7	97.05	53	4.1	195	194.8335137	129	1.8	330
PAY	2021	2	26	16	13.5	8.6	97.05	50.4	3.58	84	98.92857362	65	1.7	339
PAY	2021	2	26	17	11.9	8.3	97.05	60	3.9	29	0	0	1.7	338
PAY	2021	2	26	18	11.9	8.3	97.06	61.7	4.24	1	0	0	1.6	337
PAY	2021	2	26	19	10.7	8	97.04	67.8	4.26	0	0	0	1.5	329
PAY	2021	2	26	20	10.3	7.5	97.02	65.5	3.4	0	0	0	1.3	317
PAY	2021	2	26	21	7.8	6.5	97.03	77.3	3.26	0	0	0	1.6	281
PAY	2021	2	26	22	8.1	6.5	97.07	78	3.7	0	0	0	1.8	311
PAY	2021	2	26	23	8.5	6.7	97.1	76.1	3.72	0	0	0	3.7	305
PAY	2021	2	27	0	7.9	6.3	97.15	78.7	3.64	0	0	0	4	303
PAY	2021	2	27	1	7.2	5.9	97.19	83.9	3.98	0	0	0	4	338
PAY	2021	2	27	2	6.8	5.9	97.15	84.2	3.64	0	0	0	5.9	335
PAY	2021	2	27	3	6.1	5.2	97.13	84.8	3.06	0	0	0	6.3	334
PAY	2021	2	27	4	5.8	4.9	97.12	84.6	2.72	0	0	0	4.8	324
PAY	2021	2	27	5	5.9	4.6	97.12	80	1.9	0	0	0	6.1	326
PAY	2021	2	27	6	5.6	4.1	97.15	73.5	0.3	0	0	0	7	329
PAY	2021	2	27	7	5.3	3.4	97.19	71.2	-0.46	2	0	9	7.2	328
PAY	2021	2	27	8	5.2	3.3	97.23	72.6	-0.28	24	0	54	6.2	326
PAY	2021	2	27	9	5.2	3.3	97.22	74.3	0.06	59	0	83	7.2	325
PAY	2021	2	27	10	5.6	3.6	97.2	74.1	0.42	159	0	204	7.1	325
PAY	2021	2	27	11	5.7	3.8	97.19	74	0.5	172	32.10106111	154	7.3	327
PAY	2021	2	27	12	5.8	3.7	97.18	72.1	0.22	116	110.0549107	53	7.9	327
PAY	2021	2	27	13	6	3.8	97.16	70.2	0.04	137	0	157	8.1	327
PAY	2021	2	27	14	6.5	3.9	97.15	68.8	0.26	211	308.6993995	69	8.7	325
PAY	2021	2	27	15	6.8	4.3	97.14	65	-0.2	394	748.1340155	137	8.9	292
PAY	2021	2	27	16	6.8	4.1	97.15	64	-0.4	226	803.6169048	68	8.6	272
PAY	2021	2	27	17	6.6	3.8	97.16	61.6	-1.08	67	0	0	7.6	319
PAY	2021	2	27	18	6.2	3.5	97.18	62.8	-1.24	1	0	0	6.9	324
PAY	2021	2	27	19	5.8	3.3	97.19	64.8	-1.24	0	0	0	6.3	323
PAY	2021	2	27	20	5.4	2.9	97.2	63.3	-1.94	0	0	0	5.7	323
PAY	2021	2	27	21	5	2.6	97.21	65	-2	0	0	0	5.3	322
PAY	2021	2	27	22	4.7	2.4	97.23	65.8	-2.14	0	0	0	5.8	320
PAY	2021	2	27	23	4.4	2.3	97.23	68.1	-1.98	0	0	0	5	320
PAY	2021	2	28	0	4.1	2	97.24	68.3	-2.24	0	0	0	4.3	317
PAY	2021	2	28	1	3.9	1.9	97.23	68.3	-2.44	0	0	0	4.1	318
PAY	2021	2	28	2	3.5	1.6	97.19	70.5	-2.4	0	0	0	3.9	317
PAY	2021	2	28	3	3.3	1.4	97.17	70.5	-2.6	0	0	0	4	316
PAY	2021	2	28	4	3	1.3	97.18	73.8	-2.24	0	0	0	3	316
PAY	2021	2	28	5	2.9	1.2	97.2	73	-2.5	0	0	0	3.6	315
PAY	2021	2	28	6	2.6	1.1	97.2	74.5	-2.5	0	0	0	3.6	315
PAY	2021	2	28	7	2.5	1	97.22	75.4	-2.42	6	0	45	3.3	314
PAY	2021	2	28	8	2.7	1.1	97.25	76.2	-2.06	40	0	62	3.4	314
PAY	2021	2	28	9	3.2	1.3	97.27	75.7	-1.66	100	0	175	3.2	315
PAY	2021	2	28	10	3.6	1.7	97.29	75.2	-1.36	180	0	259	3.4	315
PAY	2021	2	28	11	4.1	2.1	97.3	72.5	-1.4	267	261.3856271	119	3.1	315
PAY	2021	2	28	12	5	2.6	97.27	69.9	-1.02	346	598.8299107	0	2.7	307
PAY	2021	2	28	13	5.9	3.1	97.2	66.5	-0.8	550	1000	0	2.9	258
PAY	2021	2	28	14	6.3	3.7	97.16	64.3	-0.84	519	939.8410768	82	3.1	253
PAY	2021	2	28	15	6.8	4	97.14	65.2	-0.16	400	996.3155114	53	3.6	255
PAY	2021	2	28	16	6.2	4	97.13	66	-0.6	241	850.0799857	70	4.2	254
PAY	2021	2	28	17	5.4	3.4	97.15	69.8	-0.64	80	0	0	3.3	253
PAY	2021	2	28	18	4	2.6	97.19	76.1	-0.78	2	0	0	1.9	251
PAY	2021	2	28	19	1.7	1.6	97.21	86.2	-1.06	0	0	0	1.5	248
PAY	2021	2	28	20	1.5	0.8	97.22	86.8	-1.14	0	0	0	1	246
PAY	2021	2	28	21	0.3	0	97.23	92.9	-1.12	0	0	0	1.1	244
PAY	2021	2	28	22	-0.6	-0.3	97.24	94.7	-1.66	0	0	0	1.1	243
PAY	2021	2	28	23	-0.4	-0.9	97.21	93.6	-1.68	0	0	0	1.9	241
PAY	2021	3	1	0	-1.1	-1.2	97.22	95.7	-1.96	0	0	0	1.1	239
PAY	2021	3	1	1	-1	-1.5	97.21	94.5	-2.1	0	0	0	1.1	239
PAY	2021	3	1	2	-2	-1.8	97.19	98.1	-2.38	0	0	0	1.6	237
PAY	2021	3	1	3	-2	-2.1	97.19	96.7	-2.66	0	0	0	0.9	237
PAY	2021	3	1	4	-2.2	-2.2	97.17	97.5	-2.7	0	0	0	1	237
PAY	2021	3	1	5	-2.5	-2.3	97.17	97.5	-3	0	0	0	1.2	236
PAY	2021	3	1	6	-2	-2.4	97.17	95.7	-2.86	0	0	0	1.2	235
PAY	2021	3	1	7	-2.6	-2.7	97.2	96.9	-3.22	21	0	62	1.2	235
PAY	2021	3	1	8	-0.3	-1.6	97.23	92.8	-1.74	146	7.058139007	144	0.4	236
PAY	2021	3	1	9	1.9	0.3	97.22	86.5	-0.8	302	396.1269594	137	0.7	239
PAY	2021	3	1	10	3.9	1.9	97.2	80.3	-0.04	444	369.0188608	254	1	244
PAY	2021	3	1	11	5.7	3.2	97.18	73.4	0.38	565	713.6561443	157	1.6	248
PAY	2021	3	1	12	7.1	4.3	97.14	67	0.5	616	696.2252857	210	1.4	253
PAY	2021	3	1	13	9.1	5.2	97.07	62.2	1.54	600	871.5769937	122	2	257
PAY	2021	3	1	14	9.7	6	97.01	57.7	1.24	534	878.8340796	121	2.3	261
PAY	2021	3	1	15	10.1	6.5	96.99	58.2	1.74	412	733.6373952	153	2.4	263
PAY	2021	3	1	16	10.3	6.4	96.98	54	1.1	254	870.2146438	75	2.8	263
PAY	2021	3	1	17	8.3	5.8	97	57.9	-0.12	86	1000	0	2.2	262
PAY	2021	3	1	18	6.3	4.3	97.05	64.1	-0.88	2	0	0	1.1	260
PAY	2021	3	1	19	4.3	3	97.08	76.7	-0.36	0	0	0	1	258
PAY	2021	3	1	20	2.9	2.4	97.1	83	-0.5	0	0	0	1.4	255
PAY	2021	3	1	21	2.3	1.7	97.12	85.7	-0.56	0	0	0	1.4	254
PAY	2021	3	1	22	1.6	1.2	97.14	88.3	-0.74	0	0	0	1.6	251
PAY	2021	3	1	23	0.4	0.3	97.17	91.8	-1.24	0	0	0	1.7	248
PAY	2021	3	2	0	0.8	0.1	97.2	90.1	-1.18	0	0	0	1.6	246
PAY	2021	3	2	1	0.2	-0.1	97.22	91.4	-1.52	0	0	0	1.4	244
PAY	2021	3	2	2	-0.4	-0.6	97.22	93.5	-1.7	0	0	0	1.4	242
PAY	2021	3	2	3	-0.9	-1	97.22	94.7	-1.96	0	0	0	1.5	240
PAY	2021	3	2	4	-1.3	-1.1	97.24	93.8	-2.54	0	0	0	1.5	238
PAY	2021	3	2	5	-1	-1.5	97.25	94.1	-2.18	0	0	0	1.3	238
PAY	2021	3	2	6	-2.1	-1.9	97.27	95.8	-2.94	0	0	0	1.5	237
PAY	2021	3	2	7	-1.2	-1.8	97.32	95.4	-2.12	24	0	50	1.6	236
PAY	2021	3	2	8	1.1	-0.5	97.37	87.1	-1.48	170	131.4921704	132	1.1	237
PAY	2021	3	2	9	3.4	1.2	97.41	81.4	-0.32	326	277.1369556	209	1.5	241
PAY	2021	3	2	10	7.1	3.7	97.4	71.6	1.42	464	390.0293737	261	1.3	248
PAY	2021	3	2	11	9	5.1	97.38	58.8	0.76	577	564.7966762	251	1.4	256
PAY	2021	3	2	12	10.6	6	97.31	53.1	1.22	615	608.3335849	257	1.9	261
PAY	2021	3	2	13	12.2	6.8	97.27	45.6	1.32	599	708.0972426	207	1.7	266
PAY	2021	3	2	14	13.6	7.5	97.23	46.1	2.82	534	996.0016067	61	1.8	270
PAY	2021	3	2	15	13.8	7.6	97.21	41.7	2.14	347	846.8964258	44	1.3	273
PAY	2021	3	2	16	12.8	7.4	97.18	41.7	1.14	214	856.2176656	34	1.6	273
PAY	2021	3	2	17	10.6	7	97.21	57.5	2.1	40	945.1808842	0	1.1	281
PAY	2021	3	2	18	7.6	5.9	97.26	67.9	1.18	1	0	0	0.9	280
PAY	2021	3	2	19	6.2	4.4	97.27	70.1	0.22	0	0	0	1.1	278
PAY	2021	3	2	20	5.6	3.8	97.28	74.3	0.46	0	0	0	1.5	280
PAY	2021	3	2	21	4.3	3.5	97.33	82.4	0.78	0	0	0	1.5	286
PAY	2021	3	2	22	4.3	3	97.32	81.4	0.58	0	0	0	1.9	285
PAY	2021	3	2	23	3.3	2.7	97.32	85.7	0.44	0	0	0	2	277
PAY	2021	3	3	0	4.1	2.3	97.32	79.4	-0.02	0	0	0	1.6	282
PAY	2021	3	3	1	3	2.1	97.33	84.1	-0.18	0	0	0	1.3	281
PAY	2021	3	3	2	3.5	2.1	97.3	80.6	-0.38	0	0	0	1.3	293
PAY	2021	3	3	3	3.6	2.2	97.29	79.8	-0.44	0	0	0	1.4	295
PAY	2021	3	3	4	3.8	2	97.3	75.4	-1.12	0	0	0	1.9	286
PAY	2021	3	3	5	2.4	1.5	97.33	83.7	-0.86	0	0	0	1.2	277
PAY	2021	3	3	6	2	1	97.31	84	-1.2	0	0	0	1.1	277
PAY	2021	3	3	7	1.4	0.8	97.35	85.9	-1.42	11	0	64	1.5	275
PAY	2021	3	3	8	2.6	1.3	97.37	83.9	-0.62	65	0	83	1.4	274
PAY	2021	3	3	9	4.5	2.5	97.37	82.1	0.92	137	0	163	0.9	275
PAY	2021	3	3	10	5.5	3.3	97.35	72.1	-0.08	205	163.4735908	119	0.8	277
PAY	2021	3	3	11	7.1	3.8	97.31	65.1	0.12	237	164.7514691	141	0.8	280
PAY	2021	3	3	12	7.6	4.8	97.27	65.7	0.74	245	144.8210166	159	1.1	285
PAY	2021	3	3	13	8.5	5.3	97.19	63.1	1.12	222	0	250	0.8	290
PAY	2021	3	3	14	8.5	5.5	97.14	65.2	1.54	186	145.8804498	116	1.4	291
PAY	2021	3	3	15	8.7	5.8	97.1	65.8	1.86	152	193.0998724	82	1.3	291
PAY	2021	3	3	16	8.3	5.9	97.04	69.6	2.22	103	111.7586564	79	1.3	290
PAY	2021	3	3	17	7.5	5.6	97.01	73.3	2.16	36	771.6078141	0	0.8	295
PAY	2021	3	3	18	6	4.9	97.03	82.3	2.46	1	0	0	0.9	300
PAY	2021	3	3	19	5.8	4.4	97.01	79.6	1.72	0	0	0	0.9	306
PAY	2021	3	3	20	4.7	4	96.99	85.6	1.82	0	0	0	0.6	301
PAY	2021	3	3	21	4.8	3.7	96.97	83.9	1.58	0	0	0	1	305
PAY	2021	3	3	22	4.4	3.5	96.94	86.9	1.78	0	0	0	1.2	306
PAY	2021	3	3	23	4.2	3.4	96.88	86.4	1.48	0	0	0	1.2	315
PAY	2021	3	4	0	4.9	3.4	96.84	78.6	0.62	0	0	0	1.5	311
PAY	2021	3	4	1	4.4	3.3	96.8	83.1	1.02	0	0	0	1.7	314
PAY	2021	3	4	2	4.3	3.3	96.74	85.5	1.4	0	0	0	0.8	320
PAY	2021	3	4	3	3.6	3.2	96.68	87.7	1.14	0	0	0	1.1	306
PAY	2021	3	4	4	3.6	2.9	96.64	88.2	1.24	0	0	0	0.9	313
PAY	2021	3	4	5	3.8	3	96.6	86.9	1.18	0	0	0	0.9	313
PAY	2021	3	4	6	3.3	2.9	96.58	90.8	1.46	0	0	0	1.2	308
PAY	2021	3	4	7	2.8	2.5	96.54	92.2	1.24	12	0	57	0.7	281
PAY	2021	3	4	8	5.5	3	96.53	77.7	1.04	160	279.6862142	76	1.1	265
PAY	2021	3	4	9	8	4.6	96.48	65.1	1.02	300	237.5940155	197	1	287
PAY	2021	3	4	10	8.6	5.3	96.42	65.9	1.78	310	370.515217	113	1.7	308
PAY	2021	3	4	11	12.1	6.3	96.37	45.9	1.28	319	256.7186141	168	1.2	289
PAY	2021	3	4	12	14.1	6.7	96.3	38.2	1.74	582	562.441661	245	4.2	307
PAY	2021	3	4	13	14.3	7	96.19	32.5	0.8	569	847.6736809	91	4.1	300
PAY	2021	3	4	14	13.6	6.8	96.14	36.5	0.9	327	338.2992638	163	4.1	323
PAY	2021	3	4	15	13.3	6.9	96.09	38.5	1	128	32.67762259	116	3.4	339
PAY	2021	3	4	16	12.5	7	96.05	45.1	1.52	121	364.8631455	41	2.7	324
PAY	2021	3	4	17	10.9	7.3	96.08	60.4	2.98	39	764.8967663	0	3.1	335
PAY	2021	3	4	18	9.6	6.8	96.13	64.4	2.48	1	0	0	2.3	340
PAY	2021	3	4	19	7.8	6.5	96.13	83.2	4.44	0	0	0	1.7	341
PAY	2021	3	4	20	8	6.5	96.12	80.8	4.16	0	0	0	2.2	328
PAY	2021	3	4	21	7.6	6.3	96.14	83.3	4.26	0	0	0	1.6	317
PAY	2021	3	4	22	5.6	5.7	96.14	94.1	4.42	0	0	0	1	311
PAY	2021	3	4	23	5.3	5.2	96.12	94.4	4.18	0	0	0	1.2	302
PAY	2021	3	5	0	6.3	5.2	96.11	87.4	3.78	0	0	0	1.4	311
PAY	2021	3	5	1	5.3	5	96.13	94.7	4.24	0	0	0	1.1	323
PAY	2021	3	5	2	5.3	5.1	96.12	96.5	4.6	0	0	0	0.9	329
PAY	2021	3	5	3	5.8	5.2	96.08	92.7	4.34	0	0	0	1.6	330
PAY	2021	3	5	4	5	5.1	96.1	96.6	4.32	0	0	0	1.6	315
PAY	2021	3	5	5	4.1	4.5	96.1	97.9	3.68	0	0	0	1.2	295
PAY	2021	3	5	6	4.3	4.2	96.1	96.6	3.62	0	0	0	1.4	309
PAY	2021	3	5	7	5.2	4.3	96.12	92.6	3.72	11	0	27	1.3	316
PAY	2021	3	5	8	5.5	5	96.18	92.6	4.02	81	39.20961625	69	1.1	310
PAY	2021	3	5	9	7.5	5.9	96.18	83.1	4.12	200	334.6955051	53	1.2	294
PAY	2021	3	5	10	8.9	6.1	96.19	65.1	1.92	334	359.1962403	141	2.2	297
PAY	2021	3	5	11	8.6	6.1	96.19	63.1	1.22	294	74.11313652	250	2.7	316
PAY	2021	3	5	12	8.8	6	96.2	72.9	3.38	320	324.2342151	124	3.3	305
PAY	2021	3	5	13	7.2	5.8	96.23	73.2	1.84	106	0	248	5.5	327
PAY	2021	3	5	14	6.3	4.9	96.26	77.4	1.78	114	0	171	5.3	325
PAY	2021	3	5	15	6.6	4.6	96.29	74.3	1.46	116	29.57569224	105	4.7	323
PAY	2021	3	5	16	6.3	4.4	96.34	75.5	1.4	150	384.3376026	64	4.8	293
PAY	2021	3	5	17	5.1	3.9	96.41	75.2	0.14	72	1000	0	4.9	311
PAY	2021	3	5	18	4.5	3.1	96.5	77.5	0	2	0	0	5.7	317
PAY	2021	3	5	19	4.2	2.9	96.56	79.7	0.14	0	0	0	5.3	321
PAY	2021	3	5	20	3.6	2.6	96.57	80	-0.4	0	0	0	5.2	297
PAY	2021	3	5	21	2.9	2	96.6	82.7	-0.56	0	0	0	4.8	252
PAY	2021	3	5	22	2.5	1.5	96.62	81.8	-1.14	0	0	0	4.5	247
PAY	2021	3	5	23	2.4	1.3	96.64	81.9	-1.22	0	0	0	4.4	283
PAY	2021	3	6	0	2.2	1.3	96.64	82.9	-1.22	0	0	0	4.9	302
PAY	2021	3	6	1	2.3	1	96.65	78.7	-1.96	0	0	0	3.7	294
PAY	2021	3	6	2	2.2	1	96.64	79.6	-1.88	0	0	0	4.3	292
PAY	2021	3	6	3	2	0.8	96.63	78.5	-2.3	0	0	0	4	309
PAY	2021	3	6	4	1.7	0.5	96.64	77.3	-2.84	0	0	0	5	308
PAY	2021	3	6	5	1.4	0.2	96.68	77.2	-3.16	0	0	0	4.4	308
PAY	2021	3	6	6	1	-0.2	96.71	78.2	-3.36	0	0	0	4.5	307
PAY	2021	3	6	7	0.9	-0.3	96.76	78	-3.5	10	0	59	3.8	307
PAY	2021	3	6	8	1.2	-0.3	96.81	78	-3.2	49	0	131	4.4	307
PAY	2021	3	6	9	1.7	0.1	96.84	77.3	-2.84	113	0	226	3.2	308
PAY	2021	3	6	10	2.4	0.7	96.85	74.6	-2.68	195	0	205	2.9	309
PAY	2021	3	6	11	3.5	1.4	96.85	71.8	-2.14	290	30.04123485	272	3.5	311
PAY	2021	3	6	12	4	1.8	96.84	70.3	-1.94	257	282.051114	85	2.8	314
PAY	2021	3	6	13	4	1.9	96.83	69.6	-2.08	204	142.8211606	122	3.1	316
PAY	2021	3	6	14	4.4	2.1	96.81	67.7	-2.06	218	28.3057888	204	2.8	298
PAY	2021	3	6	15	4.6	2.5	96.8	67.9	-1.82	277	366.4215382	139	2.6	283
PAY	2021	3	6	16	4.7	2.5	96.79	67.6	-1.78	214	573.9281683	83	2.7	270
PAY	2021	3	6	17	4.1	2	96.79	66.7	-2.56	92	1000	7	2.5	249
PAY	2021	3	6	18	2.7	1.4	96.81	74.4	-2.42	4	0	0	2	249
PAY	2021	3	6	19	2.3	1	96.82	75.4	-2.62	0	0	0	2	259
PAY	2021	3	6	20	1.3	0.4	96.8	79.4	-2.82	0	0	0	2.7	247
PAY	2021	3	6	21	-0.3	-0.6	96.82	87.3	-2.84	0	0	0	1.1	248
PAY	2021	3	6	22	-0.2	-1.2	96.82	87.1	-2.78	0	0	0	1.5	256
PAY	2021	3	6	23	0.3	-0.9	96.8	86.6	-2.38	0	0	0	1.7	289
PAY	2021	3	7	0	0.4	-0.2	96.77	91.4	-1.32	0	0	0	1.7	299
PAY	2021	3	7	1	1.1	0.2	96.73	85.6	-1.78	0	0	0	1.4	310
PAY	2021	3	7	2	0.8	0.1	96.68	86.4	-1.92	0	0	0	2	283
PAY	2021	3	7	3	0.3	-0.1	96.63	91.7	-1.36	0	0	0	1.7	282
PAY	2021	3	7	4	1	0.2	96.61	86.8	-1.64	0	0	0	1.6	309
PAY	2021	3	7	5	1.3	0.4	96.58	87.4	-1.22	0	0	0	1.1	312
PAY	2021	3	7	6	1.2	0.5	96.58	88.3	-1.14	0	0	0	1	312
PAY	2021	3	7	7	1.5	0.7	96.58	88.2	-0.86	8	0	71	1	318
PAY	2021	3	7	8	2.3	1.2	96.59	87.5	-0.2	51	0	162	0.8	317
PAY	2021	3	7	9	3	1.6	96.57	79.6	-1.08	202	15.53402582	195	1.1	288
PAY	2021	3	7	10	4.9	2.3	96.53	76.7	0.24	369	167.713471	277	1.1	267
PAY	2021	3	7	11	7.3	3.9	96.46	68.2	0.94	528	368.8029678	305	1.3	275
PAY	2021	3	7	12	8.2	5.4	96.39	68.3	1.86	656	728.309606	208	2	271
PAY	2021	3	7	13	8.8	6	96.28	67	2.2	468	564.527816	141	2.5	292
PAY	2021	3	7	14	8.7	6.2	96.22	75.9	3.88	272	112.1158601	216	2.1	319
PAY	2021	3	7	15	9.8	6.4	96.15	59.9	1.78	157	0	167	2.3	310
PAY	2021	3	7	16	8.9	6.6	96.1	72.6	3.42	139	214.8419329	89	1.8	315
PAY	2021	3	7	17	8.9	6.3	96.08	62	1.3	53	797.510129	2	2	325
PAY	2021	3	7	18	7.7	5.6	96.11	71.2	1.94	1	0	0	1.7	325
PAY	2021	3	7	19	6.8	5.3	96.11	75	1.8	0	0	0	2.3	303
PAY	2021	3	7	20	4.5	4.5	96.1	87.4	1.98	0	0	0	1.2	285
PAY	2021	3	7	21	5	4.3	96.1	86.8	2.36	0	0	0	1.4	311
PAY	2021	3	7	22	4.8	4.1	96.09	89.2	2.64	0	0	0	1.5	312
PAY	2021	3	7	23	4.8	3.9	96.08	88.8	2.56	0	0	0	1.4	313
PAY	2021	3	8	0	4.6	3.9	96.04	88.8	2.36	0	0	0	1.2	307
PAY	2021	3	8	1	4.2	3.7	96.03	91.7	2.54	0	0	0	1.2	308
PAY	2021	3	8	2	4	3.6	96	93.3	2.66	0	0	0	1.3	316
PAY	2021	3	8	3	4.2	3.8	95.95	93.8	2.96	0	0	0	1	324
PAY	2021	3	8	4	4.2	3.9	95.96	96.6	3.52	0	0	0	1	333
PAY	2021	3	8	5	4.3	4.1	95.97	95.7	3.44	0	0	0	1.9	327
PAY	2021	3	8	6	4.3	4	95.99	96.8	3.66	0	0	0	1	322
PAY	2021	3	8	7	4.2	3.9	96	92.7	2.74	6	36.56397977	0	1.6	332
PAY	2021	3	8	8	4.5	3.9	96.04	94.9	3.48	68	0	145	1.4	314
PAY	2021	3	8	9	5.2	4.1	96.05	86.2	2.44	172	0	192	2.2	303
PAY	2021	3	8	10	6.6	4.6	96.04	80.5	2.7	413	252.627828	273	3	284
PAY	2021	3	8	11	8.4	5.2	96.01	69.2	2.24	553	609.7040379	181	3.2	268
PAY	2021	3	8	12	9.6	5.8	95.97	57.3	1.06	630	897.789514	73	3.2	267
PAY	2021	3	8	13	9.9	5.6	95.9	50.5	0	624	881.3549069	109	3.4	264
PAY	2021	3	8	14	10.2	5.8	95.85	46.9	-0.42	569	919.997487	105	3.8	265
PAY	2021	3	8	15	10.6	5.8	95.83	49	0.4	443	803.2279621	133	3.6	263
PAY	2021	3	8	16	9.8	5.4	95.79	48.5	-0.5	279	1000	27	4.7	262
PAY	2021	3	8	17	8.2	4.7	95.82	54.5	-0.9	102	1000	10	4.4	259
PAY	2021	3	8	18	5.8	4	95.86	67.6	-0.68	6	0	0	3.2	256
PAY	2021	3	8	19	5	3.1	95.9	68.9	-1.22	0	0	0	2	253
PAY	2021	3	8	20	3.1	2.2	95.9	77.6	-1.38	0	0	0	1.6	250
PAY	2021	3	8	21	3.7	1.6	95.91	69.2	-2.46	0	0	0	1.9	248
PAY	2021	3	8	22	1.4	1	95.94	82.2	-2.16	0	0	0	1.5	246
PAY	2021	3	8	23	1.1	0.3	95.92	80.7	-2.76	0	0	0	0.9	240
PAY	2021	3	9	0	0.7	-0.4	95.9	80.9	-3.12	0	0	0	1.1	237
PAY	2021	3	9	1	-0.1	-0.8	95.91	85	-3.1	0	0	0	0.8	235
PAY	2021	3	9	2	-0.9	-1.3	95.88	86	-3.7	0	0	0	1.1	236
PAY	2021	3	9	3	-1.3	-1.6	95.85	87.4	-3.82	0	0	0	1.3	245
PAY	2021	3	9	4	-0.5	-1.8	95.85	83.2	-3.86	0	0	0	1.5	249
PAY	2021	3	9	5	-1.4	-2	95.86	87.4	-3.92	0	0	0	1.3	234
PAY	2021	3	9	6	-1.9	-2.4	95.88	89	-4.1	0	0	5	1.6	248
PAY	2021	3	9	7	-1.4	-2.1	95.91	90.2	-3.36	48	282.5580223	0	1.1	238
PAY	2021	3	9	8	0.6	-1.1	95.95	82.3	-2.94	154	0	156	0.8	241
PAY	2021	3	9	9	2.7	0.4	95.96	67.7	-3.76	347	324.6265875	197	1.2	253
PAY	2021	3	9	10	3.5	0.6	95.96	63.3	-3.84	355	244.7342752	218	1.5	267
PAY	2021	3	9	11	5	2	95.95	60.5	-2.9	454	425.6053557	192	1.6	268
PAY	2021	3	9	12	6.7	2.9	95.94	55.6	-2.18	581	584.9583653	215	1.6	274
PAY	2021	3	9	13	8.9	3.7	95.88	51.3	-0.84	511	607.4074147	153	2.2	288
PAY	2021	3	9	14	7.2	3.6	95.85	54.5	-1.9	344	424.1992163	128	2.5	299
PAY	2021	3	9	15	7.3	3.8	95.85	53.2	-2.06	294	471.0951156	110	2.3	295
PAY	2021	3	9	16	7.8	4.1	95.86	58.2	-0.56	174	471.7684763	60	1.9	294
PAY	2021	3	9	17	7.2	3.9	95.91	54.8	-1.84	96	1000	10	1.8	287
PAY	2021	3	9	18	5.7	2.7	96	49	-4.5	8	0	0	2.3	255
PAY	2021	3	9	19	4.9	1.7	96.07	51.3	-4.84	0	0	0	2.4	264
PAY	2021	3	9	20	3.8	0.9	96.09	56.1	-4.98	0	0	0	1.7	250
PAY	2021	3	9	21	1.8	0.2	96.11	65.8	-5.04	0	0	0	1	239
PAY	2021	3	9	22	0.6	-0.5	96.15	73.8	-4.64	0	0	0	1.4	240
PAY	2021	3	9	23	-0.1	-1.1	96.15	77.9	-4.52	0	0	0	1.5	240
PAY	2021	3	10	0	-0.4	-1.5	96.14	80.1	-4.38	0	0	0	1.6	236
PAY	2021	3	10	1	-1.5	-2.1	96.18	84.8	-4.54	0	0	0	2.1	232
PAY	2021	3	10	2	-2.3	-2.3	96.15	87.7	-4.76	0	0	0	2.1	231
PAY	2021	3	10	3	-1.6	-2.6	96.15	85.3	-4.54	0	0	0	1.1	229
PAY	2021	3	10	4	-2.5	-2.9	96.19	88.8	-4.74	0	0	0	1.3	229
PAY	2021	3	10	5	-2.5	-3.1	96.26	90.1	-4.48	0	0	0	1.5	228
PAY	2021	3	10	6	-2.3	-3	96.28	88.3	-4.64	1	0	8	1.2	230
PAY	2021	3	10	7	-1.9	-2.8	96.33	87.8	-4.34	40	0	64	1.5	230
PAY	2021	3	10	8	0.9	-1.4	96.37	79.4	-3.22	209	319.5250655	102	1.4	233
PAY	2021	3	10	9	3	0.6	96.4	70.2	-2.96	319	410.4353053	127	1.3	239
PAY	2021	3	10	10	5.5	2	96.37	64.3	-1.64	513	672.0905474	133	1.2	240
PAY	2021	3	10	11	7.4	3.1	96.31	53.8	-1.84	625	817.9804856	117	1.5	248
PAY	2021	3	10	12	8.3	4	96.25	46.1	-2.48	639	730.6562258	178	1.8	255
PAY	2021	3	10	13	8.9	4.2	96.2	42	-2.7	652	607.303105	291	2.5	251
PAY	2021	3	10	14	9.5	4.2	96.13	42	-2.1	576	813.2004742	158	1.8	257
PAY	2021	3	10	15	10.3	4.7	96.06	42	-1.3	455	835.0283035	125	1.7	263
PAY	2021	3	10	16	10.4	5.1	96	42.6	-1.08	247	727.4086058	68	2	262
PAY	2021	3	10	17	8.6	4.5	96.02	51.5	-1.1	109	1000	12	2	271
PAY	2021	3	10	18	7.6	3.9	96	48	-2.8	5	0	0	2.6	299
PAY	2021	3	10	19	7.5	3.4	96.02	47.7	-2.96	0	0	0	2.3	314
PAY	2021	3	10	20	5.8	3	96.03	56.8	-2.84	0	0	0	1.8	301
PAY	2021	3	10	21	6.6	3	96.01	54.5	-2.5	0	0	0	2	313
PAY	2021	3	10	22	7.9	3.3	95.97	45.5	-3	0	0	0	3.8	320
PAY	2021	3	10	23	8.4	3.5	95.9	43.5	-2.9	0	0	0	3.6	323
PAY	2021	3	11	0	8.2	3.6	95.86	45.8	-2.64	0	0	0	4.3	327
PAY	2021	3	11	1	8	3.7	95.83	48.3	-2.34	0	0	0	4.9	329
PAY	2021	3	11	2	8	3.7	95.77	48.2	-2.36	0	0	0	4.4	332
PAY	2021	3	11	3	8.8	3.9	95.73	45.8	-2.04	0	0	0	4.2	335
PAY	2021	3	11	4	9.1	4.6	95.71	47.8	-1.34	0	0	0	6.2	339
PAY	2021	3	11	5	9.2	4.7	95.7	47.1	-1.38	0	0	0	4.4	340
PAY	2021	3	11	6	8.9	4.6	95.72	49	-1.3	0	0	9	5.3	339
PAY	2021	3	11	7	9.6	4.6	95.75	45.6	-1.28	20	0	75	6	335
PAY	2021	3	11	8	10.5	5.3	95.77	45.2	-0.46	80	20.54758388	73	5.9	342
PAY	2021	3	11	9	11	5.9	95.78	46.7	0.34	183	215.4071534	81	6.8	345
PAY	2021	3	11	10	11.4	6.2	95.72	48.1	1.02	151	71.80383867	110	7.3	346
PAY	2021	3	11	11	12.4	7.3	95.63	51.3	2.66	197	90.98544973	140	8.2	347
PAY	2021	3	11	12	12.4	7.9	95.58	57.5	3.9	170	67.59166601	127	8.3	348
PAY	2021	3	11	13	12.9	8.6	95.47	57.7	4.44	191	0	200	8.3	338
PAY	2021	3	11	14	13.2	8.9	95.36	57.6	4.72	92	19.27455197	82	8.4	341
PAY	2021	3	11	15	13.3	9	95.29	58	4.9	78	10.00519734	74	7.7	351
PAY	2021	3	11	16	13.3	9.2	95.23	58.9	5.08	122	95.80917281	98	8.9	346
PAY	2021	3	11	17	12.1	9.1	95.25	66.9	5.48	41	320.4807208	15	9.1	350
PAY	2021	3	11	18	9.6	8.9	95.45	80.4	5.68	0	0	0	10.3	358
PAY	2021	3	11	19	9.5	7.8	95.57	81.4	5.78	0	0	0	8.7	344
PAY	2021	3	11	20	9.9	7.4	95.62	66.7	3.24	0	0	0	8.2	328
PAY	2021	3	11	21	8.7	7	95.68	78.9	4.48	0	0	0	6.1	292
PAY	2021	3	11	22	9.7	6.5	95.77	61.4	1.98	0	0	0	7.9	287
PAY	2021	3	11	23	9.2	6.1	95.82	60.8	1.36	0	0	0	7.3	295
PAY	2021	3	12	0	7.6	5.7	95.88	71.3	1.86	0	0	0	6.7	331
PAY	2021	3	12	1	8	5.2	95.93	62.6	0.52	0	0	0	5.1	318
PAY	2021	3	12	2	7.4	4.2	95.91	54.6	-1.68	0	0	0	6.7	256
PAY	2021	3	12	3	6.3	3.3	95.92	58.7	-1.96	0	0	0	5.8	247
PAY	2021	3	12	4	5.7	2.8	95.94	58.8	-2.54	0	0	0	5.8	244
PAY	2021	3	12	5	4.4	2.1	95.98	64.9	-2.62	0	0	0	3.8	241
PAY	2021	3	12	6	3.4	1.8	96	72.6	-2.08	0	0	12	3.4	253
PAY	2021	3	12	7	4.5	1.9	95.99	67.5	-2	69	0	85	2.8	245
PAY	2021	3	12	8	6.3	3	95.99	63.9	-0.92	230	193.3737993	163	2.6	245
PAY	2021	3	12	9	8.1	4	95.99	55.2	-0.86	404	335.9454357	243	5.3	252
PAY	2021	3	12	10	7.9	4.5	95.95	54.9	-1.12	501	483.8803471	222	6.1	258
PAY	2021	3	12	11	9.1	4.8	95.91	53.5	-0.2	449	303.8513661	257	5.9	274
PAY	2021	3	12	12	8.7	4.5	95.88	49.4	-1.42	286	254.1379404	123	6.4	300
PAY	2021	3	12	13	8.6	4.5	95.86	51.7	-1.06	178	86.02971685	126	4.8	315
PAY	2021	3	12	14	9.4	4.7	95.81	50.2	-0.56	294	194.8072155	192	4.8	297
PAY	2021	3	12	15	10	4.8	95.76	42.8	-1.44	207	170.6373916	138	4.8	296
PAY	2021	3	12	16	9.5	4.6	95.73	39.3	-2.64	235	604.1591076	81	6.4	292
PAY	2021	3	12	17	9.1	4.3	95.72	46.3	-1.64	74	690.8731972	15	6.5	299
PAY	2021	3	12	18	7.8	4.1	95.74	52.2	-1.76	7	0	0	6	258
PAY	2021	3	12	19	6.7	3.6	95.76	55.7	-2.16	0	0	0	4.9	254
PAY	2021	3	12	20	6.6	3.2	95.79	54.6	-2.48	0	0	0	4.9	268
PAY	2021	3	12	21	6.9	3.2	95.81	53.2	-2.46	0	0	0	4.9	298
PAY	2021	3	12	22	7.1	3.4	95.84	54.5	-2	0	0	0	5.6	302
PAY	2021	3	12	23	7.3	3.8	95.85	56.8	-1.34	0	0	0	5.2	324
PAY	2021	3	13	0	6.6	4	95.84	66	-0.2	0	0	0	7.4	316
PAY	2021	3	13	1	6.5	4	95.81	66.3	-0.24	0	0	0	6	308
PAY	2021	3	13	2	5.8	3.7	95.73	69.9	-0.22	0	0	0	4.9	283
PAY	2021	3	13	3	5.5	3.7	95.66	71.7	-0.16	0	0	0	5.1	268
PAY	2021	3	13	4	6.1	3.4	95.62	63.8	-1.14	0	0	0	5.8	256
PAY	2021	3	13	5	6.3	3.3	95.61	61.2	-1.46	0	0	0	5.9	284
PAY	2021	3	13	6	6.4	3.3	95.58	59.5	-1.7	1	0	7	6.1	289
PAY	2021	3	13	7	7	3.5	95.58	55.5	-1.9	57	176.0021883	23	8	279
PAY	2021	3	13	8	7.7	3.9	95.61	55.3	-1.24	170	289.5349227	68	8.7	293
PAY	2021	3	13	9	9.5	4.5	95.54	46.5	-1.2	386	548.4972397	120	9	295
PAY	2021	3	13	10	9.4	4.8	95.44	46.6	-1.28	316	276.5544403	155	10	316
PAY	2021	3	13	11	10.1	5	95.41	46.5	-0.6	293	147.5014356	199	10.4	311
PAY	2021	3	13	12	11.8	5.8	95.3	40.6	-0.08	695	918.6934397	101	11	287
PAY	2021	3	13	13	10.6	5.6	95.25	44.7	-0.46	291	270.7541551	126	11.4	328
PAY	2021	3	13	14	11.5	5.8	95.14	43.5	0.2	383	372.8628886	186	11	319
PAY	2021	3	13	15	10.6	5.7	95.12	44.3	-0.54	238	347.2586093	96	11.7	326
PAY	2021	3	13	16	10.4	5.4	95.1	45.3	-0.54	133	219.8365623	76	11	326
PAY	2021	3	13	17	5.9	5	95.29	82.8	2.46	12	0	17	10.3	337
PAY	2021	3	13	18	5.1	4.2	95.32	87.1	2.52	0	0	0	6.5	335
PAY	2021	3	13	19	5.5	4.3	95.27	83.8	2.26	0	0	0	6.6	330
PAY	2021	3	13	20	5.7	4.2	95.31	78.7	1.44	0	0	0	8.3	306
PAY	2021	3	13	21	6.1	3.9	95.32	70.3	0.16	0	0	0	8	300
PAY	2021	3	13	22	5.9	4	95.32	74	0.7	0	0	0	8.1	326
PAY	2021	3	13	23	3.7	3.4	95.24	85.9	0.88	0	0	0	8.9	331
PAY	2021	3	14	0	2.6	2.8	95.32	89.1	0.42	0	0	0	5.5	324
PAY	2021	3	14	1	3.4	2.3	95.32	85.3	0.46	0	0	0	5.7	320
PAY	2021	3	14	2	3.5	2.3	95.33	81.5	-0.2	0	0	0	6.2	306
PAY	2021	3	14	3	3.3	1.7	95.46	74.5	-1.8	0	0	0	7	294
PAY	2021	3	14	4	3.2	1.3	95.6	66.9	-3.42	0	0	0	5.6	297
PAY	2021	3	14	5	2.9	0.8	95.65	68.3	-3.44	0	0	0	5.2	303
PAY	2021	3	14	6	1.2	0.6	95.75	88.7	-1.06	0	0	15	5.6	276
PAY	2021	3	14	7	2.4	0.7	95.78	72.7	-3.06	32	0	95	5.9	295
PAY	2021	3	14	8	4.1	1.1	95.82	54.4	-5.02	277	293.2143131	172	5.5	280
PAY	2021	3	14	9	3.6	1.4	95.87	69.2	-2.56	196	0	210	5.9	302
PAY	2021	3	14	10	5	2.4	95.85	67.9	-1.42	471	411.7586223	229	6.1	286
PAY	2021	3	14	11	4.1	2	95.9	67	-2.5	243	0	309	6.5	301
PAY	2021	3	14	12	3.9	2	95.9	73.3	-1.44	180	0	260	6	311
PAY	2021	3	14	13	3.4	2.2	95.9	81.1	-0.38	185	0	293	6.1	319
PAY	2021	3	14	14	4.4	2.6	95.92	73.7	-0.86	195	0	235	5.4	316
PAY	2021	3	14	15	4.3	2.8	95.98	82.8	0.86	136	0	175	4.9	323
PAY	2021	3	14	16	4.7	3.2	95.99	77.5	0.2	126	83.44445436	104	5	314
PAY	2021	3	14	17	4.8	3	96.01	73.5	-0.5	30	95.83909701	21	4.6	317
PAY	2021	3	14	18	3.1	2.6	96.08	88.4	0.78	0	0	0	4.4	320
PAY	2021	3	14	19	2.3	1.9	96.13	90.9	0.48	0	0	0	4.9	315
PAY	2021	3	14	20	3.2	2.1	96.16	84.9	0.18	0	0	0	4.4	312
PAY	2021	3	14	21	2.7	2.1	96.17	89.4	0.58	0	0	0	4.2	305
PAY	2021	3	14	22	2.5	2	96.15	91	0.7	0	0	0	5.4	300
PAY	2021	3	14	23	2.8	2.2	96.16	90.8	0.96	0	0	0	4.6	312
PAY	2021	3	15	0	3.5	2.4	96.11	83.6	0.22	0	0	0	4.2	321
PAY	2021	3	15	1	3.2	2.4	96.12	85	0.2	0	0	0	5.3	308
PAY	2021	3	15	2	3.2	2.2	96.07	82.9	-0.22	0	0	0	5	300
PAY	2021	3	15	3	2.7	1.8	95.98	88.6	0.42	0	0	0	4.9	316
PAY	2021	3	15	4	2.5	2	95.93	92.1	0.92	0	0	0	5.1	319
PAY	2021	3	15	5	2.5	1.9	95.91	89.8	0.46	0	0	0	5.3	310
PAY	2021	3	15	6	2.5	1.9	95.86	90.2	0.54	1	0	19	5.1	318
PAY	2021	3	15	7	2	1.7	95.83	91.5	0.3	4	0	75	5.7	321
PAY	2021	3	15	8	2.1	1.6	95.85	91.5	0.4	40	0	120	5.4	321
PAY	2021	3	15	9	2.7	2	95.89	91.7	1.04	71	0	238	5.7	322
PAY	2021	3	15	10	3	2.3	95.89	90.7	1.14	160	0	205	6.1	323
PAY	2021	3	15	11	3.8	2.8	95.88	87	1.2	197	13.88885204	188	6.4	318
PAY	2021	3	15	12	4.5	3.2	95.89	84	1.3	297	207.0447092	161	6.9	319
PAY	2021	3	15	13	5.3	3.9	95.84	81.1	1.52	434	314.8935967	239	6.4	317
PAY	2021	3	15	14	4.5	3.9	95.81	83.3	1.16	321	284.5130851	168	6.6	318
PAY	2021	3	15	15	4.1	3.5	95.85	86.3	1.36	71	0	85	5.5	329
PAY	2021	3	15	16	4.1	3.2	95.93	89.3	1.96	109	212.6916156	52	3.8	319
PAY	2021	3	15	17	4.4	3.4	95.99	87.3	1.86	47	417.7571137	6	4	300
PAY	2021	3	15	18	4.2	3.5	96.09	87.2	1.64	1	0	0	3.1	318
PAY	2021	3	15	19	3.4	3	96.16	90.3	1.46	0	0	0	3.5	270
PAY	2021	3	15	20	3.3	2.6	96.19	87.5	0.8	0	0	0	2.6	300
PAY	2021	3	15	21	1.7	1.8	96.27	94.4	0.58	0	0	0	2.6	299
PAY	2021	3	15	22	1.5	1.2	96.26	92.9	0.08	0	0	0	2.8	260
PAY	2021	3	15	23	1.6	1.3	96.3	95.3	0.66	0	0	0	2.8	288
PAY	2021	3	16	0	2.1	1.5	96.37	90.2	0.14	0	0	0	2.9	279
PAY	2021	3	16	1	1.9	1.6	96.42	89.9	-0.12	0	0	0	2.7	286
PAY	2021	3	16	2	1.7	1.1	96.43	89.3	-0.44	0	0	0	2.3	245
PAY	2021	3	16	3	1.1	0.8	96.46	93.3	-0.24	0	0	0	2	297
PAY	2021	3	16	4	1.3	0.8	96.51	91.7	-0.36	0	0	0	1.6	278
PAY	2021	3	16	5	1	0.7	96.58	93.7	-0.26	0	0	0	1.4	300
PAY	2021	3	16	6	1.3	0.9	96.63	91.8	-0.34	0	0	22	2	302
PAY	2021	3	16	7	1.7	1	96.68	88.9	-0.52	22	0	91	2.5	299
PAY	2021	3	16	8	2.7	1.3	96.75	81.7	-0.96	50	0	67	1.9	304
PAY	2021	3	16	9	3.8	1.8	96.82	73.9	-1.42	183	0	191	2.4	299
PAY	2021	3	16	10	4.6	2	96.84	64.5	-2.5	276	233.8069635	136	2.4	301
PAY	2021	3	16	11	5	2	96.82	59.3	-3.14	251	64.28668116	209	2.7	306
PAY	2021	3	16	12	4.8	2	96.84	59.2	-3.36	171	0	194	2.6	310
PAY	2021	3	16	13	5.5	2.1	96.79	60.7	-2.36	307	73.70199105	261	1.8	304
PAY	2021	3	16	14	5.9	2.5	96.75	55.2	-3.06	395	291.2844234	237	3.4	294
PAY	2021	3	16	15	5.9	2.6	96.72	55.7	-2.96	372	729.1306526	64	3.1	291
PAY	2021	3	16	16	5.5	2.5	96.69	61.2	-2.26	153	205.6416652	97	2.9	303
PAY	2021	3	16	17	5.1	2.1	96.68	56.2	-3.66	45	263.7600001	18	2.6	309
PAY	2021	3	16	18	4.4	2.1	96.69	64.3	-2.74	4	0	0	2.5	314
PAY	2021	3	16	19	3.2	1.7	96.69	76.9	-1.42	0	0	0	3.3	313
PAY	2021	3	16	20	2.4	1.6	96.66	87.3	-0.14	0	0	0	3.5	316
PAY	2021	3	16	21	1.9	1.5	96.62	92.2	0.34	0	0	0	3	321
PAY	2021	3	16	22	1.8	1.4	96.58	92.5	0.3	0	0	0	2.1	324
PAY	2021	3	16	23	1.4	1.1	96.5	94.3	0.26	0	0	0	2.3	321
PAY	2021	3	17	0	1.2	1	96.44	94.6	0.12	0	0	0	2.3	320
PAY	2021	3	17	1	1.2	0.8	96.36	94.6	0.12	0	0	0	2	317
PAY	2021	3	17	2	1.4	1	96.29	93.7	0.14	0	0	0	2	313
PAY	2021	3	17	3	1.5	1.1	96.26	93.3	0.16	0	0	0	1.9	316
PAY	2021	3	17	4	1.4	1.1	96.27	92.9	-0.02	0	0	0	1.6	315
PAY	2021	3	17	5	1.5	1.1	96.26	93.3	0.16	0	0	0	1.6	304
PAY	2021	3	17	6	1.5	1.1	96.29	92.9	0.08	0	0	23	1	307
PAY	2021	3	17	7	1.9	1.3	96.33	93.1	0.52	9	0	65	0.7	311
PAY	2021	3	17	8	2.1	1.5	96.38	90	0.1	49	0	86	1	307
PAY	2021	3	17	9	2.8	1.9	96.4	91.3	1.06	106	3.939146832	104	1.1	314
PAY	2021	3	17	10	3.8	2.6	96.42	82.4	0.28	209	167.1403187	108	1.1	322
PAY	2021	3	17	11	4.3	2.9	96.4	78.9	0.08	258	242.9331828	98	1.8	316
PAY	2021	3	17	12	4.7	3.1	96.41	78.1	0.32	275	245.8634544	111	1.8	314
PAY	2021	3	17	13	4.7	3.2	96.41	78.7	0.44	189	141.498681	100	2.5	316
PAY	2021	3	17	14	6.4	3.6	96.37	68	0	445	632.4733374	99	2.6	291
PAY	2021	3	17	15	6.9	3.8	96.36	60.8	-0.94	480	927.6845803	84	3	290
PAY	2021	3	17	16	5.8	3.3	96.36	60.7	-2.06	305	871.2254721	64	4.3	282
PAY	2021	3	17	17	5	2.5	96.38	64.7	-2.06	66	412.8560461	22	2.9	263
PAY	2021	3	17	18	4.3	2.5	96.41	68.8	-1.94	11	0	0	2.3	288
PAY	2021	3	17	19	2.6	1.6	96.41	78.7	-1.66	0	0	0	1.3	259
PAY	2021	3	17	20	2.5	1.5	96.41	86.3	-0.24	0	0	0	1	302
PAY	2021	3	17	21	2.7	1.7	96.4	84.2	-0.46	0	0	0	1.4	307
PAY	2021	3	17	22	2.5	1.8	96.43	87.7	0.04	0	0	0	2.1	312
PAY	2021	3	17	23	2.1	1.6	96.44	89.3	-0.04	0	0	0	3	311
PAY	2021	3	18	0	1.7	1.4	96.45	93.6	0.42	0	0	0	1.9	314
PAY	2021	3	18	1	1.8	1.4	96.45	95.5	0.9	0	0	0	2.1	315
PAY	2021	3	18	2	1.3	0.7	96.41	82.1	-2.28	0	0	0	4.1	302
PAY	2021	3	18	3	0.6	0.1	96.38	93.5	-0.7	0	0	0	2.9	297
PAY	2021	3	18	4	0.6	0.3	96.4	95	-0.4	0	0	0	2.3	296
PAY	2021	3	18	5	0.8	0.4	96.43	90.8	-1.04	0	0	0	2.9	300
PAY	2021	3	18	6	0.5	-0.1	96.42	87.6	-1.98	2	0	24	3.4	276
PAY	2021	3	18	7	0.5	-0.4	96.42	86.6	-2.18	61	0	66	3.1	231
PAY	2021	3	18	8	2.2	0	96.42	67.7	-4.26	285	514.0300901	89	3.9	225
PAY	2021	3	18	9	1.8	0	96.4	65.8	-5.04	301	375.9422569	108	4.3	252
PAY	2021	3	18	10	3.8	0.6	96.35	60	-4.2	582	770.7999238	112	4.3	269
PAY	2021	3	18	11	3.6	1.4	96.29	60.1	-4.38	794	1000	102	5.3	288
PAY	2021	3	18	12	2.8	0.5	96.3	61.5	-4.9	228	166.6479929	116	5.2	296
PAY	2021	3	18	13	4.5	0.9	96.25	54.5	-4.6	434	514.3631008	108	5.6	288
PAY	2021	3	18	14	4.4	0.9	96.2	46.4	-6.32	576	866.4754323	98	5.1	249
PAY	2021	3	18	15	5	1.2	96.15	49.9	-5.02	510	983.0979782	86	4.9	265
PAY	2021	3	18	16	3.8	0.7	96.11	46.6	-6.88	299	825.906648	67	4.9	262
PAY	2021	3	18	17	2.6	0.5	96.1	60	-5.4	176	1000	24	4.4	251
PAY	2021	3	18	18	1.3	-0.5	96.1	65.9	-5.52	21	0	0	2.6	226
PAY	2021	3	18	19	0.1	-1.1	96.07	73.6	-5.18	0	0	0	1.5	228
PAY	2021	3	18	20	0.1	-1.6	96.05	70.6	-5.78	0	0	0	1.4	225
PAY	2021	3	18	21	-1.2	-2.1	96.01	81.7	-4.86	0	0	0	0.9	224
PAY	2021	3	18	22	-1.5	-2.3	95.96	82.9	-4.92	0	0	0	1.2	235
PAY	2021	3	18	23	-1.6	-2.3	95.91	86.4	-4.32	0	0	0	1.2	260
PAY	2021	3	19	0	-1.6	-2.2	95.87	87.4	-4.12	0	0	0	0.7	270
PAY	2021	3	19	1	-1.5	-2	95.85	89.2	-3.66	0	0	0	0.4	263
PAY	2021	3	19	2	-1.9	-2.3	95.8	90.1	-3.88	0	0	0	1	254
PAY	2021	3	19	3	-1.8	-2.4	95.78	87.3	-4.34	0	0	0	0.3	256
PAY	2021	3	19	4	-2.2	-2.6	95.73	91.1	-3.98	0	0	0	0.5	256
PAY	2021	3	19	5	-2.8	-2.9	95.68	92.4	-4.32	0	0	0	0.8	223
PAY	2021	3	19	6	-3.3	-3.5	95.71	94.4	-4.42	3	0	26	0.9	215
PAY	2021	3	19	7	-1.4	-3.3	95.74	81.2	-5.16	106	170.7608947	67	1.1	215
PAY	2021	3	19	8	0.1	-1.6	95.79	80.4	-3.82	284	498.6078766	91	2.2	219
PAY	2021	3	19	9	2.3	-0.2	95.78	64.8	-4.74	451	660.8744426	108	3.6	224
PAY	2021	3	19	10	3.8	0.7	95.76	54.9	-5.22	613	807.8635737	116	4.7	232
PAY	2021	3	19	11	4.8	1.3	95.75	53.4	-4.52	709	893.7198672	111	5.4	241
PAY	2021	3	19	12	4.5	1.2	95.77	46.7	-6.16	477	521.3570414	124	5.8	248
PAY	2021	3	19	13	6	1.5	95.75	38.6	-6.28	616	795.5262801	108	5.8	244
PAY	2021	3	19	14	6.7	1.6	95.74	41	-5.1	552	803.6261605	105	5.6	260
PAY	2021	3	19	15	5	1.6	95.76	44.5	-6.1	384	667.9193271	93	5.5	267
PAY	2021	3	19	16	5.1	1.5	95.79	47.4	-5.42	278	732.9156943	69	5.8	269
PAY	2021	3	19	17	3.7	1.3	95.89	59.7	-4.36	138	974.3461162	26	6	242
PAY	2021	3	19	18	1.9	0.8	95.98	79.6	-2.18	24	0	0	5	247
PAY	2021	3	19	19	1.7	0.2	96.07	74.5	-3.4	0	0	0	4.5	232
PAY	2021	3	19	20	1.6	-0.1	96.14	72.2	-3.96	0	0	0	6.1	251
PAY	2021	3	19	21	0.8	-0.3	96.2	75.4	-4.12	0	0	0	6.6	239
PAY	2021	3	19	22	0.7	-0.8	96.23	73.3	-4.64	0	0	0	5	227
PAY	2021	3	19	23	0.9	-0.7	96.27	74.1	-4.28	0	0	0	4.8	266
PAY	2021	3	20	0	1.2	-0.5	96.29	70.2	-4.76	0	0	0	5.5	293
PAY	2021	3	20	1	0.4	-0.9	96.31	73.9	-4.82	0	0	0	4.8	266
PAY	2021	3	20	2	0	-1.3	96.32	75	-5	0	0	0	4.4	256
PAY	2021	3	20	3	0	-1.5	96.31	72.7	-5.46	0	0	0	5.8	242
PAY	2021	3	20	4	-0.6	-1.8	96.36	71.5	-6.3	0	0	0	6.4	238
PAY	2021	3	20	5	-1.3	-2.5	96.37	74.7	-6.36	0	0	0	4.2	221
PAY	2021	3	20	6	-1.3	-2.7	96.42	72.8	-6.74	3	0	31	3.4	214
PAY	2021	3	20	7	-0.7	-2.6	96.47	69.1	-6.88	87	4.26886384	86	4.4	214
PAY	2021	3	20	8	0.5	-1.9	96.49	63.3	-6.84	260	356.3786791	120	5	233
PAY	2021	3	20	9	1.7	-1.3	96.52	56.5	-7	421	463.1926757	178	6.3	248
PAY	2021	3	20	10	1.9	-1	96.56	57.8	-6.54	414	433.436981	145	6.9	246
PAY	2021	3	20	11	2.6	-0.9	96.55	49.2	-7.56	397	409.305977	121	7.3	228
PAY	2021	3	20	12	3.5	-0.4	96.52	43	-7.9	614	721.3578704	122	7.9	233
PAY	2021	3	20	13	3.8	-0.4	96.46	41.5	-7.9	637	783.44533	133	7.7	228
PAY	2021	3	20	14	4	0	96.49	40.9	-7.82	611	625.9324094	260	7.8	232
PAY	2021	3	20	15	3.8	-0.2	96.49	41.4	-7.92	528	761.2883334	193	7.5	231
PAY	2021	3	20	16	3.4	-0.3	96.49	40.4	-8.52	358	839.673562	115	7	230
PAY	2021	3	20	17	2.7	-0.6	96.49	43.4	-8.62	177	1000	31	6	226
PAY	2021	3	20	18	1.5	-1.5	96.5	46.7	-9.16	22	0	0	5	224
PAY	2021	3	20	19	0.9	-2	96.55	48.5	-9.4	0	0	0	4	223
PAY	2021	3	20	20	0.2	-2.4	96.55	51.9	-9.42	0	0	0	3.7	223
PAY	2021	3	20	21	-0.8	-2.7	96.58	59.3	-8.94	0	0	0	3	226
PAY	2021	3	20	22	-0.7	-3	96.56	55.4	-9.62	0	0	0	2.7	222
PAY	2021	3	20	23	-1.4	-3.4	96.54	62	-9	0	0	0	1.8	228
PAY	2021	3	21	0	-1.1	-3.3	96.52	62.5	-8.6	0	0	0	1.5	259
PAY	2021	3	21	1	-0.4	-2.9	96.51	57.8	-8.84	0	0	0	2.2	272
PAY	2021	3	21	2	-0.6	-2.8	96.46	57.5	-9.1	0	0	0	2.3	272
PAY	2021	3	21	3	-1.5	-3	96.42	68	-7.9	0	0	0	2.1	255
PAY	2021	3	21	4	-2.9	-3.5	96.38	76.5	-7.6	0	0	0	1.8	224
PAY	2021	3	21	5	-1.9	-3.9	96.37	64	-9.1	0	0	0	1.1	220
PAY	2021	3	21	6	-2.2	-4	96.38	65.3	-9.14	4	0	33	1.9	219
PAY	2021	3	21	7	-1.9	-3.8	96.39	68.5	-8.2	69	0	93	2.1	231
PAY	2021	3	21	8	0.3	-2.4	96.38	57.9	-8.12	272	195.6914353	194	2.6	225
PAY	2021	3	21	9	2.9	-1.3	96.35	46.1	-7.88	432	305.5418873	270	3.6	247
PAY	2021	3	21	10	3.9	-0.2	96.35	42.1	-7.68	634	562.293284	282	4.4	239
PAY	2021	3	21	11	5.4	1.3	96.33	44	-5.8	704	535.7072552	340	4.9	241
PAY	2021	3	21	12	6.4	2.2	96.31	45.8	-4.44	728	675.4225126	264	5.1	275
PAY	2021	3	21	13	6.9	2.5	96.23	49.1	-3.28	484	493.8148087	164	4.8	307
PAY	2021	3	21	14	5.8	2.1	96.22	50.1	-4.18	230	206.9832348	113	4.5	313
PAY	2021	3	21	15	5.6	2.1	96.18	51.3	-4.14	191	211.5328474	97	4.7	313
PAY	2021	3	21	16	5.6	2	96.16	52.1	-3.98	176	340.5876576	76	4.3	305
PAY	2021	3	21	17	5.1	1.9	96.16	54.5	-4	88	486.7704049	28	3.7	307
PAY	2021	3	21	18	4.5	1.6	96.18	56.9	-4.12	9	0	0	3.4	298
PAY	2021	3	21	19	3.3	1.3	96.2	64.2	-3.86	0	0	0	2.9	280
PAY	2021	3	21	20	3.6	1.2	96.24	63.9	-3.62	0	0	0	2.7	299
PAY	2021	3	21	21	3.3	1.1	96.22	65.1	-3.68	0	0	0	2.4	302
PAY	2021	3	21	22	3.3	1.1	96.21	65.3	-3.64	0	0	0	2	300
PAY	2021	3	21	23	2.8	0.9	96.18	70.5	-3.1	0	0	0	1.8	300
PAY	2021	3	22	0	2.8	0.9	96.16	70.2	-3.16	0	0	0	1.7	305
PAY	2021	3	22	1	2.7	0.9	96.15	72.2	-2.86	0	0	0	1.5	311
PAY	2021	3	22	2	2.9	1	96.11	72.7	-2.56	0	0	0	1.9	308
PAY	2021	3	22	3	2.8	1.3	96.08	73.5	-2.5	0	0	0	2.1	297
PAY	2021	3	22	4	1.8	0.5	96.1	75.3	-3.14	0	0	0	1.8	242
PAY	2021	3	22	5	1.9	0.4	96.13	77.2	-2.66	0	0	0	2.4	296
PAY	2021	3	22	6	0.9	0.1	96.16	83	-2.5	7	0	34	2.7	258
PAY	2021	3	22	7	2.6	0.6	96.2	76.7	-2.06	118	138.2352362	84	2.9	239
PAY	2021	3	22	8	3.7	1.6	96.23	71.6	-1.98	279	405.6257005	115	4.7	245
PAY	2021	3	22	9	4.3	1.8	96.27	67.6	-2.18	218	61.59421469	185	5.6	254
PAY	2021	3	22	10	4.8	2.1	96.28	62.1	-2.78	340	253.4203715	180	5.8	264
PAY	2021	3	22	11	6.2	2.6	96.29	54	-3	592	639.7877776	154	6	276
PAY	2021	3	22	12	6.1	2.9	96.31	54.4	-3.02	636	750.1421774	117	6.1	284
PAY	2021	3	22	13	6.7	2.9	96.29	53.4	-2.62	617	764.538124	118	6.1	287
PAY	2021	3	22	14	6.1	2.6	96.27	53.7	-3.16	433	566.9380462	110	6.3	284
PAY	2021	3	22	15	6.6	3	96.29	52.1	-2.98	427	735.49666	97	5.9	267
PAY	2021	3	22	16	5.7	2.5	96.3	54.9	-3.32	209	466.7595866	70	6	292
PAY	2021	3	22	17	5.1	2.1	96.37	56.2	-3.66	86	447.4332547	29	6.3	299
PAY	2021	3	22	18	3.7	1.4	96.45	62.2	-3.86	16	0	0	5.4	276
PAY	2021	3	22	19	3.1	1	96.5	65.8	-3.74	0	0	0	4.1	260
PAY	2021	3	22	20	2.6	0.6	96.54	69.1	-3.58	0	0	0	3.8	247
PAY	2021	3	22	21	1.7	0.4	96.55	74.1	-3.48	0	0	0	3.5	246
PAY	2021	3	22	22	1.5	-0.2	96.55	71.2	-4.26	0	0	0	2.2	233
PAY	2021	3	22	23	0.6	-0.7	96.54	74.5	-4.5	0	0	0	2.6	230
PAY	2021	3	23	0	0.3	-1	96.54	76.4	-4.42	0	0	0	2.7	229
PAY	2021	3	23	1	0.5	-1	96.52	76.4	-4.22	0	0	0	3.4	229
PAY	2021	3	23	2	-0.1	-1	96.51	79.9	-4.12	0	0	0	3.2	228
PAY	2021	3	23	3	-0.8	-1.7	96.52	82.3	-4.34	0	0	0	2	226
PAY	2021	3	23	4	-1.6	-2.2	96.54	85.1	-4.58	0	0	0	1.9	228
PAY	2021	3	23	5	-2.1	-2.9	96.56	87.3	-4.64	0	0	0	0.9	234
PAY	2021	3	23	6	-1.9	-2.7	96.59	87.1	-4.48	11	0	31	0.9	236
PAY	2021	3	23	7	0.2	-1.7	96.63	80.5	-3.7	137	107.2319209	110	1.2	229
PAY	2021	3	23	8	2.3	0.1	96.65	71.8	-3.34	315	263.4024451	207	2.3	232
PAY	2021	3	23	9	4.6	1.6	96.66	64.4	-2.52	484	386.111311	275	4.1	237
PAY	2021	3	23	10	6.3	2.5	96.65	54.6	-2.78	626	466.4813307	329	4.7	243
PAY	2021	3	23	11	8	3.4	96.61	47	-2.6	729	591.5702998	321	5.2	247
PAY	2021	3	23	12	9	4.1	96.61	46.6	-1.68	764	587.0363815	355	5.1	252
PAY	2021	3	23	13	9.9	4.8	96.57	44.5	-1.2	741	772.8498218	233	4.8	255
PAY	2021	3	23	14	10.4	5.3	96.53	42.2	-1.16	666	677.5179168	277	4.6	258
PAY	2021	3	23	15	10.7	5.4	96.53	42.2	-0.86	540	748.4338309	201	4.2	260
PAY	2021	3	23	16	10.8	5.5	96.53	42.1	-0.78	386	904.0910283	113	3.9	267
PAY	2021	3	23	17	10.7	5.5	96.55	41.9	-0.92	245	1000	34	3.6	283
PAY	2021	3	23	18	9.3	5.2	96.61	49	-0.9	54	0	0	2.7	292
PAY	2021	3	23	19	6.5	4.2	96.65	62.9	-0.92	0	0	0	1.8	276
PAY	2021	3	23	20	4.7	3.3	96.67	74.5	-0.4	0	0	0	1.4	277
PAY	2021	3	23	21	3	2.3	96.68	79.5	-1.1	0	0	0	1.2	255
PAY	2021	3	23	22	2.3	1.5	96.7	79.5	-1.8	0	0	0	0.9	249
PAY	2021	3	23	23	0.7	0.5	96.7	84.2	-2.46	0	0	0	1.2	245
PAY	2021	3	24	0	1.2	0.3	96.69	82.4	-2.32	0	0	0	1.6	242
PAY	2021	3	24	1	-0.7	-0.7	96.7	88	-3.1	0	0	0	1.9	240
PAY	2021	3	24	2	-0.9	-1.1	96.69	90.8	-2.74	0	0	0	1.4	239
PAY	2021	3	24	3	-1.3	-1.5	96.7	92.6	-2.78	0	0	0	1.1	237
PAY	2021	3	24	4	-2	-2.1	96.7	91.4	-3.72	0	0	0	1.9	237
PAY	2021	3	24	5	-1.5	-1.9	96.71	91.3	-3.24	0	0	0	1.6	235
PAY	2021	3	24	6	-1.8	-2.2	96.72	94.4	-2.92	9	0	34	1.2	234
PAY	2021	3	24	7	0.8	-1	96.73	85.6	-2.08	133	236.7938002	72	0.9	235
PAY	2021	3	24	8	3.5	0.8	96.75	77.9	-0.92	316	531.6330131	95	1.1	238
PAY	2021	3	24	9	6.2	3.1	96.75	67.7	-0.26	489	504.7608477	213	1.2	245
PAY	2021	3	24	10	8	4.3	96.74	62	0.4	634	523.3937297	298	1.7	250
PAY	2021	3	24	11	9.2	4.9	96.69	48.3	-1.14	731	830.5297054	154	1.8	256
PAY	2021	3	24	12	11.2	5.8	96.63	46.1	0.42	771	930.8230993	118	1.7	261
PAY	2021	3	24	13	12.7	6.2	96.56	39.7	0.64	742	959.369792	107	1.9	264
PAY	2021	3	24	14	13.9	6.7	96.51	30.7	0.04	678	931.6480632	139	1.6	265
PAY	2021	3	24	15	14.7	6	96.46	25.9	-0.12	555	916.4815574	136	1.7	266
PAY	2021	3	24	16	13.7	7.2	96.44	35.8	0.86	380	914.7383312	100	2.4	272
PAY	2021	3	24	17	13.3	6.9	96.45	34.7	0.24	197	1000	32	1.9	271
PAY	2021	3	24	18	10.3	6.1	96.47	48.8	0.06	33	0	0	1.5	269
PAY	2021	3	24	19	7.7	4.9	96.48	59.5	-0.4	0	0	0	1.1	263
PAY	2021	3	24	20	5.5	3.6	96.5	66.6	-1.18	0	0	0	1.5	259
PAY	2021	3	24	21	4.4	2.7	96.53	71.1	-1.38	0	0	0	1.7	255
PAY	2021	3	24	22	3.2	2.1	96.53	76	-1.6	0	0	0	1.6	252
PAY	2021	3	24	23	2.7	1.5	96.54	76.5	-2	0	0	0	1.4	250
PAY	2021	3	25	0	2.4	0.9	96.54	76.6	-2.28	0	0	0	2	248
PAY	2021	3	25	1	1.4	0.3	96.52	82.1	-2.18	0	0	0	1.9	246
PAY	2021	3	25	2	0.1	-0.1	96.5	86.4	-2.62	0	0	0	1.8	244
PAY	2021	3	25	3	0.8	-0.3	96.47	83.4	-2.52	0	0	0	1.4	244
PAY	2021	3	25	4	0.2	-0.6	96.47	83.9	-3.02	0	0	0	1.4	243
PAY	2021	3	25	5	-0.2	-0.8	96.47	84.9	-3.22	0	0	0	1.2	242
PAY	2021	3	25	6	0	-1	96.5	85.2	-2.96	14	0	23	1.4	244
PAY	2021	3	25	7	1.6	-0.1	96.53	82.2	-1.96	125	288.5266879	49	1	246
PAY	2021	3	25	8	5.4	2.3	96.55	68.2	-0.96	324	344.1277035	179	0.9	252
PAY	2021	3	25	9	7.9	4	96.55	60.5	0	460	320.5016746	283	1.3	263
PAY	2021	3	25	10	10	5.6	96.54	54.4	0.88	585	503.7018353	259	1.7	276
PAY	2021	3	25	11	12.5	6.8	96.47	50.3	2.56	701	814.5846498	131	1.4	277
PAY	2021	3	25	12	15.2	8.1	96.43	39.7	3.14	714	822.6006989	133	1.9	288
PAY	2021	3	25	13	15	8.4	96.38	37.8	2.56	691	759.2619047	185	3	286
PAY	2021	3	25	14	16	8.4	96.33	41.5	4.3	469	495.7996241	180	3	300
PAY	2021	3	25	15	16	8.6	96.3	34.6	2.92	473	786.7563185	110	3.4	310
PAY	2021	3	25	16	15.2	8.3	96.3	36.2	2.44	285	525.4493222	122	2.9	313
PAY	2021	3	25	17	14.5	8.1	96.32	40.2	2.54	159	851.9044512	40	2.9	316
PAY	2021	3	25	18	12.9	7.6	96.36	43.9	1.68	35	0	0	2.1	286
PAY	2021	3	25	19	10.6	6.6	96.42	56.6	1.92	0	0	0	1.3	279
PAY	2021	3	25	20	7.7	6.2	96.47	75.3	2.76	0	0	0	1.2	306
PAY	2021	3	25	21	7.2	5.7	96.51	76.7	2.54	0	0	0	1.2	298
PAY	2021	3	25	22	6	5.1	96.5	81.4	2.28	0	0	0	1	292
PAY	2021	3	25	23	4.3	4.2	96.5	87	1.7	0	0	0	1.2	272
PAY	2021	3	26	0	3.8	3.1	96.5	87	1.2	0	0	0	1.1	261
PAY	2021	3	26	1	3.3	2.6	96.48	88.9	1.08	0	0	0	1.5	258
PAY	2021	3	26	2	2	1.9	96.43	92.9	0.58	0	0	0	1	255
PAY	2021	3	26	3	1.7	1.3	96.42	89.9	-0.32	0	0	0	1.2	252
PAY	2021	3	26	4	0.9	0.9	96.41	90.8	-0.94	0	0	0	1.3	250
PAY	2021	3	26	5	-0.2	0	96.42	91.9	-1.82	0	0	0	1.8	248
PAY	2021	3	26	6	1.4	0.1	96.43	88.5	-0.9	13	0	36	1.9	247
PAY	2021	3	26	7	3.4	1.3	96.44	86.4	0.68	137	260.0438425	67	1.2	248
PAY	2021	3	26	8	5.9	3.7	96.45	76	1.1	319	538.6652067	89	0.9	253
PAY	2021	3	26	9	8.1	5.2	96.45	70.9	2.28	457	611.451455	116	1.4	266
PAY	2021	3	26	10	9.6	6.2	96.4	64.1	2.42	565	675.95313	124	1.6	277
PAY	2021	3	26	11	11.3	7.3	96.33	59.6	3.22	623	683.9735117	141	1.8	292
PAY	2021	3	26	12	12.6	8.2	96.25	56.7	3.94	652	751.034288	118	1.7	311
PAY	2021	3	26	13	13.3	8.7	96.18	55.1	4.32	517	603.6322824	112	1.9	316
PAY	2021	3	26	14	16.6	9.2	96.07	33.8	3.36	588	810.612387	112	2.8	315
PAY	2021	3	26	15	16.6	9	96.05	36.9	3.98	446	758.2265018	93	5.6	303
PAY	2021	3	26	16	16.4	9	96.03	35.6	3.52	242	556.7978187	67	5	316
PAY	2021	3	26	17	15.6	8.5	96.04	35.9	2.78	153	827.8257093	34	6.5	307
PAY	2021	3	26	18	14.4	8.3	96.03	40	2.4	24	0	0	3.3	315
PAY	2021	3	26	19	12.7	7.7	96.05	49.3	2.56	0	0	0	2	329
PAY	2021	3	26	20	13.4	7.9	96.14	49.4	3.28	0	0	0	2.9	342
PAY	2021	3	26	21	13.5	8.4	96.15	47.4	2.98	0	0	0	4.5	330
PAY	2021	3	26	22	12.2	8.1	96.22	56.8	3.56	0	0	0	4.8	336
PAY	2021	3	26	23	10.9	8.2	96.26	69.9	4.88	0	0	0	4.4	345
PAY	2021	3	27	0	9.2	8.3	96.3	91.2	7.44	0	0	0	3	352
PAY	2021	3	27	1	8.8	7.9	96.27	84.9	5.78	0	0	0	6	347
PAY	2021	3	27	2	8.8	7.9	96.34	91.7	7.14	0	0	0	4.5	348
PAY	2021	3	27	3	7.8	6.8	96.4	85.8	4.96	0	0	0	4.3	338
PAY	2021	3	27	4	8.1	6.6	96.49	77.9	3.68	0	0	0	4	338
PAY	2021	3	27	5	7	5.6	96.63	68.2	0.64	0	0	0	5.6	334
PAY	2021	3	27	6	6.6	4	96.73	64.7	-0.46	5	0	47	6.6	318
PAY	2021	3	27	7	6.7	4.1	96.81	68.1	0.32	84	130.9375782	48	4.1	298
PAY	2021	3	27	8	8.1	4.2	96.86	55	-0.9	301	254.29033	191	4.6	255
PAY	2021	3	27	9	8.6	4.2	96.93	48.4	-1.72	490	701.4962035	95	6	258
PAY	2021	3	27	10	9	4.4	96.97	45.3	-1.94	654	827.2835055	110	6.1	254
PAY	2021	3	27	11	9.4	4.8	96.98	48.4	-0.92	683	760.9668304	143	5.4	261
PAY	2021	3	27	12	9.2	4.6	97	42.1	-2.38	390	142.5183154	288	4.7	287
PAY	2021	3	27	13	10.8	5.2	97	40.6	-1.08	724	583.3607568	330	4.8	271
PAY	2021	3	27	14	10.6	5.2	96.99	39.4	-1.52	566	576.5150593	225	4.7	273
PAY	2021	3	27	15	10.9	5.1	97.01	36.4	-1.82	529	836.7061301	136	4.9	275
PAY	2021	3	27	16	10.5	5.1	97.03	36.3	-2.24	397	983.1702907	84	3.9	262
PAY	2021	3	27	17	9.8	4.7	97.07	42.2	-1.76	210	1000	43	3.6	258
PAY	2021	3	27	18	8.3	4	97.1	46.3	-2.44	39	0	0	2.4	256
PAY	2021	3	27	19	5.1	3.2	97.13	67.1	-1.48	0	0	0	1.6	251
PAY	2021	3	27	20	4.7	2.3	97.16	63.9	-2.52	0	0	0	1.8	248
PAY	2021	3	27	21	2.8	1.7	97.18	75.9	-2.02	0	0	0	1.4	246
PAY	2021	3	27	22	1.7	0.8	97.24	82.7	-1.76	0	0	0	1.2	243
PAY	2021	3	27	23	1.4	0.5	97.26	80	-2.6	0	0	0	1.3	242
PAY	2021	3	28	0	1.5	-0.1	97.25	77.7	-2.96	0	0	0	1.1	240
PAY	2021	3	28	1	-0.1	-0.6	97.25	86.8	-2.74	0	0	0	0.8	236
PAY	2021	3	28	2	-0.7	-1.1	97.2	88.6	-2.98	0	0	0	1.5	236
PAY	2021	3	28	3	-0.6	-1.3	97.19	89.8	-2.64	0	0	0	1.2	234
PAY	2021	3	28	4	-0.9	-1.4	97.18	89.3	-3.04	0	0	0	1.5	234
PAY	2021	3	28	5	-1.6	-1.8	97.23	92.9	-3.02	0	0	0	1.2	232
PAY	2021	3	28	6	-1.6	-1.9	97.28	91.3	-3.34	16	0	53	1.4	232
PAY	2021	3	28	7	1.7	-0.6	97.35	81.8	-1.94	161	210.2119873	102	1.4	233
PAY	2021	3	28	8	4	1.6	97.41	74.5	-1.1	346	376.5935697	181	1	239
PAY	2021	3	28	9	6.9	3.2	97.39	61.8	-0.74	519	631.5580359	160	1	245
PAY	2021	3	28	10	7.4	4.3	97.41	59.4	-0.72	649	596.0537755	254	2	251
PAY	2021	3	28	11	9.4	5.4	97.39	54.7	0.34	754	544.4400463	365	1.6	256
PAY	2021	3	28	12	11.2	6.2	97.33	51.6	1.52	785	735.7742868	255	1.6	262
PAY	2021	3	28	13	12.7	7.5	97.28	51	2.9	766	633.9990808	335	1.8	268
PAY	2021	3	28	14	13.6	8.2	97.22	45.9	2.78	688	726.851246	255	1.8	272
PAY	2021	3	28	15	14.3	8.5	97.2	48.6	4.02	555	736.5906647	206	2.3	276
PAY	2021	3	28	16	13.6	8.6	97.19	48.1	3.22	390	983.2730716	73	2.3	277
PAY	2021	3	28	17	13	8.3	97.21	52.4	3.48	202	1000	37	1.7	276
PAY	2021	3	28	18	10.5	7.9	97.24	65.8	3.66	42	0	0	1.6	274
PAY	2021	3	28	19	9.1	6.7	97.27	67.9	2.68	0	0	0	1.2	274
PAY	2021	3	28	20	8	5.6	97.34	72.9	2.58	0	0	0	1.5	271
PAY	2021	3	28	21	5.4	4.6	97.38	75.5	0.5	0	0	0	1.7	262
PAY	2021	3	28	22	4.3	3.2	97.41	76.1	-0.48	0	0	0	1.7	259
PAY	2021	3	28	23	3.8	2.5	97.44	75.1	-1.18	0	0	0	1.9	258
PAY	2021	3	29	0	3	2	97.46	80	-1	0	0	0	1.3	256
PAY	2021	3	29	1	2.6	1.5	97.47	79.5	-1.5	0	0	0	1.2	254
PAY	2021	3	29	2	1.8	0.8	97.46	81.9	-1.82	0	0	0	1.8	251
PAY	2021	3	29	3	1.5	0.5	97.47	81.6	-2.18	0	0	0	1.3	249
PAY	2021	3	29	4	0.7	0.1	97.45	87.1	-1.88	0	0	0	1.2	247
PAY	2021	3	29	5	0.9	-0.1	97.5	82.8	-2.54	0	0	0	1.2	246
PAY	2021	3	29	6	0.6	-0.1	97.53	86.6	-2.08	21	0	57	1.4	246
PAY	2021	3	29	7	3.7	1.2	97.56	76.3	-1.04	160	150.155613	117	0.9	247
PAY	2021	3	29	8	7.3	3.7	97.58	66.4	0.58	354	288.5064521	226	0.7	254
PAY	2021	3	29	9	9.1	5.1	97.58	52.4	-0.42	490	346.8424952	291	1.4	261
PAY	2021	3	29	10	11.1	6.2	97.59	50.9	1.28	647	473.2206394	331	1.7	267
PAY	2021	3	29	11	13.7	7.5	97.54	44.4	2.58	745	565.8118296	338	1.5	273
PAY	2021	3	29	12	15.2	8.4	97.5	39.5	3.1	767	555.9272896	364	1.6	280
PAY	2021	3	29	13	16.2	9.5	97.45	38.5	3.9	731	571.4850398	340	1.7	284
PAY	2021	3	29	14	17.6	9.4	97.39	34.4	4.48	667	918.4621329	116	1.7	288
PAY	2021	3	29	15	17.9	9.6	97.36	31.7	4.24	547	929.1098878	103	2.5	290
PAY	2021	3	29	16	17.5	9.5	97.34	30.4	3.58	406	1000	47	2.4	291
PAY	2021	3	29	17	16.7	9	97.33	33	3.3	210	1000	34	2	288
PAY	2021	3	29	18	14.2	7.5	97.33	36.8	1.56	44	0	0	1.7	285
PAY	2021	3	29	19	10.1	7	97.37	53	0.7	0	0	0	1	283
PAY	2021	3	29	20	9.1	5.5	97.39	51.3	-0.64	0	0	0	1.9	281
PAY	2021	3	29	21	6.3	4.8	97.39	72.7	0.84	0	0	0	1.9	275
PAY	2021	3	29	22	5.8	4.6	97.41	77.7	1.34	0	0	0	1.7	272
PAY	2021	3	29	23	6.3	4.4	97.43	74.2	1.14	0	0	0	1.1	270
PAY	2021	3	30	0	5	3.7	97.44	81.2	1.24	0	0	0	1.7	268
PAY	2021	3	30	1	4.6	3.8	97.44	82.1	1.02	0	0	0	1	267
PAY	2021	3	30	2	5	3.5	97.42	79.7	0.94	0	0	0	1.6	267
PAY	2021	3	30	3	4.5	3	97.4	81.1	0.72	0	0	0	1.2	265
PAY	2021	3	30	4	3.2	2.6	97.42	86.1	0.42	0	0	0	1	263
PAY	2021	3	30	5	2.2	2.3	97.43	91	0.4	0	0	0	0.9	261
PAY	2021	3	30	6	4.3	2.1	97.45	79.8	0.26	21	0	31	1.2	259
PAY	2021	3	30	7	6	3.6	97.46	78.7	1.74	163	263.6631138	86	0.8	261
PAY	2021	3	30	8	8.9	5.3	97.44	60.8	1.06	349	347.3206786	193	1.2	266
PAY	2021	3	30	9	11.7	6.6	97.41	52.4	2.18	517	563.0239614	191	1.2	274
PAY	2021	3	30	10	13.4	8	97.39	52.1	3.82	656	496.4398063	322	1.5	280
PAY	2021	3	30	11	16.5	9	97.34	47.8	6.06	747	527.5536668	365	1.5	287
PAY	2021	3	30	12	16.9	9.9	97.27	36.6	4.22	782	819.7927094	184	1.7	292
PAY	2021	3	30	13	18.8	10.1	97.2	32	5.2	762	827.8766619	192	1.9	295
PAY	2021	3	30	14	19.3	10.9	97.14	33.3	5.96	687	662.1731582	287	1.7	297
PAY	2021	3	30	15	19.5	10.5	97.07	28.4	5.18	562	717.9681823	216	2.3	298
PAY	2021	3	30	16	19.9	10.8	97.02	33.4	6.58	396	789.988333	135	1.8	297
PAY	2021	3	30	17	18.5	10.7	97	35	5.5	209	1000	49	2	297
PAY	2021	3	30	18	15.2	10.2	96.99	52.8	5.76	46	0	0	1.1	295
PAY	2021	3	30	19	11.2	8.9	96.99	67.4	4.68	0	0	0	1	293
PAY	2021	3	30	20	9.1	7.4	96.99	69.8	3.06	0	0	0	1.5	288
PAY	2021	3	30	21	9.1	6.8	97	69.9	3.08	0	0	0	2.5	284
PAY	2021	3	30	22	7.7	6.1	97	77.6	3.22	0	0	0	1.7	281
PAY	2021	3	30	23	7	5.9	96.99	79.7	2.94	0	0	0	1.6	280
PAY	2021	3	31	0	6.1	5.1	97	84.1	2.92	0	0	0	2.3	278
PAY	2021	3	31	1	6.4	5.2	96.97	82.9	2.98	0	0	0	2.2	277
PAY	2021	3	31	2	5.5	4.9	96.94	85.3	2.56	0	0	0	1.4	274
PAY	2021	3	31	3	5.2	4.6	96.93	86.5	2.5	0	0	0	1.2	272
PAY	2021	3	31	4	5.1	4.1	96.94	87.1	2.52	0	0	0	1.5	269
PAY	2021	3	31	5	4.7	3.7	96.93	87.6	2.22	0	0	0	1.5	268
PAY	2021	3	31	6	5	3.7	96.92	83.6	1.72	24	0	61	0.9	267
PAY	2021	3	31	7	7.4	4.9	96.93	77.2	2.84	167	70.54651573	146	0.8	267
PAY	2021	3	31	8	10.2	6.7	96.91	65.2	3.24	352	312.3617238	210	1.1	273
PAY	2021	3	31	9	13.5	8.2	96.89	53.4	4.18	521	393.6738871	291	1.1	281
PAY	2021	3	31	10	15.1	9.6	96.83	53.7	5.84	656	461.8098478	343	1.7	289
PAY	2021	3	31	11	17	10.9	96.79	49.7	6.94	746	544.7130938	349	2	295
PAY	2021	3	31	12	18.6	11.7	96.7	45.8	7.76	781	670.3526313	289	1.7	301
PAY	2021	3	31	13	20.3	12.7	96.61	40.8	8.46	762	649.5482849	312	1.6	306
PAY	2021	3	31	14	21	11.9	96.54	28.2	6.64	687	754.7017803	228	1.5	308
PAY	2021	3	31	15	21.3	12.4	96.47	37.9	8.88	561	759.3829918	192	1.8	311
PAY	2021	3	31	16	21.1	12.4	96.41	33.5	7.8	393	768.6740896	136	1.8	311
PAY	2021	3	31	17	19.7	11.5	96.39	31.5	6	167	750.9124393	44	2.1	310
PAY	2021	3	31	18	16.4	10.6	96.38	44.5	5.3	44	0	0	1.3	305
PAY	2021	3	31	19	14.1	9.1	96.39	43.2	2.74	0	0	0	0.9	300
PAY	2021	3	31	20	11.8	7.7	96.42	53.6	2.52	0	0	0	1.5	297
PAY	2021	3	31	21	10.4	7.2	96.43	63.3	3.06	0	0	0	1.9	292
PAY	2021	3	31	22	9.5	7	96.44	68.3	3.16	0	0	0	2.2	289
PAY	2021	3	31	23	10	6.7	96.45	70.5	4.1	0	0	0	2.2	287
PAY	2021	4	1	0	8.9	6.6	96.46	75.5	4	0	0	0	1.5	284
PAY	2021	4	1	1	6.9	6.6	96.44	84.1	3.72	0	0	0	1.3	283
PAY	2021	4	1	2	7	6	96.43	81.9	3.38	0	0	0	1.7	281
PAY	2021	4	1	3	6.3	5.7	96.41	86.5	3.6	0	0	0	1.1	280
PAY	2021	4	1	4	7	5.2	96.4	79.3	2.86	0	0	0	1.6	279
PAY	2021	4	1	5	5.6	4.7	96.41	85.2	2.64	0	0	0	1.1	276
PAY	2021	4	1	6	5.6	4.4	96.44	85.9	2.78	26	0	50	1	274
PAY	2021	4	1	7	9	6	96.46	76.5	4.3	170	280.2717972	85	0.9	276
PAY	2021	4	1	8	11.6	8.2	96.43	66.9	4.98	351	523.9042768	110	0.8	282
PAY	2021	4	1	9	14.1	9.2	96.4	59.4	5.98	520	658.2778107	132	1.5	289
PAY	2021	4	1	10	15.7	10.6	96.36	51.3	5.96	654	739.7143173	149	1.7	296
PAY	2021	4	1	11	17.3	11	96.3	46.2	6.54	744	824.8118627	139	2	302
PAY	2021	4	1	12	19.4	11.5	96.23	39.7	7.34	781	883.0113936	129	1.8	307
PAY	2021	4	1	13	20.8	12.8	96.15	40.1	8.82	761	889.495554	141	2.3	312
PAY	2021	4	1	14	22	13	96.08	39.1	9.82	684	877.0746773	147	2.6	315
PAY	2021	4	1	15	21.1	12.8	96.02	36	8.3	493	759.3501312	121	2.3	315
PAY	2021	4	1	16	21.8	12.9	95.99	33.9	8.58	359	798.1706079	89	2.2	315
PAY	2021	4	1	17	20	12.2	95.99	36.4	7.28	170	739.1590213	46	1.9	313
PAY	2021	4	1	18	16.5	11.9	96.01	55.4	7.58	45	0	0	1.1	314
PAY	2021	4	1	19	14.4	10.7	96.03	57.6	5.92	0	0	0	1.1	310
PAY	2021	4	1	20	12.8	9.5	96.07	60.5	4.9	0	0	0	1.2	304
PAY	2021	4	1	21	11.7	8.6	96.09	64.7	4.64	0	0	0	1.9	299
PAY	2021	4	1	22	10.4	8	96.09	71.2	4.64	0	0	0	1.8	295
PAY	2021	4	1	23	10.4	7.9	96.09	71.1	4.62	0	0	0	1	293
PAY	2021	4	2	0	8	7.3	96.08	83	4.6	0	0	0	1	290
PAY	2021	4	2	1	7.9	6.7	96.05	80.7	4.04	0	0	0	1.3	289
PAY	2021	4	2	2	6.8	6.1	96.03	85.6	3.92	0	0	0	1.6	286
PAY	2021	4	2	3	7.1	5.6	96.01	83.5	3.8	0	0	0	1.1	284
PAY	2021	4	2	4	5.7	5.2	96.02	88.1	3.32	0	0	0	0.9	282
PAY	2021	4	2	5	5.8	4.9	96.02	88.5	3.5	0	0	0	1.4	280
PAY	2021	4	2	6	6	4.7	96.04	85.9	3.18	28	0	57	1.2	278
PAY	2021	4	2	7	8.7	6.4	96.06	82.1	5.12	157	207.2268283	93	1.1	279
PAY	2021	4	2	8	11.2	8	96.06	68.7	4.94	331	442.6583309	125	0.8	284
PAY	2021	4	2	9	13.6	9	96.04	64.1	6.42	501	588.6853754	151	1.8	289
PAY	2021	4	2	10	15.4	10.3	95.97	57.3	6.86	636	698.1080236	156	1.5	296
PAY	2021	4	2	11	17.2	11.3	95.91	54.3	8.06	733	753.2593936	177	1.7	300
PAY	2021	4	2	12	18.9	12.2	95.85	44.8	7.86	775	797.0137125	183	2	305
PAY	2021	4	2	13	19.7	12.3	95.8	39.1	7.52	752	841.3987705	162	2.1	310
PAY	2021	4	2	14	20	12.3	95.74	37.3	7.46	674	853.484166	148	2.3	314
PAY	2021	4	2	15	19.7	12	95.74	37.9	7.28	522	743.1696506	155	4	314
PAY	2021	4	2	16	18.4	11.4	95.74	38.8	6.16	388	797.8272681	115	5.2	308
PAY	2021	4	2	17	16.8	10.7	95.78	45.5	5.9	210	1000	19	4.4	301
PAY	2021	4	2	18	15.1	10.1	95.83	48.8	4.86	55	0	0	4.2	295
PAY	2021	4	2	19	12.8	8.9	95.9	56.2	4.04	0	0	0	3.7	288
PAY	2021	4	2	20	11.8	8	95.97	57.1	3.22	0	0	0	4.1	283
PAY	2021	4	2	21	10	6.8	96.01	54.2	0.84	0	0	0	4	277
PAY	2021	4	2	22	8.8	5.5	96.01	54.8	-0.24	0	0	0	2.1	269
PAY	2021	4	2	23	7.3	4.5	96.02	60.8	-0.54	0	0	0	2.9	263
PAY	2021	4	3	0	6.4	3.8	96.02	60.6	-1.48	0	0	0	2.3	260
PAY	2021	4	3	1	6	3.4	96.01	59.4	-2.12	0	0	0	2.3	256
PAY	2021	4	3	2	5.6	3.3	96.02	66.7	-1.06	0	0	0	2	253
PAY	2021	4	3	3	5.9	3.3	96.02	63.1	-1.48	0	0	0	4.1	250
PAY	2021	4	3	4	5.2	2.9	96.02	66.2	-1.56	0	0	0	4.9	247
PAY	2021	4	3	5	4.2	2.4	96.03	73.2	-1.16	0	0	0	3.8	244
PAY	2021	4	3	6	4.2	2.2	96.09	73.1	-1.18	33	0	56	3.7	242
PAY	2021	4	3	7	5.1	2.8	96.14	69.3	-1.04	185	286.2927728	95	6	244
PAY	2021	4	3	8	5.2	3.2	96.15	69.3	-0.94	312	420.662012	114	6.3	268
PAY	2021	4	3	9	6.8	3.7	96.17	65.2	-0.16	521	647.0731642	133	7.4	281
PAY	2021	4	3	10	6.3	4.2	96.17	63	-1.1	494	506.9347638	143	6.5	298
PAY	2021	4	3	11	7.6	4.2	96.17	59	-0.6	415	360.8466345	147	7.4	305
PAY	2021	4	3	12	9.9	5	96.18	48.6	-0.38	709	741.5216708	155	7.9	288
PAY	2021	4	3	13	10.2	4.8	96.17	47.9	-0.22	754	867.6473857	142	8.7	265
PAY	2021	4	3	14	9.9	4.7	96.16	44.8	-1.14	735	980.1848339	127	9	257
PAY	2021	4	3	15	9.4	4.7	96.13	44.8	-1.64	590	956.3321352	114	8.4	254
PAY	2021	4	3	16	9.3	4.4	96.11	42.4	-2.22	424	965.1528129	90	8.3	252
PAY	2021	4	3	17	8.3	3.9	96.15	43.7	-2.96	236	1000	49	7.3	250
PAY	2021	4	3	18	7.1	3.1	96.19	43.7	-4.16	61	0	0	6.7	247
PAY	2021	4	3	19	6.3	2.3	96.24	46.4	-4.42	0	0	0	6.3	244
PAY	2021	4	3	20	5.5	1.9	96.27	48.5	-4.8	0	0	0	6.8	242
PAY	2021	4	3	21	5.1	1.6	96.26	49.3	-5.04	0	0	0	6.9	240
PAY	2021	4	3	22	4.3	1.2	96.24	52.6	-5.18	0	0	0	6	237
PAY	2021	4	3	23	3.6	0.8	96.25	55.9	-5.22	0	0	0	4.4	236
PAY	2021	4	4	0	3.3	0.5	96.26	58.9	-4.92	0	0	0	3.3	235
PAY	2021	4	4	1	3	0.3	96.23	56.4	-5.72	0	0	0	3.9	235
PAY	2021	4	4	2	0.9	-0.2	96.22	67	-5.7	0	0	0	2.7	234
PAY	2021	4	4	3	1.7	-1	96.23	63.5	-5.6	0	0	0	1.2	233
PAY	2021	4	4	4	0.9	-1	96.22	69	-5.3	0	0	0	1.6	232
PAY	2021	4	4	5	1.3	-0.6	96.22	70.4	-4.62	0	0	0	2.8	232
PAY	2021	4	4	6	0.7	-0.6	96.28	73.6	-4.58	39	0	57	2.7	232
PAY	2021	4	4	7	3.6	0.5	96.29	61.5	-4.1	199	334.5377012	92	2.4	234
PAY	2021	4	4	8	6.1	2.1	96.27	56	-2.7	390	584.0887099	112	4.1	240
PAY	2021	4	4	9	7.6	3.1	96.26	49.7	-2.46	563	717.7717068	129	5	245
PAY	2021	4	4	10	9.3	4.1	96.25	45	-1.7	702	780.3008825	158	5.2	250
PAY	2021	4	4	11	10.1	4.5	96.21	39	-2.1	790	859.1889496	148	5.8	255
PAY	2021	4	4	12	11.5	5.1	96.17	33.1	-1.88	822	886.3447542	156	5.7	259
PAY	2021	4	4	13	12.4	5.3	96.13	30.3	-1.54	803	902.1061237	163	5.6	261
PAY	2021	4	4	14	13.1	5.9	96.08	27.6	-1.38	726	933.9299578	143	5.4	263
PAY	2021	4	4	15	13.3	6	96.05	29.4	-0.82	598	954.9340986	119	5.5	264
PAY	2021	4	4	16	13.3	5.9	96.01	25.5	-1.6	431	980.2438735	88	4.7	265
PAY	2021	4	4	17	12.3	5.3	96	29	-1.9	244	1000	47	4.3	262
PAY	2021	4	4	18	10.6	4.7	96.01	32.9	-2.82	57	0	0	2.8	259
PAY	2021	4	4	19	8.8	3.7	96.02	37.5	-3.7	0	0	0	1.8	256
PAY	2021	4	4	20	6.2	2.8	96.04	48.5	-4.1	0	0	0	1.7	253
PAY	2021	4	4	21	6.2	1.9	96.05	46.1	-4.58	0	0	0	1.3	250
PAY	2021	4	4	22	2.8	0.8	96.04	65	-4.2	0	0	0	1.5	247
PAY	2021	4	4	23	1.3	0.2	96.02	72.2	-4.26	0	0	0	1.6	244
PAY	2021	4	5	0	0.7	-0.4	95.97	76.2	-4.06	0	0	0	2	242
PAY	2021	4	5	1	0.7	-0.9	95.93	75.1	-4.28	0	0	0	2.2	241
PAY	2021	4	5	2	1.5	-0.7	95.88	73.8	-3.74	0	0	0	2.9	239
PAY	2021	4	5	3	0.3	-0.9	95.88	80	-3.7	0	0	0	2.1	239
PAY	2021	4	5	4	1.1	-0.5	95.81	75.6	-3.78	0	0	0	2.6	239
PAY	2021	4	5	5	0.3	-0.9	95.81	80.3	-3.64	0	0	0	1.7	240
PAY	2021	4	5	6	2.5	-0.3	95.81	70.8	-3.34	39	0	59	2.7	249
PAY	2021	4	5	7	6.5	2.4	95.77	62.9	-0.92	161	202.9016499	95	3.9	257
PAY	2021	4	5	8	9.6	4.3	95.72	46.2	-1.16	346	471.7632012	119	4.6	265
PAY	2021	4	5	9	12	5.7	95.67	39.9	-0.02	521	623.3376098	141	5.2	272
PAY	2021	4	5	10	13.1	6	95.58	32.5	-0.4	587	631.1602984	144	6.1	281
PAY	2021	4	5	11	14.4	6.6	95.51	31	0.6	715	743.6674293	156	6.9	288
PAY	2021	4	5	12	14.2	6.9	95.44	32.6	0.72	561	526.7081149	163	6.5	299
PAY	2021	4	5	13	14.6	7.3	95.4	31.7	0.94	457	431.6757691	149	6.6	300
PAY	2021	4	5	14	15	7.5	95.33	32.5	1.5	434	471.2213605	138	6.5	316
PAY	2021	4	5	15	15.9	7.6	95.24	31.4	2.18	568	896.2465917	115	7.6	304
PAY	2021	4	5	16	13.9	7	95.26	33.7	0.64	284	562.5596368	85	6.9	316
PAY	2021	4	5	17	12.9	6.5	95.23	35.2	-0.06	68	109.0451965	48	7.3	332
PAY	2021	4	5	18	9.1	6.3	95.28	65.2	2.14	6	0	0	6.4	340
PAY	2021	4	5	19	7.2	5.6	95.38	76.5	2.5	0	0	0	5.1	336
PAY	2021	4	5	20	6.3	5.4	95.43	84.3	3.16	0	0	0	2.3	324
PAY	2021	4	5	21	3.8	3.3	95.59	69.3	-2.34	0	0	0	4.8	323
PAY	2021	4	5	22	2.8	1.3	95.66	64.9	-4.22	0	0	0	4.8	311
PAY	2021	4	5	23	2	0.1	95.72	64.3	-5.14	0	0	0	5.1	304
PAY	2021	4	6	0	0.9	0.1	95.72	82.7	-2.56	0	0	0	4.4	304
PAY	2021	4	6	1	-0.2	-0.9	95.74	83.5	-3.5	0	0	0	5.4	300
PAY	2021	4	6	2	-0.8	-1.5	95.77	83.3	-4.14	0	0	0	4.5	297
PAY	2021	4	6	3	-0.9	-1.8	95.76	79.8	-4.94	0	0	0	3.2	294
PAY	2021	4	6	4	-1.2	-2.1	95.76	82.8	-4.64	0	0	0	2.1	245
PAY	2021	4	6	5	-2.1	-2.4	95.75	89.2	-4.26	0	0	0	1.6	215
PAY	2021	4	6	6	-2	-3	95.77	84.6	-5.08	46	0	57	1.5	212
PAY	2021	4	6	7	-0.1	-2.2	95.8	61.2	-7.86	218	384.0680742	91	2.6	211
PAY	2021	4	6	8	0.6	-1.7	95.81	56.7	-8.06	379	546.9420767	113	3.7	216
PAY	2021	4	6	9	0.6	-2.3	95.8	49.4	-9.52	264	222.9314248	127	2.8	219
PAY	2021	4	6	10	2.5	-1.2	95.78	46.1	-8.28	681	768.5335708	138	2.4	221
PAY	2021	4	6	11	4.1	-0.2	95.76	42.4	-7.42	865	956.2377052	142	3	240
PAY	2021	4	6	12	4.1	-0.5	95.74	47	-6.5	432	394.8303696	132	4.6	272
PAY	2021	4	6	13	4.9	0.4	95.68	36.7	-7.76	730	826.4832999	137	4	255
PAY	2021	4	6	14	4.3	-0.1	95.64	40.7	-7.56	608	751.5537249	133	4.1	240
PAY	2021	4	6	15	4.9	0	95.59	41.9	-6.72	531	820.8268595	113	3.6	252
PAY	2021	4	6	16	2.6	-0.1	95.59	58.4	-5.72	345	718.7988307	88	4.1	255
PAY	2021	4	6	17	2.6	-0.7	95.61	49.5	-7.5	124	395.1361179	50	2.6	262
PAY	2021	4	6	18	1.7	-1.2	95.66	51	-8.1	41	0	0	3.2	271
PAY	2021	4	6	19	1	-1.5	95.7	55.5	-7.9	0	0	0	2.6	261
PAY	2021	4	6	20	0.8	-2	95.71	51	-9	0	0	0	2.3	251
PAY	2021	4	6	21	0.3	-2.1	95.69	58.7	-7.96	0	0	0	2.5	269
PAY	2021	4	6	22	0.4	-1.9	95.68	58.8	-7.84	0	0	0	2.7	285
PAY	2021	4	6	23	-0.2	-2.1	95.67	61.2	-7.96	0	0	0	2.7	256
PAY	2021	4	7	0	0.3	-2.2	95.67	58.8	-7.94	0	0	0	3	270
PAY	2021	4	7	1	-1.3	-2	95.79	86.1	-4.08	0	0	0	3.6	293
PAY	2021	4	7	2	-1.1	-2	95.79	80.2	-5.06	0	0	0	1.9	278
PAY	2021	4	7	3	-0.5	-2.3	95.88	61.6	-8.18	0	0	0	1.4	278
PAY	2021	4	7	4	-0.8	-3	95.97	59.6	-8.88	0	0	0	2.4	280
PAY	2021	4	7	5	-0.9	-3.3	96.08	58.2	-9.26	0	0	0	2.5	269
PAY	2021	4	7	6	-1.4	-3.5	96.2	57.3	-9.94	19	0	63	4.1	266
PAY	2021	4	7	7	-1	-3.5	96.3	56.4	-9.72	103	2.976086375	102	2	266
PAY	2021	4	7	8	0.5	-3.1	96.38	47.7	-9.96	209	179.0606592	121	2.1	245
PAY	2021	4	7	9	0.7	-2.5	96.46	47.2	-9.86	331	295.4474934	148	2.5	265
PAY	2021	4	7	10	1.9	-1.9	96.5	44.5	-9.2	716	791.6852996	153	2.5	239
PAY	2021	4	7	11	2.8	-1.1	96.52	40	-9.2	769	794.2774393	165	2.8	244
PAY	2021	4	7	12	3.7	-1	96.55	36.9	-8.92	722	729.1056493	165	2.6	248
PAY	2021	4	7	13	3.5	-0.5	96.58	33.2	-9.86	677	711.0693943	164	2.8	264
PAY	2021	4	7	14	4.3	-0.5	96.57	36.2	-8.46	432	451.3637404	145	3.5	278
PAY	2021	4	7	15	4.6	-0.4	96.59	33.4	-8.72	365	467.8280571	125	3.6	283
PAY	2021	4	7	16	4	-0.3	96.61	34.1	-9.18	237	384.7063673	98	3.2	283
PAY	2021	4	7	17	4	-0.3	96.61	37.2	-8.56	165	580.771458	54	3.2	284
PAY	2021	4	7	18	3.5	-0.4	96.64	39.9	-8.52	59	0	0	2.9	268
PAY	2021	4	7	19	0.9	-1.1	96.68	54.9	-8.12	1	0	0	1.7	237
PAY	2021	4	7	20	-0.1	-2.1	96.72	57.5	-8.6	0	0	0	2	225
PAY	2021	4	7	21	-0.7	-2.7	96.73	60.4	-8.62	0	0	0	2.7	222
PAY	2021	4	7	22	-1.6	-3.1	96.76	66.5	-8.3	0	0	0	2.7	220
PAY	2021	4	7	23	-1.7	-3.5	96.76	65.6	-8.58	0	0	0	2.1	218
PAY	2021	4	8	0	-2.2	-3.7	96.77	67.7	-8.66	0	0	0	2.6	217
PAY	2021	4	8	1	-2.2	-3.9	96.76	66.9	-8.82	0	0	0	2.6	216
PAY	2021	4	8	2	-2.7	-4.1	96.76	68	-9.1	0	0	0	1.5	215
PAY	2021	4	8	3	-3.3	-4.7	96.77	69.7	-9.36	0	0	0	1.4	214
PAY	2021	4	8	4	-3.9	-5	96.77	71.8	-9.54	0	0	0	0.9	214
PAY	2021	4	8	5	-4	-5.2	96.75	74	-9.2	0	0	0	1.3	213
PAY	2021	4	8	6	-3.3	-5.2	96.78	75.3	-8.24	56	0	62	1	212
PAY	2021	4	8	7	-0.3	-3.2	96.8	66.1	-7.08	228	386.7537818	96	1	214
PAY	2021	4	8	8	2.5	-1.4	96.81	51.8	-7.14	423	614.285781	118	1.1	220
PAY	2021	4	8	9	4.3	0	96.8	43.6	-6.98	599	752.9613719	129	1.8	226
PAY	2021	4	8	10	6.1	1.1	96.75	36.4	-6.62	738	841.1543993	136	1.9	231
PAY	2021	4	8	11	7.8	1.4	96.7	30.4	-6.12	827	906.1980611	134	2	234
PAY	2021	4	8	12	8.8	2.2	96.64	32.8	-4.64	858	937.4693727	138	1.9	238
PAY	2021	4	8	13	8.8	3	96.56	31.2	-4.96	832	967.8084876	130	2.1	245
PAY	2021	4	8	14	11	3.6	96.49	28.4	-3.32	751	975.5565215	127	2.3	247
PAY	2021	4	8	15	11.6	3.7	96.42	22.9	-3.82	626	994.6973355	112	2.1	247
PAY	2021	4	8	16	12.2	3.7	96.39	14.9	-4.82	461	1000	90	2.7	245
PAY	2021	4	8	17	11.7	3.3	96.37	15.8	-5.14	267	1000	54	2.8	245
PAY	2021	4	8	18	10.2	3.2	96.34	23.7	-5.06	79	0	0	1.6	246
PAY	2021	4	8	19	5.8	1.9	96.34	40.5	-6.1	0	0	0	1.2	241
PAY	2021	4	8	20	5.2	0.6	96.37	36.1	-7.58	0	0	0	2	236
PAY	2021	4	8	21	3	-0.1	96.37	46.2	-7.76	0	0	0	2.8	231
PAY	2021	4	8	22	0.5	-1.4	96.36	58.4	-7.82	0	0	0	2.4	230
PAY	2021	4	8	23	0.9	-1.8	96.35	51.8	-8.74	0	0	0	2	234
PAY	2021	4	9	0	0.3	-2.5	96.33	58.7	-7.96	0	0	0	1.7	240
PAY	2021	4	9	1	0	-2.2	96.32	61	-7.8	0	0	0	1.6	247
PAY	2021	4	9	2	-0.2	-2.3	96.31	64.4	-7.32	0	0	0	1.3	250
PAY	2021	4	9	3	-0.3	-2.4	96.28	62.5	-7.8	0	0	0	1.1	241
PAY	2021	4	9	4	-0.3	-2.2	96.26	65.7	-7.16	0	0	0	0.6	258
PAY	2021	4	9	5	0.2	-2	96.26	69.1	-5.98	0	0	2	0.8	273
PAY	2021	4	9	6	0.6	-1.5	96.27	74.7	-4.46	34	0	87	1.1	279
PAY	2021	4	9	7	3.5	-0.3	96.27	60.1	-4.48	142	124.0835682	99	1.5	279
PAY	2021	4	9	8	6.1	2.6	96.24	59.7	-1.96	227	227.3122735	113	1.5	298
PAY	2021	4	9	9	10.5	4.2	96.23	44.3	-0.64	406	434.0600573	133	2.3	287
PAY	2021	4	9	10	11.1	5.4	96.2	39.4	-1.02	593	629.0223692	140	6	278
PAY	2021	4	9	11	13.5	6.3	96.1	36.2	0.74	785	845.287608	135	5.8	274
PAY	2021	4	9	12	14.1	6.6	96.03	29.5	0	861	948.1304082	129	6.9	272
PAY	2021	4	9	13	16.3	7	95.98	28.9	2.08	743	833.7881344	135	7.2	280
PAY	2021	4	9	14	15.8	7.7	95.91	28.9	1.58	730	937.2436618	127	6.2	280
PAY	2021	4	9	15	14.8	7.1	95.89	31.5	1.1	235	230.5760924	115	6.3	319
PAY	2021	4	9	16	14.8	7.1	95.87	30.4	0.88	166	203.3738127	91	6.5	327
PAY	2021	4	9	17	14.2	6.9	95.88	32.3	0.66	87	166.0283268	54	6.6	334
PAY	2021	4	9	18	13.7	6.7	95.87	33.8	0.46	31	0	0	7	332
PAY	2021	4	9	19	12.1	6.5	95.88	41.5	0.4	1	0	0	5	294
PAY	2021	4	9	20	11.7	6.3	95.88	45.2	0.74	0	0	0	3.8	284
PAY	2021	4	9	21	11.1	6.5	95.9	50.3	1.16	0	0	0	4	312
PAY	2021	4	9	22	11.1	6.6	95.91	50.8	1.26	0	0	0	5.3	324
PAY	2021	4	9	23	10.7	6.5	95.94	53.2	1.34	0	0	0	5.8	325
PAY	2021	4	10	0	10.5	6.4	95.94	54.7	1.44	0	0	0	5.3	334
PAY	2021	4	10	1	9.7	6.2	95.94	56.8	1.06	0	0	0	5.6	317
PAY	2021	4	10	2	9.8	5.7	95.93	51	0	0	0	0	5	311
PAY	2021	4	10	3	8.5	5.4	95.94	61	0.7	0	0	0	5.6	329
PAY	2021	4	10	4	6.4	5.2	95.98	82.3	2.86	0	0	0	4.4	332
PAY	2021	4	10	5	6.5	5	95.94	79.2	2.34	0	0	5	2.9	328
PAY	2021	4	10	6	7	5.1	95.95	77.1	2.42	25	0	66	2.6	319
PAY	2021	4	10	7	8.2	5.6	95.94	70	2.2	174	210.3918708	100	2	305
PAY	2021	4	10	8	9.1	6.2	95.92	67.7	2.64	311	363.3093265	127	2	306
PAY	2021	4	10	9	11	6.4	95.91	45.6	0.12	437	462.4166142	144	2	295
PAY	2021	4	10	10	13.6	6.8	95.86	41.3	1.86	640	670.7275686	154	3	288
PAY	2021	4	10	11	13.4	7.1	95.82	38.9	1.18	620	585.9182044	167	3.8	328
PAY	2021	4	10	12	13.6	7.5	95.76	38.4	1.28	510	453.6018916	158	3.9	342
PAY	2021	4	10	13	13.6	7.4	95.69	39	1.4	343	270.1213548	145	4.7	344
PAY	2021	4	10	14	13.8	7.2	95.65	38.4	1.48	372	373.9915165	130	4.9	338
PAY	2021	4	10	15	14.3	7.9	95.58	39.9	2.28	394	534.2542237	114	5.2	314
PAY	2021	4	10	16	13.7	7.8	95.52	40.8	1.86	215	327.5439008	93	5.3	334
PAY	2021	4	10	17	13.1	7.7	95.53	45.4	2.18	160	533.2055524	52	4.2	319
PAY	2021	4	10	18	12.1	7.2	95.52	47.9	1.68	30	0	0	4.1	329
PAY	2021	4	10	19	10.8	6.8	95.52	53.6	1.52	0	0	0	3.1	316
PAY	2021	4	10	20	9.5	6.3	95.54	60.4	1.58	0	0	0	3.2	305
PAY	2021	4	10	21	8.4	6	95.52	66.7	1.74	0	0	0	2.1	306
PAY	2021	4	10	22	7.5	5.5	95.52	72.1	1.92	0	0	0	1.2	309
PAY	2021	4	10	23	9.2	5.8	95.53	61.4	1.48	0	0	0	0.8	329
PAY	2021	4	11	0	7.7	5.9	95.51	76.5	3	0	0	0	1	325
PAY	2021	4	11	1	8.1	5.7	95.43	70.5	2.2	0	0	0	1.3	315
PAY	2021	4	11	2	7.9	5.5	95.38	70.9	2.08	0	0	0	1.3	307
PAY	2021	4	11	3	6.9	5.2	95.35	79.6	2.82	0	0	0	1	317
PAY	2021	4	11	4	6.7	5.3	95.35	79.7	2.64	0	0	0	1.5	315
PAY	2021	4	11	5	6.3	5.2	95.34	83.6	3.02	0	0	9	1.1	317
PAY	2021	4	11	6	7.2	5.2	95.37	80.1	3.22	60	0	63	1.3	294
PAY	2021	4	11	7	9.5	6.1	95.37	69.2	3.34	200	294.2391827	95	1.3	291
PAY	2021	4	11	8	11.5	7.3	95.36	59.9	3.48	401	561.2722572	114	1.6	279
PAY	2021	4	11	9	14.6	8.8	95.34	49.5	4.5	606	759.8922894	121	2	287
PAY	2021	4	11	10	15.4	9.5	95.31	45.5	4.5	743	838.1970922	132	2.9	294
PAY	2021	4	11	11	17	10.6	95.28	42.2	5.44	829	894.1643773	134	3.9	299
PAY	2021	4	11	12	17.8	10.6	95.24	38.3	5.46	803	857.780194	134	5.6	324
PAY	2021	4	11	13	17.4	10.8	95.25	42	5.8	762	864.6019125	125	7.1	328
PAY	2021	4	11	14	16.6	10.4	95.28	47.1	6.02	330	318.1055905	123	6.7	353
PAY	2021	4	11	15	15.4	10.3	95.33	49.9	5.38	414	576.0649804	110	5.7	347
PAY	2021	4	11	16	11.8	9.5	95.41	67.2	5.24	108	47.85571347	90	6.2	354
PAY	2021	4	11	17	11.2	9.1	95.46	76.8	6.56	31	0	54	3.9	354
PAY	2021	4	11	18	9.9	9	95.59	85.8	7.06	4	0	0	2.9	355
PAY	2021	4	11	19	9.3	8.6	95.65	89.7	7.24	0	0	0	2.3	351
PAY	2021	4	11	20	8.6	8.1	95.79	92.4	7.08	0	0	0	2.1	349
PAY	2021	4	11	21	8.1	7.8	95.83	93.2	6.74	0	0	0	2.1	345
PAY	2021	4	11	22	7	6.8	95.93	86.7	4.34	0	0	0	2.9	342
PAY	2021	4	11	23	6	5.8	96.05	90.6	4.12	0	0	0	2.4	337
PAY	2021	4	12	0	4.6	4.5	96.15	89.4	2.48	0	0	0	3.1	332
PAY	2021	4	12	1	3.8	3.4	96.19	91.3	2.06	0	0	0	3.4	327
PAY	2021	4	12	2	3.2	2.9	96.27	90.7	1.34	0	0	0	3.1	325
PAY	2021	4	12	3	2.3	2	96.34	91.7	0.64	0	0	0	2.3	323
PAY	2021	4	12	4	1.9	1.6	96.38	93.9	0.68	0	0	0	2.7	320
PAY	2021	4	12	5	1.7	1.4	96.45	93.6	0.42	0	0	11	2.9	319
PAY	2021	4	12	6	2	1.5	96.55	93.5	0.7	9	0	66	1.6	320
PAY	2021	4	12	7	2	1.4	96.62	91.5	0.3	47	0	96	1.4	322
PAY	2021	4	12	8	2.5	1.8	96.7	90.1	0.52	101	0	113	2.5	321
PAY	2021	4	12	9	4	2.3	96.74	83.4	0.68	252	189.792929	130	3.7	313
PAY	2021	4	12	10	4.3	2.6	96.76	73	-1.1	370	317.7669025	137	4.6	310
PAY	2021	4	12	11	5.3	3.1	96.75	71	-0.5	482	444.1213487	135	5.2	298
PAY	2021	4	12	12	5.1	3.1	96.77	64	-2.1	512	487.3861271	130	5.3	297
PAY	2021	4	12	13	5.7	3.1	96.78	61.1	-2.08	421	324.1246864	181	5.1	298
PAY	2021	4	12	14	6.6	3.2	96.8	53.3	-2.74	513	302.5963308	315	4.7	280
PAY	2021	4	12	15	7.2	2.9	96.81	43.2	-4.16	627	931.6685935	132	4.7	259
PAY	2021	4	12	16	7.2	2.6	96.83	42.8	-4.24	333	471.3464847	154	4.5	275
PAY	2021	4	12	17	6.2	2.4	96.84	51.3	-3.54	193	571.2687746	73	4.6	247
PAY	2021	4	12	18	4.6	2.2	96.86	60.7	-3.26	86	0	0	4.1	240
PAY	2021	4	12	19	3.2	1.5	96.91	72.9	-2.22	2	0	0	2.5	237
PAY	2021	4	12	20	2.5	1.1	96.94	78.8	-1.74	0	0	0	1.3	236
PAY	2021	4	12	21	1.8	0.7	96.94	78.2	-2.56	0	0	0	1.9	233
PAY	2021	4	12	22	-0.2	-0.1	96.94	92.2	-1.76	0	0	0	1.5	230
PAY	2021	4	12	23	-0.6	-0.9	96.96	90.9	-2.42	0	0	0	0.7	228
PAY	2021	4	13	0	-0.9	-1.2	96.97	93.9	-2.12	0	0	0	0.6	227
PAY	2021	4	13	1	-1.5	-1.7	96.94	94.4	-2.62	0	0	0	1.1	225
PAY	2021	4	13	2	-2	-1.9	96.94	94.5	-3.1	0	0	0	1.1	224
PAY	2021	4	13	3	-2.1	-2.4	96.96	93.2	-3.46	0	0	0	1.2	224
PAY	2021	4	13	4	-2.1	-2.3	96.95	93.9	-3.32	0	0	0	1	230
PAY	2021	4	13	5	-2	-2.3	96.97	93.2	-3.36	1	0	14	1.1	235
PAY	2021	4	13	6	-1.5	-2.2	96.98	91.5	-3.2	73	25.53265064	68	1	226
PAY	2021	4	13	7	1.3	-0.6	96.98	79.7	-2.76	244	384.2659717	103	1.3	225
PAY	2021	4	13	8	4.1	1.3	96.97	74.9	-0.92	440	610.4604139	122	2.5	230
PAY	2021	4	13	9	6.2	2.5	96.94	53.9	-3.02	622	752.3570726	135	4	239
PAY	2021	4	13	10	7.8	2.8	96.95	50.9	-2.02	816	904.4380121	149	5.4	253
PAY	2021	4	13	11	6.6	2.6	96.93	48.6	-3.68	694	659.6098106	176	5.9	270
PAY	2021	4	13	12	6.4	3	96.92	46.2	-4.36	635	540.9052445	209	5.7	269
PAY	2021	4	13	13	7.2	2.7	96.91	39.6	-4.88	566	361.5080503	297	5.7	283
PAY	2021	4	13	14	8	3.2	96.87	38.8	-4.24	731	752.3911348	236	5.9	256
PAY	2021	4	13	15	8.1	3.8	96.85	47.3	-2.44	644	796.4783787	218	5.6	257
PAY	2021	4	13	16	7.8	3.2	96.84	45.3	-3.14	493	889.4890868	152	5.3	261
PAY	2021	4	13	17	5.6	2.6	96.87	55.9	-3.22	194	561.3231244	74	5.5	263
PAY	2021	4	13	18	4.4	2	96.88	63.2	-2.96	70	1000	0	4.6	240
PAY	2021	4	13	19	3.4	1.4	96.93	67	-3.2	2	0	0	3.2	237
PAY	2021	4	13	20	2.1	0.9	96.97	73.4	-3.22	0	0	0	2.9	233
PAY	2021	4	13	21	1.8	0.2	96.93	72.7	-3.66	0	0	0	1.7	231
PAY	2021	4	13	22	0.9	-0.2	96.89	82.2	-2.66	0	0	0	2.1	230
PAY	2021	4	13	23	0.6	-0.3	96.86	81.8	-3.04	0	0	0	2.2	228
PAY	2021	4	14	0	0.2	-0.4	96.81	87.8	-2.24	0	0	0	2.7	226
PAY	2021	4	14	1	0.1	-0.8	96.78	83.7	-3.16	0	0	0	1.3	224
PAY	2021	4	14	2	-0.3	-1	96.73	87.4	-2.82	0	0	0	2.7	223
PAY	2021	4	14	3	-0.9	-1.3	96.7	86.6	-3.58	0	0	0	2.1	221
PAY	2021	4	14	4	-0.5	-1.6	96.66	82.6	-3.98	0	0	0	2.4	220
PAY	2021	4	14	5	-1.3	-1.8	96.68	86.1	-4.08	1	0	8	2.4	219
PAY	2021	4	14	6	-0.4	-1.8	96.7	82.5	-3.9	76	0	84	1.5	219
PAY	2021	4	14	7	1.8	-0.4	96.72	75.6	-3.08	251	306.5481266	137	3.4	221
PAY	2021	4	14	8	4.2	1.1	96.7	61.5	-3.5	448	614.5209437	125	4	229
PAY	2021	4	14	9	5.4	1.6	96.68	50.5	-4.5	631	764.1237977	133	6	234
PAY	2021	4	14	10	6	2	96.67	44.3	-5.14	738	811.7116988	136	6.7	238
PAY	2021	4	14	11	6.3	2.3	96.63	46	-4.5	772	802.0316062	139	7	246
PAY	2021	4	14	12	7.5	2.7	96.6	39.8	-4.54	827	877.0299512	133	6.9	255
PAY	2021	4	14	13	8.3	2.9	96.58	36.8	-4.34	771	850.6051033	135	6.3	255
PAY	2021	4	14	14	8.6	3	96.54	35.3	-4.34	725	910.1584595	123	6	254
PAY	2021	4	14	15	8.5	2.7	96.51	37.3	-4.04	493	711.4107804	110	5.5	257
PAY	2021	4	14	16	8	2.1	96.49	29.3	-6.14	365	721.0431441	86	5.4	249
PAY	2021	4	14	17	7.8	2.1	96.5	32	-5.8	312	1000	54	5.5	253
PAY	2021	4	14	18	5.8	1.7	96.52	42.3	-5.74	110	1000	0	5	251
PAY	2021	4	14	19	4.1	1.1	96.57	55	-4.9	2	0	0	3.9	236
PAY	2021	4	14	20	3.2	0.7	96.61	59.7	-4.86	0	0	0	3.3	234
PAY	2021	4	14	21	2.8	0.4	96.62	61.8	-4.84	0	0	0	2.5	233
PAY	2021	4	14	22	2.2	0	96.6	63.1	-5.18	0	0	0	2.4	232
PAY	2021	4	14	23	1.5	-0.3	96.6	66.7	-5.16	0	0	0	2.5	231
PAY	2021	4	15	0	1.1	-0.8	96.59	69.7	-4.96	0	0	0	1.8	229
PAY	2021	4	15	1	0.4	-0.9	96.54	75.1	-4.58	0	0	0	2.4	228
PAY	2021	4	15	2	0.5	-1.1	96.52	74.2	-4.66	0	0	0	2.3	227
PAY	2021	4	15	3	-1.6	-1.7	96.51	87.2	-4.16	0	0	0	1.6	225
PAY	2021	4	15	4	-1.8	-2.4	96.51	86.7	-4.46	0	0	0	1.4	224
PAY	2021	4	15	5	-2.1	-2.5	96.51	86.8	-4.74	2	0	20	1.9	224
PAY	2021	4	15	6	-0.4	-2.2	96.55	82.9	-3.82	78	67.92122449	64	1.7	224
PAY	2021	4	15	7	1.9	-0.4	96.54	73.1	-3.48	244	395.4670885	95	2.3	227
PAY	2021	4	15	8	4.2	1.3	96.52	63.3	-3.14	455	635.5594351	118	4.4	240
PAY	2021	4	15	9	5.4	2	96.52	54.8	-3.64	649	777.3344415	139	5.8	243
PAY	2021	4	15	10	6.2	2.2	96.5	48.8	-4.04	687	732.1533781	141	6.9	244
PAY	2021	4	15	11	7.2	2.7	96.48	44.5	-3.9	835	871.2467914	144	6.8	255
PAY	2021	4	15	12	8.1	2.9	96.43	40.8	-3.74	811	830.2014591	151	6.7	258
PAY	2021	4	15	13	8.1	2.8	96.4	37.6	-4.38	664	690.8493942	145	7	263
PAY	2021	4	15	14	8.1	2.7	96.36	40.3	-3.84	544	622.6507344	130	7.2	266
PAY	2021	4	15	15	7.3	3.2	96.32	41	-4.5	609	911.7051679	115	6.6	267
PAY	2021	4	15	16	7.3	2.7	96.3	38.3	-5.04	367	706.8178749	91	6	269
PAY	2021	4	15	17	6.3	2.3	96.32	46.3	-4.44	165	492.8666521	56	6.1	284
PAY	2021	4	15	18	5.9	1.7	96.31	44.3	-5.24	81	1000	0	5.3	257
PAY	2021	4	15	19	5	1.5	96.37	47.7	-5.46	5	0	0	4.4	269
PAY	2021	4	15	20	3.6	0.9	96.4	56.7	-5.06	0	0	0	4.1	241
PAY	2021	4	15	21	3.2	0.5	96.38	56.2	-5.56	0	0	0	4.1	239
PAY	2021	4	15	22	2.9	0.2	96.35	58.5	-5.4	0	0	0	4.4	259
PAY	2021	4	15	23	2.4	0.1	96.32	60.8	-5.44	0	0	0	4.3	253
PAY	2021	4	16	0	1.7	-0.4	96.27	64.7	-5.36	0	0	0	3	245
PAY	2021	4	16	1	1.2	-0.7	96.23	67.5	-5.3	0	0	0	2.9	239
PAY	2021	4	16	2	0.9	-0.9	96.23	69.7	-5.16	0	0	0	3.2	250
PAY	2021	4	16	3	0.9	-0.9	96.21	69.5	-5.2	0	0	0	4.2	249
PAY	2021	4	16	4	0.1	-1.2	96.2	72.7	-5.36	0	0	0	3.4	232
PAY	2021	4	16	5	-1.4	-2	96.22	82.4	-4.92	2	0	9	2.1	227
PAY	2021	4	16	6	0.4	-1.8	96.24	71.1	-5.38	82	61.55924954	69	2.8	224
PAY	2021	4	16	7	2.3	-0.5	96.23	62.7	-5.16	255	414.0546793	97	3.9	227
PAY	2021	4	16	8	3.8	0.7	96.24	58.3	-4.54	445	594.6108919	127	5.1	231
PAY	2021	4	16	9	4.9	1.5	96.23	54.7	-4.16	611	732.9088849	127	6	236
PAY	2021	4	16	10	7	2.5	96.22	49.8	-3.04	754	828.2407031	133	6.3	242
PAY	2021	4	16	11	7.8	3.2	96.18	45.1	-3.18	806	828.1844595	146	6	248
PAY	2021	4	16	12	8.3	3.6	96.14	39.6	-3.78	829	869.0095222	135	6.3	249
PAY	2021	4	16	13	9.2	4	96.12	40.9	-2.62	793	865.194927	140	6.3	251
PAY	2021	4	16	14	9.4	4.1	96.07	37.6	-3.08	752	933.6703103	128	6.7	251
PAY	2021	4	16	15	9.9	4	96.04	35.2	-3.06	639	960.9758442	115	6.6	251
PAY	2021	4	16	16	9.3	3.7	96.05	35.9	-3.52	474	926.4076266	109	6.7	252
PAY	2021	4	16	17	8.4	3.2	96.07	37.2	-4.16	287	934.1357389	77	6	250
PAY	2021	4	16	18	7.3	2.7	96.1	40.3	-4.64	109	1000	0	5.6	250
PAY	2021	4	16	19	5	2.1	96.15	54.3	-4.14	3	0	0	4.2	246
PAY	2021	4	16	20	4.1	1.5	96.21	58.3	-4.24	0	0	0	3.4	241
PAY	2021	4	16	21	3.9	1.2	96.19	58.3	-4.44	0	0	0	4.5	239
PAY	2021	4	16	22	3.4	0.9	96.2	59.5	-4.7	0	0	0	4.9	237
PAY	2021	4	16	23	2.7	0.5	96.21	62	-4.9	0	0	0	4.7	236
PAY	2021	4	17	0	2	0.1	96.21	65.6	-4.88	0	0	0	4.3	235
PAY	2021	4	17	1	1.3	-0.4	96.18	68.7	-4.96	0	0	0	3.3	233
PAY	2021	4	17	2	0.9	-0.8	96.17	70.8	-4.94	0	0	0	3	232
PAY	2021	4	17	3	0.1	-1.1	96.17	75.3	-4.84	0	0	0	2.4	231
PAY	2021	4	17	4	-1.1	-2	96.17	81.3	-4.84	0	0	0	1.1	230
PAY	2021	4	17	5	-1.8	-2.2	96.17	87	-4.4	3	0	24	1.3	231
PAY	2021	4	17	6	0	-1.6	96.18	81.7	-3.66	80	0	87	1.5	232
PAY	2021	4	17	7	2	-0.1	96.18	74.3	-3.14	212	289.8935522	100	3.2	234
PAY	2021	4	17	8	3.6	1	96.15	67.8	-2.84	350	411.6466726	128	4.6	239
PAY	2021	4	17	9	5.1	2	96.14	62.8	-2.34	533	579.2890257	148	5.2	244
PAY	2021	4	17	10	7	3	96.1	56.8	-1.64	680	724.3762928	134	6	248
PAY	2021	4	17	11	8.4	3.8	96.05	51.5	-1.3	799	820.5646552	142	6.6	250
PAY	2021	4	17	12	9.6	4.3	96.01	48.6	-0.68	831	858.9153402	142	6.8	254
PAY	2021	4	17	13	9.4	4.6	95.99	42.2	-2.16	753	804.5528999	143	7.2	262
PAY	2021	4	17	14	9.8	4.6	95.95	41.8	-1.84	577	378.136132	323	6.9	264
PAY	2021	4	17	15	9.8	4.3	95.92	40.2	-2.16	472	415.5440499	244	6.9	265
PAY	2021	4	17	16	9.4	4.5	95.93	42.2	-2.16	330	493.1107123	134	7.2	267
PAY	2021	4	17	17	8.6	4.4	95.97	47.7	-1.86	279	871.1496617	80	7	263
PAY	2021	4	17	18	7.8	3.9	96	49.5	-2.3	78	1000	0	5.7	257
PAY	2021	4	17	19	6.3	3.2	96.05	55.6	-2.58	4	0	0	4	260
PAY	2021	4	17	20	4.9	2.6	96.08	63.3	-2.44	0	0	0	2.8	258
PAY	2021	4	17	21	5.8	2.5	96.09	60.7	-2.06	0	0	0	2	297
PAY	2021	4	17	22	4.9	2.8	96.09	65.7	-1.96	0	0	0	2.5	280
PAY	2021	4	17	23	4	2	96.08	69.5	-2.1	0	0	0	1.7	261
PAY	2021	4	18	0	2.9	1.4	96.07	73.6	-2.38	0	0	0	1.5	248
PAY	2021	4	18	1	3.4	1.1	96.04	68.5	-2.9	0	0	0	1.9	244
PAY	2021	4	18	2	0.2	0.1	96.03	85.6	-2.68	0	0	0	1.6	247
PAY	2021	4	18	3	0.8	-0.5	96.02	81.8	-2.84	0	0	0	1.3	254
PAY	2021	4	18	4	0.6	-0.4	96.02	85.1	-2.38	0	0	0	0.9	284
PAY	2021	4	18	5	0.6	-0.3	96.03	88.1	-1.78	2	0	26	1.2	281
PAY	2021	4	18	6	1.3	0.2	96.08	83.7	-1.96	39	0	72	1.1	276
PAY	2021	4	18	7	3	1.3	96.1	78.6	-1.28	133	56.26052253	111	1.3	286
PAY	2021	4	18	8	5.4	2.8	96.11	71.9	-0.22	197	143.4556388	119	2.1	305
PAY	2021	4	18	9	7.1	4.4	96.1	65.6	0.22	457	478.494626	137	3.6	300
PAY	2021	4	18	10	8.3	4.8	96.09	59.5	0.2	589	587.3391154	144	3.9	272
PAY	2021	4	18	11	7.8	5	96.09	59.8	-0.24	473	395.3509751	155	3.6	311
PAY	2021	4	18	12	9.3	5.2	96.06	54.8	0.26	572	527.504727	147	4.3	304
PAY	2021	4	18	13	10.4	5.9	96.06	50.7	0.54	735	714.30962	191	4	296
PAY	2021	4	18	14	10.9	5.8	96.04	49.6	0.82	568	394.0414047	302	4.4	295
PAY	2021	4	18	15	9.7	5.6	96.03	51.1	-0.08	447	429.3172464	210	4.8	280
PAY	2021	4	18	16	9.3	5.4	96.06	51.4	-0.42	328	399.0751206	168	5.1	300
PAY	2021	4	18	17	8.7	5.1	96.11	55.9	-0.12	127	241.3421542	71	4.1	305
PAY	2021	4	18	18	7.8	4.7	96.14	59.5	-0.3	55	966.7341675	0	3.4	298
PAY	2021	4	18	19	7	4.2	96.19	63.2	-0.36	3	0	0	2.8	296
PAY	2021	4	18	20	6	3.8	96.23	68.3	-0.34	0	0	0	2.3	287
PAY	2021	4	18	21	4.7	3.3	96.23	77.5	0.2	0	0	0	1.4	286
PAY	2021	4	18	22	4.5	3.3	96.22	78.3	0.16	0	0	0	1.5	293
PAY	2021	4	18	23	4.4	2.8	96.2	76.2	-0.36	0	0	0	1.5	268
PAY	2021	4	19	0	1.3	1.6	96.16	89.3	-0.84	0	0	0	1.4	248
PAY	2021	4	19	1	0.9	0.5	96.14	90.8	-0.94	0	0	0	0.8	244
PAY	2021	4	19	2	0.3	0	96.13	91	-1.5	0	0	0	0.9	243
PAY	2021	4	19	3	-0.4	-0.3	96.14	94.9	-1.42	0	0	0	1.6	244
PAY	2021	4	19	4	-0.3	-0.7	96.13	95	-1.3	0	0	0	0.7	240
PAY	2021	4	19	5	-1.1	-1.1	96.16	95	-2.1	3	0	26	0.9	239
PAY	2021	4	19	6	0.1	-0.9	96.17	93.6	-1.18	85	0	108	1	238
PAY	2021	4	19	7	2.5	1	96.18	84.3	-0.64	262	176.9202848	192	1	241
PAY	2021	4	19	8	6.4	3.2	96.15	73.5	1.1	453	324.7722989	275	1.3	248
PAY	2021	4	19	9	8.3	5.1	96.13	63.3	0.96	626	422.085094	342	2.4	254
PAY	2021	4	19	10	9.7	5.8	96.1	50.7	-0.16	764	496.3961243	386	3.6	261
PAY	2021	4	19	11	11.4	6.3	96.06	48.6	1.12	848	547.0535454	406	3.2	266
PAY	2021	4	19	12	12.1	6.7	96.02	43.3	0.76	885	621.6580425	382	3.3	279
PAY	2021	4	19	13	12.5	6.7	96	39	0.3	660	397.431664	356	3.8	309
PAY	2021	4	19	14	13.1	6	95.97	36	0.3	653	524.8023721	297	4.2	300
PAY	2021	4	19	15	12.5	6.1	95.95	34.4	-0.62	405	356.524262	207	4.3	318
PAY	2021	4	19	16	11.8	5.8	95.95	40.6	-0.08	164	9.892523451	160	4	327
PAY	2021	4	19	17	11.4	6	95.97	40.4	-0.52	123	190.99194	78	2.9	305
PAY	2021	4	19	18	9.6	5.7	95.97	53.4	0.28	46	741.63254	1	2.3	301
PAY	2021	4	19	19	7.7	5.2	96	61.4	-0.02	5	0	0	1.3	275
PAY	2021	4	19	20	5.9	3.7	96.02	66.8	-0.74	0	0	0	1.1	262
PAY	2021	4	19	21	5.2	2.9	96	67.6	-1.28	0	0	0	0.8	264
PAY	2021	4	19	22	4.1	2.5	95.98	77.8	-0.34	0	0	0	1	282
PAY	2021	4	19	23	3.6	2.4	95.99	79.9	-0.42	0	0	0	1.2	279
PAY	2021	4	20	0	2.5	1.9	95.97	82.3	-1.04	0	0	0	1.2	258
PAY	2021	4	20	1	1.3	1	95.94	87.2	-1.26	0	0	0	1.2	251
PAY	2021	4	20	2	0.7	0.4	95.93	88.3	-1.64	0	0	0	1.6	249
PAY	2021	4	20	3	0.3	0	95.92	89	-1.9	0	0	0	1.3	248
PAY	2021	4	20	4	0.1	-0.3	95.91	90.7	-1.76	0	0	0	0.9	246
PAY	2021	4	20	5	0.3	-0.6	95.92	87.6	-2.18	2	0	24	1.1	246
PAY	2021	4	20	6	1	-0.3	95.94	87.9	-1.42	50	0	78	1.1	265
PAY	2021	4	20	7	5.1	2.4	95.95	73	-0.3	309	499.7392908	109	1.1	271
PAY	2021	4	20	8	7.3	4	95.93	65.4	0.38	459	568.4709063	145	1.4	264
PAY	2021	4	20	9	8.9	5.1	95.9	58.8	0.66	621	568.7986661	236	1.9	260
PAY	2021	4	20	10	11.4	6.5	95.87	52	1.8	761	648.1505382	265	2.2	267
PAY	2021	4	20	11	12.8	7.3	95.8	45.6	1.92	850	757.8405086	235	2.2	272
PAY	2021	4	20	12	13.7	7.4	95.74	41.3	1.96	886	871.3697187	178	2.5	275
PAY	2021	4	20	13	14.3	7.9	95.7	35.6	1.42	860	932.0543473	144	2.5	279
PAY	2021	4	20	14	15.1	8	95.65	31.5	1.4	788	940.4348998	147	2.2	282
PAY	2021	4	20	15	16	8.4	95.62	34.4	2.88	665	819.8394902	207	2.5	285
PAY	2021	4	20	16	15.7	8	95.61	32.7	2.24	515	929.5308077	136	2.7	295
PAY	2021	4	20	17	14.7	8.3	95.61	37.4	2.18	349	1000	81	3.4	322
PAY	2021	4	20	18	13.4	7.6	95.63	40.5	1.5	92	1000	1	2.6	291
PAY	2021	4	20	19	10.4	6.8	95.68	54.7	1.34	4	0	0	2	277
PAY	2021	4	20	20	9.3	5.9	95.72	57.7	0.84	0	0	0	1.9	272
PAY	2021	4	20	21	7.9	4.8	95.73	63	0.5	0	0	0	1	269
PAY	2021	4	20	22	5.8	4.1	95.74	73.6	0.52	0	0	0	1.2	264
PAY	2021	4	20	23	4.3	3.3	95.76	78.3	-0.04	0	0	0	1.1	261
PAY	2021	4	21	0	3.7	2.6	95.77	81.3	-0.04	0	0	0	1.2	258
PAY	2021	4	21	1	2.5	1.8	95.75	85.5	-0.4	0	0	0	1.9	258
PAY	2021	4	21	2	2.7	1.3	95.75	85.4	-0.22	0	0	0	1.8	265
PAY	2021	4	21	3	3	2.3	95.77	84.1	-0.18	0	0	0	2.4	270
PAY	2021	4	21	4	2.1	1.5	95.77	87	-0.5	0	0	0	1.7	266
PAY	2021	4	21	5	2	1.7	95.8	88.5	-0.3	9	0	11	2.3	263
PAY	2021	4	21	6	4.3	2.3	95.85	84.5	1.2	111	343.9440852	30	1.5	264
PAY	2021	4	21	7	7.4	4.4	95.88	70.4	1.48	266	360.772319	120	1.1	266
PAY	2021	4	21	8	9.1	5.8	95.9	64.5	2	457	409.6527046	229	1.4	275
PAY	2021	4	21	9	10.5	6.5	95.92	59.5	2.4	383	114.569675	305	1.2	291
PAY	2021	4	21	10	13.1	7.6	95.9	52.6	3.62	492	208.0757116	332	1.6	318
PAY	2021	4	21	11	13.4	8	95.86	48.9	3.18	465	116.5639695	370	2.9	323
PAY	2021	4	21	12	15.4	9	95.8	46.8	4.76	893	628.798232	380	2.2	300
PAY	2021	4	21	13	16	9	95.77	40.4	4.08	656	374.6304071	367	2.4	316
PAY	2021	4	21	14	14.4	8.3	95.76	44.7	3.34	291	0	305	2.6	337
PAY	2021	4	21	15	12.5	8	95.8	52.8	3.06	91	0	242	3	344
PAY	2021	4	21	16	9.9	8	95.87	79.1	5.72	49	0	172	3.7	348
PAY	2021	4	21	17	10.3	7.9	95.89	71	4.5	33	0	85	3.8	347
PAY	2021	4	21	18	10.5	7.9	95.89	68.1	4.12	117	1000	2	4.6	332
PAY	2021	4	21	19	9.1	7.4	95.95	74.9	4.08	18	0	0	3.9	293
PAY	2021	4	21	20	6.9	6.7	96.01	85.6	4.02	0	0	0	1.3	274
PAY	2021	4	21	21	6.5	5.2	96	87.6	4.02	0	0	0	1.7	269
PAY	2021	4	21	22	5.2	4.9	96.03	92.3	3.66	0	0	0	1.2	268
PAY	2021	4	21	23	4.3	3.8	96.06	91.9	2.68	0	0	0	1.8	265
PAY	2021	4	22	0	4.3	3.6	96.07	91.6	2.62	0	0	0	2.1	263
PAY	2021	4	22	1	3.1	3.2	96.06	95.3	2.16	0	0	0	1.2	261
PAY	2021	4	22	2	3	2.9	96.08	93.8	1.76	0	0	0	1.7	283
PAY	2021	4	22	3	3.5	2.9	96.1	93.6	2.22	0	0	0	1.7	314
PAY	2021	4	22	4	3.8	3.4	96.12	93.8	2.56	0	0	0	1.4	316
PAY	2021	4	22	5	3.7	3.4	96.13	92.7	2.24	6	0	30	1.1	299
PAY	2021	4	22	6	4.7	3.5	96.2	91.5	3	96	49.96587247	84	1.1	259
PAY	2021	4	22	7	7.1	5.1	96.2	83.2	3.74	270	383.7756693	113	0.9	263
PAY	2021	4	22	8	9.8	6.6	96.21	76.3	5.06	461	608.1624939	120	1.1	268
PAY	2021	4	22	9	11.1	7.9	96.22	65.1	4.12	629	736.1111983	125	2.2	274
PAY	2021	4	22	10	14.2	9.3	96.2	53.2	4.84	764	814.1574833	135	2.6	280
PAY	2021	4	22	11	15.4	9.7	96.19	48.7	5.14	854	877.2950959	136	3.3	287
PAY	2021	4	22	12	16.4	10	96.15	41.4	4.68	790	810.6352367	126	3.9	298
PAY	2021	4	22	13	17.3	10.3	96.12	38.5	5	859	948.8699436	124	4.2	297
PAY	2021	4	22	14	17.5	9.9	96.11	37.2	4.94	796	972.4399171	127	5.4	299
PAY	2021	4	22	15	17.6	9.9	96.09	32.9	4.18	639	927.2732546	115	5.2	295
PAY	2021	4	22	16	17.4	9.6	96.09	33	4	479	926.6199317	95	5.2	294
PAY	2021	4	22	17	16.4	9	96.12	37.3	3.86	273	853.0266329	63	4.9	292
PAY	2021	4	22	18	14.5	9.1	96.17	48.7	4.24	120	1000	8	5.6	297
PAY	2021	4	22	19	13.1	8.5	96.25	49.7	3.04	7	0	0	3.9	287
PAY	2021	4	22	20	11.7	7.4	96.32	51.5	2	0	0	0	3.2	280
PAY	2021	4	22	21	8.9	6.5	96.36	62.6	1.42	0	0	0	2	275
PAY	2021	4	22	22	9	6	96.36	59.2	0.84	0	0	0	2.1	273
PAY	2021	4	22	23	7.5	4.9	96.4	65.2	0.54	0	0	0	1.4	268
PAY	2021	4	23	0	5.9	4.3	96.41	70.7	0.04	0	0	0	0.9	266
PAY	2021	4	23	1	6	3.6	96.42	70.7	0.14	0	0	0	1.1	263
PAY	2021	4	23	2	5.2	3.5	96.43	75.5	0.3	0	0	0	1.7	260
PAY	2021	4	23	3	4.3	3.1	96.46	81.8	0.66	0	0	0	1.3	257
PAY	2021	4	23	4	3.4	2.7	96.47	84.4	0.28	0	0	0	1.2	254
PAY	2021	4	23	5	2.7	1.7	96.53	84.4	-0.42	7	0	34	1	251
PAY	2021	4	23	6	5	2.5	96.6	77.9	0.58	112	175.6876737	69	0.9	250
PAY	2021	4	23	7	7.4	3.8	96.64	55.7	-1.46	294	461.9946051	103	1.3	253
PAY	2021	4	23	8	9.1	4.6	96.64	47.4	-1.42	485	644.5133874	121	2	258
PAY	2021	4	23	9	12.4	5.9	96.6	44.5	1.3	659	758.1956135	137	2.6	263
PAY	2021	4	23	10	13.9	7.5	96.57	43.2	2.54	791	834.9066333	143	4.3	269
PAY	2021	4	23	11	15.8	8.5	96.55	34.4	2.68	876	888.3145385	146	5.5	276
PAY	2021	4	23	12	16.8	9.1	96.5	33.4	3.48	908	947.3197794	129	5.8	278
PAY	2021	4	23	13	18.1	9.1	96.48	29.2	3.94	882	970.7719555	127	5.6	281
PAY	2021	4	23	14	18.5	9	96.44	25	3.5	802	968.0611639	133	5.4	282
PAY	2021	4	23	15	18.4	8.5	96.38	21.7	2.74	675	978.4160795	119	5.3	282
PAY	2021	4	23	16	18.5	8.3	96.37	22.2	2.94	507	981.5680826	97	5	282
PAY	2021	4	23	17	17.4	7.9	96.37	23.5	2.1	312	1000	62	4.9	282
PAY	2021	4	23	18	15.8	7.5	96.39	25.4	0.88	126	1000	11	4.2	281
PAY	2021	4	23	19	13	6.6	96.45	32.9	-0.42	10	0	0	2.5	278
PAY	2021	4	23	20	11	5.5	96.49	36.6	-1.68	0	0	0	1.7	275
PAY	2021	4	23	21	7.8	4.6	96.5	54.5	-1.3	0	0	0	1.1	270
PAY	2021	4	23	22	6.8	3.9	96.5	59.8	-1.24	0	0	0	0.7	267
PAY	2021	4	23	23	5.4	3.1	96.5	67.9	-1.02	0	0	0	1.4	265
PAY	2021	4	24	0	4.5	2.4	96.5	63.3	-2.84	0	0	0	1.4	263
PAY	2021	4	24	1	3.6	1.6	96.47	67.6	-2.88	0	0	0	1.6	260
PAY	2021	4	24	2	2.8	1.1	96.46	73.1	-2.58	0	0	0	2.2	257
PAY	2021	4	24	3	2.2	0.8	96.47	77.5	-2.3	0	0	0	2.6	254
PAY	2021	4	24	4	2.2	0.6	96.49	76.7	-2.46	0	0	0	1.8	252
PAY	2021	4	24	5	0.9	0.4	96.52	84.1	-2.28	9	0	37	1.8	252
PAY	2021	4	24	6	4.6	1.7	96.57	68.7	-1.66	119	176.5171227	75	1.3	255
PAY	2021	4	24	7	8.4	4.1	96.58	55.9	-0.42	299	356.7316973	150	1.1	260
PAY	2021	4	24	8	10.3	5	96.54	44.2	-0.86	489	485.2718848	213	1.3	267
PAY	2021	4	24	9	12.7	6.2	96.52	38.4	0.38	653	749.7829442	134	1.5	274
PAY	2021	4	24	10	15.1	7.5	96.46	40	3.1	779	805.5194444	151	1.5	281
PAY	2021	4	24	11	17.3	9	96.38	37.4	4.78	863	808.4145213	196	1.8	289
PAY	2021	4	24	12	18.5	10.4	96.3	37.2	5.94	886	820.1389366	209	1.5	299
PAY	2021	4	24	13	20.5	11.5	96.25	30.5	6.6	857	818.3862418	218	2.3	306
PAY	2021	4	24	14	20.8	11.6	96.19	34.2	7.64	782	788.0274288	235	2.2	311
PAY	2021	4	24	15	21.1	11.6	96.15	29.9	7.08	659	752.5451123	229	1.9	313
PAY	2021	4	24	16	20.5	11.7	96.12	32.4	6.98	457	719.7903195	154	2.5	316
PAY	2021	4	24	17	20.4	11.1	96.11	29.8	6.36	230	620.3263035	73	2.2	318
PAY	2021	4	24	18	19.3	11	96.09	35	6.3	124	1000	11	2.4	338
PAY	2021	4	24	19	16.1	10.7	96.12	54.6	7.02	13	0	0	1.5	350
PAY	2021	4	24	20	14.5	9.9	96.15	52.9	5.08	0	0	0	1.6	330
PAY	2021	4	24	21	11.6	8.6	96.17	59.6	3.52	0	0	0	1.3	298
PAY	2021	4	24	22	10.2	7.3	96.15	64.4	3.08	0	0	0	1.9	288
PAY	2021	4	24	23	9	6.9	96.17	67.5	2.5	0	0	0	1.2	286
PAY	2021	4	25	0	7.5	6.2	96.16	78.1	3.12	0	0	0	1.3	291
PAY	2021	4	25	1	7.3	5.7	96.14	78.6	3.02	0	0	0	1.3	288
PAY	2021	4	25	2	7.2	5.5	96.15	78.4	2.88	0	0	0	1.6	295
PAY	2021	4	25	3	4.9	4.9	96.16	88.5	2.6	0	0	0	1.3	275
PAY	2021	4	25	4	5.5	4.7	96.16	83.4	2.18	0	0	0	1.5	283
PAY	2021	4	25	5	5	4.1	96.17	85.3	2.06	12	0	35	1.1	268
PAY	2021	4	25	6	7.6	5.1	96.19	80.1	3.62	124	3.941544332	123	1	267
PAY	2021	4	25	7	10.5	7	96.2	69.1	4.32	299	426.6815605	119	1.3	271
PAY	2021	4	25	8	12.4	7.7	96.19	51.2	2.64	487	366.7078259	277	3	276
PAY	2021	4	25	9	14.3	8.3	96.17	49.3	4.16	652	523.1016137	288	3.7	282
PAY	2021	4	25	10	16.9	9.8	96.13	43	5.5	780	537.6502778	359	3.4	290
PAY	2021	4	25	11	18.4	10.5	96.07	38	6	868	854.7658761	160	3.4	295
PAY	2021	4	25	12	19.4	10.7	96.02	34	6.2	901	595.0078674	408	3.4	297
PAY	2021	4	25	13	19.9	10.9	96	28.7	5.64	871	734.8571231	295	3.5	299
PAY	2021	4	25	14	20.3	10.1	95.92	21.5	4.6	792	994.0341411	99	2.5	299
PAY	2021	4	25	15	20.3	10.2	95.82	26.5	5.6	657	718.9052448	244	3	299
PAY	2021	4	25	16	19.7	9.9	95.77	26.9	5.08	458	886.415788	82	3.2	301
PAY	2021	4	25	17	19.1	9.9	95.77	25.2	4.14	276	760.2162174	81	4	301
PAY	2021	4	25	18	16.6	9.3	95.79	35.5	3.7	75	856.4063359	4	4.1	305
PAY	2021	4	25	19	15.2	8.5	95.83	36.8	2.56	6	0	0	4.3	306
PAY	2021	4	25	20	13.8	7.8	95.85	39.5	1.7	0	0	0	2.4	305
PAY	2021	4	25	21	12.2	7.2	95.84	46.9	1.58	0	0	0	1.8	305
PAY	2021	4	25	22	11.7	7	95.82	50	1.7	0	0	0	2	306
PAY	2021	4	25	23	11.6	7	95.79	51	1.8	0	0	0	3.2	303
PAY	2021	4	26	0	10.8	6.6	95.78	50.9	0.98	0	0	0	3.3	302
PAY	2021	4	26	1	10.1	6	95.75	50.4	0.18	0	0	0	3.2	312
PAY	2021	4	26	2	9.8	5.4	95.74	48.8	-0.44	0	0	0	3.2	322
PAY	2021	4	26	3	9.2	5	95.71	49.2	-0.96	0	0	0	2.8	326
PAY	2021	4	26	4	9	4.6	95.7	46.9	-1.62	0	0	0	2.6	329
PAY	2021	4	26	5	8.1	4.4	95.7	55.7	-0.76	2	0	43	2.1	330
PAY	2021	4	26	6	8.4	4.3	95.72	54.3	-0.74	28	0	86	2.2	330
PAY	2021	4	26	7	8.8	4.6	95.71	50.4	-1.12	91	0	212	1.8	329
PAY	2021	4	26	8	9.5	4.8	95.7	46.6	-1.18	237	0	289	1.4	320
PAY	2021	4	26	9	10.4	5.4	95.69	43.7	-0.86	449	137.2558621	353	1.7	303
PAY	2021	4	26	10	12	6.1	95.63	43.9	0.78	690	601.4891298	217	2	289
PAY	2021	4	26	11	14.3	7.8	95.52	46.3	3.56	711	488.2996799	305	2	296
PAY	2021	4	26	12	15.6	9.2	95.42	41.3	3.86	821	800.8736146	155	3.5	299
PAY	2021	4	26	13	17.4	10.3	95.35	42.8	5.96	809	922.731314	83	4.1	303
PAY	2021	4	26	14	16.9	10.3	95.27	41.1	5.12	595	762.7101267	61	5	310
PAY	2021	4	26	15	17.2	10	95.19	39.7	5.14	502	464.0399604	234	5.2	312
PAY	2021	4	26	16	16.5	9.6	95.16	40.3	4.56	296	425.8587296	114	4.7	320
PAY	2021	4	26	17	15.9	9.4	95.13	42.2	4.34	171	577.1645635	21	4.2	337
PAY	2021	4	26	18	15	9	95.12	41.5	3.3	64	612.5476155	11	3.5	336
PAY	2021	4	26	19	13.9	8.1	95.1	42.1	2.32	7	0	0	3.1	314
PAY	2021	4	26	20	12.6	7.4	95.11	45.4	1.68	0	0	0	2.2	299
PAY	2021	4	26	21	11.4	7	95.09	49.7	1.34	0	0	0	2	293
PAY	2021	4	26	22	10.5	6.3	95.07	50	0.5	0	0	0	3.1	289
PAY	2021	4	26	23	10.2	5.6	95.04	45.8	-0.64	0	0	0	2.7	287
PAY	2021	4	27	0	9.1	4.9	95	49.5	-1	0	0	0	1.9	286
PAY	2021	4	27	1	6.7	4.3	94.98	68.3	0.36	0	0	0	1.8	288
PAY	2021	4	27	2	5.9	3.8	94.97	66.6	-0.78	0	0	0	1	288
PAY	2021	4	27	3	4.9	3.5	94.96	75.5	0	0	0	0	0.7	280
PAY	2021	4	27	4	5.2	3.1	94.94	70.3	-0.74	0	0	0	1.4	291
PAY	2021	4	27	5	4.5	2.8	94.97	74.1	-0.68	11	0	37	1.2	271
PAY	2021	4	27	6	7	3.6	95.01	68.7	0.74	131	22.86961296	125	0.8	273
PAY	2021	4	27	7	8.6	4.3	95	51.7	-1.06	265	132.5629435	208	1	272
PAY	2021	4	27	8	10.1	4.9	94.99	48.3	-0.24	496	482.5510723	216	1.8	268
PAY	2021	4	27	9	11.8	6	94.97	43.7	0.54	660	741.1913919	139	1.8	271
PAY	2021	4	27	10	13.2	7.1	94.93	42.1	1.62	795	854.8034999	120	2	275
PAY	2021	4	27	11	14.2	7.9	94.88	39.9	2.18	878	920.2556699	110	1.8	280
PAY	2021	4	27	12	16.6	9	94.81	42.5	5.1	904	963.3769075	100	2	286
PAY	2021	4	27	13	17.4	9.8	94.75	35.5	4.5	878	983.9036929	101	2.2	291
PAY	2021	4	27	14	17.9	10.4	94.71	35.2	4.94	790	971.4594384	107	2.3	296
PAY	2021	4	27	15	19	10.6	94.66	33.3	5.66	660	937.0422805	116	2	299
PAY	2021	4	27	16	18.9	10.7	94.63	33.1	5.52	493	805.9818185	146	1.9	302
PAY	2021	4	27	17	17.8	10.7	94.62	38.4	5.48	307	980.0637149	49	2.6	302
PAY	2021	4	27	18	17.1	9.9	94.64	38.7	4.84	108	1000	3	2.5	308
PAY	2021	4	27	19	15	10.1	94.67	52.2	5.44	14	0	0	1.1	345
PAY	2021	4	27	20	13.4	9.2	94.72	54.5	4.3	0	0	0	1.3	310
PAY	2021	4	27	21	10.8	8.6	94.74	72	5.2	0	0	0	0.9	324
PAY	2021	4	27	22	11.7	8.4	94.77	66.3	4.96	0	0	0	1	345
PAY	2021	4	27	23	11.4	8.6	94.77	70.5	5.5	0	0	0	1.1	340
PAY	2021	4	28	0	11	8	94.76	64.7	3.94	0	0	0	1.5	327
PAY	2021	4	28	1	11.2	8	94.75	63	3.8	0	0	0	2	343
PAY	2021	4	28	2	10.6	8	94.75	71.9	4.98	0	0	0	1.7	348
PAY	2021	4	28	3	9.8	8.3	94.75	81.8	6.16	0	0	0	1.6	345
PAY	2021	4	28	4	10.4	8	94.77	71.9	4.78	0	0	0	2	337
PAY	2021	4	28	5	10.4	8.2	94.82	75.4	5.48	2	0	25	2.1	342
PAY	2021	4	28	6	11.1	8.5	94.82	73.7	5.84	55	60.02328268	39	1.4	329
PAY	2021	4	28	7	12.8	9.4	94.84	70.5	6.9	134	112.9222285	85	1.6	328
PAY	2021	4	28	8	14.3	10.1	94.86	61.4	6.58	267	0	283	3	324
PAY	2021	4	28	9	15.8	10.4	94.85	52.2	6.24	593	404.9012296	307	4.8	316
PAY	2021	4	28	10	17.6	11.1	94.81	47.1	7.02	787	761.8016108	183	4.1	307
PAY	2021	4	28	11	18	11.1	94.77	44	6.8	902	820.2208925	215	4.4	315
PAY	2021	4	28	12	19	11.5	94.74	35.3	6.06	799	628.0761925	273	4	342
PAY	2021	4	28	13	16.4	11.9	94.76	56	7.6	638	663.6581667	112	6	354
PAY	2021	4	28	14	14.8	11	94.79	62.7	7.34	283	252.1416616	105	6.3	359
PAY	2021	4	28	15	16	11.3	94.75	57.1	7.42	416	620.3667862	54	5.1	349
PAY	2021	4	28	16	14.8	10.8	94.76	61.5	7.1	210	348.2011952	59	6.3	353
PAY	2021	4	28	17	13.7	10.8	94.76	70.2	7.74	58	67.52277038	40	4.9	356
PAY	2021	4	28	18	13	10.8	94.75	76.1	8.22	45	437.6355419	4	4.8	343
PAY	2021	4	28	19	12.6	10.6	94.78	77.8	8.16	6	0	0	3.9	332
PAY	2021	4	28	20	11.9	10.6	94.84	87.2	9.34	0	0	0	3.8	351
PAY	2021	4	28	21	11.9	10.8	94.86	85.7	9.04	0	0	0	3.7	355
PAY	2021	4	28	22	11.2	10.3	94.9	89.1	9.02	0	0	0	4.5	357
PAY	2021	4	28	23	11.1	10.3	94.95	90	9.1	0	0	0	3.9	359
PAY	2021	4	29	0	10.7	10	94.97	90.8	8.86	0	0	0	3.3	351
PAY	2021	4	29	1	10.3	9.7	94.99	91.6	8.62	0	0	0	2.5	352
PAY	2021	4	29	2	9.8	9.5	95.04	93.2	8.44	0	0	0	1.7	355
PAY	2021	4	29	3	9.8	9.3	95.05	91.4	8.08	0	0	0	3	342
PAY	2021	4	29	4	9.4	9	95.05	93.6	8.12	0	0	0	2.4	335
PAY	2021	4	29	5	9.5	8.8	95.07	91.2	7.74	4	0	39	1.7	337
PAY	2021	4	29	6	9.7	8.7	95.08	89.9	7.68	44	0	132	1.7	334
PAY	2021	4	29	7	11.4	9.2	95.08	80.2	7.44	231	258.1155285	118	2.5	312
PAY	2021	4	29	8	12.1	9.3	95.09	74.3	6.96	328	110.6344557	263	3	319
PAY	2021	4	29	9	12.7	9.6	95.1	68.5	6.4	408	88.7709653	345	3	326
PAY	2021	4	29	10	13.2	9.9	95.13	65.9	6.38	314	55.27721446	270	3.1	337
PAY	2021	4	29	11	14.2	10.1	95.11	62.8	6.76	326	61.86481606	274	3.4	345
PAY	2021	4	29	12	14.7	9.9	95.1	50.5	4.8	471	301.0710664	218	4.6	341
PAY	2021	4	29	13	15.6	10.1	95.1	49.6	5.52	434	81.72084879	369	4.4	345
PAY	2021	4	29	14	14.6	9.8	95.1	53.1	5.22	321	0	322	4.8	351
PAY	2021	4	29	15	15.2	10.1	95.09	53.8	5.96	308	119.3594966	238	4.2	346
PAY	2021	4	29	16	14	10.2	95.12	62.7	6.54	172	190.0394748	89	3.8	351
PAY	2021	4	29	17	12.7	9.8	95.14	68.5	6.4	54	0	64	3.4	352
PAY	2021	4	29	18	12.3	9.6	95.18	70	6.3	14	0	20	2.3	351
PAY	2021	4	29	19	11.8	9.6	95.22	74.7	6.74	1	0	0	1.9	353
PAY	2021	4	29	20	11.5	9.6	95.26	77.5	7	0	0	0	1.7	352
PAY	2021	4	29	21	11.1	9.4	95.29	80.9	7.28	0	0	0	1.4	351
PAY	2021	4	29	22	10.7	9.3	95.32	85.2	7.74	0	0	0	1	350
PAY	2021	4	29	23	10.2	7.8	95.33	69.9	4.18	0	0	0	1.5	346
PAY	2021	4	30	0	9.9	7.7	95.33	73.9	4.68	0	0	0	1.4	344
PAY	2021	4	30	1	9.5	7.8	95.29	81.7	5.84	0	0	0	0.8	343
PAY	2021	4	30	2	9.4	7.8	95.25	77.5	4.9	0	0	0	0.8	336
PAY	2021	4	30	3	8.9	7.4	95.24	83	5.5	0	0	0	1.1	339
PAY	2021	4	30	4	8.9	7.7	95.23	84.7	5.84	0	0	0	1.1	343
PAY	2021	4	30	5	8.8	7.6	95.19	88.2	6.44	19	107.9589344	8	0.9	328
PAY	2021	4	30	6	9.3	8	95.18	86.1	6.52	59	131.0363836	23	0.8	342
PAY	2021	4	30	7	10.1	8.6	95.14	84.4	6.98	157	115.4975197	106	1.6	341
PAY	2021	4	30	8	10.7	8.9	95.14	82.3	7.16	226	204.7253293	105	2.6	348
PAY	2021	4	30	9	10.7	9.1	95.21	82.6	7.22	200	112.208071	120	2.5	349
PAY	2021	4	30	10	9.1	8.6	95.32	92.6	7.62	80	0	142	3.1	355
PAY	2021	4	30	11	9.4	8.5	95.35	90.8	7.56	131	0	140	1.4	350
PAY	2021	4	30	12	8.9	8.4	95.38	89.2	6.74	122	0	158	2	349
PAY	2021	4	30	13	8.6	7.9	95.37	89.4	6.48	115	0	187	2.1	348
PAY	2021	4	30	14	8.9	8	95.36	90.4	6.98	100	0	110	0.9	349
PAY	2021	4	30	15	9	8.3	95.36	93.5	7.7	60	0	126	0.9	352
PAY	2021	4	30	16	9.1	8.5	95.39	92.1	7.52	55	0	187	0.7	354
PAY	2021	4	30	17	8.9	8.4	95.4	91.5	7.2	29	7.322047706	27	0.8	354
PAY	2021	4	30	18	8.8	8.5	95.42	94.7	7.74	30	109.1915002	19	1.4	354
PAY	2021	4	30	19	8.5	8.2	95.46	96.5	7.8	10	0	0	1.8	347
PAY	2021	4	30	20	8	7.8	95.53	93.8	6.76	0	0	0	2	350
PAY	2021	4	30	21	7.7	7.4	95.52	95.6	6.82	0	0	0	2.9	352
PAY	2021	4	30	22	7.8	7.4	95.53	97.2	7.24	0	0	0	2	348
PAY	2021	4	30	23	7.5	7.5	95.53	96.9	6.88	0	0	0	2.7	348
PAY	2021	5	1	0	7.1	7	95.52	96.6	6.42	0	0	0	2.5	345
PAY	2021	5	1	1	6.9	6.8	95.48	97.1	6.32	0	0	0	1.9	344
PAY	2021	5	1	2	7	6.7	95.41	97.5	6.5	0	0	0	2.1	344
PAY	2021	5	1	3	6.6	6.5	95.37	95.4	5.68	0	0	0	2.9	343
PAY	2021	5	1	4	6.3	6.2	95.32	96.5	5.6	0	0	0	2.7	342
PAY	2021	5	1	5	6.5	6.2	95.33	96	5.7	1	0	22	2	345
PAY	2021	5	1	6	6.3	6.2	95.33	95.6	5.42	19	0	23	2.3	346
PAY	2021	5	1	7	6.6	6.2	95.31	94.1	5.42	60	8.983426035	56	2.4	345
PAY	2021	5	1	8	7	6.4	95.34	94.9	5.98	87	0	120	2.5	345
PAY	2021	5	1	9	7.2	6.5	95.35	93.7	5.94	77	0	148	1.7	342
PAY	2021	5	1	10	8.1	7	95.3	89.7	6.04	167	47.37951636	129	1.6	339
PAY	2021	5	1	11	8.1	7.6	95.29	91.9	6.48	155	64.99087335	100	1.6	350
PAY	2021	5	1	12	8.4	7.7	95.28	89.8	6.36	130	0	168	1.5	347
PAY	2021	5	1	13	8.6	7.9	95.24	94.3	7.46	138	0	145	1.9	350
PAY	2021	5	1	14	8.9	8	95.2	89.3	6.76	163	109.1905927	85	3.2	351
PAY	2021	5	1	15	8	7.8	95.23	93.5	6.7	75	0	108	3.3	350
PAY	2021	5	1	16	7.7	7.4	95.23	94.4	6.58	96	112.9071665	46	3.1	347
PAY	2021	5	1	17	7.1	7	95.25	95.2	6.14	44	0	74	2.9	345
PAY	2021	5	1	18	6.6	6.5	95.31	94.8	5.56	18	134.3225665	4	2.6	340
PAY	2021	5	1	19	6.4	6.2	95.38	95.3	5.46	1	0	0	1.9	340
PAY	2021	5	1	20	6.2	6	95.47	95.6	5.32	0	0	0	1.4	340
PAY	2021	5	1	21	5.8	5.4	95.53	90.8	3.96	0	0	0	1.6	340
PAY	2021	5	1	22	5.5	5.1	95.59	95.2	4.54	0	0	0	1.7	339
PAY	2021	5	1	23	5.5	5.1	95.64	93.3	4.16	0	0	0	2	336
PAY	2021	5	2	0	5.3	4.9	95.66	94.3	4.16	0	0	0	1.8	335
PAY	2021	5	2	1	5.4	5	95.69	94.2	4.24	0	0	0	2	334
PAY	2021	5	2	2	5.3	5	95.73	94.9	4.28	0	0	0	2.5	334
PAY	2021	5	2	3	5.3	5	95.76	94.9	4.28	0	0	0	2.8	333
PAY	2021	5	2	4	5.2	4.9	95.8	95.6	4.32	0	0	0	2.2	328
PAY	2021	5	2	5	5.2	5	95.86	95.3	4.26	6	0	50	1.8	311
PAY	2021	5	2	6	5.1	4.7	95.91	94.1	3.92	56	0	76	1.8	271
PAY	2021	5	2	7	6.3	5.1	95.97	85.2	3.34	218	207.1836685	125	2.5	258
PAY	2021	5	2	8	7.7	5.9	96.01	73.3	2.36	400	485.0931373	110	1.9	287
PAY	2021	5	2	9	8.1	5.8	96.03	70.6	2.22	281	193.2517434	142	1.9	316
PAY	2021	5	2	10	9.4	5.9	96.03	56.8	0.76	661	480.7752922	274	1.4	295
PAY	2021	5	2	11	8.7	6.6	96.04	66.7	2.04	694	615.9898314	171	3	298
PAY	2021	5	2	12	8.1	6	96.1	72.5	2.6	244	124.9190688	138	3.7	318
PAY	2021	5	2	13	8.3	5.7	96.12	63.9	1.08	337	261.3477208	127	4.8	323
PAY	2021	5	2	14	7.7	5.9	96.11	78.8	3.46	208	171.5342411	85	3.6	330
PAY	2021	5	2	15	10.1	6.9	96.09	65.7	3.24	580	862.1106829	67	4	298
PAY	2021	5	2	16	5.4	5.3	96.21	87.2	2.84	81	85.23282424	43	4.2	333
PAY	2021	5	2	17	7.4	5.5	96.19	82.9	3.98	182	590.1262176	17	2.6	306
PAY	2021	5	2	18	6.4	5.6	96.23	80.7	2.54	112	891.493494	16	2.5	272
PAY	2021	5	2	19	5.7	4.7	96.3	86.2	2.94	10	0	0	2.1	282
PAY	2021	5	2	20	4.8	4.3	96.38	90.5	2.9	0	0	0	1.1	269
PAY	2021	5	2	21	3.9	3.9	96.43	94.4	2.78	0	0	0	1.2	257
PAY	2021	5	2	22	3	3	96.46	94.5	1.9	0	0	0	1.2	251
PAY	2021	5	2	23	2.6	2.5	96.51	93.4	1.28	0	0	0	1.7	252
PAY	2021	5	3	0	2.3	2.1	96.51	94.9	1.28	0	0	0	1.4	254
PAY	2021	5	3	1	1.6	1.6	96.49	98	1.2	0	0	0	1.8	248
PAY	2021	5	3	2	1.5	1	96.5	94.8	0.46	0	0	0	1	244
PAY	2021	5	3	3	0.7	0.5	96.49	98.2	0.34	0	0	0	1.3	242
PAY	2021	5	3	4	0.8	0.3	96.5	95.5	-0.1	0	0	0	1.2	240
PAY	2021	5	3	5	0	-0.2	96.53	98.2	-0.36	22	61.25924123	15	1	239
PAY	2021	5	3	6	2.2	1.1	96.58	93	0.8	153	45.397228	140	1.1	239
PAY	2021	5	3	7	4.8	3	96.6	85.7	1.94	340	282.9322696	212	1	244
PAY	2021	5	3	8	5.8	4.2	96.6	85	2.8	530	404.2626367	287	1.5	248
PAY	2021	5	3	9	8.5	5.9	96.58	76.2	3.74	704	563.4725641	297	1.9	255
PAY	2021	5	3	10	10	6.3	96.55	55.3	1.06	836	522.4107481	414	1.8	260
PAY	2021	5	3	11	11.2	6.4	96.48	45.3	0.26	921	595.2505188	414	2.1	261
PAY	2021	5	3	12	11.8	6.4	96.41	43.9	0.58	945	667.3149141	377	2	266
PAY	2021	5	3	13	12.8	6.8	96.33	40.6	0.92	915	687.2270432	361	2.4	270
PAY	2021	5	3	14	13.9	7.6	96.24	43.1	2.52	832	705.8249903	324	2.6	273
PAY	2021	5	3	15	14.7	8	96.15	40.3	2.76	702	1000	102	2.6	274
PAY	2021	5	3	16	14.5	8.2	96.08	37.6	2.02	534	862.2987143	147	2.6	274
PAY	2021	5	3	17	14.1	7.9	96.05	39.7	2.04	349	898.2159788	95	2.4	274
PAY	2021	5	3	18	13.4	7.7	96.05	41.5	1.7	163	1000	5	2.1	271
PAY	2021	5	3	19	11.2	7.2	96.04	50	1.2	21	0	0	1.6	269
PAY	2021	5	3	20	7.8	5.4	96.04	58.9	-0.42	0	0	0	1.8	264
PAY	2021	5	3	21	6.7	4.3	96.02	65.9	-0.12	0	0	0	2.5	258
PAY	2021	5	3	22	5.5	3.6	96	72.3	-0.04	0	0	0	2.6	255
PAY	2021	5	3	23	6.2	3.8	96.01	66.9	-0.42	0	0	0	3.3	254
PAY	2021	5	4	0	7.8	4.5	95.96	62.1	0.22	0	0	0	4.4	254
PAY	2021	5	4	1	7.5	4.8	95.88	64.8	0.46	0	0	0	4.3	257
PAY	2021	5	4	2	6.8	4.6	95.83	69.8	0.76	0	0	0	3.8	256
PAY	2021	5	4	3	5.9	3.9	95.76	72.7	0.44	0	0	0	3.3	254
PAY	2021	5	4	4	6.8	4.1	95.74	67.4	0.28	0	0	0	3.4	256
PAY	2021	5	4	5	7.4	4.5	95.72	66.5	0.7	29	93.04280245	18	3.6	264
PAY	2021	5	4	6	9.1	5.6	95.74	62.7	1.64	111	227.5346415	45	4	284
PAY	2021	5	4	7	10.4	6.4	95.75	58.2	2.04	169	256.6646443	52	6	299
PAY	2021	5	4	8	11.8	7	95.74	52.4	2.28	217	231.679528	77	6.2	325
PAY	2021	5	4	9	14.8	8.1	95.7	44	3.6	456	472.9296109	113	6.8	332
PAY	2021	5	4	10	15	8.6	95.67	46.8	4.36	592	587.2445072	116	8.4	314
PAY	2021	5	4	11	14.6	8.6	95.64	46.1	3.82	488	437.7445873	114	8.3	327
PAY	2021	5	4	12	15.9	9.2	95.56	39.7	3.84	921	951.1118069	109	9.9	307
PAY	2021	5	4	13	16.2	9.7	95.47	40	4.2	904	953.3831567	133	9.7	304
PAY	2021	5	4	14	16.4	9.5	95.37	41.6	4.72	714	901.2267182	63	10	308
PAY	2021	5	4	15	17.3	9.6	95.32	36.1	4.52	603	915.7695331	53	9.2	324
PAY	2021	5	4	16	16.4	9.7	95.27	39.4	4.28	370	743.8077635	34	8.1	346
PAY	2021	5	4	17	15.4	9.2	95.27	43.3	4.06	103	0	106	8.2	356
PAY	2021	5	4	18	14.2	9	95.22	47.8	3.76	40	113.5262795	27	6.4	347
PAY	2021	5	4	19	14.2	8.8	95.21	47.7	3.74	6	0	0	4.6	351
PAY	2021	5	4	20	14	8.8	95.23	49	3.8	0	0	0	5.3	351
PAY	2021	5	4	21	12.7	8.3	95.26	55.7	3.84	0	0	0	5.3	347
PAY	2021	5	4	22	11.7	9.2	95.23	73.4	6.38	0	0	0	6.9	331
PAY	2021	5	4	23	11.5	9	95.18	72	5.9	0	0	0	6	339
PAY	2021	5	5	0	12	9.2	95.09	72.1	6.42	0	0	0	5.3	347
PAY	2021	5	5	1	11.8	9.3	94.98	69.6	5.72	0	0	0	5.3	342
PAY	2021	5	5	2	10.3	8.9	94.96	82.3	6.76	0	0	0	5.4	350
PAY	2021	5	5	3	10.1	8.7	94.94	80.4	6.18	0	0	0	7.4	336
PAY	2021	5	5	4	9.1	8.2	94.99	87.1	6.52	0	0	0	8.2	341
PAY	2021	5	5	5	9.3	8.2	95.12	87	6.7	0	0	20	6.1	349
PAY	2021	5	5	6	7.9	6.7	95.25	75.7	3.04	38	27.24025511	30	5.4	336
PAY	2021	5	5	7	7	5.3	95.35	67.8	0.56	53	0	121	4.3	329
PAY	2021	5	5	8	7.7	4.8	95.43	63.3	0.36	118	103.7226842	55	4.1	319
PAY	2021	5	5	9	9.8	5.2	95.5	52.4	0.28	369	330.9765087	128	4.6	300
PAY	2021	5	5	10	9.5	5.8	95.55	52.2	-0.06	445	409.4605139	112	6	313
PAY	2021	5	5	11	11.8	6.4	95.59	45.2	0.84	948	1000	80	7.4	285
PAY	2021	5	5	12	11.3	6.4	95.61	40.2	-0.66	846	844.3838828	123	6.8	295
PAY	2021	5	5	13	12	6.4	95.62	40.7	0.14	776	835.7889457	98	7	286
PAY	2021	5	5	14	12.5	6.3	95.66	39.2	0.34	877	1000	141	7.9	277
PAY	2021	5	5	15	12.4	6.5	95.67	36.3	-0.34	709	1000	74	6.9	276
PAY	2021	5	5	16	11.6	5.7	95.68	38.6	-0.68	470	873.2473808	73	6.9	291
PAY	2021	5	5	17	11.1	5.3	95.7	35.5	-1.8	222	705.7546035	18	5.9	298
PAY	2021	5	5	18	10.1	5	95.7	43.9	-1.12	93	755.0196206	4	4.5	294
PAY	2021	5	5	19	9.6	4.6	95.73	44.1	-1.58	11	0	0	4	301
PAY	2021	5	5	20	9.1	4.5	95.8	46	-1.7	0	0	0	4.4	300
PAY	2021	5	5	21	8.2	4.3	95.8	51.1	-1.58	0	0	0	3.4	292
PAY	2021	5	5	22	7.8	4	95.79	50.9	-2.02	0	0	0	3.7	293
PAY	2021	5	5	23	7.1	3.6	95.76	54.1	-2.08	0	0	0	2.4	274
PAY	2021	5	6	0	7	3.6	95.75	57.5	-1.5	0	0	0	2.4	299
PAY	2021	5	6	1	5.9	3.4	95.68	65.9	-0.92	0	0	0	2.5	284
PAY	2021	5	6	2	5.8	3.3	95.64	67.1	-0.78	0	0	0	3.4	290
PAY	2021	5	6	3	6.3	3.6	95.58	65.4	-0.62	0	0	0	4	310
PAY	2021	5	6	4	5.8	3.6	95.51	69	-0.4	0	0	0	3.1	302
PAY	2021	5	6	5	6.2	3.8	95.5	72	0.6	13	0	45	2.7	313
PAY	2021	5	6	6	7.6	4.4	95.47	63	0.2	67	0	130	2.6	318
PAY	2021	5	6	7	8.9	5.2	95.4	62.9	1.48	127	103.7894967	79	2.9	326
PAY	2021	5	6	8	9.7	6	95.37	58.3	1.36	174	0	227	3.6	331
PAY	2021	5	6	9	8.9	6.2	95.41	65.4	1.98	123	0	213	4.4	338
PAY	2021	5	6	10	8	6.1	95.4	78.2	3.64	129	0	376	5.8	343
PAY	2021	5	6	11	8.6	6.5	95.31	77	4	133	0	217	4.6	342
PAY	2021	5	6	12	8.6	7.3	95.23	85.6	5.72	215	97.82271042	131	5.7	346
PAY	2021	5	6	13	8.6	7.6	95.17	89.4	6.48	183	97.09094439	104	6.8	346
PAY	2021	5	6	14	8.9	7.9	95.16	90.1	6.92	102	12.37172395	93	6.1	349
PAY	2021	5	6	15	9.6	8.5	95.13	89.8	7.56	84	49.50721484	54	5.9	353
PAY	2021	5	6	16	9.9	9.1	95.17	92.3	8.36	64	30.60204718	50	6.2	357
PAY	2021	5	6	17	10.1	9.3	95.18	87.2	7.54	28	0	30	7	357
PAY	2021	5	6	18	10.4	8.9	95.22	82.8	6.96	17	0	26	7.4	348
PAY	2021	5	6	19	10	8.6	95.29	83	6.6	12	0	0	5.5	317
PAY	2021	5	6	20	10.1	8.9	95.39	84.3	6.96	0	0	0	5.6	311
PAY	2021	5	6	21	9.8	8.5	95.44	84.1	6.62	0	0	0	5.2	292
PAY	2021	5	6	22	9.7	8.3	95.44	85.1	6.72	0	0	0	4.2	320
PAY	2021	5	6	23	9.7	8.2	95.46	79.2	5.54	0	0	0	4.3	332
PAY	2021	5	7	0	9.2	7.7	95.41	80	5.2	0	0	0	3.6	327
PAY	2021	5	7	1	9.5	7.8	95.41	80.2	5.54	0	0	0	3.3	334
PAY	2021	5	7	2	9.6	7.7	95.41	78.3	5.26	0	0	0	4.6	330
PAY	2021	5	7	3	8.7	7.9	95.45	86.2	5.94	0	0	0	4.9	334
PAY	2021	5	7	4	8.9	7.5	95.45	82.9	5.48	0	0	0	4.7	328
PAY	2021	5	7	5	8.8	7.4	95.52	81	5	13	0	42	4.8	334
PAY	2021	5	7	6	8.5	7.4	95.56	87	5.9	57	0	107	4.3	337
PAY	2021	5	7	7	9	7.7	95.6	83.4	5.68	70	0	234	4.4	343
PAY	2021	5	7	8	8.8	7.7	95.67	84.2	5.64	101	0	311	4.8	340
PAY	2021	5	7	9	8.9	7.4	95.83	83.5	5.6	122	0	374	3.8	340
PAY	2021	5	7	10	9.6	7.4	95.93	69.7	3.54	279	0	396	2.8	336
PAY	2021	5	7	11	10.1	7.5	95.99	68.2	3.74	603	192.5970363	437	3.7	328
PAY	2021	5	7	12	10.6	7.3	96.03	62.5	3.1	346	217.1666284	159	3.3	336
PAY	2021	5	7	13	11.5	7.7	96.03	59.4	3.38	439	264.6797041	223	3.5	330
PAY	2021	5	7	14	11.4	7.6	96.06	57	2.8	353	97.2658455	282	3.6	330
PAY	2021	5	7	15	12.5	8.1	96.06	63.3	5.16	536	478.1411425	245	1.7	310
PAY	2021	5	7	16	11.3	8.2	96.11	64.5	4.2	280	178.1401965	198	3.4	319
PAY	2021	5	7	17	11.1	8.2	96.13	66.9	4.48	185	254.0718331	110	2.5	306
PAY	2021	5	7	18	11	8.5	96.14	68.5	4.7	179	1000	25	2.2	301
PAY	2021	5	7	19	9.8	7.9	96.15	74.8	4.76	34	0	0	2.2	294
PAY	2021	5	7	20	7.8	7	96.18	86.5	5.1	0	0	0	1.3	286
PAY	2021	5	7	21	6.9	6	96.21	86.9	4.28	0	0	0	1.6	279
PAY	2021	5	7	22	6.1	5.9	96.2	91	4.3	0	0	0	1.4	289
PAY	2021	5	7	23	6.2	5.5	96.22	91.4	4.48	0	0	0	0.8	290
PAY	2021	5	8	0	6.3	5.7	96.22	92	4.7	0	0	0	1.6	311
PAY	2021	5	8	1	4.9	5.3	96.22	94.2	3.74	0	0	0	2.1	282
PAY	2021	5	8	2	4.6	4.5	96.19	94.7	3.54	0	0	0	2.5	275
PAY	2021	5	8	3	3.5	4	96.16	95.8	2.66	0	0	0	2.7	271
PAY	2021	5	8	4	2	2.3	96.14	97.3	1.46	0	0	0	1.7	257
PAY	2021	5	8	5	3.7	2.2	96.15	93	2.3	35	0	63	2.2	255
PAY	2021	5	8	6	5.5	4.1	96.19	89.6	3.42	158	62.49939892	139	1.3	258
PAY	2021	5	8	7	8	5.7	96.21	79.3	3.86	373	351.9974253	208	1.2	275
PAY	2021	5	8	8	9.5	7	96.19	74	4.3	471	256.4072766	313	1.2	291
PAY	2021	5	8	9	12	8.2	96.16	71.7	6.34	699	480.7653807	345	1.8	277
PAY	2021	5	8	10	12.7	9.6	96.11	69	6.5	815	533.5377345	377	2.5	283
PAY	2021	5	8	11	14.9	10.2	96.05	66.3	8.16	889	526.448312	434	2.2	292
PAY	2021	5	8	12	15.9	11	95.98	55.1	6.92	905	655.5275359	339	1.8	299
PAY	2021	5	8	13	18.8	11.3	95.89	37	6.2	897	648.7941195	366	2.7	308
PAY	2021	5	8	14	19.6	11.6	95.84	39.5	7.5	830	845.1580721	211	5	309
PAY	2021	5	8	15	20.5	12.2	95.78	38.5	8.2	620	567.7330761	273	5.1	320
PAY	2021	5	8	16	20.1	12.4	95.72	36.8	7.46	508	675.8770934	195	5.9	322
PAY	2021	5	8	17	20.8	12.7	95.68	41.5	9.1	274	536.5323299	114	5.1	316
PAY	2021	5	8	18	19.6	12.9	95.66	44.5	8.5	174	1000	32	4.4	311
PAY	2021	5	8	19	16.7	12.3	95.67	56.3	7.96	24	0	0	3.2	311
PAY	2021	5	8	20	15.2	11.4	95.68	62.5	7.7	0	0	0	2.3	310
PAY	2021	5	8	21	12.8	10.4	95.68	72.7	7.34	0	0	0	2.4	304
PAY	2021	5	8	22	10.3	9.7	95.68	85	7.3	0	0	0	1.9	298
PAY	2021	5	8	23	9	8.4	95.67	83.5	5.7	0	0	0	1.1	291
PAY	2021	5	9	0	9.3	7.7	95.66	79.7	5.24	0	0	0	1.4	292
PAY	2021	5	9	1	8.9	7.1	95.63	79.4	4.78	0	0	0	1.6	288
PAY	2021	5	9	2	8	6.6	95.6	80.2	4.04	0	0	0	1.1	288
PAY	2021	5	9	3	6.5	6	95.59	88.6	4.22	0	0	0	1.3	282
PAY	2021	5	9	4	6.1	5.5	95.59	89.5	4	0	0	0	1.1	281
PAY	2021	5	9	5	6.8	5.5	95.6	85.4	3.88	38	0	53	1.3	279
PAY	2021	5	9	6	9.8	7.3	95.59	81.5	6.1	198	169.2359356	146	1.3	288
PAY	2021	5	9	7	12.4	9	95.56	71.2	6.64	353	334.9150172	195	1.4	290
PAY	2021	5	9	8	15.3	11	95.5	69.2	9.14	542	400.6593317	294	1.4	299
PAY	2021	5	9	9	16.7	12.2	95.47	63.2	9.34	630	343.7561491	376	1.7	313
PAY	2021	5	9	10	18.5	13.3	95.43	57.4	9.98	776	450.5984929	405	2	311
PAY	2021	5	9	11	20.3	14	95.37	49	10.1	893	608.1253822	366	1.5	319
PAY	2021	5	9	12	22	15.1	95.28	48.2	11.64	950	786.6403894	269	1.9	326
PAY	2021	5	9	13	23.6	15.6	95.22	43.4	12.28	895	807.7953444	232	1.7	335
PAY	2021	5	9	14	25.3	15.8	95.17	37.7	12.84	768	894.1053019	111	2.7	343
PAY	2021	5	9	15	25.2	15.4	95.11	34.1	12.02	671	855.3840335	146	4	339
PAY	2021	5	9	16	25	15.2	95.05	35.2	12.04	518	1000	43	3.4	348
PAY	2021	5	9	17	23.6	14.9	95.04	34.9	10.58	320	949.5493864	34	4.1	342
PAY	2021	5	9	18	22	14.1	95.01	43.1	10.62	98	541.9423942	27	2.6	362
PAY	2021	5	9	19	18.9	12.9	95	45.5	8	18	0	0	3.2	343
PAY	2021	5	9	20	17.6	11.8	95.01	48.7	7.34	0	0	0	3.4	329
PAY	2021	5	9	21	18.1	11.9	95.04	50	8.1	0	0	0	2	358
PAY	2021	5	9	22	14.4	11.8	95.01	73.3	9.06	0	0	0	1.7	349
PAY	2021	5	9	23	14	11.2	94.98	69.7	7.94	0	0	0	1.6	337
PAY	2021	5	10	0	12.4	10.6	94.92	74.2	7.24	0	0	0	1.2	320
PAY	2021	5	10	1	12.7	10.1	94.91	74.7	7.64	0	0	0	1.3	341
PAY	2021	5	10	2	12.4	10.8	95.01	86.2	9.64	0	0	0	2	365
PAY	2021	5	10	3	13.9	11.5	95.02	75.7	9.04	0	0	0	1.7	363
PAY	2021	5	10	4	11.3	11	94.98	91.6	9.62	0	0	0	2.1	328
PAY	2021	5	10	5	12.5	11.1	95.06	90	10.5	14	0	29	1.8	355
PAY	2021	5	10	6	14.1	12	95.17	79.7	10.04	29	0	62	3.1	361
PAY	2021	5	10	7	13.3	12.3	95.21	90.6	11.42	14	0	178	4.6	372
PAY	2021	5	10	8	13.6	12.6	95.28	90.1	11.62	58	0	236	3.6	369
PAY	2021	5	10	9	13.9	12.8	95.31	88.5	11.6	57	0	365	1.7	370
PAY	2021	5	10	10	14.7	13.2	95.35	87.4	12.18	121	146.5436666	0	1.6	366
PAY	2021	5	10	11	14.6	13.3	95.38	86.7	11.94	130	0	410	2.1	364
PAY	2021	5	10	12	14.5	13.5	95.35	92.1	12.92	101	0	276	1.2	376
PAY	2021	5	10	13	14.1	13.6	95.35	95.4	13.18	77	0	398	2.2	378
PAY	2021	5	10	14	13.4	13.2	95.3	94.3	12.26	84	0	222	2.5	374
PAY	2021	5	10	15	13.1	12.5	95.31	92.6	11.62	67	0	225	2.6	372
PAY	2021	5	10	16	13.1	12.6	95.3	96.1	12.32	45	0	202	1.7	373
PAY	2021	5	10	17	12.7	12.5	95.3	96.7	12.04	21	0	112	1.5	375
PAY	2021	5	10	18	12.4	12.2	95.28	96.1	11.62	14	0	34	1.9	370
PAY	2021	5	10	19	12.4	12.2	95.3	97.7	11.94	3	0	0	1.5	369
PAY	2021	5	10	20	11.9	11.5	95.27	97.3	11.36	0	0	0	1.5	371
PAY	2021	5	10	21	11.8	11.5	95.28	96.9	11.18	0	0	0	1	368
PAY	2021	5	10	22	11.9	11.5	95.27	96.5	11.2	0	0	0	1	365
PAY	2021	5	10	23	11.8	11.6	95.28	96.2	11.04	0	0	0	1.4	366
PAY	2021	5	11	0	11.2	10.9	95.21	91.6	9.52	0	0	0	1.6	364
PAY	2021	5	11	1	10.6	10.1	95.19	92.1	9.02	0	0	0	1.8	360
PAY	2021	5	11	2	10.3	9.8	95.19	95.4	9.38	0	0	0	1.7	358
PAY	2021	5	11	3	10.3	9.8	95.12	94.6	9.22	0	0	0	1.8	358
PAY	2021	5	11	4	9.9	9.7	95.08	97.6	9.42	0	0	0	1	358
PAY	2021	5	11	5	10.2	9.7	95.05	96.1	9.42	6	0	36	1.1	355
PAY	2021	5	11	6	10.4	10	95.05	94.7	9.34	26	0	142	1.1	358
PAY	2021	5	11	7	10	9.8	95.12	95.8	9.16	12	0	177	1.9	362
PAY	2021	5	11	8	9.7	9.4	95.22	92.1	8.12	36	0	221	4.4	359
PAY	2021	5	11	9	10.6	9.6	95.25	84.9	7.58	225	0	361	3.4	352
PAY	2021	5	11	10	11.5	9.7	95.25	77.9	7.08	232	0	359	3	345
PAY	2021	5	11	11	12.4	10	95.27	77.9	7.98	217	0	410	2.4	344
PAY	2021	5	11	12	12.5	10.2	95.28	79	8.3	216	79.30140079	147	2.4	350
PAY	2021	5	11	13	13.2	10.4	95.3	69.1	7.02	231	190.2510233	74	3	349
PAY	2021	5	11	14	12	10.3	95.31	82.7	8.54	93	10.81823944	85	2.1	358
PAY	2021	5	11	15	11.6	10.5	95.36	91.7	9.94	109	0	208	2.1	357
PAY	2021	5	11	16	10.9	10.3	95.44	92.6	9.42	43	0	178	1.5	363
PAY	2021	5	11	17	9.8	9.6	95.51	91.7	8.14	34	0	95	2.8	358
PAY	2021	5	11	18	9.7	9.1	95.56	92.1	8.12	19	0	36	3.5	349
PAY	2021	5	11	19	9.8	9.1	95.65	93.4	8.48	4	0	0	2.9	351
PAY	2021	5	11	20	9.6	9	95.74	91.3	7.86	0	0	0	3.4	338
PAY	2021	5	11	21	9.4	8.6	95.83	87.6	6.92	0	0	0	4.1	337
PAY	2021	5	11	22	9	8.2	95.87	89.1	6.82	0	0	0	4.2	339
PAY	2021	5	11	23	8.5	7.6	95.88	88.2	6.14	0	0	0	3.4	337
PAY	2021	5	12	0	8.4	7.4	95.87	86.5	5.7	0	0	0	3.3	337
PAY	2021	5	12	1	8.4	7.4	95.88	87.6	5.92	0	0	0	3	332
PAY	2021	5	12	2	8.2	7.2	95.84	86.6	5.52	0	0	0	2.5	331
PAY	2021	5	12	3	8.1	7.1	95.81	86.7	5.44	0	0	0	2.5	334
PAY	2021	5	12	4	7.9	6.9	95.78	86.7	5.24	0	0	0	2.3	331
PAY	2021	5	12	5	8.1	6.9	95.78	85.7	5.24	11	0	52	2.5	329
PAY	2021	5	12	6	9.4	7.3	95.75	78	5	134	28.43616229	125	2.7	314
PAY	2021	5	12	7	10.6	7.8	95.73	68.1	4.22	358	381.046059	175	2.6	276
PAY	2021	5	12	8	11.2	8	95.66	64.5	4.1	608	598.2806287	233	1.6	289
PAY	2021	5	12	9	12.3	8.4	95.6	56.8	3.66	714	564.2372456	293	1.9	287
PAY	2021	5	12	10	13	8.2	95.55	53.2	3.64	843	668.5404009	288	2.1	288
PAY	2021	5	12	11	12.9	9.1	95.49	48.5	2.6	823	443.2166011	436	2.5	293
PAY	2021	5	12	12	14.1	8.9	95.43	45.6	3.22	850	757.8453032	189	2.1	300
PAY	2021	5	12	13	16	9.7	95.39	48.5	5.7	834	917.3449375	75	2.5	307
PAY	2021	5	12	14	16.3	9.7	95.35	47.4	5.78	878	947.7391239	175	2.4	296
PAY	2021	5	12	15	15.9	10	95.31	47.6	5.42	737	946.5684071	149	3.2	296
PAY	2021	5	12	16	15.7	9.9	95.28	44.5	4.6	580	962.2368577	124	3.8	295
PAY	2021	5	12	17	14.3	9.8	95.29	53.8	5.06	241	435.5836593	106	3.6	315
PAY	2021	5	12	18	13.5	9.5	95.32	59.4	5.38	69	263.3914633	32	2.9	338
PAY	2021	5	12	19	12.4	9.3	95.37	66.9	5.78	16	0	0	2.9	335
PAY	2021	5	12	20	11.5	9	95.41	71.4	5.78	0	0	0	2.9	325
PAY	2021	5	12	21	9.6	8.6	95.4	86.5	6.9	0	0	0	1.6	310
PAY	2021	5	12	22	9.6	8.3	95.36	82.2	6.04	0	0	0	1	315
PAY	2021	5	12	23	8	7.7	95.36	91.7	6.34	0	0	0	1.5	302
PAY	2021	5	13	0	7.5	7.3	95.33	90.9	5.68	0	0	0	1.4	292
PAY	2021	5	13	1	7	6.7	95.32	92	5.4	0	0	0	2.2	284
PAY	2021	5	13	2	7.5	6.5	95.28	89.1	5.32	0	0	0	2.6	314
PAY	2021	5	13	3	7.6	6.7	95.25	88.8	5.36	0	0	0	2.4	325
PAY	2021	5	13	4	7.8	6.9	95.24	89.9	5.78	0	0	0	2.4	330
PAY	2021	5	13	5	8.2	7.2	95.25	93.1	6.82	20	0	28	1.3	326
PAY	2021	5	13	6	9.6	7.8	95.26	79.4	5.48	80	0	89	1.8	332
PAY	2021	5	13	7	9.4	7.8	95.29	79.4	5.28	72	0	145	3.4	342
PAY	2021	5	13	8	7.8	6.4	95.4	76.7	3.14	112	0	194	5.4	341
PAY	2021	5	13	9	8.5	6.4	95.45	73.6	3.22	199	42.75787197	167	5	333
PAY	2021	5	13	10	8.8	6.2	95.48	69.1	2.62	280	0	371	5.6	329
PAY	2021	5	13	11	8.8	6	95.47	70.1	2.82	279	0	347	5.4	328
PAY	2021	5	13	12	10.2	6.5	95.44	60	2.2	513	116.6693676	411	5.5	324
PAY	2021	5	13	13	10.5	7.1	95.41	61.2	2.74	471	374.9243579	160	5.2	325
PAY	2021	5	13	14	11.2	7	95.36	55.1	2.22	394	329.3035026	149	3.6	315
PAY	2021	5	13	15	12.6	8	95.3	51.3	2.86	550	758.5138166	77	3.6	311
PAY	2021	5	13	16	12.4	8	95.26	51.8	2.76	536	942.2892461	87	2.7	302
PAY	2021	5	13	17	12.6	8.1	95.25	54.4	3.48	318	872.8628568	45	2.8	290
PAY	2021	5	13	18	11.8	8.5	95.24	59.8	3.76	143	954.3673341	6	2.3	298
PAY	2021	5	13	19	10.1	8.1	95.25	76.2	5.34	27	0	0	1.6	304
PAY	2021	5	13	20	8.7	7.7	95.29	81.1	4.92	0	0	0	1.3	301
PAY	2021	5	13	21	7	6.7	95.3	88.4	4.68	0	0	0	0.9	288
PAY	2021	5	13	22	6.8	5.9	95.29	88.1	4.42	0	0	0	1.6	299
PAY	2021	5	13	23	7.2	6.3	95.29	85.9	4.38	0	0	0	1.3	307
PAY	2021	5	14	0	5.4	5.2	95.27	92	3.8	0	0	0	1.6	265
PAY	2021	5	14	1	4.2	4.3	95.26	95	3.2	0	0	0	1.1	261
PAY	2021	5	14	2	4.1	3.8	95.24	95.6	3.22	0	0	0	1.4	261
PAY	2021	5	14	3	3.1	3.1	95.23	95.3	2.16	0	0	0	1.1	256
PAY	2021	5	14	4	2.3	2.4	95.23	95.1	1.32	0	0	0	1.1	255
PAY	2021	5	14	5	3.6	2.6	95.24	93.8	2.36	48	222.4251771	14	1.3	255
PAY	2021	5	14	6	6.1	4.4	95.26	90.8	4.26	184	431.4146627	45	0.8	272
PAY	2021	5	14	7	8.2	6.5	95.27	83.1	4.82	410	457.28085	188	1.2	278
PAY	2021	5	14	8	10.1	7.5	95.27	73.4	4.78	478	313.4944783	280	1.2	294
PAY	2021	5	14	9	11.8	8.2	95.29	70.4	5.88	551	239.8134183	371	1.3	302
PAY	2021	5	14	10	12.3	9.2	95.29	63.9	5.08	617	545.3277291	162	1.9	313
PAY	2021	5	14	11	12.4	9.7	95.28	59	4.2	783	507.2819653	338	2.4	319
PAY	2021	5	14	12	9.6	8.2	95.36	84.9	6.58	120	0	127	4	356
PAY	2021	5	14	13	12.5	9	95.37	71.8	6.86	288	256.1437851	75	2.4	342
PAY	2021	5	14	14	12.7	9.4	95.41	68.8	6.46	524	582.969765	89	3.8	335
PAY	2021	5	14	15	10.6	8.9	95.45	77.6	6.12	171	103.8432443	106	4.2	349
PAY	2021	5	14	16	12.4	9	95.44	72.1	6.82	296	540.6386736	37	3.8	327
PAY	2021	5	14	17	11.8	8.5	95.46	63.4	4.48	228	655.9786048	21	4.3	322
PAY	2021	5	14	18	11.6	8.5	95.51	64.9	4.58	182	961.9066353	41	3.5	310
PAY	2021	5	14	19	9.6	7.9	95.5	73.5	4.3	24	0	0	3	275
PAY	2021	5	14	20	8.5	6.6	95.6	73.6	3.22	0	0	0	2.7	272
PAY	2021	5	14	21	8.8	6.7	95.66	73.3	3.46	0	0	0	2.6	322
PAY	2021	5	14	22	8.6	6.7	95.64	74.5	3.5	0	0	0	3.1	323
PAY	2021	5	14	23	8.3	6.3	95.64	75.8	3.46	0	0	0	2.8	308
PAY	2021	5	15	0	7.3	6	95.6	81.8	3.66	0	0	0	2.8	282
PAY	2021	5	15	1	7.9	5.9	95.54	76.3	3.16	0	0	0	2.6	301
PAY	2021	5	15	2	7.4	5.9	95.48	80.3	3.46	0	0	0	3.2	302
PAY	2021	5	15	3	7.3	5.9	95.43	81.4	3.58	0	0	0	2.7	306
PAY	2021	5	15	4	6.5	5.7	95.4	88.4	4.18	0	0	0	2	304
PAY	2021	5	15	5	7.5	5.8	95.38	80.8	3.66	18	0	60	2.5	314
PAY	2021	5	15	6	7.8	6.1	95.38	80.2	3.84	58	40.01159938	45	2.3	318
PAY	2021	5	15	7	9.1	6.8	95.37	77.5	4.6	140	106.5668951	88	1.3	323
PAY	2021	5	15	8	10.3	7.5	95.34	69.2	4.14	225	149.874816	130	3	329
PAY	2021	5	15	9	11.7	7.7	95.31	58.5	3.4	306	223.1993666	138	3.5	333
PAY	2021	5	15	10	12.1	8.2	95.28	60.2	4.14	482	375.4393995	168	5.7	332
PAY	2021	5	15	11	11.1	7.7	95.25	62.2	3.54	408	315.0728437	131	6.8	336
PAY	2021	5	15	12	10.1	7.9	95.26	75.5	5.2	274	178.7725607	117	6	346
PAY	2021	5	15	13	10.2	8.3	95.23	79.3	6.06	294	215.9364767	114	5	352
PAY	2021	5	15	14	9.6	8.3	95.19	84.7	6.54	182	61.47105723	136	4.9	351
PAY	2021	5	15	15	9.3	8.5	95.17	91.6	7.62	125	0	152	3.9	349
PAY	2021	5	15	16	9.3	8.5	95.17	90.4	7.38	112	110.0528537	59	3.1	350
PAY	2021	5	15	17	9.3	8.7	95.17	92.4	7.78	77	138.22853	33	2.7	352
PAY	2021	5	15	18	8.9	8.6	95.16	94.1	7.72	27	26.74264306	23	2.5	355
PAY	2021	5	15	19	8.4	8	95.23	92.9	6.98	3	0	0	3.2	350
PAY	2021	5	15	20	8.1	7.6	95.24	91.7	6.44	0	0	0	2.5	347
PAY	2021	5	15	21	7.7	7.2	95.27	92.8	6.26	0	0	0	2.5	307
PAY	2021	5	15	22	6.9	6.9	95.27	95.2	5.94	0	0	0	2.3	270
PAY	2021	5	15	23	6.1	6.4	95.31	98.4	5.78	0	0	0	1.9	270
PAY	2021	5	16	0	6.8	6.1	95.28	95.5	5.9	0	0	0	1.6	291
PAY	2021	5	16	1	6.1	6.3	95.25	98.4	5.78	0	0	0	1.5	297
PAY	2021	5	16	2	6.1	6	95.21	96.1	5.32	0	0	0	1.9	275
PAY	2021	5	16	3	6.1	6	95.18	97.7	5.64	0	0	0	1.2	318
PAY	2021	5	16	4	7.3	6.4	95.19	94.5	6.2	0	0	0	1.1	333
PAY	2021	5	16	5	7.9	7	95.16	92.3	6.36	28	100.8381882	12	1.6	321
PAY	2021	5	16	6	8.3	7.4	95.18	95.7	7.44	98	213.7254826	28	1.1	320
PAY	2021	5	16	7	9.4	8.3	95.16	91	7.6	159	144.7957592	88	1.8	329
PAY	2021	5	16	8	10.4	8.8	95.12	82.9	6.98	216	0	271	2.1	334
PAY	2021	5	16	9	10	9.2	95.08	92.8	8.56	130	0	388	1.6	354
PAY	2021	5	16	10	9.7	9.1	95.08	94.6	8.62	107	0	224	2	361
PAY	2021	5	16	11	10.1	9.4	95.01	88.7	7.84	215	0	434	1.4	363
PAY	2021	5	16	12	10.6	9.8	94.91	91.2	8.84	223	0	445	1	364
PAY	2021	5	16	13	10.3	10.1	94.88	96.7	9.64	106	0	403	1.5	367
PAY	2021	5	16	14	10.5	10.1	94.9	97.8	10.06	78	0	264	1.8	367
PAY	2021	5	16	15	11.5	10.6	94.9	93.9	10.28	263	0	269	2.1	364
PAY	2021	5	16	16	12.1	11.1	94.89	91.3	10.36	212	16.52654708	204	1.7	352
PAY	2021	5	16	17	11.6	11.4	94.86	94.9	10.58	128	255.4310222	46	1.7	363
PAY	2021	5	16	18	11.6	11.2	94.89	95.8	10.76	102	596.6461709	11	1.9	357
PAY	2021	5	16	19	11.7	11.1	94.97	91.6	10.02	42	0	0	1.3	336
PAY	2021	5	16	20	11.2	10.5	95.06	77.8	6.76	0	0	0	3.2	344
PAY	2021	5	16	21	10.5	8.9	95.13	76.1	5.72	0	0	0	4.3	303
PAY	2021	5	16	22	10.1	7.4	95.21	65.1	3.12	0	0	0	4.6	271
PAY	2021	5	16	23	9	6.9	95.3	73.1	3.62	0	0	0	3.8	308
PAY	2021	5	17	0	8.8	6.9	95.32	77.8	4.36	0	0	0	4.4	314
PAY	2021	5	17	1	8.9	6.9	95.29	73.6	3.62	0	0	0	3.2	320
PAY	2021	5	17	2	8.7	6.6	95.29	74.8	3.66	0	0	0	4.1	319
PAY	2021	5	17	3	8.2	6.5	95.3	78	3.8	0	0	0	3.9	308
PAY	2021	5	17	4	8.1	6.3	95.35	78.1	3.72	0	0	0	3.5	330
PAY	2021	5	17	5	8.1	6.3	95.4	76.2	3.34	7	0	62	4.3	335
PAY	2021	5	17	6	7.6	6.4	95.42	88	5.2	40	0	125	3.6	341
PAY	2021	5	17	7	8.6	7	95.48	83.8	5.36	134	0	237	4.2	333
PAY	2021	5	17	8	10.4	7.8	95.51	73.5	5.1	428	172.3709617	318	6.2	326
PAY	2021	5	17	9	10.3	7.8	95.56	68.6	4.02	304	113.6550356	218	6.6	342
PAY	2021	5	17	10	11.8	8.4	95.57	69.7	5.74	472	140.4540925	354	6.4	325
PAY	2021	5	17	11	12.2	8.7	95.57	62.1	4.62	742	368.1251048	417	7.3	308
PAY	2021	5	17	12	10.6	8.6	95.62	71.6	4.92	579	555.5957644	89	7.5	328
PAY	2021	5	17	13	12.1	8.7	95.65	74.5	7	311	0	321	4.7	350
PAY	2021	5	17	14	13.1	9.4	95.63	65.8	6.26	573	312.3064761	338	6.7	324
PAY	2021	5	17	15	12	9.1	95.68	67	5.4	373	252.8604922	213	6.7	336
PAY	2021	5	17	16	11.5	8.9	95.74	73	6.1	246	119.2162381	188	6.1	343
PAY	2021	5	17	17	10.8	8.4	95.74	71.4	5.08	181	206.9845237	114	6.3	325
PAY	2021	5	17	18	9.9	8.3	95.79	81	6.1	61	173.7243392	34	4.8	339
PAY	2021	5	17	19	9.1	8.3	95.86	88.2	6.74	26	0	0	4.5	333
PAY	2021	5	17	20	8.2	7.4	95.94	88.3	5.86	0	0	0	5.3	313
PAY	2021	5	17	21	8.2	7.4	96.02	92.1	6.62	0	0	0	4.3	335
PAY	2021	5	17	22	8.1	7.6	96.01	94.1	6.92	0	0	0	2.4	348
PAY	2021	5	17	23	8.1	7.4	96	90.5	6.2	0	0	0	3.7	315
PAY	2021	5	18	0	7.9	7.3	96.01	91.9	6.28	0	0	0	4.3	334
PAY	2021	5	18	1	8.1	7.4	96	89.4	5.98	0	0	0	4	342
PAY	2021	5	18	2	7.8	7	95.98	88.2	5.44	0	0	0	4.5	339
PAY	2021	5	18	3	7.7	7	95.99	91	5.9	0	0	0	3.7	337
PAY	2021	5	18	4	7.9	7.1	96.03	90.6	6.02	0	0	1	4	335
PAY	2021	5	18	5	7.9	7.1	96.05	90.5	6	14	0	69	4.1	333
PAY	2021	5	18	6	8.9	7.4	96.08	87.9	6.48	97	0	145	3.1	321
PAY	2021	5	18	7	9.9	7.9	96.06	80.3	5.96	230	94.97645698	183	4	308
PAY	2021	5	18	8	10.7	8.3	96.07	68.4	4.38	370	324.9070899	162	4.1	311
PAY	2021	5	18	9	11.4	8.1	96.01	62.1	3.82	382	0	390	4	318
PAY	2021	5	18	10	13.2	9	95.97	54.7	4.14	691	389.5861247	363	4.5	317
PAY	2021	5	18	11	13.1	8.4	95.9	54	3.9	587	374.1781146	256	4.3	329
PAY	2021	5	18	12	13.9	8.8	95.86	52	4.3	477	122.211075	369	3.1	338
PAY	2021	5	18	13	14.8	8.8	95.79	49.8	4.76	561	279.9863862	326	3.2	328
PAY	2021	5	18	14	14.3	8.8	95.74	46.2	3.54	642	396.3038046	343	2.2	316
PAY	2021	5	18	15	14.6	9.4	95.71	49.8	4.56	362	264.5889143	194	2.3	330
PAY	2021	5	18	16	14.7	9.5	95.73	47.3	4.16	300	255.6708862	175	2.7	328
PAY	2021	5	18	17	13.3	8.9	95.75	55.2	4.34	122	9.193387245	119	3.1	340
PAY	2021	5	18	18	11.3	8.3	95.81	59.5	3.2	37	0	47	3.4	341
PAY	2021	5	18	19	9.6	7.3	95.89	72.2	4.04	8	0	0	4.4	337
PAY	2021	5	18	20	8.9	7.1	96.01	78.3	4.56	0	0	0	2.3	336
PAY	2021	5	18	21	8.4	7.1	96.08	83.5	5.1	0	0	0	2.4	341
PAY	2021	5	18	22	8.3	6.8	96.11	78.7	4.04	0	0	0	3	329
PAY	2021	5	18	23	7.6	6.7	96.12	87.7	5.14	0	0	0	2.5	319
PAY	2021	5	19	0	7.3	6.5	96.16	87.8	4.86	0	0	0	2.9	321
PAY	2021	5	19	1	7.3	6.3	96.17	86.7	4.64	0	0	0	3.5	324
PAY	2021	5	19	2	6.2	5.8	96.15	91.4	4.48	0	0	0	3.2	278
PAY	2021	5	19	3	6.4	5.7	96.17	92	4.8	0	0	0	2.9	308
PAY	2021	5	19	4	6.4	5.9	96.2	94.2	5.24	0	0	4	2.5	336
PAY	2021	5	19	5	7	6.3	96.21	92.7	5.54	14	0	67	3	335
PAY	2021	5	19	6	7.9	6.6	96.25	90.9	6.08	114	0	162	2.5	296
PAY	2021	5	19	7	9.5	7.7	96.29	84.8	6.46	218	54.32771493	191	2.5	314
PAY	2021	5	19	8	9.5	7.6	96.3	79.9	5.48	148	0	323	2.6	337
PAY	2021	5	19	9	10.8	8.2	96.26	68.8	4.56	381	27.61852138	360	2.3	330
PAY	2021	5	19	10	8.9	8.1	96.25	82.7	5.44	272	0	282	3.4	338
PAY	2021	5	19	11	10.6	7.9	96.26	67.2	4.04	493	146.6774896	363	4	333
PAY	2021	5	19	12	10.2	7.6	96.24	68.9	3.98	423	0	442	4.8	328
PAY	2021	5	19	13	13.1	8.4	96.21	59.4	4.98	718	521.9079342	279	2.5	316
PAY	2021	5	19	14	10.3	8.4	96.26	70.4	4.38	288	0	363	3	331
PAY	2021	5	19	15	10.3	7.5	96.25	72.7	4.84	162	0	231	2.3	333
PAY	2021	5	19	16	7.8	7.5	96.32	87.9	5.38	160	0	191	3	329
PAY	2021	5	19	17	7.9	6.6	96.34	86.1	5.12	83	0	83	4.8	333
PAY	2021	5	19	18	8.1	6.9	96.37	89.2	5.94	74	329.040164	21	2.7	334
PAY	2021	5	19	19	7.9	7.4	96.38	91.5	6.2	10	0	0	1.5	326
PAY	2021	5	19	20	7.7	7	96.44	88.7	5.44	0	0	0	1.8	335
PAY	2021	5	19	21	7.3	6.9	96.5	94.2	6.14	0	0	0	1.8	308
PAY	2021	5	19	22	7	6.5	96.52	90.8	5.16	0	0	0	3.2	281
PAY	2021	5	19	23	6	5.8	96.54	90.9	4.18	0	0	0	3.2	271
PAY	2021	5	20	0	6.8	5.8	96.54	88.4	4.48	0	0	0	3.2	315
PAY	2021	5	20	1	6.7	6.1	96.56	92.2	5.14	0	0	0	3.1	332
PAY	2021	5	20	2	6.6	6.1	96.56	92	5	0	0	0	3.7	313
PAY	2021	5	20	3	6.7	6	96.57	88.6	4.42	0	0	0	3.3	329
PAY	2021	5	20	4	6.4	5.9	96.58	92.6	4.92	0	0	4	3.4	310
PAY	2021	5	20	5	6.8	6	96.61	89.2	4.64	21	0	79	3.4	314
PAY	2021	5	20	6	8.6	6.8	96.66	82.6	5.12	216	269.9809717	125	4	319
PAY	2021	5	20	7	8.4	7.1	96.68	82.3	4.86	205	0	219	3.7	333
PAY	2021	5	20	8	10.1	7.6	96.69	75.3	5.16	290	265.5336145	119	2.6	309
PAY	2021	5	20	9	12	8.4	96.65	63.3	4.66	777	780.7486745	182	2.1	285
PAY	2021	5	20	10	12.8	7.8	96.62	54	3.6	674	291.0242921	428	1.7	291
PAY	2021	5	20	11	13.1	9	96.59	60.8	5.26	966	584.5050126	447	2.4	311
PAY	2021	5	20	12	14.5	9.1	96.51	55.4	5.58	821	510.6433807	368	2	292
PAY	2021	5	20	13	14.6	9.2	96.43	43.6	3.32	948	645.3804424	404	2.2	289
PAY	2021	5	20	14	15.7	9.7	96.39	45.8	4.86	808	592.0769164	359	3.1	301
PAY	2021	5	20	15	15.4	9.7	96.33	41.6	3.72	631	536.615124	288	2.4	305
PAY	2021	5	20	16	15.3	9.6	96.29	50.9	5.48	411	526.7661418	151	1.8	308
PAY	2021	5	20	17	15.5	9.7	96.25	43.1	4.12	284	473.6941262	127	1.6	310
PAY	2021	5	20	18	14.6	8.4	96.21	42	3	120	433.3798508	49	2.2	310
PAY	2021	5	20	19	12.3	8.9	96.19	59.4	4.18	24	0	0	1.7	323
PAY	2021	5	20	20	11.1	8.2	96.18	72.9	5.68	0	0	0	1.4	324
PAY	2021	5	20	21	10.3	8.4	96.18	79.6	6.22	0	0	0	1.1	322
PAY	2021	5	20	22	9.9	7.6	96.13	71.3	4.16	0	0	0	2.1	316
PAY	2021	5	20	23	9.6	7.3	96.11	73	4.2	0	0	0	2	307
PAY	2021	5	21	0	9.1	7.1	96.03	77.8	4.66	0	0	0	1	312
PAY	2021	5	21	1	8.2	7.1	95.97	83.4	4.88	0	0	0	1.3	314
PAY	2021	5	21	2	9.6	6.9	95.93	69.4	3.48	0	0	0	2.4	303
PAY	2021	5	21	3	10	7.1	95.88	69.9	3.98	0	0	0	2.2	335
PAY	2021	5	21	4	10.8	8	95.83	70.4	4.88	0	0	2	3.2	344
PAY	2021	5	21	5	10.8	8.2	95.75	70.2	4.84	16	0	64	3	333
PAY	2021	5	21	6	12	8.5	95.77	66	5.2	69	0	165	3.8	344
PAY	2021	5	21	7	11.7	9.2	95.74	75.9	6.88	75	0	242	2.4	358
PAY	2021	5	21	8	11.9	9.6	95.79	75.3	6.96	76	0	306	2.3	355
PAY	2021	5	21	9	11.4	9.9	95.85	82	7.8	111	0	387	3.4	357
PAY	2021	5	21	10	11	9.5	95.92	84.2	7.84	141	0	348	4.5	354
PAY	2021	5	21	11	11.6	9.8	95.83	77.4	7.08	249	0	384	3.3	347
PAY	2021	5	21	12	12.5	9.7	95.75	68.8	6.26	339	43.8825886	300	2.2	345
PAY	2021	5	21	13	13.1	10.3	95.66	75.8	8.26	392	176.4077472	243	1.6	344
PAY	2021	5	21	14	12.2	10.4	95.62	82.4	8.68	118	0	161	1.8	354
PAY	2021	5	21	15	11	10.4	95.56	85.3	8.06	60	0	129	2.1	354
PAY	2021	5	21	16	10.3	9.6	95.51	90.8	8.46	47	0	114	2.3	355
PAY	2021	5	21	17	9.9	9.3	95.45	92.6	8.42	22	0	96	2.9	351
PAY	2021	5	21	18	9.5	9	95.42	93.5	8.2	9	0	45	1.9	354
PAY	2021	5	21	19	9.5	9	95.45	96.3	8.76	3	0	0	1.1	354
PAY	2021	5	21	20	8.1	8.1	95.55	96.1	7.32	0	0	0	2.5	350
PAY	2021	5	21	21	7.7	7.5	95.65	90.1	5.72	0	0	0	2.4	346
PAY	2021	5	21	22	7.6	6.9	95.61	88.5	5.3	0	0	0	3.2	342
PAY	2021	5	21	23	7.4	6.7	95.65	92.9	5.98	0	0	0	3.1	340
PAY	2021	5	22	0	7.3	6.7	95.66	90.1	5.32	0	0	0	2.2	338
PAY	2021	5	22	1	7.5	6.7	95.62	91.7	5.84	0	0	0	2.1	334
PAY	2021	5	22	2	7.4	6.9	95.62	91.7	5.74	0	0	0	3.3	339
PAY	2021	5	22	3	7	6.4	95.59	90.6	5.12	0	0	0	3.5	295
PAY	2021	5	22	4	7.1	6.5	95.57	92.2	5.54	1	0	4	3	304
PAY	2021	5	22	5	7.5	6.9	95.57	93.5	6.2	32	0	80	2.5	311
PAY	2021	5	22	6	9.2	7.5	95.59	84.3	6.06	213	134.7905959	167	3	268
PAY	2021	5	22	7	10.3	8.3	95.59	77	5.7	363	228.7057453	248	3.5	277
PAY	2021	5	22	8	11.6	8.3	95.61	66.3	4.86	477	327.4312869	265	3.9	289
PAY	2021	5	22	9	11.9	8.3	95.59	63.5	4.6	437	210.367758	276	4.2	333
PAY	2021	5	22	10	12.9	8.5	95.59	58.3	4.56	631	539.8433971	173	4.1	304
PAY	2021	5	22	11	14	9.4	95.58	56	5.2	613	515.1417264	154	3.9	332
PAY	2021	5	22	12	15.9	9.7	95.53	49.6	5.82	738	655.9580237	154	4.2	326
PAY	2021	5	22	13	15.4	9.7	95.52	50.1	5.42	607	534.0857929	155	4	317
PAY	2021	5	22	14	16.6	10.2	95.48	47.6	6.12	723	766.3624078	139	4.5	309
PAY	2021	5	22	15	16.9	10.1	95.46	38.1	4.52	707	904.7653003	125	4.5	297
PAY	2021	5	22	16	16.6	10.1	95.45	44.1	5.42	489	752.9091851	114	4.8	303
PAY	2021	5	22	17	16.6	10.1	95.46	43.4	5.28	277	564.8599614	87	3.9	307
PAY	2021	5	22	18	15.2	9.5	95.48	41.1	3.42	216	1000	44	4.5	300
PAY	2021	5	22	19	13.7	8.6	95.52	49.1	3.52	25	0	0	3	326
PAY	2021	5	22	20	12.3	8.7	95.62	61	4.5	0	0	0	2.3	337
PAY	2021	5	22	21	10.6	8.5	95.73	75.3	5.66	0	0	0	2.3	348
PAY	2021	5	22	22	8.4	7.7	95.79	85.5	5.5	0	0	0	4	345
PAY	2021	5	22	23	8.3	7.3	95.92	89.2	6.14	0	0	0	4.4	340
PAY	2021	5	23	0	8.4	7.6	95.91	91.4	6.68	0	0	0	3.6	337
PAY	2021	5	23	1	8.3	7.8	95.97	94.7	7.24	0	0	0	2.4	346
PAY	2021	5	23	2	8	7.5	95.99	92	6.4	0	0	0	2.8	340
PAY	2021	5	23	3	7.5	7.1	96.02	92.8	6.06	0	0	0	2.9	337
PAY	2021	5	23	4	7.6	6.9	96.08	92.4	6.08	0	0	8	2.6	327
PAY	2021	5	23	5	7.8	7.1	96.12	92.7	6.34	45	0	64	2.5	297
PAY	2021	5	23	6	8.7	7.6	96.17	87.9	6.28	168	209.7689971	96	3.3	284
PAY	2021	5	23	7	9.6	7.9	96.21	73.2	4.24	283	315.0993466	124	3.4	313
PAY	2021	5	23	8	10.9	7.9	96.22	63	3.5	543	640.9053263	127	3.5	309
PAY	2021	5	23	9	10.8	7.9	96.23	67	4.2	434	367.7453637	152	3.5	324
PAY	2021	5	23	10	12.7	8.2	96.24	51.1	2.92	661	591.8711555	158	3.3	305
PAY	2021	5	23	11	14.3	8.7	96.24	50.2	4.34	711	622.9891577	155	3.6	301
PAY	2021	5	23	12	14.5	8.3	96.18	44.3	3.36	804	722.1239844	160	3.3	294
PAY	2021	5	23	13	16.3	9.2	96.1	46.1	5.52	899	876.2521105	156	3.5	290
PAY	2021	5	23	14	17	9	96.02	37	4.4	876	958.3404523	144	2.8	284
PAY	2021	5	23	15	16	9.4	95.99	42.8	4.56	740	946.9512046	129	2.4	289
PAY	2021	5	23	16	16.4	9.7	95.95	35.9	3.58	552	875.570478	114	1.8	292
PAY	2021	5	23	17	16	9.2	95.91	43.3	4.66	330	711.4203436	89	1.7	295
PAY	2021	5	23	18	15.1	9.2	95.96	44.7	4.04	174	750.9555253	45	2.2	298
PAY	2021	5	23	19	12.5	9.3	95.95	69	6.3	31	0	0	1.5	299
PAY	2021	5	23	20	10.4	9.2	95.96	83.5	7.1	1	0	0	1.2	304
PAY	2021	5	23	21	10.5	8.5	95.96	72.6	5.02	0	0	0	1.1	304
PAY	2021	5	23	22	8.9	7.6	95.96	78.4	4.58	0	0	0	2.1	295
PAY	2021	5	23	23	8.7	7	95.94	78	4.3	0	0	0	2.5	304
PAY	2021	5	24	0	7.2	6.6	95.88	88.7	4.94	0	0	0	1.8	303
PAY	2021	5	24	1	7.2	6.4	95.85	85.1	4.22	0	0	0	2.5	302
PAY	2021	5	24	2	6.8	6	95.8	88.3	4.46	0	0	0	2.2	295
PAY	2021	5	24	3	6.9	5.9	95.77	88.4	4.58	0	0	0	1.5	300
PAY	2021	5	24	4	7.5	6.1	95.8	81.5	3.8	0	0	9	1.9	320
PAY	2021	5	24	5	7.5	6.3	95.76	87.2	4.94	10	0	63	1.3	325
PAY	2021	5	24	6	8.3	7	95.77	85.7	5.44	47	0	96	0.7	327
PAY	2021	5	24	7	9.2	7.4	95.79	81.7	5.54	118	0	128	1.5	322
PAY	2021	5	24	8	10.4	7.9	95.75	74.4	5.28	195	106.0528082	126	1	324
PAY	2021	5	24	9	11.5	8.5	95.71	67.3	4.96	235	114.54296	147	0.7	331
PAY	2021	5	24	10	13.4	10	95.63	71.2	7.64	535	449.9346608	152	1.5	319
PAY	2021	5	24	11	15.5	10.9	95.58	59.6	7.42	603	501.1929072	155	1.6	327
PAY	2021	5	24	12	16.6	11	95.58	48.7	6.34	419	296.6615689	154	3.2	341
PAY	2021	5	24	13	17.5	10.9	95.52	39.7	5.44	634	569.7436592	150	5.3	334
PAY	2021	5	24	14	17.4	10.8	95.51	40.3	5.46	597	591.7284791	144	6.6	338
PAY	2021	5	24	15	17.1	10.6	95.56	44.4	5.98	277	224.0587239	132	6.3	354
PAY	2021	5	24	16	13	9.9	95.65	67.7	6.54	132	31.84861612	116	6.5	353
PAY	2021	5	24	17	14.1	10.2	95.61	64.5	7	207	340.0739491	91	4.7	342
PAY	2021	5	24	18	14.1	10.4	95.64	59.8	6.06	160	642.4761568	48	5.7	332
PAY	2021	5	24	19	12.9	9.5	95.68	63.8	5.66	40	0	0	6.9	313
PAY	2021	5	24	20	9.9	8.6	95.88	72.9	4.48	0	0	0	7.2	329
PAY	2021	5	24	21	8.3	7.4	96.01	87.9	5.88	0	0	0	6.2	345
PAY	2021	5	24	22	8.8	7.6	96.11	88.4	6.48	0	0	0	4.1	333
PAY	2021	5	24	23	7.7	7.1	96.17	80.9	3.88	0	0	0	4.6	319
PAY	2021	5	25	0	7.9	5.9	96.16	72.5	2.4	0	0	0	3.9	295
PAY	2021	5	25	1	8.1	5.6	96.18	68	1.7	0	0	0	4.4	291
PAY	2021	5	25	2	8	5.4	96.21	67	1.4	0	0	0	4.4	291
PAY	2021	5	25	3	7.9	5.5	96.25	72.3	2.36	0	0	0	3.9	319
PAY	2021	5	25	4	7.2	5.5	96.3	77.1	2.62	0	0	10	4.1	291
PAY	2021	5	25	5	7.4	5.6	96.39	80.1	3.42	20	0	69	2.7	332
PAY	2021	5	25	6	6.2	5.3	96.49	85	3.2	33	0	100	4.5	331
PAY	2021	5	25	7	8.1	5.6	96.52	72.2	2.54	197	139.7947269	126	5.3	291
PAY	2021	5	25	8	7.9	6.1	96.56	74.4	2.78	227	0	262	3.9	315
PAY	2021	5	25	9	10.1	6.4	96.57	59.9	2.08	329	220.8841797	159	5.5	316
PAY	2021	5	25	10	11.7	7.4	96.58	53.6	2.42	702	638.0801653	158	6.5	309
PAY	2021	5	25	11	11.8	7.5	96.56	54.2	2.64	579	466.9319274	161	5.9	323
PAY	2021	5	25	12	13.7	8.3	96.54	54.3	4.56	852	755.5759341	176	7.4	310
PAY	2021	5	25	13	13.9	8.6	96.51	46.3	3.16	828	781.4039375	163	7.3	305
PAY	2021	5	25	14	13.4	8.4	96.49	45.5	2.5	738	733.797311	175	6.7	289
PAY	2021	5	25	15	13.8	8.4	96.44	44.6	2.72	568	642.4971774	151	5.9	305
PAY	2021	5	25	16	14.5	8	96.42	38.3	2.16	430	600.640323	127	6	294
PAY	2021	5	25	17	14.3	8.1	96.41	42.8	2.86	420	873.6270914	120	5.2	279
PAY	2021	5	25	18	13.4	7.7	96.42	47.3	2.86	125	401.5491813	54	4.3	297
PAY	2021	5	25	19	12.2	7.9	96.44	53.4	2.88	66	0	0	3.7	300
PAY	2021	5	25	20	9.5	7.4	96.47	72.4	3.98	1	0	0	2.3	296
PAY	2021	5	25	21	8.2	6.5	96.48	76.1	3.42	0	0	0	1.8	275
PAY	2021	5	25	22	8.5	6.1	96.44	71	2.7	0	0	0	2.1	284
PAY	2021	5	25	23	8.7	6.3	96.38	70.8	2.86	0	0	0	1.7	316
PAY	2021	5	26	0	9.8	6.7	96.33	66.2	3.04	0	0	0	3.1	333
PAY	2021	5	26	1	9.9	7	96.28	65.3	2.96	0	0	0	3.5	333
PAY	2021	5	26	2	9.4	6.6	96.22	67.2	2.84	0	0	0	3.3	297
PAY	2021	5	26	3	9.6	6.6	96.18	66.2	2.84	0	0	0	3.4	328
PAY	2021	5	26	4	9.6	6.7	96.17	66.4	2.88	1	0	9	3.6	330
PAY	2021	5	26	5	9.9	6.7	96.14	63.7	2.64	32	0	63	3.6	327
PAY	2021	5	26	6	10.3	7.1	96.16	64.9	3.28	114	0	119	4.7	312
PAY	2021	5	26	7	12.1	8.2	96.12	62.2	4.54	265	84.41310492	222	5.3	304
PAY	2021	5	26	8	13.2	8.9	96.1	58.1	4.82	354	56.62212583	317	4.7	320
PAY	2021	5	26	9	15.1	10	96.08	52	5.5	755	491.6167703	376	6.6	324
PAY	2021	5	26	10	15.7	9.6	96.07	39.8	3.66	638	385.3289797	309	7.5	332
PAY	2021	5	26	11	15.2	8.9	96.08	47.6	4.72	360	182.9364892	196	6.8	350
PAY	2021	5	26	12	17.1	10.3	96.01	45.4	6.18	602	261.1496591	368	6.1	346
PAY	2021	5	26	13	17.4	11.7	95.97	45.1	6.42	895	662.7471712	330	6.3	337
PAY	2021	5	26	14	17.6	11.4	95.95	46.8	6.96	517	197.6889847	365	6.4	352
PAY	2021	5	26	15	18.7	11.8	95.91	45.5	7.8	415	184.3704873	295	4.8	357
PAY	2021	5	26	16	18.5	12.2	95.89	46.7	7.84	644	914.1165915	181	5.3	337
PAY	2021	5	26	17	18.5	11.6	95.89	45.3	7.56	234	520.7741237	54	4.4	355
PAY	2021	5	26	18	16.5	11.5	95.92	51.4	6.78	190	1000	9	4.1	331
PAY	2021	5	26	19	15.9	11	95.95	54.2	6.74	50	0	0	5.1	351
PAY	2021	5	26	20	14.4	10.8	96.01	63.1	7.02	0	0	0	4.4	356
PAY	2021	5	26	21	14.3	10.7	96.06	63	6.9	0	0	0	1.5	354
PAY	2021	5	26	22	13.6	10.5	96.07	66.9	6.98	0	0	0	2.1	351
PAY	2021	5	26	23	13.7	10.3	96.05	66.1	6.92	0	0	0	2.2	353
PAY	2021	5	27	0	12.5	10.2	96.07	74.4	7.38	0	0	0	2.2	353
PAY	2021	5	27	1	12.7	10	96.08	70.7	6.84	0	0	0	2.8	347
PAY	2021	5	27	2	12.2	9.7	96.09	71.9	6.58	0	0	0	2.2	341
PAY	2021	5	27	3	12.1	9.7	96.06	74	6.9	0	0	0	2.8	341
PAY	2021	5	27	4	11.7	9.6	96.06	76.5	7	0	0	5	1.8	349
PAY	2021	5	27	5	11.1	9.6	96.07	83.6	7.82	24	54.43664039	14	1.7	339
PAY	2021	5	27	6	11.9	9.9	96.12	81.3	8.16	63	97.09844706	29	1.1	348
PAY	2021	5	27	7	13.9	10.5	96.11	69.7	7.84	205	205.5498131	100	2.6	333
PAY	2021	5	27	8	14.8	10.6	96.18	59.5	6.7	273	166.4748078	164	3.2	342
PAY	2021	5	27	9	12.5	9.9	96.25	64.1	5.32	320	259.0183938	120	4.1	348
PAY	2021	5	27	10	12.8	9.1	96.3	68.6	6.52	339	128.6533916	229	4.8	349
PAY	2021	5	27	11	15.6	10.4	96.28	63.1	8.22	712	497.9338866	265	3.4	329
PAY	2021	5	27	12	15.5	11.1	96.27	59.4	7.38	1001	617.3784076	447	3.5	306
PAY	2021	5	27	13	15.4	11.3	96.27	58	7	894	601.912646	380	3.3	321
PAY	2021	5	27	14	16.2	11.7	96.27	56	7.4	852	870.8835474	181	3.3	325
PAY	2021	5	27	15	16.4	11.7	96.26	55.3	7.46	731	864.1672004	167	3.2	309
PAY	2021	5	27	16	17.2	11.9	96.26	55	8.2	621	816.1401352	206	2.9	308
PAY	2021	5	27	17	16.8	11.5	96.24	51.8	7.16	395	894.1106456	84	2.6	305
PAY	2021	5	27	18	16	11.2	96.26	52.7	6.54	223	963.5133599	48	2.8	300
PAY	2021	5	27	19	14.3	10.6	96.3	60.1	6.32	69	0	0	2.9	296
PAY	2021	5	27	20	12.6	9.9	96.34	70.1	6.62	1	0	0	2.3	291
PAY	2021	5	27	21	11.3	9.3	96.36	72.9	5.88	0	0	0	1.9	286
PAY	2021	5	27	22	10.2	8.7	96.36	77.7	5.74	0	0	0	2.1	282
PAY	2021	5	27	23	7.8	7.8	96.37	93.5	6.5	0	0	0	1.3	276
PAY	2021	5	28	0	7.6	7	96.36	91.2	5.84	0	0	0	0.8	272
PAY	2021	5	28	1	6.9	6.5	96.37	94.3	5.76	0	0	0	0.9	268
PAY	2021	5	28	2	5.8	5.9	96.37	97.3	5.26	0	0	0	0.9	266
PAY	2021	5	28	3	5.1	5.1	96.32	97.5	4.6	0	0	0	1.2	264
PAY	2021	5	28	4	4.8	4.8	96.32	97.2	4.24	1	0	2	1	262
PAY	2021	5	28	5	6.2	5	96.36	95.3	5.26	70	145.6412467	43	1.3	262
PAY	2021	5	28	6	8.6	7	96.41	89	6.4	232	233.1807151	150	0.9	267
PAY	2021	5	28	7	10.4	8.1	96.42	78.5	6.1	409	312.3997229	249	1.1	273
PAY	2021	5	28	8	12.4	9.1	96.41	68.7	6.14	586	420.7484014	310	2	279
PAY	2021	5	28	9	15.3	10.2	96.35	61	7.5	744	532.7848008	332	2.6	287
PAY	2021	5	28	10	16.5	11.6	96.32	60	8.5	862	502.2532388	432	3.2	294
PAY	2021	5	28	11	18	12.3	96.28	51.3	8.26	935	588.5124154	406	3.4	299
PAY	2021	5	28	12	18.9	12.1	96.22	45.5	8	961	733.3659709	302	3.4	302
PAY	2021	5	28	13	19.6	12.3	96.16	41.1	7.82	949	661.7331681	383	3.3	304
PAY	2021	5	28	14	20.8	12.5	96.12	39.6	8.72	870	705.9275206	325	3.2	306
PAY	2021	5	28	15	21.2	12.3	96.09	37.3	8.66	749	736.5591906	267	3.3	308
PAY	2021	5	28	16	21.1	12	96.05	31.9	7.48	588	722.9133024	219	3.4	308
PAY	2021	5	28	17	20.9	11.3	96.03	28.5	6.6	409	822.9221084	121	3.5	309
PAY	2021	5	28	18	19.7	10.7	96.06	31.5	6	217	1000	18	3.2	307
PAY	2021	5	28	19	17.5	10.8	96.09	45.8	6.66	58	0	0	2.3	304
PAY	2021	5	28	20	13.6	10.5	96.15	62.4	6.08	1	0	0	1.6	299
PAY	2021	5	28	21	12.1	9.7	96.2	72.6	6.62	0	0	0	1.4	299
PAY	2021	5	28	22	11	9.4	96.2	82.6	7.52	0	0	0	0.8	297
PAY	2021	5	28	23	9.9	8.8	96.23	81.7	6.24	0	0	0	0.5	294
PAY	2021	5	29	0	9.5	8.4	96.24	87.1	6.92	0	0	0	1.2	292
PAY	2021	5	29	1	9.2	8.1	96.23	88.4	6.88	0	0	0	1.2	296
PAY	2021	5	29	2	9.4	8.4	96.23	89.6	7.32	0	0	0	1.1	313
PAY	2021	5	29	3	9.4	8.5	96.24	89.5	7.3	0	0	0	1	323
PAY	2021	5	29	4	9.5	8.7	96.26	91.2	7.74	3	0	11	1	331
PAY	2021	5	29	5	10.5	9.1	96.27	88.8	8.26	49	0	87	1.1	333
PAY	2021	5	29	6	11.9	9.8	96.29	79.1	7.72	175	133.1202635	128	0.9	332
PAY	2021	5	29	7	12.6	10.3	96.33	76.8	7.96	223	27.26824643	209	1.3	331
PAY	2021	5	29	8	13.8	10.8	96.33	72.5	8.3	355	280.0114511	171	1.5	330
PAY	2021	5	29	9	16.3	11.6	96.32	64.2	9.14	723	486.8446189	346	3.2	321
PAY	2021	5	29	10	17.6	12.7	96.31	62.3	10.06	777	428.1329634	410	3.7	317
PAY	2021	5	29	11	18.7	13.7	96.3	57.5	10.2	956	752.2327494	279	4.1	323
PAY	2021	5	29	12	20.3	14	96.28	52.2	10.74	954	679.0403246	343	4.6	324
PAY	2021	5	29	13	20.4	13.9	96.27	47.9	9.98	863	623.3455612	329	4.9	325
PAY	2021	5	29	14	19.9	14	96.28	52.6	10.42	833	638.6219557	339	4.7	326
PAY	2021	5	29	15	20.6	13.5	96.29	45	9.6	709	624.9133126	299	5.3	322
PAY	2021	5	29	16	20.2	12.9	96.28	43.6	8.92	574	782.698595	173	5.4	318
PAY	2021	5	29	17	19.3	12.2	96.3	41.9	7.68	404	798.1580132	123	5.4	312
PAY	2021	5	29	18	18.4	11.6	96.31	41.6	6.72	201	918.3218823	30	4.6	309
PAY	2021	5	29	19	16.6	10.9	96.35	47.1	6.02	59	0	0	3.8	303
PAY	2021	5	29	20	15	10.1	96.41	50.8	5.16	1	0	0	2.6	298
PAY	2021	5	29	21	13	9.6	96.44	61.3	5.26	0	0	0	1.8	292
PAY	2021	5	29	22	10.9	8.9	96.44	77.6	6.42	0	0	0	1.5	288
PAY	2021	5	29	23	12	8.7	96.44	62.5	4.5	0	0	0	2	284
PAY	2021	5	30	0	9.2	7.9	96.44	79.6	5.12	0	0	0	1.6	279
PAY	2021	5	30	1	9.4	7.3	96.42	74.3	4.26	0	0	0	1.6	275
PAY	2021	5	30	2	9	7.2	96.4	74.5	3.9	0	0	0	1.4	274
PAY	2021	5	30	3	8.5	6.8	96.39	75.3	3.56	0	0	0	1.6	272
PAY	2021	5	30	4	7.7	6.5	96.39	80.4	3.78	1	0	2	1.5	269
PAY	2021	5	30	5	9.6	6.7	96.39	73.1	4.22	74	291.8304244	19	1.4	268
PAY	2021	5	30	6	11.2	8	96.38	69.3	5.06	238	445.8527087	80	2.6	270
PAY	2021	5	30	7	13.3	9.1	96.39	61	5.5	419	641.2929195	89	4.1	275
PAY	2021	5	30	8	15.6	9.9	96.37	52.5	6.1	595	584.9461834	210	5.3	282
PAY	2021	5	30	9	17	10.7	96.34	48.4	6.68	751	504.2665479	360	6.1	289
PAY	2021	5	30	10	17.9	11.2	96.33	46.1	7.12	873	526.6736116	421	6	295
PAY	2021	5	30	11	19	11.8	96.29	44.7	7.94	949	689.2016266	328	6.6	301
PAY	2021	5	30	12	19.7	11.9	96.26	41.2	7.94	972	874.63067	184	7.1	304
PAY	2021	5	30	13	20.6	12	96.24	37.8	8.16	947	983.730325	103	6.8	306
PAY	2021	5	30	14	20.5	12	96.21	34.6	7.42	870	861.9335794	202	6.3	307
PAY	2021	5	30	15	20.7	11.9	96.19	32.7	7.24	750	956.302358	121	6.3	308
PAY	2021	5	30	16	20.1	11.7	96.15	35.7	7.24	592	1000	56	6.3	308
PAY	2021	5	30	17	19.5	11.6	96.13	36.4	6.78	414	1000	45	6.5	307
PAY	2021	5	30	18	18.1	10.7	96.16	36.7	5.44	234	1000	16	5.9	303
PAY	2021	5	30	19	16.5	9.8	96.18	40.1	4.52	74	0	0	4.8	299
PAY	2021	5	30	20	14.6	9.2	96.2	47	4	2	0	0	3.4	295
PAY	2021	5	30	21	13.5	8.7	96.22	51	3.7	0	0	0	3.3	292
PAY	2021	5	30	22	12.4	8.3	96.22	56.2	3.64	0	0	0	3	289
PAY	2021	5	30	23	11.1	7.8	96.22	61.9	3.48	0	0	0	2.3	285
PAY	2021	5	31	0	9.9	7.4	96.21	67.7	3.44	0	0	0	1.9	283
PAY	2021	5	31	1	7.6	6.8	96.18	81.8	3.96	0	0	0	1.6	281
PAY	2021	5	31	2	7.4	6.2	96.19	83	4	0	0	0	1.1	278
PAY	2021	5	31	3	6.1	5.7	96.2	90.5	4.2	0	0	0	1.6	277
PAY	2021	5	31	4	5.5	4.9	96.21	89.2	3.34	2	0	2	1.5	274
PAY	2021	5	31	5	7.5	5.6	96.24	84.6	4.42	70	0	82	1.3	272
PAY	2021	5	31	6	10.1	7.2	96.25	71.1	4.32	230	230.5977531	148	1.7	276
PAY	2021	5	31	7	12	8	96.24	58.7	3.74	427	502.261148	168	1.3	288
PAY	2021	5	31	8	13.8	8.7	96.22	52.5	4.3	616	509.7341574	280	1.5	297
PAY	2021	5	31	9	15.5	9.6	96.2	51.3	5.76	729	435.3855368	391	1.8	298
PAY	2021	5	31	10	16.8	10.7	96.18	48.8	6.56	864	527.2586299	411	1.7	301
PAY	2021	5	31	11	18.9	11.5	96.14	48.2	8.54	938	531.017164	459	1.8	306
PAY	2021	5	31	12	19.5	12.4	96.1	44.4	8.38	967	574.2450679	449	2.1	310
PAY	2021	5	31	13	20.3	13.3	96.05	41.7	8.64	944	642.4560297	392	2.1	314
PAY	2021	5	31	14	21.9	13.4	96	38.8	9.66	864	654.2874609	356	1.9	319
PAY	2021	5	31	15	22.8	14.1	95.97	42.3	11.26	737	652.1614018	307	2.5	326
PAY	2021	5	31	16	22.3	14	95.95	38.4	9.98	581	846.9421962	144	3.2	326
PAY	2021	5	31	17	21.4	13.5	95.92	38.6	9.12	402	730.1805479	142	2.4	326
PAY	2021	5	31	18	20.6	13	95.91	39.5	8.5	223	913.127465	49	2.7	324
PAY	2021	5	31	19	18.9	12.8	95.9	51.3	9.16	69	0	0	1.9	321
PAY	2021	5	31	20	17.9	12.5	95.94	50.9	8.08	2	0	0	1.6	316
PAY	2021	5	31	21	14.2	11.6	95.97	71.3	8.46	0	0	0	1.4	310
PAY	2021	5	31	22	15.1	10.8	95.97	57	6.5	0	0	0	1.8	305
PAY	2021	5	31	23	11.2	9.7	95.98	80.1	7.22	0	0	0	2.1	301
PAY	2021	6	1	0	10.6	9.2	95.98	80.2	6.64	0	0	0	0.9	294
PAY	2021	6	1	1	9.5	8.4	95.99	84.7	6.44	0	0	0	1.4	291
PAY	2021	6	1	2	8	7.7	96.01	89.5	5.9	0	0	0	1.6	289
PAY	2021	6	1	3	8.5	7.6	96.02	88.9	6.28	0	0	0	0.9	288
PAY	2021	6	1	4	7.8	6.9	96.02	90.5	5.9	2	0	18	1.4	285
PAY	2021	6	1	5	9.4	7.4	96.02	86.5	6.7	70	10.46299975	68	1.3	284
PAY	2021	6	1	6	11.5	9	96.01	76.7	6.84	229	347.6058802	105	0.9	287
PAY	2021	6	1	7	13.3	9.3	95.98	56.7	4.64	406	526.4524964	134	1.2	293
PAY	2021	6	1	8	14.8	10.2	95.94	57.9	6.38	579	668.1035937	138	1.8	299
PAY	2021	6	1	9	17	11.4	95.91	54.5	7.9	735	742.4138663	158	2	304
PAY	2021	6	1	10	19.5	12.9	95.85	52.2	9.94	848	794.1454623	165	2.1	311
PAY	2021	6	1	11	20.5	13.8	95.8	47.8	10.06	936	839.4359238	178	2.5	316
PAY	2021	6	1	12	22.5	14.4	95.74	45.7	11.64	967	884.7244374	168	3	322
PAY	2021	6	1	13	23.4	15.5	95.69	44.9	12.38	939	871.6877078	189	3.1	328
PAY	2021	6	1	14	24.4	15.4	95.63	33	11	862	908.9896408	155	3.4	332
PAY	2021	6	1	15	25	14.3	95.58	32.3	11.46	739	809.4983108	204	2.6	333
PAY	2021	6	1	16	24.6	13.9	95.54	28.4	10.28	439	554.3528367	152	2.8	335
PAY	2021	6	1	17	23.7	13.8	95.51	39.8	11.66	217	307.2609301	107	2.5	338
PAY	2021	6	1	18	22.7	14.2	95.5	41.9	11.08	189	664.4712452	61	2.1	331
PAY	2021	6	1	19	18.8	15.3	95.54	61.5	11.1	53	0	0	1.2	334
PAY	2021	6	1	20	17	14.1	95.6	71.4	11.28	3	0	0	1.2	337
PAY	2021	6	1	21	16	13.3	95.66	68.4	9.68	0	0	0	1.5	341
PAY	2021	6	1	22	16.6	13	95.74	64	9.4	0	0	0	2.6	368
PAY	2021	6	1	23	17.8	13.2	95.8	62.3	10.26	0	0	0	2.8	371
PAY	2021	6	2	0	17.2	13.4	95.81	66	10.4	0	0	0	4	370
PAY	2021	6	2	1	16	13.4	95.82	75.1	11.02	0	0	0	2.4	369
PAY	2021	6	2	2	14.6	13.5	95.84	90.3	12.66	0	0	0	1.1	372
PAY	2021	6	2	3	14.8	13.5	95.83	86.3	12.06	0	0	0	1.1	368
PAY	2021	6	2	4	13	12.9	95.85	93.3	11.66	1	0	18	1.2	334
PAY	2021	6	2	5	13.4	12.3	95.86	91.8	11.76	45	0	70	1.3	308
PAY	2021	6	2	6	15.6	13.3	95.86	80.8	11.76	233	343.8036651	110	0.9	312
PAY	2021	6	2	7	16.8	13.6	95.9	72	11.2	368	442.4442201	139	1.2	324
PAY	2021	6	2	8	18.8	14.1	95.94	64.8	11.76	429	426.6836184	147	1	357
PAY	2021	6	2	9	18.4	14.9	95.98	68	12	407	309.7696575	166	1.8	369
PAY	2021	6	2	10	20	15.2	95.98	61.1	12.22	476	340.3548667	183	1.5	370
PAY	2021	6	2	11	19.7	15.7	96.02	60.6	11.82	377	200.2483264	196	3.1	378
PAY	2021	6	2	12	19.3	14.9	96.04	65.2	12.34	369	212.3639126	177	4.3	373
PAY	2021	6	2	13	19.3	15.6	96.05	67.7	12.84	417	275.0855941	180	4.2	375
PAY	2021	6	2	14	19.5	15.3	96.07	63.7	12.24	363	247.7185701	170	4.5	376
PAY	2021	6	2	15	19.3	15.1	96.1	62.1	11.72	335	243.0508619	174	4.4	376
PAY	2021	6	2	16	19.3	14.7	96.1	60	11.3	269	231.0283228	149	4.3	381
PAY	2021	6	2	17	18.8	14.3	96.14	60.1	10.82	112	19.45139665	105	3.9	383
PAY	2021	6	2	18	18.2	14.4	96.21	68.9	11.98	48	0	56	2.8	382
PAY	2021	6	2	19	16.8	14.8	96.25	81.2	13.04	7	199.8863469	0	2.7	383
PAY	2021	6	2	20	15.9	15	96.33	92.9	14.48	0	0	0	1.9	382
PAY	2021	6	2	21	15.8	15	96.38	93.9	14.58	0	0	0	1.2	379
PAY	2021	6	2	22	15.6	14.9	96.4	94.7	14.54	0	0	0	1.1	379
PAY	2021	6	2	23	15.5	15	96.42	94.3	14.36	0	0	0	1	378
PAY	2021	6	3	0	15.2	14.8	96.41	95.4	14.28	0	0	0	1	377
PAY	2021	6	3	1	15.1	14.7	96.42	95.3	14.16	0	0	0	1.7	376
PAY	2021	6	3	2	14.8	14.6	96.42	96.4	14.08	0	0	0	1.5	372
PAY	2021	6	3	3	14.9	14.5	96.43	95.5	14	0	0	0	1.2	370
PAY	2021	6	3	4	14.5	14.3	96.45	97.7	14.04	1	0	20	0.7	365
PAY	2021	6	3	5	15	14.3	96.49	94.2	13.84	30	0	75	0.9	364
PAY	2021	6	3	6	15.5	14.7	96.55	92.6	14.02	81	0	117	1.4	365
PAY	2021	6	3	7	16.2	15	96.59	90.2	14.24	111	0	144	0.7	369
PAY	2021	6	3	8	17.3	15.5	96.58	86.5	14.6	221	117.8835959	143	1.1	371
PAY	2021	6	3	9	18.2	15.6	96.59	76.4	13.48	391	287.6468089	167	1.3	372
PAY	2021	6	3	10	20.6	16.2	96.56	69.5	14.5	711	543.1577165	243	1.4	357
PAY	2021	6	3	11	21.9	17.2	96.51	67	15.3	854	715.1431506	207	2.1	348
PAY	2021	6	3	12	22.1	17.4	96.47	60.4	14.18	901	506.043157	443	2.3	349
PAY	2021	6	3	13	23.2	17.1	96.41	54.9	14.18	689	491.5069318	265	1.9	376
PAY	2021	6	3	14	24	17.4	96.37	54	14.8	731	483.0938207	354	2.1	368
PAY	2021	6	3	15	24.5	17.7	96.34	57	15.9	672	929.3928641	55	2.4	368
PAY	2021	6	3	16	24.9	17.7	96.3	51.1	15.12	608	988.367873	93	2.3	363
PAY	2021	6	3	17	23.2	17.2	96.28	55.2	14.24	271	655.2690152	34	2.2	364
PAY	2021	6	3	18	22.5	17.3	96.32	64	15.3	142	640.8769942	16	1.5	370
PAY	2021	6	3	19	21.1	17.2	96.36	68	14.7	34	916.9771952	0	1.5	362
PAY	2021	6	3	20	18.7	16.7	96.38	79.6	14.62	1	0	0	1	373
PAY	2021	6	3	21	18.9	15.9	96.47	74.2	13.74	0	0	0	2.1	364
PAY	2021	6	3	22	17.5	15.4	96.51	78.4	13.18	0	0	0	4.4	384
PAY	2021	6	3	23	16.7	15.1	96.54	84.4	13.58	0	0	0	2.8	379
PAY	2021	6	4	0	16.8	15.3	96.52	85.8	13.96	0	0	0	2.9	380
PAY	2021	6	4	1	16.6	15.1	96.49	81.8	12.96	0	0	0	3.2	370
PAY	2021	6	4	2	15.9	14.7	96.52	88.2	13.54	0	0	0	1.4	361
PAY	2021	6	4	3	15.3	14.7	96.51	93.4	13.98	0	0	0	0.8	369
PAY	2021	6	4	4	15.6	14.7	96.56	91.6	13.92	0	0	3	1.6	374
PAY	2021	6	4	5	15.3	14.7	96.6	93.6	14.02	4	0	66	1.4	375
PAY	2021	6	4	6	16.1	15	96.63	89.3	13.96	40	0	57	1	374
PAY	2021	6	4	7	16	15.3	96.68	92.9	14.58	53	0	99	1.2	380
PAY	2021	6	4	8	17.4	15.5	96.7	84.1	14.22	189	40.76374608	162	1.2	372
PAY	2021	6	4	9	19.2	16.3	96.67	82.5	15.7	413	111.6241499	326	1.4	370
PAY	2021	6	4	10	20.6	17.3	96.66	72.9	15.18	729	612.2942529	201	2.5	353
PAY	2021	6	4	11	22.3	17.7	96.6	68.7	16.04	915	679.1854101	300	3.3	348
PAY	2021	6	4	12	23	18.2	96.53	66.4	16.28	909	740.6471769	238	3.8	348
PAY	2021	6	4	13	23.3	18.4	96.46	62.8	15.86	916	861.401076	172	3.6	350
PAY	2021	6	4	14	24.6	18.2	96.39	59.3	16.46	842	826.4921557	196	2.8	353
PAY	2021	6	4	15	24.7	18.3	96.31	53.4	15.38	720	910.8851556	114	2.1	357
PAY	2021	6	4	16	24.4	18.3	96.27	54.9	15.38	554	887.7790533	90	2.1	360
PAY	2021	6	4	17	21.9	17.4	96.27	62.3	14.36	78	99.05421004	42	2.1	364
PAY	2021	6	4	18	20.5	17.3	96.32	73	15.1	42	161.2140779	10	2	382
PAY	2021	6	4	19	20.4	16.2	96.34	64.6	13.32	45	1000	0	2.1	371
PAY	2021	6	4	20	16.3	15.6	96.57	85.9	13.48	1	0	0	4.8	395
PAY	2021	6	4	21	15.6	14.9	96.59	93.9	14.38	0	0	0	4.8	383
PAY	2021	6	4	22	15.3	15.1	96.62	97.1	14.72	0	0	0	1.7	380
PAY	2021	6	4	23	15.1	14.9	96.61	96.3	14.36	0	0	0	2.1	376
PAY	2021	6	5	0	15	14.8	96.56	97.5	14.5	0	0	0	1.9	382
PAY	2021	6	5	1	15.3	14.7	96.55	92.4	13.78	0	0	0	0.9	378
PAY	2021	6	5	2	15.1	14.9	96.53	97.6	14.62	0	0	0	1.3	383
PAY	2021	6	5	3	15.2	14.8	96.48	97.1	14.62	0	0	0	0.7	378
PAY	2021	6	5	4	15.2	14.7	96.47	91.8	13.56	0	0	3	1.4	380
PAY	2021	6	5	5	14.9	14.4	96.5	94.2	13.74	7	0	15	2.8	380
PAY	2021	6	5	6	14.9	14.3	96.54	94.5	13.8	30	0	158	2.3	377
PAY	2021	6	5	7	14.7	14.3	96.59	94.3	13.56	33	0	211	2.4	376
PAY	2021	6	5	8	14.6	14.2	96.62	94.3	13.46	43	0	98	2.4	376
PAY	2021	6	5	9	14.9	14	96.64	91.6	13.22	89	0	356	1.8	372
PAY	2021	6	5	10	16.1	14.4	96.63	85.8	13.26	230	126.307448	121	2.4	356
PAY	2021	6	5	11	17.7	14.6	96.6	71.3	11.96	778	401.6659697	414	2	338
PAY	2021	6	5	12	20.1	15	96.54	65.9	13.28	854	606.5161255	304	1.8	356
PAY	2021	6	5	13	15.4	14.2	96.57	81.2	11.64	316	0	371	2.1	379
PAY	2021	6	5	14	18.9	14.9	96.55	72.3	13.36	615	485.4373642	235	2.5	364
PAY	2021	6	5	15	16.7	14.5	96.58	73.9	11.48	284	120.00297	204	2.8	368
PAY	2021	6	5	16	17.9	14	96.56	64.8	10.86	447	539.8801039	164	1.5	356
PAY	2021	6	5	17	16.1	13.8	96.55	76.6	11.42	124	35.60359075	111	2.8	356
PAY	2021	6	5	18	16.5	14.1	96.53	71.7	10.84	203	723.8583405	58	2.2	357
PAY	2021	6	5	19	15.7	14	96.57	86.5	13	48	1000	0	1.1	350
PAY	2021	6	5	20	14.8	14.2	96.59	91.2	13.04	1	0	0	0.9	352
PAY	2021	6	5	21	13.4	13.3	96.6	95.6	12.52	0	0	0	1.2	317
PAY	2021	6	5	22	12.7	12.4	96.62	96.1	11.92	0	0	0	1.1	325
PAY	2021	6	5	23	13.3	12.6	96.61	95.2	12.34	0	0	0	1.2	356
PAY	2021	6	6	0	12.5	12.6	96.59	97.6	12.02	0	0	0	1.4	324
PAY	2021	6	6	1	11.6	11.8	96.56	98.2	11.24	0	0	0	1.2	316
PAY	2021	6	6	2	12.4	12	96.51	96.2	11.64	0	0	0	0.9	354
PAY	2021	6	6	3	12.7	12.3	96.47	96.5	12	0	0	0	1	359
PAY	2021	6	6	4	12.6	12.3	96.45	97.6	12.12	1	0	19	1	359
PAY	2021	6	6	5	13.1	12.4	96.43	96.1	12.32	24	45.88415228	15	0.9	362
PAY	2021	6	6	6	13.4	12.9	96.43	94.4	12.28	86	132.9636456	38	0.9	361
PAY	2021	6	6	7	14.8	13.6	96.44	89.8	12.76	148	0	230	0.8	368
PAY	2021	6	6	8	16.3	14.3	96.43	81	12.5	306	0	327	1.4	365
PAY	2021	6	6	9	17.8	14.2	96.41	65.2	10.84	645	435.5957388	305	2.5	357
PAY	2021	6	6	10	18.5	14.2	96.38	63.3	11.16	631	230.441888	432	3.3	368
PAY	2021	6	6	11	19.3	14.2	96.34	57.7	10.84	700	627.4108014	131	3.3	356
PAY	2021	6	6	12	19.6	14.8	96.31	58.1	11.22	770	466.052395	347	3.1	357
PAY	2021	6	6	13	21	15.4	96.27	55.7	12.14	902	894.0954239	128	3.9	351
PAY	2021	6	6	14	20.6	16.2	96.28	62.8	13.16	763	556.1691475	327	4.3	368
PAY	2021	6	6	15	19.7	15.4	96.27	62.8	12.26	447	486.5537278	122	5.3	381
PAY	2021	6	6	16	19.8	15.5	96.25	64.5	12.7	435	513.6265371	165	4.9	379
PAY	2021	6	6	17	18.9	15	96.24	66.5	12.2	198	218.1230726	118	4.8	379
PAY	2021	6	6	18	18.5	15	96.26	67.6	12.02	201	900.6820247	19	4.5	372
PAY	2021	6	6	19	17.3	14.5	96.31	74.4	12.18	70	1000	0	4.9	366
PAY	2021	6	6	20	16.7	14.3	96.36	76.9	12.08	3	0	0	3.9	378
PAY	2021	6	6	21	16.1	14	96.37	80.4	12.18	0	0	0	3.6	378
PAY	2021	6	6	22	15.8	14	96.37	81.9	12.18	0	0	0	2.7	372
PAY	2021	6	6	23	15.3	13.8	96.36	84.8	12.26	0	0	0	2.2	358
PAY	2021	6	7	0	15.4	13.9	96.33	85.6	12.52	0	0	0	2.1	378
PAY	2021	6	7	1	15.4	13.8	96.31	83.2	12.04	0	0	0	2.3	379
PAY	2021	6	7	2	15.3	13.8	96.29	85.3	12.36	0	0	0	2	374
PAY	2021	6	7	3	14.9	13.8	96.28	88.3	12.56	0	0	0	1.8	369
PAY	2021	6	7	4	15	13.8	96.27	87.8	12.56	1	0	3	1.7	378
PAY	2021	6	7	5	15.4	14	96.27	86.4	12.68	27	40.63904621	19	2	372
PAY	2021	6	7	6	15.8	14.3	96.27	86.9	13.18	104	176.9975305	40	1.9	354
PAY	2021	6	7	7	16.8	14.7	96.3	80.5	12.9	169	176.6151816	77	2.8	372
PAY	2021	6	7	8	16.8	14.7	96.33	78.6	12.52	156	102.4154145	88	3.6	385
PAY	2021	6	7	9	18.1	15.2	96.32	77.6	13.62	265	142.1232544	154	3.4	387
PAY	2021	6	7	10	18.7	15.5	96.33	75.3	13.76	419	57.86468166	369	3.5	388
PAY	2021	6	7	11	20.1	16.1	96.31	66.8	13.46	754	518.9937301	283	3.9	372
PAY	2021	6	7	12	20.6	16.4	96.27	65.4	13.68	854	473.3706505	424	4.1	358
PAY	2021	6	7	13	19.8	15.9	96.25	67	13.2	373	19.61704412	356	4.2	387
PAY	2021	6	7	14	19.7	16.1	96.25	67.2	13.14	317	33.12013489	291	4.1	387
PAY	2021	6	7	15	19.7	15.8	96.23	64.8	12.66	225	70.23044831	178	3.8	385
PAY	2021	6	7	16	19.9	15.6	96.22	66.2	13.14	269	280.7808228	121	4.1	375
PAY	2021	6	7	17	19.1	15.5	96.24	69.9	13.08	219	366.5118971	84	3.4	366
PAY	2021	6	7	18	18.4	15.3	96.29	72.4	12.88	138	539.8680954	28	3.8	376
PAY	2021	6	7	19	17.8	15	96.31	72.8	12.36	32	718.0320648	0	2.8	375
PAY	2021	6	7	20	17.3	14.5	96.37	73.8	12.06	1	0	0	2.4	380
PAY	2021	6	7	21	16.9	14.5	96.39	78	12.5	0	0	0	1.9	384
PAY	2021	6	7	22	16.6	14.6	96.38	80.2	12.64	0	0	0	1.6	384
PAY	2021	6	7	23	16.3	14.6	96.37	84.3	13.16	0	0	0	1.5	381
PAY	2021	6	8	0	15.9	14.5	96.36	86.3	13.16	0	0	0	1.4	374
PAY	2021	6	8	1	15.3	14.6	96.34	92	13.7	0	0	0	1.4	372
PAY	2021	6	8	2	15.7	14.5	96.31	88.3	13.36	0	0	0	1.3	378
PAY	2021	6	8	3	14.3	14.3	96.33	96.2	13.54	0	0	0	1	356
PAY	2021	6	8	4	14.5	14.1	96.36	95.8	13.66	1	0	20	1.1	373
PAY	2021	6	8	5	15.1	14.3	96.38	92.6	13.62	21	0	90	1.1	371
PAY	2021	6	8	6	15.5	14.5	96.41	91.4	13.78	87	0	178	1.1	372
PAY	2021	6	8	7	16.2	14.9	96.43	87.7	13.74	126	0	239	1.3	379
PAY	2021	6	8	8	16	15.1	96.43	92	14.4	159	0	276	1.7	387
PAY	2021	6	8	9	17.7	15.9	96.4	78.6	13.42	575	354.4827674	298	1.4	373
PAY	2021	6	8	10	18.5	15.8	96.4	79.8	14.46	440	145.7398459	314	2.3	374
PAY	2021	6	8	11	19.1	16	96.39	73.3	13.76	413	6.60722527	407	3.2	377
PAY	2021	6	8	12	19.8	15.8	96.35	68	13.4	512	111.1006018	411	2.6	369
PAY	2021	6	8	13	20.1	16.1	96.33	62.1	12.52	617	236.3222444	412	2.2	381
PAY	2021	6	8	14	19.5	16	96.31	75.6	14.62	269	192.0975095	118	2	384
PAY	2021	6	8	15	20	16.3	96.28	67.4	13.48	341	301.2965028	139	2.5	381
PAY	2021	6	8	16	18	16.2	96.32	82.9	14.58	284	459.8156034	41	2.2	374
PAY	2021	6	8	17	17.2	15.2	96.34	80.2	13.24	240	570.5075143	29	3.6	379
PAY	2021	6	8	18	17	14.8	96.37	79.5	12.9	92	365.1994171	17	1.9	372
PAY	2021	6	8	19	17.3	15.2	96.36	79.3	13.16	71	1000	0	1.7	368
PAY	2021	6	8	20	15.4	15	96.38	95.2	14.44	3	0	0	1.2	344
PAY	2021	6	8	21	15.5	14.7	96.44	94.9	14.48	0	0	0	1.5	363
PAY	2021	6	8	22	15.6	15.1	96.44	95.2	14.64	0	0	0	1.5	380
PAY	2021	6	8	23	15.4	14.9	96.43	94.7	14.34	0	0	0	1.2	383
PAY	2021	6	9	0	14.9	14.6	96.41	96.4	14.18	0	0	0	1	362
PAY	2021	6	9	1	13.9	14.2	96.4	98.1	13.52	0	0	0	1.1	337
PAY	2021	6	9	2	14.7	14.3	96.37	96.7	14.04	0	0	0	0.9	371
PAY	2021	6	9	3	14.1	14.1	96.38	98.5	13.8	0	0	0	0.8	353
PAY	2021	6	9	4	14.5	14.2	96.37	97.7	14.04	1	0	3	0.8	381
PAY	2021	6	9	5	14.7	14.3	96.39	96	13.9	30	70.71168906	16	1.2	374
PAY	2021	6	9	6	14.9	14.5	96.41	93.8	13.66	90	107.5874067	51	1.2	362
PAY	2021	6	9	7	15.8	14.6	96.44	89.6	13.72	143	168.6881285	55	1.3	380
PAY	2021	6	9	8	16.7	15	96.45	84.6	13.62	325	237.7099285	167	1.1	371
PAY	2021	6	9	9	18.3	15.6	96.45	78.1	13.92	477	413.1676718	154	1.3	371
PAY	2021	6	9	10	20.6	16.2	96.45	73.1	15.22	653	542.2173865	184	2.1	367
PAY	2021	6	9	11	21	16.9	96.43	66.8	14.36	813	709.8706134	168	2.5	358
PAY	2021	6	9	12	21.6	17	96.37	62.9	14.18	843	794.7290186	120	2.9	358
PAY	2021	6	9	13	20.8	17.1	96.36	68.8	14.56	579	518.2672128	129	3.1	379
PAY	2021	6	9	14	20.7	16.9	96.35	61.9	13.08	515	519.6632341	106	3.5	367
PAY	2021	6	9	15	19.9	16.1	96.38	67.7	13.44	337	166.7674147	225	3.2	371
PAY	2021	6	9	16	19.9	16	96.36	66.3	13.16	305	428.4746336	78	2	364
PAY	2021	6	9	17	20.5	16.7	96.4	64.1	13.32	307	756.8193043	26	1.9	353
PAY	2021	6	9	18	19.6	16.2	96.43	69.1	13.42	106	270.6502671	50	1.8	374
PAY	2021	6	9	19	18	16.2	96.48	83.3	14.66	23	480.7371083	0	1.2	352
PAY	2021	6	9	20	16.8	15.4	96.49	80.8	12.96	1	0	0	2.1	362
PAY	2021	6	9	21	15.1	14.6	96.49	91	13.3	0	0	0	1.2	328
PAY	2021	6	9	22	14.1	13.8	96.49	94.8	13.06	0	0	0	1.3	322
PAY	2021	6	9	23	13.8	13.3	96.48	95.3	12.86	0	0	0	0.8	320
PAY	2021	6	10	0	12.7	12.8	96.46	97.5	12.2	0	0	0	0.8	317
PAY	2021	6	10	1	13.1	12.4	96.45	95.4	12.18	0	0	0	0.9	314
PAY	2021	6	10	2	12.4	12.2	96.46	97.4	11.88	0	0	0	0.6	312
PAY	2021	6	10	3	11.7	11.7	96.46	97.6	11.22	0	0	0	0.9	311
PAY	2021	6	10	4	11.2	11.2	96.45	98.5	10.9	3	0	16	0.5	309
PAY	2021	6	10	5	12.7	11.5	96.45	95	11.7	72	257.0412977	21	0.9	311
PAY	2021	6	10	6	13.3	12.7	96.44	94.6	12.22	206	482.3320386	31	1.1	324
PAY	2021	6	10	7	15.6	13.8	96.43	85	12.6	401	576.6965116	100	1.5	316
PAY	2021	6	10	8	18.4	14.9	96.45	73.8	13.16	570	488.7755899	245	2.5	320
PAY	2021	6	10	9	20.5	15.9	96.44	66.6	13.82	725	460.330287	365	2.7	327
PAY	2021	6	10	10	21.9	16.9	96.43	64.3	14.76	828	768.4991314	163	3.2	335
PAY	2021	6	10	11	22.7	17.4	96.4	61.4	14.98	880	740.3053981	207	3.4	342
PAY	2021	6	10	12	24.3	17.8	96.33	54.9	15.28	952	552.5326908	449	3.5	346
PAY	2021	6	10	13	24.6	17.1	96.27	45.9	13.78	926	762.9035858	263	4	347
PAY	2021	6	10	14	25.2	16.9	96.23	46.4	14.48	860	637.0658685	358	4.1	346
PAY	2021	6	10	15	25.2	16	96.19	37.5	12.7	743	964.7703996	94	3.7	346
PAY	2021	6	10	16	25.5	16	96.15	36.2	12.74	562	975.4420018	44	3.4	346
PAY	2021	6	10	17	21.5	16.3	96.19	59	13.3	242	308.5840966	127	3.7	363
PAY	2021	6	10	18	20.7	16.4	96.21	64.3	13.56	62	230.3509955	14	2.2	364
PAY	2021	6	10	19	20.6	16.5	96.2	65.6	13.72	74	1000	0	1.4	358
PAY	2021	6	10	20	17.8	16.3	96.26	83.8	14.56	4	0	0	1.3	342
PAY	2021	6	10	21	17.1	15.8	96.3	86.9	14.48	0	0	0	0.8	335
PAY	2021	6	10	22	16.3	15.3	96.29	89.9	14.28	0	0	0	0.7	330
PAY	2021	6	10	23	14.9	14.6	96.28	94.8	13.86	0	0	0	0.9	325
PAY	2021	6	11	0	14.4	13.9	96.27	93.8	13.16	0	0	0	1.1	323
PAY	2021	6	11	1	13.7	13.4	96.24	94.2	12.54	0	0	0	0.9	319
PAY	2021	6	11	2	13	12.7	96.25	95.9	12.18	0	0	0	1.3	314
PAY	2021	6	11	3	12.3	12	96.24	96.9	11.68	0	0	0	1.2	312
PAY	2021	6	11	4	11.8	11.6	96.25	96	11	3	0	15	1.3	310
PAY	2021	6	11	5	13.3	12	96.29	93.9	12.08	72	0	94	1.5	309
PAY	2021	6	11	6	15	13.3	96.31	88.8	12.76	221	308.4890688	109	0.9	311
PAY	2021	6	11	7	17.7	14.6	96.31	78.1	13.32	397	352.4048665	213	1.1	318
PAY	2021	6	11	8	19.3	15.6	96.31	72.4	13.78	568	430.0047437	282	2.3	325
PAY	2021	6	11	9	21.1	16.6	96.31	66.6	14.42	726	559.9106354	288	3	331
PAY	2021	6	11	10	22.8	17.2	96.29	54.9	13.78	845	482.8887979	427	3.7	338
PAY	2021	6	11	11	23.9	17.7	96.27	53.5	14.6	928	551.95095	426	3.7	342
PAY	2021	6	11	12	25.3	17.5	96.23	47.8	14.86	963	685.0262443	339	4.3	343
PAY	2021	6	11	13	25.4	16.3	96.2	36.5	12.7	944	605.9072271	417	3.7	342
PAY	2021	6	11	14	26.5	16.4	96.16	33.2	13.14	871	659.1650008	351	3.8	342
PAY	2021	6	11	15	26	16.2	96.14	39.9	13.98	745	675.3249137	290	3.8	345
PAY	2021	6	11	16	26.4	16.3	96.11	35.9	13.58	592	685.7851915	227	3.5	348
PAY	2021	6	11	17	25.2	16.4	96.11	40.3	13.26	415	992.025449	44	3.5	350
PAY	2021	6	11	18	23.4	16.1	96.14	46.6	12.72	180	781.8026491	16	3.2	350
PAY	2021	6	11	19	22.5	16	96.17	49.7	12.44	76	1000	0	1.9	348
PAY	2021	6	11	20	19.3	15.8	96.24	68.8	13.06	4	0	0	1.7	343
PAY	2021	6	11	21	18.7	15.3	96.29	68.2	12.34	0	0	0	1.9	338
PAY	2021	6	11	22	16.7	14.8	96.33	80.2	12.74	0	0	0	1.1	333
PAY	2021	6	11	23	14.8	14.1	96.32	88.7	12.54	0	0	0	1.2	328
PAY	2021	6	12	0	15.2	13.6	96.33	84.5	12.1	0	0	0	1.6	321
PAY	2021	6	12	1	13.7	13.2	96.34	90.8	11.86	0	0	0	1.3	319
PAY	2021	6	12	2	12.6	12.5	96.31	92.3	11.06	0	0	0	1.2	315
PAY	2021	6	12	3	12.4	12	96.32	92.9	10.98	0	0	0	1.4	313
PAY	2021	6	12	4	13.1	12	96.38	88.5	10.8	3	0	5	2.3	314
PAY	2021	6	12	5	13.8	12.5	96.41	89.4	11.68	64	160.8184819	32	1.9	321
PAY	2021	6	12	6	16.5	13.6	96.44	77.5	12	223	390.9533463	81	1.5	321
PAY	2021	6	12	7	18.3	14.8	96.47	70.6	12.42	392	314.0324727	228	1.6	323
PAY	2021	6	12	8	20.8	15.7	96.47	62.2	13.24	568	496.0743133	238	1	331
PAY	2021	6	12	9	22.1	16.6	96.47	59	13.9	714	722.1118435	149	1.3	339
PAY	2021	6	12	10	24.6	17.1	96.47	51	14.8	843	522.0186872	391	1.2	345
PAY	2021	6	12	11	25.1	17.1	96.45	41.8	13.46	917	600.0876417	371	1.4	352
PAY	2021	6	12	12	26.2	17.5	96.42	45.4	15.28	941	540.9106244	448	1.7	358
PAY	2021	6	12	13	27.3	17.7	96.43	39.8	15.26	941	917.922975	142	2.5	371
PAY	2021	6	12	14	27.1	18.1	96.43	44.1	15.92	764	792.690692	138	2.6	380
PAY	2021	6	12	15	26.3	17.8	96.42	42.9	14.88	570	643.2052504	136	2.7	373
PAY	2021	6	12	16	26	18	96.43	44.7	14.94	572	674.9520642	212	2.4	370
PAY	2021	6	12	17	25	17.7	96.44	48.3	14.66	234	263.8403815	135	3.4	382
PAY	2021	6	12	18	24.2	17.4	96.47	50.7	14.34	252	890.6169916	64	3.2	381
PAY	2021	6	12	19	21.2	17.2	96.52	66.4	14.48	121	1000	0	2.5	368
PAY	2021	6	12	20	21.4	16.6	96.59	60	13.4	5	0	0	2.1	348
PAY	2021	6	12	21	18.9	16	96.64	72.7	13.44	0	0	0	1.8	345
PAY	2021	6	12	22	17.2	15.7	96.67	84.1	14.02	0	0	0	1.2	349
PAY	2021	6	12	23	17.1	15.3	96.69	82.5	13.6	0	0	0	1.2	349
PAY	2021	6	13	0	15.6	14.7	96.69	90.2	13.64	0	0	0	1.2	333
PAY	2021	6	13	1	15.2	14.2	96.65	87.7	12.74	0	0	0	1	328
PAY	2021	6	13	2	14.3	13.7	96.6	92.6	12.82	0	0	0	1	324
PAY	2021	6	13	3	13.6	13.3	96.59	94.7	12.54	0	0	0	0.9	321
PAY	2021	6	13	4	13.4	12.9	96.6	95.3	12.46	3	0	23	1	320
PAY	2021	6	13	5	14.5	13.2	96.66	91.3	12.76	77	0	90	0.8	319
PAY	2021	6	13	6	17.1	14.6	96.67	82.8	13.66	229	335.8235118	107	0.5	323
PAY	2021	6	13	7	18.9	16	96.69	76.2	14.14	406	551.4325043	118	2.1	330
PAY	2021	6	13	8	21.1	16.9	96.7	66.3	14.36	574	604.2662428	172	3.5	337
PAY	2021	6	13	9	22.4	17.3	96.69	62.2	14.84	728	733.521295	154	4.6	342
PAY	2021	6	13	10	23.1	17.5	96.69	57.6	14.62	849	496.5010567	419	5	344
PAY	2021	6	13	11	24.1	17.7	96.66	51.7	14.44	932	695.46487	299	4.1	346
PAY	2021	6	13	12	25.2	17.9	96.62	45.2	14.24	962	957.3529984	89	4.5	348
PAY	2021	6	13	13	26	17.4	96.58	45.7	15.14	942	991.8860546	78	4.6	346
PAY	2021	6	13	14	26	17.6	96.58	45.5	15.1	869	984.1840789	91	5	347
PAY	2021	6	13	15	25.9	17.2	96.53	42.7	14.44	753	939.7856675	118	5.5	348
PAY	2021	6	13	16	25.7	17.1	96.51	42.7	14.24	603	1000	48	5.6	349
PAY	2021	6	13	17	24.9	17.1	96.48	44.3	13.76	428	1000	31	5.3	350
PAY	2021	6	13	18	23.8	16.7	96.45	48.6	13.52	251	1000	20	4.9	347
PAY	2021	6	13	19	22.1	16.2	96.44	53	12.7	92	1000	1	4.6	344
PAY	2021	6	13	20	20.6	15.1	96.47	51.3	10.86	4	0	0	3.4	336
PAY	2021	6	13	21	18.6	14	96.48	58.9	10.38	0	0	0	1.8	329
PAY	2021	6	13	22	17.4	13.6	96.44	63.4	10.08	0	0	0	2.2	325
PAY	2021	6	13	23	16.1	13.2	96.43	68.4	9.78	0	0	0	2.2	320
PAY	2021	6	14	0	13.4	12.2	96.43	82.7	9.94	0	0	0	1.4	315
PAY	2021	6	14	1	14.9	12.2	96.42	74	9.7	0	0	0	1.5	313
PAY	2021	6	14	2	12.6	11.6	96.4	84.5	9.5	0	0	0	1.1	310
PAY	2021	6	14	3	12.5	11.1	96.4	85.2	9.54	0	0	0	1.6	305
PAY	2021	6	14	4	11	10.7	96.42	91.5	9.3	3	0	8	1.1	302
PAY	2021	6	14	5	13.5	11.2	96.44	86	10.7	80	210.8576663	38	1	305
PAY	2021	6	14	6	15.1	12.4	96.43	76.5	10.4	235	366.1138629	102	1.1	310
PAY	2021	6	14	7	17.3	12.9	96.42	62.3	9.76	408	576.3644797	107	1.7	317
PAY	2021	6	14	8	18.5	13.3	96.41	58.1	10.12	578	581.7360788	191	1.6	324
PAY	2021	6	14	9	20.4	14.5	96.37	54.7	11.34	730	468.9695705	363	1.5	329
PAY	2021	6	14	10	21.4	15.6	96.34	53	12	846	498.7312831	414	1.9	336
PAY	2021	6	14	11	23	16.7	96.31	52.5	13.5	925	605.1966804	374	2.5	344
PAY	2021	6	14	12	24.4	17.3	96.24	51	14.6	954	903.2076123	130	2.3	350
PAY	2021	6	14	13	26.3	17.9	96.17	45.9	15.48	931	842.0878797	197	2.4	355
PAY	2021	6	14	14	27.2	17.7	96.15	42.2	15.64	861	848.038359	190	2.6	355
PAY	2021	6	14	15	27.5	17.5	96.13	35.4	14.58	754	885.3486351	155	2.5	353
PAY	2021	6	14	16	27.8	18.1	96.09	42.8	16.36	602	765.705606	192	2.5	356
PAY	2021	6	14	17	27	18.1	96.08	43.6	15.72	427	815.8785446	119	2.4	357
PAY	2021	6	14	18	26.1	17.6	96.08	41	14.3	246	988.3252211	35	1.5	357
PAY	2021	6	14	19	23	17.8	96.08	61.2	15.24	90	1000	1	1	353
PAY	2021	6	14	20	21.5	16.7	96.13	55.6	12.62	5	0	0	1.8	343
PAY	2021	6	14	21	17.9	16	96.15	77.8	13.46	0	0	0	1.6	333
PAY	2021	6	14	22	16	14.5	96.18	78.8	11.76	0	0	0	0.9	318
PAY	2021	6	14	23	15.1	13.2	96.18	80	11.1	0	0	0	1.5	314
PAY	2021	6	15	0	14.1	13	96.17	86.7	11.44	0	0	0	1	312
PAY	2021	6	15	1	13.3	12.1	96.17	83.4	9.98	0	0	0	1.4	309
PAY	2021	6	15	2	13.4	11.8	96.17	85.2	10.44	0	0	0	1	305
PAY	2021	6	15	3	12	11.2	96.16	91.1	10.22	0	0	0	1.4	304
PAY	2021	6	15	4	11.4	10.9	96.18	91.5	9.7	3	0	7	1.4	303
PAY	2021	6	15	5	13.5	11.6	96.21	89.1	11.32	82	95.40367929	63	1.4	303
PAY	2021	6	15	6	16.5	13.5	96.23	76.5	11.8	243	253.3162193	151	0.8	306
PAY	2021	6	15	7	19.5	14.5	96.23	64.5	12.4	420	356.2339733	234	1	313
PAY	2021	6	15	8	21.2	15.6	96.22	60.4	13.28	594	428.4649638	309	1.9	320
PAY	2021	6	15	9	23	16.4	96.22	53.2	13.64	747	491.982448	362	2	328
PAY	2021	6	15	10	24.8	16.9	96.21	53.1	15.42	864	549.4746999	388	2.4	333
PAY	2021	6	15	11	25.5	17.3	96.19	42.6	14.02	945	588.5820625	409	1.7	342
PAY	2021	6	15	12	27.4	17.9	96.16	43.4	16.08	965	776.841389	256	1.9	353
PAY	2021	6	15	13	28	19.1	96.13	43.4	16.68	934	894.3224089	154	2.4	362
PAY	2021	6	15	14	29.2	18.9	96.09	36	16.4	855	708.4044041	294	2.2	368
PAY	2021	6	15	15	28.6	18.6	96.06	40.4	16.68	746	640.6889179	312	2.6	370
PAY	2021	6	15	16	28.4	18.7	96.03	37.6	15.92	548	583.52007	235	2.6	373
PAY	2021	6	15	17	28.3	18.7	96	42	16.7	427	951.0211151	67	2.2	377
PAY	2021	6	15	18	27.1	18.9	95.99	44.5	16	257	936.7365991	56	2.6	374
PAY	2021	6	15	19	25.1	18.7	96.01	51.5	15.4	78	1000	1	1.7	369
PAY	2021	6	15	20	22.8	17	96.02	48.8	12.56	6	0	0	2	359
PAY	2021	6	15	21	20.4	15.8	96.05	61.1	12.62	0	0	0	1.5	350
PAY	2021	6	15	22	18	15.3	96.05	72.9	12.58	0	0	0	0.8	340
PAY	2021	6	15	23	16.5	14.8	96.02	79.1	12.32	0	0	0	1.2	335
PAY	2021	6	16	0	16.2	14.1	96.02	83.4	12.88	0	0	0	1.4	331
PAY	2021	6	16	1	14.5	13.5	95.99	86.9	11.88	0	0	0	1.6	327
PAY	2021	6	16	2	14.8	13.2	95.99	83.9	11.58	0	0	0	1.8	325
PAY	2021	6	16	3	13.4	12.7	95.98	89.2	11.24	0	0	0	1.3	324
PAY	2021	6	16	4	13.9	12.8	95.99	87.2	11.34	2	0	17	2.5	328
PAY	2021	6	16	5	15.3	13.1	95.98	81.8	11.66	69	0	69	1.5	324
PAY	2021	6	16	6	18.2	15	95.97	75.5	13.3	230	258.9463975	136	1.2	328
PAY	2021	6	16	7	20	15.7	95.96	69.4	13.88	390	478.9763908	140	1.3	333
PAY	2021	6	16	8	21.7	16.6	95.94	58.5	13.4	562	526.3031819	212	1.3	341
PAY	2021	6	16	9	23.5	16.9	95.93	49.5	13.4	711	649.224592	203	1.5	350
PAY	2021	6	16	10	25	18	95.9	46.7	14.34	831	458.2638506	434	1.8	357
PAY	2021	6	16	11	26.6	18.1	95.88	46.1	15.82	916	573.1043755	394	1.8	361
PAY	2021	6	16	12	28	19	95.82	44.4	16.88	948	573.9398166	424	1.8	366
PAY	2021	6	16	13	29.6	18.7	95.78	39.1	17.42	931	734.5487836	290	1.7	369
PAY	2021	6	16	14	29.6	19.4	95.73	40.2	17.64	855	681.3448761	315	2	370
PAY	2021	6	16	15	29.9	19	95.69	36.6	17.22	730	622.2686169	308	1.7	373
PAY	2021	6	16	16	30.1	19	95.66	33.6	16.82	592	688.6532167	222	2.2	374
PAY	2021	6	16	17	29.6	18.2	95.63	31.7	15.94	421	885.3731456	85	1.7	371
PAY	2021	6	16	18	28.1	18.9	95.62	41.7	16.44	241	1000	15	1.6	372
PAY	2021	6	16	19	23.6	19.2	95.65	68.9	17.38	66	1000	1	1.6	369
PAY	2021	6	16	20	22	18.7	95.7	67.5	15.5	4	0	0	1.3	362
PAY	2021	6	16	21	20.7	17.8	95.73	74.3	15.56	0	0	0	2.1	357
PAY	2021	6	16	22	19.5	17	95.75	75	14.5	0	0	0	1.6	350
PAY	2021	6	16	23	17	16.3	95.72	87.5	14.5	0	0	0	1.5	347
PAY	2021	6	17	0	17.4	15.3	95.69	81.3	13.66	0	0	0	1.8	343
PAY	2021	6	17	1	16.3	14.9	95.71	81.6	12.62	0	0	0	1.6	338
PAY	2021	6	17	2	14.7	14.1	95.74	89.8	12.66	0	0	0	2.1	335
PAY	2021	6	17	3	15.2	13.8	95.78	85	12.2	0	0	0	1.5	336
PAY	2021	6	17	4	14.7	13.6	95.8	88.2	12.34	3	0	15	2.2	336
PAY	2021	6	17	5	16.2	13.9	95.87	81.7	12.54	48	0	85	2.1	338
PAY	2021	6	17	6	19	15.3	95.88	71.6	13.32	164	319.7731359	48	1.3	343
PAY	2021	6	17	7	21.7	16.6	95.9	60.3	13.76	369	484.959622	116	1.4	347
PAY	2021	6	17	8	24.1	17.9	95.88	59.3	15.96	549	645.303838	120	1.3	359
PAY	2021	6	17	9	25.3	18.9	95.85	59.8	17.26	698	644.2224295	194	1.9	365
PAY	2021	6	17	10	27.3	20.2	95.84	55.5	18.4	809	667.2114207	231	1.8	374
PAY	2021	6	17	11	28.3	20.3	95.82	51	18.5	871	455.570781	456	1.7	381
PAY	2021	6	17	12	29.1	20.5	95.78	46.5	18.4	898	516.8317709	426	1.8	386
PAY	2021	6	17	13	29.8	20.6	95.72	45.6	18.92	867	723.8821405	235	1.8	387
PAY	2021	6	17	14	30.1	20.9	95.66	42.6	18.62	823	869.9751501	133	2.9	388
PAY	2021	6	17	15	30.5	20.5	95.62	40.3	18.56	690	665.8098684	238	3.7	389
PAY	2021	6	17	16	30.4	19.8	95.59	36.5	17.7	580	739.6457738	182	3.4	390
PAY	2021	6	17	17	29.4	19.6	95.55	40.9	17.58	393	630.9354151	153	3.5	391
PAY	2021	6	17	18	28	20	95.57	49.8	17.96	119	217.0954049	72	2.4	392
PAY	2021	6	17	19	25.9	20.5	95.6	58.4	17.58	29	382.0562609	7	1.6	400
PAY	2021	6	17	20	24.6	19.7	95.66	64	17.4	0	0	0	2.1	412
PAY	2021	6	17	21	20	18.5	95.85	86.7	17.34	0	0	0	6.1	414
PAY	2021	6	17	22	19	18.2	95.97	89.5	16.9	0	0	0	4.5	404
PAY	2021	6	17	23	19	18.3	95.97	92.5	17.5	0	0	0	3	396
PAY	2021	6	18	0	19	18.2	95.91	92.6	17.52	0	0	0	1.9	385
PAY	2021	6	18	1	18.9	18.4	95.88	94.8	17.86	0	0	0	1.5	391
PAY	2021	6	18	2	17.6	17.6	95.82	96.1	16.82	0	0	0	1.3	366
PAY	2021	6	18	3	17.9	17.4	95.82	95.7	17.04	0	0	0	1.2	366
PAY	2021	6	18	4	16.9	16.7	95.84	96.7	16.24	3	0	16	1.4	352
PAY	2021	6	18	5	17.5	16.9	95.87	96.9	16.88	32	0	54	2.4	358
PAY	2021	6	18	6	18.9	17.7	95.89	94.2	17.74	160	165.5508074	100	2.4	349
PAY	2021	6	18	7	20.5	18.3	95.9	82.6	17.02	347	310.7202461	185	2.1	351
PAY	2021	6	18	8	22.5	18.8	95.88	75.6	17.62	515	434.8953582	226	1.1	357
PAY	2021	6	18	9	24.1	19.9	95.85	72.9	18.68	665	447.4852296	315	2	364
PAY	2021	6	18	10	24.9	20.6	95.83	68.3	18.56	785	497.5645005	354	2	371
PAY	2021	6	18	11	26.9	20.7	95.81	62.4	19.38	872	506.030464	411	1.7	375
PAY	2021	6	18	12	27.5	20.9	95.79	56.3	18.76	905	796.9551899	177	1.4	380
PAY	2021	6	18	13	29	20.5	95.76	49.6	18.92	888	859.8131233	137	2.1	384
PAY	2021	6	18	14	27.4	21.7	95.75	60.2	19.44	654	430.9216433	312	3.2	394
PAY	2021	6	18	15	25.1	21.6	95.81	69.9	19.08	246	164.8219021	134	3.1	413
PAY	2021	6	18	16	24.6	21.5	95.86	80.2	20.64	219	7.423308835	215	2.7	422
PAY	2021	6	18	17	24.6	21.4	95.89	75.2	19.64	224	466.9474987	46	2	417
PAY	2021	6	18	18	24.3	21.5	95.92	78.1	19.92	102	340.4958514	28	1.7	390
PAY	2021	6	18	19	22.3	21	95.88	88	19.9	60	993.1393379	2	1.4	378
PAY	2021	6	18	20	20.9	20.5	95.96	90.2	18.94	6	0	0	1.2	369
PAY	2021	6	18	21	20.7	19.7	95.98	89.8	18.66	0	0	0	1.4	369
PAY	2021	6	18	22	20.1	19.4	96.03	93.6	18.82	0	0	0	1.2	377
PAY	2021	6	18	23	20	19.5	96.03	95.1	19.02	0	0	0	1.1	397
PAY	2021	6	19	0	19.3	19.2	96.02	95.1	18.32	0	0	0	1.2	378
PAY	2021	6	19	1	18.9	18.5	96.02	95	17.9	0	0	0	1.7	364
PAY	2021	6	19	2	17.9	18.1	96.03	96.9	17.28	0	0	0	1.8	358
PAY	2021	6	19	3	18.3	17.7	96.05	95.9	17.48	0	0	0	1.3	354
PAY	2021	6	19	4	17.8	17.3	96.1	97.2	17.24	4	0	20	0.8	356
PAY	2021	6	19	5	18.1	17.2	96.12	95.4	17.18	38	0	49	1.2	374
PAY	2021	6	19	6	19.3	17.8	96.07	88	16.9	105	0	171	1.3	378
PAY	2021	6	19	7	20.1	18.6	96.04	88.7	17.84	249	293.6792592	96	1.2	364
PAY	2021	6	19	8	21.9	19.2	95.96	81.9	18.28	337	224.3332425	188	1.1	370
PAY	2021	6	19	9	22.6	19.8	95.91	76.4	17.88	589	254.5071766	390	1.5	370
PAY	2021	6	19	10	23.9	19.9	95.86	71.9	18.28	754	490.708118	329	2.1	373
PAY	2021	6	19	11	25.5	20.7	95.81	65.1	18.52	855	447.8444389	447	1.9	376
PAY	2021	6	19	12	27.2	20.9	95.8	62	19.6	832	448.7504321	422	1.4	384
PAY	2021	6	19	13	27.4	20.6	95.75	52.2	17.84	854	486.3979116	429	1.6	386
PAY	2021	6	19	14	28.4	21.4	95.69	58	20	731	442.0016733	380	1.5	400
PAY	2021	6	19	15	28.6	21.5	95.62	52.6	19.12	641	548.4410493	268	1.6	397
PAY	2021	6	19	16	28.5	21.9	95.54	58.2	20.14	488	463.372053	238	2	398
PAY	2021	6	19	17	27.4	21.5	95.51	64.7	20.34	287	345.608737	155	1.6	404
PAY	2021	6	19	18	26.5	21.3	95.49	62.4	18.98	192	623.621099	56	1.4	391
PAY	2021	6	19	19	24.1	21.5	95.46	78.5	19.8	56	930.222714	1	1.3	387
PAY	2021	6	19	20	22.9	21.1	95.56	82.5	19.4	2	0	0	1.2	381
PAY	2021	6	19	21	22.2	20.5	95.61	85.6	19.32	0	0	0	2.3	385
PAY	2021	6	19	22	23	20.3	95.6	77.1	18.42	0	0	0	3	408
PAY	2021	6	19	23	22.3	19.9	95.63	79.6	18.22	0	0	0	2.7	407
PAY	2021	6	20	0	23	18.9	95.67	62.3	15.46	0	0	0	3.9	401
PAY	2021	6	20	1	22	17.8	95.75	64.5	14.9	0	0	0	4.2	402
PAY	2021	6	20	2	20.8	17.4	95.75	72	15.2	0	0	0	3.2	397
PAY	2021	6	20	3	20.2	17.4	95.69	75.7	15.34	0	0	0	2	378
PAY	2021	6	20	4	19.6	17.5	95.66	81.2	15.84	0	0	22	1.6	392
PAY	2021	6	20	5	19.8	17.5	95.64	79.7	15.74	8	0	80	1.8	394
PAY	2021	6	20	6	19.4	17.9	95.64	86.3	16.66	38	0	163	0.9	392
PAY	2021	6	20	7	20.5	18.2	95.59	82.5	17	116	0	247	0.8	391
PAY	2021	6	20	8	21.5	18.4	95.56	76.4	16.78	177	25.61042061	160	1.7	394
PAY	2021	6	20	9	23	19.1	95.46	67.8	16.56	485	406.8562366	167	2.6	373
PAY	2021	6	20	10	24.7	19.1	95.42	63.8	17.46	712	644.4009951	154	3.7	371
PAY	2021	6	20	11	25.8	20.3	95.27	61.2	18.04	791	703.6222163	150	3.9	376
PAY	2021	6	20	12	24.6	19.9	95.14	65	17.6	585	415.8591846	205	4.6	387
PAY	2021	6	20	13	23.4	19.4	95.14	67.8	16.96	48	0	273	3.6	404
PAY	2021	6	20	14	21.3	19.6	95.26	85	18.3	67	0	199	3.1	412
PAY	2021	6	20	15	23.1	19.9	95.16	77.1	18.52	353	337.9190079	123	2.6	394
PAY	2021	6	20	16	22.5	19.9	95.15	76.1	17.72	345	433.2253629	111	2.8	390
PAY	2021	6	20	17	15.3	15.2	95.42	88.7	13.04	6	0	155	4.5	391
PAY	2021	6	20	18	14.9	14.2	95.28	93.7	13.64	4	0	60	2.4	370
PAY	2021	6	20	19	15.3	14.5	95.3	93.5	14	24	317.9534404	5	1.6	352
PAY	2021	6	20	20	15.1	14.7	95.29	96.3	14.36	4	0	0	1.2	367
PAY	2021	6	20	21	15.2	14.8	95.33	96.2	14.44	0	0	0	1.2	372
PAY	2021	6	20	22	15.3	14.7	95.31	94.3	14.16	0	0	0	1.9	371
PAY	2021	6	20	23	15.6	15	95.36	94.2	14.44	0	0	0	1.2	376
PAY	2021	6	21	0	15.5	15	95.45	96.2	14.74	0	0	0	2.1	384
PAY	2021	6	21	1	15.5	15.2	95.45	96.9	14.88	0	0	0	2.2	382
PAY	2021	6	21	2	15.4	15.2	95.41	98.3	15.06	0	0	0	1	377
PAY	2021	6	21	3	15	15	95.4	97.2	14.44	0	0	0	1	365
PAY	2021	6	21	4	15.1	14.7	95.38	96.3	14.36	2	0	22	1.1	359
PAY	2021	6	21	5	16	15.1	95.38	93.3	14.66	36	0	68	1.4	373
PAY	2021	6	21	6	16.7	15.5	95.38	89.3	14.56	96	0	100	1.4	368
PAY	2021	6	21	7	17.3	15.8	95.38	91	15.5	180	117.310603	119	0.9	349
PAY	2021	6	21	8	19	16.4	95.35	78.4	14.68	356	295.4771031	160	1.5	350
PAY	2021	6	21	9	20	16.8	95.33	72.4	14.48	658	390.4009717	353	1.9	348
PAY	2021	6	21	10	22.1	17.3	95.31	68.1	15.72	869	831.7015027	149	1.6	353
PAY	2021	6	21	11	22.6	18.2	95.29	68.3	16.26	944	849.6891558	170	2.1	354
PAY	2021	6	21	12	23.2	18	95.24	58.1	14.82	824	730.9775208	156	2.1	364
PAY	2021	6	21	13	24.1	18.3	95.19	51.3	14.36	973	895.6082656	190	2	365
PAY	2021	6	21	14	25.4	19.3	95.1	53.1	16.02	896	937.2458998	151	2.3	365
PAY	2021	6	21	15	24.2	18.7	95.13	63.2	16.84	478	481.5728918	150	2.1	402
PAY	2021	6	21	16	21.3	18	95.17	63.5	14	287	292.2264909	129	3.3	382
PAY	2021	6	21	17	19.7	17.9	95.19	83.5	16.4	87	0	153	3.3	391
PAY	2021	6	21	18	14.4	15.3	95.39	89.4	12.28	7	0	64	6.1	390
PAY	2021	6	21	19	15.4	14.4	95.41	92.4	13.88	22	215.6080513	9	3.3	376
PAY	2021	6	21	20	16	15.1	95.46	93.9	14.78	1	0	0	1.7	382
PAY	2021	6	21	21	15.6	15.1	95.5	95.7	14.74	0	0	0	2.4	376
PAY	2021	6	21	22	15.8	15.3	95.51	96.3	15.06	0	0	0	1.7	380
PAY	2021	6	21	23	15.6	15.3	95.54	95.3	14.66	0	0	0	1.9	384
PAY	2021	6	22	0	15.8	15.2	95.51	95.2	14.84	0	0	0	1.7	382
PAY	2021	6	22	1	15.6	15.3	95.49	95	14.6	0	0	0	2	384
PAY	2021	6	22	2	15.3	15	95.43	96.4	14.58	0	0	0	2.3	378
PAY	2021	6	22	3	14.7	14.6	95.53	89.8	12.66	0	0	0	2.9	384
PAY	2021	6	22	4	14.1	13.4	95.49	94.6	13.02	1	0	17	3	374
PAY	2021	6	22	5	14	13.7	95.52	97.7	13.54	7	0	80	1.5	374
PAY	2021	6	22	6	13.9	13.5	95.61	95.4	12.98	9	0	104	2.9	374
PAY	2021	6	22	7	14.2	13.5	95.61	95.5	13.3	66	0	125	2.9	372
PAY	2021	6	22	8	16.4	14.7	95.6	88.7	14.14	372	301.742763	172	1.8	351
PAY	2021	6	22	9	18	15.5	95.6	77.4	13.48	729	729.9835949	159	2.1	339
PAY	2021	6	22	10	19	16	95.65	74.4	13.88	757	634.3740829	208	1.9	353
PAY	2021	6	22	11	21.2	16.3	95.64	65.5	14.3	971	759.7764583	279	2	340
PAY	2021	6	22	12	21	16.4	95.63	63.9	13.78	841	593.082198	299	1.9	364
PAY	2021	6	22	13	21.1	17.1	95.62	67.3	14.56	581	456.2935598	182	2.7	378
PAY	2021	6	22	14	21.8	16.5	95.62	60.4	13.88	644	593.5749147	172	3	365
PAY	2021	6	22	15	22.7	17	95.61	61.2	14.94	443	429.9314596	150	2.4	358
PAY	2021	6	22	16	21.6	16.7	95.63	58.4	13.28	467	617.2059342	133	3.2	368
PAY	2021	6	22	17	19.9	16.6	95.64	73.3	14.56	247	372.708858	104	2.6	385
PAY	2021	6	22	18	16.6	15.9	95.78	90.1	14.62	23	0	62	2.7	377
PAY	2021	6	22	19	16.5	15.3	95.85	90.1	14.52	12	98.78616704	6	1.7	367
PAY	2021	6	22	20	16.3	15.7	95.89	94.6	15.22	2	0	0	1.4	366
PAY	2021	6	22	21	16.2	15.8	95.95	94.9	15.18	0	0	0	1.4	376
PAY	2021	6	22	22	16.1	15.6	96.01	92.9	14.68	0	0	0	2.2	378
PAY	2021	6	22	23	15.1	15	96.03	94.1	13.92	0	0	0	1.6	376
PAY	2021	6	23	0	14.9	14.5	96.05	96.8	14.26	0	0	0	1.4	360
PAY	2021	6	23	1	14.3	14.3	96.03	97.5	13.8	0	0	0	1.8	340
PAY	2021	6	23	2	13.9	13.7	95.97	98.2	13.54	0	0	0	1.4	320
PAY	2021	6	23	3	14	13.6	95.98	98.5	13.7	0	0	0	1.2	348
PAY	2021	6	23	4	13.5	13.7	96	99	13.3	2	0	21	1.6	374
PAY	2021	6	23	5	13.6	13.4	96.03	96.9	12.98	32	0	69	2	365
PAY	2021	6	23	6	14.3	13.7	96.05	93.5	13	84	0	101	1.6	357
PAY	2021	6	23	7	15.4	14.4	96.09	93.1	14.02	227	204.3445652	121	1.4	337
PAY	2021	6	23	8	17	15.3	96.09	86.4	14.28	391	398.6471374	127	1.2	360
PAY	2021	6	23	9	17.9	16.1	96.06	81.5	14.2	632	631.7454017	139	1.9	346
PAY	2021	6	23	10	19.5	16.1	96.07	73.3	14.16	600	522.4858864	148	1.7	357
PAY	2021	6	23	11	21.2	16.6	96.03	58.8	12.96	870	785.180222	155	2.6	347
PAY	2021	6	23	12	21.6	16.7	96.02	66.4	14.88	852	774.7473504	144	2.5	349
PAY	2021	6	23	13	22.1	17.4	95.95	64.7	15.04	700	631.1772217	148	2.4	359
PAY	2021	6	23	14	23.4	17.6	95.93	58.5	15.1	692	697.7401473	137	2.9	365
PAY	2021	6	23	15	23.1	17.4	95.88	58	14.7	702	835.9689692	132	3.3	364
PAY	2021	6	23	16	23.3	17	95.86	57.8	14.86	462	625.9814334	123	2.8	360
PAY	2021	6	23	17	20.6	16.6	95.91	64.6	13.52	116	33.84523814	103	3.4	389
PAY	2021	6	23	18	19.7	16.2	95.97	67.4	13.18	99	168.0100227	62	3.1	388
PAY	2021	6	23	19	18.3	16	96.03	77.5	13.8	15	130.9659526	7	3.2	387
PAY	2021	6	23	20	17.5	15.2	96.17	74.5	12.4	4	0	0	3.5	376
PAY	2021	6	23	21	13.9	13.5	96.4	93.8	12.66	0	0	0	4.6	379
PAY	2021	6	23	22	13.7	13	96.29	93.2	12.34	0	0	0	2.1	371
PAY	2021	6	23	23	13.8	13.1	96.26	93.6	12.52	0	0	0	2.3	368
PAY	2021	6	24	0	12.8	12.9	96.21	97.8	12.36	0	0	0	1.5	322
PAY	2021	6	24	1	12.4	12.5	96.15	97.2	11.84	0	0	0	1.5	311
PAY	2021	6	24	2	11.6	11.7	96.1	98.4	11.28	0	0	0	1.5	306
PAY	2021	6	24	3	12.1	11.7	96.08	98.3	11.76	0	0	0	2.6	324
PAY	2021	6	24	4	12.6	12.1	96.06	95.2	11.64	2	0	19	2.5	342
PAY	2021	6	24	5	13	12.3	96.09	94.7	11.94	33	0	71	2.6	341
PAY	2021	6	24	6	13.3	12.7	96.18	95.1	12.32	39	0	103	2.3	363
PAY	2021	6	24	7	13.7	13	96.1	97.4	13.18	21	0	124	1.8	372
PAY	2021	6	24	8	15.8	14	96.2	88.1	13.42	229	149.6360268	130	2	363
PAY	2021	6	24	9	16.4	14.7	96.19	86.9	13.78	404	334.6740883	143	1.6	359
PAY	2021	6	24	10	18.7	15.2	96.16	77.3	14.16	625	545.8407628	153	1.5	350
PAY	2021	6	24	11	19.6	15.7	96.16	74.3	14.46	775	674.4319598	161	1.7	357
PAY	2021	6	24	12	20.4	16.3	96.12	66.5	13.7	787	698.2034403	149	2.3	349
PAY	2021	6	24	13	20.9	16.2	96.07	60.5	13	676	593.3981473	157	3.1	362
PAY	2021	6	24	14	22	15.8	96.09	60.1	14.02	359	253.8928113	157	3.5	386
PAY	2021	6	24	15	17.6	15.7	96.14	81.3	13.86	416	406.0872193	139	4.1	377
PAY	2021	6	24	16	14.9	14.7	96.25	92.6	13.42	60	0	134	5	383
PAY	2021	6	24	17	16.2	14.5	96.3	87.3	13.66	82	0	111	3.9	378
PAY	2021	6	24	18	16.5	15.1	96.31	85.8	13.66	83	86.15121483	64	3.2	379
PAY	2021	6	24	19	15	14.7	96.38	94.1	13.82	25	293.4652382	7	3.1	381
PAY	2021	6	24	20	14.4	14.1	96.43	95.3	13.46	2	0	0	3.7	378
PAY	2021	6	24	21	14	13.7	96.47	94.2	12.84	0	0	0	3.6	376
PAY	2021	6	24	22	14	13.4	96.48	94.1	12.82	0	0	0	2.6	369
PAY	2021	6	24	23	13.8	13.2	96.46	93.7	12.54	0	0	0	2.9	368
PAY	2021	6	25	0	14.1	13.4	96.44	93.4	12.78	0	0	0	2.9	372
PAY	2021	6	25	1	14.1	13.1	96.41	88.7	11.84	0	0	0	2.8	370
PAY	2021	6	25	2	13.9	13.2	96.4	91	12.1	0	0	0	2.3	369
PAY	2021	6	25	3	13.7	13	96.38	93.3	12.36	0	0	0	1.7	368
PAY	2021	6	25	4	13.7	13.1	96.37	93.8	12.46	1	0	13	1.3	367
PAY	2021	6	25	5	13.9	13.1	96.35	92.9	12.48	40	0	91	1.4	353
PAY	2021	6	25	6	14.7	13.5	96.35	87	12.1	125	0	131	2.1	355
PAY	2021	6	25	7	15.6	13.5	96.36	80.8	11.76	304	290.0137206	154	2.8	360
PAY	2021	6	25	8	16	13.5	96.37	77.2	11.44	316	272.3502625	136	2.6	367
PAY	2021	6	25	9	16.3	13.3	96.35	71.2	10.54	270	155.2682393	149	2.2	373
PAY	2021	6	25	10	16.6	13	96.34	69.1	10.42	291	158.5101373	154	1.6	375
PAY	2021	6	25	11	16.5	12.9	96.34	65.1	9.52	315	169.2075767	161	1.8	376
PAY	2021	6	25	12	17.7	13	96.33	65.3	10.76	285	141.191564	156	1.2	375
PAY	2021	6	25	13	17.6	13.3	96.31	61.8	9.96	487	381.8719886	153	1.4	374
PAY	2021	6	25	14	19.1	13.5	96.28	60.1	11.12	380	292.8091121	147	1.2	377
PAY	2021	6	25	15	18.2	13.4	96.27	60	10.2	391	335.6140519	162	1.4	375
PAY	2021	6	25	16	18.6	13.9	96.22	62.3	11.06	308	370.7545764	107	1.2	374
PAY	2021	6	25	17	18.2	13.8	96.22	63.1	10.82	213	327.5199243	87	1.2	367
PAY	2021	6	25	18	17.8	14	96.23	63.8	10.56	101	231.0082549	50	1.1	377
PAY	2021	6	25	19	17.1	13.6	96.22	67.8	10.66	62	861.912578	9	1.9	359
PAY	2021	6	25	20	15.3	13.5	96.24	82.9	11.88	8	0	0	1.4	343
PAY	2021	6	25	21	15.2	13.6	96.27	82.4	11.68	0	0	0	1.3	359
PAY	2021	6	25	22	14	13.2	96.26	89.1	11.82	0	0	0	1.1	340
PAY	2021	6	25	23	11.9	12	96.26	94	10.7	0	0	0	1.5	309
PAY	2021	6	26	0	11.8	11.2	96.25	92.9	10.38	0	0	0	2.3	304
PAY	2021	6	26	1	11.1	11	96.21	94.1	9.92	0	0	0	1.8	302
PAY	2021	6	26	2	10.1	10	96.18	96.5	9.4	0	0	0	1.7	299
PAY	2021	6	26	3	10.1	10	96.18	96.8	9.46	0	0	0	1.4	297
PAY	2021	6	26	4	9.8	9.6	96.17	97.4	9.28	3	0	19	0.8	296
PAY	2021	6	26	5	11.4	10	96.18	93.7	10.14	72	0	73	1.3	297
PAY	2021	6	26	6	13.4	11.8	96.18	91.3	11.66	195	249.24765	106	1	311
PAY	2021	6	26	7	15.1	13.2	96.19	84.1	11.92	380	342.7813051	203	1.3	306
PAY	2021	6	26	8	17.1	13.9	96.18	76.6	12.42	546	614.9975976	140	1.8	314
PAY	2021	6	26	9	18.4	14.8	96.15	67.4	11.88	734	622.8503911	249	2.2	321
PAY	2021	6	26	10	19.2	15.1	96.13	63.8	11.96	694	380.8635836	365	2.3	341
PAY	2021	6	26	11	19.4	15.3	96.1	64.2	12.24	643	408.878406	271	1.9	345
PAY	2021	6	26	12	21.1	15.9	96.08	57.8	12.66	899	615.2284695	337	1.9	349
PAY	2021	6	26	13	22.1	15.9	96.03	59.1	13.92	946	992.4522905	78	1.7	337
PAY	2021	6	26	14	22.8	16.5	96	54.3	13.66	879	797.9277789	244	1.7	343
PAY	2021	6	26	15	23.2	17	95.96	53.8	13.96	731	877.6831391	132	1.9	344
PAY	2021	6	26	16	23.6	17.2	95.93	53.9	14.38	559	602.9615465	232	1.8	343
PAY	2021	6	26	17	23.7	17.1	95.88	47.8	13.26	434	875.5692983	97	1.8	339
PAY	2021	6	26	18	21.7	17.2	95.89	61.1	13.92	258	900.815343	59	2.7	340
PAY	2021	6	26	19	20	16.8	95.9	74.4	14.88	73	1000	8	1.6	342
PAY	2021	6	26	20	17.3	16.5	95.94	87.1	14.72	7	0	0	0.9	335
PAY	2021	6	26	21	15.6	15.3	95.96	90.7	13.74	0	0	0	1.1	326
PAY	2021	6	26	22	14.3	14.2	95.94	93.4	12.98	0	0	0	1.8	319
PAY	2021	6	26	23	13.9	13.4	95.95	93.4	12.58	0	0	0	2.3	316
PAY	2021	6	27	0	14.1	13	95.96	88.6	11.82	0	0	0	3.1	318
PAY	2021	6	27	1	12.9	12.4	95.94	93.1	11.52	0	0	0	2	323
PAY	2021	6	27	2	12.9	12.2	95.93	92.1	11.32	0	0	0	1.4	332
PAY	2021	6	27	3	12.6	12	95.9	91.9	10.98	0	0	0	1.6	316
PAY	2021	6	27	4	11.8	11.4	95.92	92.8	10.36	1	0	20	1.3	319
PAY	2021	6	27	5	12.6	11.4	95.93	92.1	11.02	46	0	49	1.2	313
PAY	2021	6	27	6	15.5	13	95.9	80	11.5	218	334.193858	99	1.3	315
PAY	2021	6	27	7	18.1	14.7	95.91	77	13.5	382	323.989384	215	1.5	322
PAY	2021	6	27	8	19.7	16.3	95.9	71.8	14.06	510	521.7175177	166	1.8	353
PAY	2021	6	27	9	21.4	17	95.83	72.3	15.86	563	525.7011747	154	1.7	353
PAY	2021	6	27	10	22.5	17.8	95.82	66.5	15.8	638	474.9183701	228	1.9	364
PAY	2021	6	27	11	22.3	17.4	95.79	58.8	14.06	723	608.0668912	170	2.7	371
PAY	2021	6	27	12	23.8	17	95.77	53.7	14.54	756	661.3655097	152	2	373
PAY	2021	6	27	13	24	16.9	95.75	50.8	14.16	630	544.3042009	154	1.8	378
PAY	2021	6	27	14	25.2	18.5	95.74	53.1	15.82	696	683.568081	152	1.7	372
PAY	2021	6	27	15	24.4	18.6	95.7	62.5	16.9	481	498.1242299	141	1.2	380
PAY	2021	6	27	16	24.5	19	95.68	58.7	16.24	209	136.4217564	135	0.9	406
PAY	2021	6	27	17	24.6	19.4	95.66	61.9	16.98	249	415.5910495	89	1.5	391
PAY	2021	6	27	18	22.9	19.5	95.69	76.6	18.22	105	171.9762407	67	1.3	383
PAY	2021	6	27	19	21.7	19.6	95.74	80.3	17.76	31	373.9224696	8	1.2	390
PAY	2021	6	27	20	18.7	18.2	95.86	80.9	14.88	0	0	0	2.5	398
PAY	2021	6	27	21	18.6	16.8	95.9	83.9	15.38	0	0	0	2.3	381
PAY	2021	6	27	22	18.4	16.6	95.9	83.5	15.1	0	0	0	2.4	363
PAY	2021	6	27	23	17	16.4	95.89	93.4	15.68	0	0	0	2.1	349
PAY	2021	6	28	0	16.7	16.2	95.92	95.1	15.72	0	0	0	1.3	346
PAY	2021	6	28	1	16.1	16	95.9	96.7	15.44	0	0	0	1.5	338
PAY	2021	6	28	2	16.2	15.6	95.87	92.6	14.72	0	0	0	1.5	335
PAY	2021	6	28	3	14.7	14.8	95.85	98.1	14.32	0	0	0	0.8	333
PAY	2021	6	28	4	14.2	14.3	95.83	97.7	13.74	4	0	19	1.1	336
PAY	2021	6	28	5	15	14.6	95.85	96.6	14.32	54	167.5363841	22	1.2	333
PAY	2021	6	28	6	17.5	15.8	95.86	90.3	15.56	206	492.9333174	31	1.9	346
PAY	2021	6	28	7	18.7	16.9	95.87	83.4	15.38	350	256.5737437	218	1.5	344
PAY	2021	6	28	8	21.2	17.6	95.87	75.3	16.26	549	385.7247614	295	1.4	350
PAY	2021	6	28	9	21	18	95.84	74.3	15.86	518	275.3162061	304	1.8	359
PAY	2021	6	28	10	22.5	18.7	95.81	72.8	17.06	530	410.3215707	176	1.6	364
PAY	2021	6	28	11	24.3	19.3	95.78	62.6	16.82	770	389.4281478	416	2.3	367
PAY	2021	6	28	12	25.2	19.5	95.75	59.2	17.04	935	775.4715869	227	2.2	371
PAY	2021	6	28	13	27.3	20	95.67	50.1	17.32	896	545.5372002	419	2.8	374
PAY	2021	6	28	14	23	19.6	95.69	57.5	14.5	407	98.0172707	329	3.5	408
PAY	2021	6	28	15	17.1	15.9	95.86	93.4	15.78	79	0	287	5.6	394
PAY	2021	6	28	16	17.4	16.1	95.87	85	14.4	173	0	175	3.7	385
PAY	2021	6	28	17	17.9	16.4	95.89	85.4	14.98	86	103.892604	46	2.3	389
PAY	2021	6	28	18	16.8	16.2	95.9	93	15.4	18	0	54	2.8	386
PAY	2021	6	28	19	16.7	16.3	95.94	95.7	15.84	33	521.4035999	1	2.4	383
PAY	2021	6	28	20	16.6	16.3	96.01	97.7	16.14	0	0	0	1.6	388
PAY	2021	6	28	21	16.4	16.2	96.04	98.5	16.1	0	0	0	1.5	386
PAY	2021	6	28	22	16.1	16	95.96	96.2	15.34	0	0	0	2	386
PAY	2021	6	28	23	16	15.7	95.94	97.8	15.56	0	0	0	2.1	382
PAY	2021	6	29	0	15.8	15.7	95.92	97.5	15.3	0	0	0	1.9	389
PAY	2021	6	29	1	15.6	15.3	95.87	96.3	14.86	0	0	0	2.7	382
PAY	2021	6	29	2	15.4	15.1	95.84	97.2	14.84	0	0	0	1.7	369
PAY	2021	6	29	3	15.6	15.2	95.79	96.8	14.96	0	0	0	1.4	388
PAY	2021	6	29	4	15.6	15.3	95.75	97.4	15.08	1	0	2	1.1	389
PAY	2021	6	29	5	15.8	15.4	95.72	95	14.8	36	31.60982995	30	1.1	384
PAY	2021	6	29	6	16.5	15.4	95.69	92.7	15.04	105	121.5080605	62	0.9	378
PAY	2021	6	29	7	17.3	15.8	95.67	88.4	14.98	221	216.1913936	110	1.2	374
PAY	2021	6	29	8	17.8	15.9	95.62	84.2	14.64	332	103.4085648	264	1.5	369
PAY	2021	6	29	9	17.3	15.9	95.73	85.7	14.44	154	0	331	2.5	385
PAY	2021	6	29	10	15.1	12.9	95.76	85.8	12.26	119	0	428	3.9	371
PAY	2021	6	29	11	14.9	13.9	95.83	89.3	12.76	93	0	291	4.5	375
PAY	2021	6	29	12	19.3	15	95.79	72.1	13.72	760	535.7882366	271	4.7	342
PAY	2021	6	29	13	18.2	15.2	95.78	68.2	11.84	556	447.281214	165	4.6	364
PAY	2021	6	29	14	17.6	14.6	95.79	68.7	11.34	275	159.6133719	148	3.5	384
PAY	2021	6	29	15	19.6	14.4	95.74	65.2	12.64	354	317.9364596	137	1.9	359
PAY	2021	6	29	16	19.9	14.8	95.67	56.2	11.14	565	800.0918637	131	1.9	332
PAY	2021	6	29	17	19.6	14.6	95.63	54.2	10.44	216	290.9475878	104	1.3	358
PAY	2021	6	29	18	16.3	14.7	95.68	78.7	12.04	48	0	61	1.7	382
PAY	2021	6	29	19	14.6	14	95.73	92.4	13.08	46	621.5551673	8	2.4	373
PAY	2021	6	29	20	14.2	13.5	95.83	92.4	12.68	1	0	0	2.1	367
PAY	2021	6	29	21	13.4	13.1	95.96	89.1	11.22	0	0	0	3	374
PAY	2021	6	29	22	12.1	11.8	95.97	93.5	10.8	0	0	0	3.5	364
PAY	2021	6	29	23	12	11.4	95.99	94.3	10.86	0	0	0	2.6	349
PAY	2021	6	30	0	12.2	11.4	95.98	90	10.2	0	0	0	3.1	319
PAY	2021	6	30	1	12	11.4	95.96	93.4	10.68	0	0	0	2.5	339
PAY	2021	6	30	2	12.2	11.3	95.94	88.2	9.84	0	0	0	2.7	310
PAY	2021	6	30	3	10.7	10.4	95.92	91	8.9	0	0	0	3.3	289
PAY	2021	6	30	4	11.1	9.8	95.95	86.2	8.34	1	0	18	2.7	334
PAY	2021	6	30	5	11.7	10.2	95.96	88	9.3	23	0	66	2.5	346
PAY	2021	6	30	6	12.8	10.9	95.97	83.7	9.54	69	0	99	2	350
PAY	2021	6	30	7	13.6	11.5	95.99	81.7	9.94	138	40.98874875	117	2.6	355
PAY	2021	6	30	8	14.5	11.8	96	73.6	9.22	223	155.341774	121	3.4	357
PAY	2021	6	30	9	15.9	12.1	95.98	66	9.1	327	247.5195392	135	3.5	350
PAY	2021	6	30	10	17.6	12.5	95.97	56.2	8.84	587	521.2095574	138	4.7	342
PAY	2021	6	30	11	18.3	13	95.92	56.4	9.58	759	676.1715041	145	4.7	347
PAY	2021	6	30	12	16.9	12.8	95.93	57.3	8.36	449	346.3752635	133	5	366
PAY	2021	6	30	13	18.3	12.5	95.9	51.5	8.6	527	445.1212132	138	5.5	371
PAY	2021	6	30	14	17	12.5	95.95	61.3	9.26	295	202.3865886	134	6	374
PAY	2021	6	30	15	16.3	12.9	95.97	70.3	10.36	163	48.35812416	130	4.9	372
PAY	2021	6	30	16	16.5	13	95.97	68.7	10.24	124	1.84390888	123	4.5	374
PAY	2021	6	30	17	16.1	13	95.98	70.9	10.28	58	0	98	4.1	372
PAY	2021	6	30	18	14.5	13.2	96.04	89.1	12.32	35	0	59	3.9	376
PAY	2021	6	30	19	13.9	13.4	96.08	92.2	12.34	6	0	6	2.6	377
PAY	2021	6	30	20	13.9	13.3	96.12	92.8	12.46	0	0	0	3.1	373
PAY	2021	6	30	21	13.9	13.3	96.16	94.2	12.74	0	0	0	2.7	368
PAY	2021	6	30	22	13.8	13.2	96.15	93	12.4	0	0	0	2.6	368
PAY	2021	6	30	23	13.8	13.2	96.14	93.9	12.58	0	0	0	2.7	368
PAY	2021	7	1	0	13.5	13.1	96.13	94.4	12.38	0	0	0	2.2	357
PAY	2021	7	1	1	13.6	12.9	96.11	92.1	12.02	0	0	0	2.5	356
PAY	2021	7	1	2	13.7	12.9	96.1	89.9	11.68	0	0	0	2.4	360
PAY	2021	7	1	3	13.6	12.9	96.1	92.7	12.14	0	0	0	2.2	362
PAY	2021	7	1	4	13.9	12.9	96.09	89.4	11.78	1	0	18	2	362
PAY	2021	7	1	5	14	13.1	96.11	90.6	12.12	15	0	85	2.4	365
PAY	2021	7	1	6	14.1	13.3	96.12	92.7	12.64	46	0	169	2.8	370
PAY	2021	7	1	7	15.8	14.3	96.15	83.5	12.5	307	273.8771215	167	2.7	343
PAY	2021	7	1	8	17	14.6	96.15	77.7	12.54	385	294.3894853	192	3.6	347
PAY	2021	7	1	9	18	14.3	96.14	70	12	362	143.2579707	251	3.4	361
PAY	2021	7	1	10	18.9	14.4	96.14	64.9	11.88	462	63.89804464	407	3.5	363
PAY	2021	7	1	11	20.4	14.9	96.11	57.1	11.82	698	308.541206	418	4	364
PAY	2021	7	1	12	21	14.6	96.11	48.3	10.66	730	487.9993037	285	4.2	369
PAY	2021	7	1	13	20.8	14.8	96.1	54.9	11.78	664	364.0053166	346	4.1	366
PAY	2021	7	1	14	21.8	14.9	96.1	54.7	12.74	582	350.8192909	303	3.7	372
PAY	2021	7	1	15	21.4	15	96.08	49.3	11.26	656	628.8267203	227	3.6	355
PAY	2021	7	1	16	21.1	14.8	96.07	54.4	11.98	417	691.7052307	42	2.9	351
PAY	2021	7	1	17	21.4	15.2	96.06	54.7	12.34	307	712.4855602	33	3.7	359
PAY	2021	7	1	18	21	15.1	96.06	51	11.2	281	1000	12	3.1	345
PAY	2021	7	1	19	19.8	14.7	96.06	57.1	11.22	105	1000	1	2.1	359
PAY	2021	7	1	20	16.7	14.7	96.09	78	12.3	8	0	0	1.8	347
PAY	2021	7	1	21	16.5	14	96.13	75.8	11.66	0	0	0	1.7	336
PAY	2021	7	1	22	15.1	13.8	96.15	85.2	12.14	0	0	0	2.5	335
PAY	2021	7	1	23	13.3	13.2	96.17	92.3	11.76	0	0	0	1.6	326
PAY	2021	7	2	0	12.6	12.5	96.17	93.1	11.22	0	0	0	1.6	313
PAY	2021	7	2	1	13	12.4	96.15	92.2	11.44	0	0	0	2.5	334
PAY	2021	7	2	2	12.6	12.1	96.13	92.1	11.02	0	0	0	2.4	327
PAY	2021	7	2	3	12.6	11.6	96.14	89.3	10.46	0	0	0	2	311
PAY	2021	7	2	4	11.9	11.4	96.15	92	10.3	2	0	16	1.4	306
PAY	2021	7	2	5	12.8	11.4	96.18	90.1	10.82	67	236.8163606	23	1.5	298
PAY	2021	7	2	6	14.9	12.6	96.21	83.5	11.6	219	474.1636814	53	1.1	300
PAY	2021	7	2	7	17	14.1	96.23	72.9	11.58	391	570.6305969	100	1.8	307
PAY	2021	7	2	8	19.8	14.3	96.22	64.1	12.62	562	669.1940897	124	1.3	314
PAY	2021	7	2	9	19.6	14.1	96.21	47.4	9.08	722	740.399383	149	1.6	319
PAY	2021	7	2	10	21.7	14	96.21	50.6	11.82	845	509.3097763	407	1.5	323
PAY	2021	7	2	11	22.3	14.1	96.19	46.4	11.58	927	524.8700223	451	2	328
PAY	2021	7	2	12	22.8	14.8	96.15	40.3	10.86	960	783.3951833	246	2.7	333
PAY	2021	7	2	13	22.9	15.3	96.13	44.6	11.82	888	785.5684362	202	2.6	339
PAY	2021	7	2	14	24	15.6	96.12	43.2	12.64	905	893.0885055	195	2.7	345
PAY	2021	7	2	15	24	15.6	96.13	40.8	12.16	749	665.7198793	295	2.4	349
PAY	2021	7	2	16	22.6	14.3	96.11	39	10.4	446	586.8524783	128	2.2	349
PAY	2021	7	2	17	22.3	14.8	96.08	48.8	12.06	247	270.6558983	143	1.8	357
PAY	2021	7	2	18	21.7	15.7	96.07	53.6	12.42	161	568.5994624	36	1.6	345
PAY	2021	7	2	19	19	16.2	96.05	70.4	13.08	71	1000	2	1.4	336
PAY	2021	7	2	20	18.7	15.3	96.09	62.3	11.16	3	0	0	1.6	330
PAY	2021	7	2	21	16.8	14.1	96.11	75	11.8	0	0	0	1.9	340
PAY	2021	7	2	22	14.4	13.7	96.11	89.8	12.36	0	0	0	1.6	337
PAY	2021	7	2	23	14.9	13.5	96.1	87.9	12.48	0	0	0	0.8	340
PAY	2021	7	3	0	14.2	13.3	96.08	89	12	0	0	0	1.4	350
PAY	2021	7	3	1	14.2	13.2	96.08	87.7	11.74	0	0	0	1.6	341
PAY	2021	7	3	2	13.6	12.9	96.05	92.4	12.08	0	0	0	1.3	341
PAY	2021	7	3	3	13.8	12.7	96.07	89.3	11.66	0	0	0	1.7	348
PAY	2021	7	3	4	13.8	12.7	96.06	87.5	11.3	1	0	12	2.1	340
PAY	2021	7	3	5	13.9	12.6	96.05	89.2	11.74	44	0	87	1.6	317
PAY	2021	7	3	6	16.2	13.6	96.05	81.9	12.58	221	195.0130895	153	1.6	318
PAY	2021	7	3	7	17.3	14.3	96.05	74.9	12.28	342	190.6863948	245	1.2	323
PAY	2021	7	3	8	18.6	15.1	96.04	70	12.6	447	430.0640101	166	1.3	338
PAY	2021	7	3	9	19.4	15.2	96.01	63.8	12.16	444	152.6640989	326	1.3	368
PAY	2021	7	3	10	20.1	15.6	96	62	12.5	427	118.7176295	325	1.6	378
PAY	2021	7	3	11	20.3	16.4	96	69.9	14.28	340	87.17353698	261	1.5	383
PAY	2021	7	3	12	19.4	16.1	96.01	75.9	14.58	244	42.81491064	205	1.9	389
PAY	2021	7	3	13	18.8	16.6	96.01	78.2	14.44	210	84.78101143	136	1.6	398
PAY	2021	7	3	14	17.9	16.6	96.04	90.3	15.96	129	18.87635636	114	2.4	391
PAY	2021	7	3	15	17	16.2	96.06	92.2	15.44	91	17.60448051	79	2.6	389
PAY	2021	7	3	16	16.7	16	96.04	90.8	14.86	85	49.85859525	58	2.5	387
PAY	2021	7	3	17	16.5	15.9	96.03	92.5	15	89	39.07794265	74	2.1	389
PAY	2021	7	3	18	16	15.5	96.01	92.5	14.5	41	104.8624129	18	2.2	389
PAY	2021	7	3	19	16	15.5	95.96	94.7	14.94	21	270.2820444	5	1	384
PAY	2021	7	3	20	15.7	15.4	95.98	96.8	15.06	3	0	0	1.3	377
PAY	2021	7	3	21	15.5	15.3	95.98	96.7	14.84	0	0	0	1	360
PAY	2021	7	3	22	14.3	14.5	95.95	97.6	13.82	0	0	0	1.1	335
PAY	2021	7	3	23	14.6	14.2	95.9	95.9	13.78	0	0	0	1.3	344
PAY	2021	7	4	0	14.4	14.1	95.87	97.8	13.96	0	0	0	1.5	354
PAY	2021	7	4	1	14.7	14.3	95.84	96.4	13.98	0	0	0	1.3	373
PAY	2021	7	4	2	14.9	14.6	95.8	98	14.5	0	0	0	1	378
PAY	2021	7	4	3	15	14.6	95.79	96.8	14.36	0	0	0	0.9	379
PAY	2021	7	4	4	15	14.8	95.78	96.7	14.34	0	0	5	1.1	384
PAY	2021	7	4	5	15.2	14.8	95.77	93	13.8	29	0	87	1.2	361
PAY	2021	7	4	6	16.4	15.4	95.7	92.6	14.92	171	2.879887915	170	1.1	371
PAY	2021	7	4	7	17	15.7	95.75	89.3	14.86	179	31.53588203	163	1.7	371
PAY	2021	7	4	8	17.5	16	95.74	87.7	15.04	108	0	324	1.5	379
PAY	2021	7	4	9	18	16.2	95.69	84.6	14.92	188	0	358	1.7	376
PAY	2021	7	4	10	18.6	16.6	95.65	80.6	14.72	294	191.0689441	130	2.6	377
PAY	2021	7	4	11	19	16.7	95.62	81.2	15.24	330	0	346	2.2	383
PAY	2021	7	4	12	19.1	17.1	95.59	79.3	14.96	228	0	354	2.8	381
PAY	2021	7	4	13	19.5	16.8	95.58	71.4	13.78	323	0	368	4	377
PAY	2021	7	4	14	18.4	16.1	95.63	75.3	13.46	201	40.29043171	169	5.2	381
PAY	2021	7	4	15	19.6	15.7	95.66	64.6	12.52	283	293.5777423	83	5	371
PAY	2021	7	4	16	18.8	14.6	95.67	60.8	10.96	511	768.7891297	95	6.7	346
PAY	2021	7	4	17	18.9	14.4	95.7	62.5	11.4	165	96.51553472	128	5.5	381
PAY	2021	7	4	18	18.7	14.4	95.77	62.2	11.14	160	493.7433208	52	5.2	361
PAY	2021	7	4	19	17.5	14.3	95.79	69.5	11.4	70	1000	6	3.8	337
PAY	2021	7	4	20	15.6	13.7	95.85	78.7	11.34	4	0	0	2.5	328
PAY	2021	7	4	21	15.8	13.4	95.86	78.6	11.52	0	0	0	2.6	348
PAY	2021	7	4	22	15.2	13.6	95.84	83.6	11.92	0	0	0	2.6	357
PAY	2021	7	4	23	15.3	13.6	95.82	83.2	11.94	0	0	0	3	359
PAY	2021	7	5	0	15.4	13.7	95.79	83.2	12.04	0	0	0	2.8	364
PAY	2021	7	5	1	15.6	13.8	95.77	81.6	11.92	0	0	0	2	370
PAY	2021	7	5	2	15.2	13.7	95.74	85.2	12.24	0	0	0	1.9	370
PAY	2021	7	5	3	15	13.7	95.7	86.5	12.3	0	0	0	1.9	373
PAY	2021	7	5	4	14.9	13.6	95.72	86.8	12.26	0	0	5	1.6	371
PAY	2021	7	5	5	14.9	13.7	95.72	89.6	12.82	15	0	24	1	372
PAY	2021	7	5	6	15.7	13.8	95.71	81.8	12.06	50	0	117	1.5	374
PAY	2021	7	5	7	16.1	13.6	95.72	77.1	11.52	76	0	192	2.3	376
PAY	2021	7	5	8	17.2	14.1	95.72	74	12	190	0	317	2.5	376
PAY	2021	7	5	9	18.5	14.8	95.72	71.7	12.84	361	10.37802672	353	4.7	379
PAY	2021	7	5	10	20.4	15.3	95.68	62.1	12.82	464	36.15456866	433	5.4	378
PAY	2021	7	5	11	20.8	16	95.68	61.9	13.18	396	0	455	5.3	391
PAY	2021	7	5	12	21.3	16.1	95.64	57.7	12.84	376	158.2930741	232	5.3	394
PAY	2021	7	5	13	22.1	16.4	95.61	54.5	13	410	10.32303639	401	5.1	399
PAY	2021	7	5	14	22.8	16.5	95.58	52.4	13.28	320	0	378	5.3	401
PAY	2021	7	5	15	23.8	17.1	95.53	51	14	411	232.0848634	253	4.5	388
PAY	2021	7	5	16	25	17.6	95.5	49.9	14.98	487	469.8391623	233	5.3	367
PAY	2021	7	5	17	24.9	17.5	95.46	51.4	15.18	434	843.826385	111	4.7	356
PAY	2021	7	5	18	24.4	17.9	95.45	52.4	14.88	259	848.4521829	74	2.9	356
PAY	2021	7	5	19	22	17.9	95.46	64.6	14.92	96	1000	2	2.3	354
PAY	2021	7	5	20	18.9	16.6	95.5	75.7	14.04	5	0	0	2.3	349
PAY	2021	7	5	21	17.5	16	95.54	82.7	14.04	0	0	0	1.4	346
PAY	2021	7	5	22	17.3	15.4	95.54	82.1	13.72	0	0	0	0.9	349
PAY	2021	7	5	23	15.8	15	95.53	88.7	13.54	0	0	0	1.3	342
PAY	2021	7	6	0	15.4	14.7	95.47	91.2	13.64	0	0	0	1.4	334
PAY	2021	7	6	1	14.6	14.1	95.39	93.6	13.32	0	0	0	1.2	330
PAY	2021	7	6	2	13.9	13.8	95.38	95.8	13.06	0	0	0	1.3	325
PAY	2021	7	6	3	13.1	13.2	95.31	97.2	12.54	0	0	0	1.2	323
PAY	2021	7	6	4	13.2	13	95.32	97.5	12.7	2	0	4	1.3	325
PAY	2021	7	6	5	14.8	13.6	95.39	93.9	13.58	45	11.14597838	43	1.8	349
PAY	2021	7	6	6	16.8	15.1	95.41	90.4	14.88	161	278.9619404	65	2.2	356
PAY	2021	7	6	7	17.7	16.3	95.54	89.9	15.68	126	0	227	2.3	377
PAY	2021	7	6	8	17.4	16.7	95.58	93.1	16.02	64	0	211	1.7	390
PAY	2021	7	6	9	17.6	17	95.57	94.3	16.46	62	0	266	2.6	393
PAY	2021	7	6	10	18.3	17.2	95.54	92	16.7	166	0	289	1.6	388
PAY	2021	7	6	11	18.3	17.5	95.67	88	15.9	205	0	440	2.4	390
PAY	2021	7	6	12	18.6	17.2	95.64	88.2	16.24	174	0	267	3.4	394
PAY	2021	7	6	13	18.6	17.5	95.67	90	16.6	197	0	216	2.3	390
PAY	2021	7	6	14	18	17.3	95.66	90	16	98	0	354	1.8	390
PAY	2021	7	6	15	18	17.1	95.65	93	16.6	70	0	307	1.4	387
PAY	2021	7	6	16	17.9	17.3	95.69	92.5	16.4	104	0	145	1.6	388
PAY	2021	7	6	17	17.8	17.6	95.74	97.9	17.38	33	0	97	1.3	394
PAY	2021	7	6	18	16.9	17.2	95.79	94.8	15.86	19	0	60	2	394
PAY	2021	7	6	19	16.5	16.2	95.83	96.9	15.88	5	0	6	1.5	393
PAY	2021	7	6	20	15.7	15.5	95.84	96.3	14.96	0	0	0	1.9	392
PAY	2021	7	6	21	15.9	15.5	95.89	97.3	15.36	0	0	0	1	388
PAY	2021	7	6	22	15.6	15.4	95.86	97.6	15.12	0	0	0	1.2	384
PAY	2021	7	6	23	15.4	15.3	95.89	98.9	15.18	0	0	0	1.4	381
PAY	2021	7	7	0	15.5	15.3	95.89	97.7	15.04	0	0	0	1.6	380
PAY	2021	7	7	1	15.3	15.1	95.88	98	14.9	0	0	0	1	379
PAY	2021	7	7	2	15.4	15	95.87	96.4	14.68	0	0	0	1.1	383
PAY	2021	7	7	3	15.1	14.9	95.87	97.4	14.58	0	0	0	1.1	378
PAY	2021	7	7	4	15.2	14.8	95.9	96.3	14.46	0	0	14	1.4	375
PAY	2021	7	7	5	15.1	14.9	95.95	97.4	14.58	5	0	74	1.4	381
PAY	2021	7	7	6	15.4	15	95.98	97.3	14.86	22	0	147	1.1	380
PAY	2021	7	7	7	15.8	15.3	95.99	97.1	15.22	60	0	120	0.9	381
PAY	2021	7	7	8	16.8	15.8	96.01	93.6	15.52	197	47.8118166	166	1.5	371
PAY	2021	7	7	9	17.5	16	96.03	84.9	14.48	317	225.0868863	144	1.8	377
PAY	2021	7	7	10	19.7	16.3	96.05	75.2	14.74	605	534.1953327	148	2.4	367
PAY	2021	7	7	11	20.3	17	96.04	73.1	14.92	809	728.562506	151	3.5	369
PAY	2021	7	7	12	21.3	17.2	96.05	67.8	14.86	888	818.0060267	145	4.1	364
PAY	2021	7	7	13	21.6	17.2	96.03	65	14.6	829	782.2118421	148	4.1	367
PAY	2021	7	7	14	22	17.2	96.04	63.8	14.76	659	647.223597	146	4.5	366
PAY	2021	7	7	15	22.5	17.3	96.02	61.4	14.78	513	554.7061011	136	3.9	362
PAY	2021	7	7	16	22.5	17.4	96.01	60.6	14.62	581	856.5561263	119	4.5	359
PAY	2021	7	7	17	22.3	17.3	96.02	60.8	14.46	418	854.8375574	92	4.3	357
PAY	2021	7	7	18	21	16.8	96.01	65.3	14.06	217	739.4732506	57	4	352
PAY	2021	7	7	19	18.6	16.5	96.04	81.8	14.96	54	862.6834027	6	3.3	384
PAY	2021	7	7	20	18.3	16.4	96.13	82.5	14.8	5	0	0	2.4	377
PAY	2021	7	7	21	17.5	16.3	96.15	86.7	14.84	0	0	0	2.3	375
PAY	2021	7	7	22	16.6	16	96.14	92.3	15.06	0	0	0	2.5	369
PAY	2021	7	7	23	16.4	15.8	96.19	94.2	15.24	0	0	0	1.7	371
PAY	2021	7	8	0	16.2	15.7	96.18	94.1	15.02	0	0	0	2.3	379
PAY	2021	7	8	1	15.9	15.6	96.25	97.2	15.34	0	0	0	1.4	386
PAY	2021	7	8	2	15.9	15.6	96.18	96.9	15.28	0	0	0	2.1	382
PAY	2021	7	8	3	15.7	15.5	96.13	97.9	15.28	0	0	0	2.6	377
PAY	2021	7	8	4	15.8	15.5	96.2	97.9	15.38	0	0	13	1.5	377
PAY	2021	7	8	5	15.8	15.6	96.25	97.5	15.3	16	0	69	1.9	382
PAY	2021	7	8	6	16.1	15.6	96.32	94.8	15.06	32	0	145	1.2	378
PAY	2021	7	8	7	16	15.4	96.33	93.8	14.76	61	0	130	1.8	365
PAY	2021	7	8	8	17.8	15.7	96.34	80	13.8	437	567.2344863	70	1.1	350
PAY	2021	7	8	9	19.1	15.3	96.31	66.2	12.34	497	423.5139432	172	1.9	355
PAY	2021	7	8	10	19.3	15.4	96.35	65.5	12.4	422	300.7766526	165	2.7	381
PAY	2021	7	8	11	20.1	15.4	96.32	61.3	12.36	496	57.63331757	444	3.2	372
PAY	2021	7	8	12	20	15.2	96.29	61.9	12.38	342	0	445	3.9	371
PAY	2021	7	8	13	19.3	15.2	96.26	62.6	11.82	399	85.06654852	325	4.3	371
PAY	2021	7	8	14	17.2	14.6	96.36	80	13.2	50	0	115	3.6	383
PAY	2021	7	8	15	15.4	14.7	96.4	91.8	13.76	24	0	176	2.5	380
PAY	2021	7	8	16	15.5	14.6	96.42	90.9	13.68	73	0	78	2.9	371
PAY	2021	7	8	17	15.5	14.6	96.46	89.6	13.42	43	0	59	2.3	371
PAY	2021	7	8	18	14.9	14.4	96.49	94.1	13.72	28	55.71334659	16	1.8	375
PAY	2021	7	8	19	14.2	14	96.49	95.7	13.34	10	110.1015463	4	2.5	371
PAY	2021	7	8	20	14.3	13.6	96.52	93.6	13.02	3	0	0	2.3	363
PAY	2021	7	8	21	14.4	13.7	96.57	92.6	12.92	0	0	0	2.6	360
PAY	2021	7	8	22	14.6	13.9	96.63	93.9	13.38	0	0	0	2.8	365
PAY	2021	7	8	23	14.4	13.9	96.66	93.2	13.04	0	0	0	2.9	373
PAY	2021	7	9	0	13.3	13.2	96.65	94.4	12.18	0	0	0	3	355
PAY	2021	7	9	1	12.9	12.5	96.64	93.8	11.66	0	0	0	2.8	315
PAY	2021	7	9	2	13.3	12.5	96.63	93.7	12.04	0	0	0	3	333
PAY	2021	7	9	3	12.9	12.5	96.63	93.8	11.66	0	0	0	3	329
PAY	2021	7	9	4	13.2	12.5	96.63	91	11.4	0	0	10	2.9	355
PAY	2021	7	9	5	13.1	12.4	96.64	93.1	11.72	38	0	41	2.3	338
PAY	2021	7	9	6	14.1	13	96.66	91.4	12.38	136	318.5521577	28	2	342
PAY	2021	7	9	7	15.9	14.1	96.66	84.6	12.82	275	176.036918	187	1.9	338
PAY	2021	7	9	8	17.5	14.1	96.65	65.8	10.66	551	653.6811006	129	1.5	314
PAY	2021	7	9	9	18.7	14.1	96.61	61	10.9	722	759.6516163	140	1.5	320
PAY	2021	7	9	10	19.4	14	96.61	49.2	9.24	875	917.537421	92	1.8	327
PAY	2021	7	9	11	19.3	14.2	96.56	55.6	10.42	864	549.1973577	369	2.6	341
PAY	2021	7	9	12	20.8	15.2	96.53	55.1	11.82	850	732.3269466	186	3	346
PAY	2021	7	9	13	21.2	14.9	96.5	48	10.8	772	725.998672	141	3.2	346
PAY	2021	7	9	14	21.6	15.3	96.47	48.7	11.34	804	644.5796837	294	2.8	349
PAY	2021	7	9	15	22.1	15	96.42	46.3	11.36	695	570.6284087	308	2.4	337
PAY	2021	7	9	16	22.5	14.8	96.38	44.1	11.32	532	635.9225781	190	2.1	335
PAY	2021	7	9	17	22	15.3	96.35	47.2	11.44	449	843.0390161	129	2.6	338
PAY	2021	7	9	18	21.3	14.9	96.35	52.2	11.74	264	1000	21	2.4	334
PAY	2021	7	9	19	19.5	14.7	96.37	61.4	11.78	92	1000	4	2.7	345
PAY	2021	7	9	20	17.2	14.7	96.4	74.4	12.08	4	0	0	1.7	342
PAY	2021	7	9	21	15	14.3	96.41	89	12.8	0	0	0	1.1	325
PAY	2021	7	9	22	13.9	13.6	96.41	93.1	12.52	0	0	0	1	319
PAY	2021	7	9	23	13.4	13	96.39	92	11.8	0	0	0	1.5	315
PAY	2021	7	10	0	12.9	12.3	96.36	92.6	11.42	0	0	0	1.4	313
PAY	2021	7	10	1	12.3	11.8	96.3	95.3	11.36	0	0	0	1.2	310
PAY	2021	7	10	2	11.8	11.3	96.25	96.1	11.02	0	0	0	1	308
PAY	2021	7	10	3	11.3	11	96.24	96	10.5	0	0	0	1.3	307
PAY	2021	7	10	4	11.1	10.8	96.22	96.7	10.44	2	0	2	1.3	307
PAY	2021	7	10	5	12.1	11.1	96.22	95.5	11.2	45	0	63	1.9	304
PAY	2021	7	10	6	14.4	12.6	96.25	89	12.2	190	406.262237	53	1.2	308
PAY	2021	7	10	7	16.6	14.2	96.22	82.6	13.12	364	373.3088291	178	1.2	313
PAY	2021	7	10	8	17.9	14.6	96.16	72.8	12.46	539	375.7157099	297	1.4	318
PAY	2021	7	10	9	20	15.5	96.1	69	13.8	704	413.1544274	388	1.5	324
PAY	2021	7	10	10	20.8	15.8	96.06	60.9	12.98	828	501.0312692	401	1.5	331
PAY	2021	7	10	11	22.1	16.6	96.02	55.8	13.26	896	759.7243311	212	1.8	339
PAY	2021	7	10	12	23.2	16.7	95.97	56.1	14.42	797	500.1015476	344	1.5	357
PAY	2021	7	10	13	23.7	17.9	95.92	54.5	14.6	926	770.445406	257	2.1	346
PAY	2021	7	10	14	24.8	17.4	95.87	46	14	828	636.3768818	325	2.3	351
PAY	2021	7	10	15	25.6	16.6	95.81	33.9	12.38	713	597.9024303	308	3	353
PAY	2021	7	10	16	24.5	16.3	95.75	39.6	12.42	535	826.9804129	91	4	350
PAY	2021	7	10	17	22.3	16.8	95.75	55.6	13.42	169	182.2730533	100	3.8	380
PAY	2021	7	10	18	16.6	15.6	95.99	87.2	14.04	13	0	67	4.1	392
PAY	2021	7	10	19	16.3	15.5	95.98	92.1	14.72	7	38.5391425	5	1.8	383
PAY	2021	7	10	20	16	15.6	96.22	94.7	14.94	0	0	0	2.1	387
PAY	2021	7	10	21	14.9	13.9	96.21	87	12.3	0	0	0	4.2	376
PAY	2021	7	10	22	14	13.5	96.23	92	12.4	0	0	0	2.1	345
PAY	2021	7	10	23	13.4	13.2	96.23	96	12.6	0	0	0	1.2	324
PAY	2021	7	11	0	13.2	12.8	96.19	96	12.4	0	0	0	1.1	330
PAY	2021	7	11	1	12.9	12.8	96.21	97.2	12.34	0	0	0	1.5	338
PAY	2021	7	11	2	13	12.5	96.17	94	11.8	0	0	0	1.4	328
PAY	2021	7	11	3	12.3	12.2	96.16	97.6	11.82	0	0	0	1.1	313
PAY	2021	7	11	4	11	11.6	96.15	99.1	10.82	1	0	1	1.2	310
PAY	2021	7	11	5	12.5	11.7	96.14	96.3	11.76	27	0	82	1.3	334
PAY	2021	7	11	6	14.2	12.9	96.12	89.9	12.18	77	50.69292306	60	1.5	358
PAY	2021	7	11	7	15.9	14.1	96.14	81.4	12.18	294	223.5426919	183	1.2	345
PAY	2021	7	11	8	17.3	14.7	96.16	79.8	13.26	381	101.1535545	316	1.1	354
PAY	2021	7	11	9	18.8	15.1	96.15	71.2	13.04	552	417.8076924	233	1.5	345
PAY	2021	7	11	10	19.3	15.4	96.12	65.3	12.36	625	245.5738282	416	1.8	365
PAY	2021	7	11	11	20.9	15.4	96.09	54.8	11.86	889	709.4489694	251	2	341
PAY	2021	7	11	12	20.8	15.8	96.06	57	12.2	949	551.4543321	450	2.3	348
PAY	2021	7	11	13	22.1	15.7	96.03	49.3	11.96	858	826.5601571	141	1.8	342
PAY	2021	7	11	14	23	15.8	95.99	48.3	12.66	758	490.1565729	371	2.4	344
PAY	2021	7	11	15	22.9	16.1	95.92	45.9	12.08	742	922.4481015	118	2.3	340
PAY	2021	7	11	16	23.4	15.8	95.85	45.5	12.5	602	960.9987644	87	2.3	340
PAY	2021	7	11	17	23.1	15.8	95.82	46	12.3	428	778.9419011	134	2.4	340
PAY	2021	7	11	18	22.5	15.5	95.8	49.6	12.42	249	967.6394506	44	2.4	339
PAY	2021	7	11	19	20.8	15.4	95.79	55.9	11.98	89	1000	4	1.7	338
PAY	2021	7	11	20	16.9	15.5	95.81	82.7	13.44	3	0	0	1	330
PAY	2021	7	11	21	14.9	14.3	95.81	89.3	12.76	0	0	0	1	324
PAY	2021	7	11	22	14.3	13.7	95.75	91.9	12.68	0	0	0	0.9	319
PAY	2021	7	11	23	12.7	12.6	95.75	94.6	11.62	0	0	0	1.3	315
PAY	2021	7	12	0	12.7	12.3	95.74	93.8	11.46	0	0	0	1.6	312
PAY	2021	7	12	1	11.9	11.9	95.72	95.7	11.04	0	0	0	1.7	314
PAY	2021	7	12	2	12.6	12	95.74	95.7	11.74	0	0	0	2	320
PAY	2021	7	12	3	13.1	12.4	95.73	93.7	11.84	0	0	0	2.7	325
PAY	2021	7	12	4	12.7	12.3	95.65	95.8	11.86	2	0	6	1.1	338
PAY	2021	7	12	5	13.7	12.7	95.54	94.7	12.64	28	0	72	1.2	344
PAY	2021	7	12	6	14.9	13.5	95.49	87.4	12.38	157	176.9481555	98	1.4	332
PAY	2021	7	12	7	16.6	14.6	95.44	84	13.4	298	359.738716	120	1.6	342
PAY	2021	7	12	8	18.1	15.5	95.49	80	14.1	416	285.4799944	233	1.5	357
PAY	2021	7	12	9	20	16.4	95.57	74.6	14.92	476	166.638876	349	2.2	361
PAY	2021	7	12	10	22.6	17.4	95.46	61.8	14.96	732	508.3259647	300	1.9	356
PAY	2021	7	12	11	22.1	18.1	95.41	65.8	15.26	509	344.0198519	200	2.1	385
PAY	2021	7	12	12	22.3	17.4	95.38	62.3	14.76	373	13.27594572	361	2.5	395
PAY	2021	7	12	13	22.2	17.5	95.37	64.3	15.06	451	36.92967589	419	2.1	397
PAY	2021	7	12	14	23.3	17.8	95.35	61	15.5	377	0	379	1.8	396
PAY	2021	7	12	15	24.3	18.7	95.25	57.9	15.88	699	654.3521597	257	2	376
PAY	2021	7	12	16	24.9	18.8	95.2	59.4	16.78	347	360.8664092	154	2.3	396
PAY	2021	7	12	17	21.9	19	95.22	75.5	17	142	87.71348808	109	2.1	400
PAY	2021	7	12	18	20.7	19.1	95.26	85.5	17.8	82	109.2734275	59	1.4	399
PAY	2021	7	12	19	18.5	17.9	95.3	84.8	15.46	6	122.7468846	0	2.6	407
PAY	2021	7	12	20	18.1	16.9	95.31	89.4	15.98	0	0	0	1.9	400
PAY	2021	7	12	21	16.6	16.7	95.35	95	15.6	0	0	0	2.1	398
PAY	2021	7	12	22	16.2	16.1	95.42	97.6	15.72	0	0	0	2.1	391
PAY	2021	7	12	23	16.3	16	95.42	97.9	15.88	0	0	0	1.8	391
PAY	2021	7	13	0	15.9	16	95.43	96.1	15.12	0	0	0	1.6	392
PAY	2021	7	13	1	14.5	14.8	95.49	93.5	13.2	0	0	0	3.8	385
PAY	2021	7	13	2	13.3	13	95.51	92.9	11.88	0	0	0	4.4	376
PAY	2021	7	13	3	13	12.6	95.57	94.8	11.96	0	0	0	4	372
PAY	2021	7	13	4	13.1	12.7	95.59	93.7	11.84	0	0	10	4.3	370
PAY	2021	7	13	5	12.6	12.3	95.56	92.8	11.16	2	0	59	3.3	366
PAY	2021	7	13	6	12.5	12.2	95.56	97.2	11.94	6	0	90	2.2	367
PAY	2021	7	13	7	12.4	12.1	95.64	94.9	11.38	5	0	114	2.4	366
PAY	2021	7	13	8	12.9	11.7	95.61	89.6	10.82	69	0	127	2.5	366
PAY	2021	7	13	9	14.1	12.6	95.59	89.2	11.94	160	35.49355847	133	1.7	363
PAY	2021	7	13	10	16	13.6	95.63	80.2	12.04	508	436.0205483	138	2	364
PAY	2021	7	13	11	15	13.1	95.62	80.5	11.1	432	326.6189103	139	3.4	368
PAY	2021	7	13	12	16	12.6	95.6	69.2	9.84	377	262.5029878	140	1.8	366
PAY	2021	7	13	13	17.3	13.5	95.54	65.4	10.38	627	564.9833004	138	1.5	355
PAY	2021	7	13	14	16.8	13.3	95.56	66.1	10.02	222	113.0012543	133	1.8	372
PAY	2021	7	13	15	16.4	13.5	95.55	71.4	10.68	155	48.93117885	122	1.7	371
PAY	2021	7	13	16	14.7	13.5	95.62	87.2	12.14	86	0	110	2.6	375
PAY	2021	7	13	17	14.1	13.2	95.6	92.1	12.52	40	0	88	2.8	371
PAY	2021	7	13	18	13.9	13.2	95.6	90.8	12.06	37	0	57	1.4	367
PAY	2021	7	13	19	13.9	13.3	95.59	92.7	12.44	26	550.6363478	0	1.3	357
PAY	2021	7	13	20	13.3	13	95.61	92.7	11.84	3	0	0	1.7	355
PAY	2021	7	13	21	12.9	12.3	95.61	95.8	12.06	0	0	0	1.2	343
PAY	2021	7	13	22	13	12.5	95.61	95.8	12.16	0	0	0	1.6	354
PAY	2021	7	13	23	13.4	12.8	95.62	96	12.6	0	0	0	1	358
PAY	2021	7	14	0	13.4	12.9	95.62	94.8	12.36	0	0	0	1.3	365
PAY	2021	7	14	1	13.2	12.9	95.62	95.1	12.22	0	0	0	1.5	373
PAY	2021	7	14	2	12.9	12.6	95.66	96.3	12.16	0	0	0	1.7	370
PAY	2021	7	14	3	12.7	12.4	95.67	94.4	11.58	0	0	0	1.7	367
PAY	2021	7	14	4	12.6	12	95.64	93.2	11.24	0	0	8	2	362
PAY	2021	7	14	5	12.6	12	95.66	94.4	11.48	15	0	59	2.5	357
PAY	2021	7	14	6	13.3	12.3	95.67	92.2	11.74	74	0	92	2.3	348
PAY	2021	7	14	7	14.9	13.1	95.69	85.3	11.96	238	250.4219763	115	3.3	335
PAY	2021	7	14	8	16.1	13.7	95.7	76.1	11.32	403	429.6221019	129	3.6	350
PAY	2021	7	14	9	17.6	14.4	95.68	72	12	760	819.248285	138	4.2	337
PAY	2021	7	14	10	17.9	14.3	95.7	65.7	11.04	598	537.016069	143	4	355
PAY	2021	7	14	11	17	13.7	95.81	69.9	10.98	323	198.6857327	145	4.2	370
PAY	2021	7	14	12	16.4	13.6	95.82	75.5	11.5	283	153.035932	145	3.7	375
PAY	2021	7	14	13	16.5	13.7	95.84	73	11.1	276	155.0115996	142	4.2	376
PAY	2021	7	14	14	17.2	13.9	95.82	70.7	11.34	214	91.54164546	142	2.8	377
PAY	2021	7	14	15	16.5	13.5	95.86	70.6	10.62	112	0	128	4.1	379
PAY	2021	7	14	16	15.3	13.5	95.89	84.7	12.24	52	0	114	4.1	379
PAY	2021	7	14	17	14.9	13.8	95.9	89.7	12.84	56	0	91	3.9	379
PAY	2021	7	14	18	14.5	14	95.91	95.3	13.56	12	0	58	1.9	381
PAY	2021	7	14	19	14.1	13.7	95.94	92.9	12.68	8	176.0135314	0	2.7	374
PAY	2021	7	14	20	13.7	13.3	95.96	94.9	12.68	0	0	0	3.4	372
PAY	2021	7	14	21	13.6	13.1	95.95	93.6	12.32	0	0	0	3.1	373
PAY	2021	7	14	22	13.7	13	95.96	92.4	12.18	0	0	0	3.5	371
PAY	2021	7	14	23	13.4	13	95.95	95.5	12.5	0	0	0	3.4	372
PAY	2021	7	15	0	13.6	13	95.91	95.2	12.64	0	0	0	3.5	372
PAY	2021	7	15	1	13.5	12.9	95.86	92.6	12.02	0	0	0	4.4	372
PAY	2021	7	15	2	13.5	12.8	95.83	92.7	12.04	0	0	0	4.3	372
PAY	2021	7	15	3	13.7	12.9	95.77	92.4	12.18	0	0	0	4.2	372
PAY	2021	7	15	4	13.7	13	95.76	92.3	12.16	0	0	7	4.1	374
PAY	2021	7	15	5	13.8	13	95.76	92.1	12.22	9	0	61	4	375
PAY	2021	7	15	6	14	13.2	95.81	92.5	12.5	39	0	95	4.7	377
PAY	2021	7	15	7	15.3	13.7	95.81	88.2	12.94	166	98.10208656	118	4.9	374
PAY	2021	7	15	8	15.6	14.4	95.86	85.9	12.78	349	345.8699979	129	5.7	374
PAY	2021	7	15	9	17	14.6	95.82	78.9	12.78	355	286.3850786	138	5.8	372
PAY	2021	7	15	10	16.6	14.5	95.88	80.9	12.78	229	95.75370109	148	5.5	381
PAY	2021	7	15	11	16.3	14.5	95.9	82.7	12.84	161	11.17748554	151	4.7	383
PAY	2021	7	15	12	16.7	14.5	95.92	81.3	12.96	186	45.52538432	145	5.2	382
PAY	2021	7	15	13	15.6	14.6	95.96	89.6	13.52	131	0	148	5.1	383
PAY	2021	7	15	14	15.3	14.5	95.99	92.3	13.76	86	0	142	4	381
PAY	2021	7	15	15	15.4	14.7	96	92	13.8	125	0	129	4	383
PAY	2021	7	15	16	16.1	14.9	96	89.3	13.96	164	90.38203899	116	4.4	383
PAY	2021	7	15	17	16	14.8	95.99	89	13.8	102	26.8791869	92	4	382
PAY	2021	7	15	18	15.8	14.7	96.03	88.1	13.42	32	0	60	3.4	383
PAY	2021	7	15	19	15.6	14.6	96.05	89.3	13.46	25	573.6585448	0	2.8	380
PAY	2021	7	15	20	15.2	14.4	96.08	90.7	13.34	2	0	0	2.6	370
PAY	2021	7	15	21	15.2	14.3	96.11	89.7	13.14	0	0	0	2.3	379
PAY	2021	7	15	22	15.1	14.2	96.08	90.9	13.28	0	0	0	2.4	377
PAY	2021	7	15	23	15.2	14.2	96.06	90.9	13.38	0	0	0	2.3	377
PAY	2021	7	16	0	15	14.3	96.05	92.8	13.56	0	0	0	1.6	383
PAY	2021	7	16	1	14.9	14.3	96.04	94.3	13.76	0	0	0	1	385
PAY	2021	7	16	2	14.7	14.4	95.99	95.7	13.84	0	0	0	1.1	382
PAY	2021	7	16	3	14.7	14.2	95.98	94.3	13.56	0	0	0	2.2	371
PAY	2021	7	16	4	14.2	14	96.03	97.5	13.7	0	0	6	0.7	357
PAY	2021	7	16	5	14.5	13.9	96.06	97.3	13.96	23	0	62	0.5	361
PAY	2021	7	16	6	15.5	14.8	96.1	95.1	14.52	165	187.5563106	104	0.8	341
PAY	2021	7	16	7	16.2	15	96.15	91.1	14.42	96	0	132	0.4	375
PAY	2021	7	16	8	16.6	15.3	96.19	89.4	14.48	211	110.350525	141	0.9	383
PAY	2021	7	16	9	17.8	15.5	96.2	83	14.4	227	97.86196318	153	1.8	372
PAY	2021	7	16	10	19.7	16.1	96.18	68.4	13.38	687	624.0220153	160	2.6	351
PAY	2021	7	16	11	19.9	15.8	96.2	64.5	12.8	594	490.2756289	156	2.8	366
PAY	2021	7	16	12	22.1	16.2	96.17	56.7	13.44	850	777.1944228	151	2.2	355
PAY	2021	7	16	13	19.4	16.1	96.18	76.3	14.66	473	371.16794	153	2.7	378
PAY	2021	7	16	14	17.6	16.5	96.2	83.3	14.26	523	471.8380275	153	1.8	377
PAY	2021	7	16	15	19	16.2	96.22	71.3	13.26	522	395.0709952	257	2.5	378
PAY	2021	7	16	16	18.2	15.4	96.27	74.7	13.14	164	122.7208877	99	2.7	371
PAY	2021	7	16	17	19.5	15.6	96.23	67.5	13	283	496.6925777	99	2.5	338
PAY	2021	7	16	18	18.9	15.8	96.26	71.4	13.18	200	710.8284277	55	2.2	336
PAY	2021	7	16	19	17.3	15.6	96.33	84.1	14.12	32	769.1415583	0	1.2	339
PAY	2021	7	16	20	16.6	15.6	96.36	89.6	14.52	1	0	0	0.6	374
PAY	2021	7	16	21	15.1	15	96.39	94.5	14	0	0	0	0.7	338
PAY	2021	7	16	22	14.1	14	96.44	96	13.3	0	0	0	1	323
PAY	2021	7	16	23	13.3	13.4	96.42	97.5	12.8	0	0	0	0.5	320
PAY	2021	7	17	0	12.9	13	96.41	96.7	12.24	0	0	0	0.8	319
PAY	2021	7	17	1	12.5	12.7	96.38	98.3	12.16	0	0	0	0.5	318
PAY	2021	7	17	2	12.5	12	96.37	97.8	12.06	0	0	0	0.6	334
PAY	2021	7	17	3	13.2	12.8	96.36	98	12.8	0	0	0	0.3	359
PAY	2021	7	17	4	14.1	13.5	96.35	95.8	13.26	0	0	4	0.8	378
PAY	2021	7	17	5	14.4	13.8	96.37	95.4	13.48	13	0	68	1.1	376
PAY	2021	7	17	6	15.1	14.5	96.4	95.6	14.22	42	0	149	1	381
PAY	2021	7	17	7	16.5	15.5	96.42	93.5	15.2	112	0	225	1	390
PAY	2021	7	17	8	19	16.4	96.4	78.9	14.78	419	177.0567001	307	3.2	368
PAY	2021	7	17	9	20.7	17.3	96.39	72.2	15.14	584	336.6150217	330	4	367
PAY	2021	7	17	10	20.9	17.2	96.38	70	14.9	482	116.2407179	384	4.9	384
PAY	2021	7	17	11	21.4	17.2	96.36	68.2	15.04	476	39.2356768	441	5.5	387
PAY	2021	7	17	12	21.6	17.7	96.35	69	15.4	624	331.8020631	326	5.8	376
PAY	2021	7	17	13	22.4	17.7	96.34	66.6	15.72	597	286.910621	350	5.9	383
PAY	2021	7	17	14	23.3	18.1	96.33	63.3	15.96	671	567.1359928	227	5.2	376
PAY	2021	7	17	15	22.7	18.1	96.28	62.4	15.18	585	663.290342	141	5.4	384
PAY	2021	7	17	16	23.3	18	96.28	62	15.7	397	431.6972684	169	4.3	385
PAY	2021	7	17	17	21.5	17.6	96.26	66.9	14.88	266	322.693171	147	4.5	387
PAY	2021	7	17	18	21.2	17.7	96.29	70.4	15.28	112	212.7512462	69	3.4	399
PAY	2021	7	17	19	19.9	17.2	96.33	76.3	15.16	25	632.4961331	0	3.2	398
PAY	2021	7	17	20	19.4	17	96.37	79.6	15.32	2	0	0	3	369
PAY	2021	7	17	21	19.2	17.2	96.37	83.2	15.84	0	0	0	2.9	397
PAY	2021	7	17	22	18.9	17.3	96.34	84.8	15.86	0	0	0	3.3	393
PAY	2021	7	17	23	17.9	17.1	96.32	91.8	16.26	0	0	0	3.2	372
PAY	2021	7	18	0	18.1	17.2	96.28	91.6	16.42	0	0	0	2.7	392
PAY	2021	7	18	1	18.3	17.2	96.25	89.7	16.24	0	0	0	2.3	396
PAY	2021	7	18	2	18.1	17.2	96.21	91.9	16.48	0	0	0	2.6	393
PAY	2021	7	18	3	18.1	17.3	96.2	91.8	16.46	0	0	0	2.7	394
PAY	2021	7	18	4	18.3	17.2	96.21	89.7	16.24	0	0	1	2.4	391
PAY	2021	7	18	5	18.9	16.8	96.24	79.4	14.78	32	0	72	4.5	387
PAY	2021	7	18	6	19.4	16.4	96.2	74.8	14.36	172	59.2178333	153	5.1	347
PAY	2021	7	18	7	20	16.9	96.21	74.4	14.88	321	275.1517536	188	4	351
PAY	2021	7	18	8	20.6	17.3	96.19	72.6	15.12	386	120.4918338	310	4.4	366
PAY	2021	7	18	9	21.8	17.7	96.16	67.9	15.38	616	336.01904	363	5.6	350
PAY	2021	7	18	10	23.2	18.5	96.13	64.6	16.12	810	605.9957346	300	5	350
PAY	2021	7	18	11	24	18.6	96.12	59.4	15.88	888	792.6651169	182	6.3	355
PAY	2021	7	18	12	24.6	18.9	96.08	57.7	16.14	772	657.889594	182	6	361
PAY	2021	7	18	13	25.3	18.7	96.07	51.8	15.66	872	750.3631785	227	6.9	360
PAY	2021	7	18	14	25.3	18.2	96.04	49.1	15.12	847	870.0959734	167	7.5	358
PAY	2021	7	18	15	25.8	17.9	96.03	46.3	15.06	736	866.8511667	157	7	361
PAY	2021	7	18	16	25.7	18.1	96	50.3	15.76	554	791.9464727	137	6.3	365
PAY	2021	7	18	17	24.4	17.9	95.99	52.6	14.92	356	673.0289762	109	6.5	371
PAY	2021	7	18	18	23.8	17.8	96.03	55	14.8	217	749.4731059	67	5.6	360
PAY	2021	7	18	19	22.1	17.4	96.05	62.4	14.58	35	937.2427868	0	4.4	356
PAY	2021	7	18	20	20.1	17.2	96.09	74.1	14.92	2	0	0	2	347
PAY	2021	7	18	21	19.6	17	96.1	77.6	15.12	0	0	0	2.9	341
PAY	2021	7	18	22	18.9	16.6	96.09	77.8	14.46	0	0	0	2.1	338
PAY	2021	7	18	23	18.4	16.3	96.09	80.8	14.56	0	0	0	1.6	334
PAY	2021	7	19	0	18.5	16.2	96.07	79.7	14.44	0	0	0	2.6	333
PAY	2021	7	19	1	17.9	16.1	96.04	83.6	14.62	0	0	0	2.5	330
PAY	2021	7	19	2	16.4	15.7	96.02	89.1	14.22	0	0	0	2.7	326
PAY	2021	7	19	3	16.5	15.4	96.04	88.7	14.24	0	0	0	1.6	324
PAY	2021	7	19	4	16.3	15.4	96.04	89.2	14.14	0	0	0	1.9	324
PAY	2021	7	19	5	17.7	15.8	96.04	84.3	14.56	37	0	70	2.7	324
PAY	2021	7	19	6	19.2	16.3	96.03	76.8	14.56	177	81.61015827	151	2.9	326
PAY	2021	7	19	7	20.8	17	96.04	71.5	15.1	354	253.473459	232	3.4	330
PAY	2021	7	19	8	21.9	17.4	96.03	66.3	15.16	528	416.6070465	266	4.3	334
PAY	2021	7	19	9	23.1	17.7	96.01	59.7	15.04	684	670.8779803	180	5.7	340
PAY	2021	7	19	10	24.6	18	95.99	53.8	15.36	809	771.3757473	161	6	345
PAY	2021	7	19	11	25.5	18.1	95.97	51	15.7	889	681.4827319	283	6.2	349
PAY	2021	7	19	12	26.9	18.6	95.96	48.6	16.62	921	845.4019193	164	5.4	354
PAY	2021	7	19	13	26.9	18.1	95.94	41.2	15.14	908	843.6179048	184	5.4	355
PAY	2021	7	19	14	27.6	18.3	95.91	39.4	15.48	839	842.2073985	182	5.1	358
PAY	2021	7	19	15	27.8	17.4	95.89	36.7	15.14	729	1000	60	5.5	354
PAY	2021	7	19	16	27.3	17.4	95.87	37.4	14.78	580	985.0142408	63	5.1	354
PAY	2021	7	19	17	26.8	18	95.86	46.6	16.12	400	783.2846876	114	4.4	358
PAY	2021	7	19	18	25.7	18.5	95.89	49.1	15.52	224	838.0984915	58	3.5	360
PAY	2021	7	19	19	23.6	18.1	95.91	58.4	15.28	73	1000	0	2.5	357
PAY	2021	7	19	20	21.8	17.6	95.97	60.8	13.96	2	0	0	2.3	352
PAY	2021	7	19	21	19	16	96.03	73.7	13.74	0	0	0	1.5	341
PAY	2021	7	19	22	18.5	16.1	96.05	77.6	14.02	0	0	0	1.4	341
PAY	2021	7	19	23	17.4	15.6	96.05	81.8	13.76	0	0	0	0.7	336
PAY	2021	7	20	0	17.8	15.1	96.04	78.9	13.58	0	0	0	0.6	333
PAY	2021	7	20	1	15	14.8	96.04	92.6	13.52	0	0	0	0.8	330
PAY	2021	7	20	2	15.4	14.5	96.03	90.2	13.44	0	0	0	0.5	326
PAY	2021	7	20	3	14.1	14.1	96.04	93.9	12.88	0	0	0	1.2	323
PAY	2021	7	20	4	13.6	13.6	96.06	96.2	12.84	0	0	0	0.5	319
PAY	2021	7	20	5	14.3	13.4	96.08	95.4	13.38	38	0	64	0.6	317
PAY	2021	7	20	6	16.7	14.7	96.09	82.1	13.12	177	240.2918606	101	0.3	319
PAY	2021	7	20	7	18.8	15.5	96.11	73.3	13.46	350	479.9518996	120	1.2	324
PAY	2021	7	20	8	21.3	16.5	96.11	67.1	14.72	522	588.5245307	153	1.6	331
PAY	2021	7	20	9	23	17.6	96.1	63.3	15.66	682	668.4154366	181	2.1	337
PAY	2021	7	20	10	24.5	18.4	96.08	60.7	16.64	807	463.9345411	418	2.7	344
PAY	2021	7	20	11	25.4	19.1	96.05	54.5	16.3	895	831.3066381	157	3.1	349
PAY	2021	7	20	12	26.9	19	96.04	48.5	16.6	924	761.7443702	243	3	351
PAY	2021	7	20	13	27.2	17.1	96.01	33.4	13.88	913	743.491019	276	2.9	348
PAY	2021	7	20	14	28	17.6	96.01	36.6	15.32	840	693.5611242	300	2.7	353
PAY	2021	7	20	15	28.3	17.7	95.99	38.5	16	721	898.0379262	124	2.8	358
PAY	2021	7	20	16	27.4	17.7	95.99	39	15.2	567	946.2961516	72	2.7	360
PAY	2021	7	20	17	26.7	17.7	96	41.9	15.08	391	677.376411	145	2.9	359
PAY	2021	7	20	18	25.2	17.5	96.05	45.8	14.36	209	852.4988213	42	2.8	357
PAY	2021	7	20	19	22.8	16.9	96.09	52.2	13.24	62	0	0	2.7	351
PAY	2021	7	20	20	20.5	16	96.18	62	12.9	2	0	0	1.7	340
PAY	2021	7	20	21	20.2	15.7	96.23	58.6	11.92	0	0	0	0.8	333
PAY	2021	7	20	22	16.7	14.5	96.25	75.1	11.72	0	0	0	0.6	327
PAY	2021	7	20	23	14.9	14	96.26	90.6	13.02	0	0	0	0.4	321
PAY	2021	7	21	0	15	13.4	96.25	86	12.2	0	0	0	0.3	319
PAY	2021	7	21	1	13.6	13	96.26	92.1	12.02	0	0	0	0.4	317
PAY	2021	7	21	2	13	12.6	96.25	93.3	11.66	0	0	0	0.4	316
PAY	2021	7	21	3	12.3	12.1	96.25	95.2	11.34	0	0	0	0.7	314
PAY	2021	7	21	4	12.1	11.9	96.29	93.8	10.86	0	0	0	0.6	313
PAY	2021	7	21	5	13.2	12.1	96.34	92.2	11.64	35	163.5442991	11	0.8	313
PAY	2021	7	21	6	15.7	13.5	96.38	83.1	12.32	162	191.1236208	102	0.5	315
PAY	2021	7	21	7	17.9	14.6	96.4	69.3	11.76	335	301.8385947	191	0.4	321
PAY	2021	7	21	8	20.3	15.4	96.41	66.5	13.6	513	343.9704583	298	1.4	328
PAY	2021	7	21	9	21	15.8	96.39	60.7	13.14	639	439.9735725	310	1.5	334
PAY	2021	7	21	10	22.6	16.6	96.37	57.5	14.1	797	526.9707991	356	1.5	340
PAY	2021	7	21	11	23.1	17.2	96.35	54.6	14.02	859	581.112848	344	1.2	347
PAY	2021	7	21	12	25.3	18.2	96.31	53.1	15.92	911	538.9280034	430	1.1	349
PAY	2021	7	21	13	26.8	18.6	96.28	45.2	15.84	909	894.4597506	144	1	354
PAY	2021	7	21	14	27.2	18.7	96.26	46.9	16.58	824	710.4109448	272	1.5	363
PAY	2021	7	21	15	27.5	19.3	96.24	44.7	16.44	707	674.1213372	260	2	369
PAY	2021	7	21	16	27.9	18.9	96.23	42.7	16.44	560	727.125773	181	1.7	373
PAY	2021	7	21	17	27.3	18.9	96.24	46.7	16.64	358	750.4676248	87	1.6	374
PAY	2021	7	21	18	25.9	18.7	96.26	48.8	15.66	188	847.0074686	24	2.4	372
PAY	2021	7	21	19	23.8	18.6	96.29	61.4	16.08	52	0	0	1.4	366
PAY	2021	7	21	20	20.5	18.5	96.34	80.7	16.64	1	0	0	0.9	358
PAY	2021	7	21	21	19.2	17.8	96.35	85.9	16.38	0	0	0	1	350
PAY	2021	7	21	22	18.6	16.8	96.37	83.5	15.3	0	0	0	0.6	345
PAY	2021	7	21	23	16.3	16.2	96.37	92.8	14.86	0	0	0	0.5	339
PAY	2021	7	22	0	15.9	15.7	96.37	94.9	14.88	0	0	0	0.3	332
PAY	2021	7	22	1	14.8	14.9	96.36	94.9	13.78	0	0	0	0.3	327
PAY	2021	7	22	2	14.6	14.3	96.35	96	13.8	0	0	0	0.6	326
PAY	2021	7	22	3	14.4	14.2	96.36	95.9	13.58	0	0	0	0.3	325
PAY	2021	7	22	4	13.3	13.6	96.37	97.4	12.78	0	0	0	0.4	323
PAY	2021	7	22	5	14.8	13.7	96.4	93.5	13.5	34	0	50	1.2	323
PAY	2021	7	22	6	16.7	14.9	96.42	84.9	13.68	148	41.72801289	135	0.7	325
PAY	2021	7	22	7	18.4	16	96.4	78.1	14.02	330	223.2059525	224	0.7	328
PAY	2021	7	22	8	20.5	16.5	96.39	69.1	14.32	510	340.2472988	298	0.6	335
PAY	2021	7	22	9	22.9	17	96.39	61.7	15.24	665	406.1828689	362	1.1	342
PAY	2021	7	22	10	23.5	17.8	96.35	56.3	14.76	793	458.5772526	410	1.3	349
PAY	2021	7	22	11	25.5	18.3	96.31	53	16.1	885	505.2834744	438	1.2	351
PAY	2021	7	22	12	26.7	18.5	96.25	44.1	15.52	923	813.7223794	198	1	353
PAY	2021	7	22	13	28.1	19	96.19	43	16.7	897	712.1973866	289	1.4	361
PAY	2021	7	22	14	27.9	18.3	96.13	42.9	16.48	817	699.0240876	275	1	370
PAY	2021	7	22	15	28.3	18.8	96.1	39.9	16.28	699	632.0815296	281	2	375
PAY	2021	7	22	16	28.1	18.8	96.08	42	16.5	542	822.2919417	115	2.2	376
PAY	2021	7	22	17	27.2	19.1	96.05	45.9	16.38	359	749.3951056	90	2.6	377
PAY	2021	7	22	18	25.4	18.7	96.06	53.8	16.16	131	423.5242798	50	2.7	387
PAY	2021	7	22	19	24.2	18.6	96.07	58.5	15.9	32	0	0	1.6	396
PAY	2021	7	22	20	21.3	18.5	96.11	76.9	16.68	1	0	0	1	373
PAY	2021	7	22	21	20.1	18.1	96.12	79.8	16.06	0	0	0	0.6	365
PAY	2021	7	22	22	18.7	17.6	96.11	88.7	16.44	0	0	0	0.2	350
PAY	2021	7	22	23	17.4	16.8	96.12	90	15.4	0	0	0	0.4	345
PAY	2021	7	23	0	16.4	16.1	96.12	93.8	15.16	0	0	0	0.5	338
PAY	2021	7	23	1	15.7	15.7	96.1	95.3	14.76	0	0	0	0.3	334
PAY	2021	7	23	2	15.7	15.1	96.09	94.8	14.66	0	0	0	0.6	330
PAY	2021	7	23	3	14.9	14.5	96.06	96.2	14.14	0	0	0	0.8	326
PAY	2021	7	23	4	14.7	14.1	96.06	95.9	13.88	0	0	0	1.4	324
PAY	2021	7	23	5	14.7	14.2	96.08	96.1	13.92	31	56.5375301	23	1.2	322
PAY	2021	7	23	6	17	15.2	96.07	89.6	14.92	159	177.9313779	104	0.5	323
PAY	2021	7	23	7	18.9	16.1	96.06	79.2	14.74	322	378.691812	143	0.6	327
PAY	2021	7	23	8	20.7	17	96.03	71.2	14.94	509	594.1458909	140	0.7	337
PAY	2021	7	23	9	22.5	17.6	95.98	63.8	15.26	650	553.6699723	238	1	348
PAY	2021	7	23	10	24	18.1	95.93	57.6	15.52	789	461.9185247	404	0.9	353
PAY	2021	7	23	11	25.2	18.2	95.84	49.4	15.08	788	433.737432	405	1.1	359
PAY	2021	7	23	12	25.9	18.7	95.78	47.5	15.4	914	537.4624099	436	1.1	366
PAY	2021	7	23	13	27.5	20.2	95.7	51.3	17.76	880	869.6553124	139	1.7	377
PAY	2021	7	23	14	28.3	20.2	95.65	49.2	18.14	805	864.7377027	136	1.6	388
PAY	2021	7	23	15	28.3	20.7	95.6	49.8	18.26	696	940.1808214	76	2.3	380
PAY	2021	7	23	16	28.2	20.8	95.55	50.7	18.34	482	854.5323175	40	2.4	382
PAY	2021	7	23	17	28.3	20.5	95.48	50.9	18.48	298	448.5435116	138	2.2	389
PAY	2021	7	23	18	26.6	20.4	95.47	55.1	17.62	184	831.6400753	27	2	381
PAY	2021	7	23	19	23.4	19.9	95.47	73.5	18.1	20	0	0	0.9	381
PAY	2021	7	23	20	21.5	19.8	95.49	82.8	18.06	0	0	0	0.4	383
PAY	2021	7	23	21	20.6	19.2	95.54	85.7	17.74	0	0	0	0.7	383
PAY	2021	7	23	22	20.1	18.8	95.54	86.6	17.42	0	0	0	1.6	374
PAY	2021	7	23	23	19.4	18.4	95.49	89.5	17.3	0	0	0	1.3	365
PAY	2021	7	24	0	19.5	18	95.41	87.9	17.08	0	0	0	1.5	371
PAY	2021	7	24	1	18.8	17.9	95.39	91.3	17.06	0	0	0	0.8	370
PAY	2021	7	24	2	18.9	17.9	95.54	91.8	17.26	0	0	0	1.2	387
PAY	2021	7	24	3	20.6	18.2	95.45	80.4	16.68	0	0	0	1.7	394
PAY	2021	7	24	4	19.4	18	95.49	86.8	16.76	0	0	0	1.6	390
PAY	2021	7	24	5	19.2	18	95.55	89.2	17.04	1	0	61	1.1	390
PAY	2021	7	24	6	18.9	17.9	95.62	91.4	17.18	21	0	49	0.6	386
PAY	2021	7	24	7	19.1	17.8	95.58	88.8	16.86	22	0	61	1.4	391
PAY	2021	7	24	8	20.8	18.3	95.52	86	18	134	0	307	1.1	390
PAY	2021	7	24	9	21.3	18.7	95.49	80.7	17.44	352	47.15451451	317	1.3	384
PAY	2021	7	24	10	21.4	18.4	95.51	68.7	15.14	267	0	377	2.6	391
PAY	2021	7	24	11	21.5	18.3	95.46	73	16.1	305	0	421	2.6	391
PAY	2021	7	24	12	21.3	18.6	95.36	79.4	17.18	268	0	398	2.2	392
PAY	2021	7	24	13	21.6	18.9	95.37	75.9	16.78	307	0	395	2.3	393
PAY	2021	7	24	14	20.7	18.5	95.41	79.6	16.62	194	0	333	1.7	397
PAY	2021	7	24	15	22.3	18.5	95.37	68.8	16.06	401	150.568788	302	1.2	385
PAY	2021	7	24	16	22.9	18.4	95.42	60.9	15.08	244	116.4787395	184	1.1	383
PAY	2021	7	24	17	21.6	17.9	95.3	71.4	15.88	120	268.0812194	25	0.9	387
PAY	2021	7	24	18	19.4	17.8	95.42	84	16.2	72	96.66132743	54	2.8	393
PAY	2021	7	24	19	19.1	17.6	95.43	86.7	16.44	23	0	0	0.9	395
PAY	2021	7	24	20	18.5	17.6	95.43	90	16.5	0	0	0	0.5	388
PAY	2021	7	24	21	17.5	17.6	95.56	95.5	16.6	0	0	0	1.4	400
PAY	2021	7	24	22	16.2	15.8	95.58	95.3	15.26	0	0	0	1.7	385
PAY	2021	7	24	23	16.6	16.1	95.61	96	15.8	0	0	0	1	390
PAY	2021	7	25	0	16.6	16.1	95.57	95.3	15.66	0	0	0	0.8	384
PAY	2021	7	25	1	16.5	16.1	95.52	96.8	15.86	0	0	0	0.7	382
PAY	2021	7	25	2	16.3	16	95.52	97.7	15.84	0	0	0	0.8	372
PAY	2021	7	25	3	16.4	16	95.54	96.9	15.78	0	0	0	1.1	382
PAY	2021	7	25	4	16.3	16.1	95.48	97.9	15.88	0	0	0	0.7	390
PAY	2021	7	25	5	16.1	16	95.5	98.8	15.86	6	0	56	0.9	388
PAY	2021	7	25	6	16.2	16	95.52	97.6	15.72	17	0	91	1	386
PAY	2021	7	25	7	15.9	15.8	95.48	96.4	15.18	17	0	110	0.6	392
PAY	2021	7	25	8	16.2	15.7	95.5	95.7	15.34	63	0	127	1.1	386
PAY	2021	7	25	9	17.3	16.2	95.53	92	15.7	222	66.18807025	173	0.6	386
PAY	2021	7	25	10	18.3	16.4	95.51	87.9	15.88	411	206.0435596	240	0.8	375
PAY	2021	7	25	11	19.4	17	95.5	80.7	15.54	359	222.8256715	163	0.6	376
PAY	2021	7	25	12	20.7	17.2	95.49	71.2	14.94	682	547.4132219	197	1	371
PAY	2021	7	25	13	21.7	17.2	95.46	62.6	14.22	819	786.0040394	152	1	354
PAY	2021	7	25	14	23.6	18.2	95.43	60.1	15.62	704	732.4861463	140	1.3	374
PAY	2021	7	25	15	23.1	18.1	95.43	59.3	14.96	580	686.5151227	130	1.4	363
PAY	2021	7	25	16	24.2	17.8	95.38	58.4	15.88	571	846.1676047	137	0.9	355
PAY	2021	7	25	17	23.3	18.4	95.41	59.5	15.2	355	727.4033124	99	2.6	356
PAY	2021	7	25	18	21.5	17.7	95.43	65.7	14.64	181	659.2079375	60	2.1	353
PAY	2021	7	25	19	20.6	17.5	95.47	74.2	15.44	36	0	0	1.2	359
PAY	2021	7	25	20	18.4	17.3	95.55	88.7	16.14	1	0	0	0.7	361
PAY	2021	7	25	21	17.7	17.1	95.58	91.6	16.02	0	0	0	0.6	368
PAY	2021	7	25	22	17.5	16.6	95.59	90.7	15.64	0	0	0	0.5	352
PAY	2021	7	25	23	17.2	16.4	95.6	95.6	16.32	0	0	0	1.6	381
PAY	2021	7	26	0	16.4	16.3	95.62	97.3	15.86	0	0	0	0.4	347
PAY	2021	7	26	1	16	15.9	95.62	98	15.6	0	0	0	0.5	350
PAY	2021	7	26	2	15.5	15.5	95.63	99.9	15.48	0	0	0	0.5	338
PAY	2021	7	26	3	15.8	15.6	95.65	98.9	15.58	0	0	0	0.5	370
PAY	2021	7	26	4	15.9	15.4	95.67	95.6	15.02	0	0	0	1.3	366
PAY	2021	7	26	5	16.3	15.6	95.65	96.2	15.54	17	0	53	1.2	374
PAY	2021	7	26	6	16.8	16	95.67	93.6	15.52	101	36.47650083	90	0.6	371
PAY	2021	7	26	7	18	16.7	95.68	91.9	16.38	217	218.9808706	115	0.5	356
PAY	2021	7	26	8	18.9	17.1	95.7	83.3	15.56	291	270.016843	125	0.5	372
PAY	2021	7	26	9	19.4	17.3	95.74	80.1	15.42	354	293.8995719	137	0.9	383
PAY	2021	7	26	10	20.2	16.9	95.75	71.5	14.5	362	259.6386393	147	1.5	379
PAY	2021	7	26	11	21	17.4	95.76	73.5	15.7	401	285.9328027	150	1.5	375
PAY	2021	7	26	12	22	17	95.73	60.2	14.04	644	565.4779412	144	1.3	373
PAY	2021	7	26	13	23.4	17.8	95.71	61.8	15.76	662	614.1026061	142	1.6	372
PAY	2021	7	26	14	22.9	17.3	95.71	55.4	13.98	503	476.5395449	137	1.7	382
PAY	2021	7	26	15	22.7	17.6	95.74	65.5	15.8	181	82.6470922	127	1.7	403
PAY	2021	7	26	16	22.5	17.4	95.72	61.4	14.78	250	266.3543993	114	1.9	391
PAY	2021	7	26	17	22.7	17.4	95.71	56.6	14.02	219	372.0555805	89	1.9	392
PAY	2021	7	26	18	21.4	17.2	95.78	71.4	15.68	83	182.5287538	50	1.1	397
PAY	2021	7	26	19	20.8	17	95.83	69.6	14.72	35	0	0	0.7	396
PAY	2021	7	26	20	19.7	17	95.93	67.1	13.12	1	0	0	0.7	385
PAY	2021	7	26	21	17.7	15.7	95.95	82.4	14.18	0	0	0	1.2	367
PAY	2021	7	26	22	16.9	15.7	96	84.4	13.78	0	0	0	0.5	355
PAY	2021	7	26	23	16.3	15.2	96.02	87.1	13.72	0	0	0	1	361
PAY	2021	7	27	0	15	14.3	95.99	88.6	12.72	0	0	0	1.1	324
PAY	2021	7	27	1	13.5	13.3	95.97	94.7	12.44	0	0	0	0.6	318
PAY	2021	7	27	2	13.7	12.9	95.96	90.7	11.84	0	0	0	1.1	318
PAY	2021	7	27	3	13	12.6	95.96	95	12	0	0	0	1.3	318
PAY	2021	7	27	4	12.9	12.5	95.95	94.6	11.82	0	0	0	0.5	315
PAY	2021	7	27	5	13.2	12.3	95.93	94.4	12.08	37	0	59	0.7	315
PAY	2021	7	27	6	15.2	13.4	95.9	87.8	12.76	174	204.0336885	113	0.8	320
PAY	2021	7	27	7	16.7	14.7	95.89	81.8	13.06	300	394.8878501	117	0.6	331
PAY	2021	7	27	8	18	15.1	95.9	81.6	14.32	351	328.1071173	150	0.6	334
PAY	2021	7	27	9	18.8	16.2	95.9	75.2	13.84	523	517.4247615	142	0.9	342
PAY	2021	7	27	10	21.3	16.7	95.86	66.2	14.54	740	716.5504218	148	1.2	345
PAY	2021	7	27	11	21.7	16.4	95.83	58.4	13.38	620	529.6840037	156	1.2	362
PAY	2021	7	27	12	22.6	16.6	95.78	54.1	13.42	523	415.9246328	156	1.1	380
PAY	2021	7	27	13	24.6	17.8	95.74	54.4	15.48	826	761.0681502	183	1.9	368
PAY	2021	7	27	14	24.7	18.1	95.7	53.2	15.34	846	913.815359	146	1.7	370
PAY	2021	7	27	15	23.7	17.5	95.69	56.1	14.92	329	302.5208379	132	2.1	386
PAY	2021	7	27	16	23.9	18	95.66	56.3	15.16	236	236.1242484	116	1	388
PAY	2021	7	27	17	23.5	18	95.65	58.7	15.24	166	219.1524338	90	1	393
PAY	2021	7	27	18	23.7	18.1	95.66	54.7	14.64	178	674.3952353	58	0.8	389
PAY	2021	7	27	19	21.5	18.8	95.7	79.9	17.48	23	0	0	0.4	399
PAY	2021	7	27	20	20.2	18.3	95.77	85.4	17.28	0	0	0	0.6	399
PAY	2021	7	27	21	20.4	17.9	95.8	76.1	15.62	0	0	0	0.5	395
PAY	2021	7	27	22	18.6	17.7	95.82	91.2	16.84	0	0	0	0.9	402
PAY	2021	7	27	23	18.4	17.5	95.87	92.1	16.82	0	0	0	1.3	393
PAY	2021	7	28	0	18.1	17	95.91	86.2	15.34	0	0	0	1.3	392
PAY	2021	7	28	1	17.5	16.7	95.87	92.8	16.06	0	0	0	1	384
PAY	2021	7	28	2	17.3	16.8	95.85	96.2	16.54	0	0	0	0.7	385
PAY	2021	7	28	3	16.5	16.4	95.89	84.2	13.34	0	0	0	0.8	389
PAY	2021	7	28	4	15.2	14.7	95.91	95.8	14.36	0	0	0	0.9	384
PAY	2021	7	28	5	15.1	14.9	95.91	96.8	14.46	0	0	48	0.6	382
PAY	2021	7	28	6	15	14.8	95.93	96.7	14.34	5	0	129	0.8	385
PAY	2021	7	28	7	15.6	14.8	95.94	92.6	14.12	59	0	124	0.8	376
PAY	2021	7	28	8	16.3	15.2	95.92	91.2	14.54	98	0	270	0.3	375
PAY	2021	7	28	9	17.7	16	95.93	85.9	14.88	248	0	347	1	368
PAY	2021	7	28	10	19.9	17	95.93	78.2	15.54	462	294.8166872	219	2.1	382
PAY	2021	7	28	11	21.3	17.5	95.92	69.6	15.22	710	314.6067517	435	3.6	374
PAY	2021	7	28	12	22.7	17.5	95.92	62.9	15.28	869	616.7121366	326	4.5	359
PAY	2021	7	28	13	22	17.5	95.93	62.2	14.44	577	258.6311304	359	4.1	388
PAY	2021	7	28	14	23.3	17.4	95.93	55.6	14.42	720	610.0063949	254	4	377
PAY	2021	7	28	15	24	16.9	95.9	52	14.4	495	374.4641755	252	4	369
PAY	2021	7	28	16	24.1	17.2	95.87	49.9	14.08	540	686.1393716	193	3.4	353
PAY	2021	7	28	17	23.8	17	95.86	50	13.8	370	677.1712462	137	3.2	351
PAY	2021	7	28	18	21.5	17.1	95.88	64.9	14.48	168	674.341561	50	1.7	353
PAY	2021	7	28	19	20.6	16.7	95.91	66.1	13.82	62	0	0	1.2	365
PAY	2021	7	28	20	18.6	16.2	95.98	78.7	14.34	1	0	0	0.8	360
PAY	2021	7	28	21	17.2	15.8	96.02	84.3	14.06	0	0	0	0.7	346
PAY	2021	7	28	22	17.4	15.6	96.01	83.8	14.16	0	0	0	0.3	371
PAY	2021	7	28	23	16.6	15.3	96.01	86.2	13.84	0	0	0	1.4	341
PAY	2021	7	29	0	15.7	15	96.02	90.4	13.78	0	0	0	1.6	337
PAY	2021	7	29	1	14	14.3	96.02	95.6	13.12	0	0	0	1	325
PAY	2021	7	29	2	14.1	13.7	96.01	94.1	12.92	0	0	0	1.5	322
PAY	2021	7	29	3	13.4	13.3	96.01	96.1	12.62	0	0	0	1.6	319
PAY	2021	7	29	4	13.1	13	96.02	95.2	12.14	0	0	0	1.3	318
PAY	2021	7	29	5	14.3	13.4	96.03	94.3	13.16	14	0	39	1	351
PAY	2021	7	29	6	15.7	14.3	96.03	89.6	13.62	89	0	90	1	354
PAY	2021	7	29	7	19	15.5	96.04	75.4	14.08	310	324.9245261	161	0.6	352
PAY	2021	7	29	8	20.5	15.9	96.03	66.8	13.86	528	480.1474997	236	0.8	350
PAY	2021	7	29	9	20.6	16.3	96.01	64.7	13.54	473	401.5308447	179	0.7	369
PAY	2021	7	29	10	22.2	16.4	95.98	57.9	13.78	775	691.9992862	206	1.8	362
PAY	2021	7	29	11	23.1	16.9	95.92	54.4	13.98	894	630.6126726	344	1.6	357
PAY	2021	7	29	12	24.6	17.6	95.86	53	15.2	770	572.5537922	267	1.4	359
PAY	2021	7	29	13	25.9	17.6	95.81	40.3	13.96	906	773.0126042	256	2.5	353
PAY	2021	7	29	14	26.7	17.2	95.76	39.3	14.56	830	660.3140394	327	3.5	350
PAY	2021	7	29	15	27.1	16.8	95.71	34	13.9	715	682.0526255	274	3.8	348
PAY	2021	7	29	16	26.1	17.2	95.68	43.2	14.74	559	715.4761333	199	2.7	348
PAY	2021	7	29	17	26.3	18.5	95.63	46.7	15.64	392	808.7343985	116	1.9	354
PAY	2021	7	29	18	24.1	18.1	95.63	62.5	16.6	163	657.2099376	50	1.2	357
PAY	2021	7	29	19	21.9	18.4	95.65	69.8	15.86	44	0	0	1.1	357
PAY	2021	7	29	20	19.4	17.6	95.73	80.4	15.48	0	0	0	0.6	353
PAY	2021	7	29	21	19.2	17.1	95.74	83.3	15.86	0	0	0	0.7	376
PAY	2021	7	29	22	17.7	17	95.75	90.3	15.76	0	0	0	0.3	357
PAY	2021	7	29	23	17.3	16.5	95.75	89.6	15.22	0	0	0	0.9	363
PAY	2021	7	30	0	17.1	16.3	95.76	92.5	15.6	0	0	0	1	369
PAY	2021	7	30	1	16.6	16.4	95.71	97	16	0	0	0	1	381
PAY	2021	7	30	2	16.4	16.1	95.71	96.3	15.66	0	0	0	1.1	361
PAY	2021	7	30	3	16	16	95.69	98	15.6	0	0	0	0.9	365
PAY	2021	7	30	4	15.3	15.4	95.68	97.4	14.78	0	0	0	0.7	334
PAY	2021	7	30	5	15.4	14.8	95.69	96.7	14.74	22	0	60	0.4	329
PAY	2021	7	30	6	17.1	15.8	95.66	91	15.3	155	199.3396995	97	0.7	334
PAY	2021	7	30	7	17.9	16.6	95.72	90.6	16.02	167	0	216	0.9	376
PAY	2021	7	30	8	19.4	17.1	95.68	82.3	15.86	342	77.57566469	295	0.6	359
PAY	2021	7	30	9	21.2	17.8	95.66	75.2	16.24	456	199.9821695	310	0.5	360
PAY	2021	7	30	10	22.9	18.6	95.61	66.5	16.2	757	416.9598393	415	1.1	359
PAY	2021	7	30	11	25.5	19.2	95.54	55.8	16.66	859	482.6613098	439	1.9	367
PAY	2021	7	30	12	27.3	19.3	95.44	49.1	17.12	845	665.1421225	262	3.7	377
PAY	2021	7	30	13	20.1	18.5	95.49	84.2	16.94	190	0	335	4.2	407
PAY	2021	7	30	14	23.6	19.7	95.45	70.9	17.78	658	564.8335068	229	1.5	382
PAY	2021	7	30	15	23.8	19.8	95.47	65.4	16.88	499	513.8586111	168	2.8	393
PAY	2021	7	30	16	20.3	18.6	95.55	89.4	18.18	115	0	219	2.7	404
PAY	2021	7	30	17	21.1	18.9	95.52	82	17.5	231	354.6333348	111	2.4	378
PAY	2021	7	30	18	20.7	18.9	95.55	82.9	17.28	76	154.0300473	50	1.4	401
PAY	2021	7	30	19	19.7	18.3	95.63	83.4	16.38	23	0	0	1.7	402
PAY	2021	7	30	20	19.2	17.7	95.69	84.4	16.08	0	0	0	1.7	401
PAY	2021	7	30	21	18.5	17.1	95.68	86	15.7	0	0	0	1.5	385
PAY	2021	7	30	22	18.3	16.8	95.7	85.5	15.4	0	0	0	1.5	387
PAY	2021	7	30	23	18	16.3	95.72	82	14.4	0	0	0	1.6	388
PAY	2021	7	31	0	17.9	15.9	95.72	81.6	14.22	0	0	0	1.4	386
PAY	2021	7	31	1	17.6	15.5	95.69	79.2	13.44	0	0	0	1.3	385
PAY	2021	7	31	2	16.7	15.5	95.68	87.2	14.14	0	0	0	1.4	375
PAY	2021	7	31	3	16.2	15.2	95.65	88.5	13.9	0	0	0	1.2	358
PAY	2021	7	31	4	15.9	14.9	95.63	91.5	14.2	0	0	0	0.7	364
PAY	2021	7	31	5	15.3	14.6	95.64	93.1	13.92	19	0	48	0.7	341
PAY	2021	7	31	6	16.8	15.1	95.64	85.8	13.96	67	0	88	0.4	371
PAY	2021	7	31	7	18.4	16	95.65	79.3	14.26	188	160.9464332	115	0.4	366
PAY	2021	7	31	8	19.7	15.8	95.62	64.3	12.56	434	500.3844789	132	1	360
PAY	2021	7	31	9	20.7	16.2	95.59	61	12.9	657	704.7759184	144	1	356
PAY	2021	7	31	10	20.8	16.2	95.58	60.9	12.98	409	297.0137652	166	1.4	383
PAY	2021	7	31	11	21	16.3	95.58	56.1	12.22	460	344.4184841	161	1.8	386
PAY	2021	7	31	12	21.5	16.3	95.54	58.8	13.26	513	410.5539753	154	2.2	387
PAY	2021	7	31	13	21.8	16.3	95.5	56.2	13.04	528	443.4638943	157	2.4	378
PAY	2021	7	31	14	22.3	16.3	95.47	53.9	13.08	650	624.6719187	177	2.5	376
PAY	2021	7	31	15	22	16	95.43	53.5	12.7	495	559.5104634	136	1.9	376
PAY	2021	7	31	16	21.4	15.9	95.4	58.5	13.1	261	301.3470511	111	2	385
PAY	2021	7	31	17	20.6	16.1	95.39	62.1	13.02	76	0	85	2.1	394
PAY	2021	7	31	18	16.8	15.6	95.45	86.9	14.18	4	0	48	3.3	394
PAY	2021	7	31	19	15.3	14.9	95.49	94.6	14.22	0	0	0	1.9	389
PAY	2021	7	31	20	15.2	14.8	95.51	93.9	13.98	0	0	0	0.9	384
PAY	2021	7	31	21	15.1	14.6	95.56	95.9	14.28	0	0	0	1.4	379
PAY	2021	7	31	22	15	14.7	95.58	96	14.2	0	0	0	1.3	378
PAY	2021	7	31	23	14.9	14.5	95.59	96.5	14.2	0	0	0	0.9	382
PAY	2021	8	1	0	13.9	14	95.54	95.9	13.08	0	0	0	0.5	381
PAY	2021	8	1	1	13.9	13.6	95.48	96.6	13.22	0	0	0	0.7	379
PAY	2021	8	1	2	13.8	13.4	95.5	96.7	13.14	0	0	0	0.6	377
PAY	2021	8	1	3	13.6	13.3	95.45	94.5	12.5	0	0	0	1.1	372
PAY	2021	8	1	4	13.4	13.1	95.44	96.6	12.72	0	0	0	0.9	363
PAY	2021	8	1	5	13.4	13	95.47	96.1	12.62	3	0	16	1.2	360
PAY	2021	8	1	6	13.6	13	95.49	94.4	12.48	17	0	24	1.2	360
PAY	2021	8	1	7	13.9	13.1	95.54	93.8	12.66	43	0	219	1.5	365
PAY	2021	8	1	8	13.9	13.3	95.59	92.7	12.44	63	0	70	1.8	373
PAY	2021	8	1	9	13.9	13.1	95.62	86.8	11.26	130	0	159	1.9	367
PAY	2021	8	1	10	14	12.8	95.65	88	11.6	93	0	368	1.5	370
PAY	2021	8	1	11	14.4	13.3	95.64	88.9	12.18	164	0	389	0.7	375
PAY	2021	8	1	12	15.3	13.5	95.66	86.2	12.54	154	0	214	0.7	367
PAY	2021	8	1	13	14.8	13.5	95.68	88.7	12.54	187	0	224	1.3	367
PAY	2021	8	1	14	14.5	13.5	95.72	91.5	12.8	126	0	193	1.7	371
PAY	2021	8	1	15	14.9	13.8	95.77	91.2	13.14	155	59.46452861	117	1.8	370
PAY	2021	8	1	16	15.1	13.8	95.79	86.5	12.4	101	0	197	1.2	368
PAY	2021	8	1	17	15.4	13.7	95.79	81.8	11.76	144	57.17534657	125	1.3	360
PAY	2021	8	1	18	15.3	13.4	95.82	82.6	11.82	167	733.4953165	48	1.1	329
PAY	2021	8	1	19	14.4	13.3	95.86	92.1	12.82	47	0	0	0.7	332
PAY	2021	8	1	20	12.4	12.5	95.9	97.3	11.86	0	0	0	0.6	309
PAY	2021	8	1	21	11.5	11.5	95.92	96.3	10.76	0	0	0	0.7	303
PAY	2021	8	1	22	11.9	11.4	95.93	95.2	10.94	0	0	0	1.2	326
PAY	2021	8	1	23	11.9	11.4	95.92	94.6	10.82	0	0	0	1.7	338
PAY	2021	8	2	0	12	11.5	95.89	93	10.6	0	0	0	1.8	344
PAY	2021	8	2	1	11.9	11.3	95.88	93.6	10.62	0	0	0	0.8	327
PAY	2021	8	2	2	11.4	11.1	95.88	95.6	10.52	0	0	0	1.6	318
PAY	2021	8	2	3	11.2	10.9	95.89	94.2	10.04	0	0	0	1.7	327
PAY	2021	8	2	4	11.1	10.5	95.93	93.9	9.88	0	0	0	1.3	314
PAY	2021	8	2	5	10.6	10.2	95.98	95.4	9.68	9	0	16	1.6	305
PAY	2021	8	2	6	12.8	10.8	96	88.8	10.56	94	88.45682438	69	0.7	316
PAY	2021	8	2	7	14.2	12.4	96.01	87.6	11.72	203	0	212	0.8	335
PAY	2021	8	2	8	15.7	13.1	96.01	72.8	10.26	387	185.378498	276	0.9	325
PAY	2021	8	2	9	17	13.5	96.01	70.6	11.12	552	557.0774004	149	1	344
PAY	2021	8	2	10	18.2	13.8	96.01	59.7	10.14	574	527.1272419	145	1.1	351
PAY	2021	8	2	11	19	14	95.99	57.6	10.52	738	676.021066	154	1	348
PAY	2021	8	2	12	19	14.5	95.98	61.4	11.28	568	468.9152467	160	2	362
PAY	2021	8	2	13	19.6	14	95.97	54.1	10.42	667	632.1720478	141	1.5	348
PAY	2021	8	2	14	20.8	14.4	95.95	54.4	11.68	650	420.026469	334	2.2	357
PAY	2021	8	2	15	21.5	14.1	95.93	45.7	10.64	708	850.1499128	167	2.1	349
PAY	2021	8	2	16	20.5	14	95.92	48.3	10.16	432	601.6029546	136	2.6	338
PAY	2021	8	2	17	19.9	14.2	95.93	51.3	10.16	314	580.2972601	123	1.8	331
PAY	2021	8	2	18	18.6	15.1	95.94	72	13	108	390.3846113	46	0.5	334
PAY	2021	8	2	19	16.1	14.4	95.97	78.8	11.86	35	0	0	1	332
PAY	2021	8	2	20	15.6	13.7	96.03	81	11.8	0	0	0	0.6	350
PAY	2021	8	2	21	14.7	13.4	96.04	87.1	12.12	0	0	0	0.8	342
PAY	2021	8	2	22	13.1	12.7	96.05	90.9	11.28	0	0	0	1.2	314
PAY	2021	8	2	23	12.6	12.1	96.04	92.5	11.1	0	0	0	1.3	311
PAY	2021	8	3	0	12.2	11.7	96.02	92.7	10.74	0	0	0	0.7	309
PAY	2021	8	3	1	11.5	10.9	96	94.1	10.32	0	0	0	1	305
PAY	2021	8	3	2	11.4	11.2	96	94.4	10.28	0	0	0	1.3	312
PAY	2021	8	3	3	11.4	10.9	95.94	94.2	10.24	0	0	0	1.6	325
PAY	2021	8	3	4	11.7	11	95.93	92	10.1	0	0	0	2.2	328
PAY	2021	8	3	5	11.5	10.9	95.94	93.3	10.16	9	0	51	1.8	323
PAY	2021	8	3	6	13.2	11.5	95.94	84.2	10.04	95	0	103	1.8	328
PAY	2021	8	3	7	13.9	12.3	95.96	87.3	11.36	117	0	221	0.5	340
PAY	2021	8	3	8	15.3	13	95.93	79.2	11.14	204	0	290	1	347
PAY	2021	8	3	9	17.3	13.8	95.89	71.3	11.56	301	80.43044986	243	1.4	351
PAY	2021	8	3	10	18.4	14.9	95.88	72.5	12.9	503	205.7599799	336	1.2	354
PAY	2021	8	3	11	17.3	14.5	95.91	73.6	12.02	205	0	389	3	377
PAY	2021	8	3	12	18.9	14.4	95.85	62.4	11.38	261	0	413	2.4	373
PAY	2021	8	3	13	20	14.7	95.82	57.8	11.56	417	330.2490648	143	3.2	373
PAY	2021	8	3	14	19.5	14.8	95.81	59.1	11.32	216	0	264	3.1	374
PAY	2021	8	3	15	17.2	14.3	95.88	72.4	11.68	116	0	123	3.7	376
PAY	2021	8	3	16	17.2	14.8	95.88	77.4	12.68	102	0	164	0.8	373
PAY	2021	8	3	17	15.2	13.5	95.93	78	10.8	54	0	89	2.2	375
PAY	2021	8	3	18	13.8	12.5	95.95	80.9	9.98	24	0	49	2	371
PAY	2021	8	3	19	13.2	11.9	95.98	87.7	10.74	0	0	0	2.4	369
PAY	2021	8	3	20	12.8	12.2	96	94.6	11.72	0	0	0	1.4	366
PAY	2021	8	3	21	12.8	12.4	96.04	96.8	12.16	0	0	0	0.5	367
PAY	2021	8	3	22	12.7	12.5	96.03	97.6	12.22	0	0	0	0.2	366
PAY	2021	8	3	23	12.8	12.6	95.98	96.7	12.14	0	0	0	0.6	370
PAY	2021	8	4	0	12.9	12.6	95.95	97.5	12.4	0	0	0	0.4	373
PAY	2021	8	4	1	13.1	12.7	95.91	97.7	12.64	0	0	0	0.3	373
PAY	2021	8	4	2	13.2	12.8	95.86	95.7	12.34	0	0	0	0.5	371
PAY	2021	8	4	3	13.3	13	95.81	95.6	12.42	0	0	0	0.3	372
PAY	2021	8	4	4	13.3	13	95.78	95.8	12.46	0	0	0	0.2	371
PAY	2021	8	4	5	13.3	13.1	95.78	97.8	12.86	4	0	52	0.4	370
PAY	2021	8	4	6	13.6	13.2	95.77	94.9	12.58	30	0	122	0.6	369
PAY	2021	8	4	7	13.8	13.3	95.78	95.4	12.88	48	0	190	0.7	369
PAY	2021	8	4	8	14.1	13.6	95.78	93.8	12.86	106	0	285	1.4	375
PAY	2021	8	4	9	14.1	13.6	95.77	94.9	13.08	110	0	360	1.5	380
PAY	2021	8	4	10	14.3	13.8	95.74	96	13.5	140	0	320	1.4	381
PAY	2021	8	4	11	14.9	14.5	95.72	94.7	13.84	234	0	295	1.7	383
PAY	2021	8	4	12	14.8	14.3	95.7	96.9	14.18	100	0	430	1.8	384
PAY	2021	8	4	13	14.9	14.3	95.66	95.5	14	123	0	323	1.6	383
PAY	2021	8	4	14	15	14.3	95.65	95.3	14.06	133	0	197	1.4	384
PAY	2021	8	4	15	14.9	14.5	95.63	96.6	14.22	109	0	288	1.8	385
PAY	2021	8	4	16	14.6	14.4	95.62	95.8	13.76	88	0	122	1.6	384
PAY	2021	8	4	17	14.5	14.1	95.62	96.6	13.82	44	0	54	0.6	383
PAY	2021	8	4	18	14.6	14.2	95.63	96.8	13.96	32	0	44	0.3	379
PAY	2021	8	4	19	14.3	14.1	95.66	96.9	13.68	9	0	0	1	378
PAY	2021	8	4	20	14.1	13.9	95.72	97.2	13.54	0	0	0	0.9	371
PAY	2021	8	4	21	13.5	13.5	95.74	97.1	12.92	0	0	0	1.2	337
PAY	2021	8	4	22	12.9	12.9	95.74	97.9	12.48	0	0	0	0.8	321
PAY	2021	8	4	23	13.6	12.7	95.74	95.4	12.68	0	0	0	1.1	350
PAY	2021	8	5	0	13.3	13.2	95.7	97	12.7	0	0	0	0.9	366
PAY	2021	8	5	1	13.5	13.2	95.68	97.4	12.98	0	0	0	0.2	367
PAY	2021	8	5	2	13.3	13.3	95.64	98.5	13	0	0	0	0.4	356
PAY	2021	8	5	3	13.2	12.9	95.63	98.4	12.88	0	0	0	0.2	354
PAY	2021	8	5	4	13.1	13.1	95.6	98.5	12.8	0	0	0	0.3	355
PAY	2021	8	5	5	13.7	13.2	95.6	98.3	13.36	9	0	22	0.7	373
PAY	2021	8	5	6	14.3	13.9	95.59	97.4	13.78	87	0	132	0.6	364
PAY	2021	8	5	7	16.3	14.6	95.6	87.7	13.84	247	267.907554	129	0.6	353
PAY	2021	8	5	8	16.9	15.3	95.57	84.8	13.86	283	241.8171408	140	1.6	366
PAY	2021	8	5	9	17.2	15.6	95.59	82.6	13.72	301	50.25131651	265	2.3	378
PAY	2021	8	5	10	16	15	95.61	89.6	13.92	188	0	202	2.8	383
PAY	2021	8	5	11	16	15	95.61	87.6	13.52	210	0	312	2.7	386
PAY	2021	8	5	12	16.9	15	95.59	87.2	14.34	293	49.81870799	250	2.5	382
PAY	2021	8	5	13	17.5	15.3	95.57	76.9	12.88	284	0	328	2.8	383
PAY	2021	8	5	14	19.5	15.7	95.49	75.8	14.66	521	380.1375652	238	3.1	361
PAY	2021	8	5	15	20.9	16.3	95.46	59.9	12.88	705	662.598288	289	4	334
PAY	2021	8	5	16	21	16	95.4	57.5	12.5	551	770.5879478	179	4.1	338
PAY	2021	8	5	17	20.6	15.3	95.38	55.5	11.7	375	824.2055596	112	3.7	330
PAY	2021	8	5	18	19.3	15	95.42	61.5	11.6	176	885.0403768	45	3.1	328
PAY	2021	8	5	19	16.8	14.4	95.47	73.8	11.56	31	0	0	1.9	322
PAY	2021	8	5	20	14.6	13.5	95.5	87.8	12.16	0	0	0	1.8	329
PAY	2021	8	5	21	14.9	13.4	95.48	83.8	11.66	0	0	0	2	329
PAY	2021	8	5	22	15.6	13.4	95.45	79.9	11.58	0	0	0	2.3	359
PAY	2021	8	5	23	15.9	13.8	95.38	79.5	11.8	0	0	0	1.1	375
PAY	2021	8	6	0	15.1	13.8	95.34	84.8	12.06	0	0	0	1	367
PAY	2021	8	6	1	16.2	13.8	95.3	77	11.6	0	0	0	2.2	375
PAY	2021	8	6	2	16.4	14	95.27	79.6	12.32	0	0	0	2.1	375
PAY	2021	8	6	3	16.5	14.3	95.29	79.2	12.34	0	0	0	3	358
PAY	2021	8	6	4	16.9	14.3	95.34	75.1	11.92	0	0	0	4	353
PAY	2021	8	6	5	16.6	14	95.35	73.5	11.3	5	0	49	3	368
PAY	2021	8	6	6	17.4	13.6	95.39	65.7	10.54	47	0	130	2.5	374
PAY	2021	8	6	7	17	13.4	95.42	70.4	11.08	92	0	173	3	365
PAY	2021	8	6	8	18.7	13.9	95.42	58.1	10.32	290	6.793362845	286	3	359
PAY	2021	8	6	9	19.5	13.9	95.41	53.6	10.22	277	0	288	2.9	354
PAY	2021	8	6	10	21.4	14.3	95.41	49.9	11.38	546	205.0501392	381	4.4	348
PAY	2021	8	6	11	21.9	14.8	95.37	51.4	12.18	634	348.6498267	336	4.4	347
PAY	2021	8	6	12	23	15.4	95.35	45.7	12.14	816	507.7355281	379	4.9	362
PAY	2021	8	6	13	23.2	15.6	95.31	43	11.8	768	473.157945	379	5.1	367
PAY	2021	8	6	14	24.2	15.7	95.28	43.7	12.94	815	645.8199768	336	4.2	352
PAY	2021	8	6	15	24.5	15.8	95.26	43.6	13.22	709	797.0230766	211	3.4	344
PAY	2021	8	6	16	23.6	15.9	95.23	44.7	12.54	435	567.2746494	163	2.3	359
PAY	2021	8	6	17	22.5	16	95.23	51.3	12.76	283	624.2695484	86	2.3	361
PAY	2021	8	6	18	21.3	15.6	95.23	52.6	11.82	99	554.6441953	19	1.2	365
PAY	2021	8	6	19	18.4	15.9	95.27	76.4	13.68	16	0	0	0.4	365
PAY	2021	8	6	20	17.7	15.4	95.3	76.8	13.06	0	0	0	0.8	373
PAY	2021	8	6	21	16.4	15.2	95.29	83.8	13.16	0	0	0	0.3	348
PAY	2021	8	6	22	14.4	14.3	95.29	93.5	13.1	0	0	0	0.3	334
PAY	2021	8	6	23	15.4	13.8	95.3	82.9	11.98	0	0	0	0.6	342
PAY	2021	8	7	0	14.6	13.7	95.25	91.8	12.96	0	0	0	0.8	357
PAY	2021	8	7	1	13.9	13.6	95.23	93.5	12.6	0	0	0	0.8	342
PAY	2021	8	7	2	14.3	13.4	95.22	91.8	12.66	0	0	0	0.5	350
PAY	2021	8	7	3	14.4	13.5	95.19	90.6	12.52	0	0	0	0.7	361
PAY	2021	8	7	4	14.2	13.6	95.14	93.2	12.84	0	0	0	0.4	356
PAY	2021	8	7	5	14.6	13.6	95.15	90.8	12.76	3	0	40	0.7	364
PAY	2021	8	7	6	14.8	13.9	95.16	93.2	13.44	13	0	122	1	368
PAY	2021	8	7	7	15.8	14.4	95.09	90.7	13.94	46	0	212	0.8	369
PAY	2021	8	7	8	17.9	15.1	95.07	76.9	13.28	302	81.87938988	254	0.7	356
PAY	2021	8	7	9	18.1	15.5	95.09	75.5	13.2	377	36.54182431	351	2.2	371
PAY	2021	8	7	10	19.1	15.6	95.06	72.1	13.52	270	0	394	1.5	379
PAY	2021	8	7	11	15.2	15	95.17	88.4	12.88	121	0	376	2.9	386
PAY	2021	8	7	12	14.6	13.9	95.21	92.7	13.14	41	0	423	2.4	381
PAY	2021	8	7	13	14.8	13.8	95.21	90	12.8	39	0	328	2.1	379
PAY	2021	8	7	14	14.5	14.1	95.32	96.8	13.86	42	0	339	1.4	381
PAY	2021	8	7	15	14.6	14.1	95.28	96.5	13.9	48	0	265	0.7	382
PAY	2021	8	7	16	14.7	14.3	95.37	95.5	13.8	32	0	182	0.7	380
PAY	2021	8	7	17	14.9	14.3	95.45	94.5	13.8	35	0	91	1	383
PAY	2021	8	7	18	15.3	14.4	95.44	92.8	13.86	86	327.7062677	40	3.7	378
PAY	2021	8	7	19	14.9	14.2	95.42	91.5	13.2	22	0	0	1.4	336
PAY	2021	8	7	20	13.2	13.5	95.47	98.4	12.88	0	0	0	1.1	316
PAY	2021	8	7	21	13.5	13.2	95.53	94.1	12.32	0	0	0	1.2	320
PAY	2021	8	7	22	13.5	13	95.56	94.7	12.44	0	0	0	1.3	327
PAY	2021	8	7	23	13.3	12.9	95.62	94.3	12.16	0	0	0	1.7	312
PAY	2021	8	8	0	14.3	13.2	95.64	92.6	12.82	0	0	0	1.7	356
PAY	2021	8	8	1	14.1	13.5	95.66	94.3	12.96	0	0	0	1.3	362
PAY	2021	8	8	2	14.1	13.6	95.65	93.1	12.72	0	0	0	1.3	358
PAY	2021	8	8	3	14.2	13.4	95.66	91.7	12.54	0	0	0	1.7	346
PAY	2021	8	8	4	13.7	12.7	95.69	85	10.7	0	0	0	2.3	354
PAY	2021	8	8	5	13.4	11.9	95.72	83.9	10.18	4	0	46	2.3	362
PAY	2021	8	8	6	13.9	11.9	95.75	78.8	9.66	52	0	101	2.4	350
PAY	2021	8	8	7	14.8	12.1	95.8	76.1	10.02	153	0	211	2	350
PAY	2021	8	8	8	15.8	12.7	95.83	71.5	10.1	276	0	293	2.4	360
PAY	2021	8	8	9	17.2	13.1	95.85	62.7	9.74	426	95.90851425	358	2.2	347
PAY	2021	8	8	10	18.6	13.6	95.86	57.5	10.1	669	528.8728709	246	2.8	350
PAY	2021	8	8	11	18.5	13.9	95.88	56.3	9.76	571	223.5764119	381	3.3	371
PAY	2021	8	8	12	18.9	13.7	95.91	53.5	9.6	437	19.86894862	420	3.5	368
PAY	2021	8	8	13	20	13.8	95.91	52.7	10.54	535	288.9466402	299	3.2	352
PAY	2021	8	8	14	21.5	14	95.93	42.8	10.06	620	380.4789611	340	4	354
PAY	2021	8	8	15	21.7	13.8	95.97	41.9	10.08	716	952.2004137	127	4.9	332
PAY	2021	8	8	16	20.9	13.7	96	44.1	9.72	364	520.4107315	118	3.6	334
PAY	2021	8	8	17	20.8	14.2	96.02	46.7	10.14	350	749.3827351	119	2.6	332
PAY	2021	8	8	18	19.6	13.6	96.06	47.9	9.18	183	1000	36	2.7	333
PAY	2021	8	8	19	16.5	13.2	96.13	67	9.9	34	0	0	1.4	322
PAY	2021	8	8	20	14.3	12.5	96.18	77.7	9.84	0	0	0	1	313
PAY	2021	8	8	21	13.1	11.8	96.21	82.7	9.64	0	0	0	0.8	305
PAY	2021	8	8	22	12.3	11.2	96.23	85.4	9.38	0	0	0	0.8	301
PAY	2021	8	8	23	11.4	10.7	96.26	91.4	9.68	0	0	0	1.1	300
PAY	2021	8	9	0	10.5	10.4	96.27	94	9.3	0	0	0	0.7	301
PAY	2021	8	9	1	10.7	10.3	96.25	93.1	9.32	0	0	0	0.8	299
PAY	2021	8	9	2	10.1	9.9	96.26	94.6	9.02	0	0	0	0.6	306
PAY	2021	8	9	3	10.3	9.8	96.26	94.6	9.22	0	0	0	1.1	316
PAY	2021	8	9	4	10.5	10	96.26	94.2	9.34	0	0	0	0.9	328
PAY	2021	8	9	5	10.5	9.9	96.29	95.9	9.68	15	0	37	0.8	316
PAY	2021	8	9	6	12.3	10.9	96.3	88.5	10	108	0	126	0.5	318
PAY	2021	8	9	7	13.6	12	96.32	86.2	10.84	173	16.30330812	166	1.1	320
PAY	2021	8	9	8	14.8	12.8	96.32	77.1	10.22	321	165.2443905	225	0.7	327
PAY	2021	8	9	9	16.7	13.2	96.34	71.2	10.94	515	250.543695	338	0.7	328
PAY	2021	8	9	10	18.2	13.9	96.36	61.9	10.58	606	348.6728227	328	0.7	333
PAY	2021	8	9	11	19.5	14.5	96.36	59.4	11.38	566	210.0824394	388	1	350
PAY	2021	8	9	12	19.9	14.8	96.37	60.8	12.06	418	284.8857748	175	1.1	368
PAY	2021	8	9	13	20.6	15.2	96.36	60.7	12.74	375	192.8825188	218	0.9	372
PAY	2021	8	9	14	20.8	15.5	96.37	54.7	11.74	460	369.7584526	189	1	369
PAY	2021	8	9	15	21.6	15.3	96.33	48	11.2	341	212.8986908	210	0.8	373
PAY	2021	8	9	16	21.1	14.4	96.32	46	10.3	269	355.9362706	102	1.4	373
PAY	2021	8	9	17	18.5	15.3	96.31	75.5	13.6	49	0	82	0.4	383
PAY	2021	8	9	18	18	15.2	96.29	76.3	13.26	41	30.21691345	37	0.6	376
PAY	2021	8	9	19	16.1	14.9	96.29	88.9	13.88	14	0	0	0.4	346
PAY	2021	8	9	20	14.4	13.9	96.3	91.1	12.62	0	0	0	0.9	338
PAY	2021	8	9	21	14	13.3	96.31	91.4	12.28	0	0	0	0.6	321
PAY	2021	8	9	22	13	12.5	96.33	92	11.4	0	0	0	0.6	316
PAY	2021	8	9	23	12.2	11.9	96.34	94.4	11.08	0	0	0	0.9	313
PAY	2021	8	10	0	11.5	11.4	96.33	95.4	10.58	0	0	0	0.5	310
PAY	2021	8	10	1	11.7	11	96.32	94.3	10.56	0	0	0	1.1	316
PAY	2021	8	10	2	11.4	10.9	96.32	95.4	10.48	0	0	0	1.3	322
PAY	2021	8	10	3	11.7	11.2	96.31	93.3	10.36	0	0	0	1.7	330
PAY	2021	8	10	4	11.2	11.1	96.32	96	10.4	0	0	0	1	321
PAY	2021	8	10	5	11.7	11.1	96.32	95.2	10.74	16	0	40	0.6	319
PAY	2021	8	10	6	13.4	11.9	96.33	91	11.6	119	146.7429257	81	0.6	324
PAY	2021	8	10	7	15.7	13.3	96.33	80.7	11.84	270	393.8944781	102	0.3	321
PAY	2021	8	10	8	17.8	14.4	96.32	72.4	12.28	439	555.104188	118	0.7	326
PAY	2021	8	10	9	19.6	15.1	96.3	65	12.6	613	669.1506582	142	0.9	333
PAY	2021	8	10	10	21	16	96.28	58.3	12.66	785	831.7015661	124	1.4	347
PAY	2021	8	10	11	22.7	17.1	96.24	57.7	14.24	856	768.3235077	207	1.1	349
PAY	2021	8	10	12	24.3	17.8	96.21	54.6	15.22	866	846.7823021	146	1.1	355
PAY	2021	8	10	13	25.2	18.8	96.18	52.5	15.7	855	734.8008906	259	1.3	360
PAY	2021	8	10	14	28	18.6	96.12	36.5	15.3	768	596.0284334	333	2.4	364
PAY	2021	8	10	15	28.6	17.9	96.09	36.3	15.86	689	673.2203839	277	3.7	366
PAY	2021	8	10	16	28.1	17.5	96.08	36	15.3	516	678.7198766	200	3.3	365
PAY	2021	8	10	17	27.1	18	96.07	42.3	15.56	313	678.6575965	109	2.7	364
PAY	2021	8	10	18	25.3	18.3	96.08	51.6	15.62	163	1000	31	1.6	360
PAY	2021	8	10	19	22.7	17.7	96.13	56.8	14.06	25	0	0	1.4	356
PAY	2021	8	10	20	20.7	16.8	96.2	66.3	13.96	0	0	0	1.2	353
PAY	2021	8	10	21	17	16.1	96.21	85	14	0	0	0	0.5	348
PAY	2021	8	10	22	17.2	15.3	96.24	79.5	13.1	0	0	0	0.6	338
PAY	2021	8	10	23	16.4	14.9	96.25	84.9	13.38	0	0	0	0.6	351
PAY	2021	8	11	0	15.8	14.6	96.26	85.3	12.86	0	0	0	0.9	336
PAY	2021	8	11	1	14.9	13.8	96.27	87.5	12.4	0	0	0	1.2	333
PAY	2021	8	11	2	14.7	13.7	96.26	90.6	12.82	0	0	0	0.9	331
PAY	2021	8	11	3	14.8	13.6	96.26	87.9	12.38	0	0	0	0.6	350
PAY	2021	8	11	4	14	13.4	96.27	91.8	12.36	0	0	0	1.1	345
PAY	2021	8	11	5	14	13.3	96.32	92.5	12.5	7	0	39	1.5	337
PAY	2021	8	11	6	15	13.7	96.35	88	12.6	61	0	83	1.4	342
PAY	2021	8	11	7	17.6	14.8	96.37	79	13.4	199	221.89199	105	1.3	337
PAY	2021	8	11	8	20.2	16.1	96.38	67.4	13.68	441	557.7300361	120	0.8	337
PAY	2021	8	11	9	22.5	17	96.37	60.7	14.64	617	684.4915797	137	1	343
PAY	2021	8	11	10	23.7	17.6	96.35	56.3	14.96	750	771.3130983	139	1.2	350
PAY	2021	8	11	11	25.5	18.1	96.32	49.3	15.36	842	826.5535425	146	0.9	356
PAY	2021	8	11	12	27.1	18.7	96.28	46.4	16.38	868	869.5973453	131	1.2	364
PAY	2021	8	11	13	27.6	19.3	96.27	44.9	16.58	847	864.915895	148	1.3	370
PAY	2021	8	11	14	28.7	20	96.23	43.2	17.34	760	862.8343901	133	1.1	375
PAY	2021	8	11	15	28.9	20.4	96.2	46.1	18.12	655	870.8930983	125	1.2	378
PAY	2021	8	11	16	28.8	20.4	96.17	46	18	493	835.6862966	107	1.6	379
PAY	2021	8	11	17	28.2	20.1	96.17	46.2	17.44	328	839.4133023	79	1.3	377
PAY	2021	8	11	18	26.4	19.9	96.18	58.1	18.02	156	983.5232686	34	1.1	372
PAY	2021	8	11	19	22.6	20.2	96.22	77.6	18.12	23	0	0	0.8	366
PAY	2021	8	11	20	20	19	96.31	84.8	16.96	0	0	0	0.8	356
PAY	2021	8	11	21	19.4	18.1	96.35	87.4	16.88	0	0	0	0.7	352
PAY	2021	8	11	22	18	17.5	96.37	92.7	16.54	0	0	0	0.7	349
PAY	2021	8	11	23	17.6	16.7	96.38	92.1	16.02	0	0	0	1.2	343
PAY	2021	8	12	0	16.5	16.2	96.39	94.6	15.42	0	0	0	1	341
PAY	2021	8	12	1	16.1	15.9	96.39	95.1	15.12	0	0	0	0.8	340
PAY	2021	8	12	2	15.9	15.4	96.38	96.2	15.14	0	0	0	1	339
PAY	2021	8	12	3	15.3	15.3	96.35	97.3	14.76	0	0	0	0.4	345
PAY	2021	8	12	4	15.6	15.1	96.35	95.3	14.66	0	0	0	0.4	349
PAY	2021	8	12	5	15.8	15.1	96.36	95.4	14.88	8	0	37	0.6	345
PAY	2021	8	12	6	16.9	15.7	96.39	91.6	15.22	89	0	105	0.8	344
PAY	2021	8	12	7	19.2	17	96.38	84.8	16.16	210	247.1956613	106	1.1	346
PAY	2021	8	12	8	21	17.9	96.4	76.4	16.28	433	651.198128	60	0.7	346
PAY	2021	8	12	9	22.9	18.3	96.37	66.2	16.14	611	479.5422668	276	0.8	351
PAY	2021	8	12	10	25.1	19.1	96.37	57.5	16.6	743	734.6355002	163	0.8	358
PAY	2021	8	12	11	26.6	19.2	96.33	50.1	16.62	833	811.3424371	152	0.8	365
PAY	2021	8	12	12	27.2	20.3	96.31	53.4	17.88	857	681.9015708	281	1.4	374
PAY	2021	8	12	13	29	20.8	96.26	48.8	18.76	845	665.6996503	309	0.9	378
PAY	2021	8	12	14	29.5	21.7	96.26	53.5	20.2	739	894.3350128	92	1.5	385
PAY	2021	8	12	15	30	22	96.24	49.9	19.98	640	628.0192781	260	1.5	389
PAY	2021	8	12	16	30.1	22.2	96.14	51.7	20.44	444	602.4542444	168	1.6	390
PAY	2021	8	12	17	28.3	22.2	96.22	66.5	21.6	202	317.846298	109	0.8	395
PAY	2021	8	12	18	25.1	22.6	96.24	79.7	21.04	74	342.3703666	33	0.7	392
PAY	2021	8	12	19	23.8	21.7	96.26	80.5	19.9	8	0	0	0.9	398
PAY	2021	8	12	20	21.9	18.4	96.53	72.7	16.44	0	0	0	7	407
PAY	2021	8	12	21	21.3	18	96.56	71.6	15.62	0	0	0	2.8	386
PAY	2021	8	12	22	20	17.8	96.64	81.4	16.28	0	0	0	1.3	382
PAY	2021	8	12	23	20	17.5	96.62	77.6	15.52	0	0	0	1.7	369
PAY	2021	8	13	0	20.2	17	96.63	71.1	14.42	0	0	0	2.3	361
PAY	2021	8	13	1	19	16.6	96.61	75.9	14.18	0	0	0	2.5	350
PAY	2021	8	13	2	17.5	16	96.62	82.6	14.02	0	0	0	1.2	344
PAY	2021	8	13	3	16.1	15.4	96.64	90.1	14.12	0	0	0	0.5	343
PAY	2021	8	13	4	17.3	15.2	96.64	81.6	13.62	0	0	0	0.4	343
PAY	2021	8	13	5	15.6	14.9	96.68	93	14.2	7	0	39	0.6	341
PAY	2021	8	13	6	18.7	15.8	96.7	77	14.1	93	44.06922121	82	0.8	343
PAY	2021	8	13	7	20.6	16.7	96.7	70.3	14.66	240	308.7748319	111	1	351
PAY	2021	8	13	8	22.6	17.2	96.71	60.7	14.74	381	307.0179082	206	0.7	361
PAY	2021	8	13	9	24.7	17.9	96.73	56.6	16.02	565	495.7788696	220	0.8	365
PAY	2021	8	13	10	25.9	19	96.72	52.5	16.4	706	681.2310401	170	1.1	371
PAY	2021	8	13	11	26.8	19.4	96.69	49.3	16.66	773	741.101085	153	1.3	380
PAY	2021	8	13	12	28.2	20.8	96.65	54	19	832	761.4531105	191	1.4	386
PAY	2021	8	13	13	28.6	21.1	96.65	51.6	18.92	663	558.5375633	215	1.3	393
PAY	2021	8	13	14	29.7	21.2	96.6	47.6	19.22	698	624.883336	248	1.1	395
PAY	2021	8	13	15	29.5	22.1	96.58	53.8	20.26	445	304.2378112	262	1.6	407
PAY	2021	8	13	16	29.5	21.9	96.55	49.1	19.32	475	801.2788092	111	1.4	395
PAY	2021	8	13	17	29.1	21.8	96.54	51.8	19.46	294	762.6446572	74	1.4	397
PAY	2021	8	13	18	26.8	21.9	96.52	68.3	20.46	124	814.6876128	30	0.9	394
PAY	2021	8	13	19	24.3	21.9	96.55	77.2	19.74	20	0	0	0.5	394
PAY	2021	8	13	20	22.5	21	96.59	81.9	18.88	0	0	0	0.4	383
PAY	2021	8	13	21	20.8	20.2	96.61	91.1	19.02	0	0	0	0.5	378
PAY	2021	8	13	22	20.7	19.8	96.64	90.8	18.86	0	0	0	0.4	375
PAY	2021	8	13	23	19.7	19.3	96.62	93.3	18.36	0	0	0	0.6	371
PAY	2021	8	14	0	19.7	18.8	96.62	92.1	18.12	0	0	0	1.5	367
PAY	2021	8	14	1	18.8	18.5	96.59	95	17.8	0	0	0	1.6	366
PAY	2021	8	14	2	18.5	18.3	96.58	96.1	17.72	0	0	0	0.9	368
PAY	2021	8	14	3	18.3	18	96.57	96.1	17.52	0	0	0	0.5	362
PAY	2021	8	14	4	17.8	17.7	96.57	97.9	17.38	0	0	0	0.7	372
PAY	2021	8	14	5	17.6	17.3	96.58	96.5	16.9	7	0	37	0.8	357
PAY	2021	8	14	6	19.2	17.8	96.58	89	17	85	0	89	1.2	365
PAY	2021	8	14	7	20.8	18.6	96.59	82.2	17.24	208	19.28582534	200	0.9	364
PAY	2021	8	14	8	22.3	19.4	96.56	77.7	17.84	382	356.1514418	180	0.8	365
PAY	2021	8	14	9	25	20	96.52	67.6	18.52	590	356.3564507	343	0.5	369
PAY	2021	8	14	10	25.9	20.5	96.48	61.1	18.12	719	420.8825543	389	0.9	377
PAY	2021	8	14	11	27.4	21	96.42	55.1	18.42	798	502.5301982	379	0.9	384
PAY	2021	8	14	12	28.1	21.4	96.37	57	19.5	831	501.8697054	410	1.1	389
PAY	2021	8	14	13	29.3	22	96.32	52.1	19.72	818	544.4636545	383	1	394
PAY	2021	8	14	14	30.3	22.6	96.29	51.1	20.52	732	835.7159798	133	1.5	398
PAY	2021	8	14	15	30.7	22.9	96.24	50.2	20.74	628	829.6399436	132	0.8	402
PAY	2021	8	14	16	30.1	23.4	96.22	54.3	20.96	437	723.8977106	111	1.5	404
PAY	2021	8	14	17	29.6	22.8	96.2	56.4	20.88	325	879.4652275	75	1.9	404
PAY	2021	8	14	18	27.8	22.9	96.19	63.5	20.5	134	946.5422428	29	1.1	402
PAY	2021	8	14	19	25	22.6	96.19	80.6	21.12	17	0	0	0.9	394
PAY	2021	8	14	20	23.3	22	96.22	86.9	20.68	0	0	0	0.4	386
PAY	2021	8	14	21	22.4	21.3	96.22	89.3	20.26	0	0	0	0.8	378
PAY	2021	8	14	22	22	20.9	96.22	89.8	19.96	0	0	0	1.2	372
PAY	2021	8	14	23	20.9	20.4	96.21	93.1	19.52	0	0	0	1.8	368
PAY	2021	8	15	0	20.4	19.8	96.18	92	18.8	0	0	0	1.9	363
PAY	2021	8	15	1	19.1	19	96.15	95.9	18.28	0	0	0	1	360
PAY	2021	8	15	2	19	18.5	96.11	93.9	17.78	0	0	0	0.8	363
PAY	2021	8	15	3	18.7	18.2	96.11	93.4	17.38	0	0	0	0.8	363
PAY	2021	8	15	4	18.2	17.9	96.07	95.1	17.22	0	0	0	0.5	365
PAY	2021	8	15	5	18.3	17.6	96.04	93.4	16.98	8	0	36	0.7	361
PAY	2021	8	15	6	19.7	17.9	96.05	87.6	17.22	82	0	113	0.8	360
PAY	2021	8	15	7	21.8	18.4	96.05	74.1	16.62	229	101.9871551	187	0.7	371
PAY	2021	8	15	8	23.5	19.3	96.05	67.5	17	421	501.4921214	138	0.8	375
PAY	2021	8	15	9	24.8	19.8	96.04	60.5	16.9	532	414.2902418	246	0.8	391
PAY	2021	8	15	10	25.9	20.9	95.99	67.7	19.44	692	701.4179129	144	1.2	405
PAY	2021	8	15	11	29.3	21.5	95.92	50.2	19.34	808	743.7604079	190	1.6	400
PAY	2021	8	15	12	30.3	22	95.87	50	20.3	835	516.8381695	403	4.2	398
PAY	2021	8	15	13	31.2	22.4	95.81	46.8	20.56	825	697.4655113	270	6.4	398
PAY	2021	8	15	14	31.6	22	95.78	41.2	19.84	785	671.5345399	306	5.8	399
PAY	2021	8	15	15	29.2	21.3	95.81	52.2	19.64	230	143.0693995	145	4.2	409
PAY	2021	8	15	16	30.3	21.2	95.73	41	18.5	303	450.3444303	102	2.9	413
PAY	2021	8	15	17	29.7	20.8	95.69	45.5	18.8	302	825.0683579	71	2.6	396
PAY	2021	8	15	18	28.1	21.3	95.7	53.4	18.78	137	1000	25	2.3	391
PAY	2021	8	15	19	26.7	20.4	95.76	52.9	17.28	17	0	0	2.4	383
PAY	2021	8	15	20	23.4	19.4	95.81	67.3	16.86	0	0	0	2.5	371
PAY	2021	8	15	21	21.6	19.1	95.84	77.3	17.06	0	0	0	0.9	370
PAY	2021	8	15	22	21.1	18.9	95.79	80.1	17.12	0	0	0	0.8	387
PAY	2021	8	15	23	21.4	19	95.79	79.9	17.38	0	0	0	1.1	406
PAY	2021	8	16	0	21.8	19	95.84	75.9	16.98	0	0	0	1.7	389
PAY	2021	8	16	1	21.8	18.4	95.85	70.9	15.98	0	0	0	4.3	398
PAY	2021	8	16	2	20	18	95.89	82.7	16.54	0	0	0	4	396
PAY	2021	8	16	3	20.2	18	95.89	81.2	16.44	0	0	0	3.8	399
PAY	2021	8	16	4	20	17.9	95.88	80.4	16.08	0	0	0	3.3	394
PAY	2021	8	16	5	19.9	17.4	95.88	77	15.3	0	0	35	2.5	402
PAY	2021	8	16	6	19.8	17.1	95.89	74.1	14.62	9	0	94	2.2	402
PAY	2021	8	16	7	19.6	16.8	95.91	76.3	14.86	30	0	127	2	399
PAY	2021	8	16	8	19.5	16.8	95.94	74.7	14.44	69	0	180	2.7	396
PAY	2021	8	16	9	20.2	15.9	95.97	61.5	12.5	104	0	159	2.9	395
PAY	2021	8	16	10	19.5	15.3	96.01	61.8	11.86	110	0	143	3.9	393
PAY	2021	8	16	11	20.7	15	96	53.8	11.46	490	408.2179871	152	4.9	380
PAY	2021	8	16	12	22.2	14.7	96	44	11	836	834.5572878	141	5.9	342
PAY	2021	8	16	13	21.4	14.1	96.01	43.1	10.02	656	647.35498	143	6.5	368
PAY	2021	8	16	14	20.5	13.6	96.08	44.3	9.36	656	732.644254	136	7	334
PAY	2021	8	16	15	20.8	13.4	96.14	41.9	9.18	496	618.3228627	131	6.1	360
PAY	2021	8	16	16	21.2	13.4	96.19	43.3	9.86	568	1000	109	5.2	351
PAY	2021	8	16	17	19.4	13.2	96.21	48.8	9.16	216	453.5384568	91	3.4	353
PAY	2021	8	16	18	18.4	13.1	96.26	55.2	9.44	53	265.2434915	26	2.9	368
PAY	2021	8	16	19	17.6	13.3	96.3	62.1	10.02	3	0	0	1.8	375
PAY	2021	8	16	20	17.2	13.2	96.34	65.1	10.22	0	0	0	2.1	374
PAY	2021	8	16	21	17.1	13.3	96.34	65.6	10.22	0	0	0	1.6	377
PAY	2021	8	16	22	17.4	13.3	96.34	62.7	9.94	0	0	0	2.4	380
PAY	2021	8	16	23	15.1	13.5	96.36	83	11.7	0	0	0	3.3	380
PAY	2021	8	17	0	14.1	13.5	96.4	93.3	12.76	0	0	0	1.7	380
PAY	2021	8	17	1	14.3	13.5	96.38	92.2	12.74	0	0	0	2.1	372
PAY	2021	8	17	2	14.1	13.4	96.38	94.1	12.92	0	0	0	1.1	352
PAY	2021	8	17	3	13.9	13.4	96.37	94.1	12.72	0	0	0	0.8	355
PAY	2021	8	17	4	14.3	13.4	96.36	92.9	12.88	0	0	0	0.5	370
PAY	2021	8	17	5	14.2	13.6	96.38	94	13	1	0	28	0.6	371
PAY	2021	8	17	6	14.2	13.3	96.39	92.3	12.66	53	0	100	0.4	342
PAY	2021	8	17	7	16	13.1	96.43	71.4	10.28	152	73.93863997	122	0.7	364
PAY	2021	8	17	8	16.4	12.4	96.43	64.9	9.38	396	383.1701957	182	2	322
PAY	2021	8	17	9	16.8	12.7	96.42	60.2	8.84	497	229.3181953	340	1.6	353
PAY	2021	8	17	10	17.7	12.8	96.44	59.2	9.54	657	391.9817285	353	1.8	342
PAY	2021	8	17	11	19.3	13.2	96.4	53.2	9.94	761	501.81243	347	1.7	326
PAY	2021	8	17	12	18.8	13.2	96.34	50.8	8.96	653	297.7198245	406	1.8	331
PAY	2021	8	17	13	20.7	13.5	96.27	45.4	9.78	734	667.8466704	207	1.7	333
PAY	2021	8	17	14	21.5	13.5	96.23	44	10.3	714	818.5233804	136	1.8	332
PAY	2021	8	17	15	21.3	13.4	96.23	39.8	9.26	514	639.4753993	139	3.1	349
PAY	2021	8	17	16	19.5	13.7	96.23	51.2	9.74	274	367.5321677	113	3.2	365
PAY	2021	8	17	17	20	13.7	96.22	48.3	9.66	261	660.1112952	82	2.8	367
PAY	2021	8	17	18	18.4	13.2	96.24	52.6	8.92	154	1000	24	3.3	337
PAY	2021	8	17	19	17.4	12.7	96.31	57.7	8.94	13	0	0	1.3	336
PAY	2021	8	17	20	14.9	12.6	96.37	73.1	9.52	0	0	0	0.9	328
PAY	2021	8	17	21	15.4	11.9	96.38	63.3	8.06	0	0	0	1.3	342
PAY	2021	8	17	22	15.3	11.8	96.39	67	8.7	0	0	0	1.2	362
PAY	2021	8	17	23	15	12.2	96.4	76	10.2	0	0	0	0.8	367
PAY	2021	8	18	0	14.7	12.3	96.36	75.5	9.8	0	0	0	0.8	368
PAY	2021	8	18	1	14.5	12.4	96.35	78.4	10.18	0	0	0	1.2	368
PAY	2021	8	18	2	14.5	12.4	96.35	77.8	10.06	0	0	0	1.2	366
PAY	2021	8	18	3	14.4	12.2	96.34	79.8	10.36	0	0	0	0.9	367
PAY	2021	8	18	4	14.2	12.3	96.33	81.3	10.46	0	0	0	0.4	362
PAY	2021	8	18	5	14	12.1	96.34	81.6	10.32	2	0	32	1	356
PAY	2021	8	18	6	14.4	12.4	96.34	81.7	10.74	29	0	85	1.1	363
PAY	2021	8	18	7	15.4	12.8	96.34	76.9	10.78	84	0	107	0.8	365
PAY	2021	8	18	8	15.9	12.8	96.34	72.5	10.4	122	0	125	0.3	368
PAY	2021	8	18	9	16.5	13	96.35	67.9	10.08	256	162.8215375	145	1.1	367
PAY	2021	8	18	10	18.1	13.1	96.31	59.5	10	574	552.6720728	147	1.4	358
PAY	2021	8	18	11	19.5	13.7	96.26	54.4	10.38	820	796.8620911	165	1.3	332
PAY	2021	8	18	12	20.5	14.5	96.21	51.5	10.8	865	856.6882515	157	1.4	327
PAY	2021	8	18	13	22	14.9	96.17	49.1	11.82	848	884.5818099	153	1.4	332
PAY	2021	8	18	14	22.8	15.7	96.14	49.7	12.74	766	903.9561608	131	1.9	338
PAY	2021	8	18	15	22.1	15.8	96.1	52.2	12.54	636	870.4562196	129	1.9	347
PAY	2021	8	18	16	21.7	15.4	96.08	53.4	12.38	368	622.3982982	98	2	344
PAY	2021	8	18	17	20.9	15.6	96.05	58	12.5	314	810.0636873	98	2.5	337
PAY	2021	8	18	18	18.7	14.9	96.06	64.6	11.62	136	1000	22	3.7	332
PAY	2021	8	18	19	17.3	14.2	96.1	70.5	11.4	14	0	0	1.9	331
PAY	2021	8	18	20	16.2	13.9	96.12	76.7	11.54	0	0	0	1.2	330
PAY	2021	8	18	21	15.2	13.7	96.13	84.9	12.18	0	0	0	0.9	335
PAY	2021	8	18	22	15.2	13.9	96.12	85.3	12.26	0	0	0	0.5	364
PAY	2021	8	18	23	15.1	13.9	96.11	87.3	12.56	0	0	0	1.3	371
PAY	2021	8	19	0	14.7	13.8	96.11	89.7	12.64	0	0	0	1.7	356
PAY	2021	8	19	1	14.8	13.6	96.1	90.8	12.96	0	0	0	1.2	362
PAY	2021	8	19	2	14.7	13.9	96.08	90.9	12.88	0	0	0	0.5	372
PAY	2021	8	19	3	14.9	13.7	96.05	86.4	12.18	0	0	0	0.6	375
PAY	2021	8	19	4	14.5	13.8	96.04	91.6	12.82	0	0	0	0.4	363
PAY	2021	8	19	5	14.6	13.7	96.04	89.1	12.42	3	0	20	0.8	365
PAY	2021	8	19	6	15.5	13.9	96.06	87.4	12.98	33	0	103	0.7	372
PAY	2021	8	19	7	16.5	14.4	96.05	83.4	13.18	120	7.508297107	117	0.2	372
PAY	2021	8	19	8	17.4	14.8	96.04	77.5	12.9	171	0	255	0.7	381
PAY	2021	8	19	9	19	15.4	96.05	68.6	12.72	411	206.2532525	271	1.1	373
PAY	2021	8	19	10	19.1	15.1	96.06	66.2	12.34	401	283.254651	183	1.4	372
PAY	2021	8	19	11	20.1	14.9	96.02	58.4	11.78	498	415.1997864	158	1.3	382
PAY	2021	8	19	12	21.5	15.5	96	55.8	12.66	635	471.3458645	247	1.2	377
PAY	2021	8	19	13	21.6	15.7	95.96	54.5	12.5	609	590.6478539	147	1.2	366
PAY	2021	8	19	14	21.8	16.2	95.94	56.4	13.08	572	624.0047925	136	1.1	384
PAY	2021	8	19	15	21.8	15.9	95.9	53	12.4	413	333.6719385	220	1.2	377
PAY	2021	8	19	16	22.7	16.3	95.87	52.6	13.22	406	528.5481659	179	0.7	362
PAY	2021	8	19	17	22.2	16.2	95.85	52.8	12.76	226	488.4563057	98	0.9	355
PAY	2021	8	19	18	21	16.1	95.85	58.7	12.74	124	1000	20	1.6	357
PAY	2021	8	19	19	18.1	15.8	95.89	77.5	13.6	6	0	0	0.9	343
PAY	2021	8	19	20	17.5	15.4	95.96	80.8	13.66	0	0	0	0.7	344
PAY	2021	8	19	21	16	15.3	95.98	90	14	0	0	0	0.6	344
PAY	2021	8	19	22	15.6	14.8	96	91.8	13.96	0	0	0	0.3	341
PAY	2021	8	19	23	15.4	14.6	96.01	91.9	13.78	0	0	0	0.7	355
PAY	2021	8	20	0	14.9	14.4	96.01	92.2	13.34	0	0	0	1.2	346
PAY	2021	8	20	1	14.4	13.9	96	93.8	13.16	0	0	0	1.2	338
PAY	2021	8	20	2	14.1	13.7	95.98	93.1	12.72	0	0	0	0.8	340
PAY	2021	8	20	3	13.9	13.5	96	94.9	12.88	0	0	0	1.5	347
PAY	2021	8	20	4	13.6	13.4	95.99	95.1	12.62	0	0	0	1.3	342
PAY	2021	8	20	5	13.8	13.3	96.02	95.5	12.9	4	0	29	0.4	339
PAY	2021	8	20	6	15.6	14	96.05	90	13.6	56	0	95	0.6	359
PAY	2021	8	20	7	16.7	14.8	96.08	84.4	13.58	139	73.1537393	110	0.7	372
PAY	2021	8	20	8	17.9	15.1	96.08	74.7	12.84	305	316.6387895	131	0.4	359
PAY	2021	8	20	9	19.1	15.5	96.09	69.3	12.96	572	639.2560009	140	0.8	330
PAY	2021	8	20	10	21.8	16.6	96.08	63.2	14.44	695	696.5891065	161	1.4	335
PAY	2021	8	20	11	22.5	16.9	96.06	58.7	14.24	740	714.6922048	157	1.4	349
PAY	2021	8	20	12	23.1	16.9	96.04	52.9	13.68	844	846.4979574	150	1.1	351
PAY	2021	8	20	13	24.6	17.2	96.02	48.2	14.24	821	839.932993	167	1.2	346
PAY	2021	8	20	14	24.9	17.1	96	46	14.1	726	820.2796443	156	1.2	347
PAY	2021	8	20	15	24.6	17	95.99	45.6	13.72	606	830.5808244	129	1.4	351
PAY	2021	8	20	16	24.5	17.4	95.99	49.7	14.44	459	837.4976294	103	1.2	353
PAY	2021	8	20	17	24	17.6	95.98	54.1	14.82	288	796.4844628	83	1.9	353
PAY	2021	8	20	18	23	17.1	96	53.7	13.74	117	1000	18	1.6	350
PAY	2021	8	20	19	19	16.9	96.06	81.3	15.26	7	0	0	0.6	344
PAY	2021	8	20	20	17.6	16.2	96.11	82.3	14.06	0	0	0	0.3	338
PAY	2021	8	20	21	16.7	15.6	96.13	87.5	14.2	0	0	0	1.2	334
PAY	2021	8	20	22	15.4	15.1	96.16	92.9	13.98	0	0	0	0.7	331
PAY	2021	8	20	23	14.9	14.1	96.17	91.3	13.16	0	0	0	1	324
PAY	2021	8	21	0	13.6	13.7	96.17	94.1	12.42	0	0	0	1.9	325
PAY	2021	8	21	1	13.6	13.1	96.16	93.4	12.28	0	0	0	1.5	326
PAY	2021	8	21	2	13	12.8	96.16	94.5	11.9	0	0	0	1.3	326
PAY	2021	8	21	3	13.8	12.5	96.16	89.6	11.72	0	0	0	1.5	324
PAY	2021	8	21	4	12.8	12.4	96.17	94.2	11.64	0	0	0	0.9	324
PAY	2021	8	21	5	12.6	12.3	96.2	96.1	11.82	4	0	28	0.5	321
PAY	2021	8	21	6	14.6	13	96.24	90.4	12.68	80	0	80	0.9	321
PAY	2021	8	21	7	16.8	14.4	96.26	81.8	13.16	220	289.8803421	106	0.9	326
PAY	2021	8	21	8	18.9	15.9	96.25	78.2	14.54	402	506.8963357	125	0.5	334
PAY	2021	8	21	9	21.5	17.2	96.27	71.8	15.86	573	643.6239712	140	0.7	341
PAY	2021	8	21	10	22.6	18	96.25	66	15.8	698	726.9050701	143	0.9	348
PAY	2021	8	21	11	23.8	19.1	96.22	60.5	15.9	781	775.3533996	151	1.1	355
PAY	2021	8	21	12	26.1	19.3	96.19	53.9	16.88	812	815.717116	146	1.2	361
PAY	2021	8	21	13	28.2	17.8	96.17	34.9	15.18	811	856.7663015	147	3.9	360
PAY	2021	8	21	14	28.4	17.9	96.14	34.9	15.38	725	853.8528652	135	4.3	359
PAY	2021	8	21	15	28.8	17.7	96.12	32.2	15.24	614	857.7328152	125	4.1	362
PAY	2021	8	21	16	27.6	17.3	96.12	30.6	13.72	408	713.267523	108	3.4	365
PAY	2021	8	21	17	26.4	16.9	96.11	40.3	14.46	201	494.7745849	76	1.5	378
PAY	2021	8	21	18	22.3	17.6	96.1	65.7	15.44	61	579.3937302	16	0.5	371
PAY	2021	8	21	19	22.3	16.3	96.11	51.5	12.6	5	0	0	1.3	372
PAY	2021	8	21	20	18.3	15.3	96.1	69.8	12.26	0	0	0	1.2	354
PAY	2021	8	21	21	19.4	14.9	96.09	59.8	11.36	0	0	0	1.6	354
PAY	2021	8	21	22	18.1	14.6	96.11	70.3	12.16	0	0	0	1.8	360
PAY	2021	8	21	23	20	15.2	96.1	64.9	12.98	0	0	0	2.6	388
PAY	2021	8	22	0	18.3	15.8	96.19	76.6	13.62	0	0	0	2.2	387
PAY	2021	8	22	1	16.7	15.9	96.23	92.2	15.14	0	0	0	1.1	374
PAY	2021	8	22	2	16.7	15.9	96.3	93.8	15.46	0	0	0	1.1	378
PAY	2021	8	22	3	17.2	16.4	96.29	92.3	15.66	0	0	0	1.1	389
PAY	2021	8	22	4	17.3	16.2	96.3	88.2	14.94	0	0	0	1	384
PAY	2021	8	22	5	16.6	16.2	96.32	97.2	16.04	1	0	26	0.8	380
PAY	2021	8	22	6	16.8	16.2	96.33	96	16	42	0	78	0.8	362
PAY	2021	8	22	7	17.5	16.6	96.35	91.5	15.8	110	15.38150497	104	0.7	368
PAY	2021	8	22	8	19.1	17.4	96.33	89.6	17.02	228	184.036744	128	1.1	373
PAY	2021	8	22	9	20.3	17.9	96.34	78.8	16.06	360	328.5154348	140	1.1	381
PAY	2021	8	22	10	21.6	17.9	96.32	74.1	16.42	523	486.5983772	153	0.9	378
PAY	2021	8	22	11	22.4	18	96.26	63.3	15.06	356	64.25515119	304	0.9	394
PAY	2021	8	22	12	19.3	17.8	96.27	85.4	16.38	121	0	233	2.2	403
PAY	2021	8	22	13	19.2	17.8	96.26	87.6	16.72	138	0	249	1.9	399
PAY	2021	8	22	14	20.9	17.7	96.22	79.8	16.86	213	109.1679141	138	2.8	388
PAY	2021	8	22	15	22.6	18.2	96.22	61.7	14.94	434	533.7145332	132	3.3	365
PAY	2021	8	22	16	21.2	16.6	96.28	64.6	14.12	213	259.5836332	105	4.8	389
PAY	2021	8	22	17	20.2	15.9	96.3	62	12.6	226	593.1497506	79	4.5	362
PAY	2021	8	22	18	19.3	15.5	96.39	65.1	12.32	34	289.109592	13	3	380
PAY	2021	8	22	19	18.5	14.6	96.47	63.9	11.28	2	0	0	3.2	384
PAY	2021	8	22	20	18.8	14.5	96.52	60.2	10.84	0	0	0	0.9	384
PAY	2021	8	22	21	16.7	14.8	96.55	81.1	12.92	0	0	0	0.9	369
PAY	2021	8	22	22	16.8	14.2	96.56	73.1	11.42	0	0	0	1.6	367
PAY	2021	8	22	23	17	13.8	96.57	70.9	11.18	0	0	0	1.6	376
PAY	2021	8	23	0	16.7	13.7	96.54	71.2	10.94	0	0	0	1.2	368
PAY	2021	8	23	1	15.5	13.8	96.52	87.8	13.06	0	0	0	0.4	365
PAY	2021	8	23	2	14.3	13.7	96.49	92	12.7	0	0	0	0.4	348
PAY	2021	8	23	3	13.9	13.3	96.48	92.4	12.38	0	0	0	0.4	345
PAY	2021	8	23	4	13.9	13.2	96.47	92.3	12.36	0	0	0	0.5	352
PAY	2021	8	23	5	12.9	12.8	96.48	93.8	11.66	3	0	25	0.6	316
PAY	2021	8	23	6	14.3	12.6	96.49	88.3	11.96	86	0	90	0.7	307
PAY	2021	8	23	7	16.8	13.7	96.46	73.3	11.46	252	348.9591726	117	0.3	311
PAY	2021	8	23	8	17.8	14	96.46	66	11	433	542.3488896	140	1.8	317
PAY	2021	8	23	9	19.4	14.1	96.46	58.9	11.18	604	679.6044745	151	1.7	321
PAY	2021	8	23	10	20.2	14.3	96.44	54.7	11.14	739	772.5817581	154	1.5	324
PAY	2021	8	23	11	21.2	14.1	96.39	50.9	11.38	828	812.6969223	173	1.9	331
PAY	2021	8	23	12	21.4	14.8	96.35	49.4	11.28	861	859.7957203	165	2.3	333
PAY	2021	8	23	13	23	14.6	96.32	43	11.6	801	836.4253744	159	2.9	336
PAY	2021	8	23	14	22.3	15.3	96.3	48.1	11.92	707	831.656616	139	3.5	355
PAY	2021	8	23	15	21.7	15.5	96.28	53.7	12.44	492	600.1654296	155	3.9	377
PAY	2021	8	23	16	21.3	15.5	96.28	53.9	12.08	485	896.869237	116	4.4	353
PAY	2021	8	23	17	20.1	15.1	96.28	55.3	11.16	298	909.6511084	77	4.2	335
PAY	2021	8	23	18	18.5	14.4	96.3	63.5	11.2	100	1000	12	3.5	327
PAY	2021	8	23	19	17	14.1	96.33	72.3	11.46	6	0	0	2.8	322
PAY	2021	8	23	20	16.3	13.9	96.38	75.7	11.44	0	0	0	2.4	321
PAY	2021	8	23	21	15.6	13.6	96.36	80.2	11.64	0	0	0	2.3	319
PAY	2021	8	23	22	15.3	13.6	96.34	82.8	11.86	0	0	0	2.3	317
PAY	2021	8	23	23	14.7	13.4	96.31	85.1	11.72	0	0	0	1.9	316
PAY	2021	8	24	0	15.2	13.4	96.28	83.3	11.86	0	0	0	1.9	316
PAY	2021	8	24	1	14.5	13.2	96.25	87.2	11.94	0	0	0	1.8	314
PAY	2021	8	24	2	14.6	13.2	96.24	86.5	11.9	0	0	0	2.3	312
PAY	2021	8	24	3	14.1	13.2	96.23	89.2	11.94	0	0	0	2.8	312
PAY	2021	8	24	4	14.2	13.1	96.23	89.1	12.02	0	0	0	2.5	321
PAY	2021	8	24	5	14.3	13.2	96.22	88.4	11.98	2	0	23	3.3	312
PAY	2021	8	24	6	14.4	13	96.24	83.9	11.18	51	0	91	4.2	317
PAY	2021	8	24	7	14.9	12.9	96.24	79	10.7	182	156.4034578	122	5.2	316
PAY	2021	8	24	8	15.8	13	96.24	77.3	11.26	264	230.8775281	140	5.7	317
PAY	2021	8	24	9	16.9	13.4	96.26	73	11.5	347	287.9075736	156	5.6	315
PAY	2021	8	24	10	17.7	13.9	96.25	68	11.3	561	541.1334086	153	5.9	326
PAY	2021	8	24	11	18.6	14.4	96.23	64.2	11.44	746	715.1869995	172	6.1	328
PAY	2021	8	24	12	19.3	14.7	96.22	60.3	11.36	802	791.6428861	164	6.2	324
PAY	2021	8	24	13	19.5	15	96.19	59.8	11.46	819	837.9988162	179	6.4	322
PAY	2021	8	24	14	19.8	14.8	96.17	59.6	11.72	731	826.3808624	170	7	324
PAY	2021	8	24	15	19.2	14.6	96.16	60.3	11.26	620	667.7346106	248	7.2	323
PAY	2021	8	24	16	18.2	14.2	96.17	61.3	10.46	475	983.424476	75	7.4	324
PAY	2021	8	24	17	17.6	13.5	96.2	62.4	10.08	273	1000	30	7.3	332
PAY	2021	8	24	18	16.8	13.4	96.21	68.1	10.42	54	753.3793017	7	5.9	357
PAY	2021	8	24	19	16.4	13.2	96.24	69.9	10.38	2	0	0	5	360
PAY	2021	8	24	20	16.2	13.2	96.26	71.5	10.5	0	0	0	4.4	374
PAY	2021	8	24	21	15.6	13	96.23	73.9	10.38	0	0	0	3.1	330
PAY	2021	8	24	22	15.7	13	96.21	74.4	10.58	0	0	0	3.5	327
PAY	2021	8	24	23	15.3	13	96.21	77.8	10.86	0	0	0	2.5	350
PAY	2021	8	25	0	14.6	12.9	96.19	80.7	10.74	0	0	0	3.3	323
PAY	2021	8	25	1	14.5	12.6	96.16	80.8	10.66	0	0	0	3.6	331
PAY	2021	8	25	2	14.2	12.4	96.15	82.4	10.68	0	0	0	3.1	339
PAY	2021	8	25	3	14.4	12.5	96.12	79.7	10.34	0	0	0	2.7	373
PAY	2021	8	25	4	14.3	12.4	96.12	80.4	10.38	0	0	0	2.7	373
PAY	2021	8	25	5	14	12.2	96.12	80.9	10.18	1	0	15	2.7	356
PAY	2021	8	25	6	14.1	12.2	96.14	82.2	10.54	43	0	85	1.8	335
PAY	2021	8	25	7	14.9	12.7	96.13	78.5	10.6	111	0	173	1.7	364
PAY	2021	8	25	8	15.4	12.8	96.16	76.7	10.74	125	0	254	2.1	376
PAY	2021	8	25	9	15.9	13.2	96.16	74.1	10.72	208	0	252	2.4	377
PAY	2021	8	25	10	17.1	13.6	96.15	72.3	11.56	310	0	355	2.7	379
PAY	2021	8	25	11	17.8	14.1	96.13	69.5	11.7	458	96.35116813	381	3.1	378
PAY	2021	8	25	12	18.4	14.3	96.14	66.8	11.76	429	378.9194024	125	3.7	381
PAY	2021	8	25	13	18.5	14.4	96.12	64.4	11.38	529	267.1649413	326	3.3	375
PAY	2021	8	25	14	18.9	14.5	96.11	61.9	11.28	434	542.475772	68	3	381
PAY	2021	8	25	15	19	14.7	96.09	63.6	11.72	427	499.4265394	151	3.2	364
PAY	2021	8	25	16	18.6	14.8	96.05	63	11.2	410	746.297304	110	2.9	348
PAY	2021	8	25	17	18.9	14.4	96.02	60.5	11	184	635.2106361	36	2.1	346
PAY	2021	8	25	18	18	14.1	96.02	62	10.4	113	1000	4	2.5	333
PAY	2021	8	25	19	15.6	13.3	96.02	76.8	10.96	4	0	0	1.7	318
PAY	2021	8	25	20	13.4	12.7	96.05	88.1	11.02	0	0	0	0.4	312
PAY	2021	8	25	21	12.6	12	96.05	92.4	11.08	0	0	0	0.3	308
PAY	2021	8	25	22	11.8	11.4	96.04	93.8	10.56	0	0	0	0.5	305
PAY	2021	8	25	23	11.5	10.8	96.03	93.6	10.22	0	0	0	1.6	302
PAY	2021	8	26	0	10.8	10.7	96	95.4	9.88	0	0	0	1.6	302
PAY	2021	8	26	1	10.4	10	95.96	95.7	9.54	0	0	0	0.9	300
PAY	2021	8	26	2	10.6	9.8	95.93	95.5	9.7	0	0	0	1.2	300
PAY	2021	8	26	3	9.5	9.6	95.89	96.1	8.72	0	0	0	1.1	300
PAY	2021	8	26	4	10.4	9.3	95.92	94.8	9.36	0	0	0	0.8	314
PAY	2021	8	26	5	10.5	9.8	95.91	94.4	9.38	2	0	7	1.2	302
PAY	2021	8	26	6	11	10	95.94	95.5	10.1	40	96.77608309	20	0.4	327
PAY	2021	8	26	7	13.2	11.7	95.9	90.5	11.3	139	127.3014707	91	0.6	310
PAY	2021	8	26	8	15.1	13.3	95.9	83.8	11.86	282	218.5977487	166	0.5	325
PAY	2021	8	26	9	17.7	14.3	95.87	75.2	12.74	493	660.6107037	59	0.7	327
PAY	2021	8	26	10	20	15.7	95.82	64.1	12.82	653	745.2817177	96	1.4	332
PAY	2021	8	26	11	21.6	15.7	95.79	51.5	11.9	598	661.0725308	72	2.3	350
PAY	2021	8	26	12	23.1	15.9	95.76	48	12.7	804	897.8410543	87	2.9	344
PAY	2021	8	26	13	23.6	15.8	95.73	48.8	13.36	664	496.1166687	289	3.1	351
PAY	2021	8	26	14	23.5	15.4	95.69	42.1	11.92	644	496.6907052	311	3.4	347
PAY	2021	8	26	15	22.9	15.2	95.68	42.2	11.34	608	731.629242	207	4.3	360
PAY	2021	8	26	16	21.5	14.4	95.68	44	10.3	244	352.5023101	104	3.8	376
PAY	2021	8	26	17	20.3	14.1	95.7	52	10.7	102	127.2378679	73	3.8	387
PAY	2021	8	26	18	19.2	14	95.75	56.3	10.46	34	578.1014027	4	3.2	388
PAY	2021	8	26	19	17.1	14	95.81	70.1	11.12	2	0	0	2.5	380
PAY	2021	8	26	20	16.9	13.3	95.85	58.3	8.56	0	0	0	1.9	376
PAY	2021	8	26	21	16.3	11.9	95.88	60.6	8.42	0	0	0	1.9	351
PAY	2021	8	26	22	15.5	12.2	95.88	69.2	9.34	0	0	0	1.6	362
PAY	2021	8	26	23	15.3	12.4	95.85	71.6	9.62	0	0	0	0.9	357
PAY	2021	8	27	0	12.8	11.8	95.82	85.4	9.88	0	0	0	0.5	314
PAY	2021	8	27	1	13.2	11.2	95.79	80.2	9.24	0	0	0	0.6	317
PAY	2021	8	27	2	11.8	10.9	95.8	90.1	9.82	0	0	0	0.7	316
PAY	2021	8	27	3	12.4	11.1	95.82	85.8	9.56	0	0	0	0.8	358
PAY	2021	8	27	4	13.1	11.5	95.8	83.3	9.76	0	0	0	0.6	360
PAY	2021	8	27	5	12.6	11.7	95.83	87.7	10.14	1	0	4	0.3	347
PAY	2021	8	27	6	13.1	11.7	95.88	83.9	9.88	47	152.5538278	16	0.6	337
PAY	2021	8	27	7	14.1	11.5	95.9	69.8	8.06	158	286.3001983	51	1.7	315
PAY	2021	8	27	8	15.4	11.5	95.91	62.6	7.92	305	348.8879862	121	2.7	331
PAY	2021	8	27	9	17.2	12	95.9	57.2	8.64	510	469.6452357	203	3.2	317
PAY	2021	8	27	10	17.9	11.8	95.88	48.5	7.6	729	806.4603181	129	3	306
PAY	2021	8	27	11	19	12.3	95.87	43.4	7.68	814	640.0404518	307	2.8	313
PAY	2021	8	27	12	20.1	12.4	95.85	41.2	8.34	867	991.4170017	79	2.7	315
PAY	2021	8	27	13	20.3	12.7	95.86	41.7	8.64	869	1000	101	3.3	322
PAY	2021	8	27	14	20.3	12.8	95.84	43.5	9	617	819.6682612	71	3.5	327
PAY	2021	8	27	15	19.5	12.8	95.84	43.9	8.28	516	793.0334776	85	3.7	326
PAY	2021	8	27	16	19.2	12.5	95.84	44.9	8.18	326	667.9050601	64	2.9	322
PAY	2021	8	27	17	18.7	13	95.86	49.8	8.66	302	1000	41	3.8	340
PAY	2021	8	27	18	17.3	12.5	95.9	56.8	8.66	102	1000	0	2.8	330
PAY	2021	8	27	19	15.7	12.2	95.97	63.6	8.42	3	0	0	2.2	321
PAY	2021	8	27	20	14.7	11.4	96.01	64.2	7.54	0	0	0	1.6	315
PAY	2021	8	27	21	14.1	11	96.01	70	8.1	0	0	0	1.4	339
PAY	2021	8	27	22	13.6	10.6	96.01	67.2	7.04	0	0	0	1.4	325
PAY	2021	8	27	23	12.4	10.1	96.02	72.4	6.88	0	0	0	0.9	314
PAY	2021	8	28	0	11.1	9.5	96.05	78.9	6.88	0	0	0	0.9	290
PAY	2021	8	28	1	11.3	8.9	96.03	74.3	6.16	0	0	0	1.2	288
PAY	2021	8	28	2	8.6	8.6	96.02	89.8	6.56	0	0	0	1.1	286
PAY	2021	8	28	3	8.2	8	96.02	92.3	6.66	0	0	0	0.5	283
PAY	2021	8	28	4	7.8	7.5	96.01	94	6.6	0	0	0	0.3	282
PAY	2021	8	28	5	7.7	7.2	96.02	93.6	6.42	1	0	2	0.7	282
PAY	2021	8	28	6	9.4	7.8	96.04	88.7	7.14	75	295.3984189	16	0.5	282
PAY	2021	8	28	7	12.8	9.8	96.05	77.9	8.38	239	531.8834325	42	0.9	288
PAY	2021	8	28	8	15.3	11.5	96.05	69.2	9.14	416	612.4902921	95	1.8	296
PAY	2021	8	28	9	16.6	11.9	96.06	57.6	8.12	551	648.8717154	129	3.4	305
PAY	2021	8	28	10	17.8	12	96.05	51	8	641	638.7005681	168	3.2	315
PAY	2021	8	28	11	18.7	12.4	96.04	49.5	8.6	817	771.0428863	209	3.4	312
PAY	2021	8	28	12	19.4	12.6	96.01	44.9	8.38	862	886.2192233	161	3	316
PAY	2021	8	28	13	18.7	12.6	96.01	48	8.3	635	686.0519889	122	3.5	355
PAY	2021	8	28	14	18.9	12.6	96	48.6	8.62	394	451.8371622	95	2.9	362
PAY	2021	8	28	15	19.5	12.7	95.99	46.5	8.8	560	890.8556772	80	2.6	327
PAY	2021	8	28	16	17.8	12.7	96.04	54.8	8.76	257	395.023709	104	4.5	359
PAY	2021	8	28	17	17.1	12.2	96.05	56.8	8.46	77	0	78	3.8	363
PAY	2021	8	28	18	16.1	12.1	96.1	62.6	8.62	39	947.1028466	0	3.8	353
PAY	2021	8	28	19	15.6	11.9	96.16	63.6	8.32	2	0	0	2.1	358
PAY	2021	8	28	20	14.5	11.9	96.18	75.2	9.54	0	0	0	0.6	349
PAY	2021	8	28	21	14.6	11.8	96.19	73.8	9.36	0	0	0	0.6	357
PAY	2021	8	28	22	13.7	12	96.18	82.4	10.18	0	0	0	0.4	356
PAY	2021	8	28	23	12.4	11.5	96.17	87.2	9.84	0	0	0	0.4	329
PAY	2021	8	29	0	12.1	11.2	96.13	88	9.7	0	0	0	0.6	338
PAY	2021	8	29	1	11.3	10.8	96.1	91.9	9.68	0	0	0	1.2	322
PAY	2021	8	29	2	11.4	10.5	96.09	91	9.6	0	0	0	0.6	330
PAY	2021	8	29	3	11.2	10.6	96.08	90.7	9.34	0	0	0	0.9	340
PAY	2021	8	29	4	10.1	9.9	96.07	93.9	8.88	0	0	0	0.3	296
PAY	2021	8	29	5	9.5	9.4	96.08	96.2	8.74	1	0	11	0.5	309
PAY	2021	8	29	6	10.4	9.5	96.1	93.7	9.14	69	234.4155709	23	0.7	294
PAY	2021	8	29	7	12.8	10.6	96.1	84.6	9.72	232	329.6978374	111	0.4	297
PAY	2021	8	29	8	16.1	12.6	96.08	71.7	10.44	414	295.7243989	260	0.8	305
PAY	2021	8	29	9	17	12.3	96.05	57.1	8.42	586	401.8595903	326	1	309
PAY	2021	8	29	10	18.2	13	96.04	51.1	8.42	712	516.8969135	331	1.6	318
PAY	2021	8	29	11	18.7	12.9	96.03	52.6	9.22	661	359.285214	379	1.9	348
PAY	2021	8	29	12	18.2	13.1	96.04	57.8	9.76	222	0	263	2.6	374
PAY	2021	8	29	13	17.7	13.1	96.03	57.8	9.26	173	0	361	2.4	373
PAY	2021	8	29	14	18.3	13.4	96	57.5	9.8	285	6.085525715	281	2.6	373
PAY	2021	8	29	15	18.7	13.5	95.98	58	10.3	342	381.9735816	138	2.3	361
PAY	2021	8	29	16	18.1	13.6	95.99	61.8	10.46	269	504.8342312	76	3.4	374
PAY	2021	8	29	17	17.5	13.4	95.98	62.7	10.04	207	791.196973	39	3.6	363
PAY	2021	8	29	18	16.4	13.1	96.02	68.4	10.08	66	1000	0	2.5	367
PAY	2021	8	29	19	15.1	12.7	96.06	75.2	10.14	2	0	0	1.6	348
PAY	2021	8	29	20	14	12.3	96.09	81.9	10.38	0	0	0	1.3	336
PAY	2021	8	29	21	14	12.3	96.07	83.2	10.64	0	0	0	1.3	358
PAY	2021	8	29	22	13.7	12.1	96.04	82.8	10.26	0	0	0	1.1	338
PAY	2021	8	29	23	13.4	12	96.01	85.4	10.48	0	0	0	0.8	349
PAY	2021	8	30	0	12.8	12	95.99	89.6	10.72	0	0	0	0.9	342
PAY	2021	8	30	1	11.3	11.2	95.98	94.5	10.2	0	0	0	0.7	302
PAY	2021	8	30	2	10.3	10.4	95.97	96.7	9.64	0	0	0	0.7	300
PAY	2021	8	30	3	9.9	9.9	95.96	97	9.3	0	0	0	0.4	298
PAY	2021	8	30	4	9.6	9.6	95.96	97.6	9.12	0	0	0	0.9	297
PAY	2021	8	30	5	9.4	9.1	95.97	96	8.6	1	0	2	0.6	304
PAY	2021	8	30	6	10.7	9.4	95.99	94.5	9.6	68	0	77	0.8	294
PAY	2021	8	30	7	13.2	11.1	96.02	86.9	10.58	230	181.5201093	164	0.5	298
PAY	2021	8	30	8	15.1	12.5	96	76.5	10.4	398	270.5912724	258	2.1	305
PAY	2021	8	30	9	17	13.2	96	67.4	10.48	510	439.7261878	227	2.7	315
PAY	2021	8	30	10	18.1	13.4	96	56.3	9.36	744	781.1154517	171	3.4	322
PAY	2021	8	30	11	20	14	95.99	53.8	10.76	782	547.8850584	354	3.6	322
PAY	2021	8	30	12	20.4	14	95.98	46.8	9.76	808	532.4466552	391	4	325
PAY	2021	8	30	13	20.4	14.2	95.96	51.2	10.64	800	685.7023252	293	4.4	327
PAY	2021	8	30	14	21.2	14.7	95.95	50.1	11.22	696	597.4376578	306	4.2	332
PAY	2021	8	30	15	20.2	14.6	95.97	51.3	10.46	590	761.4323595	187	5	329
PAY	2021	8	30	16	20.3	14.1	95.98	51.1	10.52	433	742.2556874	153	4.8	325
PAY	2021	8	30	17	19.5	14	96	52.6	10.02	261	999.8648468	54	3.9	327
PAY	2021	8	30	18	17.8	13.6	96.05	61.3	10.06	80	0	0	3.3	322
PAY	2021	8	30	19	16.4	13.1	96.11	65.6	9.52	1	0	0	2.8	317
PAY	2021	8	30	20	15.1	12.4	96.17	72.6	9.62	0	0	0	2.2	313
PAY	2021	8	30	21	14.6	12.2	96.19	76.8	9.96	0	0	0	2.1	310
PAY	2021	8	30	22	13.2	11.8	96.18	84	10	0	0	0	1.7	307
PAY	2021	8	30	23	13.4	11.7	96.17	84.3	10.26	0	0	0	1.7	306
PAY	2021	8	31	0	11.3	11.3	96.19	92.6	9.82	0	0	0	1.3	305
PAY	2021	8	31	1	10.3	10.6	96.2	95.6	9.42	0	0	0	0.6	302
PAY	2021	8	31	2	10.7	10.3	96.2	95.6	9.82	0	0	0	0.3	301
PAY	2021	8	31	3	10.4	10.1	96.2	96	9.6	0	0	0	0.4	302
PAY	2021	8	31	4	10.3	10	96.22	96.5	9.6	0	0	0	0.5	315
PAY	2021	8	31	5	12.5	11.2	96.25	91.4	10.78	0	0	6	1	365
PAY	2021	8	31	6	13.7	12.1	96.29	87	11.1	19	0	83	1.2	366
PAY	2021	8	31	7	14.4	12.8	96.31	87.4	11.88	96	0	147	1.9	358
PAY	2021	8	31	8	16.1	13.4	96.29	74.2	10.94	341	336.58828	168	3.4	313
PAY	2021	8	31	9	16.9	13.6	96.35	71.1	11.12	335	129.6611151	252	4.2	338
PAY	2021	8	31	10	18.4	13.6	96.34	60.1	10.42	440	100.001011	367	4	343
PAY	2021	8	31	11	19.9	13.9	96.31	53.7	10.64	620	307.4252812	381	4.4	331
PAY	2021	8	31	12	20.2	14.1	96.33	50.8	10.36	699	411.9738477	378	4.7	332
PAY	2021	8	31	13	20.9	14.4	96.34	49.9	10.88	726	504.6865881	355	5	331
PAY	2021	8	31	14	21.6	14.3	96.32	46.9	10.98	677	754.3791815	188	5	333
PAY	2021	8	31	15	20.8	14.2	96.32	48.6	10.52	575	879.0980565	114	5.2	336
PAY	2021	8	31	16	19.9	14	96.34	50.8	10.06	357	577.8101277	142	4.8	334
PAY	2021	8	31	17	19.2	13.9	96.37	54.8	10.16	244	862.814746	70	4.8	324
PAY	2021	8	31	18	17.7	13.4	96.39	59.5	9.6	66	0	0	4.7	321
PAY	2021	8	31	19	16.5	12.9	96.46	67.2	9.94	1	0	0	3.9	316
PAY	2021	8	31	20	15.5	12.9	96.49	72.8	10.06	0	0	0	2.9	312
PAY	2021	8	31	21	14.6	12.3	96.5	75.2	9.64	0	0	0	3	308
PAY	2021	8	31	22	13.9	12	96.51	79.1	9.72	0	0	0	3	303
PAY	2021	8	31	23	13.1	11.7	96.5	82.7	9.64	0	0	0	2.8	301
PAY	2021	9	1	0	12.5	11.2	96.5	83.1	9.12	0	0	0	2.4	298
PAY	2021	9	1	1	12.4	11	96.54	83.5	9.1	0	0	0	2.5	297
PAY	2021	9	1	2	12.2	10.7	96.56	86	9.4	0	0	0	1.7	296
PAY	2021	9	1	3	11.9	11	96.58	89.9	9.88	0	0	0	1.6	296
PAY	2021	9	1	4	10.7	10.7	96.59	93.8	9.46	0	0	0	1.5	294
PAY	2021	9	1	5	9.5	9.9	96.59	96.1	8.72	1	0	8	1.1	292
PAY	2021	9	1	6	10.8	9.4	96.62	93.6	9.52	59	0	60	0.3	291
PAY	2021	9	1	7	13.1	11.6	96.63	85.7	10.24	215	126.1560855	170	1.7	296
PAY	2021	9	1	8	14.1	12.1	96.65	82.6	10.62	213	0	254	1.4	339
PAY	2021	9	1	9	16	12.9	96.64	73.7	10.74	306	113.0944563	234	2.3	345
PAY	2021	9	1	10	18.6	13.6	96.64	63.8	11.36	531	312.5129476	304	3.3	335
PAY	2021	9	1	11	19.1	14.1	96.64	59	10.9	743	486.0337262	367	3.9	320
PAY	2021	9	1	12	21.4	14.5	96.6	52.4	11.88	798	820.5230784	162	4	323
PAY	2021	9	1	13	21.7	14.5	96.59	47.1	11.12	778	815.5780561	182	4	327
PAY	2021	9	1	14	22.1	15	96.53	46.6	11.42	700	848.3786685	154	4.6	329
PAY	2021	9	1	15	22.3	14.9	96.51	44.6	11.22	578	908.6076919	106	5	331
PAY	2021	9	1	16	22	14.7	96.49	44.8	10.96	419	855.8107249	105	4.3	330
PAY	2021	9	1	17	21	14.3	96.49	45.9	10.18	243	983.4338453	50	3.8	329
PAY	2021	9	1	18	19.1	13.6	96.52	51.4	9.38	72	0	0	3.1	325
PAY	2021	9	1	19	17.3	12.8	96.56	57.5	8.8	1	0	0	2.2	320
PAY	2021	9	1	20	14.2	12.1	96.61	72.8	8.76	0	0	0	1.2	316
PAY	2021	9	1	21	13	11.3	96.63	79.7	8.94	0	0	0	0.1	311
PAY	2021	9	1	22	13.9	11	96.64	71.9	8.28	0	0	0	0.3	307
PAY	2021	9	1	23	11.8	10.7	96.65	84.5	8.7	0	0	0	1	305
PAY	2021	9	2	0	11.2	10.1	96.65	86.6	8.52	0	0	0	0.4	302
PAY	2021	9	2	1	10.4	9.6	96.66	91.1	8.62	0	0	0	0.7	301
PAY	2021	9	2	2	9.7	9.4	96.65	93.7	8.44	0	0	0	0.5	299
PAY	2021	9	2	3	9.2	8.8	96.65	93.8	7.96	0	0	0	1	298
PAY	2021	9	2	4	9	8.9	96.63	96	8.2	0	0	0	0.4	297
PAY	2021	9	2	5	8.7	8.5	96.62	96	7.9	1	0	3	0.4	295
PAY	2021	9	2	6	10.4	9	96.66	91.8	8.76	58	0	87	1.2	296
PAY	2021	9	2	7	12.8	10.6	96.67	82.1	9.22	217	124.5707839	173	0.8	301
PAY	2021	9	2	8	14.9	11.8	96.66	74.3	9.76	395	313.5673406	236	0.9	307
PAY	2021	9	2	9	17.3	12.7	96.63	67.3	10.76	559	600.221434	179	1.4	313
PAY	2021	9	2	10	18.1	13.6	96.61	64.2	10.94	682	744.4322435	144	1.9	318
PAY	2021	9	2	11	19.7	14.6	96.58	59.5	11.6	738	813.2629931	112	1.9	324
PAY	2021	9	2	12	21	15.2	96.54	54.9	11.98	794	891.0545551	107	1.7	331
PAY	2021	9	2	13	23	15.9	96.51	48.9	12.78	763	892.1075842	115	2.1	335
PAY	2021	9	2	14	23.6	16.3	96.45	49.7	13.54	664	867.1355019	110	1.9	339
PAY	2021	9	2	15	24.3	17.1	96.38	49.7	14.24	570	921.2968797	96	2.8	341
PAY	2021	9	2	16	24.5	16.9	96.34	44	13.3	412	923.5263363	78	3	343
PAY	2021	9	2	17	23.5	16.2	96.32	48	13.1	239	932.978955	61	2.9	341
PAY	2021	9	2	18	20.6	15.4	96.31	55.5	11.7	33	0	0	2.6	336
PAY	2021	9	2	19	17.4	14.9	96.36	72.2	11.84	0	0	0	1.3	330
PAY	2021	9	2	20	16.4	14.2	96.39	78.6	12.12	0	0	0	0.4	327
PAY	2021	9	2	21	14.8	13.6	96.41	86.7	12.14	0	0	0	0.6	319
PAY	2021	9	2	22	13.5	13	96.43	89.3	11.36	0	0	0	0.4	316
PAY	2021	9	2	23	13	12.5	96.42	92	11.4	0	0	0	1	316
PAY	2021	9	3	0	12.5	12.2	96.39	93.7	11.24	0	0	0	0.5	315
PAY	2021	9	3	1	12.9	11.9	96.4	91	11.1	0	0	0	1.7	315
PAY	2021	9	3	2	12.6	11.7	96.4	92	11	0	0	0	1.5	315
PAY	2021	9	3	3	12.2	11.5	96.39	93.2	10.84	0	0	0	1.2	314
PAY	2021	9	3	4	11.5	11.5	96.37	95.2	10.54	0	0	0	1.2	313
PAY	2021	9	3	5	11.5	11	96.36	94.3	10.36	0	0	3	1.3	311
PAY	2021	9	3	6	12.4	11.6	96.39	93.3	11.06	55	0	66	1.4	315
PAY	2021	9	3	7	14.8	12.8	96.39	84.5	11.7	228	400.3455705	88	1.1	327
PAY	2021	9	3	8	16.5	13.8	96.4	73	11.1	360	492.4935674	112	1	325
PAY	2021	9	3	9	18.7	14.4	96.4	66.6	12.02	548	528.9731776	215	0.6	329
PAY	2021	9	3	10	20.9	15.8	96.35	62.4	13.38	662	443.6850876	343	1	338
PAY	2021	9	3	11	22.5	16.4	96.28	54.8	13.46	724	672.4865114	209	1.3	344
PAY	2021	9	3	12	23.9	16.8	96.23	52.8	14.46	780	871.1300181	112	1.5	349
PAY	2021	9	3	13	25	16.9	96.17	44.3	13.86	755	879.6111625	120	1.7	352
PAY	2021	9	3	14	24.6	16.2	96.09	40.1	12.62	557	704.9025711	110	1.5	356
PAY	2021	9	3	15	24.5	16.6	96.04	46	13.7	332	449.5037916	103	1.9	364
PAY	2021	9	3	16	23.8	16.3	96.01	42.4	12.28	225	390.0578338	86	2	365
PAY	2021	9	3	17	22.2	16.2	95.99	55.5	13.3	91	226.6908575	49	0.8	356
PAY	2021	9	3	18	19.8	16.2	96	64.6	12.72	35	0	0	0.4	359
PAY	2021	9	3	19	17.7	14.6	96.04	69.4	11.58	0	0	0	1.3	346
PAY	2021	9	3	20	17	14.4	96.08	73.6	11.72	0	0	0	1.8	360
PAY	2021	9	3	21	15.9	13.9	96.07	78.7	11.64	0	0	0	1.5	339
PAY	2021	9	3	22	14.4	13	96.08	84.5	11.3	0	0	0	1	330
PAY	2021	9	3	23	14.1	13	96.09	88.9	11.88	0	0	0	0.7	330
PAY	2021	9	4	0	14.1	12.7	96.05	86.8	11.46	0	0	0	1.1	325
PAY	2021	9	4	1	12.9	12.6	96.04	93.1	11.52	0	0	0	0.5	323
PAY	2021	9	4	2	12.8	12.1	96.02	91.9	11.18	0	0	0	0.6	324
PAY	2021	9	4	3	12.2	11.8	96	93.9	10.98	0	0	0	0.2	323
PAY	2021	9	4	4	12.6	11.6	96	91.7	10.94	0	0	0	0.4	344
PAY	2021	9	4	5	12.6	12.1	96	93.7	11.34	1	0	3	0.6	349
PAY	2021	9	4	6	14.6	12.7	96.03	88.5	12.3	78	91.52031747	62	0.5	339
PAY	2021	9	4	7	16.5	14.1	96.03	82	12.9	240	427.5524227	92	0.5	346
PAY	2021	9	4	8	17.8	14.8	96.04	74	12.6	389	557.9806053	110	0.5	326
PAY	2021	9	4	9	19.3	15.7	96.05	70.6	13.42	546	680.6180361	120	1	329
PAY	2021	9	4	10	21.3	16.4	96.03	60.9	13.48	666	749.4299943	130	1.3	335
PAY	2021	9	4	11	22.4	16.1	95.99	51.1	12.62	726	791.5077877	123	1.5	339
PAY	2021	9	4	12	24.2	16.1	95.94	44.3	13.06	782	870.7207787	118	2.1	343
PAY	2021	9	4	13	25.4	16.7	95.92	42.8	13.96	752	874.0000032	125	2.8	346
PAY	2021	9	4	14	26.3	16.1	95.86	36.7	13.64	656	861.2513223	114	2.5	348
PAY	2021	9	4	15	25.7	16.1	95.82	36.9	13.08	552	886.2836524	105	2.5	350
PAY	2021	9	4	16	25.9	16.4	95.82	41.6	14.22	390	863.23353	87	2.5	351
PAY	2021	9	4	17	22.9	16	95.87	45.5	12	74	144.6726929	48	2.7	353
PAY	2021	9	4	18	19.8	15.5	95.89	63	12.4	16	0	0	0.8	348
PAY	2021	9	4	19	17.9	15	95.98	73.7	12.64	0	0	0	0.6	347
PAY	2021	9	4	20	16.5	14.6	96.03	81.7	12.84	0	0	0	0.4	346
PAY	2021	9	4	21	15.7	14.5	96.06	86.5	13	0	0	0	0.4	344
PAY	2021	9	4	22	15.1	14.2	96.08	89.8	13.06	0	0	0	0.6	334
PAY	2021	9	4	23	14	13.7	96.09	92.8	12.56	0	0	0	0.4	325
PAY	2021	9	5	0	13.3	13.1	96.1	94.2	12.14	0	0	0	0.6	321
PAY	2021	9	5	1	13.1	12.8	96.1	93.2	11.74	0	0	0	1.4	319
PAY	2021	9	5	2	12.4	12.4	96.13	95.8	11.56	0	0	0	1.2	317
PAY	2021	9	5	3	12.3	12	96.15	94	11.1	0	0	0	0.5	315
PAY	2021	9	5	4	12.3	12.1	96.17	94.7	11.24	0	0	0	1.5	315
PAY	2021	9	5	5	11.5	11.6	96.19	97.1	10.92	0	0	2	0.7	312
PAY	2021	9	5	6	12.9	11.6	96.25	93.2	11.54	49	0	60	0.5	312
PAY	2021	9	5	7	14.8	13.2	96.26	86.8	12.16	203	221.840414	127	0.5	316
PAY	2021	9	5	8	17.2	14.6	96.29	79.1	13.02	381	398.8390409	183	0.5	321
PAY	2021	9	5	9	19.9	15.5	96.3	66.9	13.28	546	691.0510666	116	0.8	327
PAY	2021	9	5	10	21	16	96.28	62.6	13.52	669	763.2898382	126	1.2	332
PAY	2021	9	5	11	23.1	16.7	96.26	52.4	13.58	725	800.995818	118	1.5	339
PAY	2021	9	5	12	25.7	16.5	96.24	42.4	14.18	782	869.0527912	123	2	343
PAY	2021	9	5	13	25.7	16	96.21	34.1	12.52	751	872.5966336	129	2.2	346
PAY	2021	9	5	14	26.2	15.6	96.18	31.2	12.44	672	882.381379	121	2.2	350
PAY	2021	9	5	15	25.8	16.5	96.17	37.9	13.38	475	707.1294821	122	2.4	355
PAY	2021	9	5	16	23.9	16.4	96.2	45.4	12.98	109	92.59143138	77	2.1	373
PAY	2021	9	5	17	23.3	17.1	96.2	55.6	14.42	152	551.3635502	56	1.1	369
PAY	2021	9	5	18	20.8	17.2	96.26	69.7	14.74	53	0	0	0.7	352
PAY	2021	9	5	19	18.2	16.4	96.3	80	14.2	0	0	0	0.4	343
PAY	2021	9	5	20	17.1	15.2	96.35	81.6	13.42	0	0	0	0.6	339
PAY	2021	9	5	21	15.6	14.7	96.35	88.6	13.32	0	0	0	0.5	334
PAY	2021	9	5	22	15.2	14	96.39	87.9	12.78	0	0	0	1.1	329
PAY	2021	9	5	23	14.1	13.5	96.41	90.7	12.24	0	0	0	0.8	325
PAY	2021	9	6	0	13.4	13	96.42	91.9	11.78	0	0	0	1	323
PAY	2021	9	6	1	13	12.6	96.42	94.6	11.92	0	0	0	0.4	320
PAY	2021	9	6	2	12.5	12.1	96.45	95.5	11.6	0	0	0	0.6	318
PAY	2021	9	6	3	12.1	11.8	96.46	95.1	11.12	0	0	0	0.6	316
PAY	2021	9	6	4	11.5	11.5	96.46	96.6	10.82	0	0	0	0.8	315
PAY	2021	9	6	5	11.6	11.3	96.49	95.5	10.7	0	0	0	1	314
PAY	2021	9	6	6	12.5	11.4	96.54	93.9	11.28	47	0	61	0.7	313
PAY	2021	9	6	7	15.3	13	96.57	84.5	12.2	199	218.2923625	125	0.5	317
PAY	2021	9	6	8	17.4	14.6	96.6	78.9	13.18	378	403.7898315	179	0.9	323
PAY	2021	9	6	9	18.9	15.5	96.63	70.5	13	541	654.7694209	136	0.8	329
PAY	2021	9	6	10	20.7	16	96.62	64.3	13.56	663	734.9502453	143	1.1	335
PAY	2021	9	6	11	23.9	16.6	96.57	51.3	14.16	719	825.2357506	97	1.2	341
PAY	2021	9	6	12	24	16.3	96.55	41.2	12.24	775	888.6511304	105	1.5	344
PAY	2021	9	6	13	25.4	16.6	96.52	41.5	13.7	746	569.0626309	343	1.4	346
PAY	2021	9	6	14	26	16.7	96.49	37.8	13.56	648	891.0116979	96	1.5	350
PAY	2021	9	6	15	26.1	16.7	96.47	36.5	13.4	546	834.0136255	134	1.7	353
PAY	2021	9	6	16	25.7	16.9	96.45	44.4	14.58	342	696.7416334	105	2	355
PAY	2021	9	6	17	24.2	17.3	96.45	47.5	13.7	198	1000	8	1.7	354
PAY	2021	9	6	18	20.2	16.7	96.46	68.1	13.82	20	0	0	0.8	348
PAY	2021	9	6	19	17.9	16	96.52	80.9	14.08	0	0	0	0.4	342
PAY	2021	9	6	20	17.7	15	96.56	73.6	12.42	0	0	0	0.5	343
PAY	2021	9	6	21	16.1	14.3	96.58	80.2	12.14	0	0	0	0.6	332
PAY	2021	9	6	22	14.8	13.5	96.59	84.5	11.7	0	0	0	0.3	324
PAY	2021	9	6	23	14.2	12.9	96.6	85.6	11.32	0	0	0	0.7	320
PAY	2021	9	7	0	13.3	12.4	96.6	89.2	11.14	0	0	0	0.7	317
PAY	2021	9	7	1	12.9	11.9	96.59	90.4	10.98	0	0	0	0.9	315
PAY	2021	9	7	2	12.4	11.8	96.57	92.4	10.88	0	0	0	0.5	315
PAY	2021	9	7	3	11.8	11.5	96.57	94.9	10.78	0	0	0	0.9	314
PAY	2021	9	7	4	11.3	11.2	96.55	95.8	10.46	0	0	0	0.6	313
PAY	2021	9	7	5	11.3	10.9	96.56	94.5	10.2	0	0	0	0.5	311
PAY	2021	9	7	6	12.3	11	96.6	92	10.7	44	0	78	0.3	311
PAY	2021	9	7	7	15.1	12.7	96.63	81	11.3	198	313.0817765	93	0.3	315
PAY	2021	9	7	8	17.1	14	96.66	75.3	12.16	358	337.2943163	193	0.4	324
PAY	2021	9	7	9	19.1	14.8	96.67	65.8	12.26	494	400.1330623	248	0.8	335
PAY	2021	9	7	10	20.7	15.3	96.66	59.8	12.66	566	342.5141186	325	1.3	344
PAY	2021	9	7	11	21.6	15.4	96.59	55.5	12.7	552	268.1467054	351	1.5	350
PAY	2021	9	7	12	22.9	16.4	96.54	51.7	13.24	731	593.6880544	286	1.2	349
PAY	2021	9	7	13	24.5	16.8	96.47	47.7	14.04	700	676.6229129	224	1.3	351
PAY	2021	9	7	14	25	17	96.39	46.5	14.3	601	507.6967397	289	1.5	353
PAY	2021	9	7	15	25	17.2	96.32	45.4	14.08	521	622.0064271	217	1.6	354
PAY	2021	9	7	16	25.3	17.2	96.28	44.1	14.12	357	738.0645933	110	1.6	356
PAY	2021	9	7	17	23.9	17.3	96.24	54.3	14.76	193	890.7401515	48	1.6	357
PAY	2021	9	7	18	20.9	17.3	96.22	67.3	14.36	38	0	0	1	354
PAY	2021	9	7	19	18.3	16.8	96.26	83.6	15.02	0	0	0	0.5	347
PAY	2021	9	7	20	17.4	15.7	96.27	82.3	13.86	0	0	0	0.4	343
PAY	2021	9	7	21	16.1	15	96.27	85.7	13.24	0	0	0	0.6	341
PAY	2021	9	7	22	15.7	14.4	96.27	86.6	13.02	0	0	0	0.5	337
PAY	2021	9	7	23	14.6	14	96.24	91.3	12.86	0	0	0	0.7	332
PAY	2021	9	8	0	13.8	13.4	96.2	92.9	12.38	0	0	0	0.7	325
PAY	2021	9	8	1	13.3	13	96.18	94	12.1	0	0	0	0.6	322
PAY	2021	9	8	2	12.6	12.5	96.19	96.8	11.96	0	0	0	0.8	319
PAY	2021	9	8	3	11.8	12	96.16	95.9	10.98	0	0	0	0.7	318
PAY	2021	9	8	4	12.2	11.9	96.15	96.3	11.46	0	0	0	1.1	317
PAY	2021	9	8	5	11.5	11.5	96.14	97.5	11	0	0	0	0.6	316
PAY	2021	9	8	6	12.7	11.5	96.15	93.9	11.48	46	0	57	0.3	317
PAY	2021	9	8	7	14.8	12.9	96.13	86.7	12.14	162	220.0577003	89	0.2	319
PAY	2021	9	8	8	16.9	14.3	96.09	77.9	12.48	351	498.4445572	109	0.5	323
PAY	2021	9	8	9	18.3	15	96.07	71	12.5	520	641.5582219	128	0.8	329
PAY	2021	9	8	10	20.5	15.6	96.03	62.5	13	637	723.2042908	131	1.3	335
PAY	2021	9	8	11	22.7	16.6	95.96	53.1	13.32	699	751.2700882	139	1.2	341
PAY	2021	9	8	12	23.8	17.1	95.92	52	14.2	747	809.2890662	144	1.1	348
PAY	2021	9	8	13	26	17.7	95.86	45.2	15.04	706	811.4478405	139	1.1	356
PAY	2021	9	8	14	27	17.9	95.79	44.5	15.9	621	821.9761139	120	1.3	361
PAY	2021	9	8	15	27.3	18.2	95.74	40.4	15.38	518	852.2333928	106	1.3	363
PAY	2021	9	8	16	27	17.3	95.71	37.3	14.46	362	832.5254804	88	1.8	360
PAY	2021	9	8	17	25.1	17.1	95.7	45.7	14.24	189	948.6544832	40	1.8	359
PAY	2021	9	8	18	22.2	17.1	95.7	57.5	13.7	37	0	0	1.3	357
PAY	2021	9	8	19	20.5	16.3	95.76	65.3	13.56	0	0	0	1.7	363
PAY	2021	9	8	20	19.1	16.3	95.82	74.3	13.96	0	0	0	0.8	374
PAY	2021	9	8	21	18.9	16.1	95.85	74.7	13.84	0	0	0	1.2	359
PAY	2021	9	8	22	20	16.1	95.85	66.9	13.38	0	0	0	2.2	363
PAY	2021	9	8	23	18.6	15.8	95.88	74.3	13.46	0	0	0	2.1	354
PAY	2021	9	9	0	17.5	15.3	95.88	75.6	12.62	0	0	0	1.7	353
PAY	2021	9	9	1	17.6	14.6	95.85	70.4	11.68	0	0	0	1.7	349
PAY	2021	9	9	2	16.8	14.1	95.83	72.9	11.38	0	0	0	1.2	339
PAY	2021	9	9	3	14.7	13.4	95.82	85.1	11.72	0	0	0	0.7	334
PAY	2021	9	9	4	14.5	13.2	95.82	86.5	11.8	0	0	0	0.5	347
PAY	2021	9	9	5	16	13.4	95.83	76.9	11.38	0	0	0	0.7	369
PAY	2021	9	9	6	15.8	13.6	95.89	80.7	11.94	7	0	59	0.6	377
PAY	2021	9	9	7	16.5	14.2	95.93	79.1	12.32	22	0	91	0.8	383
PAY	2021	9	9	8	18	14.8	95.96	73.1	12.62	82	0	110	0.8	380
PAY	2021	9	9	9	19.5	15.3	95.99	63.7	12.24	278	256.9214795	122	1	378
PAY	2021	9	9	10	19.8	15.6	95.99	65.5	12.9	227	136.5606643	132	0.9	383
PAY	2021	9	9	11	19.5	15.6	95.98	68.6	13.22	140	6.746101395	135	0.6	385
PAY	2021	9	9	12	20.1	16	95.97	66.3	13.36	365	317.3136295	130	1.8	380
PAY	2021	9	9	13	21.1	16.2	95.97	62.2	13.54	336	291.0851169	134	1.6	384
PAY	2021	9	9	14	20.2	16.3	95.94	64.1	13.02	345	380.52886	115	2	380
PAY	2021	9	9	15	20.2	16	95.93	63.7	12.94	211	219.6273277	106	1	372
PAY	2021	9	9	16	19.4	16.1	95.94	71.2	13.64	46	0	83	0.9	390
PAY	2021	9	9	17	18.6	15.3	95.96	68.6	12.32	41	0	41	2.1	384
PAY	2021	9	9	18	17	15.2	95.93	85.2	14.04	16	0	0	1.6	378
PAY	2021	9	9	19	17	15.3	95.98	82.9	13.58	0	0	0	1.2	374
PAY	2021	9	9	20	16.1	15	96.01	88	13.7	0	0	0	0.5	357
PAY	2021	9	9	21	15.7	14.8	96	90.4	13.78	0	0	0	0.3	363
PAY	2021	9	9	22	15.8	14.8	95.99	88.8	13.56	0	0	0	0.7	370
PAY	2021	9	9	23	15.6	14.6	95.99	88.4	13.28	0	0	0	1.2	367
PAY	2021	9	10	0	15.4	14.5	95.98	89.8	13.36	0	0	0	1.2	368
PAY	2021	9	10	1	15.2	14.4	95.98	90.6	13.32	0	0	0	0.9	369
PAY	2021	9	10	2	15	14.3	95.97	93.6	13.72	0	0	0	0.6	367
PAY	2021	9	10	3	15.2	14.3	95.99	91.4	13.48	0	0	0	0.4	370
PAY	2021	9	10	4	15.1	14.4	95.96	93.4	13.78	0	0	0	0.6	375
PAY	2021	9	10	5	15.1	14.4	95.96	93.5	13.8	0	0	0	0.3	373
PAY	2021	9	10	6	15.1	14.5	95.99	94.2	13.94	17	0	61	0.4	368
PAY	2021	9	10	7	16.4	14.9	96.04	87.1	13.82	83	0	93	0.6	366
PAY	2021	9	10	8	18	15.4	96.07	79.3	13.86	235	259.3819091	111	0.5	371
PAY	2021	9	10	9	19.8	16	96.1	69.7	13.74	496	573.4865892	150	0.9	358
PAY	2021	9	10	10	19.7	16.3	96.11	71	13.9	357	323.8801643	133	1.6	382
PAY	2021	9	10	11	20.1	16.4	96.11	65.8	13.26	257	141.1348678	153	2.3	388
PAY	2021	9	10	12	20.1	16.1	96.1	65.2	13.14	255	95.10426969	185	3	389
PAY	2021	9	10	13	19.2	15.6	96.11	66.8	12.56	171	58.04611555	131	3.3	389
PAY	2021	9	10	14	19.1	15.4	96.11	66	12.3	137	20.02378814	125	3.3	388
PAY	2021	9	10	15	18.1	15	96.13	72.5	12.6	59	0	94	2.9	385
PAY	2021	9	10	16	17.5	14.8	96.14	77.5	13	62	0	104	2.1	380
PAY	2021	9	10	17	17.5	15.1	96.14	79.1	13.32	66	185.5447367	39	1.1	370
PAY	2021	9	10	18	16.5	15.1	96.16	84.3	13.36	37	0	0	0.6	357
PAY	2021	9	10	19	16	14.8	96.21	87.6	13.52	0	0	0	0.4	367
PAY	2021	9	10	20	16.4	14.6	96.24	83.4	13.08	0	0	0	0.9	375
PAY	2021	9	10	21	15.3	14.6	96.26	90.3	13.36	0	0	0	0.8	360
PAY	2021	9	10	22	14.4	14.1	96.27	93.4	13.08	0	0	0	0.4	342
PAY	2021	9	10	23	14.7	13.7	96.3	90.6	12.82	0	0	0	0.4	360
PAY	2021	9	11	0	14.5	13.5	96.29	90.3	12.56	0	0	0	0.3	345
PAY	2021	9	11	1	14.4	13.5	96.29	91.1	12.62	0	0	0	0.4	355
PAY	2021	9	11	2	14.1	13.5	96.28	93.8	12.86	0	0	0	0.4	360
PAY	2021	9	11	3	13.4	13.2	96.27	96.2	12.64	0	0	0	0.7	340
PAY	2021	9	11	4	13.1	12.9	96.26	96.3	12.36	0	0	0	0.5	340
PAY	2021	9	11	5	12.2	12.1	96.27	96.9	11.58	0	0	0	0.4	318
PAY	2021	9	11	6	12.6	11.8	96.3	95.2	11.64	27	0	68	0.6	326
PAY	2021	9	11	7	15.6	13.8	96.31	87.9	13.18	170	84.20376183	143	0.5	368
PAY	2021	9	11	8	16.5	14.6	96.31	86.5	13.8	155	16.86745221	147	0.4	369
PAY	2021	9	11	9	18.5	15.6	96.33	76.7	13.84	324	298.6190473	145	0.6	372
PAY	2021	9	11	10	20.2	16.4	96.3	71.1	14.42	478	427.6229742	184	0.9	375
PAY	2021	9	11	11	21.1	16.6	96.27	62.8	13.66	610	604.7367317	167	1.1	364
PAY	2021	9	11	12	21.3	16.8	96.24	61.7	13.64	488	408.790713	189	2.4	377
PAY	2021	9	11	13	21.8	16.1	96.22	58.2	13.44	393	327.3854206	169	1.9	378
PAY	2021	9	11	14	22.2	16.2	96.16	51.2	12.44	585	722.0957047	156	1.7	346
PAY	2021	9	11	15	22.6	15.3	96.15	43.3	11.26	515	751.2194763	164	1.8	344
PAY	2021	9	11	16	22.6	15	96.13	43.8	11.36	357	816.6450148	102	2.1	342
PAY	2021	9	11	17	22.1	14.7	96.14	44.6	11.02	206	1000	39	2.3	346
PAY	2021	9	11	18	20.4	14.6	96.16	52.7	10.94	45	0	0	1.7	362
PAY	2021	9	11	19	18.4	14.3	96.22	63.2	11.04	0	0	0	1	364
PAY	2021	9	11	20	17.4	14.4	96.24	71.6	11.72	0	0	0	0.8	376
PAY	2021	9	11	21	15.6	13.9	96.22	79.7	11.54	0	0	0	0.5	338
PAY	2021	9	11	22	13.9	13.1	96.24	86.8	11.26	0	0	0	0.4	321
PAY	2021	9	11	23	13.1	12.3	96.24	90.1	11.12	0	0	0	0.5	319
PAY	2021	9	12	0	12.9	12	96.22	89.1	10.72	0	0	0	0.4	323
PAY	2021	9	12	1	12.4	11.8	96.2	93.2	11.04	0	0	0	0.4	328
PAY	2021	9	12	2	11.4	11.3	96.18	93.8	10.16	0	0	0	0.6	315
PAY	2021	9	12	3	11.4	11.2	96.18	94.9	10.38	0	0	0	0.9	313
PAY	2021	9	12	4	10.9	10.7	96.16	96.6	10.22	0	0	0	0.8	312
PAY	2021	9	12	5	10.7	10.4	96.17	96.4	9.98	0	0	0	0.8	310
PAY	2021	9	12	6	11.2	10.4	96.19	95.3	10.26	30	0	58	0.4	310
PAY	2021	9	12	7	14.1	12	96.21	87.9	11.68	173	255.5933742	92	0.2	314
PAY	2021	9	12	8	16	13.5	96.22	79.2	11.84	318	433.5983787	114	0.4	323
PAY	2021	9	12	9	18.6	14.5	96.23	70.8	12.76	466	579.3583172	121	1.1	331
PAY	2021	9	12	10	19.6	15.5	96.19	65.7	12.74	622	722.8718734	128	1.6	334
PAY	2021	9	12	11	21.4	15.9	96.14	60.4	13.48	679	741.5863218	139	1.6	338
PAY	2021	9	12	12	22.9	16.2	96.1	52.5	13.4	743	843.4610358	130	1.5	341
PAY	2021	9	12	13	23.1	16.5	96.04	52.1	13.52	709	852.3966736	130	1.3	344
PAY	2021	9	12	14	23.5	16.4	95.99	47.1	12.92	620	852.4740424	118	1.3	343
PAY	2021	9	12	15	24	16.3	95.96	45.2	13.04	514	881.4201651	107	1.3	346
PAY	2021	9	12	16	23.5	16.6	95.95	49.4	13.38	353	864.4419139	88	1.3	348
PAY	2021	9	12	17	22.5	16.6	95.94	53.4	13.18	170	1000	36	2	347
PAY	2021	9	12	18	19.3	15.9	95.97	69.6	13.22	24	0	0	1.1	343
PAY	2021	9	12	19	17	15.2	96.03	78.8	12.76	0	0	0	0.6	341
PAY	2021	9	12	20	15.5	14.6	96.06	86.3	12.76	0	0	0	0.3	339
PAY	2021	9	12	21	14.8	14.1	96.06	89.8	12.76	0	0	0	0.4	334
PAY	2021	9	12	22	14.1	13.7	96.08	91.9	12.48	0	0	0	0.7	329
PAY	2021	9	12	23	13.6	13.3	96.08	94.4	12.48	0	0	0	0.8	326
PAY	2021	9	13	0	13.2	12.9	96.08	93.8	11.96	0	0	0	1	325
PAY	2021	9	13	1	12.8	12.4	96.06	94.7	11.74	0	0	0	1.1	321
PAY	2021	9	13	2	12.1	12.2	96.06	96.5	11.4	0	0	0	1.6	317
PAY	2021	9	13	3	11.6	11.4	96.06	95.4	10.68	0	0	0	1.2	312
PAY	2021	9	13	4	11.5	11.1	96.07	95.8	10.66	0	0	0	1.3	311
PAY	2021	9	13	5	11.3	11.1	96.07	95.9	10.48	0	0	0	1.6	310
PAY	2021	9	13	6	12.3	11.2	96.1	94.6	11.22	30	0	64	1.2	310
PAY	2021	9	13	7	14.3	12.6	96.15	86.9	11.68	168	201.1845647	105	1.6	316
PAY	2021	9	13	8	16.3	14.4	96.16	86.1	13.52	346	452.1631556	135	1	320
PAY	2021	9	13	9	18.8	15.4	96.18	75.7	13.94	512	635.662318	136	0.7	327
PAY	2021	9	13	10	21.2	16.5	96.16	68.7	14.94	634	740.570847	131	0.8	334
PAY	2021	9	13	11	22.3	16.9	96.09	59.8	14.26	684	726.7798299	158	1.1	341
PAY	2021	9	13	12	23.8	17.5	96	54.5	14.7	714	804.6413534	133	1.3	348
PAY	2021	9	13	13	24.3	17.8	95.96	52.7	14.84	673	794.9386908	137	1.9	354
PAY	2021	9	13	14	25.3	17.7	95.91	46.8	14.66	599	817.341448	122	1.4	356
PAY	2021	9	13	15	26.5	17	95.88	34.8	13.46	489	815.3798222	117	2.9	355
PAY	2021	9	13	16	25.2	16.6	95.87	40.9	13.38	313	741.2940797	90	3.9	352
PAY	2021	9	13	17	24.3	16.6	95.87	44.9	13.28	138	804.8762507	35	1.8	353
PAY	2021	9	13	18	20	16.5	95.89	68.3	13.66	32	0	0	0.6	349
PAY	2021	9	13	19	18.4	15.3	95.94	70.9	12.58	0	0	0	0.6	342
PAY	2021	9	13	20	15.3	14.5	95.98	82.7	11.84	0	0	0	0.8	335
PAY	2021	9	13	21	17.1	14.1	95.99	74.3	11.96	0	0	0	1.9	332
PAY	2021	9	13	22	15.5	13.5	96	81.2	11.74	0	0	0	1.2	331
PAY	2021	9	13	23	15.9	13.7	95.99	78.3	11.56	0	0	0	2.5	339
PAY	2021	9	14	0	14	13.3	96	88.5	11.7	0	0	0	0.8	343
PAY	2021	9	14	1	14.1	12.9	95.98	85.9	11.28	0	0	0	1.2	330
PAY	2021	9	14	2	13.5	12.6	95.96	89	11.3	0	0	0	0.8	327
PAY	2021	9	14	3	13.5	12.3	95.95	89.7	11.44	0	0	0	0.8	325
PAY	2021	9	14	4	12.1	12.1	95.95	95.7	11.24	0	0	0	0.6	322
PAY	2021	9	14	5	12.5	11.7	95.97	93	11.1	0	0	0	0.6	323
PAY	2021	9	14	6	12.9	11.8	95.99	92	11.3	29	0	63	0.7	321
PAY	2021	9	14	7	16.1	13.3	96	79.9	12.08	184	252.1349866	106	0.5	324
PAY	2021	9	14	8	18.4	15	96	77.1	13.82	344	475.3885444	124	0.4	331
PAY	2021	9	14	9	20.2	15.9	96	67.1	13.62	510	657.0276416	124	0.8	340
PAY	2021	9	14	10	21.8	16.7	96	61.9	14.18	542	614.8296524	127	0.8	352
PAY	2021	9	14	11	22.8	17.4	95.99	60.6	14.92	412	393.456491	129	1	381
PAY	2021	9	14	12	23.5	18	95.98	59.1	15.32	462	476.7832649	120	0.9	386
PAY	2021	9	14	13	22.5	18.2	95.95	65.8	15.66	208	119.5414001	128	1.7	397
PAY	2021	9	14	14	23.2	18.4	95.93	63.9	15.98	255	171.1969135	156	0.9	390
PAY	2021	9	14	15	24.1	18.8	95.9	62.8	16.66	377	552.5165634	128	1.2	372
PAY	2021	9	14	16	23.5	18.7	95.88	62.8	16.06	236	515.1445363	84	1.3	376
PAY	2021	9	14	17	22.6	18.6	95.87	70.5	16.7	59	221.1848292	32	0.7	398
PAY	2021	9	14	18	20.3	18.4	95.93	79.6	16.22	6	0	0	0.4	396
PAY	2021	9	14	19	19.8	17.4	95.95	76.4	15.08	0	0	0	0.8	398
PAY	2021	9	14	20	18.3	17	95.97	86.1	15.52	0	0	0	1.3	394
PAY	2021	9	14	21	17.2	16.8	95.95	94.3	16.06	0	0	0	0.6	376
PAY	2021	9	14	22	17.6	16.5	95.98	89.5	15.5	0	0	0	1	377
PAY	2021	9	14	23	16.9	16.3	95.97	94.5	15.8	0	0	0	0.8	380
PAY	2021	9	15	0	17	16.4	95.91	93.7	15.74	0	0	0	0.5	387
PAY	2021	9	15	1	16.8	16.3	95.89	95	15.8	0	0	0	0.6	383
PAY	2021	9	15	2	16.8	16.4	95.84	96.2	16.04	0	0	0	0.8	390
PAY	2021	9	15	3	16.8	16.4	95.86	95.8	15.96	0	0	0	0.7	383
PAY	2021	9	15	4	16.8	16.3	95.87	94.9	15.78	0	0	0	1.3	383
PAY	2021	9	15	5	16.7	16.3	95.88	95.2	15.74	0	0	0	1.8	383
PAY	2021	9	15	6	17	16.3	95.87	93.8	15.76	11	0	56	0.7	379
PAY	2021	9	15	7	17.1	16.6	95.88	96.3	16.36	28	0	91	0.5	387
PAY	2021	9	15	8	17.8	16.9	95.93	92	16.2	57	0	113	0.7	385
PAY	2021	9	15	9	18.4	17.3	95.9	94.1	17.22	85	0	121	0.4	390
PAY	2021	9	15	10	19.1	17.4	95.88	85.4	16.18	263	201.2763114	128	0.6	387
PAY	2021	9	15	11	19.1	17.7	95.86	87.7	16.64	101	0	134	0.4	393
PAY	2021	9	15	12	20.5	18.3	95.86	82.3	16.96	270	185.2612439	138	0.6	390
PAY	2021	9	15	13	21.5	18.1	95.85	73.3	16.16	173	66.25129842	129	1.1	396
PAY	2021	9	15	14	22.4	17.9	95.81	65.6	15.52	351	403.1961172	120	1.6	395
PAY	2021	9	15	15	23.4	18.3	95.78	62.2	15.84	395	651.5897403	105	1.7	388
PAY	2021	9	15	16	21.5	18.7	95.78	76.7	16.84	207	425.2065903	84	1.5	383
PAY	2021	9	15	17	21.3	18.5	95.82	77	16.7	51	180.8031715	30	0.7	401
PAY	2021	9	15	18	20	17.4	95.87	73.4	14.68	9	0	0	2.3	386
PAY	2021	9	15	19	18.9	16.5	95.9	77.4	14.38	0	0	0	2.6	380
PAY	2021	9	15	20	17.9	16.2	95.96	82.8	14.46	0	0	0	2.5	366
PAY	2021	9	15	21	17.5	16	96	86.5	14.8	0	0	0	1.4	384
PAY	2021	9	15	22	17.2	16.1	95.97	88.8	14.96	0	0	0	1.2	380
PAY	2021	9	15	23	16.8	16	95.96	91.4	15.08	0	0	0	1.6	375
PAY	2021	9	16	0	16.5	15.7	95.95	91.7	14.84	0	0	0	1.7	372
PAY	2021	9	16	1	16.7	15.7	95.95	90.6	14.82	0	0	0	1.3	374
PAY	2021	9	16	2	16.4	15.8	95.94	93.8	15.16	0	0	0	1.9	384
PAY	2021	9	16	3	16.3	15.8	95.95	94.4	15.18	0	0	0	0.9	390
PAY	2021	9	16	4	16.2	15.7	95.93	95.1	15.22	0	0	0	1.1	385
PAY	2021	9	16	5	16.2	15.8	95.94	96.2	15.44	0	0	0	1.1	389
PAY	2021	9	16	6	16.4	15.9	95.99	96.4	15.68	2	0	58	1.8	392
PAY	2021	9	16	7	16.4	16	96.01	96.1	15.62	22	0	119	1.5	388
PAY	2021	9	16	8	17	16.2	96.05	94.7	15.94	66	0	146	0.6	387
PAY	2021	9	16	9	18.1	16.8	96.06	89	15.9	222	129.4543706	147	1.7	376
PAY	2021	9	16	10	18.6	17.3	96.05	87.2	16.04	315	243.0919062	153	2.2	381
PAY	2021	9	16	11	18.8	17.4	96.04	84.8	15.76	340	256.2716178	158	2.7	385
PAY	2021	9	16	12	18.6	17	96.02	86.3	15.86	202	63.58958841	157	1.9	390
PAY	2021	9	16	13	21	17.9	95.96	78.7	16.74	608	726.8494326	129	2.4	373
PAY	2021	9	16	14	20.8	17.5	95.91	70.5	14.9	516	694.2443429	122	1.3	376
PAY	2021	9	16	15	18.3	17.3	95.91	90.4	16.38	122	0	163	1.4	388
PAY	2021	9	16	16	18.7	17.3	95.91	87.2	16.14	122	63.50266114	104	1.3	385
PAY	2021	9	16	17	17.4	16.9	95.95	89.8	15.36	49	217.7696336	25	1.2	374
PAY	2021	9	16	18	16.9	16.3	95.96	93.2	15.54	22	0	0	2.2	367
PAY	2021	9	16	19	15.9	15.8	96	96.6	15.22	0	0	0	1.4	339
PAY	2021	9	16	20	15.3	15.3	96.03	97.1	14.72	0	0	0	0.8	331
PAY	2021	9	16	21	14.9	14.9	96.05	98.4	14.58	0	0	0	0.6	332
PAY	2021	9	16	22	14.3	14.4	96.06	97.9	13.88	0	0	0	0.3	332
PAY	2021	9	16	23	14.8	14.4	96.05	96.9	14.18	0	0	0	1.1	371
PAY	2021	9	17	0	14.5	14.4	96.05	97.8	14.06	0	0	0	0.8	352
PAY	2021	9	17	1	14.5	14.2	96.03	96.7	13.84	0	0	0	0.3	360
PAY	2021	9	17	2	13.7	13.8	95.99	99.1	13.52	0	0	0	0.8	340
PAY	2021	9	17	3	13.8	13.4	95.96	97.8	13.36	0	0	0	0.7	355
PAY	2021	9	17	4	14.4	14	95.92	100	14.4	0	0	0	0.4	384
PAY	2021	9	17	5	13.8	14.1	95.91	99.9	13.78	0	0	0	0.6	364
PAY	2021	9	17	6	13.9	13.6	95.93	96.1	13.12	8	0	57	0.7	365
PAY	2021	9	17	7	14.4	13.6	95.94	93.8	13.16	53	0	91	1.1	379
PAY	2021	9	17	8	14.8	13.8	95.93	90.5	12.9	123	6.651890997	120	1.4	380
PAY	2021	9	17	9	15.5	14	95.94	90.3	13.56	141	34.76865883	121	1.4	381
PAY	2021	9	17	10	16.1	14.4	95.92	84.7	13.04	253	188.8020911	128	1.3	379
PAY	2021	9	17	11	17.1	14.8	95.88	76.4	12.38	594	637.7751869	144	1.3	337
PAY	2021	9	17	12	18.8	15.4	95.82	70.7	12.94	755	879.370668	137	1.3	333
PAY	2021	9	17	13	19.5	15.6	95.78	63	12.1	740	936.0120248	128	1.2	329
PAY	2021	9	17	14	21	15.5	95.72	60.9	13.18	621	898.436728	116	1.6	327
PAY	2021	9	17	15	20.9	15.6	95.69	58.4	12.58	495	896.7963423	106	1.4	330
PAY	2021	9	17	16	20.8	15.7	95.68	58.9	12.58	327	878.9312495	83	1.4	332
PAY	2021	9	17	17	19.7	15.6	95.69	67.2	13.14	146	1000	25	1.1	332
PAY	2021	9	17	18	17	15.5	95.7	84.9	13.98	13	0	0	0.4	328
PAY	2021	9	17	19	15.1	14.5	95.76	90.5	13.2	0	0	0	0.7	324
PAY	2021	9	17	20	14.2	13.8	95.79	92.7	12.74	0	0	0	1.2	316
PAY	2021	9	17	21	13.3	13.1	95.82	94.3	12.16	0	0	0	0.5	312
PAY	2021	9	17	22	12.6	12.5	95.84	96.9	11.98	0	0	0	0.2	309
PAY	2021	9	17	23	11.9	11.9	95.85	97.1	11.32	0	0	0	0.4	307
PAY	2021	9	18	0	11.7	11.5	95.86	96.3	10.96	0	0	0	0.2	305
PAY	2021	9	18	1	10.8	10.9	95.86	98	10.4	0	0	0	0.2	303
PAY	2021	9	18	2	10.5	10.5	95.87	97.7	10.04	0	0	0	0.3	301
PAY	2021	9	18	3	10.3	10.3	95.84	98.2	9.94	0	0	0	0.6	300
PAY	2021	9	18	4	9.7	9.9	95.82	98.1	9.32	0	0	0	0.2	298
PAY	2021	9	18	5	9.9	9.5	95.87	98.3	9.56	0	0	0	0.6	297
PAY	2021	9	18	6	9.9	9.5	95.88	97.1	9.32	20	0	59	0.2	298
PAY	2021	9	18	7	11.5	10.6	95.9	95.7	10.64	118	6.80307059	116	0.2	304
PAY	2021	9	18	8	12.8	11.7	95.91	93.3	11.46	225	174.4913606	147	0.5	309
PAY	2021	9	18	9	14.3	12.4	95.91	84.2	11.14	403	441.276079	151	0.7	308
PAY	2021	9	18	10	16.2	13.3	95.88	75.5	11.3	614	722.2320339	139	0.9	315
PAY	2021	9	18	11	18.5	14.6	95.85	73.7	13.24	686	746.1520851	163	1.2	321
PAY	2021	9	18	12	19.3	15.4	95.82	64.4	12.18	714	811.0677012	148	1.4	327
PAY	2021	9	18	13	20.4	16.1	95.76	65.6	13.52	687	832.5275902	147	1.3	331
PAY	2021	9	18	14	21.3	16.5	95.7	62.7	13.84	602	858.7609687	124	1.9	335
PAY	2021	9	18	15	21.7	16.7	95.65	62.2	14.14	483	859.6692954	115	1.9	338
PAY	2021	9	18	16	21.1	16.3	95.63	60.6	13.22	270	691.8245287	82	2.3	338
PAY	2021	9	18	17	20.2	16.2	95.62	64.6	13.12	85	641.0128878	22	1.7	350
PAY	2021	9	18	18	17.1	15.9	95.62	85.6	14.22	12	0	0	1	336
PAY	2021	9	18	19	15.7	15	95.64	90.7	13.84	0	0	0	0.7	330
PAY	2021	9	18	20	14.4	14.1	95.65	93.6	13.12	0	0	0	0.8	322
PAY	2021	9	18	21	13.6	13.4	95.63	94.5	12.5	0	0	0	0.3	321
PAY	2021	9	18	22	13	12.8	95.62	95.3	12.06	0	0	0	0.4	318
PAY	2021	9	18	23	12.6	12.2	95.6	94.3	11.46	0	0	0	0.5	315
PAY	2021	9	19	0	12.7	11.9	95.58	94.3	11.56	0	0	0	1.2	320
PAY	2021	9	19	1	11.7	12.1	95.56	95.8	10.86	0	0	0	0.6	326
PAY	2021	9	19	2	12.7	12.1	95.57	95.7	11.84	0	0	0	1.2	356
PAY	2021	9	19	3	13.6	12.5	95.58	89.9	11.58	0	0	0	1.4	373
PAY	2021	9	19	4	13	12.5	95.67	95	12	0	0	0	3.8	375
PAY	2021	9	19	5	13.2	12.7	95.7	93.6	11.92	0	0	0	2.1	371
PAY	2021	9	19	6	12.4	12.1	95.73	92.9	10.98	1	0	11	2.9	364
PAY	2021	9	19	7	12.2	11.7	95.73	95.5	11.3	8	0	44	1.4	365
PAY	2021	9	19	8	12.4	11.8	95.8	93.6	11.12	31	0	109	0.5	366
PAY	2021	9	19	9	12.1	11.8	95.86	94.6	11.02	33	0	146	1.2	370
PAY	2021	9	19	10	11.8	11.4	95.88	94.8	10.76	36	0	146	2.1	364
PAY	2021	9	19	11	11.7	11.1	95.88	90.7	9.84	61	0	109	2.4	361
PAY	2021	9	19	12	12.4	11.2	95.9	84.3	9.26	120	0	334	1	362
PAY	2021	9	19	13	12.4	11	95.9	84.9	9.38	119	0	163	0.6	356
PAY	2021	9	19	14	12.9	11	95.91	87.1	10.32	159	65.32260836	123	1.3	358
PAY	2021	9	19	15	12.1	11	95.92	89.2	9.94	140	0	165	1.2	361
PAY	2021	9	19	16	13.2	11.8	95.92	88.1	10.82	180	308.4316674	98	0.8	353
PAY	2021	9	19	17	12.9	11.9	95.94	89.6	10.82	53	379.1935434	18	0.8	357
PAY	2021	9	19	18	12.1	11.7	95.97	95.1	11.12	6	0	0	0.7	348
PAY	2021	9	19	19	11.9	11.5	95.99	96	11.1	0	0	0	0.5	355
PAY	2021	9	19	20	12	11.6	96.04	95.8	11.16	0	0	0	0.4	359
PAY	2021	9	19	21	12.1	11.9	96.04	96.6	11.42	0	0	0	0.4	360
PAY	2021	9	19	22	11.9	11.7	96.04	96	11.1	0	0	0	0.5	351
PAY	2021	9	19	23	10.6	10.9	96.05	95.9	9.78	0	0	0	0.4	309
PAY	2021	9	20	0	11.1	10.5	96.05	95.5	10.2	0	0	0	0.7	338
PAY	2021	9	20	1	10.9	10.5	96.06	94.1	9.72	0	0	0	1.2	344
PAY	2021	9	20	2	10.9	10.5	96.05	94.7	9.84	0	0	0	1.4	344
PAY	2021	9	20	3	11	10.6	96.05	94.9	9.98	0	0	0	1.5	350
PAY	2021	9	20	4	11	10.6	96.04	94.2	9.84	0	0	0	1.4	357
PAY	2021	9	20	5	11	10.5	96.05	94.2	9.84	0	0	0	1.5	358
PAY	2021	9	20	6	11.1	10.5	96.07	94.5	10	3	0	39	1.1	360
PAY	2021	9	20	7	11.5	10.9	96.07	94.8	10.46	29	0	105	0.3	366
PAY	2021	9	20	8	12.3	11.2	96.09	92.4	10.78	99	0	204	0.2	358
PAY	2021	9	20	9	13.3	11.4	96.12	80.2	9.34	244	0	274	0.6	351
PAY	2021	9	20	10	13.6	11.5	96.13	79.8	9.56	289	178.792942	173	0.4	357
PAY	2021	9	20	11	14	12	96.13	79	9.8	249	93.99711558	184	1.1	362
PAY	2021	9	20	12	14.2	12	96.14	78.5	9.9	258	116.3018513	178	0.8	365
PAY	2021	9	20	13	14.5	12	96.15	77.8	10.06	253	120.672011	176	0.5	359
PAY	2021	9	20	14	14.6	12.4	96.16	82	11	224	0	232	0.4	365
PAY	2021	9	20	15	14.2	12.1	96.18	79.5	10.1	172	115.2175154	124	0.5	364
PAY	2021	9	20	16	14.1	12.4	96.22	83	10.7	103	261.5784698	35	0.4	358
PAY	2021	9	20	17	14.1	12.5	96.26	84.2	10.94	77	868.940016	2	0.4	351
PAY	2021	9	20	18	13.5	13	96.32	93.5	12.2	7	0	0	0.1	359
PAY	2021	9	20	19	13.1	12.8	96.36	95.8	12.26	0	0	0	0	355
PAY	2021	9	20	20	12.6	12.4	96.41	97.7	12.14	0	0	0	0.4	338
PAY	2021	9	20	21	11.6	11.8	96.45	98	11.2	0	0	0	0.5	324
PAY	2021	9	20	22	11.6	11.2	96.48	97.1	11.02	0	0	0	0.3	321
PAY	2021	9	20	23	11.4	11.5	96.51	97.9	10.98	0	0	0	0.2	340
PAY	2021	9	21	0	10.4	10.6	96.53	99.5	10.3	0	0	0	0.2	299
PAY	2021	9	21	1	9.9	9.9	96.54	98.4	9.58	0	0	0	0.4	312
PAY	2021	9	21	2	9.8	9.9	96.54	100	9.8	0	0	0	0.4	333
PAY	2021	9	21	3	10.2	10	96.57	98.3	9.86	0	0	0	0.4	345
PAY	2021	9	21	4	10.4	10.1	96.59	97.4	9.88	0	0	0	0.5	346
PAY	2021	9	21	5	10.5	10.2	96.61	97.6	10.02	0	0	0	0.4	356
PAY	2021	9	21	6	10.7	10.5	96.67	97.2	10.14	11	0	42	1.1	341
PAY	2021	9	21	7	10.8	10.6	96.73	98	10.4	64	0	127	1.3	334
PAY	2021	9	21	8	12.7	11.2	96.8	89.1	10.52	263	151.7662184	197	2.1	329
PAY	2021	9	21	9	13.7	11.8	96.85	81.6	10.02	340	114.6168508	276	2.6	329
PAY	2021	9	21	10	15.1	12.4	96.87	70.9	9.28	412	223.5004845	268	3.5	331
PAY	2021	9	21	11	17.1	13.1	96.83	64.5	10	630	605.7588092	214	4.3	311
PAY	2021	9	21	12	17.9	13	96.81	55	8.9	702	795.2346043	159	4.5	313
PAY	2021	9	21	13	18.9	12.8	96.78	54.3	9.76	684	798.0739486	179	4.4	311
PAY	2021	9	21	14	18.6	13	96.78	50.8	8.76	608	755.5435536	200	4.1	313
PAY	2021	9	21	15	18.6	13	96.81	55.3	9.66	479	866.5292976	123	4.2	313
PAY	2021	9	21	16	18.1	12.8	96.8	54.9	9.08	306	952.587341	64	3.6	313
PAY	2021	9	21	17	16.7	12.6	96.85	59.9	8.68	128	1000	13	3	311
PAY	2021	9	21	18	14.2	11.8	96.87	73.3	8.86	10	0	0	2	306
PAY	2021	9	21	19	12	11.1	96.9	86.7	9.34	0	0	0	0.8	301
PAY	2021	9	21	20	13	10.9	96.96	79.3	8.86	0	0	0	1.6	298
PAY	2021	9	21	21	12.4	10.9	96.97	82	8.8	0	0	0	1.4	297
PAY	2021	9	21	22	10.9	10.3	96.99	91.4	9.18	0	0	0	0.7	295
PAY	2021	9	21	23	9.6	9.7	97.02	96.8	8.96	0	0	0	0.4	291
PAY	2021	9	22	0	9.4	9	97	96.5	8.7	0	0	0	0.4	288
PAY	2021	9	22	1	8.3	8.2	96.97	97.9	7.88	0	0	0	0.4	286
PAY	2021	9	22	2	7.9	7.7	96.93	97.7	7.44	0	0	0	0.2	283
PAY	2021	9	22	3	8.2	7.8	96.89	97.5	7.7	0	0	0	0.9	282
PAY	2021	9	22	4	7.4	7.3	96.9	97.4	6.88	0	0	0	0.7	285
PAY	2021	9	22	5	7.3	6.9	96.93	96.5	6.6	0	0	0	0.4	284
PAY	2021	9	22	6	7.7	7	96.97	97.6	7.22	7	0	52	0.4	316
PAY	2021	9	22	7	9.5	8.3	97.01	95	8.5	47	0	130	0.4	354
PAY	2021	9	22	8	9.7	9.2	97	94.2	8.54	83	0	186	1.3	357
PAY	2021	9	22	9	11	9.8	96.98	88.8	8.76	134	0	225	1.7	359
PAY	2021	9	22	10	11.8	10.3	96.94	86.4	9.08	204	0	261	1.5	360
PAY	2021	9	22	11	14.1	11.3	96.89	76.2	9.34	380	73.3207352	330	1.8	334
PAY	2021	9	22	12	16	12.7	96.81	70.7	10.14	503	293.625993	304	2.2	320
PAY	2021	9	22	13	17.4	13.1	96.75	61.9	9.78	631	631.1554976	235	3.3	317
PAY	2021	9	22	14	17.7	13.1	96.71	58.4	9.38	591	903.7913067	108	4.1	312
PAY	2021	9	22	15	17.6	13	96.66	57.6	9.12	469	878.9141538	113	4.6	312
PAY	2021	9	22	16	17.2	12.8	96.62	59.3	9.06	268	785.9169581	73	3.6	309
PAY	2021	9	22	17	16.1	12.5	96.6	64.3	8.96	123	1000	4	3.4	307
PAY	2021	9	22	18	14.6	11.7	96.62	68.2	8.24	9	0	0	2.5	305
PAY	2021	9	22	19	13.1	10.8	96.63	72.2	7.54	0	0	0	2.3	302
PAY	2021	9	22	20	12.9	10.2	96.63	72.1	7.32	0	0	0	1.6	297
PAY	2021	9	22	21	11.3	9.9	96.62	80.7	7.44	0	0	0	1.7	295
PAY	2021	9	22	22	9.6	9.4	96.62	90.6	7.72	0	0	0	1.2	294
PAY	2021	9	22	23	8.6	8.7	96.66	94.3	7.46	0	0	0	1	294
PAY	2021	9	23	0	8	8.3	96.67	96.3	7.26	0	0	0	0.5	303
PAY	2021	9	23	1	7.9	8	96.64	97	7.3	0	0	0	0.7	287
PAY	2021	9	23	2	7.7	7.7	96.6	96.9	7.08	0	0	0	0.6	291
PAY	2021	9	23	3	8	7.8	96.59	96.5	7.3	0	0	0	0.7	326
PAY	2021	9	23	4	9.2	8.4	96.57	95.3	8.26	0	0	0	0.6	358
PAY	2021	9	23	5	9.5	9	96.56	94.8	8.46	0	0	0	0.5	359
PAY	2021	9	23	6	10.1	9.4	96.58	92.4	8.58	4	0	51	0.3	361
PAY	2021	9	23	7	10.6	9.8	96.58	92	9	41	0	102	0.3	361
PAY	2021	9	23	8	11.5	10.1	96.58	85.2	8.54	122	0	202	0.3	362
PAY	2021	9	23	9	13.4	10.8	96.59	76.8	8.76	295	47.29406577	269	0.6	356
PAY	2021	9	23	10	15.6	12.4	96.57	77.2	11.04	530	351.0812429	307	0.7	319
PAY	2021	9	23	11	17.1	13.2	96.54	70.5	11.2	684	711.868046	202	1.2	310
PAY	2021	9	23	12	18.5	14.6	96.51	65.3	11.56	694	796.8917256	158	1.2	320
PAY	2021	9	23	13	20.3	15.4	96.42	62.8	12.86	671	606.0735219	294	1.3	325
PAY	2021	9	23	14	21.5	16.2	96.36	60.2	13.54	562	790.4734414	144	1.5	332
PAY	2021	9	23	15	21.6	15.9	96.32	54.3	12.46	451	796.5166278	133	1.6	332
PAY	2021	9	23	16	21.3	15.7	96.31	57.6	12.82	294	941.443163	66	2	331
PAY	2021	9	23	17	19.5	15.6	96.31	67.1	12.92	119	1000	8	1.2	329
PAY	2021	9	23	18	16.1	14.8	96.34	82.5	12.6	6	0	0	0.7	325
PAY	2021	9	23	19	14.2	13.7	96.36	89.5	12.1	0	0	0	1.4	323
PAY	2021	9	23	20	13.5	13.3	96.39	91.7	11.84	0	0	0	1	318
PAY	2021	9	23	21	12.8	12.6	96.41	93.7	11.54	0	0	0	1.1	314
PAY	2021	9	23	22	12.3	11.9	96.41	94.1	11.12	0	0	0	1.7	307
PAY	2021	9	23	23	12.4	11.3	96.38	92.7	10.94	0	0	0	1.5	304
PAY	2021	9	24	0	10.9	10.7	96.4	95.7	10.04	0	0	0	0.9	301
PAY	2021	9	24	1	10.6	10.2	96.38	95.2	9.64	0	0	0	0.9	299
PAY	2021	9	24	2	10.1	10	96.35	95.6	9.22	0	0	0	0.6	298
PAY	2021	9	24	3	8.5	9.1	96.34	98.2	8.14	0	0	0	1	295
PAY	2021	9	24	4	10.9	9.4	96.36	94.1	9.72	0	0	0	1.2	329
PAY	2021	9	24	5	9.8	10.2	96.33	94.2	8.64	0	0	0	1.5	353
PAY	2021	9	24	6	9.6	9.2	96.34	98.9	9.38	12	0	23	0.9	301
PAY	2021	9	24	7	11.7	10.4	96.36	95.9	10.88	128	0	132	0.6	321
PAY	2021	9	24	8	13.4	12.4	96.37	90	11.4	230	54.43979954	207	0.8	354
PAY	2021	9	24	9	14.8	13.2	96.38	86.2	12.04	447	337.375187	263	1.1	307
PAY	2021	9	24	10	16.4	14	96.34	80.2	12.44	600	463.0729233	308	1.2	310
PAY	2021	9	24	11	18.3	14.8	96.29	75.6	13.42	675	656.0425677	234	1.4	316
PAY	2021	9	24	12	20.1	15.7	96.24	66.4	13.38	698	561.831301	323	0.7	322
PAY	2021	9	24	13	21.8	16.4	96.2	62.5	14.3	665	630.8549371	276	1.1	330
PAY	2021	9	24	14	21.3	16.8	96.14	66.3	14.56	576	770.3253834	173	1.6	334
PAY	2021	9	24	15	21.5	17.1	96.08	63.5	14.2	447	983.6913271	60	1.4	336
PAY	2021	9	24	16	21.5	17.2	96.05	66.1	14.72	282	986.2928064	49	1.5	338
PAY	2021	9	24	17	20.6	16.8	96.08	66.2	13.84	108	1000	2	1.3	338
PAY	2021	9	24	18	16.2	15.8	96.11	86	13.4	5	0	0	0.9	334
PAY	2021	9	24	19	15.4	14.4	96.15	88.1	13.02	0	0	0	0.8	329
PAY	2021	9	24	20	14.1	13.8	96.19	93.3	12.76	0	0	0	0.5	323
PAY	2021	9	24	21	13.9	13.3	96.19	94	12.7	0	0	0	0.7	322
PAY	2021	9	24	22	12.9	13	96.21	94.6	11.82	0	0	0	1.6	321
PAY	2021	9	24	23	12.8	12.5	96.21	96	12	0	0	0	1.5	318
PAY	2021	9	25	0	12	12	96.2	97.2	11.44	0	0	0	1.4	316
PAY	2021	9	25	1	11.8	11.6	96.2	97.1	11.22	0	0	0	1	313
PAY	2021	9	25	2	11.1	11.2	96.17	97.7	10.64	0	0	0	0.8	311
PAY	2021	9	25	3	10.3	10.5	96.15	97.9	9.88	0	0	0	0.3	309
PAY	2021	9	25	4	9.8	10	96.16	98.2	9.44	0	0	0	0.6	309
PAY	2021	9	25	5	10.9	10.3	96.17	96.3	10.16	0	0	0	0.3	339
PAY	2021	9	25	6	11.9	11.3	96.2	98.6	11.62	7	0	27	0.3	372
PAY	2021	9	25	7	12.8	12	96.19	98.9	12.58	59	63.85505931	42	0.3	373
PAY	2021	9	25	8	12.7	12.6	96.21	99.8	12.66	147	59.76614299	122	0.6	374
PAY	2021	9	25	9	14.4	13.3	96.21	93.6	13.12	248	86.87784439	201	0.4	364
PAY	2021	9	25	10	16.9	14.3	96.16	81.8	13.26	445	212.4854506	312	0.4	350
PAY	2021	9	25	11	18.7	15.2	96.12	69.1	12.52	526	528.9985048	173	0.8	351
PAY	2021	9	25	12	20.2	15.7	96.07	62.6	12.72	640	540.5610187	282	0.9	346
PAY	2021	9	25	13	22.2	16.7	96.02	59.3	14.06	614	528.4833559	291	0.9	349
PAY	2021	9	25	14	22	16.5	95.97	54.8	12.96	423	428.9911675	201	0.5	361
PAY	2021	9	25	15	21.3	16.9	95.98	63.5	14	241	190.9279216	167	1.1	378
PAY	2021	9	25	16	21	17	95.97	68.7	14.74	193	725.1703114	26	0.8	374
PAY	2021	9	25	17	19.6	17.3	96.02	81.1	15.82	43	745.5513215	1	0.3	388
PAY	2021	9	25	18	18.9	17.4	96.07	86	16.1	2	0	0	0.6	395
PAY	2021	9	25	19	18.2	17	96.12	87.3	15.66	0	0	0	1.3	384
PAY	2021	9	25	20	17.5	16.5	96.19	88.8	15.26	0	0	0	1.3	384
PAY	2021	9	25	21	17.5	16.2	96.22	87.5	15	0	0	0	0.5	382
PAY	2021	9	25	22	16.5	15.8	96.22	90.2	14.54	0	0	0	0.6	356
PAY	2021	9	25	23	15.4	14.9	96.17	92.9	13.98	0	0	0	0.3	335
PAY	2021	9	26	0	15	14.3	96.18	94.6	13.92	0	0	0	1	354
PAY	2021	9	26	1	14.9	14.4	96.14	94.4	13.78	0	0	0	0.7	356
PAY	2021	9	26	2	14	14	96.1	96.8	13.36	0	0	0	0.5	339
PAY	2021	9	26	3	14.3	13.9	96.04	96.2	13.54	0	0	0	0.5	355
PAY	2021	9	26	4	14.8	13.7	96.09	93.2	13.44	0	0	0	1.9	350
PAY	2021	9	26	5	15.6	14.4	96.2	91.3	13.86	0	0	0	2.9	378
PAY	2021	9	26	6	15.5	14.7	96.21	94.5	14.4	1	0	43	2.5	380
PAY	2021	9	26	7	15.9	14.9	96.24	91.8	14.26	27	0	131	1.4	377
PAY	2021	9	26	8	15.9	15.1	96.28	92.5	14.4	54	0	168	1.2	378
PAY	2021	9	26	9	16.8	15.3	96.27	85.7	13.94	98	0	271	1.3	372
PAY	2021	9	26	10	16.8	15.1	96.27	82.6	13.32	168	0	298	2.5	367
PAY	2021	9	26	11	17.5	14.9	96.27	76.9	12.88	185	0	216	2	369
PAY	2021	9	26	12	18.6	15.1	96.24	72.1	13.02	417	200.8951212	285	1.9	354
PAY	2021	9	26	13	19.4	15.1	96.21	62.6	11.92	385	419.3378573	131	1.8	351
PAY	2021	9	26	14	20.4	15.5	96.16	59.6	12.32	525	865.5520428	82	2.3	342
PAY	2021	9	26	15	20.4	15.4	96.14	61.7	12.74	436	767.5482487	143	2.4	334
PAY	2021	9	26	16	20	15.5	96.17	61.8	12.36	258	784.517758	82	2.3	336
PAY	2021	9	26	17	18.7	14.9	96.2	60.4	10.78	111	1000	0	1.7	353
PAY	2021	9	26	18	16.9	14.1	96.26	74.4	11.78	3	0	0	2	364
PAY	2021	9	26	19	15.7	13.9	96.31	80.1	11.72	0	0	0	1.2	342
PAY	2021	9	26	20	15.3	13.5	96.29	82.2	11.74	0	0	0	2.4	345
PAY	2021	9	26	21	14.6	13.4	96.31	86.8	11.96	0	0	0	2	348
PAY	2021	9	26	22	14	13.3	96.32	90.7	12.14	0	0	0	1.4	346
PAY	2021	9	26	23	12.8	12.8	96.29	95.5	11.9	0	0	0	0.6	324
PAY	2021	9	27	0	12.7	12.3	96.29	94.8	11.66	0	0	0	0.7	333
PAY	2021	9	27	1	13.3	12.6	96.31	93.9	12.08	0	0	0	0.7	365
PAY	2021	9	27	2	12.8	12.5	96.29	95.1	11.82	0	0	0	0.4	344
PAY	2021	9	27	3	11.6	11.9	96.27	96.3	10.86	0	0	0	0.7	319
PAY	2021	9	27	4	10.8	11.2	96.25	96.5	10.1	0	0	0	1	307
PAY	2021	9	27	5	11.5	10.8	96.26	94.7	10.44	0	0	0	1.5	307
PAY	2021	9	27	6	10.8	10.9	96.26	95.9	9.98	8	0	36	0.7	326
PAY	2021	9	27	7	12.5	11.1	96.28	90.5	10.6	98	0	120	1	305
PAY	2021	9	27	8	14.6	12.7	96.28	83.2	11.24	297	314.7579714	168	0.4	324
PAY	2021	9	27	9	16	13.4	96.27	79.3	11.86	383	340.1615081	202	0.4	324
PAY	2021	9	27	10	17.1	14.3	96.28	77.8	12.66	421	236.8072371	275	0.9	346
PAY	2021	9	27	11	17.8	15.1	96.27	74.7	12.74	418	135.3874116	329	0.9	358
PAY	2021	9	27	12	19.2	15.6	96.23	69.3	13.06	507	309.9039438	305	0.6	354
PAY	2021	9	27	13	19.6	16.4	96.2	70.8	13.76	439	331.5410886	240	1	361
PAY	2021	9	27	14	20.5	16.3	96.19	65.8	13.66	314	276.6172234	174	0.5	372
PAY	2021	9	27	15	21.3	16.2	96.21	51.3	11.56	417	681.0666801	161	1.4	340
PAY	2021	9	27	16	20.7	14.9	96.24	54.5	11.6	253	888.3049667	59	2.6	354
PAY	2021	9	27	17	18.9	15	96.3	65.9	12.08	41	923.9056505	0	1.3	357
PAY	2021	9	27	18	17.9	14.9	96.36	72.1	12.32	2	0	0	1.8	369
PAY	2021	9	27	19	16.9	14.6	96.42	77.9	12.48	0	0	0	1.9	352
PAY	2021	9	27	20	16.2	14.6	96.45	82.6	12.72	0	0	0	2.3	345
PAY	2021	9	27	21	16.8	14.5	96.52	78	12.4	0	0	0	2.4	377
PAY	2021	9	27	22	17.1	14.5	96.57	76.4	12.38	0	0	0	2.2	384
PAY	2021	9	27	23	16	13	96.65	60.3	8.06	0	0	0	2	382
PAY	2021	9	28	0	14.4	11.8	96.68	69.6	8.32	0	0	0	1.3	372
PAY	2021	9	28	1	13.9	11.4	96.67	75.8	9.06	0	0	0	1.3	373
PAY	2021	9	28	2	13.7	11.3	96.64	75.2	8.74	0	0	0	1.4	362
PAY	2021	9	28	3	13.8	11	96.63	69.8	7.76	0	0	0	1.4	369
PAY	2021	9	28	4	13.4	10.7	96.61	71.5	7.7	0	0	0	1	365
PAY	2021	9	28	5	13.1	11.1	96.6	78.5	8.8	0	0	0	0.5	365
PAY	2021	9	28	6	13.3	11.2	96.58	77.8	8.86	6	0	9	0.9	366
PAY	2021	9	28	7	13.3	10.8	96.57	75.3	8.36	29	0	49	2.1	367
PAY	2021	9	28	8	14.2	11.4	96.58	75.9	9.38	137	36.98503636	122	2.5	361
PAY	2021	9	28	9	15.3	12.2	96.54	71.6	9.62	419	337.3705179	241	3.3	321
PAY	2021	9	28	10	16.6	13	96.48	69.1	10.42	598	501.8042283	291	3.6	316
PAY	2021	9	28	11	16.8	13.5	96.41	71.3	11.06	527	324.9722084	315	3.4	325
PAY	2021	9	28	12	17.4	14.1	96.34	71.1	11.62	524	329.4442021	311	3.2	336
PAY	2021	9	28	13	17.6	14	96.3	67.4	11.08	499	457.3609897	227	3.4	337
PAY	2021	9	28	14	17.6	14.3	96.26	67	11	480	737.4059325	111	2.7	328
PAY	2021	9	28	15	17.8	14.1	96.24	66.7	11.14	401	872.9227359	78	2.3	327
PAY	2021	9	28	16	17.3	14.2	96.25	69	11.1	222	753.1226653	62	1.6	325
PAY	2021	9	28	17	16.4	13.7	96.26	72.1	10.82	72	1000	0	1.4	328
PAY	2021	9	28	18	14.6	13.2	96.27	85.7	11.74	2	0	0	0.8	340
PAY	2021	9	28	19	14.1	13.2	96.26	89.7	12.04	0	0	0	0.2	353
PAY	2021	9	28	20	13.8	13	96.27	91.3	12.06	0	0	0	0.4	352
PAY	2021	9	28	21	13.7	12.9	96.31	92.7	12.24	0	0	0	0.7	357
PAY	2021	9	28	22	13.7	12.9	96.31	89.1	11.52	0	0	0	1.4	348
PAY	2021	9	28	23	12.5	12.2	96.33	92.9	11.08	0	0	0	1.3	320
PAY	2021	9	29	0	13.4	12	96.38	87.7	10.94	0	0	0	1.9	306
PAY	2021	9	29	1	12.8	11.9	96.44	82.7	9.34	0	0	0	4.8	357
PAY	2021	9	29	2	12.8	11	96.43	78.8	8.56	0	0	0	3.1	360
PAY	2021	9	29	3	12.7	11.2	96.44	85.3	9.76	0	0	0	3.1	359
PAY	2021	9	29	4	12.4	11.4	96.45	88.8	10.16	0	0	0	3.5	352
PAY	2021	9	29	5	12.5	11.5	96.47	87.3	9.96	0	0	0	3	349
PAY	2021	9	29	6	11.8	11	96.5	87.6	9.32	5	0	28	1.9	328
PAY	2021	9	29	7	13.2	11.3	96.54	82.8	9.76	103	172.0750685	60	1.9	332
PAY	2021	9	29	8	14.2	11.8	96.56	77.2	9.64	206	286.5870769	91	2.2	329
PAY	2021	9	29	9	16	12.3	96.57	66.2	9.24	394	613.6609671	73	3	320
PAY	2021	9	29	10	17.5	12.4	96.56	60.6	9.62	542	568.3510756	197	4	326
PAY	2021	9	29	11	17.8	12.8	96.54	58.5	9.5	565	386.2046435	315	3.5	338
PAY	2021	9	29	12	17.8	12.8	96.53	58.8	9.56	345	71.73524461	299	4.1	360
PAY	2021	9	29	13	17.6	12.7	96.53	58.3	9.26	223	71.2848159	181	4.4	367
PAY	2021	9	29	14	19.3	13.1	96.55	53.9	10.08	370	398.2378958	173	4.6	338
PAY	2021	9	29	15	17.8	12.4	96.61	53.4	8.48	227	335.0190127	105	5.2	348
PAY	2021	9	29	16	15.9	11.6	96.67	54.8	6.86	223	798.991968	58	5.3	303
PAY	2021	9	29	17	15.3	10.7	96.74	53.3	5.96	25	0	0	4.4	328
PAY	2021	9	29	18	13	10.6	96.84	77.5	8.5	0	0	0	2.5	362
PAY	2021	9	29	19	13.9	10.7	96.91	65.5	7	0	0	0	2.3	352
PAY	2021	9	29	20	12.9	10.5	96.95	74.5	7.8	0	0	0	0.7	348
PAY	2021	9	29	21	12.7	10.6	96.99	74.5	7.6	0	0	0	0.8	356
PAY	2021	9	29	22	12.4	10.1	97.02	74.1	7.22	0	0	0	0.9	353
PAY	2021	9	29	23	11.9	9.5	97.05	69.8	5.86	0	0	0	1.5	346
PAY	2021	9	30	0	11.9	8.6	97.07	63.8	4.66	0	0	0	1.3	345
PAY	2021	9	30	1	11.5	8.5	97.07	65	4.5	0	0	0	1.2	325
PAY	2021	9	30	2	10	8.4	97.06	81.1	6.22	0	0	0	0.7	323
PAY	2021	9	30	3	9	7.9	97.05	84.5	5.9	0	0	0	0.2	308
PAY	2021	9	30	4	8.9	8	97.07	87.4	6.38	0	0	0	0.3	322
PAY	2021	9	30	5	8.1	7.6	97.06	90.3	6.16	0	0	0	0.3	298
PAY	2021	9	30	6	6.9	6.7	97.05	93.6	5.62	5	0	39	0.2	271
PAY	2021	9	30	7	9.4	7.2	97.09	84.3	6.26	122	24.41449534	116	0.2	271
PAY	2021	9	30	8	11	8.4	97.1	71.4	5.28	301	322.4557384	173	1.7	275
PAY	2021	9	30	9	12.9	9.1	97.07	62.2	5.34	461	447.4082625	229	2.2	280
PAY	2021	9	30	10	14.1	9.8	97.02	65.2	7.14	562	504.8015611	258	2.1	286
PAY	2021	9	30	11	14.3	10.3	96.95	59.1	6.12	626	590.1041522	247	2.2	291
PAY	2021	9	30	12	14.9	10.3	96.9	53	5.5	602	526.7901541	267	2	296
PAY	2021	9	30	13	16.5	10.6	96.87	49.5	6.4	615	621.9608171	252	2.7	292
PAY	2021	9	30	14	16.3	10.3	96.81	45.2	5.34	560	744.4584444	196	2.2	291
PAY	2021	9	30	15	16.4	10.1	96.76	47.1	5.82	427	831.7171146	129	1.1	291
PAY	2021	9	30	16	16.1	10	96.74	44.9	5.08	261	962.208031	68	1.4	293
PAY	2021	9	30	17	13.8	9.8	96.74	61.3	6.06	86	0	0	1	291
PAY	2021	9	30	18	12.2	9.5	96.75	66.1	5.42	2	0	0	0.8	286
PAY	2021	9	30	19	9	8.2	96.78	85.3	6.06	0	0	0	0.6	283
PAY	2021	9	30	20	8	7.4	96.8	89.3	5.86	0	0	0	0.7	280
PAY	2021	9	30	21	6.9	6.7	96.8	92.8	5.46	0	0	0	1.1	279
PAY	2021	9	30	22	6.6	6.1	96.79	92.7	5.14	0	0	0	1.1	277
PAY	2021	9	30	23	6.4	5.9	96.76	93.4	5.08	0	0	0	1.2	275
PAY	2021	10	1	0	5.9	5.7	96.74	94.7	4.84	0	0	0	1.2	273
PAY	2021	10	1	1	5.7	5.6	96.71	94.9	4.68	0	0	0	0.8	273
PAY	2021	10	1	2	5.1	5.2	96.65	95.5	4.2	0	0	0	1	271
PAY	2021	10	1	3	5.3	4.9	96.61	96.1	4.52	0	0	0	0.9	273
PAY	2021	10	1	4	5.1	4.9	96.58	95.4	4.18	0	0	0	1.3	275
PAY	2021	10	1	5	4.9	4.8	96.56	97.3	4.36	0	0	0	1.1	276
PAY	2021	10	1	6	5.4	4.8	96.55	95.9	4.58	5	0	39	0.9	278
PAY	2021	10	1	7	8	6.4	96.56	92.7	6.54	111	8.278114352	109	0.8	279
PAY	2021	10	1	8	10	8.2	96.56	87.8	7.56	280	305.6478458	160	0.5	285
PAY	2021	10	1	9	12.2	9.8	96.52	82	8.6	436	396.9129646	232	0.8	291
PAY	2021	10	1	10	13.6	10.8	96.47	75.2	8.64	563	686.3226525	153	1.1	295
PAY	2021	10	1	11	14.9	11.6	96.39	68	8.5	632	761.1807587	147	0.8	301
PAY	2021	10	1	12	17	12.8	96.3	64.1	9.82	647	688.2494363	213	0.9	308
PAY	2021	10	1	13	18.2	13.7	96.22	61.4	10.48	625	598.5380588	279	1	313
PAY	2021	10	1	14	18.8	13.9	96.16	58.1	10.42	539	850.5694507	128	1	316
PAY	2021	10	1	15	18.9	14.2	96.12	56.7	10.24	379	703.6794404	131	1	318
PAY	2021	10	1	16	17.5	14.1	96.11	69.7	11.44	154	477.7518208	61	0.9	320
PAY	2021	10	1	17	15.8	14.2	96.12	80.7	11.94	50	0	0	0.6	329
PAY	2021	10	1	18	14.1	13	96.12	85.1	11.12	1	0	0	0.3	330
PAY	2021	10	1	19	13.2	12.1	96.14	83.6	9.92	0	0	0	0.5	328
PAY	2021	10	1	20	12.4	11.7	96.16	90.2	10.44	0	0	0	0.3	336
PAY	2021	10	1	21	12.4	11.5	96.16	90.5	10.5	0	0	0	0.7	335
PAY	2021	10	1	22	14.3	12.3	96.14	83	10.9	0	0	0	1.9	341
PAY	2021	10	1	23	12.2	11.9	96.12	91.8	10.56	0	0	0	1	346
PAY	2021	10	2	0	12.2	11.7	96.11	93.2	10.84	0	0	0	0.4	348
PAY	2021	10	2	1	14.5	12.3	96.11	85	11.5	0	0	0	1	364
PAY	2021	10	2	2	13.5	12.5	96.06	89.3	11.36	0	0	0	0.8	354
PAY	2021	10	2	3	13.3	11.9	96.02	82.6	9.82	0	0	0	0.8	340
PAY	2021	10	2	4	11.9	11.3	96.01	90.5	10	0	0	0	0.7	319
PAY	2021	10	2	5	12.8	11.3	95.99	88.9	10.58	0	0	0	0.8	348
PAY	2021	10	2	6	12.6	11.5	96	90.3	10.66	6	0	36	1.1	342
PAY	2021	10	2	7	13.1	11.9	95.98	88.7	10.84	53	0	86	1.2	335
PAY	2021	10	2	8	15	12.8	95.96	87.4	12.48	233	345.1473556	99	0.7	311
PAY	2021	10	2	9	17.4	14.2	95.92	78.3	13.06	435	651.7921934	103	0.9	318
PAY	2021	10	2	10	18.4	14.8	95.85	72.7	12.94	473	644.6930765	91	1.1	322
PAY	2021	10	2	11	20.6	15.2	95.77	56.3	11.86	605	786.3273727	108	1.8	328
PAY	2021	10	2	12	21.5	15.1	95.7	49.1	11.32	597	790.1164859	103	2.7	332
PAY	2021	10	2	13	21.1	15.2	95.62	54.5	12	513	710.9178027	106	3	335
PAY	2021	10	2	14	21.7	15.4	95.56	51.5	12	398	659.7403339	83	3	337
PAY	2021	10	2	15	21.1	15.4	95.5	53.8	11.86	351	793.4770151	76	3.5	335
PAY	2021	10	2	16	20.9	15.1	95.45	50.7	11.04	227	932.4154907	51	3	338
PAY	2021	10	2	17	19.1	14.3	95.41	59.7	11.04	56	0	0	2.6	334
PAY	2021	10	2	18	17.3	13.8	95.38	66.3	10.56	1	0	0	3	324
PAY	2021	10	2	19	16.9	13.4	95.37	68.5	10.6	0	0	0	2	327
PAY	2021	10	2	20	17.1	13.7	95.37	70.9	11.28	0	0	0	2.5	344
PAY	2021	10	2	21	16.1	13.8	95.33	77.4	11.58	0	0	0	1.4	341
PAY	2021	10	2	22	17.1	13.9	95.29	73.5	11.8	0	0	0	2.1	334
PAY	2021	10	2	23	16.8	14	95.27	71.5	11.1	0	0	0	3	331
PAY	2021	10	3	0	16.6	13.5	95.24	70.1	10.62	0	0	0	3	335
PAY	2021	10	3	1	16.9	13.3	95.19	66.9	10.28	0	0	0	2	348
PAY	2021	10	3	2	16.3	13.2	95.17	70.4	10.38	0	0	0	1.6	357
PAY	2021	10	3	3	16.8	13	95.13	64.3	9.66	0	0	0	2.4	363
PAY	2021	10	3	4	16.2	12.4	95.06	63	8.8	0	0	0	2.7	331
PAY	2021	10	3	5	15.4	12	95.04	65.7	8.54	0	0	0	2	342
PAY	2021	10	3	6	13.4	11.5	95.05	80.6	9.52	2	0	31	0.7	351
PAY	2021	10	3	7	14.1	11.7	95.06	78.9	9.88	38	0	70	1.2	348
PAY	2021	10	3	8	14.6	12.6	95.1	81.7	10.94	72	0	94	0.9	358
PAY	2021	10	3	9	16.3	13.4	95.09	78	11.9	177	148.5919833	102	0.8	358
PAY	2021	10	3	10	18	14	95.09	61.9	10.38	245	268.8682845	87	0.8	353
PAY	2021	10	3	11	19.7	14.2	95.07	57.2	11.14	413	499.2709371	100	1.3	361
PAY	2021	10	3	12	20.3	14.8	95.05	56.8	11.66	339	380.7399548	103	1.2	369
PAY	2021	10	3	13	20.2	14.3	95.06	54.9	11.18	223	213.4366828	102	1	380
PAY	2021	10	3	14	18	14.1	95.1	65.5	11.1	101	6.35979794	98	4	383
PAY	2021	10	3	15	17.3	14	95.2	70.4	11.38	64	0	96	3.6	381
PAY	2021	10	3	16	16.2	14.5	95.28	85.3	13.26	48	0	52	1.3	378
PAY	2021	10	3	17	16	14.2	95.46	81.9	12.38	10	0	0	1.5	383
PAY	2021	10	3	18	14.4	13.9	95.66	93.6	13.12	0	0	0	1.3	383
PAY	2021	10	3	19	13.5	13.2	95.77	94.2	12.34	0	0	0	0.9	377
PAY	2021	10	3	20	12.7	12.6	95.86	89.6	10.62	0	0	0	0.9	375
PAY	2021	10	3	21	11.8	11.6	95.9	92.5	10.3	0	0	0	2	368
PAY	2021	10	3	22	11.6	11.2	95.95	94.8	10.56	0	0	0	1	367
PAY	2021	10	3	23	11	10.8	95.97	91.2	9.24	0	0	0	1.5	365
PAY	2021	10	4	0	10.7	10.1	96	94.1	9.52	0	0	0	0.8	362
PAY	2021	10	4	1	10.5	10.1	95.97	93.8	9.26	0	0	0	1.7	362
PAY	2021	10	4	2	10.3	9.9	96	96.2	9.54	0	0	0	0.5	360
PAY	2021	10	4	3	10.3	9.9	96.02	96.9	9.68	0	0	0	0.5	356
PAY	2021	10	4	4	9.8	9.5	96.04	92.7	8.34	0	0	0	0.9	357
PAY	2021	10	4	5	9.8	9.4	96.09	96.4	9.08	0	0	0	0.3	355
PAY	2021	10	4	6	9.9	9.4	96.15	96	9.1	0	0	29	0.3	358
PAY	2021	10	4	7	9.8	9.5	96.26	95.6	8.92	11	0	66	0.5	360
PAY	2021	10	4	8	10.1	9.7	96.32	96.1	9.32	26	0	92	0.4	357
PAY	2021	10	4	9	10.4	9.9	96.32	94.1	9.22	41	0	102	0.9	356
PAY	2021	10	4	10	10.6	10	96.33	93.3	9.26	68	0	94	0.3	357
PAY	2021	10	4	11	11.2	10.5	96.28	93.2	9.84	118	24.12524642	103	0.6	361
PAY	2021	10	4	12	11.2	10.4	96.18	87.4	8.68	159	92.76566347	102	1.7	362
PAY	2021	10	4	13	11.1	10.1	96.14	87.5	8.6	119	32.06739046	101	1.4	348
PAY	2021	10	4	14	11.5	10.4	96.11	87.8	9.06	127	96.57363273	82	1.3	346
PAY	2021	10	4	15	11.6	10.6	96.03	86.6	8.92	120	137.3607708	74	2.1	352
PAY	2021	10	4	16	11.4	10.4	95.96	87.9	8.98	54	50.84753007	45	2.1	350
PAY	2021	10	4	17	11.3	10.4	95.92	89.5	9.2	23	0	0	1.2	338
PAY	2021	10	4	18	10.9	10.4	95.95	92.7	9.44	0	0	0	0.5	345
PAY	2021	10	4	19	11	10.3	95.92	91.7	9.34	0	0	0	0.5	356
PAY	2021	10	4	20	11.2	10.4	95.96	90.4	9.28	0	0	0	0.3	357
PAY	2021	10	4	21	10.9	10.6	95.89	95.1	9.92	0	0	0	0.3	354
PAY	2021	10	4	22	11	10.6	95.85	94.7	9.94	0	0	0	0.3	356
PAY	2021	10	4	23	10.8	10.5	95.76	95.5	9.9	0	0	0	0.7	365
PAY	2021	10	5	0	11	10.5	95.79	95.2	10.04	0	0	0	1	365
PAY	2021	10	5	1	10.7	10.4	95.75	96.2	9.94	0	0	0	1.7	362
PAY	2021	10	5	2	10.7	10.4	95.69	96.4	9.98	0	0	0	1.2	361
PAY	2021	10	5	3	10.7	10.3	95.66	95.5	9.8	0	0	0	0.9	360
PAY	2021	10	5	4	10.7	10.3	95.65	96.4	9.98	0	0	0	1.3	363
PAY	2021	10	5	5	10.5	10.3	95.59	96.8	9.86	0	0	0	1	357
PAY	2021	10	5	6	10.7	10.3	95.59	94.4	9.58	1	0	33	1.1	355
PAY	2021	10	5	7	11	10.3	95.6	95.1	10.02	29	0	109	1.2	349
PAY	2021	10	5	8	11.9	10.8	95.58	87.6	9.42	93	0	176	1.6	351
PAY	2021	10	5	9	12.8	11.2	95.61	87.3	10.26	165	125.1479773	103	1.7	351
PAY	2021	10	5	10	13.5	11.5	95.59	80.5	9.6	257	0	289	3.3	349
PAY	2021	10	5	11	14.3	12	95.59	76.5	9.6	455	360.0519641	233	4.6	326
PAY	2021	10	5	12	15.4	12	95.53	72.5	9.9	427	272.5583495	261	4.3	323
PAY	2021	10	5	13	14.3	12.1	95.52	77.4	9.78	208	0	253	3.5	344
PAY	2021	10	5	14	14.2	11.7	95.51	72.8	8.76	133	0	195	3.1	355
PAY	2021	10	5	15	14.5	11.5	95.51	68.3	8.16	150	45.58500057	135	3.7	352
PAY	2021	10	5	16	13.6	11.1	95.56	74.1	8.42	94	420.6780507	22	4.2	357
PAY	2021	10	5	17	11.6	10.5	95.63	87.8	9.16	15	0	0	5.7	356
PAY	2021	10	5	18	11.8	10.5	95.72	86.9	9.18	0	0	0	4.4	357
PAY	2021	10	5	19	11.2	10	95.83	79.6	7.12	0	0	0	4.5	355
PAY	2021	10	5	20	11.1	9	95.95	75.8	6.26	0	0	0	4.1	345
PAY	2021	10	5	21	10.7	9.1	96.05	82.9	7.28	0	0	0	3.6	337
PAY	2021	10	5	22	10.7	9.3	96.11	83	7.3	0	0	0	2.8	322
PAY	2021	10	5	23	10.4	9.1	96.14	83	7	0	0	0	2.8	330
PAY	2021	10	6	0	10.1	8.6	96.15	81.8	6.46	0	0	0	2.7	315
PAY	2021	10	6	1	9.3	8.1	96.18	76.4	4.58	0	0	0	2.2	299
PAY	2021	10	6	2	8.6	6.9	96.18	79.1	4.42	0	0	0	2.7	290
PAY	2021	10	6	3	7.8	6.8	96.18	87.8	5.36	0	0	0	1.7	316
PAY	2021	10	6	4	8.4	7.1	96.24	86.6	5.72	0	0	0	1.3	334
PAY	2021	10	6	5	8.3	7.3	96.3	86.7	5.64	0	0	0	2.8	342
PAY	2021	10	6	6	7.8	7.2	96.35	93.7	6.54	2	0	27	2.3	306
PAY	2021	10	6	7	8.1	7.4	96.4	92.4	6.58	53	0	89	2.1	283
PAY	2021	10	6	8	9.8	7.9	96.45	83.4	6.48	146	0	178	2.3	303
PAY	2021	10	6	9	11.2	8.6	96.5	69.9	5.18	228	0	243	2.6	325
PAY	2021	10	6	10	13.3	8.7	96.49	62.5	5.8	405	211.2177733	284	2.7	319
PAY	2021	10	6	11	11.5	8.2	96.54	59.1	3.32	230	0	231	2.9	343
PAY	2021	10	6	12	12	8.7	96.55	64.4	4.88	422	533.4437916	100	3.3	318
PAY	2021	10	6	13	13	9.1	96.52	61.6	5.32	502	723.4893249	104	3.4	301
PAY	2021	10	6	14	13.4	9.4	96.53	61.1	5.62	598	1000	67	3.7	317
PAY	2021	10	6	15	11.9	9.1	96.56	63.2	4.54	261	628.0140515	58	4.4	299
PAY	2021	10	6	16	11.1	8.8	96.59	72.9	5.68	103	302.4274024	53	2.4	324
PAY	2021	10	6	17	10.1	8.1	96.65	76.6	5.42	23	0	0	2.4	329
PAY	2021	10	6	18	9.6	8	96.71	80.8	5.76	0	0	0	1.8	321
PAY	2021	10	6	19	9.4	7.9	96.75	80.8	5.56	0	0	0	2.2	322
PAY	2021	10	6	20	9.5	7.8	96.77	78.7	5.24	0	0	0	1.6	335
PAY	2021	10	6	21	9.3	7.9	96.79	83.6	6.02	0	0	0	1.8	339
PAY	2021	10	6	22	9	8	96.78	86.3	6.26	0	0	0	1.5	344
PAY	2021	10	6	23	9.1	8.1	96.77	87	6.5	0	0	0	1.2	347
PAY	2021	10	7	0	8.8	8.2	96.77	91.1	7.02	0	0	0	0.7	346
PAY	2021	10	7	1	8.8	8.2	96.76	89.8	6.76	0	0	0	0.9	342
PAY	2021	10	7	2	8.8	8	96.73	89.7	6.74	0	0	0	1	335
PAY	2021	10	7	3	8.4	7.9	96.72	93.9	7.18	0	0	0	0.7	333
PAY	2021	10	7	4	8	7.9	96.74	95.3	7.06	0	0	0	0.5	324
PAY	2021	10	7	5	7.8	7.6	96.75	95.9	6.98	0	0	0	0.6	319
PAY	2021	10	7	6	7.1	7.2	96.76	97.3	6.56	1	0	27	0.6	297
PAY	2021	10	7	7	8.3	7	96.76	90.6	6.42	53	0	66	1	275
PAY	2021	10	7	8	9.7	7.8	96.78	87.1	7.12	211	325.0700723	92	0.9	281
PAY	2021	10	7	9	11.2	8.9	96.77	76.4	6.48	398	613.1634296	100	2.7	289
PAY	2021	10	7	10	12.5	9.2	96.73	67.4	5.98	408	559.9554723	90	4	295
PAY	2021	10	7	11	13.5	9.4	96.69	59.2	5.34	663	913.9298013	109	5.4	302
PAY	2021	10	7	12	13.6	9.5	96.67	63.2	6.24	519	677.0346178	114	4.9	304
PAY	2021	10	7	13	12.8	9.7	96.61	60.8	4.96	464	659.3141036	105	5.6	309
PAY	2021	10	7	14	13.5	9.2	96.63	58.8	5.26	384	588.3029984	120	5.9	305
PAY	2021	10	7	15	13.2	9.4	96.61	57.9	4.78	373	831.6433546	109	6.2	291
PAY	2021	10	7	16	11.9	8.7	96.61	66	5.1	138	601.759135	42	5.4	297
PAY	2021	10	7	17	11.7	8.5	96.62	65.3	4.76	30	0	0	4.8	322
PAY	2021	10	7	18	11.1	8.4	96.64	68.8	4.86	0	0	0	4.5	343
PAY	2021	10	7	19	10.2	8.1	96.66	74.5	5.1	0	0	0	3.9	301
PAY	2021	10	7	20	10.3	8.2	96.65	76.1	5.52	0	0	0	4.1	332
PAY	2021	10	7	21	10.3	8.2	96.61	75.4	5.38	0	0	0	3.6	335
PAY	2021	10	7	22	9.5	7.8	96.62	77.6	5.02	0	0	0	3.4	280
PAY	2021	10	7	23	8.7	7.4	96.64	81	4.9	0	0	0	3.2	279
PAY	2021	10	8	0	8.3	7	96.63	82.9	4.88	0	0	0	2.2	277
PAY	2021	10	8	1	7.2	6.6	96.63	87.8	4.76	0	0	0	1.7	275
PAY	2021	10	8	2	6.4	6.1	96.61	91.6	4.72	0	0	0	0.9	274
PAY	2021	10	8	3	6.8	6.1	96.59	89.2	4.64	0	0	0	0.4	274
PAY	2021	10	8	4	6.8	6	96.61	90.8	4.96	0	0	0	0.8	279
PAY	2021	10	8	5	8.1	6.9	96.61	86.2	5.34	0	0	0	1.9	306
PAY	2021	10	8	6	8.6	7.2	96.63	85.9	5.78	1	0	4	1.7	337
PAY	2021	10	8	7	9.3	7.8	96.65	84.2	6.14	45	127.3381796	18	2.1	314
PAY	2021	10	8	8	10.1	8.3	96.65	79.5	6	118	237.8414892	32	3.7	318
PAY	2021	10	8	9	11.2	8.7	96.63	76.3	6.46	212	238.9504904	97	4.5	336
PAY	2021	10	8	10	11.7	9.1	96.6	76	6.9	288	282.4561631	129	6	312
PAY	2021	10	8	11	12.2	9.7	96.61	77.7	7.74	394	422.6635472	140	6.7	316
PAY	2021	10	8	12	12	9.8	96.56	76.4	7.28	291	342.4647208	88	5.7	336
PAY	2021	10	8	13	12.9	10.1	96.52	70.8	7.06	369	499.1653669	100	6.7	306
PAY	2021	10	8	14	13.8	10.6	96.51	69.4	7.68	384	738.1061706	57	6.1	308
PAY	2021	10	8	15	14	10.5	96.48	66	7.2	322	715.5097855	99	5.9	298
PAY	2021	10	8	16	13.7	10.5	96.48	65.8	6.86	204	1000	17	5.9	314
PAY	2021	10	8	17	13.1	10.3	96.5	70.1	7.12	44	0	0	4.9	331
PAY	2021	10	8	18	12.7	10.3	96.52	74.1	7.52	0	0	0	3.4	357
PAY	2021	10	8	19	12.8	10.2	96.51	72	7.2	0	0	0	3	354
PAY	2021	10	8	20	12.6	10.1	96.5	72.6	7.12	0	0	0	3.5	350
PAY	2021	10	8	21	11	9.6	96.5	79.3	6.86	0	0	0	3.2	320
PAY	2021	10	8	22	10.3	8.9	96.5	81.7	6.64	0	0	0	2.7	289
PAY	2021	10	8	23	8.8	8.1	96.48	87.8	6.36	0	0	0	1.2	277
PAY	2021	10	9	0	7.7	7.5	96.47	91.3	5.96	0	0	0	1.2	274
PAY	2021	10	9	1	6.9	7.2	96.47	94.1	5.72	0	0	0	1.8	273
PAY	2021	10	9	2	6.2	6.3	96.47	96.7	5.54	0	0	0	0.3	271
PAY	2021	10	9	3	5.6	5.9	96.47	97.1	5.02	0	0	0	0.5	271
PAY	2021	10	9	4	6.5	5.7	96.49	96.3	5.76	0	0	0	0.5	303
PAY	2021	10	9	5	7.1	6.5	96.48	95.8	6.26	0	0	0	0.4	345
PAY	2021	10	9	6	7.5	7	96.51	95	6.5	1	0	25	0.1	338
PAY	2021	10	9	7	8.6	7.6	96.55	91.4	6.88	25	0	101	0.2	345
PAY	2021	10	9	8	9.2	8	96.59	87.5	6.7	59	0	167	1.7	349
PAY	2021	10	9	9	9.5	8.4	96.61	86.2	6.74	80	0	232	2.7	352
PAY	2021	10	9	10	10.2	8.7	96.62	84.2	7.04	124	0	235	1.9	352
PAY	2021	10	9	11	11.2	9.1	96.62	81.1	7.42	244	0	288	2.6	352
PAY	2021	10	9	12	11.8	9.5	96.64	77.4	7.28	268	163.4538022	172	3	351
PAY	2021	10	9	13	12.1	9.6	96.64	72.9	6.68	277	61.87920669	244	2.8	351
PAY	2021	10	9	14	12.2	9.3	96.64	72.8	6.76	153	18.29343286	145	2.9	354
PAY	2021	10	9	15	12	9.2	96.63	69.3	5.86	155	147.102041	110	2.6	350
PAY	2021	10	9	16	11.6	9	96.64	70.5	5.7	65	162.130475	41	2.6	351
PAY	2021	10	9	17	11.1	8.7	96.65	69.3	4.96	28	0	0	2.7	324
PAY	2021	10	9	18	9.5	7.9	96.67	78.1	5.12	0	0	0	1.3	285
PAY	2021	10	9	19	7.4	7.1	96.65	89.9	5.38	0	0	0	0.8	273
PAY	2021	10	9	20	6.4	6.2	96.65	93.9	5.18	0	0	0	0.6	267
PAY	2021	10	9	21	6	6	96.68	93.9	4.78	0	0	0	0.3	277
PAY	2021	10	9	22	5.9	6	96.68	95	4.9	0	0	0	0.6	302
PAY	2021	10	9	23	5.2	5.3	96.67	96.6	4.52	0	0	0	0.9	266
PAY	2021	10	10	0	4.6	4.8	96.69	97.1	4.02	0	0	0	0.5	261
PAY	2021	10	10	1	4	3.9	96.7	97.2	3.44	0	0	0	0.3	259
PAY	2021	10	10	2	3.4	3.3	96.69	97.4	2.88	0	0	0	0.7	257
PAY	2021	10	10	3	2.9	3	96.66	97.5	2.4	0	0	0	0.7	256
PAY	2021	10	10	4	2.7	2.7	96.66	97.4	2.18	0	0	0	0.7	254
PAY	2021	10	10	5	2.4	2.2	96.67	96.9	1.78	0	0	0	0.6	253
PAY	2021	10	10	6	2	1.8	96.68	97.1	1.42	2	0	3	0.3	253
PAY	2021	10	10	7	3.3	2.2	96.73	96.6	2.62	56	0	75	0.4	267
PAY	2021	10	10	8	5.2	4.3	96.75	96.4	4.48	189	317.676836	77	0.4	277
PAY	2021	10	10	9	7.2	5.7	96.77	86.9	4.58	303	551.131925	43	0.6	294
PAY	2021	10	10	10	8.4	6.8	96.77	82.3	4.86	275	0	276	0.9	331
PAY	2021	10	10	11	9.1	7.4	96.76	78.3	4.76	244	0	271	2	344
PAY	2021	10	10	12	10.3	7.9	96.73	75.7	5.44	297	211.3839571	174	2.2	342
PAY	2021	10	10	13	11.3	8.7	96.68	70.3	5.36	612	687.8905532	249	1.6	281
PAY	2021	10	10	14	13.1	9.4	96.64	66.5	6.4	492	690.4221144	194	2	275
PAY	2021	10	10	15	13.4	9.6	96.64	61.9	5.78	358	802.8544624	117	2.5	276
PAY	2021	10	10	16	13.1	9.2	96.62	54.9	4.08	197	1000	41	2.3	274
PAY	2021	10	10	17	9.8	8.1	96.65	74.4	4.68	38	0	0	1.6	270
PAY	2021	10	10	18	8	6.8	96.67	78	3.6	0	0	0	0.9	262
PAY	2021	10	10	19	5.5	5.2	96.74	88.8	3.26	0	0	0	1	256
PAY	2021	10	10	20	4.9	4.5	96.76	89.9	2.88	0	0	0	0.6	255
PAY	2021	10	10	21	4.3	4	96.78	93.7	3.04	0	0	0	0.3	254
PAY	2021	10	10	22	4.7	3.7	96.75	91.2	2.94	0	0	0	0.4	251
PAY	2021	10	10	23	3.3	3.1	96.73	95.6	2.42	0	0	0	0.7	247
PAY	2021	10	11	0	2.8	2.8	96.72	96.2	2.04	0	0	0	0.6	247
PAY	2021	10	11	1	2.4	2.3	96.73	96.7	1.74	0	0	0	0.5	246
PAY	2021	10	11	2	1.6	1.7	96.75	96.8	0.96	0	0	0	0.4	245
PAY	2021	10	11	3	1.7	1.4	96.72	97.5	1.2	0	0	0	0.4	243
PAY	2021	10	11	4	1.1	1	96.73	100	1.1	0	0	0	0.3	256
PAY	2021	10	11	5	0.2	0.4	96.77	96.4	-0.52	0	0	0	0.4	243
PAY	2021	10	11	6	0.4	0	96.79	94	-0.8	2	0	22	0.8	239
PAY	2021	10	11	7	1.1	0.2	96.77	95.2	0.14	72	0	84	0.5	238
PAY	2021	10	11	8	4.7	2.8	96.81	90.8	2.86	232	448.2424527	76	0.7	243
PAY	2021	10	11	9	7.6	5.4	96.81	74.3	2.46	396	646.711916	94	0.9	250
PAY	2021	10	11	10	9.5	6.5	96.78	73.7	4.24	542	629.6926044	197	1.5	257
PAY	2021	10	11	11	11	7.4	96.76	69.4	4.88	543	434.0211646	289	2.2	268
PAY	2021	10	11	12	11.7	8.4	96.72	69.2	5.54	591	1000	0	2.5	268
PAY	2021	10	11	13	12.4	9	96.69	68	6	566	647.3713069	228	2.6	276
PAY	2021	10	11	14	12.8	9.2	96.65	62.7	5.34	472	692.5824164	177	2.8	279
PAY	2021	10	11	15	12.9	9.1	96.63	58.9	4.68	329	736.9046154	112	2.3	273
PAY	2021	10	11	16	12.2	8.7	96.65	59.8	4.16	173	973.2010745	40	1.8	273
PAY	2021	10	11	17	9.3	8.1	96.69	82.9	5.88	31	0	0	0.8	277
PAY	2021	10	11	18	7.5	7.2	96.71	90.7	5.64	0	0	0	0.7	283
PAY	2021	10	11	19	6.7	6.3	96.75	88.8	4.46	0	0	0	0.9	287
PAY	2021	10	11	20	6.9	5.8	96.73	84.4	3.78	0	0	0	0.6	299
PAY	2021	10	11	21	5.8	5.5	96.72	93.6	4.52	0	0	0	0.4	291
PAY	2021	10	11	22	3.5	4.3	96.7	91.8	1.86	0	0	0	0.4	266
PAY	2021	10	11	23	3.8	3.6	96.68	93	2.4	0	0	0	0.5	264
PAY	2021	10	12	0	3.7	3.3	96.65	92.9	2.28	0	0	0	0.6	270
PAY	2021	10	12	1	3.3	3.1	96.64	95.6	2.42	0	0	0	0.4	277
PAY	2021	10	12	2	3.2	2.8	96.6	94.5	2.1	0	0	0	0.4	270
PAY	2021	10	12	3	3.9	2.7	96.59	92.4	2.38	0	0	0	0.6	288
PAY	2021	10	12	4	2.4	2.7	96.51	96.6	1.72	0	0	0	0.9	270
PAY	2021	10	12	5	2.7	2.3	96.5	94.9	1.68	0	0	0	0.8	263
PAY	2021	10	12	6	3.3	2.9	96.49	95.6	2.42	1	0	20	0.8	298
PAY	2021	10	12	7	3.5	2.9	96.52	95.7	2.64	40	107.7814833	19	0.9	262
PAY	2021	10	12	8	5.4	4.5	96.54	91.1	3.62	130	0	138	0.4	299
PAY	2021	10	12	9	8.4	5.9	96.52	75.8	3.56	322	240.1626195	211	0.4	273
PAY	2021	10	12	10	10.5	7.4	96.47	72.8	5.06	501	490.003033	235	0.8	288
PAY	2021	10	12	11	12.1	8.4	96.41	67.9	5.68	584	500.0252805	294	2	302
PAY	2021	10	12	12	12	8.6	96.35	63.3	4.66	378	504.3812768	90	1.8	323
PAY	2021	10	12	13	12.6	8.5	96.28	57	4	420	673.7221712	72	2.2	305
PAY	2021	10	12	14	12.8	8.5	96.26	54	3.6	278	571.0421027	38	1.7	327
PAY	2021	10	12	15	12.4	8.2	96.22	57.4	3.88	166	266.6195975	89	1.6	332
PAY	2021	10	12	16	11.6	8	96.23	63.8	4.36	63	244.2060675	31	0.9	341
PAY	2021	10	12	17	10.8	8.2	96.25	70.9	4.98	7	0	0	0.7	347
PAY	2021	10	12	18	10.3	7.8	96.3	70.8	4.46	0	0	0	0.9	343
PAY	2021	10	12	19	10.1	7.5	96.34	70.1	4.12	0	0	0	0.6	337
PAY	2021	10	12	20	10	7.5	96.36	69.8	3.96	0	0	0	1.9	343
PAY	2021	10	12	21	9.3	7.5	96.37	78.1	4.92	0	0	0	0.7	339
PAY	2021	10	12	22	8.6	7.5	96.37	88.4	6.28	0	0	0	0.2	338
PAY	2021	10	12	23	8.6	7.5	96.34	85.3	5.66	0	0	0	1	341
PAY	2021	10	13	0	8.4	7.5	96.3	87.5	5.9	0	0	0	2	339
PAY	2021	10	13	1	8.5	7.3	96.3	86.3	5.76	0	0	0	1.4	341
PAY	2021	10	13	2	8.5	7.4	96.3	85.2	5.54	0	0	0	1.3	343
PAY	2021	10	13	3	8.3	7.4	96.33	87.9	5.88	0	0	0	1.1	344
PAY	2021	10	13	4	8.2	7.4	96.34	88	5.8	0	0	0	1	331
PAY	2021	10	13	5	8	7.3	96.36	90.1	6.02	0	0	0	0.9	335
PAY	2021	10	13	6	8.1	7.3	96.43	89.6	6.02	1	0	17	1	332
PAY	2021	10	13	7	8	7.1	96.51	86.6	5.32	10	0	67	1.7	341
PAY	2021	10	13	8	8.4	7.1	96.57	83.9	5.18	54	0	94	1.9	336
PAY	2021	10	13	9	8.9	7.4	96.6	81.7	5.24	134	80.89455056	97	3.3	329
PAY	2021	10	13	10	9.2	6.9	96.61	68.5	2.9	183	42.76575435	160	3.4	325
PAY	2021	10	13	11	11.5	7.2	96.62	62.7	4.04	489	475.0189927	216	3.7	292
PAY	2021	10	13	12	11.5	7.3	96.61	53.2	2.14	523	579.9553567	195	3.5	274
PAY	2021	10	13	13	12.2	7.5	96.6	50.2	2.24	552	784.78425	151	3.2	276
PAY	2021	10	13	14	11.8	7.1	96.61	50.8	1.96	395	721.0916051	96	3.4	276
PAY	2021	10	13	15	11.5	7.1	96.65	48.2	1.14	323	840.5157739	85	4	271
PAY	2021	10	13	16	10.5	6.6	96.69	55.6	1.62	166	1000	29	3.6	268
PAY	2021	10	13	17	8.9	5.9	96.73	60.8	1.06	32	0	0	3	264
PAY	2021	10	13	18	7.5	5.1	96.79	65.8	0.66	0	0	0	2.1	260
PAY	2021	10	13	19	6.6	4.6	96.8	72.8	1.16	0	0	0	1.5	258
PAY	2021	10	13	20	5.6	4.3	96.84	79.3	1.46	0	0	0	1.7	256
PAY	2021	10	13	21	5.8	4.4	96.83	79.4	1.68	0	0	0	2.2	255
PAY	2021	10	13	22	5.6	3.8	96.84	77.6	1.12	0	0	0	1.3	254
PAY	2021	10	13	23	3.1	2.8	96.84	91.4	1.38	0	0	0	0.9	252
PAY	2021	10	14	0	3	2.4	96.84	93	1.6	0	0	0	0.7	250
PAY	2021	10	14	1	2.3	1.8	96.84	95.2	1.34	0	0	0	0.8	248
PAY	2021	10	14	2	1.2	1.4	96.85	96.8	0.56	0	0	0	0.4	247
PAY	2021	10	14	3	0.7	1.1	96.86	94.7	-0.36	0	0	0	0.8	246
PAY	2021	10	14	4	1.1	0.8	96.88	94.8	0.06	0	0	0	0.5	245
PAY	2021	10	14	5	0.3	0.3	96.9	97	-0.3	0	0	0	0.3	244
PAY	2021	10	14	6	0.9	0.1	96.93	93.8	-0.34	1	0	16	0.4	267
PAY	2021	10	14	7	1.4	0.5	96.94	93.3	0.06	64	26.85481275	59	0.8	245
PAY	2021	10	14	8	4.5	2.7	96.96	91.9	2.88	230	436.6573949	84	0.5	246
PAY	2021	10	14	9	6.2	4.3	96.95	81.8	2.56	389	554.6037018	138	0.5	251
PAY	2021	10	14	10	7.8	5.4	96.9	72.2	2.24	511	730.1497931	122	1.1	257
PAY	2021	10	14	11	9.2	6.6	96.88	70.2	3.24	573	604.0846543	229	2.2	262
PAY	2021	10	14	12	11.5	7.4	96.8	61.7	3.84	590	640.9205376	231	2.4	268
PAY	2021	10	14	13	12.3	7.7	96.74	53.4	2.98	556	795.3793146	154	2.8	271
PAY	2021	10	14	14	12.7	7.9	96.68	51.4	2.98	470	909.4479574	98	2.5	274
PAY	2021	10	14	15	12.8	7.9	96.62	47.7	2.34	333	947.5662234	70	3	275
PAY	2021	10	14	16	12.1	7.6	96.61	52.5	2.6	172	1000	30	2.7	275
PAY	2021	10	14	17	8.2	7	96.62	75.9	3.38	28	0	0	1	272
PAY	2021	10	14	18	6.2	5.5	96.64	83.7	2.94	0	0	0	0.5	268
PAY	2021	10	14	19	4.3	4.4	96.62	91.7	2.64	0	0	0	1.3	263
PAY	2021	10	14	20	4.1	3.6	96.63	90.5	2.2	0	0	0	1.6	261
PAY	2021	10	14	21	4.3	3.4	96.62	91.5	2.6	0	0	0	1.8	258
PAY	2021	10	14	22	4.3	3.5	96.6	89.7	2.24	0	0	0	2.5	258
PAY	2021	10	14	23	3.7	3.3	96.55	92.5	2.2	0	0	0	2.4	257
PAY	2021	10	15	0	3	3.1	96.52	94.1	1.82	0	0	0	2.6	256
PAY	2021	10	15	1	2.6	2.3	96.48	94.2	1.44	0	0	0	1.7	254
PAY	2021	10	15	2	2	1.8	96.43	96.5	1.3	0	0	0	1.1	254
PAY	2021	10	15	3	1.5	1.4	96.39	96.5	0.8	0	0	0	0.4	253
PAY	2021	10	15	4	1.5	1.5	96.36	97.5	1	0	0	0	0.9	254
PAY	2021	10	15	5	1.8	1.2	96.35	96.1	1.02	0	0	0	0.4	254
PAY	2021	10	15	6	1.3	1.2	96.32	97.7	0.84	1	0	16	1	252
PAY	2021	10	15	7	2.6	1.6	96.33	95.7	1.74	62	16.49711048	59	0.6	254
PAY	2021	10	15	8	5.7	3.9	96.35	87.6	3.22	226	409.3585056	91	0.3	259
PAY	2021	10	15	9	8	5.9	96.35	81	4.2	357	551.6373951	110	0.6	267
PAY	2021	10	15	10	9.2	7	96.31	74.5	4.1	480	701.1329849	110	1.3	273
PAY	2021	10	15	11	11.1	8.1	96.26	73.5	5.8	558	747.9603387	136	1.2	278
PAY	2021	10	15	12	13.4	9.2	96.16	69.1	7.22	563	822.0479513	107	1	285
PAY	2021	10	15	13	13.3	9.7	96.1	65.4	6.38	494	788.1761853	100	0.9	296
PAY	2021	10	15	14	14.3	10.6	96.08	64.5	7.2	470	969.1229811	79	1.1	295
PAY	2021	10	15	15	13.9	10.7	96.05	66.8	7.26	251	680.1852882	66	1.3	307
PAY	2021	10	15	16	12.8	10.5	96.07	71.5	7.1	132	900.1730296	29	1.6	311
PAY	2021	10	15	17	11.7	9.9	96.09	77.3	7.16	13	0	0	1.1	323
PAY	2021	10	15	18	8.1	8.7	96.13	93.2	6.74	0	0	0	0.4	298
PAY	2021	10	15	19	8.1	7.7	96.15	92.9	6.68	0	0	0	0.2	290
PAY	2021	10	15	20	7	7	96.17	94.8	5.96	0	0	0	0.5	284
PAY	2021	10	15	21	6.6	6.1	96.18	97	6	0	0	0	0.5	281
PAY	2021	10	15	22	5.4	5.6	96.17	97.2	4.84	0	0	0	0.4	279
PAY	2021	10	15	23	4.6	5	96.18	97.7	4.14	0	0	0	0.5	270
PAY	2021	10	16	0	4.6	4.4	96.19	98.1	4.22	0	0	0	0.4	268
PAY	2021	10	16	1	3.8	4.1	96.2	97.7	3.34	0	0	0	0.7	265
PAY	2021	10	16	2	2.9	3.3	96.19	97.5	2.4	0	0	0	0.3	264
PAY	2021	10	16	3	3.3	3.3	96.2	100	3.3	0	0	0	0.5	288
PAY	2021	10	16	4	3.2	3.1	96.19	99.4	3.08	0	0	0	1	282
PAY	2021	10	16	5	2.2	2.4	96.21	99.9	2.18	0	0	0	0.5	285
PAY	2021	10	16	6	3.4	3	96.23	100	3.4	0	0	14	0.4	316
PAY	2021	10	16	7	4.3	3.9	96.27	98.7	4.04	24	0	56	0.5	326
PAY	2021	10	16	8	5.3	4.9	96.3	98.9	5.08	94	0	94	0.4	331
PAY	2021	10	16	9	6.2	5.7	96.32	96.1	5.42	190	207.7056483	98	0.4	326
PAY	2021	10	16	10	7.2	6.2	96.32	92.6	5.72	246	210.4598499	136	0.6	323
PAY	2021	10	16	11	10.2	7.8	96.28	76.7	5.54	544	760.3552644	119	0.7	273
PAY	2021	10	16	12	11.8	9.1	96.21	71.2	6.04	566	564.350427	256	1.8	278
PAY	2021	10	16	13	13.3	9.8	96.15	66.1	6.52	536	627.0505665	226	1.3	282
PAY	2021	10	16	14	14.3	10.3	96.13	65.4	7.38	448	924.8406081	80	1.5	286
PAY	2021	10	16	15	14.2	10.3	96.12	62.4	6.68	311	911.9678046	68	1.5	287
PAY	2021	10	16	16	12.9	10.1	96.16	68.9	6.68	148	1000	22	1.4	289
PAY	2021	10	16	17	9.7	9.3	96.21	87.2	7.14	21	0	0	0.5	286
PAY	2021	10	16	18	8.4	8.1	96.25	91.9	6.78	0	0	0	0.5	299
PAY	2021	10	16	19	8	7.4	96.28	93.8	6.76	0	0	0	0.7	296
PAY	2021	10	16	20	6.4	6.5	96.28	94.1	5.22	0	0	0	0.6	274
PAY	2021	10	16	21	5.3	5	96.28	96	4.5	0	0	0	1.2	269
PAY	2021	10	16	22	4.7	4.7	96.29	96.6	4.02	0	0	0	0.9	268
PAY	2021	10	16	23	4.5	4.2	96.29	96.1	3.72	0	0	0	1.6	268
PAY	2021	10	17	0	4.6	4.5	96.3	97.2	4.04	0	0	0	1.6	267
PAY	2021	10	17	1	3.8	4.1	96.3	97.3	3.26	0	0	0	0.2	264
PAY	2021	10	17	2	3.5	3.6	96.27	97.2	2.94	0	0	0	1	263
PAY	2021	10	17	3	3.9	3.5	96.25	96.8	3.26	0	0	0	0.5	295
PAY	2021	10	17	4	5	4.3	96.26	96.5	4.3	0	0	0	0.5	337
PAY	2021	10	17	5	4.6	4.4	96.29	97.4	4.08	0	0	0	0.4	339
PAY	2021	10	17	6	4.4	4.6	96.33	99	4.2	0	0	12	0.7	339
PAY	2021	10	17	7	5.3	4.9	96.36	95.9	4.48	16	0	88	1.1	339
PAY	2021	10	17	8	6.2	5.4	96.38	96.2	5.44	57	0	86	1.3	341
PAY	2021	10	17	9	8.3	6.9	96.38	92.2	6.74	159	100.4321483	115	0.6	340
PAY	2021	10	17	10	9.9	8.3	96.35	86.8	7.26	393	554.4690037	106	0.9	298
PAY	2021	10	17	11	11.2	9.2	96.35	84.7	8.14	545	733.2446685	139	1.6	286
PAY	2021	10	17	12	11.9	9.7	96.3	77	7.3	566	943.1708284	53	1.3	279
PAY	2021	10	17	13	13.8	10.7	96.24	72	8.2	532	603.4064621	237	0.9	284
PAY	2021	10	17	14	14.7	11.5	96.22	70.3	8.76	444	930.2006209	79	0.8	289
PAY	2021	10	17	15	14.5	11.7	96.22	72.5	9	293	712.7201909	107	1.2	291
PAY	2021	10	17	16	13.7	11.7	96.25	77.5	9.2	163	1000	24	1.1	292
PAY	2021	10	17	17	10.8	10.7	96.29	91.7	9.14	28	0	0	0.8	290
PAY	2021	10	17	18	9.1	9.2	96.35	96.7	8.44	0	0	0	0.5	284
PAY	2021	10	17	19	8	8.4	96.41	97.6	7.52	0	0	0	0.7	281
PAY	2021	10	17	20	6.4	7.2	96.45	96.3	5.66	0	0	0	0.9	284
PAY	2021	10	17	21	6.1	6.5	96.5	95.1	5.12	0	0	0	1.2	280
PAY	2021	10	17	22	6	5.9	96.54	96.1	5.22	0	0	0	1.2	281
PAY	2021	10	17	23	5.4	5.3	96.56	94.9	4.38	0	0	0	1.2	282
PAY	2021	10	18	0	5.8	5.5	96.57	92.9	4.38	0	0	0	2.2	284
PAY	2021	10	18	1	5.4	5	96.59	96	4.6	0	0	0	0.7	283
PAY	2021	10	18	2	5.8	4.6	96.57	91.8	4.16	0	0	0	1.4	282
PAY	2021	10	18	3	4.5	4.5	96.57	95.6	3.62	0	0	0	0.9	280
PAY	2021	10	18	4	3.5	3.9	96.61	95.2	2.54	0	0	0	1	264
PAY	2021	10	18	5	3	3.2	96.66	96.1	2.22	0	0	0	0.6	260
PAY	2021	10	18	6	2.9	3	96.7	96.7	2.24	0	0	10	0.9	259
PAY	2021	10	18	7	3.9	3.2	96.77	95.6	3.02	52	0	70	0.9	259
PAY	2021	10	18	8	7.1	5.2	96.81	87.5	4.6	222	316.4309265	122	0.7	264
PAY	2021	10	18	9	8.6	6.8	96.81	85.7	5.74	371	341.5836474	223	0.3	268
PAY	2021	10	18	10	9.8	8.3	96.81	83.5	6.5	482	511.158604	220	1.1	272
PAY	2021	10	18	11	11.6	9.2	96.78	75.5	6.7	554	499.5758019	280	1.1	276
PAY	2021	10	18	12	14	10	96.7	62.8	6.56	571	605.3492865	245	0.9	281
PAY	2021	10	18	13	15.4	10.4	96.65	55.7	6.54	500	560.5777574	229	1	291
PAY	2021	10	18	14	15	10.5	96.62	58.7	6.74	355	620.3051135	115	1	298
PAY	2021	10	18	15	14.1	11.2	96.66	71.5	8.4	171	262.1971147	104	1.6	305
PAY	2021	10	18	16	12.7	10.8	96.66	80.8	8.86	85	641.184213	22	0.9	303
PAY	2021	10	18	17	10.3	10	96.66	91.1	8.52	13	0	0	0.4	300
PAY	2021	10	18	18	9.6	9.1	96.72	92.8	8.16	0	0	0	0.7	301
PAY	2021	10	18	19	8.8	8.4	96.78	93	7.4	0	0	0	1.7	296
PAY	2021	10	18	20	8.1	7.7	96.83	94.2	6.94	0	0	0	1.7	294
PAY	2021	10	18	21	8.6	8	96.88	92.3	7.06	0	0	0	1.6	307
PAY	2021	10	18	22	7.1	7.3	96.91	94.6	6.02	0	0	0	1	298
PAY	2021	10	18	23	7.6	7.5	96.91	93	6.2	0	0	0	1.6	300
PAY	2021	10	19	0	7.9	7.2	96.92	89.9	5.88	0	0	0	1.5	297
PAY	2021	10	19	1	6.3	6.2	96.94	93.4	4.98	0	0	0	0.8	277
PAY	2021	10	19	2	6.1	5.7	96.89	95.1	5.12	0	0	0	0.6	300
PAY	2021	10	19	3	6.5	6.2	96.87	95.8	5.66	0	0	0	1	317
PAY	2021	10	19	4	6.5	5.9	96.9	95.2	5.54	0	0	0	1.2	302
PAY	2021	10	19	5	7	6.5	96.92	93.9	5.78	0	0	0	0.6	328
PAY	2021	10	19	6	7.4	6.7	96.94	93.3	6.06	0	0	7	0.6	337
PAY	2021	10	19	7	8	7.1	96.95	93.2	6.64	23	0	86	0.3	338
PAY	2021	10	19	8	9.3	8.1	96.98	89.3	7.16	78	0	160	0.4	343
PAY	2021	10	19	9	10.9	9.1	96.99	84.6	7.82	139	0	222	0.5	352
PAY	2021	10	19	10	12.8	9.6	96.97	73.1	7.42	275	269.9438347	138	0.3	344
PAY	2021	10	19	11	14.5	10.7	96.9	72.7	9.04	335	290.8489295	177	0.6	323
PAY	2021	10	19	12	15.3	11.4	96.84	63.7	8.04	539	778.3593619	124	1.2	306
PAY	2021	10	19	13	16.5	12.3	96.77	61.9	8.88	507	820.0890615	115	1.2	310
PAY	2021	10	19	14	17.9	12.9	96.72	58.8	9.66	420	888.6845705	81	0.7	314
PAY	2021	10	19	15	17.8	13.1	96.67	59.6	9.72	291	883.4973095	70	0.7	315
PAY	2021	10	19	16	16.5	12.9	96.65	65.5	9.6	138	1000	19	0.8	314
PAY	2021	10	19	17	12.7	12.1	96.68	86.7	10.04	16	0	0	0.8	308
PAY	2021	10	19	18	10.5	10.6	96.71	92	8.9	0	0	0	0.8	302
PAY	2021	10	19	19	9.6	9.5	96.72	94.3	8.46	0	0	0	0.9	297
PAY	2021	10	19	20	8	8.5	96.7	93.3	6.66	0	0	0	1.1	294
PAY	2021	10	19	21	8.6	7.9	96.7	90.7	6.74	0	0	0	1	295
PAY	2021	10	19	22	7.8	7.5	96.68	95.1	6.82	0	0	0	0.5	293
PAY	2021	10	19	23	8.2	7.4	96.64	93.7	6.94	0	0	0	0.3	292
PAY	2021	10	20	0	7.2	6.8	96.58	95.4	6.28	0	0	0	0.4	291
PAY	2021	10	20	1	7.5	7.1	96.53	96	6.7	0	0	0	0.2	289
PAY	2021	10	20	2	7.5	7	96.45	96.9	6.88	0	0	0	0.3	288
PAY	2021	10	20	3	6.5	6.2	96.39	97.3	5.96	0	0	0	0.5	286
PAY	2021	10	20	4	6.3	6.1	96.36	96.8	5.66	0	0	0	0.4	287
PAY	2021	10	20	5	5.8	5.7	96.32	97.1	5.22	0	0	0	0.4	286
PAY	2021	10	20	6	6.4	5.8	96.26	96.6	5.72	0	0	6	0.3	285
PAY	2021	10	20	7	10.5	6	96.27	74.7	5.44	55	0	57	1.1	289
PAY	2021	10	20	8	12.8	9.4	96.24	71.3	7.06	167	101.0325758	136	1.5	299
PAY	2021	10	20	9	16.7	10.9	96.2	55.4	7.78	318	342.2946316	173	3.8	306
PAY	2021	10	20	10	17.5	11.9	96.17	53.9	8.28	338	348.2795738	163	5.7	321
PAY	2021	10	20	11	19.5	12.5	96.11	44	8.3	529	689.5635309	158	8.2	341
PAY	2021	10	20	12	19.4	12.9	96.04	47.3	8.86	434	479.3170559	181	8.6	355
PAY	2021	10	20	13	18.4	12.8	95.95	51	8.6	129	0	188	6.6	385
PAY	2021	10	20	14	17.7	12.7	95.89	57.5	9.2	51	0	171	5.4	383
PAY	2021	10	20	15	18	12.8	95.8	56	9.2	55	0	91	4.1	380
PAY	2021	10	20	16	17.1	12.9	95.74	59.9	9.08	96	854.5990294	21	3.5	337
PAY	2021	10	20	17	17.1	12.6	95.67	59.7	9.04	5	0	0	4.5	356
PAY	2021	10	20	18	16.6	12.6	95.62	62.7	9.14	0	0	0	4.8	360
PAY	2021	10	20	19	16.6	12.5	95.54	62.8	9.16	0	0	0	4.8	345
PAY	2021	10	20	20	16	12.5	95.43	67	9.4	0	0	0	3.7	368
PAY	2021	10	20	21	15.8	12.4	95.32	66.3	9.06	0	0	0	4.5	339
PAY	2021	10	20	22	15.7	12.2	95.25	65.8	8.86	0	0	0	5.1	340
PAY	2021	10	20	23	16.1	12.1	95.15	62.3	8.56	0	0	0	7.3	349
PAY	2021	10	21	0	16.1	12	95.08	62.5	8.6	0	0	0	7.9	362
PAY	2021	10	21	1	16	12.1	95.01	64.2	8.84	0	0	0	7	364
PAY	2021	10	21	2	13.9	12.4	95.15	86	11.1	0	0	0	7.7	375
PAY	2021	10	21	3	14	12.5	95.21	85.3	11.06	0	0	0	10.4	369
PAY	2021	10	21	4	14.1	12.3	95.38	72.4	8.58	0	0	0	10.2	367
PAY	2021	10	21	5	12.3	10.7	95.55	74.4	7.18	0	0	0	8.7	365
PAY	2021	10	21	6	12.5	9.3	95.7	59.3	4.36	0	0	0	8.6	321
PAY	2021	10	21	7	12.4	8.4	95.82	57.7	3.94	17	0	78	7.6	313
PAY	2021	10	21	8	12.5	8.6	95.93	61.2	4.74	91	0	148	5.6	308
PAY	2021	10	21	9	13.9	9	95.95	59.3	5.76	300	544.43721	72	4.7	306
PAY	2021	10	21	10	14.4	9.5	95.94	55.1	5.42	416	347.7850749	243	5.9	311
PAY	2021	10	21	11	14.9	9.4	95.92	47	4.3	588	711.3097911	209	6.7	298
PAY	2021	10	21	12	14.5	9.5	95.87	47	3.9	505	692.7975499	143	7.4	313
PAY	2021	10	21	13	15.6	9.5	95.84	44.4	4.48	505	712.7176384	172	7.1	297
PAY	2021	10	21	14	15.4	9.4	95.82	46	4.6	450	1000	63	6.5	304
PAY	2021	10	21	15	14.7	9.4	95.81	50.6	4.82	294	901.8182761	78	5.6	295
PAY	2021	10	21	16	13.1	9.1	95.81	55.8	4.26	125	1000	18	3.7	290
PAY	2021	10	21	17	11.4	8.4	95.85	63.7	4.14	12	0	0	2.7	283
PAY	2021	10	21	18	10.3	7.8	95.91	67.8	3.86	0	0	0	3	276
PAY	2021	10	21	19	10.2	7.1	95.96	63.7	2.94	0	0	0	2.9	274
PAY	2021	10	21	20	9.1	6.9	95.98	71.8	3.46	0	0	0	3.1	276
PAY	2021	10	21	21	10.8	7.4	96.01	65.4	3.88	0	0	0	3.6	286
PAY	2021	10	21	22	10.7	7.8	95.98	68.2	4.34	0	0	0	3.3	344
PAY	2021	10	21	23	11.2	8	95.99	65.6	4.32	0	0	0	2.6	343
PAY	2021	10	22	0	11.6	8.2	96	62.8	4.16	0	0	0	2.4	346
PAY	2021	10	22	1	11	8.1	96	67.5	4.5	0	0	0	2.9	335
PAY	2021	10	22	2	10.4	8.1	96	73.4	5.08	0	0	0	2.3	346
PAY	2021	10	22	3	9.8	8.1	96.03	79.5	5.7	0	0	0	1.7	345
PAY	2021	10	22	4	10.2	8.3	96.02	78.6	5.92	0	0	0	2.2	347
PAY	2021	10	22	5	9.7	8.4	96.06	84.9	6.68	0	0	0	1.3	350
PAY	2021	10	22	6	9.6	8.5	96.06	88	7.2	0	0	0	3	350
PAY	2021	10	22	7	9.6	8.7	96.15	89.7	7.54	7	0	75	3.4	352
PAY	2021	10	22	8	10.1	8.9	96.22	89	7.9	58	0	145	2.8	350
PAY	2021	10	22	9	11.1	9.3	96.27	75.1	6.12	244	96.62918089	204	2.9	336
PAY	2021	10	22	10	11.9	9.6	96.31	71.4	6.18	341	207.1460733	239	2.6	325
PAY	2021	10	22	11	12.3	8.8	96.33	58.6	4.02	340	269.1256051	198	2.1	337
PAY	2021	10	22	12	12.8	8.1	96.33	52.2	3.24	326	382.8087127	128	2.1	337
PAY	2021	10	22	13	13.6	8.3	96.29	49.1	3.42	509	857.3423917	113	1.2	309
PAY	2021	10	22	14	13.2	7.9	96.32	41.7	1.54	389	807.3615316	94	1.9	293
PAY	2021	10	22	15	11.9	7.3	96.4	49.3	1.76	294	1000	54	3.6	270
PAY	2021	10	22	16	10.3	6.3	96.45	49.8	0.26	133	1000	15	3.2	265
PAY	2021	10	22	17	8.8	5.5	96.51	56.1	0.02	12	0	0	1.5	261
PAY	2021	10	22	18	7.7	4.9	96.6	61.1	-0.08	0	0	0	1.4	257
PAY	2021	10	22	19	5.9	4.1	96.62	68.5	-0.4	0	0	0	1.2	255
PAY	2021	10	22	20	4.1	3.2	96.67	82.1	0.52	0	0	0	0.4	253
PAY	2021	10	22	21	3.3	2.3	96.73	85.6	0.42	0	0	0	0.7	246
PAY	2021	10	22	22	2	1.8	96.75	91.1	0.22	0	0	0	0.4	243
PAY	2021	10	22	23	1.1	1.3	96.77	93.2	-0.26	0	0	0	0.1	241
PAY	2021	10	23	0	1.1	0.9	96.8	94.2	-0.06	0	0	0	0.1	242
PAY	2021	10	23	1	1.1	0.7	96.82	91	-0.7	0	0	0	0.3	243
PAY	2021	10	23	2	0.8	0.6	96.8	92.6	-0.68	0	0	0	0.5	251
PAY	2021	10	23	3	1.1	0.4	96.78	90.5	-0.8	0	0	0	0.4	245
PAY	2021	10	23	4	0.1	0	96.81	95.4	-0.82	0	0	0	0.4	240
PAY	2021	10	23	5	0.6	-0.1	96.81	91.7	-1.06	0	0	0	0.6	240
PAY	2021	10	23	6	-0.2	-0.2	96.81	96	-1	0	0	0	0.7	240
PAY	2021	10	23	7	0.7	-0.2	96.83	91	-1.1	38	13.60286923	36	0.2	239
PAY	2021	10	23	8	3.1	1.4	96.89	88.1	0.72	195	286.6540776	111	0.2	241
PAY	2021	10	23	9	5.6	3.3	96.87	77.5	1.1	343	510.8388703	134	0.7	246
PAY	2021	10	23	10	8.1	5	96.84	70	2.1	464	763.2502202	92	2.1	253
PAY	2021	10	23	11	9.8	6.3	96.82	63.6	2.52	533	899.5765546	63	3	259
PAY	2021	10	23	12	10.7	6.9	96.8	57.6	2.22	550	884.8208735	97	3.7	263
PAY	2021	10	23	13	11.3	7.2	96.78	57.4	2.78	509	657.0338458	209	4.4	266
PAY	2021	10	23	14	11.6	7.4	96.75	55.1	2.62	420	805.2797836	130	4.2	267
PAY	2021	10	23	15	11.3	7.4	96.76	57.6	2.82	282	859.8347827	85	3.8	268
PAY	2021	10	23	16	10.3	7	96.77	59.4	2.18	124	1000	15	3.6	267
PAY	2021	10	23	17	8.5	6	96.82	66.5	1.8	10	0	0	2.5	264
PAY	2021	10	23	18	7.6	5.4	96.85	69.6	1.52	0	0	0	1.9	262
PAY	2021	10	23	19	5.2	4.5	96.85	81.8	1.56	0	0	0	1	258
PAY	2021	10	23	20	3.8	3.5	96.83	88.5	1.5	0	0	0	0.5	255
PAY	2021	10	23	21	3.5	2.5	96.85	88.7	1.24	0	0	0	1	252
PAY	2021	10	23	22	3	2.2	96.87	91.2	1.24	0	0	0	1.1	252
PAY	2021	10	23	23	1.9	1.6	96.87	95.5	1	0	0	0	0.7	250
PAY	2021	10	24	0	1	1.1	96.87	95.4	0.08	0	0	0	0.6	249
PAY	2021	10	24	1	1	0.6	96.86	95.5	0.1	0	0	0	1.1	247
PAY	2021	10	24	2	0.3	0.3	96.85	95.6	-0.58	0	0	0	1.1	247
PAY	2021	10	24	3	0.2	0.1	96.82	94.4	-0.92	0	0	0	1.5	246
PAY	2021	10	24	4	0.1	0.2	96.82	93.9	-1.12	0	0	0	1.5	246
PAY	2021	10	24	5	0.6	0.1	96.84	96.2	-0.16	0	0	0	0.8	246
PAY	2021	10	24	6	0.2	-0.1	96.85	93.9	-1.02	0	0	0	1.2	245
PAY	2021	10	24	7	0.2	-0.3	96.89	95.2	-0.76	39	0	71	1.1	251
PAY	2021	10	24	8	3	1.5	96.92	94.5	1.9	115	0	132	1.2	286
PAY	2021	10	24	9	4.7	3.8	96.93	92.7	3.24	219	66.7796517	192	0.6	311
PAY	2021	10	24	10	6.8	5.3	96.91	87.1	4.22	442	443.6289369	228	1.1	258
PAY	2021	10	24	11	9.3	6.3	96.88	76.5	4.6	525	576.0433085	227	0.5	261
PAY	2021	10	24	12	10.5	7.4	96.81	68.6	4.22	539	856.4603267	105	0.9	268
PAY	2021	10	24	13	11.9	8.1	96.74	65.3	4.96	498	786.5410983	143	0.9	272
PAY	2021	10	24	14	12.5	8.9	96.66	63.3	5.16	409	707.2215637	158	0.6	277
PAY	2021	10	24	15	12.4	9.3	96.63	64.4	5.28	274	901.7745367	72	1	279
PAY	2021	10	24	16	11.2	8.8	96.6	69.6	5.12	117	1000	13	1.3	278
PAY	2021	10	24	17	7.9	7.6	96.61	88.3	5.56	8	0	0	0.4	275
PAY	2021	10	24	18	6.1	6.2	96.61	93.9	4.88	0	0	0	0.3	270
PAY	2021	10	24	19	5.1	5.4	96.61	94.8	4.06	0	0	0	0.9	267
PAY	2021	10	24	20	5	4.6	96.61	94.7	3.94	0	0	0	0.8	264
PAY	2021	10	24	21	3.8	4.6	96.64	96.5	3.1	0	0	0	1.2	268
PAY	2021	10	24	22	4.4	4	96.64	96.1	3.62	0	0	0	1.5	273
PAY	2021	10	24	23	3.9	3.8	96.63	96.8	3.26	0	0	0	0.6	281
PAY	2021	10	25	0	4.7	3.6	96.63	95.8	3.86	0	0	0	1.2	266
PAY	2021	10	25	1	4	3.7	96.62	96.4	3.28	0	0	0	1.3	289
PAY	2021	10	25	2	4.1	4	96.6	95.2	3.14	0	0	0	1.5	286
PAY	2021	10	25	3	3.9	3.9	96.55	96.6	3.22	0	0	0	0.5	300
PAY	2021	10	25	4	3.7	3.9	96.53	97.3	3.16	0	0	0	0.9	287
PAY	2021	10	25	5	3.7	3.6	96.54	95.8	2.86	0	0	0	0.7	288
PAY	2021	10	25	6	2.9	3.2	96.52	97.1	2.32	0	0	0	0.6	268
PAY	2021	10	25	7	3.4	2.9	96.55	96.4	2.68	24	0	67	0.3	271
PAY	2021	10	25	8	6.2	4.5	96.57	89.5	4.1	177	140.9193084	137	0.6	264
PAY	2021	10	25	9	7.9	6.1	96.55	82.6	4.42	319	430.530835	147	0.6	267
PAY	2021	10	25	10	10.1	7.5	96.52	72.9	4.68	440	467.1178296	217	0.5	272
PAY	2021	10	25	11	11.7	8.5	96.49	68.4	5.38	504	546.6620522	224	0.9	278
PAY	2021	10	25	12	12.9	9.4	96.41	68	6.5	520	795.5521536	121	0.9	283
PAY	2021	10	25	13	13.8	10.5	96.33	69.1	7.62	478	609.6847104	206	1	287
PAY	2021	10	25	14	14.4	10.8	96.31	66.1	7.62	388	940.6708795	59	0.9	291
PAY	2021	10	25	15	14.5	10.9	96.28	64.6	7.42	259	867.7576342	69	0.8	292
PAY	2021	10	25	16	13.1	10.7	96.29	70.9	7.28	107	1000	11	1	290
PAY	2021	10	25	17	9.6	9.3	96.32	89.4	7.48	5	0	0	0.5	286
PAY	2021	10	25	18	7.7	7.9	96.39	94.3	6.56	0	0	0	0.6	286
PAY	2021	10	25	19	7.4	7.2	96.42	95.1	6.42	0	0	0	0.4	283
PAY	2021	10	25	20	6.5	6.1	96.45	93.4	5.18	0	0	0	1.2	286
PAY	2021	10	25	21	7.1	6.4	96.48	91.1	5.32	0	0	0	1.5	290
PAY	2021	10	25	22	7	6.4	96.51	93.5	5.7	0	0	0	0.7	311
PAY	2021	10	25	23	6.6	6.4	96.51	94.1	5.42	0	0	0	1.6	300
PAY	2021	10	26	0	6	6.1	96.53	95.9	5.18	0	0	0	1.2	298
PAY	2021	10	26	1	7.4	6.2	96.52	91.2	5.64	0	0	0	1.2	325
PAY	2021	10	26	2	7.3	6.8	96.53	93.8	6.06	0	0	0	1.1	337
PAY	2021	10	26	3	7.8	7.2	96.55	92.3	6.26	0	0	0	1	340
PAY	2021	10	26	4	7.7	7.2	96.56	94.4	6.58	0	0	0	0.7	325
PAY	2021	10	26	5	6.8	6.9	96.6	95.9	5.98	0	0	0	0.5	322
PAY	2021	10	26	6	6.4	6.6	96.62	96.2	5.64	0	0	0	0.7	306
PAY	2021	10	26	7	7.6	6.7	96.68	94.3	6.46	15	0	66	0.6	330
PAY	2021	10	26	8	8.2	7.5	96.74	93.2	6.84	44	0	140	0.3	340
PAY	2021	10	26	9	11.2	8.7	96.75	85	8.2	248	258.4183209	146	0.8	310
PAY	2021	10	26	10	12.4	9.9	96.73	80	8.4	441	482.6185074	213	1.3	324
PAY	2021	10	26	11	12.7	10.4	96.7	73.3	7.36	468	420.0338226	255	1.2	322
PAY	2021	10	26	12	14.3	10.7	96.66	62.6	6.82	540	642.658863	221	1.2	296
PAY	2021	10	26	13	15	11.3	96.63	65.9	8.18	425	725.6778806	105	1.6	309
PAY	2021	10	26	14	14.4	11.3	96.63	67.1	7.82	452	1000	76	1.5	317
PAY	2021	10	26	15	14.3	10.9	96.63	64.1	7.12	202	654.2871715	62	1.3	324
PAY	2021	10	26	16	13.4	10.9	96.65	69.7	7.34	110	1000	9	1.2	302
PAY	2021	10	26	17	10.4	9.8	96.72	86.6	7.72	4	0	0	0.7	292
PAY	2021	10	26	18	8.4	8.6	96.78	94.3	7.26	0	0	0	0.5	287
PAY	2021	10	26	19	8.3	8	96.8	93.8	7.06	0	0	0	0.3	309
PAY	2021	10	26	20	7.1	7.2	96.81	95.6	6.22	0	0	0	0.4	285
PAY	2021	10	26	21	6.2	6.7	96.82	96	5.4	0	0	0	0.3	281
PAY	2021	10	26	22	6.3	6.3	96.81	97.1	5.72	0	0	0	0.5	277
PAY	2021	10	26	23	4.7	5.5	96.8	97.5	4.2	0	0	0	0.4	275
PAY	2021	10	27	0	4.9	5.2	96.81	98.2	4.54	0	0	0	0.2	273
PAY	2021	10	27	1	4.6	4.7	96.8	98.8	4.36	0	0	0	0.5	273
PAY	2021	10	27	2	4.1	3.8	96.78	98.8	3.86	0	0	0	0.9	273
PAY	2021	10	27	3	4.3	4.2	96.77	100	4.3	0	0	0	1	295
PAY	2021	10	27	4	5.1	4.6	96.77	100	5.1	0	0	0	0.3	333
PAY	2021	10	27	5	4.7	4.9	96.8	100	4.7	0	0	0	0.3	336
PAY	2021	10	27	6	4.8	4.7	96.81	99.9	4.78	0	0	0	0.6	328
PAY	2021	10	27	7	5.2	4.8	96.85	100	5.2	17	0	59	0.3	328
PAY	2021	10	27	8	5.3	5.2	96.88	99.6	5.22	65	0	68	0.6	336
PAY	2021	10	27	9	6.8	6.1	96.87	93.2	5.44	144	128.2305211	94	0.5	332
PAY	2021	10	27	10	8.1	6.8	96.84	92.2	6.54	240	310.181065	95	0.5	335
PAY	2021	10	27	11	10.2	8.4	96.79	87.1	7.62	437	663.3039915	104	1.2	277
PAY	2021	10	27	12	9.4	8.4	96.72	87.4	6.88	287	352.1629268	114	2	328
PAY	2021	10	27	13	8.9	8	96.69	88.1	6.52	233	334.9775774	87	2.3	340
PAY	2021	10	27	14	9.2	8	96.67	88.1	6.82	146	73.61553059	121	1.7	347
PAY	2021	10	27	15	9	8	96.63	85.9	6.18	107	234.3827983	58	1.2	337
PAY	2021	10	27	16	8.6	7.8	96.62	88	6.2	86	1000	7	0.5	278
PAY	2021	10	27	17	6.2	6.5	96.62	94.8	5.16	5	0	0	0.4	267
PAY	2021	10	27	18	4.9	5.1	96.62	97.7	4.44	0	0	0	0.7	265
PAY	2021	10	27	19	4.1	4.4	96.63	96.4	3.38	0	0	0	1.1	265
PAY	2021	10	27	20	5.8	5.6	96.64	98.3	5.46	0	0	0	2.3	303
PAY	2021	10	27	21	5.8	5.7	96.63	98.4	5.48	0	0	0	2.3	317
PAY	2021	10	27	22	5.5	5.5	96.63	98.4	5.18	0	0	0	2.7	320
PAY	2021	10	27	23	5.2	5.4	96.58	98.2	4.84	0	0	0	2.9	319
PAY	2021	10	28	0	4.8	4.9	96.56	98.5	4.5	0	0	0	1.8	317
PAY	2021	10	28	1	4.1	4.3	96.57	100	4.1	0	0	0	1.3	315
PAY	2021	10	28	2	3.4	3.3	96.57	100	3.4	0	0	0	0.3	316
PAY	2021	10	28	3	3.9	3.5	96.52	97.6	3.42	0	0	0	0.8	324
PAY	2021	10	28	4	4.4	4.1	96.53	97.6	3.92	0	0	0	1.1	336
PAY	2021	10	28	5	4.9	4.6	96.52	97.4	4.38	0	0	0	1.9	337
PAY	2021	10	28	6	5.1	5	96.5	97.5	4.6	0	0	0	1.1	339
PAY	2021	10	28	7	5.4	5.1	96.49	97.3	4.86	10	0	46	1	338
PAY	2021	10	28	8	5.8	5.5	96.53	97.5	5.3	42	0	94	1	338
PAY	2021	10	28	9	6.7	5.9	96.48	93	5.3	106	0	114	0.7	339
PAY	2021	10	28	10	7.4	6.3	96.45	88.4	5.08	206	175.1215171	125	1	337
PAY	2021	10	28	11	8.7	6.8	96.41	86	5.9	349	279.6822857	210	0.8	279
PAY	2021	10	28	12	9.9	7.8	96.33	77.1	5.32	478	586.2211544	193	0.8	269
PAY	2021	10	28	13	10.9	8.5	96.25	73.9	5.68	425	754.4385028	100	1	273
PAY	2021	10	28	14	10.7	8.6	96.18	76.9	6.08	358	771.0267777	100	1.2	275
PAY	2021	10	28	15	10.7	8.7	96.13	78.4	6.38	196	577.8176094	78	1.2	276
PAY	2021	10	28	16	9.3	8.3	96.12	84.3	6.16	72	1000	6	0.7	277
PAY	2021	10	28	17	7.4	7.3	96.11	93.3	6.06	6	0	0	0.3	277
PAY	2021	10	28	18	5.2	6.1	96.11	96	4.4	0	0	0	0.4	272
PAY	2021	10	28	19	5.4	5.1	96.11	96.2	4.64	0	0	0	1	269
PAY	2021	10	28	20	4.5	4.5	96.08	97.4	3.98	0	0	0	0.8	267
PAY	2021	10	28	21	4.2	4.3	96.07	97.3	3.66	0	0	0	0.5	267
PAY	2021	10	28	22	4.5	3.7	96.03	97.1	3.92	0	0	0	0.5	267
PAY	2021	10	28	23	3.6	3.5	95.98	96	2.8	0	0	0	1.1	281
PAY	2021	10	29	0	5.1	5	95.96	98	4.7	0	0	0	1.2	334
PAY	2021	10	29	1	3.7	4.3	95.95	97.4	3.18	0	0	0	0.9	302
PAY	2021	10	29	2	2.6	3.1	95.91	98.2	2.24	0	0	0	0.6	273
PAY	2021	10	29	3	3.1	2.7	95.87	97.1	2.52	0	0	0	0.6	295
PAY	2021	10	29	4	4	3.5	95.83	96	3.2	0	0	0	0.5	330
PAY	2021	10	29	5	4.2	3.8	95.79	98.9	3.98	0	0	0	0.3	331
PAY	2021	10	29	6	3.8	3.9	95.79	97.7	3.34	0	0	0	1	334
PAY	2021	10	29	7	4.1	3.9	95.82	97.4	3.58	5	0	61	1.7	333
PAY	2021	10	29	8	4.7	4.4	95.85	97.8	4.26	38	0	107	2	332
PAY	2021	10	29	9	4.5	4.6	95.87	98	4.1	112	0	150	1.7	332
PAY	2021	10	29	10	6	5.2	95.83	96.5	5.3	207	93.96314434	164	0.9	336
PAY	2021	10	29	11	8	6.5	95.77	90	6	364	371.9624488	181	0.6	320
PAY	2021	10	29	12	9.1	7.4	95.67	81.8	5.46	485	613.1500013	190	1.3	274
PAY	2021	10	29	13	10.5	8.3	95.6	75.1	5.52	456	735.1366553	143	1.2	273
PAY	2021	10	29	14	11.7	8.7	95.53	71.6	6.02	368	879.5905157	78	0.6	278
PAY	2021	10	29	15	11.3	8.9	95.55	73.1	5.92	158	536.484422	51	1.1	285
PAY	2021	10	29	16	10.2	8.9	95.53	82.3	6.66	106	1000	0	1	286
PAY	2021	10	29	17	7.8	7.9	95.54	93.7	6.54	4	0	0	0.6	280
PAY	2021	10	29	18	6.8	6.6	95.61	94.6	5.72	0	0	0	0.6	277
PAY	2021	10	29	19	5.8	5.8	95.64	96.8	5.16	0	0	0	0.8	274
PAY	2021	10	29	20	5.2	5.5	95.62	97.4	4.68	0	0	0	1	274
PAY	2021	10	29	21	4.6	4.9	95.59	97.2	4.04	0	0	0	0.5	271
PAY	2021	10	29	22	3.8	4.1	95.56	98.2	3.44	0	0	0	0.5	268
PAY	2021	10	29	23	3.7	3.6	95.51	98.8	3.46	0	0	0	0.5	266
PAY	2021	10	30	0	2.7	3.1	95.48	97.4	2.18	0	0	0	0.5	278
PAY	2021	10	30	1	4.2	3.6	95.42	95.7	3.34	0	0	0	0.8	309
PAY	2021	10	30	2	4.7	4.7	95.33	100	4.7	0	0	0	1.4	324
PAY	2021	10	30	3	3.3	3.5	95.27	99.4	3.18	0	0	0	0.9	316
PAY	2021	10	30	4	4.2	3.8	95.19	100	4.2	0	0	0	0.8	331
PAY	2021	10	30	5	4.5	4.3	95.09	98.8	4.26	0	0	0	0.5	330
PAY	2021	10	30	6	4.5	4.4	95.03	99.2	4.34	0	0	0	1	332
PAY	2021	10	30	7	4.9	4.5	95.04	96.3	4.16	5	0	53	0.6	326
PAY	2021	10	30	8	5.3	4.9	95.08	95.7	4.44	19	0	101	0.4	330
PAY	2021	10	30	9	5.3	5.1	95.09	95.8	4.46	28	0	86	0.7	333
PAY	2021	10	30	10	6.1	5.5	95.09	96.4	5.38	46	0	91	0.6	337
PAY	2021	10	30	11	6.8	6	95.15	93.5	5.5	92	10.26667498	87	0.8	338
PAY	2021	10	30	12	7.6	6.6	95.13	92	6	124	67.20928623	92	0.4	346
PAY	2021	10	30	13	8.5	7.5	95.13	90.8	6.66	152	130.6989907	97	0.4	347
PAY	2021	10	30	14	8.8	8.2	95.12	92	7.2	109	147.7627181	61	0.7	347
PAY	2021	10	30	15	9.5	8.7	95.18	91.5	7.8	78	20.53896455	74	0.8	345
PAY	2021	10	30	16	8.9	8.7	95.26	95.3	7.96	27	685.3916258	0	0.6	352
PAY	2021	10	30	17	8.8	8.5	95.34	97.7	8.34	1	0	0	0.4	351
PAY	2021	10	30	18	8.8	8.6	95.4	98.2	8.44	0	0	0	0.6	352
PAY	2021	10	30	19	8.9	8.7	95.47	97.9	8.48	0	0	0	0.5	355
PAY	2021	10	30	20	8.9	8.8	95.48	97.5	8.4	0	0	0	1.1	348
PAY	2021	10	30	21	9.1	8.8	95.55	96.2	8.34	0	0	0	0.7	346
PAY	2021	10	30	22	8.9	8.8	95.59	96.8	8.26	0	0	0	0.7	352
PAY	2021	10	30	23	9.2	8.7	95.61	97.2	8.64	0	0	0	0.6	352
PAY	2021	10	31	0	9	8.9	95.63	97.8	8.56	0	0	0	0.9	355
PAY	2021	10	31	1	9.1	8.9	95.64	98.3	8.76	0	0	0	0.5	356
PAY	2021	10	31	2	9.1	9	95.61	98.5	8.8	0	0	0	0.7	355
PAY	2021	10	31	3	8.4	8.6	95.55	99.8	8.36	0	0	0	0.4	335
PAY	2021	10	31	4	8.4	8.5	95.49	100	8.4	0	0	0	0.6	344
PAY	2021	10	31	5	8.1	8.2	95.44	99.9	8.08	0	0	0	0.5	339
PAY	2021	10	31	6	7.4	7.8	95.43	99.9	7.38	0	0	0	0.8	334
PAY	2021	10	31	7	7.4	7.2	95.42	98.8	7.16	14	0	58	1.1	320
PAY	2021	10	31	8	8	7.6	95.41	97	7.4	89	0	110	0.7	312
PAY	2021	10	31	9	9.9	8.7	95.34	92.3	8.36	228	129.4023852	180	0.7	301
PAY	2021	10	31	10	11	9.8	95.28	89.6	8.92	339	301.4163854	204	0.7	294
PAY	2021	10	31	11	12.5	10.6	95.19	81.9	8.88	481	653.4221966	166	0.9	296
PAY	2021	10	31	12	14.2	11.7	95.11	78.5	9.9	463	630.3390617	166	0.8	300
PAY	2021	10	31	13	15.4	12.3	95.06	68.6	9.12	468	663.5959622	192	0.7	314
PAY	2021	10	31	14	14.7	13.1	95.02	82.1	11.12	322	568.643476	140	1.5	308
PAY	2021	10	31	15	14.4	12.8	95.02	82.3	10.86	209	820.4719137	53	1.2	308
PAY	2021	10	31	16	13.4	12.4	94.99	86.3	10.66	53	1000	0	0.8	309
PAY	2021	10	31	17	10.9	11.3	94.98	96.3	10.16	3	0	0	1	306
PAY	2021	10	31	18	9.8	10.3	95.01	97.8	9.36	0	0	0	0.7	308
PAY	2021	10	31	19	9.6	9.8	94.99	97	9	0	0	0	0.7	312
PAY	2021	10	31	20	10.4	9.7	94.94	92.8	8.96	0	0	0	1.6	323
PAY	2021	10	31	21	10.3	9.8	94.93	93.5	9	0	0	0	1.7	323
PAY	2021	10	31	22	10.4	10	94.88	94.5	9.3	0	0	0	1.5	341
PAY	2021	10	31	23	10.9	9.8	94.85	91.1	9.12	0	0	0	0.8	320
PAY	2021	11	1	0	9.4	9.1	94.87	96.8	8.76	0	0	0	1	353
PAY	2021	11	1	1	10.4	9.5	94.84	96.9	9.78	0	0	0	1	359
PAY	2021	11	1	2	12.5	10.9	94.83	93.9	11.28	0	0	0	0.9	364
PAY	2021	11	1	3	11.4	11.3	94.86	95.8	10.56	0	0	0	1.3	367
PAY	2021	11	1	4	11.1	10.7	94.88	92.5	9.6	0	0	0	1.9	361
PAY	2021	11	1	5	10.3	10.1	94.95	91	8.5	0	0	0	2.5	358
PAY	2021	11	1	6	9.6	9.2	95.02	91.6	7.92	0	0	0	2.3	352
PAY	2021	11	1	7	8.8	8.5	95.12	93.6	7.52	1	0	53	2.3	347
PAY	2021	11	1	8	9.6	8	95.06	74.9	4.58	17	0	68	3.8	345
PAY	2021	11	1	9	8.6	7.9	95.08	93.6	7.32	34	0	174	2	344
PAY	2021	11	1	10	9.1	8.1	95.07	90.2	7.14	72	0	209	0.7	340
PAY	2021	11	1	11	9.4	8.6	95.03	88.4	7.08	86	0	233	1.6	341
PAY	2021	11	1	12	10.3	8.6	94.94	83.2	6.94	147	0	220	2.4	332
PAY	2021	11	1	13	10.8	9.3	94.89	82.1	7.22	278	216.503888	189	2.8	328
PAY	2021	11	1	14	11.2	9.3	94.84	80	7.2	212	285.4010725	122	2.8	322
PAY	2021	11	1	15	11.1	9.2	94.83	75.8	6.26	122	301.729162	66	2.7	330
PAY	2021	11	1	16	10.1	8.7	94.83	79.7	6.04	65	0	0	3.2	308
PAY	2021	11	1	17	9.1	7.8	94.89	83.3	5.76	1	0	0	2.3	300
PAY	2021	11	1	18	9	8.1	94.91	88.2	6.64	0	0	0	2.5	339
PAY	2021	11	1	19	8.8	7.5	94.94	84.2	5.64	0	0	0	3.7	336
PAY	2021	11	1	20	8.2	7.6	94.95	91.4	6.48	0	0	0	2.9	317
PAY	2021	11	1	21	7.6	7	94.92	92.8	6.16	0	0	0	2.2	295
PAY	2021	11	1	22	7.9	7.3	94.9	93.1	6.52	0	0	0	1.7	340
PAY	2021	11	1	23	7.3	7	94.86	91	5.5	0	0	0	2.1	321
PAY	2021	11	2	0	6.9	6.4	94.83	86.9	4.28	0	0	0	3.5	315
PAY	2021	11	2	1	6.2	5.4	94.8	88.6	3.92	0	0	0	2.3	275
PAY	2021	11	2	2	6.3	5.5	94.74	89	4.1	0	0	0	2.2	301
PAY	2021	11	2	3	6.4	5.7	94.68	90.3	4.46	0	0	0	2	317
PAY	2021	11	2	4	6.5	5.8	94.67	91	4.7	0	0	0	1.3	325
PAY	2021	11	2	5	6.6	6	94.69	94	5.4	0	0	0	1.1	338
PAY	2021	11	2	6	7.2	6.2	94.7	85.1	4.22	0	0	0	2.9	336
PAY	2021	11	2	7	7.6	6.2	94.76	83.6	4.32	11	19.27770529	9	4.1	321
PAY	2021	11	2	8	7.8	6.4	94.82	80.9	3.98	75	0	120	5.4	294
PAY	2021	11	2	9	9.5	7.1	94.83	74.4	4.38	269	276.5746713	169	6	300
PAY	2021	11	2	10	8.9	7.4	94.84	79.4	4.78	308	207.6369637	217	5.4	325
PAY	2021	11	2	11	6.7	5.9	94.88	86.8	4.06	76	0	215	5.2	339
PAY	2021	11	2	12	7.4	5.9	94.87	84	4.2	162	0	206	5.4	312
PAY	2021	11	2	13	10.3	7.5	94.82	72.6	4.82	450	691.6008108	169	4.9	287
PAY	2021	11	2	14	10.8	7.5	94.8	64.3	3.66	242	354.0338773	132	5.6	300
PAY	2021	11	2	15	10.1	7.2	94.77	64.2	2.94	233	1000	45	6	270
PAY	2021	11	2	16	8.4	6.7	94.74	73.7	3.14	75	0	0	3.9	265
PAY	2021	11	2	17	7.1	5.9	94.72	79.5	3	1	0	0	2	261
PAY	2021	11	2	18	5.8	4.9	94.71	83.3	2.46	0	0	0	1.2	260
PAY	2021	11	2	19	4	4.2	94.69	91.4	2.28	0	0	0	0.7	258
PAY	2021	11	2	20	3.7	3.3	94.65	93.5	2.4	0	0	0	0.7	271
PAY	2021	11	2	21	4.9	3.7	94.67	90.3	2.96	0	0	0	1.3	295
PAY	2021	11	2	22	4.8	4.3	94.6	93.8	3.56	0	0	0	1.1	319
PAY	2021	11	2	23	4.9	4.6	94.58	95.5	4	0	0	0	0.7	329
PAY	2021	11	3	0	5.2	4.8	94.57	95.9	4.38	0	0	0	0.8	330
PAY	2021	11	3	1	5	4.8	94.51	96.2	4.24	0	0	0	0.7	323
PAY	2021	11	3	2	4.5	4.4	94.4	97.4	3.98	0	0	0	0.6	289
PAY	2021	11	3	3	3.3	3.7	94.35	100	3.3	0	0	0	0.8	277
PAY	2021	11	3	4	3.7	3.3	94.32	98.2	3.34	0	0	0	0.5	302
PAY	2021	11	3	5	3.7	3.6	94.32	97.6	3.22	0	0	0	0.6	301
PAY	2021	11	3	6	3.8	3.6	94.31	96.4	3.08	0	0	0	0.5	307
PAY	2021	11	3	7	4.6	3.9	94.34	94.9	3.58	2	0	32	1	325
PAY	2021	11	3	8	5.3	4.5	94.43	93.6	4.02	14	0	60	1.9	331
PAY	2021	11	3	9	5.7	5.1	94.47	94.6	4.62	26	0	69	1.5	333
PAY	2021	11	3	10	6.1	5.4	94.5	92.3	4.56	42	0	106	2.4	333
PAY	2021	11	3	11	6.5	5.6	94.49	89.1	4.32	81	0	215	2.5	327
PAY	2021	11	3	12	6.7	5.7	94.45	85.4	3.78	79	0	212	2.4	321
PAY	2021	11	3	13	6.8	5.7	94.43	86.6	4.12	61	0	175	1.8	324
PAY	2021	11	3	14	6.7	5.8	94.4	87.6	4.22	53	0	129	1.3	320
PAY	2021	11	3	15	7.1	6	94.43	85.2	4.14	54	0	58	1.3	312
PAY	2021	11	3	16	7.4	6.1	94.45	82.1	3.82	36	0	0	2.6	325
PAY	2021	11	3	17	6.8	5.8	94.5	85.5	3.9	1	0	0	2	327
PAY	2021	11	3	18	6.1	5.4	94.53	86.5	3.4	0	0	0	1.5	316
PAY	2021	11	3	19	5.9	5.1	94.55	87.2	3.34	0	0	0	1.3	305
PAY	2021	11	3	20	6	5.1	94.61	87.2	3.44	0	0	0	1.4	314
PAY	2021	11	3	21	6.3	5	94.64	81.1	2.52	0	0	0	2.1	324
PAY	2021	11	3	22	6	4.7	94.68	80.9	2.18	0	0	0	1	326
PAY	2021	11	3	23	5.6	4.4	94.68	80.2	1.64	0	0	0	0.6	321
PAY	2021	11	4	0	4.9	3.7	94.69	79.9	0.88	0	0	0	0.7	306
PAY	2021	11	4	1	4.6	3.6	94.74	86.4	1.88	0	0	0	0.6	311
PAY	2021	11	4	2	4.8	3.7	94.77	87.1	2.22	0	0	0	1.7	302
PAY	2021	11	4	3	4.7	3.8	94.82	85	1.7	0	0	0	2.2	312
PAY	2021	11	4	4	4	3	94.85	82.3	0.46	0	0	0	2.4	257
PAY	2021	11	4	5	3.1	2.3	94.93	88.7	0.84	0	0	0	2.4	264
PAY	2021	11	4	6	3.2	2.3	94.98	84.7	0.14	0	0	0	2.6	275
PAY	2021	11	4	7	3.9	2.4	95.06	80.5	0	9	0	34	3.6	287
PAY	2021	11	4	8	4.7	3	95.16	79.1	0.52	22	0	62	3.2	315
PAY	2021	11	4	9	5	3.5	95.23	82.4	1.48	37	0	167	1.2	324
PAY	2021	11	4	10	5.2	4	95.32	82.5	1.7	87	0	125	1.4	325
PAY	2021	11	4	11	6	4.2	95.37	80	2	189	209.6127348	92	3.1	287
PAY	2021	11	4	12	6.3	4.7	95.4	79	2.1	259	380.6122099	87	3	308
PAY	2021	11	4	13	6.3	4.5	95.43	76	1.5	153	209.0918212	70	2.9	312
PAY	2021	11	4	14	6	4.7	95.47	73.5	0.7	203	503.8924087	51	2.3	303
PAY	2021	11	4	15	6.1	4.8	95.5	80.4	2.18	171	730.5038463	45	2.5	270
PAY	2021	11	4	16	5.8	4.6	95.55	81.7	2.14	15	0	0	2.2	307
PAY	2021	11	4	17	5	4	95.62	82.5	1.5	1	0	0	1.9	289
PAY	2021	11	4	18	4.5	3.4	95.7	83.3	1.16	0	0	0	1.7	281
PAY	2021	11	4	19	5	3.6	95.76	82.7	1.54	0	0	0	2.1	306
PAY	2021	11	4	20	4.6	3.6	95.8	86.1	1.82	0	0	0	1.4	306
PAY	2021	11	4	21	4.9	3.9	95.87	85.1	1.92	0	0	0	1.3	320
PAY	2021	11	4	22	4.9	3.9	95.9	85.2	1.94	0	0	0	1.7	309
PAY	2021	11	4	23	5.1	4	95.92	83.6	1.82	0	0	0	2.1	316
PAY	2021	11	5	0	5.4	3.9	95.97	78.8	1.16	0	0	0	2.1	316
PAY	2021	11	5	1	5	3.9	95.98	82.6	1.52	0	0	0	1.9	310
PAY	2021	11	5	2	5.2	3.8	96.01	82.5	1.7	0	0	0	1.9	306
PAY	2021	11	5	3	5	4	96.03	85	2	0	0	0	2	311
PAY	2021	11	5	4	4.9	4	96.09	85.8	2.06	0	0	0	1.6	311
PAY	2021	11	5	5	4.1	3.8	96.14	93.1	2.72	0	0	0	0.7	306
PAY	2021	11	5	6	3.8	3.4	96.18	91.2	2.04	0	0	0	0.6	293
PAY	2021	11	5	7	3.7	3.1	96.26	92.4	2.18	14	43.95659208	10	0.4	294
PAY	2021	11	5	8	5.7	3.9	96.35	85.1	2.72	147	341.7382168	67	0.2	273
PAY	2021	11	5	9	7.2	4.8	96.41	71.1	1.42	293	649.9577768	67	0.6	268
PAY	2021	11	5	10	8.2	5.2	96.45	64.5	1.1	396	459.7952726	201	1.4	256
PAY	2021	11	5	11	8.6	5.4	96.47	63.8	1.36	461	665.8715134	156	1.6	261
PAY	2021	11	5	12	9.3	5.6	96.48	61.9	1.68	367	373.4097172	200	2.6	269
PAY	2021	11	5	13	8.6	5.8	96.5	66.7	1.94	198	109.5862818	155	3.2	325
PAY	2021	11	5	14	9	5.9	96.52	60.6	1.12	271	524.8213548	115	3.5	299
PAY	2021	11	5	15	8.7	5.9	96.57	62.2	1.14	214	1000	34	3.4	260
PAY	2021	11	5	16	7.9	5.6	96.62	71.3	2.16	65	0	0	2.8	286
PAY	2021	11	5	17	6	4.9	96.68	79.9	1.98	1	0	0	2	260
PAY	2021	11	5	18	4.1	4.1	96.75	90.2	2.14	0	0	0	1.2	256
PAY	2021	11	5	19	4.6	3.4	96.78	83.7	1.34	0	0	0	1	253
PAY	2021	11	5	20	2.8	2.7	96.83	94.1	1.62	0	0	0	0.6	251
PAY	2021	11	5	21	3.4	2.2	96.89	90	1.4	0	0	0	1.1	251
PAY	2021	11	5	22	2.8	2.4	96.92	91.4	1.08	0	0	0	1.8	249
PAY	2021	11	5	23	3.3	2.5	96.92	88.7	1.04	0	0	0	1.8	248
PAY	2021	11	6	0	2	2.1	96.93	94	0.8	0	0	0	1.5	246
PAY	2021	11	6	1	1.2	1.3	96.96	96.3	0.46	0	0	0	1.4	246
PAY	2021	11	6	2	3.4	2.3	96.96	90	1.4	0	0	0	2	278
PAY	2021	11	6	3	2.5	2.6	96.95	93.7	1.24	0	0	0	2	248
PAY	2021	11	6	4	2	1.4	96.95	92.9	0.58	0	0	0	0.8	242
PAY	2021	11	6	5	1.3	1.1	96.97	95.7	0.44	0	0	0	0.9	240
PAY	2021	11	6	6	2.2	1.5	96.99	93.6	0.92	0	0	0	1.1	268
PAY	2021	11	6	7	2.3	1.7	97.05	94.4	1.18	5	0	43	1.7	312
PAY	2021	11	6	8	3.4	2.4	97.1	89.7	1.34	35	0	109	1.5	318
PAY	2021	11	6	9	4.5	3	97.11	80.5	0.6	163	37.8830435	150	2.7	278
PAY	2021	11	6	10	4.9	3.7	97.1	81.1	1.12	294	252.704743	188	3.6	274
PAY	2021	11	6	11	6.4	4.2	97.07	72.9	0.98	341	304.3759458	203	3.8	257
PAY	2021	11	6	12	7.9	4.9	97	70.2	1.94	483	643.8947217	198	3.6	253
PAY	2021	11	6	13	8.3	5.3	96.97	64.7	1.24	431	732.170531	147	3.9	260
PAY	2021	11	6	14	8.5	5.3	96.93	62.4	0.98	270	508.674161	121	4.4	256
PAY	2021	11	6	15	8	5.1	96.9	61.9	0.38	208	974.5549234	48	3.7	253
PAY	2021	11	6	16	6.9	4.5	96.91	64.1	-0.28	56	0	0	2.9	251
PAY	2021	11	6	17	3.8	3.4	96.9	80.8	-0.04	1	0	0	1.4	248
PAY	2021	11	6	18	3	2.6	96.9	84.7	-0.06	0	0	0	1	246
PAY	2021	11	6	19	2.7	1.7	96.88	86.7	0.04	0	0	0	0.3	243
PAY	2021	11	6	20	1.1	1	96.88	93.3	-0.24	0	0	0	0.1	241
PAY	2021	11	6	21	0.1	0.1	96.86	95	-0.9	0	0	0	0.4	238
PAY	2021	11	6	22	-0.1	-0.4	96.86	95.7	-0.96	0	0	0	0.9	236
PAY	2021	11	6	23	-0.7	-0.7	96.84	97.2	-1.26	0	0	0	0.9	236
PAY	2021	11	7	0	-0.8	-1.1	96.87	96.8	-1.44	0	0	0	0.7	236
PAY	2021	11	7	1	-0.5	-0.8	96.85	94	-1.7	0	0	0	1.1	236
PAY	2021	11	7	2	-1.1	-1.2	96.87	96.2	-1.86	0	0	0	0.8	234
PAY	2021	11	7	3	-1.5	-1.5	96.82	97.7	-1.96	0	0	0	0.7	234
PAY	2021	11	7	4	-1.3	-1.7	96.73	93.5	-2.6	0	0	0	1.4	241
PAY	2021	11	7	5	-2	-1.7	96.69	96.8	-2.64	0	0	0	0.9	237
PAY	2021	11	7	6	-0.7	-1.5	96.72	93.3	-2.04	0	0	0	0.9	286
PAY	2021	11	7	7	0.6	-0.4	96.75	94.7	-0.46	6	0	40	1.1	308
PAY	2021	11	7	8	0	-0.2	96.72	95.7	-0.86	82	0	108	1.2	292
PAY	2021	11	7	9	1.5	0.4	96.68	94.8	0.46	262	324.8251304	152	0.5	255
PAY	2021	11	7	10	3.2	2	96.63	88.1	0.82	367	515.8284607	153	0.6	250
PAY	2021	11	7	11	5.2	3.3	96.57	83	1.8	433	793.2586847	77	0.9	253
PAY	2021	11	7	12	6.5	4.3	96.47	77.8	2.06	467	712.2100278	155	0.9	253
PAY	2021	11	7	13	6.5	5.2	96.41	82.6	3.02	372	722.3590917	95	1.2	262
PAY	2021	11	7	14	7.4	5.8	96.37	79.1	3.22	280	730.9210724	69	1	260
PAY	2021	11	7	15	8.1	6	96.35	76	3.3	194	961.5335603	40	0.7	284
PAY	2021	11	7	16	7.8	6.2	96.36	77.7	3.34	47	0	0	0.4	328
PAY	2021	11	7	17	5.4	5.5	96.35	92.4	3.88	0	0	0	0.4	286
PAY	2021	11	7	18	3.9	4.1	96.37	95.6	3.02	0	0	0	0.3	265
PAY	2021	11	7	19	2.8	3.2	96.39	97.7	2.34	0	0	0	0.8	270
PAY	2021	11	7	20	4.2	3.7	96.37	93.2	2.84	0	0	0	0.6	326
PAY	2021	11	7	21	4.7	3.9	96.36	92.2	3.14	0	0	0	0.8	329
PAY	2021	11	7	22	4.6	4	96.32	91.3	2.86	0	0	0	0.9	323
PAY	2021	11	7	23	5.2	4.3	96.28	88.6	2.92	0	0	0	1.2	330
PAY	2021	11	8	0	5.2	4.5	96.32	90.6	3.32	0	0	0	0.5	332
PAY	2021	11	8	1	5	4.5	96.32	91	3.2	0	0	0	0.4	331
PAY	2021	11	8	2	5.2	4.6	96.31	91.9	3.58	0	0	0	0.6	330
PAY	2021	11	8	3	4.6	4.3	96.24	94.8	3.56	0	0	0	0.7	320
PAY	2021	11	8	4	4.7	4.3	96.3	94.7	3.64	0	0	0	0.7	316
PAY	2021	11	8	5	4.3	4.4	96.26	94.9	3.28	0	0	0	0.5	296
PAY	2021	11	8	6	2.7	2.9	96.27	97.4	2.18	0	0	0	0.7	268
PAY	2021	11	8	7	4.2	3.5	96.28	93.2	2.84	7	0	38	0.9	300
PAY	2021	11	8	8	5.7	4.1	96.3	86	2.9	76	0	83	2.1	309
PAY	2021	11	8	9	7	5.3	96.3	83.1	3.62	252	583.5454163	57	3.6	282
PAY	2021	11	8	10	7.2	5.5	96.28	77	2.6	158	209.5932555	72	4.2	319
PAY	2021	11	8	11	7.8	5.4	96.25	65.8	0.96	223	299.3917769	90	4.7	319
PAY	2021	11	8	12	8.3	5.4	96.26	63.9	1.08	220	276.756198	100	4.9	324
PAY	2021	11	8	13	8.2	5.6	96.24	66.7	1.54	211	234.7534102	122	5.4	323
PAY	2021	11	8	14	8.1	5.6	96.23	67.4	1.58	137	305.7764383	50	4.9	328
PAY	2021	11	8	15	8	5.5	96.27	68.2	1.64	82	307.2246129	34	4.5	322
PAY	2021	11	8	16	7.6	5.5	96.29	69.8	1.56	33	0	0	3.6	301
PAY	2021	11	8	17	6.8	4.9	96.34	72.2	1.24	0	0	0	4	271
PAY	2021	11	8	18	6.4	4.5	96.4	72.2	0.84	0	0	0	3.3	266
PAY	2021	11	8	19	4.8	4	96.4	82.2	1.24	0	0	0	2.1	252
PAY	2021	11	8	20	4.6	3.4	96.42	82.1	1.02	0	0	0	1.6	248
PAY	2021	11	8	21	4.2	3.2	96.44	81.1	0.42	0	0	0	2.2	247
PAY	2021	11	8	22	3.4	2.8	96.44	82.9	-0.02	0	0	0	1.8	246
PAY	2021	11	8	23	1	1.4	96.44	93.6	-0.28	0	0	0	1	243
PAY	2021	11	9	0	0.3	0.3	96.42	95.4	-0.62	0	0	0	1	241
PAY	2021	11	9	1	0.6	0.5	96.43	94.1	-0.58	0	0	0	0.8	240
PAY	2021	11	9	2	0.2	0.2	96.46	94.9	-0.82	0	0	0	0.4	239
PAY	2021	11	9	3	-0.9	-0.2	96.48	96.5	-1.6	0	0	0	0.4	238
PAY	2021	11	9	4	1.3	0.1	96.5	90.6	-0.58	0	0	0	0.6	265
PAY	2021	11	9	5	1.1	0.5	96.52	93.2	-0.26	0	0	0	0.4	314
PAY	2021	11	9	6	2.9	1.7	96.52	87.1	0.32	0	0	0	1.9	315
PAY	2021	11	9	7	2.5	1.8	96.57	88.9	0.28	2	0	36	1.4	316
PAY	2021	11	9	8	3.1	2	96.61	87.9	0.68	32	0	87	1.3	317
PAY	2021	11	9	9	3.7	2.6	96.6	85.3	0.76	81	0	98	2.1	315
PAY	2021	11	9	10	4.2	3	96.63	83.3	0.86	87	0	164	2.4	320
PAY	2021	11	9	11	4.6	3.1	96.64	78.3	0.26	137	0	185	2.6	320
PAY	2021	11	9	12	4.9	3.1	96.62	74.9	-0.12	105	0	188	2.5	322
PAY	2021	11	9	13	5.1	3.2	96.56	73.1	-0.28	113	0	147	1.8	323
PAY	2021	11	9	14	5.6	3.3	96.57	70.6	-0.28	152	199.6757832	96	1.8	295
PAY	2021	11	9	15	5.4	3.4	96.58	70.7	-0.46	186	892.333938	50	1.2	250
PAY	2021	11	9	16	4	3.2	96.62	80.3	0.06	45	0	0	0.4	251
PAY	2021	11	9	17	3.5	2.2	96.7	81.8	-0.14	0	0	0	1.2	261
PAY	2021	11	9	18	2	1	96.75	87.6	-0.48	0	0	0	1.4	252
PAY	2021	11	9	19	2	1	96.76	87.4	-0.52	0	0	0	2.2	251
PAY	2021	11	9	20	0.5	-0.1	96.76	91.8	-1.14	0	0	0	1.4	252
PAY	2021	11	9	21	-0.2	-0.3	96.79	93.2	-1.56	0	0	0	1.1	248
PAY	2021	11	9	22	0.2	-0.2	96.78	95.2	-0.76	0	0	0	1.1	276
PAY	2021	11	9	23	0.4	0.2	96.8	95.3	-0.54	0	0	0	0.6	291
PAY	2021	11	10	0	0.1	0.2	96.87	96.2	-0.66	0	0	0	0.8	254
PAY	2021	11	10	1	-0.2	-0.5	96.8	95.6	-1.08	0	0	0	0.5	250
PAY	2021	11	10	2	-0.1	-0.2	96.73	94.8	-1.14	0	0	0	1.7	262
PAY	2021	11	10	3	0.3	-0.1	96.68	94.1	-0.88	0	0	0	1.5	270
PAY	2021	11	10	4	-0.1	-0.3	96.65	94.2	-1.26	0	0	0	0.6	274
PAY	2021	11	10	5	-0.5	-0.3	96.63	97.8	-0.94	0	0	0	0.6	279
PAY	2021	11	10	6	0	-0.1	96.6	96.2	-0.76	0	0	0	0.5	262
PAY	2021	11	10	7	-0.4	-0.4	96.6	97.3	-0.94	5	0	30	0.7	257
PAY	2021	11	10	8	0.8	-0.3	96.65	93.6	-0.48	48	0	80	0.5	259
PAY	2021	11	10	9	2.4	0.8	96.62	91.3	0.66	129	39.95950902	116	0.6	257
PAY	2021	11	10	10	4.1	2.6	96.61	85.4	1.18	250	440.9851551	73	0.8	264
PAY	2021	11	10	11	4.9	3.5	96.6	84.3	1.76	201	229.7159763	101	0.3	281
PAY	2021	11	10	12	5.5	4.1	96.61	83.6	2.22	167	393.0797651	0	0.6	299
PAY	2021	11	10	13	5.9	4.5	96.55	78.9	1.68	173	118.7028445	129	0.6	296
PAY	2021	11	10	14	6.6	4.8	96.5	78.9	2.38	131	217.01542	71	0.1	299
PAY	2021	11	10	15	6.3	5.2	96.48	82.7	2.84	78	275.7635783	37	1	303
PAY	2021	11	10	16	5.9	4.9	96.49	86.1	3.12	26	0	0	1	298
PAY	2021	11	10	17	4	4.2	96.49	93.4	2.68	0	0	0	0.4	281
PAY	2021	11	10	18	2.6	3.1	96.5	97.2	2.04	0	0	0	0.7	264
PAY	2021	11	10	19	2.8	2.5	96.53	95.7	1.94	0	0	0	1	282
PAY	2021	11	10	20	2.2	2.2	96.53	97.2	1.64	0	0	0	0.8	265
PAY	2021	11	10	21	1.7	1.7	96.54	96.8	1.06	0	0	0	1.4	262
PAY	2021	11	10	22	1.7	1.6	96.5	98.7	1.44	0	0	0	1	262
PAY	2021	11	10	23	1.3	0.9	96.47	96.4	0.58	0	0	0	0.3	261
PAY	2021	11	11	0	0.5	0.7	96.49	98.9	0.28	0	0	0	1	260
PAY	2021	11	11	1	-0.1	0	96.45	98.2	-0.46	0	0	0	0.8	259
PAY	2021	11	11	2	1.3	0.4	96.46	94.8	0.26	0	0	0	1.4	260
PAY	2021	11	11	3	0.2	-0.1	96.53	97.2	-0.36	0	0	0	1	259
PAY	2021	11	11	4	0.5	-0.1	96.51	95.6	-0.38	0	0	0	1	259
PAY	2021	11	11	5	0.4	0.3	96.58	96	-0.4	0	0	0	1.5	257
PAY	2021	11	11	6	1.2	0.8	96.58	97.3	0.66	0	0	0	1.2	285
PAY	2021	11	11	7	1	0.9	96.6	98.3	0.66	5	0	31	0.8	286
PAY	2021	11	11	8	1.8	1.5	96.64	99.6	1.72	52	0	91	0.9	321
PAY	2021	11	11	9	3.2	2.3	96.64	100	3.2	86	0	123	0.2	322
PAY	2021	11	11	10	3.3	3.3	96.69	100	3.3	99	0	151	0.6	327
PAY	2021	11	11	11	3.7	3.5	96.63	97.7	3.24	145	153.1467964	79	0.4	329
PAY	2021	11	11	12	4.7	4.1	96.6	96	3.9	216	275.8037702	100	0.7	318
PAY	2021	11	11	13	6.6	5.4	96.52	89.1	4.42	355	872.9458309	35	0.8	272
PAY	2021	11	11	14	7.4	6.1	96.47	86.2	4.64	284	847.4146095	53	0.8	274
PAY	2021	11	11	15	6.8	6.2	96.49	89.6	4.72	162	813.5375638	44	1.4	274
PAY	2021	11	11	16	5.9	5.8	96.49	93.3	4.56	35	0	0	0.9	274
PAY	2021	11	11	17	4.3	4.6	96.5	96.8	3.66	0	0	0	0.4	272
PAY	2021	11	11	18	4.1	4	96.53	98.5	3.8	0	0	0	0.3	270
PAY	2021	11	11	19	3.4	3.1	96.52	99.1	3.22	0	0	0	0.6	268
PAY	2021	11	11	20	2.5	2.5	96.48	99.8	2.46	0	0	0	0.8	268
PAY	2021	11	11	21	1.9	1.6	96.49	100	1.9	0	0	0	0.5	277
PAY	2021	11	11	22	1.9	1.8	96.47	99.5	1.8	0	0	0	0.8	276
PAY	2021	11	11	23	0.9	1.2	96.41	99.1	0.72	0	0	0	1.1	269
PAY	2021	11	12	0	0.7	0.8	96.38	98.3	0.36	0	0	0	0.8	266
PAY	2021	11	12	1	0.9	0.6	96.38	100	0.9	0	0	0	0.6	271
PAY	2021	11	12	2	1.7	1.1	96.31	99.8	1.66	0	0	0	1	313
PAY	2021	11	12	3	2.5	2	96.28	100	2.5	0	0	0	0.7	322
PAY	2021	11	12	4	1.1	1.9	96.27	100	1.1	0	0	0	0.4	310
PAY	2021	11	12	5	1.9	1.6	96.26	100	1.9	0	0	0	0.3	314
PAY	2021	11	12	6	1.1	1.5	96.28	100	1.1	0	0	0	0.7	311
PAY	2021	11	12	7	1.6	1.4	96.27	99.9	1.58	3	0	32	0.5	316
PAY	2021	11	12	8	2	1.7	96.29	99.6	1.92	36	0	89	0.7	321
PAY	2021	11	12	9	2.7	2.2	96.24	100	2.7	82	123.1544234	43	0.4	323
PAY	2021	11	12	10	3.1	2.9	96.22	98.8	2.86	128	33.1085362	115	0.7	325
PAY	2021	11	12	11	3.5	3.1	96.16	100	3.5	153	0	184	0.5	328
PAY	2021	11	12	12	3.6	3.7	96.1	99.5	3.5	154	0	174	0.6	330
PAY	2021	11	12	13	4.2	4	96.05	99.4	4.08	156	38.61402016	142	0.6	331
PAY	2021	11	12	14	3.8	4.1	96.03	100	3.8	108	3.720183172	107	0.8	331
PAY	2021	11	12	15	4	4	95.99	100	4	54	56.531748	46	0.4	334
PAY	2021	11	12	16	3.9	4	96	100	3.9	14	0	0	0.5	332
PAY	2021	11	12	17	3.4	3.5	96.03	100	3.4	0	0	0	0.5	325
PAY	2021	11	12	18	3.2	3.2	96.06	100	3.2	0	0	0	1.1	323
PAY	2021	11	12	19	3.2	3.2	96.09	100	3.2	0	0	0	0.4	329
PAY	2021	11	12	20	3.4	3.4	96.1	99.1	3.22	0	0	0	0.8	329
PAY	2021	11	12	21	2.5	2.9	96.14	99.8	2.46	0	0	0	1	325
PAY	2021	11	12	22	3.1	2.9	96.15	100	3.1	0	0	0	0.4	326
PAY	2021	11	12	23	3.5	3.4	96.15	99.3	3.36	0	0	0	0.8	331
PAY	2021	11	13	0	3.6	3.5	96.15	98.8	3.36	0	0	0	0.8	325
PAY	2021	11	13	1	3.8	3	96.1	98.1	3.42	0	0	0	0.6	270
PAY	2021	11	13	2	4.5	4	96.06	99	4.3	0	0	0	1.1	322
PAY	2021	11	13	3	3.9	4.2	96.02	98.1	3.52	0	0	0	1.6	332
PAY	2021	11	13	4	5.3	4.8	96.03	96.3	4.56	0	0	0	1.8	334
PAY	2021	11	13	5	5.2	5	96.07	97	4.6	0	0	0	1.2	331
PAY	2021	11	13	6	5.1	5.3	96.07	96.8	4.46	0	0	0	1.4	325
PAY	2021	11	13	7	5	5	96.1	98	4.6	1	0	31	0.5	326
PAY	2021	11	13	8	5.2	4.9	96.13	97.2	4.64	15	0	98	0.8	326
PAY	2021	11	13	9	6.7	6	96.07	93.7	5.44	119	0	130	1.3	312
PAY	2021	11	13	10	8.9	7	96.06	80.6	5.02	197	136.4668489	144	2	318
PAY	2021	11	13	11	9.4	7.4	96.03	79.6	5.32	174	262.759029	63	1.3	330
PAY	2021	11	13	12	9.8	7.4	95.97	71	4	87	0	108	2.2	343
PAY	2021	11	13	13	10.2	7.6	95.92	69.5	4.1	82	33.45984289	70	2.5	347
PAY	2021	11	13	14	10.2	7.6	95.9	69.4	4.08	97	222.5488358	38	2.7	345
PAY	2021	11	13	15	10.3	8	95.88	73.8	5.06	52	115.8720853	36	1.9	348
PAY	2021	11	13	16	9.8	7.9	95.86	75.2	4.84	14	0	0	2.1	345
PAY	2021	11	13	17	9.3	7.5	95.9	78.6	5.02	0	0	0	1.8	338
PAY	2021	11	13	18	8.7	7.7	95.93	86	5.9	0	0	0	2.6	345
PAY	2021	11	13	19	8.8	7.4	95.92	82.9	5.38	0	0	0	2.8	334
PAY	2021	11	13	20	7.5	7.2	95.9	88	5.1	0	0	0	1.8	301
PAY	2021	11	13	21	5.9	5.8	95.92	94.3	4.76	0	0	0	0.9	291
PAY	2021	11	13	22	6.9	6.1	95.89	89.1	4.72	0	0	0	2.2	295
PAY	2021	11	13	23	6.6	5.7	95.88	92.3	5.06	0	0	0	1.8	306
PAY	2021	11	14	0	7.4	6.1	95.83	88.2	5.04	0	0	0	1.9	335
PAY	2021	11	14	1	7.7	6.5	95.8	86.3	4.96	0	0	0	2.5	337
PAY	2021	11	14	2	6.9	6.4	95.81	92.1	5.32	0	0	0	1.6	335
PAY	2021	11	14	3	6.4	6.2	95.79	93.6	5.12	0	0	0	0.7	333
PAY	2021	11	14	4	6.8	6	95.78	91.8	5.16	0	0	0	0.8	332
PAY	2021	11	14	5	6	5.9	95.79	96.8	5.36	0	0	0	0.4	333
PAY	2021	11	14	6	6	5.8	95.8	97	5.4	0	0	0	0.4	329
PAY	2021	11	14	7	5.8	5.6	95.82	98	5.4	3	0	23	0.2	335
PAY	2021	11	14	8	6.5	6	95.86	96.1	5.72	41	0	56	0.1	334
PAY	2021	11	14	9	7.2	6.5	95.85	96.7	6.54	74	0	152	0.6	336
PAY	2021	11	14	10	8.1	7.2	95.87	92.3	6.56	140	0	187	1.5	332
PAY	2021	11	14	11	8.5	7.5	95.83	89.4	6.38	178	0	184	2.4	305
PAY	2021	11	14	12	10.1	7.9	95.81	78.6	5.82	281	252.2800204	178	3	304
PAY	2021	11	14	13	9.3	7.6	95.8	80.7	5.44	161	0	163	3.6	323
PAY	2021	11	14	14	9.2	7.9	95.81	79.5	5.1	194	412.9784864	86	4.4	301
PAY	2021	11	14	15	9.2	7.5	95.83	80.1	5.22	56	170.6778014	33	3.4	332
PAY	2021	11	14	16	8.7	7.2	95.87	81.8	5.06	23	0	0	2.4	323
PAY	2021	11	14	17	8.1	7	95.92	85.8	5.26	0	0	0	3.2	327
PAY	2021	11	14	18	7.6	6.8	95.96	87.2	5.04	0	0	0	2.9	316
PAY	2021	11	14	19	7.4	6.5	96.01	88.2	5.04	0	0	0	2.7	311
PAY	2021	11	14	20	7	6.4	96.02	89.7	4.94	0	0	0	2.4	300
PAY	2021	11	14	21	6.9	6.3	96.04	90.2	4.94	0	0	0	2.6	309
PAY	2021	11	14	22	7	6.2	96.06	89.5	4.9	0	0	0	2.3	311
PAY	2021	11	14	23	7.2	6.5	96.07	91.8	5.56	0	0	0	2.3	337
PAY	2021	11	15	0	7.2	6.5	96.07	89.5	5.1	0	0	0	2.7	338
PAY	2021	11	15	1	7.1	6.3	96.09	89.4	4.98	0	0	0	2.9	339
PAY	2021	11	15	2	6.8	6.1	96.09	88.7	4.54	0	0	0	2.9	340
PAY	2021	11	15	3	6.8	5.9	96.08	86.7	4.14	0	0	0	2.8	339
PAY	2021	11	15	4	6.6	5.6	96.08	85.9	3.78	0	0	0	2.1	338
PAY	2021	11	15	5	6.5	5.4	96.08	85.3	3.56	0	0	0	2.6	336
PAY	2021	11	15	6	6.4	5.4	96.08	86.2	3.64	0	0	0	3.1	335
PAY	2021	11	15	7	6.3	5.5	96.12	89.3	4.16	0	0	23	2.6	336
PAY	2021	11	15	8	6.3	5.4	96.15	87.5	3.8	11	0	71	3.1	336
PAY	2021	11	15	9	6.4	5.4	96.16	87.2	3.84	29	0	76	3.1	336
PAY	2021	11	15	10	6.4	5.5	96.17	87.2	3.84	56	0	70	3.5	336
PAY	2021	11	15	11	6.3	5.4	96.14	86.2	3.54	59	0	79	3.5	335
PAY	2021	11	15	12	6.5	5.3	96.11	85.3	3.56	73	0	88	3.2	335
PAY	2021	11	15	13	6.3	5.3	96.11	86.2	3.54	47	0	75	3.1	336
PAY	2021	11	15	14	6.2	5.3	96.11	85.6	3.32	31	0	50	3	335
PAY	2021	11	15	15	6	5.1	96.12	86.9	3.38	22	0	35	2.7	334
PAY	2021	11	15	16	5.9	4.9	96.16	85.4	2.98	6	0	0	2.3	334
PAY	2021	11	15	17	5.7	4.8	96.19	87.3	3.16	0	0	0	2	334
PAY	2021	11	15	18	5.5	4.7	96.22	88.7	3.24	0	0	0	2	333
PAY	2021	11	15	19	5.4	4.7	96.26	89.4	3.28	0	0	0	1.7	333
PAY	2021	11	15	20	5.2	4.7	96.29	91.5	3.5	0	0	0	1.1	332
PAY	2021	11	15	21	5.1	4.6	96.33	92.8	3.66	0	0	0	0.6	331
PAY	2021	11	15	22	5.2	4.7	96.37	93.2	3.84	0	0	0	0.1	331
PAY	2021	11	15	23	5.2	4.8	96.37	93.5	3.9	0	0	0	0.7	330
PAY	2021	11	16	0	5.2	4.7	96.37	92.6	3.72	0	0	0	1	330
PAY	2021	11	16	1	5.2	4.8	96.37	94.6	4.12	0	0	0	0.4	331
PAY	2021	11	16	2	5.2	4.8	96.36	95.4	4.28	0	0	0	0.4	332
PAY	2021	11	16	3	5.3	4.9	96.34	94.9	4.28	0	0	0	0.7	332
PAY	2021	11	16	4	5.2	4.9	96.34	96	4.4	0	0	0	0.9	331
PAY	2021	11	16	5	5.3	4.9	96.34	94.1	4.12	0	0	0	0.9	331
PAY	2021	11	16	6	5.3	4.9	96.34	94.3	4.16	0	0	0	1.1	331
PAY	2021	11	16	7	5.6	4.8	96.35	90.2	3.64	0	0	20	0.5	332
PAY	2021	11	16	8	5.7	5	96.38	89.8	3.66	11	0	91	0.3	333
PAY	2021	11	16	9	6.2	5.1	96.41	81.9	2.58	28	0	143	0.2	334
PAY	2021	11	16	10	6.4	5	96.4	79.9	2.38	48	0	146	0.5	335
PAY	2021	11	16	11	6.5	5	96.38	78.5	2.2	60	0	121	0.5	335
PAY	2021	11	16	12	6.6	5.1	96.33	80.3	2.66	79	0	100	0.5	335
PAY	2021	11	16	13	6.8	5.2	96.29	79.3	2.66	77	0	113	0.6	335
PAY	2021	11	16	14	6.7	5.2	96.25	82.4	3.18	55	0	64	0.7	335
PAY	2021	11	16	15	6.6	5.1	96.25	81.2	2.84	25	0	36	0.5	335
PAY	2021	11	16	16	6.7	5.1	96.24	79.3	2.56	5	0	0	0.7	335
PAY	2021	11	16	17	6.4	5.1	96.24	81.6	2.72	0	0	0	0.9	334
PAY	2021	11	16	18	6.3	5	96.25	82.9	2.88	0	0	0	1.4	334
PAY	2021	11	16	19	6.5	4.9	96.26	76.9	1.88	0	0	0	0.8	334
PAY	2021	11	16	20	6.1	4.8	96.26	83.5	2.8	0	0	0	0.8	334
PAY	2021	11	16	21	5.9	4.8	96.29	85	2.9	0	0	0	0.9	334
PAY	2021	11	16	22	6.1	4.9	96.3	83.3	2.76	0	0	0	0.6	334
PAY	2021	11	16	23	5.9	4.8	96.31	84.6	2.82	0	0	0	0.4	333
PAY	2021	11	17	0	5.8	4.8	96.29	85.3	2.86	0	0	0	0.3	333
PAY	2021	11	17	1	5.6	4.8	96.26	88	3.2	0	0	0	0.7	332
PAY	2021	11	17	2	5.4	4.8	96.29	91.6	3.72	0	0	0	0.6	330
PAY	2021	11	17	3	5.1	4.8	96.28	95.3	4.16	0	0	0	1.1	329
PAY	2021	11	17	4	5.2	4.8	96.29	94.1	4.02	0	0	0	0.8	329
PAY	2021	11	17	5	5.3	4.7	96.28	88.9	3.08	0	0	0	1.2	331
PAY	2021	11	17	6	5.1	4.5	96.3	91.3	3.36	0	0	0	0.6	331
PAY	2021	11	17	7	5.1	4.5	96.37	91.3	3.36	0	0	22	0.5	330
PAY	2021	11	17	8	5.1	4.6	96.45	94.3	3.96	10	0	89	0.3	331
PAY	2021	11	17	9	5.2	4.9	96.5	96.4	4.48	29	0	123	0.5	332
PAY	2021	11	17	10	5.2	4.7	96.54	92.4	3.68	20	0	137	1.6	331
PAY	2021	11	17	11	5.5	4.7	96.54	85.3	2.56	55	0	78	2	332
PAY	2021	11	17	12	5.4	4.4	96.53	84.1	2.22	61	0	68	1.7	330
PAY	2021	11	17	13	5.7	4.4	96.54	84.6	2.62	65	0	142	1.4	330
PAY	2021	11	17	14	5.9	4.6	96.57	83.3	2.56	54	0	74	1.2	329
PAY	2021	11	17	15	5.8	4.6	96.58	81.9	2.18	24	0	38	1.3	329
PAY	2021	11	17	16	5.7	4.3	96.63	81	1.9	4	0	0	1.3	329
PAY	2021	11	17	17	5.5	4.3	96.71	81.3	1.76	0	0	0	1.3	329
PAY	2021	11	17	18	5.1	4	96.78	81.9	1.48	0	0	0	1.8	328
PAY	2021	11	17	19	4.8	3.6	96.81	79.5	0.7	0	0	0	2	326
PAY	2021	11	17	20	4.8	3.4	96.87	79.5	0.7	0	0	0	1.5	325
PAY	2021	11	17	21	4.7	3.3	96.95	80.8	0.86	0	0	0	1	323
PAY	2021	11	17	22	4.8	3.3	97.03	78.2	0.44	0	0	0	1.6	323
PAY	2021	11	17	23	4.7	3.3	97.04	80.7	0.84	0	0	0	1.6	322
PAY	2021	11	18	0	4.4	3.3	97.05	84.3	1.26	0	0	0	1.2	321
PAY	2021	11	18	1	4.3	3.3	97.01	85	1.3	0	0	0	1	320
PAY	2021	11	18	2	4.1	3.1	97.01	83	0.7	0	0	0	1.4	312
PAY	2021	11	18	3	3.3	2.6	96.99	83	-0.1	0	0	0	0.9	283
PAY	2021	11	18	4	2	1.6	97.03	90.1	0.02	0	0	0	0.9	252
PAY	2021	11	18	5	0.7	0.9	97.05	95.2	-0.26	0	0	0	0.9	256
PAY	2021	11	18	6	0.8	0.4	97.11	93.4	-0.52	0	0	0	0.6	256
PAY	2021	11	18	7	0.7	0.2	97.22	94.6	-0.38	3	0	17	0.4	288
PAY	2021	11	18	8	2.1	1.2	97.23	91.8	0.46	69	116.8909302	48	0.3	294
PAY	2021	11	18	9	4	2.5	97.26	87.4	1.48	182	380.1697637	71	1.5	261
PAY	2021	11	18	10	5.6	3.7	97.27	81.5	1.9	303	603.323943	81	2.7	267
PAY	2021	11	18	11	6.6	4.3	97.23	77.2	2.04	338	641.0991442	80	2.9	268
PAY	2021	11	18	12	7.4	4.9	97.19	68.3	1.06	357	908.3044128	0	2.7	264
PAY	2021	11	18	13	7.9	5.2	97.17	67.5	1.4	348	787.2687646	80	2.8	265
PAY	2021	11	18	14	8	5.4	97.15	68	1.6	232	809.9984068	31	2.5	266
PAY	2021	11	18	15	7.8	5.4	97.16	68.5	1.5	139	1000	15	2.3	264
PAY	2021	11	18	16	6.5	5	97.19	76.6	1.82	34	0	0	1.5	263
PAY	2021	11	18	17	4.1	3.6	97.23	86.9	1.48	0	0	0	0.4	260
PAY	2021	11	18	18	2.3	2.6	97.26	94.3	1.16	0	0	0	0.2	257
PAY	2021	11	18	19	1.6	1.9	97.29	96.4	0.88	0	0	0	0.5	254
PAY	2021	11	18	20	1	1.3	97.34	96.8	0.36	0	0	0	0.2	252
PAY	2021	11	18	21	0.9	0.7	97.38	95.7	0.04	0	0	0	0.8	251
PAY	2021	11	18	22	0.1	0	97.41	96.3	-0.64	0	0	0	0.5	250
PAY	2021	11	18	23	-0.5	-0.1	97.4	97.5	-1	0	0	0	0.7	250
PAY	2021	11	19	0	-0.9	-0.6	97.38	99	-1.1	0	0	0	0.7	249
PAY	2021	11	19	1	-0.4	-0.7	97.38	95.2	-1.36	0	0	0	0.6	247
PAY	2021	11	19	2	-0.9	-1	97.38	98.3	-1.24	0	0	0	0.8	246
PAY	2021	11	19	3	-0.8	-1.3	97.37	96	-1.6	0	0	0	0.3	246
PAY	2021	11	19	4	-1	-1.6	97.37	96	-1.8	0	0	0	0.5	245
PAY	2021	11	19	5	-1.4	-1.7	97.37	97.3	-1.94	0	0	0	0.3	245
PAY	2021	11	19	6	-1.2	-1.6	97.38	97.6	-1.68	0	0	0	0.3	291
PAY	2021	11	19	7	0.4	-0.5	97.41	97.9	-0.02	0	0	20	0.7	317
PAY	2021	11	19	8	1.3	0.7	97.45	98.4	0.98	21	0	46	1.3	318
PAY	2021	11	19	9	1.4	1.4	97.45	99.8	1.36	61	0	135	0.8	319
PAY	2021	11	19	10	1.4	1.5	97.45	99.1	1.22	76	38.45234387	62	0.6	320
PAY	2021	11	19	11	1.7	1.5	97.41	98.6	1.42	100	0	143	0.6	320
PAY	2021	11	19	12	2	2	97.35	99.3	1.86	128	0	147	0.8	321
PAY	2021	11	19	13	2.3	2.1	97.3	97.7	1.84	112	0	147	0.7	323
PAY	2021	11	19	14	2	2.2	97.27	100	2	69	0	100	0.7	324
PAY	2021	11	19	15	1.6	1.8	97.25	100	1.6	35	33.40835246	31	0.9	323
PAY	2021	11	19	16	1.8	1.8	97.26	100	1.8	9	0	0	0.4	322
PAY	2021	11	19	17	1.6	1.7	97.29	99.2	1.44	0	0	0	0.5	321
PAY	2021	11	19	18	1.4	1.4	97.29	99.4	1.28	0	0	0	0.5	321
PAY	2021	11	19	19	1	1.1	97.31	99.7	0.94	0	0	0	0.5	319
PAY	2021	11	19	20	1.1	1.1	97.3	99.2	0.94	0	0	0	0.6	318
PAY	2021	11	19	21	0.9	1	97.32	99.3	0.76	0	0	0	0.7	318
PAY	2021	11	19	22	0.7	0.7	97.31	100	0.7	0	0	0	0.8	317
PAY	2021	11	19	23	0.8	0.8	97.29	99.3	0.66	0	0	0	0.6	317
PAY	2021	11	20	0	0.4	0.5	97.27	99.8	0.36	0	0	0	0.6	316
PAY	2021	11	20	1	0	0.1	97.22	99.5	-0.1	0	0	0	1	313
PAY	2021	11	20	2	-0.1	-0.3	97.21	99	-0.3	0	0	0	1	311
PAY	2021	11	20	3	-0.1	-0.4	97.16	99.2	-0.26	0	0	0	0.7	311
PAY	2021	11	20	4	-0.3	-0.2	97.11	100	-0.3	0	0	0	0.9	313
PAY	2021	11	20	5	0	-0.1	97.07	100	0	0	0	0	0.3	314
PAY	2021	11	20	6	-0.2	-0.2	97.04	100	-0.2	0	0	0	0.6	313
PAY	2021	11	20	7	-0.4	-0.2	97.04	99.8	-0.44	0	0	18	0.8	312
PAY	2021	11	20	8	-0.4	-0.3	97.04	100	-0.4	22	0	70	0.6	312
PAY	2021	11	20	9	0.3	0.1	96.99	100	0.3	48	0	77	0.6	314
PAY	2021	11	20	10	0.5	0.4	96.97	97.8	0.06	78	0	169	0.7	315
PAY	2021	11	20	11	0.9	0.7	96.9	98	0.5	105	0	192	0.8	316
PAY	2021	11	20	12	1.4	1.3	96.79	100	1.4	112	51.8183124	92	0.4	319
PAY	2021	11	20	13	2	1.8	96.69	98.9	1.78	92	0	101	0.6	321
PAY	2021	11	20	14	2.8	2.4	96.61	97.2	2.24	72	0	98	0.8	323
PAY	2021	11	20	15	2.7	2.6	96.55	98.2	2.34	35	42.71462361	30	0.6	325
PAY	2021	11	20	16	2.3	2.5	96.51	100	2.3	6	0	0	0.9	325
PAY	2021	11	20	17	2.5	2.3	96.49	97.6	2.02	0	0	0	0.3	324
PAY	2021	11	20	18	2.5	2.3	96.45	97.3	1.96	0	0	0	0.6	323
PAY	2021	11	20	19	2.3	2.2	96.41	98.9	2.08	0	0	0	0.6	323
PAY	2021	11	20	20	2.4	2.2	96.35	96.7	1.74	0	0	0	0.7	324
PAY	2021	11	20	21	2.1	2.2	96.32	98.7	1.84	0	0	0	1.1	322
PAY	2021	11	20	22	2.2	2.1	96.26	98.3	1.86	0	0	0	0.4	323
PAY	2021	11	20	23	1.7	1.9	96.21	95.8	0.86	0	0	0	1	322
PAY	2021	11	21	0	1.7	1.5	96.16	98.5	1.4	0	0	0	1.3	318
PAY	2021	11	21	1	1.5	1.4	96.07	96.3	0.76	0	0	0	0.9	319
PAY	2021	11	21	2	1.5	1.4	96.01	98.3	1.16	0	0	0	0.6	319
PAY	2021	11	21	3	1.6	1.4	95.93	98.4	1.28	0	0	0	0.2	320
PAY	2021	11	21	4	1.7	1.6	95.89	100	1.7	0	0	0	0.1	321
PAY	2021	11	21	5	2.3	1.9	95.82	96.4	1.58	0	0	0	0.5	321
PAY	2021	11	21	6	2.3	2.1	95.78	97.6	1.82	0	0	0	1.9	321
PAY	2021	11	21	7	1.6	1.7	95.73	97.3	1.06	0	0	14	1.2	321
PAY	2021	11	21	8	1.3	1.2	95.68	97.8	0.86	17	0	41	1.2	320
PAY	2021	11	21	9	1.7	1.5	95.66	100	1.7	50	0	70	1	320
PAY	2021	11	21	10	2.1	1.8	95.62	94.8	1.06	157	227.1692981	76	0.9	307
PAY	2021	11	21	11	2.5	2.2	95.53	97.5	2	131	145.6314665	74	0.5	321
PAY	2021	11	21	12	2.9	2.5	95.44	95.2	1.94	120	169.9043703	55	0.5	324
PAY	2021	11	21	13	3.2	2.9	95.38	96.3	2.46	78	45.36254617	63	0.5	326
PAY	2021	11	21	14	3.6	3.2	95.34	96.1	2.82	69	45.97973265	58	0.7	328
PAY	2021	11	21	15	3.8	3.5	95.33	96.8	3.16	52	314.4258492	16	0.9	329
PAY	2021	11	21	16	3.5	3.3	95.34	95.7	2.64	11	0	0	0.7	327
PAY	2021	11	21	17	3.6	3.3	95.35	96.9	2.98	0	0	0	0.7	328
PAY	2021	11	21	18	3.6	3.4	95.35	95.8	2.76	0	0	0	1.1	323
PAY	2021	11	21	19	3.7	3.4	95.34	96.3	2.96	0	0	0	1.1	326
PAY	2021	11	21	20	3.8	3.5	95.36	95.5	2.9	0	0	0	0.8	328
PAY	2021	11	21	21	3.9	3.6	95.38	95.8	3.06	0	0	0	0.6	329
PAY	2021	11	21	22	3.8	3.6	95.4	96.4	3.08	0	0	0	1.4	329
PAY	2021	11	21	23	3.3	3.3	95.4	96.5	2.6	0	0	0	2.1	328
PAY	2021	11	22	0	3.2	3	95.41	97	2.6	0	0	0	2.1	326
PAY	2021	11	22	1	3.4	3.1	95.42	96.5	2.7	0	0	0	0.9	326
PAY	2021	11	22	2	3.5	3.2	95.45	96.5	2.8	0	0	0	0.6	327
PAY	2021	11	22	3	3.6	3.4	95.44	96.1	2.82	0	0	0	1.5	329
PAY	2021	11	22	4	3.6	3.3	95.48	95.4	2.68	0	0	0	2.5	330
PAY	2021	11	22	5	3.5	3.2	95.5	94.9	2.48	0	0	0	3	331
PAY	2021	11	22	6	3.5	3.2	95.56	95.5	2.6	0	0	0	2.9	328
PAY	2021	11	22	7	3.5	3.2	95.62	94.3	2.36	0	0	9	3.9	327
PAY	2021	11	22	8	3.6	3	95.67	89	1.4	10	0	75	4.2	325
PAY	2021	11	22	9	3.8	2.9	95.75	88.3	1.46	46	0	53	3.9	323
PAY	2021	11	22	10	4.2	3.1	95.8	83.1	0.82	99	34.00242024	87	4.2	318
PAY	2021	11	22	11	3.8	3	95.8	84.6	0.72	113	201.0857443	35	5.6	321
PAY	2021	11	22	12	4	2.9	95.83	84.7	0.94	134	116.0124431	90	5.4	323
PAY	2021	11	22	13	3.8	3	95.86	84.9	0.78	103	170.9256857	47	5.7	324
PAY	2021	11	22	14	4.1	3	95.89	83.3	0.76	41	33.82883632	33	5.2	323
PAY	2021	11	22	15	4.4	3.1	95.94	80.7	0.54	17	0	24	6	324
PAY	2021	11	22	16	4.5	3.2	95.97	81.3	0.76	1	0	0	5.4	324
PAY	2021	11	22	17	4.7	3.3	96.01	79.9	0.68	0	0	0	5.7	324
PAY	2021	11	22	18	4.8	3.4	96.06	81.1	1.02	0	0	0	5	325
PAY	2021	11	22	19	5.2	3.6	96.09	78.5	0.9	0	0	0	5.5	326
PAY	2021	11	22	20	5.2	3.6	96.11	78.1	0.82	0	0	0	5.7	326
PAY	2021	11	22	21	5.2	3.7	96.15	77.8	0.76	0	0	0	5.1	324
PAY	2021	11	22	22	5.3	3.7	96.18	76.5	0.6	0	0	0	4.5	324
PAY	2021	11	22	23	5.1	3.7	96.21	79	0.9	0	0	0	4.4	325
PAY	2021	11	23	0	4.9	3.6	96.24	79.7	0.84	0	0	0	5.3	324
PAY	2021	11	23	1	4.7	3.3	96.25	78.3	0.36	0	0	0	5.9	324
PAY	2021	11	23	2	4.5	3.1	96.28	78.5	0.2	0	0	0	5.7	324
PAY	2021	11	23	3	4.3	2.9	96.29	78.5	0	0	0	0	5.2	323
PAY	2021	11	23	4	4.1	2.8	96.3	79.9	0.08	0	0	0	4.9	322
PAY	2021	11	23	5	4	2.8	96.33	80	0	0	0	0	4.9	322
PAY	2021	11	23	6	3.6	2.5	96.38	80.5	-0.3	0	0	0	5.2	321
PAY	2021	11	23	7	3.4	2.2	96.43	82.3	-0.14	0	0	10	4.7	318
PAY	2021	11	23	8	3.6	2.4	96.5	81.4	-0.12	8	0	79	3.2	319
PAY	2021	11	23	9	3.8	2.5	96.55	82	0.2	25	0	136	2.7	320
PAY	2021	11	23	10	4.1	2.7	96.58	79.9	0.08	48	0	173	2.8	321
PAY	2021	11	23	11	4.3	2.9	96.58	79.8	0.26	61	0	190	2.9	322
PAY	2021	11	23	12	4.3	2.9	96.56	80	0.3	63	0	180	2.9	322
PAY	2021	11	23	13	4.1	2.9	96.55	80.4	0.18	45	0	136	3	323
PAY	2021	11	23	14	3.9	2.8	96.56	81.2	0.14	39	0	75	3	322
PAY	2021	11	23	15	3.4	2.4	96.57	82.2	-0.16	18	0	25	4	321
PAY	2021	11	23	16	3.2	2.1	96.59	82.5	-0.3	3	0	0	3.7	319
PAY	2021	11	23	17	3.1	2	96.59	83.5	-0.2	0	0	0	2.9	319
PAY	2021	11	23	18	3	2	96.62	83.2	-0.36	0	0	0	2.7	319
PAY	2021	11	23	19	2.8	1.9	96.6	84.7	-0.26	0	0	0	2.6	318
PAY	2021	11	23	20	2.8	1.8	96.58	83.2	-0.56	0	0	0	2.5	318
PAY	2021	11	23	21	2.7	1.8	96.59	84	-0.5	0	0	0	2.4	318
PAY	2021	11	23	22	2.6	1.7	96.58	84.3	-0.54	0	0	0	2.1	318
PAY	2021	11	23	23	2.6	1.6	96.58	84.5	-0.5	0	0	0	1.7	318
PAY	2021	11	24	0	2.6	1.7	96.55	84.7	-0.46	0	0	0	1.4	318
PAY	2021	11	24	1	2.5	1.7	96.51	85.8	-0.34	0	0	0	1.3	317
PAY	2021	11	24	2	2.5	1.7	96.49	86.3	-0.24	0	0	0	1.2	317
PAY	2021	11	24	3	2.5	1.8	96.45	90.3	0.56	0	0	0	0.7	317
PAY	2021	11	24	4	2.4	1.8	96.4	89.9	0.38	0	0	0	0.6	317
PAY	2021	11	24	5	2.7	1.7	96.38	83.8	-0.54	0	0	0	0.7	317
PAY	2021	11	24	6	2.5	1.7	96.35	86.1	-0.28	0	0	0	1.4	316
PAY	2021	11	24	7	2.5	1.6	96.33	84.7	-0.56	0	0	10	1.3	316
PAY	2021	11	24	8	2.7	1.7	96.33	84.7	-0.36	14	0	26	1.3	316
PAY	2021	11	24	9	3.2	1.8	96.29	81.3	-0.54	53	14.84199411	49	0.8	317
PAY	2021	11	24	10	3.6	2.1	96.27	80.2	-0.36	102	0	144	1.2	316
PAY	2021	11	24	11	3.8	2.3	96.19	76.4	-0.92	144	181.0277583	75	0.5	317
PAY	2021	11	24	12	4	2.5	96.11	75.9	-0.82	154	0	156	0.6	318
PAY	2021	11	24	13	4.7	2.9	96.02	76.2	-0.06	150	295.153635	55	0.6	318
PAY	2021	11	24	14	4.4	3	95.97	78	0	109	397.7174757	17	1.7	318
PAY	2021	11	24	15	4.3	2.9	95.91	79.6	0.22	50	260.4671504	22	2.1	320
PAY	2021	11	24	16	3.8	2.6	95.87	79.7	-0.26	8	0	0	1.8	320
PAY	2021	11	24	17	3.4	2.3	95.82	81.2	-0.36	0	0	0	1.6	320
PAY	2021	11	24	18	2.9	2	95.78	84.9	-0.12	0	0	0	1.6	320
PAY	2021	11	24	19	2.6	1.8	95.76	84.6	-0.48	0	0	0	0.8	318
PAY	2021	11	24	20	2.3	1.6	95.7	85.6	-0.58	0	0	0	1.3	318
PAY	2021	11	24	21	1.9	1.3	95.64	89.3	-0.24	0	0	0	1.2	317
PAY	2021	11	24	22	1.6	1.1	95.6	91	-0.2	0	0	0	1.1	316
PAY	2021	11	24	23	1.6	1.1	95.56	91.6	-0.08	0	0	0	0.9	316
PAY	2021	11	25	0	1.5	1	95.53	92.8	0.06	0	0	0	0.8	316
PAY	2021	11	25	1	1.3	1	95.46	94.6	0.22	0	0	0	0.8	317
PAY	2021	11	25	2	1.3	1	95.38	94.7	0.24	0	0	0	1	317
PAY	2021	11	25	3	0.9	0.8	95.31	97.2	0.34	0	0	0	0.8	316
PAY	2021	11	25	4	0.9	0.7	95.25	96.8	0.26	0	0	0	0.7	316
PAY	2021	11	25	5	0.5	0.4	95.23	97.1	-0.08	0	0	0	1.4	314
PAY	2021	11	25	6	0.5	0.2	95.2	95.2	-0.46	0	0	0	1.4	313
PAY	2021	11	25	7	0.6	0.2	95.17	92.7	-0.86	0	0	9	1.1	313
PAY	2021	11	25	8	0.8	0.3	95.17	93	-0.6	10	0	74	0.4	313
PAY	2021	11	25	9	1.4	0.6	95.19	90.3	-0.54	47	0	118	0.4	309
PAY	2021	11	25	10	1.6	1	95.21	91.3	-0.14	52	0	123	0.8	315
PAY	2021	11	25	11	2.2	1.4	95.19	93.4	0.88	66	0	97	1	317
PAY	2021	11	25	12	2.2	1.8	95.16	95.1	1.22	59	0	178	0.5	320
PAY	2021	11	25	13	2.6	2.1	95.08	93.8	1.36	56	0	113	0.9	321
PAY	2021	11	25	14	2.9	2.3	95.04	91.7	1.24	45	0	70	1.3	316
PAY	2021	11	25	15	2.9	2.4	95.06	91.9	1.28	18	0	31	1.1	319
PAY	2021	11	25	16	2.8	2.3	95.05	91.7	1.14	5	0	0	0.8	315
PAY	2021	11	25	17	2.9	2.3	95.06	91	1.1	0	0	0	0.8	319
PAY	2021	11	25	18	2.5	2.3	95.07	94.5	1.4	0	0	0	1.3	319
PAY	2021	11	25	19	2.3	2	95.07	96.1	1.52	0	0	0	1.4	317
PAY	2021	11	25	20	2.3	2.1	95.06	96.1	1.52	0	0	0	2	320
PAY	2021	11	25	21	2	1.9	95.03	95.2	1.04	0	0	0	1.7	305
PAY	2021	11	25	22	2	1.7	94.98	95.8	1.16	0	0	0	1.7	312
PAY	2021	11	25	23	2	1.7	94.95	95.6	1.12	0	0	0	1.2	317
PAY	2021	11	26	0	1.9	1.7	94.9	95.8	1.06	0	0	0	0.4	319
PAY	2021	11	26	1	2	1.7	94.87	95	1	0	0	0	1.1	320
PAY	2021	11	26	2	1.9	1.6	94.83	96.5	1.2	0	0	0	0.6	318
PAY	2021	11	26	3	1.6	1.5	94.79	95.8	0.76	0	0	0	1.2	319
PAY	2021	11	26	4	1.5	1.3	94.72	95.5	0.6	0	0	0	1.6	318
PAY	2021	11	26	5	1.2	1.1	94.7	95.5	0.3	0	0	0	1.8	317
PAY	2021	11	26	6	1	0.9	94.69	96.1	0.22	0	0	0	0.9	318
PAY	2021	11	26	7	0.9	0.7	94.66	96.3	0.16	0	0	9	0.5	316
PAY	2021	11	26	8	0.9	0.8	94.67	96.8	0.26	5	0	55	0.3	313
PAY	2021	11	26	9	1.3	0.9	94.65	93.9	0.08	37	0	77	0.4	311
PAY	2021	11	26	10	2.3	1.4	94.64	90.2	0.34	73	0	82	0.7	307
PAY	2021	11	26	11	2.7	1.8	94.59	86	-0.1	121	138.7423253	69	1	305
PAY	2021	11	26	12	3.2	2	94.5	81.3	-0.54	147	187.9675643	78	1.4	303
PAY	2021	11	26	13	3.6	2	94.45	74.9	-1.42	142	145.3195906	96	2	301
PAY	2021	11	26	14	3.5	2	94.41	76.1	-1.28	87	150.0348043	53	2.7	303
PAY	2021	11	26	15	3.2	1.9	94.34	76.1	-1.58	56	280.4099765	27	3	287
PAY	2021	11	26	16	3	1.7	94.32	79.9	-1.02	12	0	0	2.8	284
PAY	2021	11	26	17	2.6	1.7	94.28	85.8	-0.24	0	0	0	2.6	293
PAY	2021	11	26	18	2.7	1.6	94.21	81.9	-0.92	0	0	0	3.2	288
PAY	2021	11	26	19	2.5	1.4	94.17	81.6	-1.18	0	0	0	4.6	298
PAY	2021	11	26	20	2.3	1.2	94.1	82.3	-1.24	0	0	0	5.5	293
PAY	2021	11	26	21	2.3	1.1	94.02	80.4	-1.62	0	0	0	4.8	292
PAY	2021	11	26	22	2.4	1.1	93.9	78.8	-1.84	0	0	0	4.1	300
PAY	2021	11	26	23	2.3	0.9	93.83	76.3	-2.44	0	0	0	3.1	302
PAY	2021	11	27	0	2.4	0.8	93.71	73.3	-2.94	0	0	0	2.3	301
PAY	2021	11	27	1	2.2	0.7	93.63	76.7	-2.46	0	0	0	3.3	300
PAY	2021	11	27	2	1.6	0.6	93.53	81.7	-2.06	0	0	0	4.3	287
PAY	2021	11	27	3	1.9	0.6	93.51	80.1	-2.08	0	0	0	3.8	303
PAY	2021	11	27	4	1.4	0.7	93.5	90.1	-0.58	0	0	0	5.1	310
PAY	2021	11	27	5	2.4	1.2	93.44	86.1	-0.38	0	0	0	4.4	304
PAY	2021	11	27	6	3	1.8	93.47	82.2	-0.56	0	0	0	4.7	300
PAY	2021	11	27	7	3.2	1.8	93.48	78.7	-1.06	0	0	8	5.3	295
PAY	2021	11	27	8	3.3	1.7	93.52	78.5	-1	45	0	71	5.1	253
PAY	2021	11	27	9	4.3	2.1	93.57	74.9	-0.72	146	73.29023727	127	6.8	259
PAY	2021	11	27	10	2.7	2.3	93.66	84.1	-0.48	75	0	166	5.6	318
PAY	2021	11	27	11	2.7	1.5	93.7	85.5	-0.2	105	96.83657671	69	4.5	310
PAY	2021	11	27	12	3.4	1.8	93.67	80	-0.6	118	156.4647875	61	2.7	256
PAY	2021	11	27	13	4.5	2.3	93.71	61.5	-3.2	212	359.8145725	99	4.1	281
PAY	2021	11	27	14	4.4	1.8	93.74	59.7	-3.66	102	191.5912761	59	4.1	295
PAY	2021	11	27	15	3.6	1.5	93.81	63.1	-3.78	106	787.7243771	26	3.8	264
PAY	2021	11	27	16	1.7	0.5	93.82	70.7	-4.16	15	0	0	1.1	238
PAY	2021	11	27	17	-0.1	-0.8	93.84	81.6	-3.78	0	0	0	0.7	231
PAY	2021	11	27	18	1.2	-0.6	93.86	77.3	-3.34	0	0	0	1.6	248
PAY	2021	11	27	19	1.4	0.2	93.91	81.2	-2.36	0	0	0	2.9	268
PAY	2021	11	27	20	0.9	-0.1	93.94	79.1	-3.28	0	0	0	2.5	240
PAY	2021	11	27	21	0.5	-0.9	93.97	81.3	-3.24	0	0	0	1.1	260
PAY	2021	11	27	22	1	-0.3	93.95	85.3	-1.94	0	0	0	2.3	297
PAY	2021	11	27	23	0.3	-0.1	93.97	87.4	-2.22	0	0	0	2.5	242
PAY	2021	11	28	0	0	-0.6	93.94	90	-2	0	0	0	1.1	284
PAY	2021	11	28	1	1.1	-0.2	93.92	83.3	-2.24	0	0	0	1.2	299
PAY	2021	11	28	2	0	-0.2	93.95	89.8	-2.04	0	0	0	1.2	261
PAY	2021	11	28	3	0.4	-0.5	93.96	88.1	-1.98	0	0	0	1	277
PAY	2021	11	28	4	-0.2	-0.5	93.95	93.2	-1.56	0	0	0	0.5	296
PAY	2021	11	28	5	1.1	-0.1	93.94	84	-2.1	0	0	0	1.3	297
PAY	2021	11	28	6	1	0	93.94	82.5	-2.5	0	0	0	2.7	269
PAY	2021	11	28	7	0.6	-0.3	93.96	83.4	-2.72	1	0	2	3	239
PAY	2021	11	28	8	1.2	-0.1	93.97	78.8	-3.04	46	0	61	3.3	267
PAY	2021	11	28	9	1.8	0.2	94.02	77	-2.8	103	207.047404	50	2.7	270
PAY	2021	11	28	10	1.7	0.2	94.07	76.6	-2.98	120	0	157	4.4	293
PAY	2021	11	28	11	1.2	0.4	94.06	86.6	-1.48	71	0	151	3.5	307
PAY	2021	11	28	12	0.9	0.5	94.04	91.8	-0.74	79	0	136	3	311
PAY	2021	11	28	13	1.3	0.9	94.04	91.1	-0.48	83	44.91907428	69	3	311
PAY	2021	11	28	14	1.5	0.8	94.02	91.8	-0.14	67	197.8628938	23	3.2	311
PAY	2021	11	28	15	1.6	0.9	94.05	88.5	-0.7	27	120.2207664	15	4	304
PAY	2021	11	28	16	1.5	0.9	94.09	88.7	-0.76	3	0	0	3.2	299
PAY	2021	11	28	17	1.6	0.8	94.12	86.1	-1.18	0	0	0	3	295
PAY	2021	11	28	18	1.6	0.8	94.19	83.9	-1.62	0	0	0	3.2	301
PAY	2021	11	28	19	1.7	0.7	94.25	82.8	-1.74	0	0	0	2.9	304
PAY	2021	11	28	20	1.6	0.5	94.27	79.9	-2.42	0	0	0	2.5	304
PAY	2021	11	28	21	1.4	0.3	94.29	79.9	-2.62	0	0	0	2.1	301
PAY	2021	11	28	22	1.2	0.2	94.32	81.2	-2.56	0	0	0	2.1	299
PAY	2021	11	28	23	1.3	0.1	94.37	78.9	-2.92	0	0	0	2.4	300
PAY	2021	11	29	0	1.5	-0.1	94.4	71.8	-4.14	0	0	0	1	301
PAY	2021	11	29	1	1.3	-0.1	94.45	74.7	-3.76	0	0	0	0.7	301
PAY	2021	11	29	2	0.5	-0.4	94.48	82.8	-2.94	0	0	0	0.7	296
PAY	2021	11	29	3	1.1	-0.5	94.53	72.9	-4.32	0	0	0	0.6	293
PAY	2021	11	29	4	0.6	-0.6	94.6	78.2	-3.76	0	0	0	0.7	290
PAY	2021	11	29	5	1.1	-0.6	94.68	73.7	-4.16	0	0	0	0.7	298
PAY	2021	11	29	6	0.2	-0.5	94.78	85.1	-2.78	0	0	0	0.8	295
PAY	2021	11	29	7	1	-0.5	94.9	72.7	-4.46	0	0	0	0.7	295
PAY	2021	11	29	8	1.1	-0.5	95.01	75.9	-3.72	7	0	63	1.3	299
PAY	2021	11	29	9	-0.2	-0.4	95.12	96.4	-0.92	21	0	82	0.9	306
PAY	2021	11	29	10	1	0	95.21	90.6	-0.88	154	212.2827186	84	0.8	268
PAY	2021	11	29	11	1.6	0.5	95.24	78.4	-2.72	215	415.3113698	63	1.5	272
PAY	2021	11	29	12	2.1	0.5	95.31	72.5	-3.4	124	172.6764353	62	0.5	299
PAY	2021	11	29	13	2	0.7	95.38	74.8	-3.04	147	313.5020539	50	0.9	298
PAY	2021	11	29	14	1.5	-0.8	95.45	57.6	-6.98	99	54.43772512	87	2.8	255
PAY	2021	11	29	15	1.3	-1	95.57	59	-6.9	101	824.8922156	20	2.7	240
PAY	2021	11	29	16	-0.1	-1.8	95.69	69.1	-6.28	18	0	0	1.7	238
PAY	2021	11	29	17	0.1	-1.8	95.79	68.2	-6.26	0	0	0	0.6	286
PAY	2021	11	29	18	0.1	-1.4	95.89	73.1	-5.28	0	0	0	0.7	295
PAY	2021	11	29	19	-0.1	-1.6	95.97	71.8	-5.74	0	0	0	2.3	273
PAY	2021	11	29	20	0	-1.7	96.08	67.5	-6.5	0	0	0	1.9	287
PAY	2021	11	29	21	-0.2	-1.8	96.15	70.1	-6.18	0	0	0	2.1	279
PAY	2021	11	29	22	-0.2	-1.9	96.2	70.6	-6.08	0	0	0	2.1	288
PAY	2021	11	29	23	-0.3	-1.8	96.23	73.5	-5.6	0	0	0	1.7	285
PAY	2021	11	30	0	-0.8	-2.1	96.23	75.4	-5.72	0	0	0	1.9	229
PAY	2021	11	30	1	-1.7	-2.6	96.27	77.4	-6.22	0	0	0	2.2	221
PAY	2021	11	30	2	-1.7	-2.9	96.33	77.1	-6.28	0	0	0	2.5	221
PAY	2021	11	30	3	-2.1	-3.1	96.34	77.7	-6.56	0	0	0	2.8	229
PAY	2021	11	30	4	-2	-3.1	96.38	80.2	-5.96	0	0	0	2.3	265
PAY	2021	11	30	5	-1	-2.8	96.41	72.1	-6.58	0	0	0	3.9	286
PAY	2021	11	30	6	-1.1	-2.4	96.45	77.3	-5.64	0	0	0	3.3	288
PAY	2021	11	30	7	-0.5	-2	96.48	77.6	-4.98	0	0	0	3.8	291
PAY	2021	11	30	8	-0.2	-1.6	96.51	76.7	-4.86	14	0	47	4.2	294
PAY	2021	11	30	9	0.4	-1.5	96.51	70.9	-5.42	72	0	115	4.5	295
PAY	2021	11	30	10	0.9	-1.2	96.49	66.3	-5.84	92	70.37947434	69	5.1	301
PAY	2021	11	30	11	1	-1	96.47	65.7	-5.86	74	0	176	5.2	304
PAY	2021	11	30	12	1.6	-0.7	96.43	64	-5.6	102	112.1719572	62	5.1	305
PAY	2021	11	30	13	2.1	-0.2	96.39	63.6	-5.18	137	195.2739586	77	5.8	307
PAY	2021	11	30	14	2.1	-0.1	96.36	66.7	-4.56	103	260.7329709	46	6.3	305
PAY	2021	11	30	15	2.3	0.2	96.38	68	-4.1	53	361.9675653	18	5.5	305
PAY	2021	11	30	16	2.5	0.3	96.35	64.4	-4.62	5	0	0	5.3	313
PAY	2021	11	30	17	2.5	0.3	96.37	64.1	-4.68	0	0	0	4.5	315
PAY	2021	11	30	18	1.6	0.1	96.36	78.3	-2.74	0	0	0	5.9	314
PAY	2021	11	30	19	1.8	0.6	96.38	83.3	-1.54	0	0	0	4.9	315
PAY	2021	11	30	20	2.1	1	96.36	83.6	-1.18	0	0	0	4.8	318
PAY	2021	11	30	21	2.4	1.4	96.29	85.4	-0.52	0	0	0	3.7	318
PAY	2021	11	30	22	2.9	1.7	96.24	82.7	-0.56	0	0	0	3.2	318
PAY	2021	11	30	23	3	1.9	96.13	84.7	-0.06	0	0	0	3.5	318
PAY	2021	12	1	0	3.4	2.2	96.06	82.9	-0.02	0	0	0	4.8	320
PAY	2021	12	1	1	3	2.2	95.92	84.5	-0.1	0	0	0	4.1	301
PAY	2021	12	1	2	2.4	1.8	95.83	86.7	-0.26	0	0	0	3.5	256
PAY	2021	12	1	3	2.6	1.6	95.71	85.3	-0.34	0	0	0	3.3	250
PAY	2021	12	1	4	2.3	1.5	95.61	88	-0.1	0	0	0	3.2	253
PAY	2021	12	1	5	2.8	1.9	95.56	85.8	-0.04	0	0	0	5.1	248
PAY	2021	12	1	6	2.6	1.7	95.49	86.1	-0.18	0	0	0	4.5	248
PAY	2021	12	1	7	3.6	2.3	95.41	83.6	0.32	0	0	0	4.8	301
PAY	2021	12	1	8	4.1	2.6	95.32	79.4	-0.02	33	0	44	4.1	293
PAY	2021	12	1	9	5	3	95.23	78.9	0.78	137	275.6478143	69	5.8	288
PAY	2021	12	1	10	5.8	3.8	95.1	75.1	0.82	325	589.6031573	134	6.4	292
PAY	2021	12	1	11	5.9	4.1	94.98	74	0.7	263	543.4888297	67	6.3	307
PAY	2021	12	1	12	6.3	4.2	94.83	74.1	1.12	118	132.674701	71	5.9	319
PAY	2021	12	1	13	6.1	4.8	94.73	79.9	2.08	120	222.7820623	52	6.3	326
PAY	2021	12	1	14	5.2	4.5	94.69	90.3	3.26	28	0	84	5.9	334
PAY	2021	12	1	15	5.8	4.7	94.65	86.1	3.02	10	0	22	6.5	332
PAY	2021	12	1	16	5.7	4.9	94.69	88.8	3.46	1	0	0	6.1	334
PAY	2021	12	1	17	5.6	4.8	94.72	87.2	3.04	0	0	0	6.3	329
PAY	2021	12	1	18	5.7	4.7	94.73	87.1	3.12	0	0	0	6.3	312
PAY	2021	12	1	19	5.8	4.8	94.76	85	2.8	0	0	0	5	329
PAY	2021	12	1	20	5.9	4.7	94.78	84.5	2.8	0	0	0	4.4	324
PAY	2021	12	1	21	4.9	4.5	94.75	88.3	2.56	0	0	0	3.6	300
PAY	2021	12	1	22	4.8	4	94.72	87.3	2.26	0	0	0	3.1	285
PAY	2021	12	1	23	5.1	4.1	94.7	85.4	2.18	0	0	0	4.9	307
PAY	2021	12	2	0	5.3	4	94.67	81.3	1.56	0	0	0	4	310
PAY	2021	12	2	1	5	3.8	94.67	83.3	1.66	0	0	0	3.5	313
PAY	2021	12	2	2	4.4	3.5	94.67	85.9	1.58	0	0	0	2.7	290
PAY	2021	12	2	3	4.6	3.5	94.63	83.6	1.32	0	0	0	2.2	314
PAY	2021	12	2	4	4.4	3.4	94.64	83.7	1.14	0	0	0	2.1	317
PAY	2021	12	2	5	3.3	3	94.62	92.1	1.72	0	0	0	3	319
PAY	2021	12	2	6	2.8	2.6	94.6	91.1	1.02	0	0	0	2.8	271
PAY	2021	12	2	7	2.7	2.3	94.59	92.3	1.16	0	0	0	2.5	292
PAY	2021	12	2	8	3.3	2.3	94.62	88.3	0.96	18	0	56	2.8	295
PAY	2021	12	2	9	4	3	94.65	89.4	1.88	37	0	77	2.7	318
PAY	2021	12	2	10	4.4	3.4	94.65	86.2	1.64	77	0	155	3	313
PAY	2021	12	2	11	4.3	3.2	94.59	84.7	1.24	161	0	167	3.7	303
PAY	2021	12	2	12	4.8	3.6	94.53	82.2	1.24	172	181.8088767	108	3.6	294
PAY	2021	12	2	13	2.1	3.3	94.52	88.8	-0.14	81	125.2801961	43	3.6	309
PAY	2021	12	2	14	1.6	0.8	94.6	83.2	-1.76	15	0	80	2.6	312
PAY	2021	12	2	15	1.8	0.6	94.74	74.7	-3.26	26	31.89591762	23	3.2	299
PAY	2021	12	2	16	1.8	-0.2	94.9	63.1	-5.58	8	0	0	2.5	290
PAY	2021	12	2	17	1.6	-0.7	95.04	59.9	-6.42	0	0	0	2.8	289
PAY	2021	12	2	18	1.1	-1	95.13	61.5	-6.6	0	0	0	2.1	278
PAY	2021	12	2	19	0.6	-1.2	95.21	70.8	-5.24	0	0	0	1.3	252
PAY	2021	12	2	20	-1.2	-1.4	95.28	86.1	-3.98	0	0	0	1.1	229
PAY	2021	12	2	21	-0.3	-1.5	95.37	82.7	-3.76	0	0	0	1.1	283
PAY	2021	12	2	22	-0.4	-1.1	95.41	86.2	-3.16	0	0	0	1.4	288
PAY	2021	12	2	23	-0.5	-1.1	95.45	87.9	-2.92	0	0	0	1.9	290
PAY	2021	12	3	0	-0.3	-1.1	95.47	83.7	-3.56	0	0	0	1.9	288
PAY	2021	12	3	1	-0.5	-1.2	95.53	87.1	-3.08	0	0	0	1.8	284
PAY	2021	12	3	2	-0.9	-1.3	95.62	90.9	-2.72	0	0	0	1.1	266
PAY	2021	12	3	3	-1.5	-2	95.64	89.3	-3.64	0	0	0	1.6	223
PAY	2021	12	3	4	-1.6	-2.3	95.63	85.7	-4.46	0	0	0	2	217
PAY	2021	12	3	5	-3	-3	95.69	89.7	-5.06	0	0	0	1.1	216
PAY	2021	12	3	6	-2.8	-3.4	95.78	88.5	-5.1	0	0	0	0.9	238
PAY	2021	12	3	7	-3.5	-3.8	95.82	89.3	-5.64	0	0	0	1.4	214
PAY	2021	12	3	8	-3	-3.7	95.86	85.6	-5.88	34	0	61	1.7	213
PAY	2021	12	3	9	-1.1	-2.9	95.93	74.2	-6.26	170	365.2400311	82	1.5	214
PAY	2021	12	3	10	-0.2	-2.1	95.95	70.3	-6.14	272	364.1661693	156	1.8	218
PAY	2021	12	3	11	1.2	-1.1	95.92	66.7	-5.46	358	581.9488065	151	1.6	227
PAY	2021	12	3	12	2.3	-0.5	95.89	58	-6.1	376	711.6299236	127	2.3	236
PAY	2021	12	3	13	2.2	-0.2	95.83	61.8	-5.44	249	477.5665001	105	2.9	246
PAY	2021	12	3	14	1.8	-0.4	95.81	62.3	-5.74	180	509.6351968	71	3.2	251
PAY	2021	12	3	15	1.6	-0.2	95.82	68	-4.8	93	742.5787357	24	3.2	257
PAY	2021	12	3	16	0.6	-0.6	95.79	74.7	-4.46	12	0	0	2.8	254
PAY	2021	12	3	17	0.3	-0.9	95.77	78	-4.1	0	0	0	2.5	254
PAY	2021	12	3	18	0.5	-0.8	95.72	78.8	-3.74	0	0	0	2.9	277
PAY	2021	12	3	19	0.9	-0.7	95.64	73.5	-4.4	0	0	0	3.3	303
PAY	2021	12	3	20	1.2	-0.5	95.57	73	-4.2	0	0	0	3.1	308
PAY	2021	12	3	21	1.4	-0.3	95.46	71.8	-4.24	0	0	0	3.1	310
PAY	2021	12	3	22	1.3	-0.2	95.43	76.6	-3.38	0	0	0	3.8	312
PAY	2021	12	3	23	0.7	-0.2	95.39	85.2	-2.26	0	0	0	4.4	316
PAY	2021	12	4	0	0.8	0.1	95.29	89.9	-1.22	0	0	0	4.3	318
PAY	2021	12	4	1	1	0.2	95.21	89.2	-1.16	0	0	0	4.7	319
PAY	2021	12	4	2	1.3	0.5	95.15	89.2	-0.86	0	0	0	5	320
PAY	2021	12	4	3	1.8	1.1	95.08	90.3	-0.14	0	0	0	4.3	321
PAY	2021	12	4	4	2.1	1.5	94.97	91.9	0.48	0	0	0	5	323
PAY	2021	12	4	5	2.7	2	94.9	90.9	0.88	0	0	0	6.2	325
PAY	2021	12	4	6	3.7	2.5	94.88	89	1.5	0	0	0	6.8	327
PAY	2021	12	4	7	3.9	3.2	94.86	90.1	1.92	0	0	0	7.2	329
PAY	2021	12	4	8	4.3	3.5	94.83	91.2	2.54	4	0	59	6.5	330
PAY	2021	12	4	9	5.2	4.1	94.74	88.1	2.82	18	0	115	4.6	331
PAY	2021	12	4	10	5.6	4.7	94.7	90.7	3.74	52	0	143	3.3	334
PAY	2021	12	4	11	5.6	4.9	94.63	91.7	3.94	41	0	129	4.7	335
PAY	2021	12	4	12	5.8	5.2	94.63	92.7	4.34	18	0	149	4.9	336
PAY	2021	12	4	13	6.5	5.6	94.58	88.6	4.22	26	0	129	5.4	337
PAY	2021	12	4	14	6.8	5.5	94.56	84.6	3.72	36	0	75	6.6	330
PAY	2021	12	4	15	7.2	5.6	94.58	82.3	3.66	41	195.8551046	23	6.2	329
PAY	2021	12	4	16	6.9	5.9	94.66	84.9	3.88	19	0	0	6.2	316
PAY	2021	12	4	17	6.4	5.3	94.64	77.4	1.88	0	0	0	4.7	282
PAY	2021	12	4	18	6.8	5.1	94.66	80.6	2.92	0	0	0	4.6	302
PAY	2021	12	4	19	4.1	4.3	94.82	83.7	0.84	0	0	0	5.7	330
PAY	2021	12	4	20	3.9	3.1	94.93	88.3	1.56	0	0	0	3.3	315
PAY	2021	12	4	21	4.2	2.7	95.05	68.3	-2.14	0	0	0	4	311
PAY	2021	12	4	22	3.2	1.8	95.11	76.2	-1.56	0	0	0	3.6	283
PAY	2021	12	4	23	2.3	1.3	95.12	79	-1.9	0	0	0	3.4	256
PAY	2021	12	5	0	1.9	0.9	95.03	82.8	-1.54	0	0	0	3.2	239
PAY	2021	12	5	1	1.9	0.7	95.02	83	-1.5	0	0	0	3.3	252
PAY	2021	12	5	2	1.9	0.9	94.97	85.3	-1.04	0	0	0	3.2	280
PAY	2021	12	5	3	2.1	1.1	94.89	84.6	-0.98	0	0	0	3.1	291
PAY	2021	12	5	4	2	1.2	94.85	85.2	-0.96	0	0	0	2.7	296
PAY	2021	12	5	5	1.3	0.8	94.8	89.6	-0.78	0	0	0	3.3	252
PAY	2021	12	5	6	1.4	0.8	94.79	89.8	-0.64	0	0	0	3.4	272
PAY	2021	12	5	7	1.5	0.5	94.8	85.6	-1.38	0	0	0	2.7	246
PAY	2021	12	5	8	1.4	0.8	94.81	88.4	-0.92	31	0	52	2.3	293
PAY	2021	12	5	9	2	1.1	94.8	86.7	-0.66	72	0	95	1.5	297
PAY	2021	12	5	10	3.1	1.7	94.8	81.8	-0.54	176	70.16846893	154	1.8	298
PAY	2021	12	5	11	2	1.7	94.8	89.9	-0.02	98	0	169	3.4	310
PAY	2021	12	5	12	2.7	1.3	94.75	89.7	0.64	95	0	157	1.7	319
PAY	2021	12	5	13	2	1.8	94.74	91.2	0.24	164	338.5765196	63	4.7	296
PAY	2021	12	5	14	3.2	2.1	94.73	82.7	-0.26	196	525.240313	85	3.9	278
PAY	2021	12	5	15	3.3	2	94.77	78.5	-1	123	1000	16	4.2	292
PAY	2021	12	5	16	1.8	1.3	94.82	85.2	-1.16	8	0	0	2.9	263
PAY	2021	12	5	17	1.4	0.7	94.84	86.8	-1.24	0	0	0	1.8	250
PAY	2021	12	5	18	1.4	0.6	94.85	87.3	-1.14	0	0	0	1.8	282
PAY	2021	12	5	19	1.6	0.9	94.89	88.6	-0.68	0	0	0	1.5	312
PAY	2021	12	5	20	0.6	0.7	94.93	95.5	-0.3	0	0	0	0.9	315
PAY	2021	12	5	21	0.5	0.3	94.98	96	-0.3	0	0	0	0.8	306
PAY	2021	12	5	22	0.1	0.1	95.01	98.4	-0.22	0	0	0	0.6	306
PAY	2021	12	5	23	0.9	0.3	95.08	93	-0.5	0	0	0	1	303
PAY	2021	12	6	0	0.3	0.3	95.12	95.6	-0.58	0	0	0	1.1	276
PAY	2021	12	6	1	-0.1	-0.1	95.16	98.6	-0.38	0	0	0	0.7	277
PAY	2021	12	6	2	-0.5	-0.3	95.24	98.1	-0.88	0	0	0	0.3	261
PAY	2021	12	6	3	-0.2	-0.5	95.31	97.2	-0.76	0	0	0	0.4	278
PAY	2021	12	6	4	-0.4	-0.3	95.35	99.2	-0.56	0	0	0	0.6	300
PAY	2021	12	6	5	-0.1	-0.3	95.42	97.7	-0.56	0	0	0	0.5	295
PAY	2021	12	6	6	0	-0.2	95.51	96.2	-0.76	0	0	0	1	291
PAY	2021	12	6	7	0.2	-0.1	95.59	94.1	-0.98	0	0	0	1.4	290
PAY	2021	12	6	8	0.2	-0.2	95.67	94.7	-0.86	15	0	47	1.2	288
PAY	2021	12	6	9	0.6	0.1	95.74	93.2	-0.76	59	0	112	0.9	295
PAY	2021	12	6	10	1	0.5	95.8	92.6	-0.48	89	0	123	0.4	299
PAY	2021	12	6	11	1.9	0.9	95.81	85.7	-0.96	90	0	167	0.5	305
PAY	2021	12	6	12	2.5	1.4	95.82	83.3	-0.84	117	0	156	1.2	305
PAY	2021	12	6	13	3.2	1.3	95.79	61.9	-4.42	184	181.8918703	130	0.8	306
PAY	2021	12	6	14	3.4	1.5	95.78	70	-2.6	153	390.0252045	71	1.5	299
PAY	2021	12	6	15	2.7	1.3	95.82	78.4	-1.62	73	587.3215712	20	1.7	295
PAY	2021	12	6	16	1.6	0.9	95.77	80.3	-2.34	14	0	0	2.2	272
PAY	2021	12	6	17	0.7	-0.1	95.74	85.2	-2.26	0	0	0	1.7	265
PAY	2021	12	6	18	0.6	-0.1	95.67	86.1	-2.18	0	0	0	1.9	273
PAY	2021	12	6	19	0.4	-0.3	95.74	87.8	-2.04	0	0	0	1.4	260
PAY	2021	12	6	20	1.4	0.2	95.67	79.5	-2.7	0	0	0	2.7	291
PAY	2021	12	6	21	1.5	0.2	95.65	80	-2.5	0	0	0	2.5	299
PAY	2021	12	6	22	1.8	0.2	95.62	76.6	-2.88	0	0	0	2.1	298
PAY	2021	12	6	23	1.8	0.4	95.63	78.9	-2.42	0	0	0	3.8	310
PAY	2021	12	7	0	1.7	0.6	95.63	83.6	-1.58	0	0	0	4.3	309
PAY	2021	12	7	1	0.7	0.5	95.73	91	-1.1	0	0	0	3	314
PAY	2021	12	7	2	0.7	0.3	95.75	92.5	-0.8	0	0	0	2.6	308
PAY	2021	12	7	3	1.5	0.4	95.82	84.7	-1.56	0	0	0	3.1	289
PAY	2021	12	7	4	1.3	0.6	95.83	87.1	-1.28	0	0	0	4.3	273
PAY	2021	12	7	5	1.5	0.6	95.86	86.5	-1.2	0	0	0	4.5	265
PAY	2021	12	7	6	1.4	0.8	95.86	89.2	-0.76	0	0	0	3.4	288
PAY	2021	12	7	7	1.5	0.7	95.91	86.4	-1.22	0	0	0	2.8	280
PAY	2021	12	7	8	1.8	0.8	95.91	86.1	-0.98	14	0	43	2.4	294
PAY	2021	12	7	9	2.4	1.4	95.91	87.2	-0.16	83	0	89	2.6	306
PAY	2021	12	7	10	4	2.1	95.88	80.3	0.06	224	401.3638854	100	3	282
PAY	2021	12	7	11	4.8	2.8	95.75	79.3	0.66	270	495.441419	98	3.2	290
PAY	2021	12	7	12	5	3.4	95.6	73.8	-0.24	359	668.409444	130	3	262
PAY	2021	12	7	13	5.7	3.4	95.46	69.7	-0.36	321	923.6262219	48	2	259
PAY	2021	12	7	14	4.8	3.4	95.37	73.7	-0.46	191	697.6397779	45	2.1	264
PAY	2021	12	7	15	4.3	2.9	95.27	75.6	-0.58	101	1000	5	1.2	274
PAY	2021	12	7	16	3.4	2.4	95.18	80.8	-0.44	11	0	0	0.8	300
PAY	2021	12	7	17	3	2	95.13	83.1	-0.38	0	0	0	0.8	304
PAY	2021	12	7	18	2.6	1.8	95.03	86.4	-0.12	0	0	0	1.5	303
PAY	2021	12	7	19	2.2	1.6	94.93	87.8	-0.24	0	0	0	0.7	304
PAY	2021	12	7	20	2.4	1.3	94.83	85.2	-0.56	0	0	0	0.6	311
PAY	2021	12	7	21	1.5	1.1	94.75	92.4	-0.02	0	0	0	0.7	305
PAY	2021	12	7	22	2.9	1.5	94.73	86.1	0.12	0	0	0	0.7	321
PAY	2021	12	7	23	3.6	2.5	94.69	86.3	0.86	0	0	0	2.5	326
PAY	2021	12	8	0	3.7	3	94.65	91.3	1.96	0	0	0	2.6	329
PAY	2021	12	8	1	3.6	3.1	94.58	90.1	1.62	0	0	0	3.5	329
PAY	2021	12	8	2	3.6	3	94.56	91.1	1.82	0	0	0	2.6	327
PAY	2021	12	8	3	3.6	3.1	94.53	93	2.2	0	0	0	2.5	330
PAY	2021	12	8	4	3.7	3.2	94.45	91.9	2.08	0	0	0	2.5	331
PAY	2021	12	8	5	3.5	3.1	94.44	91.7	1.84	0	0	0	2.3	330
PAY	2021	12	8	6	3	2.7	94.46	91.2	1.24	0	0	0	3.9	327
PAY	2021	12	8	7	2.7	2.1	94.44	88.9	0.48	0	0	0	4.5	325
PAY	2021	12	8	8	2.2	2	94.51	95.1	1.22	0	0	29	2.6	316
PAY	2021	12	8	9	2.8	2.1	94.47	88	0.4	11	0	102	2.6	318
PAY	2021	12	8	10	2.4	1.9	94.49	88.4	0.08	17	0	89	2.7	322
PAY	2021	12	8	11	2.3	1.7	94.45	89.1	0.12	32	0	64	1.8	322
PAY	2021	12	8	12	1.2	1.3	94.45	95	0.2	24	0	77	1.3	324
PAY	2021	12	8	13	1.3	1.1	94.42	95.1	0.32	48	0	63	1.6	315
PAY	2021	12	8	14	1.7	1.2	94.41	93.6	0.42	39	0	50	1.6	317
PAY	2021	12	8	15	1.6	1.3	94.42	93.6	0.32	16	0	16	1.1	308
PAY	2021	12	8	16	1.7	1.4	94.45	94.8	0.66	1	0	0	1.1	313
PAY	2021	12	8	17	1.6	1.3	94.48	94.4	0.48	0	0	0	0.8	322
PAY	2021	12	8	18	1.3	1.1	94.53	95.6	0.42	0	0	0	0.8	325
PAY	2021	12	8	19	0.5	0.7	94.57	96.1	-0.28	0	0	0	0.9	320
PAY	2021	12	8	20	0.6	0.2	94.59	95.3	-0.34	0	0	0	0.8	320
PAY	2021	12	8	21	0.2	0.3	94.64	97.7	-0.26	0	0	0	0.9	318
PAY	2021	12	8	22	0.8	0.4	94.64	95.7	-0.06	0	0	0	1.1	311
PAY	2021	12	8	23	1.5	0.8	94.7	92.2	-0.06	0	0	0	2	300
PAY	2021	12	9	0	1.6	1.1	94.74	92.6	0.12	0	0	0	3	303
PAY	2021	12	9	1	1.9	1.2	94.78	90.9	0.08	0	0	0	2.2	305
PAY	2021	12	9	2	1.7	1.3	94.81	91.3	-0.04	0	0	0	2.1	301
PAY	2021	12	9	3	1.7	1.2	94.87	89.3	-0.44	0	0	0	1.8	301
PAY	2021	12	9	4	1.4	0.8	94.93	91.6	-0.28	0	0	0	2	283
PAY	2021	12	9	5	1.4	0.9	95	90.3	-0.54	0	0	0	1.9	293
PAY	2021	12	9	6	1.2	0.7	95.04	89.3	-0.94	0	0	0	2.5	290
PAY	2021	12	9	7	1.3	0.6	95.1	87.2	-1.26	0	0	0	1.2	292
PAY	2021	12	9	8	1.6	0.7	95.17	86.1	-1.18	8	0	54	1.6	297
PAY	2021	12	9	9	1.8	1	95.21	86.9	-0.82	61	0	108	2.3	276
PAY	2021	12	9	10	3.1	1.5	95.25	81.7	-0.56	149	22.96619968	142	2.2	282
PAY	2021	12	9	11	3.2	1.8	95.24	79.8	-0.84	144	0	161	2.4	281
PAY	2021	12	9	12	3.3	2.1	95.24	78.6	-0.98	164	58.87999202	144	2.7	290
PAY	2021	12	9	13	3.9	2.3	95.2	76.8	-0.74	255	426.136968	130	3.1	254
PAY	2021	12	9	14	3.8	2.4	95.19	76.4	-0.92	224	698.0680018	79	3.1	246
PAY	2021	12	9	15	3.4	2.1	95.19	78.3	-0.94	128	1000	21	3.5	279
PAY	2021	12	9	16	2.1	1.3	95.22	81.3	-1.64	26	0	0	2.3	274
PAY	2021	12	9	17	1.4	0.7	95.26	84.4	-1.72	0	0	0	1.9	267
PAY	2021	12	9	18	1.2	0.3	95.25	83.3	-2.14	0	0	0	2.1	268
PAY	2021	12	9	19	0.9	0	95.2	79.2	-3.26	0	0	0	2.7	261
PAY	2021	12	9	20	0.9	-0.2	95.19	87.4	-1.62	0	0	0	2.6	264
PAY	2021	12	9	21	0.5	-0.3	95.14	86.7	-2.16	0	0	0	2.2	232
PAY	2021	12	9	22	-1.5	-1	95.04	96.4	-2.22	0	0	0	0.9	227
PAY	2021	12	9	23	-1.2	-1.7	94.91	95.4	-2.12	0	0	0	0.4	226
PAY	2021	12	10	0	-2	-2.1	94.75	96	-2.8	0	0	0	0.7	232
PAY	2021	12	10	1	-1.5	-2.2	94.61	90.5	-3.4	0	0	0	1.6	244
PAY	2021	12	10	2	-2.4	-2.3	94.41	91.7	-4.06	0	0	0	1.2	256
PAY	2021	12	10	3	-1.9	-2.2	94.36	90.4	-3.82	0	0	0	1.4	274
PAY	2021	12	10	4	-1.3	-2.1	94.25	84.7	-4.36	0	0	0	1.5	281
PAY	2021	12	10	5	-0.7	-1.7	94.06	83	-4.1	0	0	0	1.7	287
PAY	2021	12	10	6	0	-1.4	94	81.8	-3.64	0	0	0	1	301
PAY	2021	12	10	7	-0.8	-1	93.97	95.8	-1.64	0	0	0	2.6	308
PAY	2021	12	10	8	-0.9	-1	93.98	98.9	-1.12	1	0	35	1.1	315
PAY	2021	12	10	9	0.5	-0.2	93.96	91.9	-1.12	26	0	65	2.6	311
PAY	2021	12	10	10	0.7	0.2	93.98	93.7	-0.56	47	0	124	4.3	316
PAY	2021	12	10	11	1.7	0.7	93.98	88.3	-0.64	84	0	163	5.9	320
PAY	2021	12	10	12	2.3	1.3	94	86.3	-0.44	133	0	155	7.1	317
PAY	2021	12	10	13	2.2	1.4	94.07	88.2	-0.16	81	0	128	6.8	323
PAY	2021	12	10	14	1.5	1.2	94.17	92.1	-0.08	30	0	76	6.1	323
PAY	2021	12	10	15	1.9	1.2	94.29	91.9	0.28	19	0	22	5.2	322
PAY	2021	12	10	16	2.3	1.3	94.39	85.6	-0.58	3	0	0	4.9	299
PAY	2021	12	10	17	2.1	1.4	94.51	88.2	-0.26	0	0	0	4.1	295
PAY	2021	12	10	18	2.2	1.2	94.62	84.5	-0.9	0	0	0	3.9	298
PAY	2021	12	10	19	1.7	1.1	94.74	88.1	-0.68	0	0	0	3.1	304
PAY	2021	12	10	20	1.5	0.8	94.83	90	-0.5	0	0	0	2.4	312
PAY	2021	12	10	21	1.2	0.6	94.95	90.6	-0.68	0	0	0	4	294
PAY	2021	12	10	22	1.3	0.7	95.06	90.1	-0.68	0	0	0	3.1	282
PAY	2021	12	10	23	1.4	0.5	95.14	84.1	-1.78	0	0	0	2.9	282
PAY	2021	12	11	0	1.3	0.4	95.18	84.3	-1.84	0	0	0	4.4	280
PAY	2021	12	11	1	1.3	0.3	95.25	85.4	-1.62	0	0	0	4.2	272
PAY	2021	12	11	2	1.4	0.5	95.33	86.6	-1.28	0	0	0	3.5	292
PAY	2021	12	11	3	1.5	0.6	95.4	84.9	-1.52	0	0	0	3.7	294
PAY	2021	12	11	4	1.6	0.7	95.45	84.7	-1.46	0	0	0	4	300
PAY	2021	12	11	5	1.7	0.7	95.51	85.1	-1.28	0	0	0	4.2	299
PAY	2021	12	11	6	1.8	0.7	95.59	82	-1.8	0	0	0	3.8	302
PAY	2021	12	11	7	1.6	0.8	95.69	87	-1	0	0	0	3.6	314
PAY	2021	12	11	8	1.4	0.8	95.79	90.1	-0.58	9	0	52	3.3	310
PAY	2021	12	11	9	1.6	0.9	95.9	88.6	-0.68	51	0	104	2.9	304
PAY	2021	12	11	10	2	1	96.01	86.1	-0.78	96	0	145	3	303
PAY	2021	12	11	11	2	1.1	96.06	85.2	-0.96	88	0	143	2.9	306
PAY	2021	12	11	12	2.1	1.2	96.11	85.5	-0.8	78	94.89018241	46	2.6	308
PAY	2021	12	11	13	2.3	1.3	96.14	84.9	-0.72	98	0	98	2.2	305
PAY	2021	12	11	14	2.1	1.4	96.23	85.7	-0.76	73	0	75	1.9	305
PAY	2021	12	11	15	2.2	1.3	96.3	84.1	-0.98	40	249.4258123	18	2.3	302
PAY	2021	12	11	16	1.8	1.1	96.38	86.4	-0.92	11	0	0	1.8	302
PAY	2021	12	11	17	1.7	1	96.45	87.8	-0.74	0	0	0	1.7	309
PAY	2021	12	11	18	1	0.7	96.52	90.4	-0.92	0	0	0	1.3	288
PAY	2021	12	11	19	0.9	0.5	96.57	91.2	-0.86	0	0	0	1	281
PAY	2021	12	11	20	0.8	0.1	96.63	92	-0.8	0	0	0	1	278
PAY	2021	12	11	21	-0.8	-0.6	96.66	95.4	-1.72	0	0	0	1.2	254
PAY	2021	12	11	22	-1.1	-1.4	96.68	94.8	-2.14	0	0	0	1.6	230
PAY	2021	12	11	23	-1.8	-2.1	96.75	94.1	-2.98	0	0	0	1.6	229
PAY	2021	12	12	0	-2.4	-2.6	96.75	93.2	-3.76	0	0	0	1.7	226
PAY	2021	12	12	1	-1.9	-2.6	96.79	93.3	-3.24	0	0	0	0.8	270
PAY	2021	12	12	2	-1.5	-2	96.87	93.8	-2.74	0	0	0	0.8	304
PAY	2021	12	12	3	-1.6	-1.9	96.89	96.5	-2.3	0	0	0	0.6	305
PAY	2021	12	12	4	-1.3	-1.6	96.92	97	-1.9	0	0	0	0.4	306
PAY	2021	12	12	5	-1.1	-1.5	96.96	94.5	-2.2	0	0	0	0.7	307
PAY	2021	12	12	6	-1.1	-1.5	96.99	93.9	-2.32	0	0	0	1	307
PAY	2021	12	12	7	-1.1	-1.6	97.04	92.9	-2.52	0	0	0	0.6	305
PAY	2021	12	12	8	-1.4	-1.5	97.11	90.8	-3.24	4	0	41	0.8	305
PAY	2021	12	12	9	-1.1	-1.5	97.14	93.6	-2.38	29	0	59	1	305
PAY	2021	12	12	10	-0.7	-1.1	97.17	92.6	-2.18	72	70.13821402	51	0.6	306
PAY	2021	12	12	11	-0.7	-1.1	97.14	92.6	-2.18	67	47.18416506	51	0.6	306
PAY	2021	12	12	12	0.2	-0.6	97.1	91.6	-1.48	168	249.8543586	84	0.6	298
PAY	2021	12	12	13	0.1	-0.5	97.07	88.8	-2.14	144	48.12599432	130	0.5	296
PAY	2021	12	12	14	0.4	-0.2	97.07	89	-1.8	138	339.3066861	68	0.4	300
PAY	2021	12	12	15	0.9	0.1	97.06	87.1	-1.68	86	748.6610512	20	0.4	284
PAY	2021	12	12	16	-0.3	-0.2	97.1	93.2	-1.66	18	0	0	0.2	247
PAY	2021	12	12	17	-1.3	-1.2	97.09	97.2	-1.86	0	0	0	0.4	246
PAY	2021	12	12	18	-1.3	-1.6	97.09	94.7	-2.36	0	0	0	0.4	243
PAY	2021	12	12	19	-2.1	-1.9	97.08	97.2	-2.66	0	0	0	0.9	244
PAY	2021	12	12	20	-1	-1.7	97.09	91.6	-2.68	0	0	0	1.5	256
PAY	2021	12	12	21	-1.1	-1.4	97.1	94.9	-2.12	0	0	0	1.9	294
PAY	2021	12	12	22	-1.7	-1.7	97.08	96.8	-2.34	0	0	0	1.5	299
PAY	2021	12	12	23	-1.7	-1.8	97.1	98.3	-2.04	0	0	0	1.6	300
PAY	2021	12	13	0	-1.8	-1.9	97.08	96.5	-2.5	0	0	0	2.3	294
PAY	2021	12	13	1	-2.7	-2.4	97.08	96.6	-3.38	0	0	0	2.1	275
PAY	2021	12	13	2	-2.4	-3	97.1	92.5	-3.9	0	0	0	1.2	264
PAY	2021	12	13	3	-1.5	-2.1	97.08	97.4	-2.02	0	0	0	1.8	300
PAY	2021	12	13	4	-2.2	-2.6	97.04	93.3	-3.54	0	0	0	1.5	305
PAY	2021	12	13	5	-1.9	-2.3	97.05	94.6	-2.98	0	0	0	2.1	302
PAY	2021	12	13	6	-2	-2.2	97.07	94.8	-3.04	0	0	0	1.7	302
PAY	2021	12	13	7	-2.2	-2.6	97.09	92.9	-3.62	0	0	0	1	304
PAY	2021	12	13	8	-2.4	-2.9	97.12	92.7	-3.86	6	0	51	1.4	305
PAY	2021	12	13	9	-2.3	-2.6	97.14	94.1	-3.48	36	0	40	1.2	305
PAY	2021	12	13	10	-1.5	-1.9	97.16	98	-1.9	69	0	136	0.5	305
PAY	2021	12	13	11	-0.6	-0.9	97.1	98.9	-0.82	103	91.75901611	72	0.9	308
PAY	2021	12	13	12	-0.5	-0.7	97.05	98.5	-0.8	119	65.61605003	97	0.7	309
PAY	2021	12	13	13	-0.9	-0.8	97.02	98.9	-1.12	99	0	121	0.6	309
PAY	2021	12	13	14	-0.2	-0.7	97.01	94.9	-1.22	78	121.31242	53	0.7	309
PAY	2021	12	13	15	-0.8	-0.9	97.04	98.9	-1.02	41	283.3433515	16	0.7	307
PAY	2021	12	13	16	-0.8	-0.9	97.06	98.8	-1.04	5	0	0	0.4	308
PAY	2021	12	13	17	-1.1	-1	97.07	100	-1.1	0	0	0	0.6	308
PAY	2021	12	13	18	-1.2	-1.3	97.12	98.7	-1.46	0	0	0	0.6	307
PAY	2021	12	13	19	-2	-1.7	97.14	100	-2	0	0	0	1	305
PAY	2021	12	13	20	-2.1	-2	97.16	100	-2.1	0	0	0	0.8	303
PAY	2021	12	13	21	-2	-2	97.14	100	-2	0	0	0	0.7	303
PAY	2021	12	13	22	-2.2	-2.2	97.14	97.6	-2.68	0	0	0	1.4	300
PAY	2021	12	13	23	-2.7	-2.6	97.13	100	-2.7	0	0	0	1.2	298
PAY	2021	12	14	0	-2.6	-2.8	97.12	95.9	-3.42	0	0	0	1	295
PAY	2021	12	14	1	-3	-2.8	97.13	97.9	-3.42	0	0	0	1.2	299
PAY	2021	12	14	2	-3	-3.3	97.14	90.9	-4.82	0	0	0	1.2	280
PAY	2021	12	14	3	-3.1	-3.9	97.14	91.4	-4.82	0	0	0	0.9	252
PAY	2021	12	14	4	-3	-3.2	97.14	100	-3	0	0	0	0.7	300
PAY	2021	12	14	5	-3.1	-3.1	97.14	99.3	-3.24	0	0	0	0.6	301
PAY	2021	12	14	6	-3	-3	97.16	97.1	-3.58	0	0	0	0.8	302
PAY	2021	12	14	7	-2.7	-2.6	97.17	99	-2.9	0	0	0	1.3	301
PAY	2021	12	14	8	-2.1	-2.3	97.18	98.1	-2.48	5	0	32	1.3	302
PAY	2021	12	14	9	-2	-2	97.21	96.5	-2.7	44	0	64	1.5	302
PAY	2021	12	14	10	-1.6	-1.8	97.22	96.3	-2.34	161	155.2000943	115	1.2	295
PAY	2021	12	14	11	-1.3	-1.9	97.18	97.8	-1.74	137	0	162	1.3	301
PAY	2021	12	14	12	-0.9	-1.1	97.12	100	-0.9	131	0	137	0.5	307
PAY	2021	12	14	13	-1.1	-0.9	97.09	100	-1.1	119	289.7470599	35	0.5	308
PAY	2021	12	14	14	-0.8	-0.7	97.07	100	-0.8	79	0	82	0.6	309
PAY	2021	12	14	15	-0.7	-0.6	97.12	100	-0.7	44	248.7942014	22	0.6	310
PAY	2021	12	14	16	-0.9	-0.8	97.14	100	-0.9	6	0	0	0.5	310
PAY	2021	12	14	17	-0.8	-1	97.16	98.8	-1.04	0	0	0	0.4	308
PAY	2021	12	14	18	-1	-1.1	97.19	98.4	-1.32	0	0	0	0.6	308
PAY	2021	12	14	19	-1.8	-1.6	97.21	99	-2	0	0	0	0.9	304
PAY	2021	12	14	20	-2	-1.9	97.21	99.9	-2.02	0	0	0	0.6	300
PAY	2021	12	14	21	-2.2	-2.2	97.21	99.5	-2.3	0	0	0	0.7	294
PAY	2021	12	14	22	-2.2	-2.4	97.21	97.2	-2.76	0	0	0	1	292
PAY	2021	12	14	23	-2.4	-2.5	97.22	96.7	-3.06	0	0	0	1.4	291
PAY	2021	12	15	0	-2.8	-2.8	97.19	98.4	-3.12	0	0	0	1.2	275
PAY	2021	12	15	1	-2.7	-2.7	97.19	99.5	-2.8	0	0	0	0.8	289
PAY	2021	12	15	2	-2.1	-2.5	97.23	92.8	-3.54	0	0	0	1.1	295
PAY	2021	12	15	3	-2	-2.2	97.23	98.1	-2.38	0	0	0	1.4	304
PAY	2021	12	15	4	-1.8	-1.9	97.21	96.8	-2.44	0	0	0	1.4	305
PAY	2021	12	15	5	-1.6	-1.8	97.22	100	-1.6	0	0	0	0.6	305
PAY	2021	12	15	6	-1.7	-1.7	97.23	100	-1.7	0	0	0	0.5	306
PAY	2021	12	15	7	-1.8	-1.8	97.28	99	-2	0	0	0	0.8	305
PAY	2021	12	15	8	-2.1	-2.1	97.31	100	-2.1	5	0	45	0.8	303
PAY	2021	12	15	9	-2.1	-2.1	97.35	100	-2.1	35	0	101	0.6	303
PAY	2021	12	15	10	-1.9	-2	97.34	100	-1.9	60	0	144	0.9	304
PAY	2021	12	15	11	-1.7	-1.8	97.28	100	-1.7	67	11.91554967	63	1.2	304
PAY	2021	12	15	12	-1	-1.4	97.25	99.1	-1.18	105	5.991007687	103	0.8	306
PAY	2021	12	15	13	-1.4	-1.4	97.26	100	-1.4	59	6.906115753	57	1.3	306
PAY	2021	12	15	14	-1.1	-1.3	97.25	97.7	-1.56	39	19.41722557	35	1.1	306
PAY	2021	12	15	15	-0.9	-1.1	97.28	99.1	-1.08	23	67.61336829	17	1.3	307
PAY	2021	12	15	16	-0.8	-0.9	97.31	99	-1	1	0	0	1.3	308
PAY	2021	12	15	17	-0.2	-0.6	97.35	96.6	-0.88	0	0	0	1	310
PAY	2021	12	15	18	-0.5	-0.5	97.37	98.1	-0.88	0	0	0	1.1	310
PAY	2021	12	15	19	-0.3	-0.4	97.39	98.3	-0.64	0	0	0	0.6	310
PAY	2021	12	15	20	-0.3	-0.4	97.43	98.7	-0.56	0	0	0	0.7	310
PAY	2021	12	15	21	-0.2	-0.4	97.49	96.9	-0.82	0	0	0	0.4	310
PAY	2021	12	15	22	-0.2	-0.4	97.51	97.9	-0.62	0	0	0	0.5	310
PAY	2021	12	15	23	0	-0.2	97.55	97.5	-0.5	0	0	0	0.6	311
PAY	2021	12	16	0	0	-0.2	97.56	96.8	-0.64	0	0	0	0.3	311
PAY	2021	12	16	1	0	-0.2	97.56	97	-0.6	0	0	0	0.5	311
PAY	2021	12	16	2	0.1	-0.2	97.57	96.9	-0.52	0	0	0	0.3	312
PAY	2021	12	16	3	0.3	0	97.54	96.1	-0.48	0	0	0	0.5	312
PAY	2021	12	16	4	0	0	97.53	99	-0.2	0	0	0	0.2	312
PAY	2021	12	16	5	0.1	0	97.56	95.8	-0.74	0	0	0	0.4	312
PAY	2021	12	16	6	0.2	-0.1	97.59	94.2	-0.96	0	0	0	0.8	311
PAY	2021	12	16	7	0.2	-0.1	97.62	95.2	-0.76	0	0	0	1.5	311
PAY	2021	12	16	8	0.4	0	97.65	93.5	-0.9	3	0	41	1.9	311
PAY	2021	12	16	9	0.3	0.1	97.68	96.4	-0.42	16	0	89	2.7	311
PAY	2021	12	16	10	0.8	0.3	97.71	92.3	-0.74	29	0	94	2.7	312
PAY	2021	12	16	11	0.7	0.3	97.68	93.5	-0.6	39	17.92078336	33	2.2	312
PAY	2021	12	16	12	1.2	0.5	97.67	90.7	-0.66	48	0	58	2.3	313
PAY	2021	12	16	13	1.2	0.7	97.65	92.3	-0.34	41	0	100	3.4	313
PAY	2021	12	16	14	1.3	0.9	97.63	92.2	-0.26	24	0	43	4	314
PAY	2021	12	16	15	1.5	0.9	97.65	90.7	-0.36	10	0	10	3.9	315
PAY	2021	12	16	16	1.7	0.9	97.67	87.3	-0.84	1	0	0	4.4	314
PAY	2021	12	16	17	1.9	1	97.67	85.4	-1.02	0	0	0	4	314
PAY	2021	12	16	18	1.9	1	97.64	85.1	-1.08	0	0	0	4	314
PAY	2021	12	16	19	1.8	1	97.67	85	-1.2	0	0	0	3.3	314
PAY	2021	12	16	20	2	1	97.64	83.4	-1.32	0	0	0	3.7	313
PAY	2021	12	16	21	2	1	97.63	84.6	-1.08	0	0	0	3.4	314
PAY	2021	12	16	22	2	1	97.57	83.5	-1.3	0	0	0	4	314
PAY	2021	12	16	23	1.7	1	97.55	86.7	-0.96	0	0	0	3.7	314
PAY	2021	12	17	0	1.9	1	97.53	83.7	-1.36	0	0	0	2.8	314
PAY	2021	12	17	1	1.9	0.9	97.54	84.4	-1.22	0	0	0	3.5	313
PAY	2021	12	17	2	1.9	1	97.56	85	-1.1	0	0	0	3.7	314
PAY	2021	12	17	3	2	1	97.57	84.3	-1.14	0	0	0	3	314
PAY	2021	12	17	4	1.9	1	97.6	84.8	-1.14	0	0	0	1.8	314
PAY	2021	12	17	5	1.7	1	97.62	86.2	-1.06	0	0	0	2	314
PAY	2021	12	17	6	1.7	0.9	97.68	83.6	-1.58	0	0	0	1.1	313
PAY	2021	12	17	7	1.5	0.5	97.73	81.9	-2.12	0	0	0	1.3	312
PAY	2021	12	17	8	1.5	0.4	97.77	82.3	-2.04	2	0	49	0.5	312
PAY	2021	12	17	9	1.7	0.5	97.81	80.9	-2.12	27	0	104	0.5	312
PAY	2021	12	17	10	1.9	0.7	97.83	84.3	-1.24	54	3.415920542	53	1.1	313
PAY	2021	12	17	11	2	0.7	97.79	80.9	-1.82	87	74.84109569	62	0.8	313
PAY	2021	12	17	12	2	0.9	97.77	82.5	-1.5	90	0	153	1.3	313
PAY	2021	12	17	13	1.9	0.7	97.75	81.6	-1.78	69	0	129	1.5	313
PAY	2021	12	17	14	2	0.8	97.71	82.2	-1.56	50	0	77	1.6	313
PAY	2021	12	17	15	2	0.9	97.72	83.6	-1.28	26	111.4562514	16	1.3	314
PAY	2021	12	17	16	1.9	1	97.72	83.6	-1.38	3	0	0	1.8	314
PAY	2021	12	17	17	1.7	0.8	97.7	84.3	-1.44	0	0	0	2.1	314
PAY	2021	12	17	18	1.6	0.8	97.72	85.9	-1.22	0	0	0	1.8	314
PAY	2021	12	17	19	1.2	0.6	97.72	86.4	-1.52	0	0	0	2.9	312
PAY	2021	12	17	20	1.1	0.5	97.72	87.6	-1.38	0	0	0	2.5	313
PAY	2021	12	17	21	1.1	0.5	97.71	86.9	-1.52	0	0	0	1.9	312
PAY	2021	12	17	22	0.9	0.1	97.69	85.8	-1.94	0	0	0	1.7	311
PAY	2021	12	17	23	0.9	0.2	97.67	86.4	-1.82	0	0	0	1.6	311
PAY	2021	12	18	0	0.9	0.1	97.63	85.4	-2.02	0	0	0	1.4	311
PAY	2021	12	18	1	0.9	0	97.6	84.9	-2.12	0	0	0	1.5	310
PAY	2021	12	18	2	0.8	0	97.57	86.6	-1.88	0	0	0	1.6	310
PAY	2021	12	18	3	0.9	0	97.54	85.2	-2.06	0	0	0	2	310
PAY	2021	12	18	4	1.1	0.1	97.49	83.6	-2.18	0	0	0	2.1	309
PAY	2021	12	18	5	1.1	0.2	97.49	82.9	-2.32	0	0	0	3.1	310
PAY	2021	12	18	6	1.1	0.1	97.5	83.6	-2.18	0	0	0	2.7	310
PAY	2021	12	18	7	1.2	0.1	97.48	82.5	-2.3	0	0	0	3.8	309
PAY	2021	12	18	8	1.3	0.2	97.49	82.6	-2.18	5	0	40	3.7	309
PAY	2021	12	18	9	1.5	0.4	97.49	82.7	-1.96	29	0	81	2.3	310
PAY	2021	12	18	10	1.8	0.6	97.46	82.2	-1.76	86	0	142	2.6	307
PAY	2021	12	18	11	2.5	1	97.38	80.7	-1.36	142	215.9573785	70	3	285
PAY	2021	12	18	12	3.5	1.7	97.3	78.2	-0.86	176	372.8226725	52	2.8	270
PAY	2021	12	18	13	4	2	97.27	72.6	-1.48	230	435.3523574	104	3.4	243
PAY	2021	12	18	14	3.9	2.2	97.29	72.8	-1.54	217	705.9666068	71	1.7	242
PAY	2021	12	18	15	3.8	2.1	97.35	76.3	-0.94	103	896.1356101	22	0.5	242
PAY	2021	12	18	16	1.4	1.1	97.43	84.7	-1.66	16	0	0	1.7	240
PAY	2021	12	18	17	0.2	-0.1	97.46	87.5	-2.3	0	0	0	2.1	238
PAY	2021	12	18	18	-0.3	-0.8	97.48	88.7	-2.56	0	0	0	1.6	235
PAY	2021	12	18	19	-0.7	-1.1	97.49	90.3	-2.64	0	0	0	2.1	233
PAY	2021	12	18	20	-0.6	-1.4	97.52	88.4	-2.92	0	0	0	1.9	231
PAY	2021	12	18	21	-2.5	-2.2	97.56	97	-3.1	0	0	0	1.1	231
PAY	2021	12	18	22	-2.5	-2.7	97.55	93.1	-3.88	0	0	0	0.5	231
PAY	2021	12	18	23	-2.9	-3	97.53	93.6	-4.18	0	0	0	1	233
PAY	2021	12	19	0	-2.3	-3	97.48	92.2	-3.86	0	0	0	1.1	272
PAY	2021	12	19	1	-2	-2.6	97.48	91.5	-3.7	0	0	0	0.4	290
PAY	2021	12	19	2	-1.7	-2.2	97.47	91.7	-3.36	0	0	0	1	305
PAY	2021	12	19	3	-1.9	-2.2	97.45	94.5	-3	0	0	0	0.2	306
PAY	2021	12	19	4	-1.4	-1.9	97.42	92.4	-2.92	0	0	0	0.2	306
PAY	2021	12	19	5	-1.6	-1.8	97.38	94.2	-2.76	0	0	0	0.3	305
PAY	2021	12	19	6	-1.4	-1.7	97.35	94.9	-2.42	0	0	0	0.2	305
PAY	2021	12	19	7	-1.2	-1.4	97.3	94.7	-2.26	0	0	0	0.6	305
PAY	2021	12	19	8	-1.3	-1.6	97.29	95.7	-2.16	2	0	47	0.6	305
PAY	2021	12	19	9	-1.3	-1.6	97.28	95.7	-2.16	17	0	26	1.5	304
PAY	2021	12	19	10	-1.4	-1.6	97.28	93.7	-2.66	37	3.437441205	36	1.7	304
PAY	2021	12	19	11	-1.6	-1.9	97.19	97.6	-2.08	50	15.02036717	45	1	304
PAY	2021	12	19	12	-1.6	-1.8	97.08	96.7	-2.26	59	21.05661508	52	1.2	304
PAY	2021	12	19	13	-1.6	-1.8	97	95	-2.6	78	0	133	1.3	303
PAY	2021	12	19	14	-1.6	-1.8	96.94	93.8	-2.84	54	0	83	1.3	303
PAY	2021	12	19	15	-1.8	-1.9	96.87	93.6	-3.08	28	76.77851533	21	0.9	302
PAY	2021	12	19	16	-2.1	-2.3	96.83	93.9	-3.32	4	0	0	1.1	300
PAY	2021	12	19	17	-2	-2.5	96.82	92.4	-3.52	0	0	0	1.4	299
PAY	2021	12	19	18	-2.3	-2.4	96.81	94.8	-3.34	0	0	0	0.6	300
PAY	2021	12	19	19	-2.2	-2.3	96.79	95.3	-3.14	0	0	0	0.8	301
PAY	2021	12	19	20	-2.3	-2.4	96.77	96.9	-2.92	0	0	0	1.1	301
PAY	2021	12	19	21	-2.7	-2.5	96.76	99.6	-2.78	0	0	0	0.9	301
PAY	2021	12	19	22	-2.3	-2.6	96.72	98.4	-2.62	0	0	0	0.5	301
PAY	2021	12	19	23	-2.6	-2.6	96.69	99.3	-2.74	0	0	0	0.8	301
PAY	2021	12	20	0	-2.7	-2.8	96.63	95.3	-3.64	0	0	0	0.9	299
PAY	2021	12	20	1	-3.5	-3.4	96.62	95.1	-4.48	0	0	0	1.3	296
PAY	2021	12	20	2	-3.8	-4	96.62	92.7	-5.26	0	0	0	1	294
PAY	2021	12	20	3	-3.9	-4.1	96.62	94.1	-5.08	0	0	0	0.8	294
PAY	2021	12	20	4	-3.6	-3.8	96.6	98.6	-3.88	0	0	0	1.6	294
PAY	2021	12	20	5	-3.3	-3.6	96.57	94.8	-4.34	0	0	0	1.6	295
PAY	2021	12	20	6	-3.2	-3.6	96.58	92.7	-4.66	0	0	0	0.7	296
PAY	2021	12	20	7	-3.1	-3.4	96.6	94.1	-4.28	0	0	0	1	297
PAY	2021	12	20	8	-2.7	-3.2	96.63	96.1	-3.48	1	0	41	0.5	298
PAY	2021	12	20	9	-2.2	-2.6	96.65	94.2	-3.36	11	0	89	2.1	299
PAY	2021	12	20	10	-1.6	-2.3	96.66	90.9	-3.42	29	0	131	2.7	299
PAY	2021	12	20	11	-1.2	-2	96.63	89.6	-3.28	57	0	59	2.2	300
PAY	2021	12	20	12	-0.5	-1.5	96.56	86.3	-3.24	74	66.18489049	52	1.8	302
PAY	2021	12	20	13	-0.3	-1.1	96.53	84.3	-3.44	66	58.6354826	49	2.2	304
PAY	2021	12	20	14	0	-1.1	96.51	83.3	-3.34	48	0	71	2.1	304
PAY	2021	12	20	15	-0.2	-1.1	96.5	84.6	-3.28	34	119.4740175	23	2.2	303
PAY	2021	12	20	16	-0.2	-1.1	96.5	84.8	-3.24	7	0	0	1.6	297
PAY	2021	12	20	17	-0.6	-1.2	96.49	86.3	-3.34	0	0	0	1.8	274
PAY	2021	12	20	18	-0.6	-1.4	96.5	85.5	-3.5	0	0	0	1.7	290
PAY	2021	12	20	19	-0.6	-1.4	96.5	86.1	-3.38	0	0	0	1	297
PAY	2021	12	20	20	-0.6	-1.3	96.47	86.8	-3.24	0	0	0	0.6	302
PAY	2021	12	20	21	-0.6	-1.6	96.47	85.1	-3.58	0	0	0	0.5	301
PAY	2021	12	20	22	-0.5	-1.5	96.46	82.4	-4.02	0	0	0	0.9	302
PAY	2021	12	20	23	-0.7	-1.6	96.46	83.3	-4.04	0	0	0	0.5	302
PAY	2021	12	21	0	-0.7	-1.6	96.43	82.7	-4.16	0	0	0	0.6	301
PAY	2021	12	21	1	-0.8	-1.7	96.42	83.2	-4.16	0	0	0	0.4	301
PAY	2021	12	21	2	-0.9	-1.7	96.43	82.4	-4.42	0	0	0	1.1	301
PAY	2021	12	21	3	-1.1	-1.9	96.41	85.8	-3.94	0	0	0	1.2	300
PAY	2021	12	21	4	-1.1	-1.9	96.4	82	-4.7	0	0	0	1.6	300
PAY	2021	12	21	5	-1.5	-2.2	96.38	85	-4.5	0	0	0	1.6	298
PAY	2021	12	21	6	-1.5	-2.4	96.4	83.1	-4.88	0	0	0	1.4	298
PAY	2021	12	21	7	-1.7	-2.5	96.41	83.1	-5.08	0	0	0	1.8	297
PAY	2021	12	21	8	-1.8	-2.7	96.44	82.1	-5.38	5	0	14	1.3	296
PAY	2021	12	21	9	-1.4	-2.6	96.45	81.7	-5.06	39	0	85	0.8	295
PAY	2021	12	21	10	-1.1	-2.4	96.45	79.5	-5.2	91	62.16214399	73	1.5	294
PAY	2021	12	21	11	-0.7	-2.1	96.45	77.1	-5.28	148	57.19107186	129	1.7	289
PAY	2021	12	21	12	-0.4	-1.7	96.38	74.8	-5.44	142	39.09857292	129	1.3	288
PAY	2021	12	21	13	-0.2	-1.7	96.36	75	-5.2	123	247.9625027	51	1.3	292
PAY	2021	12	21	14	-0.2	-1.6	96.33	76.2	-4.96	96	297.0635052	34	1.3	296
PAY	2021	12	21	15	-0.6	-1.6	96.34	79.4	-4.72	60	451.2055585	18	1.4	284
PAY	2021	12	21	16	-0.9	-1.9	96.35	80	-4.9	7	0	0	1.2	298
PAY	2021	12	21	17	-1.2	-2.1	96.38	80.9	-5.02	0	0	0	1.4	299
PAY	2021	12	21	18	-1.2	-2.1	96.42	82	-4.8	0	0	0	1.3	299
PAY	2021	12	21	19	-1.2	-2.1	96.47	82.5	-4.7	0	0	0	0.9	299
PAY	2021	12	21	20	-1.2	-2	96.5	84.4	-4.32	0	0	0	0.7	299
PAY	2021	12	21	21	-1.3	-2	96.52	85.2	-4.26	0	0	0	0.8	300
PAY	2021	12	21	22	-1.4	-2.1	96.53	86.8	-4.04	0	0	0	0.7	301
PAY	2021	12	21	23	-1.4	-1.9	96.55	89.5	-3.5	0	0	0	0.5	301
PAY	2021	12	22	0	-1.6	-2	96.54	91.5	-3.3	0	0	0	0.7	301
PAY	2021	12	22	1	-1.7	-2.1	96.54	91.7	-3.36	0	0	0	0.7	300
PAY	2021	12	22	2	-1.6	-2.2	96.55	89.5	-3.7	0	0	0	0.7	299
PAY	2021	12	22	3	-1.6	-2.2	96.55	87.4	-4.12	0	0	0	0.6	298
PAY	2021	12	22	4	-1.6	-2.3	96.56	85.9	-4.42	0	0	0	1.1	298
PAY	2021	12	22	5	-1.5	-2.3	96.55	84.2	-4.66	0	0	0	0.8	298
PAY	2021	12	22	6	-1.5	-2.3	96.56	83.6	-4.78	0	0	0	0.6	297
PAY	2021	12	22	7	-1.5	-2.4	96.58	82.4	-5.02	0	0	0	0.8	296
PAY	2021	12	22	8	-1.6	-2.5	96.63	81.9	-5.22	6	0	41	0.9	295
PAY	2021	12	22	9	-1.4	-2.5	96.66	80.2	-5.36	45	0	45	1.6	292
PAY	2021	12	22	10	-1.2	-2.5	96.67	79.4	-5.32	98	169.5068408	49	1.4	292
PAY	2021	12	22	11	-1.5	-2.5	96.64	76.7	-6.16	137	243.9198054	56	1	289
PAY	2021	12	22	12	-1	-2.4	96.58	75.1	-5.98	166	336.6300597	54	0.6	270
PAY	2021	12	22	13	-0.8	-2.1	96.52	75.1	-5.78	221	615.2681375	42	0.4	236
PAY	2021	12	22	14	-0.9	-2	96.52	75.7	-5.76	171	749.1032	14	1.2	229
PAY	2021	12	22	15	-1	-2.1	96.53	78.2	-5.36	99	880.9947829	16	1.4	240
PAY	2021	12	22	16	-1.5	-2.4	96.54	79.7	-5.56	12	0	0	1	249
PAY	2021	12	22	17	-1.7	-2.6	96.53	82.8	-5.14	0	0	0	0.4	272
PAY	2021	12	22	18	-1.3	-2.5	96.54	81.2	-5.06	0	0	0	0.7	286
PAY	2021	12	22	19	-1.6	-2.4	96.52	82.9	-5.02	0	0	0	1.6	287
PAY	2021	12	22	20	-1.7	-2.5	96.51	83.3	-5.04	0	0	0	1.7	289
PAY	2021	12	22	21	-2.1	-2.8	96.47	85.3	-5.04	0	0	0	2.2	290
PAY	2021	12	22	22	-2.4	-3	96.45	86.7	-5.06	0	0	0	1.8	292
PAY	2021	12	22	23	-2.2	-3	96.46	85.9	-5.02	0	0	0	0.5	294
PAY	2021	12	23	0	-2.1	-2.6	96.45	85.8	-4.94	0	0	0	1.5	294
PAY	2021	12	23	1	-2	-2.8	96.43	86.4	-4.72	0	0	0	0.7	291
PAY	2021	12	23	2	-1.5	-2.4	96.42	86.2	-4.26	0	0	0	1.4	292
PAY	2021	12	23	3	-1.8	-2.4	96.34	86.6	-4.48	0	0	0	1.5	296
PAY	2021	12	23	4	-2.6	-2.7	96.28	91.3	-4.34	0	0	0	2	261
PAY	2021	12	23	5	-2.6	-3.1	96.26	90.8	-4.44	0	0	0	1.1	249
PAY	2021	12	23	6	-3	-3.2	96.27	90.9	-4.82	0	0	0	1.9	257
PAY	2021	12	23	7	-3.6	-3.8	96.27	93.6	-4.88	0	0	0	1.4	240
PAY	2021	12	23	8	-3.7	-4.2	96.28	92.6	-5.18	18	0	43	0.9	227
PAY	2021	12	23	9	-2.3	-3.5	96.27	88.5	-4.6	115	150.5258605	84	0.4	229
PAY	2021	12	23	10	-0.6	-2.1	96.27	83.3	-3.94	231	443.3589839	103	0.4	229
PAY	2021	12	23	11	0.3	-1	96.18	80.7	-3.56	278	524.0043727	104	0.6	239
PAY	2021	12	23	12	1.3	-0.2	96.08	77.9	-3.12	193	204.1726229	125	1.2	311
PAY	2021	12	23	13	2.4	0.6	96.04	74.9	-2.62	155	168.0285127	106	0.9	303
PAY	2021	12	23	14	2.7	1.1	95.95	74.2	-2.46	125	218.4468217	79	1.1	306
PAY	2021	12	23	15	2.7	1.4	95.94	80.7	-1.16	24	0	25	1.6	324
PAY	2021	12	23	16	2.7	1.5	95.9	80.4	-1.22	5	0	0	1.1	323
PAY	2021	12	23	17	2.8	1.5	95.92	79.9	-1.22	0	0	0	0.8	326
PAY	2021	12	23	18	2.3	1.5	95.94	85.5	-0.6	0	0	0	0.6	321
PAY	2021	12	23	19	2	1.3	95.92	85.8	-0.84	0	0	0	0.5	316
PAY	2021	12	23	20	2.4	1.2	95.91	81.4	-1.32	0	0	0	1.3	305
PAY	2021	12	23	21	2.7	1.1	95.88	77.4	-1.82	0	0	0	1	315
PAY	2021	12	23	22	2.1	0.8	95.86	79.9	-1.92	0	0	0	0.5	300
PAY	2021	12	23	23	1.9	0.7	95.82	80.5	-2	0	0	0	0.6	307
PAY	2021	12	24	0	1.4	0.8	95.78	81	-2.4	0	0	0	0.7	292
PAY	2021	12	24	1	1.8	0.1	95.73	71.2	-3.96	0	0	0	1	262
PAY	2021	12	24	2	-0.2	-0.2	95.67	85.7	-3.06	0	0	0	1.3	268
PAY	2021	12	24	3	0.3	-0.7	95.59	80.9	-3.52	0	0	0	0.8	271
PAY	2021	12	24	4	0.3	-0.7	95.56	80.7	-3.56	0	0	0	0.7	262
PAY	2021	12	24	5	0	-0.8	95.54	81.4	-3.72	0	0	0	1	261
PAY	2021	12	24	6	0.2	-0.5	95.52	78	-4.2	0	0	0	1	265
PAY	2021	12	24	7	1.2	-0.9	95.53	70.5	-4.7	0	0	0	0.7	260
PAY	2021	12	24	8	3	0.2	95.52	65.2	-3.96	15	0	26	2.1	291
PAY	2021	12	24	9	2	0.2	95.51	74.6	-3.08	40	0	101	1.1	323
PAY	2021	12	24	10	2.8	1	95.47	79.2	-1.36	54	0	118	0.7	325
PAY	2021	12	24	11	4.3	2.2	95.4	75.4	-0.62	144	346.2127978	29	0.9	324
PAY	2021	12	24	12	5.3	3	95.33	71.5	-0.4	132	125.9298657	90	0.8	326
PAY	2021	12	24	13	7.1	4.1	95.26	64	-0.1	133	280.4115363	51	1	322
PAY	2021	12	24	14	7	4.5	95.22	70.4	1.08	88	344.844311	15	0.9	324
PAY	2021	12	24	15	7	4.7	95.2	68.9	0.78	44	320.2298077	13	1.5	328
PAY	2021	12	24	16	7.7	5	95.21	69.9	1.68	7	0	0	1.7	337
PAY	2021	12	24	17	7.8	5.6	95.18	74.3	2.66	0	0	0	3.3	339
PAY	2021	12	24	18	6.9	5.6	95.14	77.9	2.48	0	0	0	2.8	312
PAY	2021	12	24	19	6.7	4.9	95.15	76.8	2.06	0	0	0	2.7	315
PAY	2021	12	24	20	6.2	4.7	95.14	81.7	2.54	0	0	0	2.1	322
PAY	2021	12	24	21	5.6	4.8	95.12	86.2	2.84	0	0	0	1.8	318
PAY	2021	12	24	22	5.1	4.2	95.08	86.8	2.46	0	0	0	0.5	300
PAY	2021	12	24	23	4.7	3.8	95.07	87.8	2.26	0	0	0	0.9	297
PAY	2021	12	25	0	2.7	2.9	95.03	95.5	1.8	0	0	0	0.6	290
PAY	2021	12	25	1	1.9	2.3	95.01	96.8	1.26	0	0	0	0.7	270
PAY	2021	12	25	2	1.8	1.8	94.99	96.2	1.04	0	0	0	0.9	272
PAY	2021	12	25	3	1.8	1.2	94.97	95.8	0.96	0	0	0	1	267
PAY	2021	12	25	4	1.7	1.3	94.95	94.4	0.58	0	0	0	0.6	286
PAY	2021	12	25	5	2.6	1.5	94.93	92.4	1.08	0	0	0	1.3	296
PAY	2021	12	25	6	0.8	0.9	94.91	97.7	0.34	0	0	0	0.8	282
PAY	2021	12	25	7	0.4	0.5	94.92	97.4	-0.12	0	0	0	0.7	283
PAY	2021	12	25	8	1.2	0.8	94.92	95.4	0.28	7	0	27	0.4	312
PAY	2021	12	25	9	2.3	1.3	94.94	94.8	1.26	44	0	51	0.4	313
PAY	2021	12	25	10	3.3	2.3	94.96	90.9	1.48	107	173.408088	57	0.4	315
PAY	2021	12	25	11	5	3.5	94.94	87.2	2.44	192	400.1221382	59	0.6	295
PAY	2021	12	25	12	5.8	4.5	94.89	82.5	2.3	192	380.1124896	65	0.8	298
PAY	2021	12	25	13	5.8	4.6	94.86	85.7	2.94	90	122.716099	54	0.6	321
PAY	2021	12	25	14	6.1	4.9	94.84	84.6	3.02	74	117.4151825	49	0.6	326
PAY	2021	12	25	15	5.8	4.9	94.87	87.8	3.36	36	172.9934368	19	0.8	327
PAY	2021	12	25	16	4.9	4.6	94.87	93.3	3.56	12	0	0	0.6	308
PAY	2021	12	25	17	4.3	4	94.9	96.1	3.52	0	0	0	0.4	304
PAY	2021	12	25	18	3.4	3.5	94.9	97	2.8	0	0	0	0.3	304
PAY	2021	12	25	19	3.3	2.6	94.91	95.7	2.44	0	0	0	0.4	296
PAY	2021	12	25	20	3.1	2.8	94.91	95.7	2.24	0	0	0	0.7	315
PAY	2021	12	25	21	3	2.7	94.92	97.7	2.54	0	0	0	0.4	324
PAY	2021	12	25	22	3.3	3.1	94.92	97.8	2.86	0	0	0	0.5	326
PAY	2021	12	25	23	3.4	3.1	94.92	97.6	2.92	0	0	0	0.7	327
PAY	2021	12	26	0	3.3	3.1	94.92	97	2.7	0	0	0	0.4	327
PAY	2021	12	26	1	3.4	3.2	94.92	97.4	2.88	0	0	0	0.5	333
PAY	2021	12	26	2	3.6	3.4	94.95	97.6	3.12	0	0	0	1	333
PAY	2021	12	26	3	3.5	3.5	94.97	99.1	3.32	0	0	0	0.2	337
PAY	2021	12	26	4	3.8	3.7	94.96	98.4	3.48	0	0	0	0.5	336
PAY	2021	12	26	5	3.9	3.7	94.99	97.4	3.38	0	0	0	0.4	334
PAY	2021	12	26	6	4	3.8	94.98	98.4	3.68	0	0	0	0.5	332
PAY	2021	12	26	7	3.2	3.6	95	99.8	3.16	0	0	0	0.3	318
PAY	2021	12	26	8	4	3.6	95.03	98.3	3.66	5	0	26	0.3	326
PAY	2021	12	26	9	4.3	4.1	95.05	98.4	3.98	62	73.31378861	47	0.8	304
PAY	2021	12	26	10	5.3	4.7	95.07	96.4	4.58	110	194.2159875	54	0.7	317
PAY	2021	12	26	11	5.6	5.1	95.04	94.8	4.56	67	0	72	0.4	335
PAY	2021	12	26	12	5.7	5.4	95.02	96.3	4.96	65	0	72	0.4	341
PAY	2021	12	26	13	6.3	5.7	95.01	93	4.9	78	57.74168541	61	0.5	339
PAY	2021	12	26	14	6.1	5.8	95.01	96.2	5.34	61	46.67085709	51	0.7	331
PAY	2021	12	26	15	6.3	5.8	94.99	95.8	5.46	14	0	18	0.7	343
PAY	2021	12	26	16	5.7	5.8	95	98.8	5.46	12	0	0	0.6	325
PAY	2021	12	26	17	5.4	5.5	95.03	99.5	5.3	0	0	0	0.5	339
PAY	2021	12	26	18	5.8	5.5	95.02	97.2	5.24	0	0	0	0.7	334
PAY	2021	12	26	19	5.7	5.5	95.04	96.2	4.94	0	0	0	0.7	331
PAY	2021	12	26	20	5.6	5.2	95.03	95.9	4.78	0	0	0	0.5	338
PAY	2021	12	26	21	5.1	5	95.03	98.6	4.82	0	0	0	0.8	335
PAY	2021	12	26	22	4.7	4.9	95	98.6	4.42	0	0	0	0.8	306
PAY	2021	12	26	23	4.9	4.9	94.98	98.1	4.52	0	0	0	1	327
PAY	2021	12	27	0	4.7	4.7	94.98	99.3	4.56	0	0	0	0.8	320
PAY	2021	12	27	1	4.4	4.6	94.94	97.8	3.96	0	0	0	0.6	303
PAY	2021	12	27	2	3.5	3.6	94.91	99.3	3.36	0	0	0	0.4	266
PAY	2021	12	27	3	2.2	2.2	94.89	99	2	0	0	0	0.6	303
PAY	2021	12	27	4	3	2.8	94.85	97.9	2.58	0	0	0	0.8	328
PAY	2021	12	27	5	2.5	2.7	94.81	97.7	2.04	0	0	0	1	321
PAY	2021	12	27	6	2.5	2.4	94.76	97.1	1.92	0	0	0	1.4	321
PAY	2021	12	27	7	2.3	2.3	94.72	96.7	1.64	0	0	0	1.2	316
PAY	2021	12	27	8	2.5	2	94.73	96.1	1.72	8	0	28	1.8	291
PAY	2021	12	27	9	3	2.5	94.76	94.5	1.9	33	0	56	1.5	303
PAY	2021	12	27	10	3	2.8	94.73	94.8	1.96	62	0	76	1.7	305
PAY	2021	12	27	11	3.6	3	94.69	92.4	2.08	50	0	119	1.3	311
PAY	2021	12	27	12	4.7	3.7	94.67	91.1	2.92	56	0	108	1.3	325
PAY	2021	12	27	13	6.4	4.7	94.66	86.8	3.76	39	0	114	2.4	334
PAY	2021	12	27	14	6.6	5.8	94.66	89.7	4.54	29	0	76	3	341
PAY	2021	12	27	15	6.5	5.7	94.71	89.5	4.4	15	0	24	3	338
PAY	2021	12	27	16	6.6	5.7	94.78	87.9	4.18	1	0	0	3.2	335
PAY	2021	12	27	17	6.3	5.6	94.84	89.6	4.22	0	0	0	4.5	337
PAY	2021	12	27	18	6.5	5.5	94.92	85.9	3.68	0	0	0	4.9	318
PAY	2021	12	27	19	6.2	5.3	94.95	86.8	3.56	0	0	0	4.3	314
PAY	2021	12	27	20	5.5	5	94.94	88.4	3.18	0	0	0	1.9	323
PAY	2021	12	27	21	6.3	5.1	94.94	88.7	4.04	0	0	0	3.2	330
PAY	2021	12	27	22	6.4	5.5	94.93	88.7	4.14	0	0	0	3.8	329
PAY	2021	12	27	23	6.3	5.4	94.88	87.2	3.74	0	0	0	3.2	319
PAY	2021	12	28	0	5.9	5.3	94.8	89.1	3.72	0	0	0	3	317
PAY	2021	12	28	1	5.8	5	94.68	84.4	2.68	0	0	0	3.1	306
PAY	2021	12	28	2	6.4	5.1	94.64	86	3.6	0	0	0	3.1	323
PAY	2021	12	28	3	6.2	5.4	94.64	91.9	4.58	0	0	0	3.5	337
PAY	2021	12	28	4	6.6	5.7	94.66	90.4	4.68	0	0	0	3.5	341
PAY	2021	12	28	5	6.7	6	94.68	89.9	4.68	0	0	0	4.4	340
PAY	2021	12	28	6	6.9	5.9	94.68	86.3	4.16	0	0	0	4.8	338
PAY	2021	12	28	7	6.7	5.9	94.7	88.6	4.42	0	0	0	4.8	339
PAY	2021	12	28	8	7	6	94.76	88.3	4.66	4	0	43	5.7	341
PAY	2021	12	28	9	7.9	6.6	94.8	88.2	5.54	31	0	99	5.4	344
PAY	2021	12	28	10	8.9	7.3	94.83	84.4	5.78	59	0	138	6.2	345
PAY	2021	12	28	11	9.6	8	94.85	83.3	6.26	75	0	163	7.5	346
PAY	2021	12	28	12	10.6	8.5	94.85	79.4	6.48	109	0	152	8.9	338
PAY	2021	12	28	13	10.2	8.7	94.91	78.2	5.84	53	0	134	8.3	343
PAY	2021	12	28	14	9.9	8.1	94.97	76.1	5.12	37	0	81	6.4	337
PAY	2021	12	28	15	9.3	7.7	94.91	79	5.1	23	0	24	5.4	335
PAY	2021	12	28	16	7.9	7.1	95.01	82	4.3	3	0	0	6.1	340
PAY	2021	12	28	17	8.3	6.9	95.07	83.4	4.98	0	0	0	5.4	344
PAY	2021	12	28	18	7.8	6.8	95.11	83.3	4.46	0	0	0	7.2	304
PAY	2021	12	28	19	8.2	6.6	95.14	76.4	3.48	0	0	0	6.3	328
PAY	2021	12	28	20	7.3	6.1	95.16	81.3	3.56	0	0	0	6.3	326
PAY	2021	12	28	21	7.4	5.8	95.13	79.8	3.36	0	0	0	5.7	335
PAY	2021	12	28	22	8.3	6.1	95.23	73	2.9	0	0	0	6.6	303
PAY	2021	12	28	23	8.1	6.3	95.35	80.9	4.28	0	0	0	6.1	308
PAY	2021	12	29	0	6.9	6.5	95.36	93.5	5.6	0	0	0	4.6	343
PAY	2021	12	29	1	7.1	6.3	95.39	88.2	4.74	0	0	0	4.4	324
PAY	2021	12	29	2	7.6	6.2	95.49	81.1	3.82	0	0	0	4.3	326
PAY	2021	12	29	3	7.6	6	95.5	77.4	3.08	0	0	0	3.8	319
PAY	2021	12	29	4	7.2	5.8	95.53	81.4	3.48	0	0	0	3.5	320
PAY	2021	12	29	5	7.3	5.9	95.53	81.1	3.52	0	0	0	3.5	327
PAY	2021	12	29	6	8	5.9	95.6	73.9	2.78	0	0	0	3.8	332
PAY	2021	12	29	7	6.5	5.6	95.7	83.4	3.18	0	0	0	4.9	339
PAY	2021	12	29	8	5.7	5.2	95.71	93.4	4.38	1	0	42	2.3	338
PAY	2021	12	29	9	5.8	5.3	95.7	92.8	4.36	15	0	94	2.4	339
PAY	2021	12	29	10	6.1	5.4	95.68	92.2	4.54	30	0	55	2.6	340
PAY	2021	12	29	11	6.5	5.8	95.67	94	5.3	38	0	126	2.2	346
PAY	2021	12	29	12	7	6.3	95.67	93.4	5.68	57	0	150	1.8	347
PAY	2021	12	29	13	7.7	6.9	95.67	94.1	6.52	63	0	117	2.7	350
PAY	2021	12	29	14	8.7	7.6	95.66	89.5	6.6	74	0	85	3.7	348
PAY	2021	12	29	15	8.9	8.1	95.71	91.3	7.16	24	0	28	4	351
PAY	2021	12	29	16	9.2	8.5	95.8	93.5	7.9	1	0	0	3.3	357
PAY	2021	12	29	17	9.7	8.9	95.81	91.2	7.94	0	0	0	4.5	352
PAY	2021	12	29	18	10.1	9.2	95.86	91.4	8.38	0	0	0	4.8	358
PAY	2021	12	29	19	10.9	9.7	95.95	88.5	8.6	0	0	0	4.7	359
PAY	2021	12	29	20	10.9	10.2	96.06	92.4	9.38	0	0	0	4.8	360
PAY	2021	12	29	21	11.1	10.3	96.13	90.8	9.26	0	0	0	4.4	354
PAY	2021	12	29	22	11.5	10.5	96.22	88	9.1	0	0	0	4.7	358
PAY	2021	12	29	23	11.9	10.4	96.29	85.3	8.96	0	0	0	4	354
PAY	2021	12	30	0	11.9	10.6	96.31	85.7	9.04	0	0	0	3.8	359
PAY	2021	12	30	1	11.8	10.6	96.34	86.1	9.02	0	0	0	3.1	357
PAY	2021	12	30	2	11.7	10.6	96.39	86.8	9.06	0	0	0	3.7	344
PAY	2021	12	30	3	11.9	10.6	96.39	85.1	8.92	0	0	0	3.7	357
PAY	2021	12	30	4	11.6	10.6	96.43	86.7	8.94	0	0	0	3.6	359
PAY	2021	12	30	5	11.5	10.4	96.47	86.5	8.8	0	0	0	3.1	359
PAY	2021	12	30	6	11.5	10.3	96.51	86.4	8.78	0	0	0	2.3	363
PAY	2021	12	30	7	10.9	10.2	96.58	89.1	8.72	0	0	0	1.7	363
PAY	2021	12	30	8	11.1	10.1	96.63	90.9	9.28	3	0	43	1.3	364
PAY	2021	12	30	9	10.6	10.4	96.68	96	9.8	28	0	95	0.8	368
PAY	2021	12	30	10	11.1	10.2	96.7	96.4	10.38	110	0	119	0.6	359
PAY	2021	12	30	11	11.3	10.6	96.68	94.6	10.22	148	241.4713726	67	0.5	337
PAY	2021	12	30	12	13.2	11.6	96.64	88.1	10.82	290	386.4999029	159	0.8	310
PAY	2021	12	30	13	14.6	12.5	96.6	80.4	10.68	329	693.7087574	121	0.9	315
PAY	2021	12	30	14	15.5	12.5	96.58	71.2	9.74	235	679.3403696	85	1.5	304
PAY	2021	12	30	15	14.9	12.5	96.62	76.6	10.22	139	1000	30	1.6	303
PAY	2021	12	30	16	12.2	11.7	96.68	90.4	10.28	31	0	0	1	313
PAY	2021	12	30	17	10.3	10.4	96.7	96.5	9.6	0	0	0	0.5	309
PAY	2021	12	30	18	9.4	9.5	96.72	96.5	8.7	0	0	0	0.3	304
PAY	2021	12	30	19	7.5	8.6	96.75	98.9	7.28	0	0	0	0.7	286
PAY	2021	12	30	20	7.8	7.6	96.75	98.4	7.48	0	0	0	0.4	284
PAY	2021	12	30	21	6.8	7.4	96.78	99.6	6.72	0	0	0	0.8	313
PAY	2021	12	30	22	6.1	6.2	96.8	98.2	5.74	0	0	0	1.6	276
PAY	2021	12	30	23	5.2	5.4	96.84	98.1	4.82	0	0	0	1.3	274
PAY	2021	12	31	0	4.2	4.7	96.81	99.1	4.02	0	0	0	0.7	270
PAY	2021	12	31	1	3.8	4	96.82	99.6	3.72	0	0	0	0.5	265
PAY	2021	12	31	2	5.5	5.1	96.83	97.9	5.08	0	0	0	1.7	286
PAY	2021	12	31	3	5.2	5.4	96.81	99.3	5.06	0	0	0	2	319
PAY	2021	12	31	4	5.7	5.2	96.76	96.1	4.92	0	0	0	1.8	319
PAY	2021	12	31	5	6.4	6	96.77	96.6	5.72	0	0	0	1.6	320
PAY	2021	12	31	6	6.5	6.2	96.79	96.8	5.86	0	0	0	1.1	329
PAY	2021	12	31	7	6.3	6.3	96.79	97	5.7	0	0	0	1.3	332
PAY	2021	12	31	8	5.9	5.8	96.83	97.5	5.4	11	0	39	1.8	315
PAY	2021	12	31	9	5.8	5.6	96.87	97.3	5.26	71	0	95	1.6	294
PAY	2021	12	31	10	6.8	5.9	96.91	92.7	5.34	229	537.5391172	73	1.5	261
PAY	2021	12	31	11	9	7.3	96.86	86	6.2	316	686.6271131	85	0.7	265
PAY	2021	12	31	12	10	8.2	96.78	81.2	6.24	346	852.2549697	56	0.8	270
PAY	2021	12	31	13	10.9	8.8	96.81	77.9	6.48	325	789.4131761	87	0.9	273
PAY	2021	12	31	14	11	9.4	96.84	80.7	7.14	255	790.2387945	79	1.6	276
PAY	2021	12	31	15	10.4	9.3	96.82	84.1	7.22	149	1000	25	1.5	275
PAY	2021	12	31	16	7.8	8.2	96.85	93.4	6.48	32	0	0	1.4	272
PAY	2021	12	31	17	7.2	6.8	96.85	93.4	5.88	0	0	0	0.8	268
PAY	2021	12	31	18	5.3	5.9	96.92	97.8	4.86	0	0	0	0.4	266
PAY	2021	12	31	19	4.8	5.3	96.99	96.4	4.08	0	0	0	0.9	268
PAY	2021	12	31	20	4.9	4	97.04	94.1	3.72	0	0	0	1.1	264
PAY	2021	12	31	21	4.2	4	97.05	96.2	3.44	0	0	0	0.8	262
PAY	2021	12	31	22	2.3	3.1	97.08	98.5	2	0	0	0	0.9	258
PAY	2021	12	31	23	2.4	2.9	97.07	92	0.8	0	0	0	0.7	259
