stn	time.yy	time.mm	time.dd	time.hh	str.diffus	wetbulb	gls	prestahs	tre200h0	ure200h0	fkl010h0	dkl010h0	dni
PAY	2021	1	1	0	0	-0.2	0	947.7	-0.2	99.7	0.6	149	0
PAY	2021	1	1	1	0	-0.3	0	947.7	-0.2	99.3	0.5	117	0
PAY	2021	1	1	2	0	-0.2	0	947.9	-0.3	100	1	107	0
PAY	2021	1	1	3	0	-0.2	0	948	-0.2	100	0.2	117	0
PAY	2021	1	1	4	0	-0.2	0	948.1	-0.3	100	0.3	108	0
PAY	2021	1	1	5	0	-0.3	0	948.2	-0.3	100	0.1	90	0
PAY	2021	1	1	6	0	0	0	948.5	0	98.1	1	229	0
PAY	2021	1	1	7	0	-0.2	0	948.8	-0.2	99.3	0.6	135	0
PAY	2021	1	1	8	0	-0.3	5	949.3	-0.4	99.6	0.5	121	58.11106373
PAY	2021	1	1	9	0	-0.1	72	949.5	0.2	98.1	0.5	117	350.7421243
PAY	2021	1	1	10	0	0.2	141	949.7	0.5	96.9	1	101	484.2712061
PAY	2021	1	1	11	0	0.5	170	949.5	0.8	96.4	1.2	37	503.2058565
PAY	2021	1	1	12	0	0.7	194	949.1	1	95.8	1.9	354	567.0447098
PAY	2021	1	1	13	0	0.9	172	948.9	1.3	94.1	2.3	31	566.2740447
PAY	2021	1	1	14	0	0.9	108	949	1.3	95	2.1	3	479.3723089
PAY	2021	1	1	15	0	1	57	949.2	1.3	93.7	1.7	43	508.3248555
PAY	2021	1	1	16	0	0.9	10	949.6	1.1	95	1.5	42	0
PAY	2021	1	1	17	0	0.6	0	949.8	1.4	84.4	2	30	0
PAY	2021	1	1	18	0	0.4	0	949.9	1.4	83.3	3.3	40	0
PAY	2021	1	1	19	0	0.3	0	950.1	0.9	87.8	3	37	0
PAY	2021	1	1	20	0	0.2	0	950.5	0.9	88.2	2.7	25	0
PAY	2021	1	1	21	0	0.2	0	950.6	0.9	89.3	2.5	23	0
PAY	2021	1	1	22	0	0	0	950.8	0.6	90.5	1.4	63	0
PAY	2021	1	1	23	0	0.1	0	950.8	0.5	92.3	1.2	75	0
PAY	2021	1	2	0	0	0.1	0	951	0.5	91.6	1.5	65	0
PAY	2021	1	2	1	0	0.1	0	951	0.9	86.2	2.3	41	0
PAY	2021	1	2	2	0	0.2	0	950.9	1	85.6	3.3	38	0
PAY	2021	1	2	3	0	0.2	0	950.7	0.7	89.5	3.1	34	0
PAY	2021	1	2	4	0	0.2	0	950.5	0.8	89	3.2	42	0
PAY	2021	1	2	5	0	0.2	0	950.4	0.8	88.8	3.5	43	0
PAY	2021	1	2	6	0	0.3	0	950.4	1	87.7	3.6	40	0
PAY	2021	1	2	7	0	0.2	0	950.3	1	86	4	42	0
PAY	2021	1	2	8	0	0.1	1	950.4	1.1	83.5	4.3	42	11.58920421
PAY	2021	1	2	9	0	0.2	15	950.4	1.1	85.2	4.6	40	72.87296891
PAY	2021	1	2	10	0	0.2	25	950.5	1.1	84.7	4.7	41	85.59750507
PAY	2021	1	2	11	0	0.1	39	950.2	1.2	81.9	5.5	42	115.0117433
PAY	2021	1	2	12	0	0.3	75	949.7	1.2	82.7	5.4	44	218.1954514
PAY	2021	1	2	13	0	0.2	39	949.6	1.3	81.7	5.2	45	127.5978341
PAY	2021	1	2	14	0	0.2	29	949.8	1	84.4	5.9	46	127.5015047
PAY	2021	1	2	15	0	0.1	14	950.1	0.7	87.9	5.5	47	122.3162559
PAY	2021	1	2	16	0	0	3	950	0.7	86.5	4.7	44	0
PAY	2021	1	2	17	0	-0.2	0	949.9	0.5	86.9	4.6	42	0
PAY	2021	1	2	18	0	-0.3	0	950	0.5	84.4	4.4	43	0
PAY	2021	1	2	19	0	-0.4	0	950.2	0.5	83.9	4.1	46	0
PAY	2021	1	2	20	0	-0.5	0	950.5	0.6	79.8	3.7	53	0
PAY	2021	1	2	21	0	-0.6	0	950.6	0.2	86	3.5	52	0
PAY	2021	1	2	22	0	-0.7	0	950.6	0.1	86.3	3.4	52	0
PAY	2021	1	2	23	0	-0.8	0	950.5	-0.2	88.4	2.9	48	0
PAY	2021	1	3	0	0	-0.8	0	950.5	-0.2	89	2.1	43	0
PAY	2021	1	3	1	0	-0.7	0	950.5	-0.4	93.1	2.4	59	0
PAY	2021	1	3	2	0	-0.8	0	950.6	-0.2	89.3	3	44	0
PAY	2021	1	3	3	0	-0.9	0	950.5	-0.3	89.3	3	49	0
PAY	2021	1	3	4	0	-1	0	950.4	-0.2	86.4	1.6	67	0
PAY	2021	1	3	5	0	-1	0	950.6	-0.3	86.7	1.6	60	0
PAY	2021	1	3	6	0	-1	0	950.7	-0.1	84.3	2.2	65	0
PAY	2021	1	3	7	0	-1	0	950.9	-0.3	86.4	2.1	67	0
PAY	2021	1	3	8	0	-1.1	4	951.3	-0.3	86	1.8	62	46.1619426
PAY	2021	1	3	9	0	-1.1	38	951.5	-0.1	83.5	1.6	43	184.002606
PAY	2021	1	3	10	0	-0.8	69	951.8	0.3	81.5	2.1	53	235.4196331
PAY	2021	1	3	11	0	-0.7	83	951.7	0.5	80.3	2.2	55	243.7734269
PAY	2021	1	3	12	0	-0.7	104	951.6	0.6	76.7	2.4	45	301.0555292
PAY	2021	1	3	13	0	-0.5	121	951.6	1	77.3	2.4	49	393.2796292
PAY	2021	1	3	14	0	-0.4	103	951.8	1.1	77.2	2	55	448.3950474
PAY	2021	1	3	15	0	-0.4	73	952	0.9	76.4	1.8	38	624.5741148
PAY	2021	1	3	16	0	-0.5	16	952.2	0.4	83.4	1.5	32	0
PAY	2021	1	3	17	0	-0.7	0	952.4	0	85.8	1.3	29	0
PAY	2021	1	3	18	0	-0.9	0	952.6	-0.4	90.2	0.9	41	0
PAY	2021	1	3	19	0	-1.1	0	952.9	-0.8	92.1	0.7	39	0
PAY	2021	1	3	20	0	-1.5	0	952.9	-1.3	92.5	1.1	38	0
PAY	2021	1	3	21	0	-1.6	0	953.2	-0.9	89.5	1.2	37	0
PAY	2021	1	3	22	0	-2.2	0	953.3	-2.1	94.6	1.2	312	0
PAY	2021	1	3	23	0	-2.8	0	953.2	-2.5	94.1	1.1	346	0
PAY	2021	1	4	0	0	-2.6	0	953.1	-2.4	94.1	1.2	75	0
PAY	2021	1	4	1	0	-2.3	0	952.9	-1.7	92.6	1.1	63	0
PAY	2021	1	4	2	0	-1.9	0	953.1	-1.4	92.2	0.7	51	0
PAY	2021	1	4	3	0	-1.8	0	953	-1.3	90	1	58	0
PAY	2021	1	4	4	0	-1.7	0	952.7	-1.1	90	1.3	58	0
PAY	2021	1	4	5	0	-1.6	0	952.6	-1.1	88.8	1.4	32	0
PAY	2021	1	4	6	0	-1.8	0	952.7	-1.1	84.3	1.8	62	0
PAY	2021	1	4	7	0	-2	0	952.8	-1.2	84.3	2.7	70	0
PAY	2021	1	4	8	0	-2	2	952.9	-1.2	87.3	2.2	73	22.952851
PAY	2021	1	4	9	0	-1.9	8	953	-1.2	85	2.7	48	38.58723031
PAY	2021	1	4	10	0	-2.1	22	952.9	-1.2	83.3	3.5	60	74.76737478
PAY	2021	1	4	11	0	-2	28	952.1	-1	83	3.2	58	81.87467206
PAY	2021	1	4	12	0	-1.9	23	951.5	-0.7	81.4	3.3	70	66.22672002
PAY	2021	1	4	13	0	-1.7	41	950.8	-0.6	80.5	3.9	67	132.3423367
PAY	2021	1	4	14	0	-1.6	19	950.6	-0.4	78.9	3.1	55	81.87084418
PAY	2021	1	4	15	0	-1.4	5	950.5	-0.2	78.1	3.5	50	41.87663888
PAY	2021	1	4	16	0	-1.4	0	950.5	-0.2	78.4	4.4	41	0
PAY	2021	1	4	17	0	-1.5	0	950.4	-0.3	78	4.5	38	0
PAY	2021	1	4	18	0	-1.5	0	950.4	-0.3	78.8	4.4	38	0
PAY	2021	1	4	19	0	-1.5	0	950.6	-0.3	78.5	4	41	0
PAY	2021	1	4	20	0	-1.5	0	950.5	-0.4	79.3	3.9	37	0
PAY	2021	1	4	21	0	-1.6	0	950.7	-0.4	78.4	3.7	36	0
PAY	2021	1	4	22	0	-1.6	0	950.8	-0.6	81.5	2.2	41	0
PAY	2021	1	4	23	0	-1.7	0	950.9	-0.7	81.8	2.1	37	0
PAY	2021	1	5	0	0	-1.7	0	951.1	-0.8	83.4	1.6	38	0
PAY	2021	1	5	1	0	-1.7	0	951.6	-0.8	80.9	2	27	0
PAY	2021	1	5	2	0	-1.6	0	952.1	-0.6	84.9	1.2	75	0
PAY	2021	1	5	3	0	-1.6	0	952.1	-0.9	88.1	0.8	97	0
PAY	2021	1	5	4	0	-1.7	0	952.2	-0.9	85.3	0.8	97	0
PAY	2021	1	5	5	0	-1.7	0	952	-1	89.1	0.9	96	0
PAY	2021	1	5	6	0	-1.7	0	952.2	-1	86.7	1	54	0
PAY	2021	1	5	7	0	-1.6	0	952.3	-1	87.7	1.3	45	0
PAY	2021	1	5	8	0	-1.6	3	952.7	-0.9	85.4	1.8	29	34.19254777
PAY	2021	1	5	9	0	-1.6	20	952.6	-0.8	86.5	2.3	34	96.03910737
PAY	2021	1	5	10	0	-1.5	36	952.8	-0.6	85.1	2.3	49	121.8186855
PAY	2021	1	5	11	0	-1.3	46	952.6	-0.5	84.3	1.8	45	133.8714995
PAY	2021	1	5	12	0	-1.3	65	952.3	-0.4	83.5	2.2	37	186.1134222
PAY	2021	1	5	13	0	-1.3	60	951.8	-0.3	83.4	2.3	32	192.2787287
PAY	2021	1	5	14	0	-1.2	39	951.9	-0.2	80.8	2.3	38	166.282261
PAY	2021	1	5	15	0	-1.3	18	952.3	-0.4	84.6	2.4	45	147.5266122
PAY	2021	1	5	16	0	-1.3	3	952.5	-0.5	86.2	1.8	52	0
PAY	2021	1	5	17	0	-1.4	0	952.6	-0.5	83.9	1.9	41	0
PAY	2021	1	5	18	0	-1.4	0	952.6	-0.5	82.8	2.3	34	0
PAY	2021	1	5	19	0	-1.5	0	952.5	-0.6	82.8	2.3	36	0
PAY	2021	1	5	20	0	-1.5	0	952.7	-0.7	83.3	2.6	39	0
PAY	2021	1	5	21	0	-1.8	0	952.8	-0.9	79.3	2.7	39	0
PAY	2021	1	5	22	0	-2	0	952.9	-1	80.3	2.9	48	0
PAY	2021	1	5	23	0	-2.2	0	952.9	-1.2	79.5	2.7	58	0
PAY	2021	1	6	0	0	-2.2	0	952.9	-1.3	82.1	1.9	47	0
PAY	2021	1	6	1	0	-2.2	0	953	-1.3	81.6	1.5	54	0
PAY	2021	1	6	2	0	-2.3	0	953.5	-1.3	80.5	2	35	0
PAY	2021	1	6	3	0	-2.4	0	953.6	-1.2	77.2	1.8	36	0
PAY	2021	1	6	4	0	-2.5	0	953.4	-1.1	73.6	1	45	0
PAY	2021	1	6	5	0	-2.3	0	953.4	-1.3	81.1	1.5	121	0
PAY	2021	1	6	6	0	-2.3	0	953.5	-1.4	81.4	2.1	188	0
PAY	2021	1	6	7	0	-2.3	0	953.9	-1.4	83.6	1.8	196	0
PAY	2021	1	6	8	0	-2.2	8	954.4	-1.4	82.9	1.7	194	90.43490471
PAY	2021	1	6	9	0	-2.1	35	954.9	-1	81.8	2.3	200	167.2266956
PAY	2021	1	6	10	0	-1.9	53	955.5	-0.6	75.2	1.8	216	178.500041
PAY	2021	1	6	11	0	-1.7	76	955.4	-0.2	75.3	1.7	201	220.0600587
PAY	2021	1	6	12	0	-1.6	102	955	0.1	68.9	2.2	198	290.3313109
PAY	2021	1	6	13	0	-1.4	104	954.8	0.3	68.2	1.8	225	330.7877615
PAY	2021	1	6	14	0	-1.5	85	955.1	0.4	65.3	1.7	234	358.4819381
PAY	2021	1	6	15	0	-1.4	51	955.3	0.4	66.8	1.4	240	408.9200311
PAY	2021	1	6	16	0	-1.3	13	955.5	0.1	73.5	1.1	191	0
PAY	2021	1	6	17	0	-1.5	0	955.9	0.2	69.4	1.3	203	0
PAY	2021	1	6	18	0	-1.5	0	956.2	-0.1	73.3	1.5	188	0
PAY	2021	1	6	19	0	-1.5	0	956.4	-0.3	77.1	1.5	205	0
PAY	2021	1	6	20	0	-1.4	0	956.7	-0.3	78	1.8	196	0
PAY	2021	1	6	21	0	-1.5	0	956.8	-0.5	81.4	1.8	196	0
PAY	2021	1	6	22	0	-1.6	0	956.9	-0.5	78.7	1.1	158	0
PAY	2021	1	6	23	0	-1.7	0	956.8	-0.7	81.8	1	174	0
PAY	2021	1	7	0	0	-1.7	0	957	-0.8	81.9	1.9	193	0
PAY	2021	1	7	1	0	-1.8	0	957.1	-0.8	81.9	2.3	195	0
PAY	2021	1	7	2	0	-1.8	0	957.1	-0.7	79.8	2.3	195	0
PAY	2021	1	7	3	0	-1.9	0	957	-1	83.5	1.5	188	0
PAY	2021	1	7	4	0	-1.9	0	956.6	-0.8	79.3	2.1	189	0
PAY	2021	1	7	5	0	-1.9	0	956.6	-1.2	83.8	1.6	184	0
PAY	2021	1	7	6	0	-2.1	0	956.3	-1.4	86.7	1	169	0
PAY	2021	1	7	7	0	-2.2	0	956.5	-1.2	80.2	0.9	153	0
PAY	2021	1	7	8	0	-2.1	13	956.7	-1	79	0.6	153	145.5697821
PAY	2021	1	7	9	0	-2.1	77	957	-0.6	75.1	1.1	127	365.8532016
PAY	2021	1	7	10	0	-1.7	160	957	0.6	71.2	0.9	111	536.1247075
PAY	2021	1	7	11	0	-0.8	393	956.6	1.6	68.7	1.3	85	1000
PAY	2021	1	7	12	0	-0.4	343	956.1	1.5	69.3	2	353	970.2674165
PAY	2021	1	7	13	0	-0.3	335	955.7	1.7	67.7	1.6	24	1000
PAY	2021	1	7	14	0	-0.1	267	955.6	2.1	66.1	1.4	18	1000
PAY	2021	1	7	15	0	-0.2	167	955.7	1.9	62.8	1.5	49	1000
PAY	2021	1	7	16	0	-0.5	48	956	1.6	64.1	1.1	45	0
PAY	2021	1	7	17	0	-0.8	0	956.3	0	78	1	34	0
PAY	2021	1	7	18	0	-1.8	0	956.5	-1.2	81.4	1.3	191	0
PAY	2021	1	7	19	0	-2.3	0	956.8	-1.5	83.7	2.3	198	0
PAY	2021	1	7	20	0	-2.2	0	956.9	-1.1	80.8	2.4	208	0
PAY	2021	1	7	21	0	-2.2	0	957	-1.4	84.6	2.8	193	0
PAY	2021	1	7	22	0	-2.1	0	957	-1.2	83.8	2	201	0
PAY	2021	1	7	23	0	-2.2	0	957	-1.5	85.6	1.8	193	0
PAY	2021	1	8	0	0	-2.2	0	957	-1.3	79.7	2.1	200	0
PAY	2021	1	8	1	0	-2.4	0	956.9	-1.4	82.5	2.9	192	0
PAY	2021	1	8	2	0	-2.4	0	957.3	-1.4	79.3	2.5	187	0
PAY	2021	1	8	3	0	-2.4	0	957.4	-1.4	75.7	2.3	183	0
PAY	2021	1	8	4	0	-2.9	0	957.2	-1.8	78.2	2.5	192	0
PAY	2021	1	8	5	0	-3.2	0	956.9	-2.3	78.1	2.2	198	0
PAY	2021	1	8	6	0	-3.3	0	957.1	-2.2	78.8	2	192	0
PAY	2021	1	8	7	0	-3.3	0	957.4	-2.3	76.7	1.7	190	0
PAY	2021	1	8	8	0	-3.6	10	957.7	-2.6	75.4	1.2	158	110.7825103
PAY	2021	1	8	9	0	-3.6	105	958.3	-1.8	72.5	1.1	95	495.8471083
PAY	2021	1	8	10	0	-2.6	227	958.4	-0.5	65.9	1	164	756.4686889
PAY	2021	1	8	11	0	-1.7	329	958.1	0.9	65.8	1.3	77	942.1224312
PAY	2021	1	8	12	0	-1.1	362	957.4	1.2	63.8	1.7	8	1000
PAY	2021	1	8	13	0	-0.6	344	957.1	1.9	61.9	2.1	29	1000
PAY	2021	1	8	14	0	-0.5	276	957.1	2.2	57.7	2.5	47	1000
PAY	2021	1	8	15	0	-0.6	169	957.2	1.9	57.1	2.1	51	1000
PAY	2021	1	8	16	0	-1	43	957.5	-0.2	71.8	1.8	50	0
PAY	2021	1	8	17	0	-2	0	957.7	-0.3	67	1.7	69	0
PAY	2021	1	8	18	0	-2.4	0	957.9	-1.2	72.8	2.4	58	0
PAY	2021	1	8	19	0	-2.8	0	958.3	-1.6	73.4	1.9	45	0
PAY	2021	1	8	20	0	-3	0	958.4	-1.9	76.4	2.2	31	0
PAY	2021	1	8	21	0	-3.1	0	958.8	-1.8	74.3	2.6	34	0
PAY	2021	1	8	22	0	-3.9	0	958.8	-3.4	81.9	1.6	58	0
PAY	2021	1	8	23	0	-4.5	0	958.7	-3.9	83.9	1.9	62	0
PAY	2021	1	9	0	0	-4.8	0	958.6	-3.9	82.6	1.9	65	0
PAY	2021	1	9	1	0	-5.1	0	958.5	-4.9	87.2	1.9	65	0
PAY	2021	1	9	2	0	-4.9	0	958.7	-3.6	83.8	2.4	43	0
PAY	2021	1	9	3	0	-4.7	0	958.6	-4.2	85.7	2.3	47	0
PAY	2021	1	9	4	0	-4.9	0	958.6	-4.8	89.3	1.8	52	0
PAY	2021	1	9	5	0	-5	0	958.3	-4.7	90.1	2.4	45	0
PAY	2021	1	9	6	0	-4.7	0	958.3	-4.1	86.6	3.3	34	0
PAY	2021	1	9	7	0	-4.6	0	958.7	-3.8	81	3.9	28	0
PAY	2021	1	9	8	0	-4.8	13	959	-4	81.7	3.5	40	142.310505
PAY	2021	1	9	9	0	-4.3	98	959.3	-3	78.4	3.7	42	459.7225386
PAY	2021	1	9	10	0	-3.6	208	959.4	-2.3	75.4	4.3	36	689.1080756
PAY	2021	1	9	11	0	-2.8	318	958.7	-0.9	69.6	4.7	39	905.1743138
PAY	2021	1	9	12	0	-2.4	308	958.2	-0.7	69.1	5	33	859.7935443
PAY	2021	1	9	13	0	-2.1	283	957.8	-0.6	73.1	5.4	42	878.5935101
PAY	2021	1	9	14	0	-2.1	197	957.8	-0.6	69	5.8	44	802.7190553
PAY	2021	1	9	15	0	-2.3	105	958.1	-0.8	71.4	6.2	46	787.2148265
PAY	2021	1	9	16	0	-2.4	34	958.3	-0.9	70.8	6.1	46	0
PAY	2021	1	9	17	0	-2.4	0	958.7	-0.7	69.9	6.7	46	0
PAY	2021	1	9	18	0	-2.3	0	959	-0.7	72.1	6.4	42	0
PAY	2021	1	9	19	0	-2.3	0	959.2	-0.7	70.9	6.5	37	0
PAY	2021	1	9	20	0	-2.4	0	959.1	-0.9	72.3	7.4	38	0
PAY	2021	1	9	21	0	-2.5	0	959.2	-1.1	73	7.1	40	0
PAY	2021	1	9	22	0	-2.6	0	959.3	-1.2	73.6	7	40	0
PAY	2021	1	9	23	0	-2.6	0	959.2	-1.3	73.9	7.4	39	0
PAY	2021	1	10	0	0	-2.7	0	959.4	-1.4	74.1	7.1	39	0
PAY	2021	1	10	1	0	-2.9	0	959.5	-1.5	72.5	6.8	39	0
PAY	2021	1	10	2	0	-3	0	959.8	-1.6	70.6	6.4	41	0
PAY	2021	1	10	3	0	-3.1	0	959.5	-1.6	70.9	6.2	39	0
PAY	2021	1	10	4	0	-3.2	0	959.3	-1.7	70.3	6.3	40	0
PAY	2021	1	10	5	0	-3.3	0	959.2	-1.8	70.3	6.4	40	0
PAY	2021	1	10	6	0	-3.4	0	959.1	-2	72	6.4	40	0
PAY	2021	1	10	7	0	-3.5	0	959.3	-2	69	6.4	39	0
PAY	2021	1	10	8	0	-3.6	7	959.3	-2	68.9	6.1	46	75.63317754
PAY	2021	1	10	9	0	-3.5	56	959.6	-1.8	70.1	6.3	46	260.821497
PAY	2021	1	10	10	0	-3.2	168	959.9	-1.1	67.6	6.4	55	553.1409831
PAY	2021	1	10	11	0	-2.7	436	959.8	-0.3	62.8	6.5	42	1000
PAY	2021	1	10	12	0	-3.1	361	959.1	-1.1	63.2	7.4	41	1000
PAY	2021	1	10	13	0	-2.7	359	958.7	-0.5	60.2	7.2	50	1000
PAY	2021	1	10	14	0	-2.6	288	958.8	-0.3	59	7.3	52	1000
PAY	2021	1	10	15	0	-2.7	175	959.3	-0.6	60.8	7.3	50	1000
PAY	2021	1	10	16	0	-3	46	959.9	-1.3	64	7.5	58	0
PAY	2021	1	10	17	0	-3.4	0	960.3	-1.9	67.6	5	45	0
PAY	2021	1	10	18	0	-3.6	0	960.6	-2.1	67.3	5.6	50	0
PAY	2021	1	10	19	0	-4	0	961.2	-2.9	74.5	4.5	38	0
PAY	2021	1	10	20	0	-4.1	0	961.2	-2.9	72.4	4.9	38	0
PAY	2021	1	10	21	0	-4.4	0	961.6	-3.4	74.6	3.4	38	0
PAY	2021	1	10	22	0	-4.2	0	961.8	-2.5	68.5	4.2	42	0
PAY	2021	1	10	23	0	-4	0	961.9	-2.5	69.1	4.4	40	0
PAY	2021	1	11	0	0	-4	0	961.8	-2.7	70.5	4.6	37	0
PAY	2021	1	11	1	0	-4.1	0	961.9	-2.8	70.5	4.3	37	0
PAY	2021	1	11	2	0	-4.3	0	962.3	-2.8	70.2	3.7	40	0
PAY	2021	1	11	3	0	-4.3	0	962.4	-2.9	70.1	3.4	41	0
PAY	2021	1	11	4	0	-4.4	0	962.3	-3	70.8	3	38	0
PAY	2021	1	11	5	0	-4.5	0	962.4	-3.1	70.7	2.8	37	0
PAY	2021	1	11	6	0	-4.8	0	962.8	-3.6	69.9	1.6	74	0
PAY	2021	1	11	7	0	-4.9	0	963.2	-3.5	72.3	1.7	86	0
PAY	2021	1	11	8	0	-4.9	4	963.7	-3.7	71.5	2.1	68	42.61023462
PAY	2021	1	11	9	0	-5	30	964.1	-3.6	70	1.9	87	138.6572345
PAY	2021	1	11	10	0	-4.9	80	964.6	-3.5	69.6	2.3	92	261.6778348
PAY	2021	1	11	11	0	-4.8	141	964.3	-3.1	68	2.6	83	396.2180136
PAY	2021	1	11	12	0	-4.6	264	963.4	-2.7	65.9	2.2	84	726.5078226
PAY	2021	1	11	13	0	-4.1	387	962.8	-2.3	64.8	1.8	66	1000
PAY	2021	1	11	14	0	-3.9	283	962.8	-2.1	64.4	1.5	85	1000
PAY	2021	1	11	15	0	-3.8	172	963	-1.9	63.2	1.6	77	1000
PAY	2021	1	11	16	0	-3.9	46	963.3	-2.5	66.4	1.6	67	0
PAY	2021	1	11	17	0	-4.8	0	963.4	-4.1	76.6	1.1	84	0
PAY	2021	1	11	18	0	-5.5	0	964	-5.2	81	1	172	0
PAY	2021	1	11	19	0	-5.9	0	964.2	-5.2	79.8	2.6	198	0
PAY	2021	1	11	20	0	-6.6	0	964.2	-6.1	82.6	2.9	200	0
PAY	2021	1	11	21	0	-7	0	964.2	-5.8	78.1	3.3	198	0
PAY	2021	1	11	22	0	-7.1	0	964.3	-6.6	82.1	3.3	202	0
PAY	2021	1	11	23	0	-7.4	0	964.3	-6.8	80.3	3.2	205	0
PAY	2021	1	12	0	0	-6.9	0	964.3	-6.2	79.5	3.7	195	0
PAY	2021	1	12	1	0	-7.2	0	964.6	-6.1	84.2	2.5	199	0
PAY	2021	1	12	2	0	-6.5	0	964.7	-5.4	83.2	2.8	208	0
PAY	2021	1	12	3	0	-5.2	0	964.4	-3.7	82.3	4.1	205	0
PAY	2021	1	12	4	0	-4.4	0	964	-3.3	81.7	4.3	213	0
PAY	2021	1	12	5	0	-3.9	0	963.9	-2.7	81.4	5.2	216	0
PAY	2021	1	12	6	0	-3.4	0	963.5	-2.2	79.8	4.5	214	0
PAY	2021	1	12	7	0	-3.2	0	963.5	-2.1	80.5	4.8	222	0
PAY	2021	1	12	8	0	-2.9	2	963.4	-1.6	77.9	4.4	233	20.98284178
PAY	2021	1	12	9	0	-2.5	13	963.6	-1.1	77.6	4.7	245	59.59599213
PAY	2021	1	12	10	0	-2.1	40	963.1	-0.3	75.1	3.7	242	129.9390072
PAY	2021	1	12	11	0	-1.3	90	962.6	0.3	72.8	4.7	242	251.178244
PAY	2021	1	12	12	0	-1.1	118	961.3	0.6	75.3	6.3	230	322.2966717
PAY	2021	1	12	13	0	-0.7	83	960.5	0.2	85.9	6.5	230	250.9530736
PAY	2021	1	12	14	0	-0.5	39	960	0.1	93.3	7.2	220	153.1972872
PAY	2021	1	12	15	0	-0.1	17	959.7	0.3	94.7	6.8	216	119.0338802
PAY	2021	1	12	16	0	0.1	7	959.6	0.4	94.9	6.7	216	0
PAY	2021	1	12	17	0	0.3	0	959.4	0.7	94.2	6.6	214	0
PAY	2021	1	12	18	0	0.5	0	959.5	1.1	91.7	6.3	214	0
PAY	2021	1	12	19	0	0.6	0	959.6	1.3	91.1	6	220	0
PAY	2021	1	12	20	0	0.9	0	959.7	1.3	92.5	6	221	0
PAY	2021	1	12	21	0	1	0	959.7	1.6	91.6	6.2	220	0
PAY	2021	1	12	22	0	1.2	0	960	1.7	90.6	5.9	223	0
PAY	2021	1	12	23	0	1.4	0	960.2	2	89.9	5.9	220	0
PAY	2021	1	13	0	0	1.4	0	960.6	2	89.7	5.5	223	0
PAY	2021	1	13	1	0	1.4	0	960.8	2	91.1	3.7	233	0
PAY	2021	1	13	2	0	1.6	0	961.3	2.3	89.4	3	243	0
PAY	2021	1	13	3	0	1.6	0	961.6	2.4	89	3.5	225	0
PAY	2021	1	13	4	0	1.7	0	961.8	2.3	89.8	4.3	202	0
PAY	2021	1	13	5	0	1.8	0	962.1	2.4	89.9	3.7	212	0
PAY	2021	1	13	6	0	1.8	0	962.2	2.6	88.4	3.5	224	0
PAY	2021	1	13	7	0	1.7	0	962.6	2.4	89.6	3.3	214	0
PAY	2021	1	13	8	0	1.8	7	963.3	2.8	87.9	4	198	72.25639126
PAY	2021	1	13	9	0	1.9	43	963.9	2.4	91.2	3.5	200	195.4283584
PAY	2021	1	13	10	0	2.5	90	964.2	3.4	87.7	3.2	207	290.2561138
PAY	2021	1	13	11	0	2.8	112	964.1	3.8	87.2	4	215	310.3609426
PAY	2021	1	13	12	0	3.1	115	963.8	4	86.3	4.4	208	311.6800711
PAY	2021	1	13	13	0	3.1	79	963.3	4.1	85.1	4.5	212	236.6582517
PAY	2021	1	13	14	0	3	43	963.2	3.9	86.4	4.1	213	166.7918417
PAY	2021	1	13	15	0	3	17	962.8	4.2	83.4	4.9	204	116.3402656
PAY	2021	1	13	16	0	2.7	3	963	3.3	83.9	5.4	218	0
PAY	2021	1	13	17	0	2	0	962.8	2.5	90.4	4.3	227	0
PAY	2021	1	13	18	0	1.8	0	962.5	2.5	91.1	4.6	224	0
PAY	2021	1	13	19	0	2	0	962.5	2.5	92.4	5.7	220	0
PAY	2021	1	13	20	0	2.2	0	962.7	2.7	93	5.8	218	0
PAY	2021	1	13	21	0	2.5	0	962.5	3.2	91.3	5.9	215	0
PAY	2021	1	13	22	0	2.9	0	962.2	3.8	90.4	5.8	216	0
PAY	2021	1	13	23	0	3.4	0	962.3	4.1	89.7	6.8	216	0
PAY	2021	1	14	0	0	3.4	0	962.1	4.6	85.8	7	219	0
PAY	2021	1	14	1	0	3.6	0	961.9	4.5	88.1	6.7	217	0
PAY	2021	1	14	2	0	3.7	0	962	4.7	86.4	6.7	218	0
PAY	2021	1	14	3	0	3.7	0	962	4.5	87.8	6.4	219	0
PAY	2021	1	14	4	0	3.6	0	961.6	4.4	87.4	6.4	216	0
PAY	2021	1	14	5	0	3.6	0	961.4	4.8	83.5	6.4	217	0
PAY	2021	1	14	6	0	3.6	0	960.8	4.9	81.3	7	216	0
PAY	2021	1	14	7	0	3.6	0	960.9	4.7	83.2	6.7	218	0
PAY	2021	1	14	8	0	3.5	5	960.3	4.8	83.1	6.1	216	50.73168446
PAY	2021	1	14	9	0	3.7	19	960.6	4.9	82.2	7.5	217	85.56929274
PAY	2021	1	14	10	0	3.7	30	960.7	5.3	77.8	6.6	215	96.02421911
PAY	2021	1	14	11	0	3.8	40	960.4	5.1	81.7	6.5	215	110.0291871
PAY	2021	1	14	12	0	3.9	47	960	5	83.6	6.2	213	126.3719951
PAY	2021	1	14	13	0	3.9	59	959.7	5	84.6	5.8	213	175.0815042
PAY	2021	1	14	14	0	3.9	46	959.4	4.8	86.7	5.2	217	176.1604482
PAY	2021	1	14	15	0	3.8	25	959.4	4.2	93.3	5.1	218	167.2163329
PAY	2021	1	14	16	0	3.6	10	959.1	4.2	89.8	4.7	219	0
PAY	2021	1	14	17	0	3.3	0	958.4	3.8	92.6	4.1	223	0
PAY	2021	1	14	18	0	3.3	0	957.7	4	89.9	4.6	221	0
PAY	2021	1	14	19	0	3.2	0	957.1	3.7	91.8	5.2	218	0
PAY	2021	1	14	20	0	3.2	0	956.7	3.9	90.3	4.6	226	0
PAY	2021	1	14	21	0	3.3	0	956.4	3.9	91.5	4.9	222	0
PAY	2021	1	14	22	0	3.3	0	956.2	3.8	92.7	5.2	224	0
PAY	2021	1	14	23	0	3.3	0	956.2	3.8	91.3	5.1	224	0
PAY	2021	1	15	0	0	3.2	0	956.3	3.8	88.7	5.3	221	0
PAY	2021	1	15	1	0	2.8	0	956.2	3.4	89.6	4.2	224	0
PAY	2021	1	15	2	0	2.8	0	956.3	3.5	90.7	3.8	234	0
PAY	2021	1	15	3	0	3.1	0	956.5	3.8	89.3	4.2	232	0
PAY	2021	1	15	4	0	3.1	0	956.5	3.9	87.4	4.9	228	0
PAY	2021	1	15	5	0	2.9	0	956.6	3.9	86.3	4.6	221	0
PAY	2021	1	15	6	0	2.9	0	957.1	3.6	89.4	3.7	234	0
PAY	2021	1	15	7	0	2.9	0	957.4	3.8	86.8	3.9	212	0
PAY	2021	1	15	8	0	3	2	958	3.8	88.8	3.8	212	19.9288255
PAY	2021	1	15	9	0	3	20	958.9	3.6	90.1	2.7	216	89.21674888
PAY	2021	1	15	10	0	2.7	32	960.1	3.1	85.7	2.4	245	101.6240005
PAY	2021	1	15	11	0	1.4	75	960.8	0.7	94.5	3.2	8	204.7395191
PAY	2021	1	15	12	0	-0.2	76	961.2	-0.1	95.8	3.7	37	202.6829681
PAY	2021	1	15	13	0	-0.3	57	961.5	-0.2	97.6	2.4	33	167.5234712
PAY	2021	1	15	14	0	-0.2	75	962.3	0.5	86.1	2.7	45	283.5225601
PAY	2021	1	15	15	0	-0.6	25	963.3	-0.2	89.7	3.5	58	163.4352214
PAY	2021	1	15	16	0	-0.9	3	964.4	-0.3	86.1	3.1	56	0
PAY	2021	1	15	17	0	-1.7	0	965.1	-0.6	74	3.9	53	0
PAY	2021	1	15	18	0	-2.2	0	965.8	-0.9	77.6	4.2	45	0
PAY	2021	1	15	19	0	-2.2	0	966.4	-1.1	75	4.3	58	0
PAY	2021	1	15	20	0	-2.6	0	966.7	-1.3	73.9	3.6	52	0
PAY	2021	1	15	21	0	-2.8	0	966.9	-1.6	74.1	3.3	54	0
PAY	2021	1	15	22	0	-3.2	0	967.3	-2.3	76.1	3.6	63	0
PAY	2021	1	15	23	0	-3.9	0	967.8	-3.4	84.1	3.2	46	0
PAY	2021	1	16	0	0	-4.4	0	968.1	-3.7	83.5	3.2	43	0
PAY	2021	1	16	1	0	-4.4	0	968	-3.7	84.1	2.2	31	0
PAY	2021	1	16	2	0	-4.7	0	968.2	-4.3	88.6	1.6	15	0
PAY	2021	1	16	3	0	-5.1	0	968.5	-5	93.4	1.3	31	0
PAY	2021	1	16	4	0	-5.5	0	968.5	-5	92.6	0.9	45	0
PAY	2021	1	16	5	0	-5.4	0	968.6	-5.2	93.7	0.8	50	0
PAY	2021	1	16	6	0	-5.6	0	968.7	-5.2	92.5	0.8	330	0
PAY	2021	1	16	7	0	-5.6	0	968.7	-5.2	92.3	1.3	275	0
PAY	2021	1	16	8	0	-5.3	8	968.8	-4.4	89.3	1.3	257	78.22044141
PAY	2021	1	16	9	0	-4.8	55	969	-4.2	85.8	0.9	243	242.9099549
PAY	2021	1	16	10	0	-4.5	122	969	-3.6	82.3	1.4	101	384.2942972
PAY	2021	1	16	11	0	-4.2	133	968.3	-3.1	81.4	1.1	146	360.2322039
PAY	2021	1	16	12	0	-3.7	132	967.6	-2.3	77.5	1.6	230	349.0934082
PAY	2021	1	16	13	0	-3.4	144	967	-2.1	78.5	1.2	225	419.0828818
PAY	2021	1	16	14	0	-3.1	127	966.5	-1.7	76.5	0.9	202	473.8538278
PAY	2021	1	16	15	0	-2.8	65	966.4	-1.5	75.1	1.4	294	415.3419023
PAY	2021	1	16	16	0	-2.6	17	966.2	-1.1	75.1	1.2	233	0
PAY	2021	1	16	17	0	-2.4	0	966.1	-1.3	78.2	2.1	235	0
PAY	2021	1	16	18	0	-2.3	0	965.8	-1.2	77.7	2.2	236	0
PAY	2021	1	16	19	0	-2.2	0	965.2	-1	80.7	2.5	230	0
PAY	2021	1	16	20	0	-1.8	0	964.7	-0.6	80.9	2.8	233	0
PAY	2021	1	16	21	0	-1.5	0	963.8	-0.8	87.8	3.3	234	0
PAY	2021	1	16	22	0	-1.4	0	962.8	-1	91.8	3.4	232	0
PAY	2021	1	16	23	0	-1.3	0	962.1	-1	95.9	2.4	245	0
PAY	2021	1	17	0	0	-1.3	0	961.4	-0.4	85.1	2.9	242	0
PAY	2021	1	17	1	0	-1	0	960.3	-0.3	90.7	4.7	221	0
PAY	2021	1	17	2	0	-0.7	0	959.5	0.2	84.7	6.2	228	0
PAY	2021	1	17	3	0	-0.6	0	960.7	0.1	85.6	4.3	225	0
PAY	2021	1	17	4	0	-0.6	0	960.1	0.5	85	4.5	217	0
PAY	2021	1	17	5	0	-0.2	0	960.4	0.9	86.5	3.9	224	0
PAY	2021	1	17	6	0	0.2	0	960.6	1.4	83.8	5	211	0
PAY	2021	1	17	7	0	0.5	0	960.8	1.4	85	4.5	215	0
PAY	2021	1	17	8	0	0.6	9	961.3	1.8	84.1	4.3	204	86.28048678
PAY	2021	1	17	9	0	0.9	38	961.7	2	82.4	5	208	166.0940977
PAY	2021	1	17	10	0	1.1	55	962.5	2.3	83.1	3.7	225	171.7910969
PAY	2021	1	17	11	0	1.4	87	962.4	2.4	84.6	3.4	219	233.7453662
PAY	2021	1	17	12	0	1.4	83	961.9	2.3	85.8	4.3	223	217.6344918
PAY	2021	1	17	13	0	1.4	58	961.9	2.1	90.4	3.7	227	167.1210913
PAY	2021	1	17	14	0	1.5	46	962.6	2.1	89.7	2.7	223	169.3784233
PAY	2021	1	17	15	0	1.5	57	963.6	2.1	88.6	3.5	202	356.0272867
PAY	2021	1	17	16	0	1.4	18	964.5	1.9	88.3	3.2	198	0
PAY	2021	1	17	17	0	1.2	0	965.6	1.8	88.6	2.6	208	0
PAY	2021	1	17	18	0	1.1	0	966.5	1.8	88.9	3.1	206	0
PAY	2021	1	17	19	0	0.9	0	966.8	1.3	89	2.8	197	0
PAY	2021	1	17	20	0	0.8	0	967	1.2	89.7	2.8	201	0
PAY	2021	1	17	21	0	0.7	0	967.5	1.7	86.7	2.7	205	0
PAY	2021	1	17	22	0	0.3	0	967.5	0.6	90.3	2.3	201	0
PAY	2021	1	17	23	0	0.4	0	967.9	1.2	87.8	2.6	198	0
PAY	2021	1	18	0	0	0.4	0	968	0.6	89.1	2.8	201	0
PAY	2021	1	18	1	0	-0.2	0	968	0	91.9	2.2	204	0
PAY	2021	1	18	2	0	-0.7	0	968.3	-0.6	92.5	2.5	201	0
PAY	2021	1	18	3	0	-0.7	0	968.6	0.1	89.5	2.4	202	0
PAY	2021	1	18	4	0	-0.5	0	968.4	0.4	85.3	2.1	203	0
PAY	2021	1	18	5	0	-0.5	0	968.7	0.4	85.3	2.1	209	0
PAY	2021	1	18	6	0	-0.5	0	969.1	0.1	90.4	1.6	198	0
PAY	2021	1	18	7	0	-0.5	0	969.3	0	89.2	1.7	191	0
PAY	2021	1	18	8	0	-0.5	15	969.4	0.8	81.5	2.5	197	140.8924186
PAY	2021	1	18	9	0	-0.1	142	969.6	1.9	77.2	2.4	216	614.0114749
PAY	2021	1	18	10	0	0.8	360	969.8	3	67.9	2.5	216	1000
PAY	2021	1	18	11	0	1.2	390	969.9	3.5	70.1	2.6	235	1000
PAY	2021	1	18	12	0	1.1	405	969.1	3.8	60.6	2	238	1000
PAY	2021	1	18	13	0	1.3	270	968.3	3.5	61.7	2.4	223	770.1355299
PAY	2021	1	18	14	0	1.2	208	968.2	4.2	53.9	2.2	243	755.744407
PAY	2021	1	18	15	0	1.1	168	968.3	4	55.9	2.1	245	1000
PAY	2021	1	18	16	0	0.9	77	968.2	2.9	67.7	1.9	236	0
PAY	2021	1	18	17	0	0	1	968.4	1.3	73.6	1.6	202	0
PAY	2021	1	18	18	0	-0.7	0	968.4	-0.3	84.3	2.2	203	0
PAY	2021	1	18	19	0	-1	0	968.3	-0.4	85.9	2.4	200	0
PAY	2021	1	18	20	0	-1.1	0	968.4	-0.3	83.1	3.2	189	0
PAY	2021	1	18	21	0	-1.3	0	968.4	-1	88	2.5	198	0
PAY	2021	1	18	22	0	-1.9	0	968.3	-1.9	92.5	2	204	0
PAY	2021	1	18	23	0	-2.2	0	968.2	-1.4	88.7	1.9	183	0
PAY	2021	1	19	0	0	-2.4	0	967.5	-1.9	89.1	2.4	210	0
PAY	2021	1	19	1	0	-2.5	0	967	-2	86.2	2.2	204	0
PAY	2021	1	19	2	0	-2.8	0	966.7	-2	83.4	3.1	199	0
PAY	2021	1	19	3	0	-3	0	966.3	-2.3	82.2	2.6	203	0
PAY	2021	1	19	4	0	-3.2	0	965.9	-2.1	80.3	2.1	191	0
PAY	2021	1	19	5	0	-3.8	0	965.6	-3.3	86.7	2.2	202	0
PAY	2021	1	19	6	0	-4	0	965.1	-3.7	87.5	2.1	209	0
PAY	2021	1	19	7	0	-3.8	0	964.8	-2.7	82.6	1.9	202	0
PAY	2021	1	19	8	0	-3.8	20	964.6	-2.9	84.8	1.8	203	183.9349834
PAY	2021	1	19	9	0	-2.7	154	964.3	-0.7	76.2	1.9	216	658.5123986
PAY	2021	1	19	10	0	-1.3	275	964.3	1.1	66.4	2.7	235	843.8927017
PAY	2021	1	19	11	0	-0.5	339	963.5	2.6	62.5	4.9	227	895.6415285
PAY	2021	1	19	12	0	0.7	465	962.7	4	54.8	4.2	211	1000
PAY	2021	1	19	13	0	1.3	397	961.9	5	50.4	3.5	221	1000
PAY	2021	1	19	14	0	1.5	332	961.3	5.6	46.9	4	225	1000
PAY	2021	1	19	15	0	1.8	280	961.1	5.8	46	3.6	230	1000
PAY	2021	1	19	16	0	1.4	94	960.7	4.4	52.7	3.7	231	0
PAY	2021	1	19	17	0	0.4	3	960.4	2.4	60.4	2.6	241	0
PAY	2021	1	19	18	0	-0.2	0	960.4	2	63.8	2.6	223	0
PAY	2021	1	19	19	0	-0.4	0	960.1	2.1	62.6	3.2	205	0
PAY	2021	1	19	20	0	-0.3	0	960.1	1.7	65.9	3.4	202	0
PAY	2021	1	19	21	0	-0.4	0	959.6	1	71.9	3.5	206	0
PAY	2021	1	19	22	0	-0.7	0	959.3	0.4	74.8	3	222	0
PAY	2021	1	19	23	0	-0.8	0	959	1.7	66.3	3	228	0
PAY	2021	1	20	0	0	-0.9	0	958.1	0.1	75.6	2.4	216	0
PAY	2021	1	20	1	0	-1.3	0	957.5	-0.2	75.9	2.1	215	0
PAY	2021	1	20	2	0	-2.2	0	957.1	-1.2	82.1	1.7	72	0
PAY	2021	1	20	3	0	-1.7	0	956.8	-1.1	81.9	1.9	219	0
PAY	2021	1	20	4	0	-0.7	0	956.4	1.3	69.5	3.1	221	0
PAY	2021	1	20	5	0	-1	0	956	0.6	74.2	2.1	246	0
PAY	2021	1	20	6	0	-1.8	0	955.7	-0.5	79.1	1.4	59	0
PAY	2021	1	20	7	0	-2.4	0	955.4	-1.8	85.7	1.3	85	0
PAY	2021	1	20	8	0	-2.2	20	954.9	-1.4	85.6	1.1	135	179.986097
PAY	2021	1	20	9	0	-1.5	86	954.6	0.3	79.4	1.3	69	363.5318466
PAY	2021	1	20	10	0	-0.4	164	954.2	1.7	75.1	1.9	72	498.645241
PAY	2021	1	20	11	0	0.7	191	953.4	2.7	71.5	1.9	63	500.2588989
PAY	2021	1	20	12	0	1.4	279	952.3	4.3	62.2	2.1	60	712.281291
PAY	2021	1	20	13	0	2.1	308	951.2	4.8	61.9	2	29	860.5519124
PAY	2021	1	20	14	0	2.6	281	950.3	5.4	62.6	2.1	49	993.8498723
PAY	2021	1	20	15	0	2.7	165	949.9	5.2	62.6	2.1	43	963.1623605
PAY	2021	1	20	16	0	2.3	39	949.3	4.4	67.3	1.3	66	0
PAY	2021	1	20	17	0	1.2	1	948.9	1.4	84.1	1.2	124	0
PAY	2021	1	20	18	0	0.5	0	948.6	1.2	84.2	1.6	220	0
PAY	2021	1	20	19	0	-0.1	0	948.5	0.9	85	1.2	164	0
PAY	2021	1	20	20	0	-0.3	0	948.3	0.3	86.6	1.3	211	0
PAY	2021	1	20	21	0	-0.5	0	947.9	-0.5	93.5	1.1	194	0
PAY	2021	1	20	22	0	-0.9	0	947.9	0.4	87	1.2	72	0
PAY	2021	1	20	23	0	-0.8	0	947.9	-0.2	89.6	1.5	90	0
PAY	2021	1	21	0	0	-0.4	0	947.6	0.8	84.7	1.4	45	0
PAY	2021	1	21	1	0	-0.2	0	947.2	0.7	87.8	1.3	53	0
PAY	2021	1	21	2	0	-0.1	0	947.7	0.5	88.2	1.1	90	0
PAY	2021	1	21	3	0	0.1	0	947.7	0.9	89.9	1.6	82	0
PAY	2021	1	21	4	0	1.3	0	947.8	5	69.1	2.3	228	0
PAY	2021	1	21	5	0	2.7	0	948.1	4.7	69.4	2.1	243	0
PAY	2021	1	21	6	0	3.4	0	948.2	5.7	68.8	1.5	204	0
PAY	2021	1	21	7	0	3.9	0	948.3	6	71.4	3	234	0
PAY	2021	1	21	8	0	4	21	948.4	6.4	70.2	3	226	184.8264264
PAY	2021	1	21	9	0	4.5	71	948.9	7.9	62.6	4.4	218	296.5903693
PAY	2021	1	21	10	0	5.1	55	949	8	65.2	5.3	214	165.653635
PAY	2021	1	21	11	0	5.4	156	948.6	8.8	60.9	5.5	224	404.9798328
PAY	2021	1	21	12	0	5.8	197	948	9.4	59	5.5	223	498.3237634
PAY	2021	1	21	13	0	6	202	947.1	9.7	57.7	5.3	221	558.4833789
PAY	2021	1	21	14	0	6.1	139	946.4	9.6	59.9	5.3	211	484.9898052
PAY	2021	1	21	15	0	6.1	88	946.2	9.3	61	4.9	216	502.3554468
PAY	2021	1	21	16	0	5.9	36	945.3	8.6	64.6	4	217	1000
PAY	2021	1	21	17	0	5.4	1	944.8	8.9	57.4	3	218	0
PAY	2021	1	21	18	0	5	0	944.6	7.3	64	2.5	221	0
PAY	2021	1	21	19	0	5.1	0	944.9	8.9	65.5	2.6	221	0
PAY	2021	1	21	20	0	6.4	0	944.5	8.7	70.8	4.8	211	0
PAY	2021	1	21	21	0	6	0	944	7.6	76.4	3.1	216	0
PAY	2021	1	21	22	0	5.8	0	944	7.7	77	3.3	213	0
PAY	2021	1	21	23	0	6.2	0	944.5	7.1	88.4	4.8	213	0
PAY	2021	1	22	0	0	5.8	0	945.2	6.4	83.8	7.9	235	0
PAY	2021	1	22	1	0	5.2	0	944.4	6.3	85.5	7.9	203	0
PAY	2021	1	22	2	0	5.1	0	943.9	6.2	87.4	4.4	218	0
PAY	2021	1	22	3	0	5.2	0	943.8	5.8	90.1	4.5	218	0
PAY	2021	1	22	4	0	5	0	943.4	5.9	86.4	4.5	218	0
PAY	2021	1	22	5	0	5.1	0	942.6	6	88.1	5.9	208	0
PAY	2021	1	22	6	0	5	0	941.4	5.7	83.9	5.3	219	0
PAY	2021	1	22	7	0	3.6	0	940.9	2.7	96.7	2.1	234	0
PAY	2021	1	22	8	0	2.5	27	940.5	3.3	94.8	1.5	100	232.2894588
PAY	2021	1	22	9	0	3.6	82	939.8	4.5	91.3	1	130	338.3992728
PAY	2021	1	22	10	0	5	230	939	7.1	81	1.8	172	686.055314
PAY	2021	1	22	11	0	6	299	937.8	8.4	76.5	1.6	63	769.2230233
PAY	2021	1	22	12	0	6.3	204	937.4	8.1	77.9	2.1	6	511.2268233
PAY	2021	1	22	13	0	6.2	137	936.8	7.3	84.3	2.4	342	374.7706986
PAY	2021	1	22	14	0	6.4	165	936.5	8.2	79.2	1.9	57	567.9113384
PAY	2021	1	22	15	0	6.6	88	935.8	8	81.5	1.4	339	491.3485925
PAY	2021	1	22	16	0	6.3	31	934.9	7.2	86.3	2.3	39	798.2441413
PAY	2021	1	22	17	0	5.8	1	935.4	6	93.7	1.8	326	0
PAY	2021	1	22	18	0	5.7	0	936	6.2	93.1	1.5	229	0
PAY	2021	1	22	19	0	5.5	0	936.6	5.8	95.8	1.3	284	0
PAY	2021	1	22	20	0	5	0	937.7	5.2	87.7	3.2	225	0
PAY	2021	1	22	21	0	3.7	0	939.7	3.5	82.7	4.8	233	0
PAY	2021	1	22	22	0	1.8	0	941.7	3.5	69	3.6	237	0
PAY	2021	1	22	23	0	1.2	0	943.7	1.9	86.3	5.3	201	0
PAY	2021	1	23	0	0	1.1	0	944.7	1.8	88.8	5.1	202	0
PAY	2021	1	23	1	0	1.2	0	945.2	2	86.8	4.7	209	0
PAY	2021	1	23	2	0	1.2	0	945.5	2	87.9	3.5	218	0
PAY	2021	1	23	3	0	1.2	0	945.8	2	86.6	3.5	210	0
PAY	2021	1	23	4	0	0.9	0	945.6	1.6	86.1	3.3	206	0
PAY	2021	1	23	5	0	0.6	0	945.6	1.2	87.1	2.6	220	0
PAY	2021	1	23	6	0	0.5	0	945.3	1.5	85.5	3	203	0
PAY	2021	1	23	7	0	0.5	0	945	1.1	87.6	2.8	207	0
PAY	2021	1	23	8	0	0.2	17	944.4	1.1	85.2	2.9	203	142.9038931
PAY	2021	1	23	9	0	0.4	85	943.7	1.4	85.9	2.6	218	346.4350674
PAY	2021	1	23	10	0	0.9	186	943.3	2.7	78.9	3.6	207	549.3450828
PAY	2021	1	23	11	0	2	378	942.3	3.8	68.2	4.7	202	963.5508377
PAY	2021	1	23	12	0	1.9	274	941.2	3.8	71.1	4.7	208	680.1684646
PAY	2021	1	23	13	0	2	142	940.1	3.9	70.3	4.2	219	384.3065729
PAY	2021	1	23	14	0	2.2	176	939.1	4.5	68.5	3.8	203	597.5425308
PAY	2021	1	23	15	0	2.2	62	938.4	3.8	74.3	4.6	223	338.647938
PAY	2021	1	23	16	0	2.1	14	938.4	3.2	83	4.2	219	327.7252788
PAY	2021	1	23	17	0	1.8	0	938.6	2.6	87.2	5.8	208	0
PAY	2021	1	23	18	0	1.7	0	938.6	2.7	85.8	5.4	210	0
PAY	2021	1	23	19	0	1.9	0	937.6	2.7	88.3	3.9	210	0
PAY	2021	1	23	20	0	2	0	938.1	3	87.6	4.4	233	0
PAY	2021	1	23	21	0	2.3	0	938.9	2.9	87.4	6.2	230	0
PAY	2021	1	23	22	0	2.1	0	939.7	3.2	84.3	5.1	212	0
PAY	2021	1	23	23	0	2	0	940.7	2.8	85.5	5.1	210	0
PAY	2021	1	24	0	0	1.7	0	941	2.6	80.6	5.4	218	0
PAY	2021	1	24	1	0	1.4	0	942	3.2	70.6	4.2	202	0
PAY	2021	1	24	2	0	1.3	0	942.7	2.6	76.5	4.1	231	0
PAY	2021	1	24	3	0	0.2	0	943.1	1.5	71.6	3.9	238	0
PAY	2021	1	24	4	0	-0.2	0	943.6	1.4	72.6	2.7	230	0
PAY	2021	1	24	5	0	-0.8	0	943.8	0.3	75.9	1.4	214	0
PAY	2021	1	24	6	0	-1.6	0	944.3	-1.8	89.1	1.3	189	0
PAY	2021	1	24	7	0	-1.9	0	945	-1.4	86.9	1.6	197	0
PAY	2021	1	24	8	0	-2.4	13	946.1	-2.2	93.4	1.5	135	106.7330215
PAY	2021	1	24	9	0	-1.6	144	946.8	0.1	83.6	1.1	162	579.4707397
PAY	2021	1	24	10	0	-0.6	331	947.3	1.5	62.5	1.5	242	967.7756372
PAY	2021	1	24	11	0	0	402	947.4	3	63.9	2.4	232	1000
PAY	2021	1	24	12	0	0.6	442	946.7	3.6	59.9	3.3	221	1000
PAY	2021	1	24	13	0	1	424	946.3	4.6	50.3	3.7	215	1000
PAY	2021	1	24	14	0	0.8	356	945.8	4.8	56.7	3.6	232	1000
PAY	2021	1	24	15	0	1.1	171	946.1	3.6	47.3	3.7	214	913.857526
PAY	2021	1	24	16	0	-0.2	49	945.5	2.4	66.3	3.1	207	1000
PAY	2021	1	24	17	0	0.4	1	945.6	2.2	71.9	2.9	219	0
PAY	2021	1	24	18	0	0.5	0	945.5	2.2	73.1	3.1	214	0
PAY	2021	1	24	19	0	0.5	0	945.1	2.5	70.9	3.7	202	0
PAY	2021	1	24	20	0	-0.1	0	945.2	0.8	81	5.2	219	0
PAY	2021	1	24	21	0	-0.5	0	944.9	0.4	84.3	3.9	223	0
PAY	2021	1	24	22	0	-0.5	0	944	-0.3	95.9	1.9	232	0
PAY	2021	1	24	23	0	-0.3	0	943.7	0.1	93	2.1	227	0
PAY	2021	1	25	0	0	-0.2	0	943.2	0.4	89.4	3.4	219	0
PAY	2021	1	25	1	0	-0.4	0	943.1	0.4	88.7	3.4	223	0
PAY	2021	1	25	2	0	0	0	943.1	0.8	88.7	3.5	224	0
PAY	2021	1	25	3	0	0.2	0	943.6	0.3	95.5	3.3	242	0
PAY	2021	1	25	4	0	0	0	943.9	1.4	77.1	3.8	226	0
PAY	2021	1	25	5	0	-0.3	0	944.6	1.1	77.4	5.4	208	0
PAY	2021	1	25	6	0	-0.7	0	944.8	0.7	74	4.1	216	0
PAY	2021	1	25	7	0	-0.6	0	945.5	-0.3	92.3	4.9	210	0
PAY	2021	1	25	8	0	-0.9	8	946.3	0	83.4	4.5	198	64.12956048
PAY	2021	1	25	9	0	-1	126	947	0.8	76.2	3.6	202	500.4867901
PAY	2021	1	25	10	0	-0.3	258	947.7	1.5	76.1	4.2	217	746.6199037
PAY	2021	1	25	11	0	-0.1	290	948.4	1.5	73.5	5.1	222	725.4217675
PAY	2021	1	25	12	0	0.1	316	948.6	0.9	81.6	5.4	217	769.4279586
PAY	2021	1	25	13	0	0	264	948.8	2	68.6	4.9	220	699.1567734
PAY	2021	1	25	14	0	0.2	228	949.5	1.9	71	5.5	215	753.1345003
PAY	2021	1	25	15	0	0.4	149	950.2	1.9	70.6	4.7	230	779.245904
PAY	2021	1	25	16	0	-0.3	27	951.6	0.1	89.5	4.4	245	533.3000751
PAY	2021	1	25	17	0	-0.6	3	952.4	0.8	71	3.3	234	0
PAY	2021	1	25	18	0	-0.9	0	953.5	0.3	76.8	2.9	218	0
PAY	2021	1	25	19	0	-0.9	0	954.6	0.2	84	2.8	202	0
PAY	2021	1	25	20	0	-1	0	955.6	0.1	78.3	2.8	201	0
PAY	2021	1	25	21	0	-1.2	0	956.7	0.2	73.6	2.8	207	0
PAY	2021	1	25	22	0	-1.4	0	957.4	-0.2	76.2	2.6	209	0
PAY	2021	1	25	23	0	-1.7	0	958.2	-0.9	81	3	194	0
PAY	2021	1	26	0	0	-1.7	0	959	-0.5	80.5	3.1	208	0
PAY	2021	1	26	1	0	-1.6	0	959.6	-0.5	79	2.9	207	0
PAY	2021	1	26	2	0	-1.8	0	960.3	-1	81.4	2.6	196	0
PAY	2021	1	26	3	0	-2.3	0	960.9	-1.6	81.3	2.5	201	0
PAY	2021	1	26	4	0	-3	0	961.4	-2.4	80.9	2.5	199	0
PAY	2021	1	26	5	0	-3.5	0	962.4	-2.8	80.8	2.8	202	0
PAY	2021	1	26	6	0	-3.9	0	963.2	-2.9	76.9	3.2	201	0
PAY	2021	1	26	7	0	-4.4	0	964.1	-3.7	80.9	3	200	0
PAY	2021	1	26	8	0	-4.7	32	964.6	-3.4	79.5	3.1	201	250.382662
PAY	2021	1	26	9	0	-3.7	196	964.9	-1.8	74.1	3.4	198	768.2919441
PAY	2021	1	26	10	0	-2.6	186	965.4	-0.5	65.9	2.8	211	532.6599848
PAY	2021	1	26	11	0	-2	217	965.7	0.8	56.5	2.5	214	537.61222
PAY	2021	1	26	12	0	-1.4	365	965.3	1.5	53.1	4.4	202	880.0644476
PAY	2021	1	26	13	0	-1.2	436	964.9	2.1	45	3.6	235	1000
PAY	2021	1	26	14	0	-1.3	363	964.4	2.4	43.5	3.4	225	1000
PAY	2021	1	26	15	0	-1.3	174	964.7	1.8	52.5	3	235	890.691748
PAY	2021	1	26	16	0	-1.6	46	964.4	0.6	57	1.6	212	841.7141583
PAY	2021	1	26	17	0	-2.3	2	964.4	-0.7	68.1	0.8	130	0
PAY	2021	1	26	18	0	-2.7	0	964.5	-1	64.6	1.1	144	0
PAY	2021	1	26	19	0	-2.9	0	964.6	-1.8	73.3	1.4	193	0
PAY	2021	1	26	20	0	-3.4	0	964.5	-1.9	69.5	1.4	184	0
PAY	2021	1	26	21	0	-3.3	0	964.9	-2.3	77.3	2.1	198	0
PAY	2021	1	26	22	0	-3.6	0	964.6	-2.7	77.7	1.9	205	0
PAY	2021	1	26	23	0	-3.8	0	964	-3.1	78.8	3.2	191	0
PAY	2021	1	27	0	0	-4.3	0	963.4	-3.5	79.2	2.8	199	0
PAY	2021	1	27	1	0	-4.5	0	962.7	-3.7	78	2.4	200	0
PAY	2021	1	27	2	0	-4.8	0	962.3	-3.8	76.4	2.4	198	0
PAY	2021	1	27	3	0	-4.7	0	961.7	-3.4	76.1	2.9	204	0
PAY	2021	1	27	4	0	-4.2	0	961.9	-3	81.7	1.9	216	0
PAY	2021	1	27	5	0	-3.7	0	961.9	-2.7	78.4	1.9	216	0
PAY	2021	1	27	6	0	-3.5	0	961.2	-2.7	84.4	2	205	0
PAY	2021	1	27	7	0	-3.1	0	960.1	-2.6	89.6	2.1	213	0
PAY	2021	1	27	8	0	-2.9	16	960.5	-2	85.4	1.8	217	122.1667728
PAY	2021	1	27	9	0	-2.3	67	959.8	-1	80.1	2.9	195	259.1171919
PAY	2021	1	27	10	0	-1.6	121	959.8	0.1	78.2	2.6	227	342.853937
PAY	2021	1	27	11	0	-0.7	144	959.7	1	74	4	220	353.293585
PAY	2021	1	27	12	0	-0.4	145	959.6	1.3	73.1	4.1	220	346.1714013
PAY	2021	1	27	13	0	-0.1	113	959	1.8	68.3	3.5	220	292.7620689
PAY	2021	1	27	14	0	-0.1	84	958.8	2.2	66.5	4.5	221	269.9475749
PAY	2021	1	27	15	0	0.4	59	959.2	2.6	68.7	3.7	231	295.6701459
PAY	2021	1	27	16	0	0.9	22	958.9	2.5	75.3	2.4	231	374.6901701
PAY	2021	1	27	17	0	0.8	2	958.8	2	84	1.5	254	0
PAY	2021	1	27	18	0	1.2	0	959.1	2	91.3	1.5	238	0
PAY	2021	1	27	19	0	1.4	0	959	1.7	94.7	1.1	234	0
PAY	2021	1	27	20	0	1.3	0	959.1	1.3	98	1.1	337	0
PAY	2021	1	27	21	0	1.5	0	959.1	1.7	97	1	158	0
PAY	2021	1	27	22	0	1.5	0	959.2	2	95.6	1	122	0
PAY	2021	1	27	23	0	2	0	959.1	2.5	94.7	1.4	219	0
PAY	2021	1	28	0	0	3	0	959	3.7	91.1	3.5	226	0
PAY	2021	1	28	1	0	3.1	0	958.6	3.7	91.2	3.2	234	0
PAY	2021	1	28	2	0	3.2	0	958	3.9	90.2	3.7	235	0
PAY	2021	1	28	3	0	3.3	0	957.5	4.1	89.9	3.8	235	0
PAY	2021	1	28	4	0	3.6	0	956.8	4.1	91.3	5.3	220	0
PAY	2021	1	28	5	0	3.5	0	955.9	4	91.6	5	220	0
PAY	2021	1	28	6	0	3.6	0	955.1	4	93	3.9	226	0
PAY	2021	1	28	7	0	3.8	0	954.8	4.4	91.3	5	224	0
PAY	2021	1	28	8	0	4.2	7	955.1	5.2	89.4	6.9	222	52.14605931
PAY	2021	1	28	9	0	5.1	20	954.7	6.2	88.8	7.5	217	76.2980744
PAY	2021	1	28	10	0	5.8	21	954.2	7.1	89.6	7.1	215	58.86596401
PAY	2021	1	28	11	0	6.5	33	954.2	7.3	91.1	7.3	219	80.16823486
PAY	2021	1	28	12	0	7	63	954	8.1	89.8	7.3	213	148.9121062
PAY	2021	1	28	13	0	7.6	89	954.2	8.6	90.8	7.3	213	228.0478015
PAY	2021	1	28	14	0	8.1	94	954.1	9.4	85.6	6.9	206	297.9632689
PAY	2021	1	28	15	0	8.2	58	954	9.8	82.5	7.4	213	284.6105273
PAY	2021	1	28	16	0	8.3	21	954.2	9.8	82.5	7	215	334.2842129
PAY	2021	1	28	17	0	8.4	1	954.5	10.3	78.3	6.6	212	0
PAY	2021	1	28	18	0	8.3	0	954.6	10.1	78.3	6.2	214	0
PAY	2021	1	28	19	0	8.3	0	954.8	9.9	80.8	5.9	219	0
PAY	2021	1	28	20	0	8.3	0	954.2	10	81	5.7	216	0
PAY	2021	1	28	21	0	8.3	0	954.5	9.8	81.2	6.5	217	0
PAY	2021	1	28	22	0	8.1	0	953.9	8.9	89.2	5.8	216	0
PAY	2021	1	28	23	0	8	0	953.4	9.3	82.6	6.2	212	0
PAY	2021	1	29	0	0	7.9	0	952.4	9.1	84.6	5.4	219	0
PAY	2021	1	29	1	0	7.8	0	952	8.4	91.6	5.4	218	0
PAY	2021	1	29	2	0	7.8	0	951.2	8.6	89.7	5.3	209	0
PAY	2021	1	29	3	0	7.4	0	950.4	7.8	91.7	6.8	210	0
PAY	2021	1	29	4	0	7.1	0	950	7.9	91.4	7.6	214	0
PAY	2021	1	29	5	0	7.2	0	949.2	8.1	90.3	7.2	212	0
PAY	2021	1	29	6	0	7.9	0	949.3	9.6	83.2	7.3	224	0
PAY	2021	1	29	7	0	8.2	0	949.1	10.4	75.1	5.9	220	0
PAY	2021	1	29	8	0	7.9	8	949.6	8.8	86.8	4.5	219	58.13435328
PAY	2021	1	29	9	0	7.4	42	951	9.4	73.9	4.5	225	158.0205755
PAY	2021	1	29	10	0	6.4	98	950.7	9.5	59.3	6.1	238	271.7264196
PAY	2021	1	29	11	0	6.3	236	951.3	10.1	61.9	9.6	258	567.6372332
PAY	2021	1	29	12	0	6.8	184	951	10.1	61.3	6.6	235	430.5682403
PAY	2021	1	29	13	0	6.4	123	950.8	9.1	67.9	7.2	247	311.6902842
PAY	2021	1	29	14	0	6.3	120	950.4	9.1	65.9	6.3	241	375.196141
PAY	2021	1	29	15	0	6.1	124	950.1	8.3	74.5	6.3	233	595.9430952
PAY	2021	1	29	16	0	6.1	91	949.9	7.9	75.2	6.8	218	1000
PAY	2021	1	29	17	0	5.6	10	949.4	8.1	69	6.8	224	0
PAY	2021	1	29	18	0	5.4	0	950.5	6.7	81.3	7.1	243	0
PAY	2021	1	29	19	0	5.1	0	951.6	6.2	85.3	6.6	243	0
PAY	2021	1	29	20	0	5.2	0	952.3	6.2	85.2	5.3	234	0
PAY	2021	1	29	21	0	5.3	0	952.6	6.7	80.4	5	234	0
PAY	2021	1	29	22	0	5.1	0	952.6	5.7	90	4.6	215	0
PAY	2021	1	29	23	0	5	0	952.8	5.7	88.9	5.1	215	0
PAY	2021	1	30	0	0	4.8	0	952.8	5.9	83.8	6.4	207	0
PAY	2021	1	30	1	0	4.7	0	952.4	5.7	86.2	5.1	211	0
PAY	2021	1	30	2	0	4.8	0	951.6	5.6	86.9	4.1	221	0
PAY	2021	1	30	3	0	4.7	0	950.8	5.9	82.9	3.7	212	0
PAY	2021	1	30	4	0	4.4	0	949.8	5.6	83.1	3.3	198	0
PAY	2021	1	30	5	0	4.2	0	948.6	5.1	83.6	2.5	216	0
PAY	2021	1	30	6	0	3.8	0	947.6	5.4	80.6	2.6	211	0
PAY	2021	1	30	7	0	4.1	0	946.9	5.4	82	3.6	212	0
PAY	2021	1	30	8	0	4.2	13	946.3	6.1	76.2	3.8	217	92.14063059
PAY	2021	1	30	9	0	4.4	52	945.8	6.2	77.3	4.3	219	192.9187927
PAY	2021	1	30	10	0	4.5	66	945.1	5.7	83.3	4.6	224	180.9902322
PAY	2021	1	30	11	0	4.6	54	944.7	5.5	89	3.3	226	128.5826836
PAY	2021	1	30	12	0	4.7	67	943.9	5.4	91	3.6	220	155.2050086
PAY	2021	1	30	13	0	4.9	62	943	5.6	91.1	4.7	214	155.3740149
PAY	2021	1	30	14	0	5.2	62	942.2	5.9	92.1	4.1	218	191.2150686
PAY	2021	1	30	15	0	5.3	46	941.9	5.9	91.7	3.7	225	216.5687242
PAY	2021	1	30	16	0	5.5	13	941.6	6.1	92	2.8	234	182.7182286
PAY	2021	1	30	17	0	5.4	0	941.7	6	90.1	3.7	231	0
PAY	2021	1	30	18	0	5.1	0	941.9	5.5	93.3	3.5	221	0
PAY	2021	1	30	19	0	4.9	0	942	5.5	91.9	3.5	220	0
PAY	2021	1	30	20	0	4.8	0	942.1	5.6	89.4	3	222	0
PAY	2021	1	30	21	0	4.7	0	941.9	5.2	90.6	3.1	210	0
PAY	2021	1	30	22	0	4.6	0	941.7	5.2	89.5	2.9	225	0
PAY	2021	1	30	23	0	3.9	0	941.7	3.6	97.8	0.9	217	0
PAY	2021	1	31	0	0	4.1	0	941.6	4.3	95.9	1.1	198	0
PAY	2021	1	31	1	0	4.1	0	941.7	4.7	94	1.4	225	0
PAY	2021	1	31	2	0	4.6	0	941.9	5	94.6	2.1	217	0
PAY	2021	1	31	3	0	4.6	0	941.8	5.1	92.5	1.9	196	0
PAY	2021	1	31	4	0	4.3	0	941.8	4.3	96.2	1.6	232	0
PAY	2021	1	31	5	0	4.1	0	942.1	4.5	94.2	1.1	186	0
PAY	2021	1	31	6	0	4	0	942.1	4	96.7	1.7	228	0
PAY	2021	1	31	7	0	4	0	942.4	4.8	92.9	1.9	210	0
PAY	2021	1	31	8	0	4.1	17	942.8	4.1	97.1	1.5	197	117.5121318
PAY	2021	1	31	9	0	4.2	99	943.5	5.1	89.8	1.5	208	362.1150285
PAY	2021	1	31	10	0	4.9	177	944	6.3	87.2	2.6	206	479.9978539
PAY	2021	1	31	11	0	5.6	202	944.3	7.1	84.7	2.4	223	476.1383872
PAY	2021	1	31	12	0	6.1	242	943.8	7.8	80.5	2	219	554.9177128
PAY	2021	1	31	13	0	6	167	943.2	7.9	71.9	2.4	218	413.8675292
PAY	2021	1	31	14	0	5.7	91	942.7	7.7	77.6	3	234	276.8468083
PAY	2021	1	31	15	0	5.6	112	942.4	8	65.8	3	224	516.662647
PAY	2021	1	31	16	0	5.3	69	942.1	7.5	73.9	3.4	201	915.5324191
PAY	2021	1	31	17	0	5.3	7	941.9	6.8	77.5	2.6	211	0
PAY	2021	1	31	18	0	4.9	0	941.3	6.6	78	2.9	201	0
PAY	2021	1	31	19	0	5	0	940.7	6.4	79.7	2.3	209	0
PAY	2021	1	31	20	0	4.7	0	939.8	5.6	84.8	1.7	205	0
PAY	2021	1	31	21	0	4.4	0	939.3	5	88.8	1.4	212	0
PAY	2021	1	31	22	0	4.4	0	938.3	5.6	83	2	180	0
PAY	2021	1	31	23	0	4.3	0	938.3	5.2	87.7	2.2	229	0
PAY	2021	2	1	0	0	4.5	0	938.1	5	93.7	2.8	211	0
PAY	2021	2	1	1	0	4.7	0	937.7	5	94.7	2	212	0
PAY	2021	2	1	2	0	4.6	0	937	5	91.8	2.4	213	0
PAY	2021	2	1	3	0	4.3	0	936.7	4.7	94.2	1.3	172	0
PAY	2021	2	1	4	0	4.3	0	936.5	4.8	91.3	2	212	0
PAY	2021	2	1	5	0	4.4	0	936.7	4.9	93.7	1.8	214	0
PAY	2021	2	1	6	0	4.6	0	937	5.2	92.6	3.2	219	0
PAY	2021	2	1	7	0	4.7	0	937.4	5.6	87.3	3.8	222	0
PAY	2021	2	1	8	0	4.8	21	938.1	5.8	88	3.8	227	141.5645124
PAY	2021	2	1	9	0	5.1	40	938.7	5.8	90.6	3.8	226	144.228753
PAY	2021	2	1	10	0	5.3	61	939.2	6.2	90.1	3.5	221	163.5704379
PAY	2021	2	1	11	0	5.5	82	939.7	6.3	89.5	4.3	217	191.3179888
PAY	2021	2	1	12	0	5.8	67	940	6.9	89.1	4.1	218	152.0719868
PAY	2021	2	1	13	0	6.3	104	940.6	7.3	86.5	5.7	219	254.8761935
PAY	2021	2	1	14	0	6.3	115	941.2	7.5	84.5	5.5	208	345.1288024
PAY	2021	2	1	15	0	6.4	100	941.8	7.4	87.1	5.2	205	452.1035528
PAY	2021	2	1	16	0	6.3	26	942.6	7.4	85.4	4.8	210	326.5571127
PAY	2021	2	1	17	0	6.3	2	943.7	6.9	90.9	4	221	0
PAY	2021	2	1	18	0	6.2	0	944.7	6.9	90.5	4.1	213	0
PAY	2021	2	1	19	0	6.3	0	945.8	7.2	88.5	2.9	254	0
PAY	2021	2	1	20	0	6.4	0	946.7	6.9	93.8	2.6	263	0
PAY	2021	2	1	21	0	6.4	0	947.7	7	92.4	2.5	220	0
PAY	2021	2	1	22	0	6.5	0	948.4	7.2	90	4	210	0
PAY	2021	2	1	23	0	6.4	0	949.4	7.3	88.7	3.5	218	0
PAY	2021	2	2	0	0	6.5	0	949.9	7.3	88.3	4.5	216	0
PAY	2021	2	2	1	0	6.3	0	950.6	7.1	88.1	5.5	210	0
PAY	2021	2	2	2	0	6.1	0	951	6.9	87.9	4.3	211	0
PAY	2021	2	2	3	0	5.8	0	951.1	6.7	84.7	3.8	210	0
PAY	2021	2	2	4	0	5.4	0	951.2	6.3	86.6	3.7	228	0
PAY	2021	2	2	5	0	5.4	0	951.1	6.6	85.4	3.7	218	0
PAY	2021	2	2	6	0	5.5	0	951.5	6.7	84.1	4.4	216	0
PAY	2021	2	2	7	0	5.5	0	951.3	6.5	87.5	4.4	214	0
PAY	2021	2	2	8	0	5.7	13	951.2	6.9	84.7	5	224	85.46110748
PAY	2021	2	2	9	0	6	44	951.8	7.3	85.8	5.3	221	156.3767474
PAY	2021	2	2	10	0	6.5	75	951.5	7.8	85.6	5.9	226	198.8400733
PAY	2021	2	2	11	0	7.1	200	951.5	9	83.3	5.5	228	461.8519583
PAY	2021	2	2	12	0	7.6	157	951.8	8.9	82.7	6.5	224	352.7097353
PAY	2021	2	2	13	0	7.6	186	951.6	9.3	80.4	6.6	222	450.770936
PAY	2021	2	2	14	0	7.8	106	951.6	8.9	88.1	7.2	214	313.8303739
PAY	2021	2	2	15	0	8	100	951.3	9	86.3	6.2	210	443.1857125
PAY	2021	2	2	16	0	7.9	45	951.6	9.1	85.2	6.6	223	536.3277915
PAY	2021	2	2	17	0	8.1	7	952	9.4	85.6	6.8	213	0
PAY	2021	2	2	18	0	8.4	0	953	9.1	91.7	6.5	213	0
PAY	2021	2	2	19	0	8.3	0	952.7	8.9	90.2	4.9	216	0
PAY	2021	2	2	20	0	8.2	0	952.5	9.2	88.7	5.2	220	0
PAY	2021	2	2	21	0	8.5	0	952.5	9.5	89.5	3.8	222	0
PAY	2021	2	2	22	0	8.6	0	952.4	9.2	90.4	4.5	218	0
PAY	2021	2	2	23	0	8.6	0	952.4	9.4	88.4	4.8	213	0
PAY	2021	2	3	0	0	8.4	0	952.2	9.3	87.5	3.8	225	0
PAY	2021	2	3	1	0	8.4	0	952.3	9.6	85	3.5	221	0
PAY	2021	2	3	2	0	8.5	0	951.7	9.9	84	3.7	219	0
PAY	2021	2	3	3	0	8.4	0	950.7	9.6	84.4	3.7	215	0
PAY	2021	2	3	4	0	8.1	0	949.9	9	88.7	3.4	214	0
PAY	2021	2	3	5	0	8.4	0	949.4	9.5	89.2	2.7	219	0
PAY	2021	2	3	6	0	8.4	0	948.7	9.1	90	2.6	211	0
PAY	2021	2	3	7	0	8.1	0	948.1	9	88.8	2.4	216	0
PAY	2021	2	3	8	0	8	9	948.2	9.1	85.2	2.7	214	57.69775381
PAY	2021	2	3	9	0	8	42	948.1	9.6	85.1	2.8	218	147.1126969
PAY	2021	2	3	10	0	8.8	52	948.3	11.1	74.7	5.7	228	136.2940415
PAY	2021	2	3	11	0	9	66	948.5	11.4	74.3	6	213	150.8418632
PAY	2021	2	3	12	0	9	83	948.5	11	77.3	7.1	208	184.5545036
PAY	2021	2	3	13	0	9.3	151	948.4	12.3	70.6	6.9	220	361.8811354
PAY	2021	2	3	14	0	8.5	68	950	8.6	82	6.7	246	198.6219026
PAY	2021	2	3	15	0	7.2	36	950.4	9	80	6.4	240	156.4357909
PAY	2021	2	3	16	0	7.4	21	951	9.5	73.3	7	235	238.0398716
PAY	2021	2	3	17	0	7.5	2	951.6	9	83.7	5.6	208	0
PAY	2021	2	3	18	0	7.3	0	951.8	9.4	74.8	8	215	0
PAY	2021	2	3	19	0	7.2	0	952.7	9.4	74.1	6.8	223	0
PAY	2021	2	3	20	0	7.2	0	953.5	10	69.4	6.6	229	0
PAY	2021	2	3	21	0	7	0	954.5	10.1	66.7	6.7	231	0
PAY	2021	2	3	22	0	7.1	0	955.4	10.4	57.9	7.4	224	0
PAY	2021	2	3	23	0	6.4	0	956.2	9.7	60.3	6.6	236	0
PAY	2021	2	4	0	0	6.3	0	956.7	9.2	64.6	3.8	234	0
PAY	2021	2	4	1	0	5.9	0	957	8.7	64	2.5	202	0
PAY	2021	2	4	2	0	5.3	0	957.2	6.7	75.8	1.1	294	0
PAY	2021	2	4	3	0	4.6	0	956.9	5.3	81.8	1.8	207	0
PAY	2021	2	4	4	0	3.5	0	956.9	3.5	91.2	1.9	195	0
PAY	2021	2	4	5	0	3.5	0	957	4.4	85.8	2.3	203	0
PAY	2021	2	4	6	0	2.8	0	957	3.3	90.5	1.2	101	0
PAY	2021	2	4	7	0	1.9	1	957.2	3.2	90.4	1.9	119	0
PAY	2021	2	4	8	0	2.3	23	957.8	3.4	90.2	1.4	202	143.796448
PAY	2021	2	4	9	0	3.2	83	958.4	4.2	90.3	0.9	225	286.4972304
PAY	2021	2	4	10	0	4.3	169	958.4	5.7	86.1	1	315	437.883618
PAY	2021	2	4	11	0	4.9	235	958.4	6.8	79.1	1.2	286	531.5312833
PAY	2021	2	4	12	0	5.6	217	958.3	7.4	80	1.9	346	477.5551934
PAY	2021	2	4	13	0	5.7	247	957.5	7.8	76.2	1.9	20	585.3746998
PAY	2021	2	4	14	0	6.3	276	957.2	8.3	74.1	2.6	28	795.394471
PAY	2021	2	4	15	0	6.2	160	957.1	8	76.7	2.8	4	681.8714825
PAY	2021	2	4	16	0	6.3	68	957.2	7.7	83.4	1.7	15	734.6054394
PAY	2021	2	4	17	0	6	7	956.9	6.7	89.5	1.6	34	0
PAY	2021	2	4	18	0	5.8	0	957	6.3	92.4	0.7	349	0
PAY	2021	2	4	19	0	5.7	0	956.7	6	92.5	0.9	284	0
PAY	2021	2	4	20	0	5.4	0	956.3	5.7	92.5	1.2	255	0
PAY	2021	2	4	21	0	5.1	0	955.9	5.4	94.1	1	207	0
PAY	2021	2	4	22	0	4.7	0	955.8	5.3	93.3	1.1	198	0
PAY	2021	2	4	23	0	4.3	0	955.7	4.5	95.4	1.3	198	0
PAY	2021	2	5	0	0	4.1	0	955.5	4	96.1	1.7	198	0
PAY	2021	2	5	1	0	3.7	0	955.2	4	95.2	1.5	194	0
PAY	2021	2	5	2	0	3.6	0	955.1	4.2	94.5	1.3	204	0
PAY	2021	2	5	3	0	3.7	0	955.5	3.4	96.9	1.7	203	0
PAY	2021	2	5	4	0	3.5	0	956.2	4.6	90.5	2	208	0
PAY	2021	2	5	5	0	4.2	0	956.7	4.4	91.1	2.7	205	0
PAY	2021	2	5	6	0	3.9	0	956.4	4.6	91.6	1.2	204	0
PAY	2021	2	5	7	0	4	0	956.6	4.5	92.8	1.6	14	0
PAY	2021	2	5	8	0	4	22	957	4.6	94.4	1	315	134.1436982
PAY	2021	2	5	9	0	4.3	81	957.2	5	91.7	1.1	304	275.508553
PAY	2021	2	5	10	0	4.9	154	956.8	6.1	88.2	1.4	35	394.4237513
PAY	2021	2	5	11	0	5.4	228	956.6	7	83.2	1.2	18	510.3406424
PAY	2021	2	5	12	0	6	249	956.4	7.8	79.7	1.1	41	542.3405455
PAY	2021	2	5	13	0	6.5	212	955.9	8.4	80.9	1.3	336	496.850483
PAY	2021	2	5	14	0	7.1	198	955.4	8.9	81.4	1.6	347	563.0186553
PAY	2021	2	5	15	0	7.1	52	955.3	8.3	83.6	1.9	9	217.3886357
PAY	2021	2	5	16	0	7	61	954.7	7.9	86.5	2.1	18	629.2503871
PAY	2021	2	5	17	0	6.6	10	954	7.1	88.5	2	35	0
PAY	2021	2	5	18	0	5.8	0	953.4	6	94.2	1.1	61	0
PAY	2021	2	5	19	0	5.1	0	953.1	5.3	95.4	1.1	276	0
PAY	2021	2	5	20	0	4.4	0	952.5	4.8	95.5	1.4	246	0
PAY	2021	2	5	21	0	3.8	0	952.6	4.2	97.6	2.1	201	0
PAY	2021	2	5	22	0	3.7	0	952.6	3.3	96.8	1.6	198	0
PAY	2021	2	5	23	0	3.6	0	952.4	4	96.7	1.9	189	0
PAY	2021	2	6	0	0	2.8	0	952.5	2.4	98.8	1	207	0
PAY	2021	2	6	1	0	2.9	0	952.1	2.1	99.4	1.3	169	0
PAY	2021	2	6	2	0	2.4	0	951.9	2.4	98	1.6	198	0
PAY	2021	2	6	3	0	3	0	951.4	2.6	98.4	1.9	189	0
PAY	2021	2	6	4	0	2.6	0	951	2.6	98.9	1.1	135	0
PAY	2021	2	6	5	0	2.6	0	950.9	2.6	98.3	1.1	198	0
PAY	2021	2	6	6	0	2.7	0	950.7	2.2	97.4	0.7	135	0
PAY	2021	2	6	7	0	2.5	0	950.5	2.1	99	0.9	72	0
PAY	2021	2	6	8	0	2.1	19	950.5	2.2	98.2	1.1	333	112.9956253
PAY	2021	2	6	9	0	2.7	50	950.3	3.2	98.7	1.3	220	167.5714416
PAY	2021	2	6	10	0	3.3	50	950	3.7	96.8	1	34	126.5781507
PAY	2021	2	6	11	0	3.7	75	948.9	3.9	97.7	1.4	14	166.1252463
PAY	2021	2	6	12	0	4.5	155	947.4	5.2	94.8	1.5	22	334.1242068
PAY	2021	2	6	13	0	4.7	88	946.7	5.1	94.5	1.8	348	203.9544061
PAY	2021	2	6	14	0	5	46	945.7	5.5	93.8	1.3	76	129.0716969
PAY	2021	2	6	15	0	5.3	110	944.8	5.8	92.2	1.4	360	451.211426
PAY	2021	2	6	16	0	5.3	73	943.8	5.7	93.8	1.1	288	720.3412752
PAY	2021	2	6	17	0	5	10	943.5	4.9	96.3	1.5	219	0
PAY	2021	2	6	18	0	4.7	0	943.8	4.9	96.1	1.2	174	0
PAY	2021	2	6	19	0	4.8	0	943.6	5.2	94.2	1.5	186	0
PAY	2021	2	6	20	0	4.6	0	942.9	5.1	93.8	0.8	198	0
PAY	2021	2	6	21	0	4.8	0	944.1	5.8	90.5	2.2	208	0
PAY	2021	2	6	22	0	5.1	0	943.6	5.7	92.2	2.7	219	0
PAY	2021	2	6	23	0	5.4	0	943.1	6.4	88.9	2.5	90	0
PAY	2021	2	7	0	0	5.2	0	942.5	5.4	92.7	1.6	68	0
PAY	2021	2	7	1	0	4.8	0	941.8	4.9	95.4	1.7	344	0
PAY	2021	2	7	2	0	4.2	0	941.8	4	98.3	1.4	297	0
PAY	2021	2	7	3	0	3.8	0	941.2	3.1	98.3	1.5	148	0
PAY	2021	2	7	4	0	3.3	0	940.7	3.4	97.9	2.1	197	0
PAY	2021	2	7	5	0	4.2	0	940.7	6.7	84.3	2.1	227	0
PAY	2021	2	7	6	0	6.2	0	940.3	7.4	85.6	4.6	235	0
PAY	2021	2	7	7	0	6.3	0	940.2	7.5	85.7	4.5	228	0
PAY	2021	2	7	8	0	6.3	7	940.6	7.1	89.3	5.4	222	40.6077268
PAY	2021	2	7	9	0	5.9	27	940.9	6.9	80.8	4.1	228	89.15621355
PAY	2021	2	7	10	0	5.1	59	941.2	6.9	77.5	4	236	147.6275048
PAY	2021	2	7	11	0	5.2	82	941.4	6.8	74.2	3.5	229	179.7319704
PAY	2021	2	7	12	0	4.6	97	941	6.8	67.1	4.1	235	206.9422071
PAY	2021	2	7	13	0	4.3	132	940.7	6.2	69.3	4.8	248	302.5487708
PAY	2021	2	7	14	0	3.7	123	940.6	5.5	70.8	4.3	248	340.5868951
PAY	2021	2	7	15	0	2.9	63	940.8	5	67	4.9	238	253.6212926
PAY	2021	2	7	16	0	2.9	41	941.2	4.3	78.4	5	212	387.6512419
PAY	2021	2	7	17	0	2.1	7	941.7	4	63.6	3.5	240	0
PAY	2021	2	7	18	0	1.4	0	942	3.5	66.7	3	218	0
PAY	2021	2	7	19	0	1.1	0	942	3.1	67.2	3.4	210	0
PAY	2021	2	7	20	0	1.1	0	941.7	3.6	64.6	4.1	199	0
PAY	2021	2	7	21	0	1.3	0	941.5	3.3	69.4	2.4	213	0
PAY	2021	2	7	22	0	1.2	0	941	2.7	76.7	1.7	219	0
PAY	2021	2	7	23	0	1.3	0	940.7	3.2	72.6	2.4	209	0
PAY	2021	2	8	0	0	1.3	0	940.5	2.7	75.9	2.3	218	0
PAY	2021	2	8	1	0	1.2	0	940	2.3	80.2	2.1	216	0
PAY	2021	2	8	2	0	1	0	939.8	2.3	81.7	2.7	206	0
PAY	2021	2	8	3	0	1.4	0	939.3	3	77.5	3.3	205	0
PAY	2021	2	8	4	0	1.6	0	939	2.8	78.1	3.2	215	0
PAY	2021	2	8	5	0	1.4	0	938.9	2.7	76.1	3.7	210	0
PAY	2021	2	8	6	0	1.3	0	938.8	2.8	76	3.8	230	0
PAY	2021	2	8	7	0	1.1	1	938.8	2.6	75.7	3.7	225	0
PAY	2021	2	8	8	0	1.3	59	938.8	3.3	70.7	3.5	219	333.899429
PAY	2021	2	8	9	0	2.3	225	938.7	5.2	64.2	4.2	222	732.0008888
PAY	2021	2	8	10	0	2.8	326	938.6	5.5	61.9	5.5	221	806.2012231
PAY	2021	2	8	11	0	2.9	567	938.2	7.1	50	8	232	1000
PAY	2021	2	8	12	0	3.3	573	937.7	7.4	50.3	7.8	241	1000
PAY	2021	2	8	13	0	3.2	466	937.5	7.3	39.7	8.9	232	1000
PAY	2021	2	8	14	0	2.7	196	937.4	7.1	47.9	8.4	235	535.6301661
PAY	2021	2	8	15	0	3.1	147	937.6	7	49	7.3	234	580.931482
PAY	2021	2	8	16	0	3.1	55	937.8	6.6	55.1	6.2	234	499.0391715
PAY	2021	2	8	17	0	3	14	938	6	58	4.6	227	0
PAY	2021	2	8	18	0	2.8	0	938.5	5.1	63.6	3	242	0
PAY	2021	2	8	19	0	2.3	0	938.7	4.4	67.5	2.4	247	0
PAY	2021	2	8	20	0	1.8	0	939	3.4	71.9	3.2	180	0
PAY	2021	2	8	21	0	1.4	0	939.4	4.5	64.5	1.5	184	0
PAY	2021	2	8	22	0	1.7	0	939.4	3.1	76.6	1.1	175	0
PAY	2021	2	8	23	0	1.2	0	939.7	1.5	85.6	2.3	42	0
PAY	2021	2	9	0	0	0.4	0	940.1	0.7	93.2	2.2	33	0
PAY	2021	2	9	1	0	0.1	0	940.2	0.3	93.8	2.2	19	0
PAY	2021	2	9	2	0	-0.2	0	940.3	-0.1	96.2	1.6	12	0
PAY	2021	2	9	3	0	-0.4	0	940.2	-0.2	97.3	1.4	4	0
PAY	2021	2	9	4	0	-0.2	0	940.8	-0.2	98.7	1.3	305	0
PAY	2021	2	9	5	0	-0.4	0	941.3	-0.4	100	0.2	315	0
PAY	2021	2	9	6	0	-0.2	0	942.1	-0.1	98.2	0.6	180	0
PAY	2021	2	9	7	0	-0.2	0	942.8	-0.1	98.1	1.1	104	0
PAY	2021	2	9	8	0	-0.2	19	943.1	-0.1	98.4	1.1	68	104.9127375
PAY	2021	2	9	9	0	0.1	82	943.5	0.3	96.8	0.9	90	262.8287079
PAY	2021	2	9	10	0	0.7	125	943.7	1.3	92.1	1.4	111	305.516247
PAY	2021	2	9	11	0	1.2	271	944.1	2.7	84.3	1.7	42	581.6100781
PAY	2021	2	9	12	0	2	527	944.2	4.2	74.2	2.6	52	1000
PAY	2021	2	9	13	0	2.4	365	943.9	3.9	78.5	3.1	51	818.2735282
PAY	2021	2	9	14	0	2.5	176	944.1	4	77.8	3.4	35	474.7299152
PAY	2021	2	9	15	0	2.3	124	943.9	3.8	79.8	3.1	69	481.1683258
PAY	2021	2	9	16	0	2.1	51	943.4	3.2	79.2	2.9	46	444.7204511
PAY	2021	2	9	17	0	1.5	9	943.1	2.2	80.8	2.9	32	0
PAY	2021	2	9	18	0	0.7	0	943.2	1.1	86.1	3	34	0
PAY	2021	2	9	19	0	0.3	0	943.1	0.8	89.6	2.9	51	0
PAY	2021	2	9	20	0	0.1	0	943	0.7	89	2.7	34	0
PAY	2021	2	9	21	0	0	0	943	0.6	89.4	2.6	28	0
PAY	2021	2	9	22	0	0	0	942.7	0.6	88.5	2.6	31	0
PAY	2021	2	9	23	0	-0.2	0	942.6	0.1	95	2.3	22	0
PAY	2021	2	10	0	0	-0.3	0	942.1	-0.2	97.7	1.8	40	0
PAY	2021	2	10	1	0	-0.4	0	941.5	-0.3	97.6	2.2	34	0
PAY	2021	2	10	2	0	-0.5	0	941.3	-0.5	99.4	1.5	20	0
PAY	2021	2	10	3	0	-0.4	0	941.3	-0.3	99.1	0.9	339	0
PAY	2021	2	10	4	0	-0.3	0	941.5	-0.2	97.7	1.1	217	0
PAY	2021	2	10	5	0	-0.3	0	941.8	-0.1	98.2	1.2	225	0
PAY	2021	2	10	6	0	-0.1	0	941.6	0	96.6	1.2	195	0
PAY	2021	2	10	7	0	-0.1	0	941.8	0	98.3	0.2	207	0
PAY	2021	2	10	8	0	-0.1	21	942.3	0.1	98.2	1	84	113.1539256
PAY	2021	2	10	9	0	0.1	91	943	0.5	96.3	1.3	81	287.3583391
PAY	2021	2	10	10	0	0.7	190	943.6	1.3	93.3	1.2	70	458.9526291
PAY	2021	2	10	11	0	1.3	240	944.3	2.1	90.7	1.3	76	509.6758416
PAY	2021	2	10	12	0	1.9	279	944.7	2.3	91	1.4	45	577.0302899
PAY	2021	2	10	13	0	2.4	228	945.1	3.8	88.5	1	74	505.5436751
PAY	2021	2	10	14	0	4.5	162	945.5	6.6	77.3	3.1	225	431.3352603
PAY	2021	2	10	15	0	5	109	946.4	6.4	80.1	4.8	229	415.4086319
PAY	2021	2	10	16	0	4.8	28	947.1	6	82.8	4.7	238	234.9698326
PAY	2021	2	10	17	0	3.9	0	948.4	4.6	79.3	3.2	253	0
PAY	2021	2	10	18	0	2.7	0	949.8	4.5	69.3	3.4	248	0
PAY	2021	2	10	19	0	1.5	0	951.2	3.2	69.2	4.5	249	0
PAY	2021	2	10	20	0	0.9	0	952.3	2.3	76.4	2.8	257	0
PAY	2021	2	10	21	0	0.3	0	953.6	1.5	74.5	2	261	0
PAY	2021	2	10	22	0	-0.6	0	954.6	-0.2	81.3	3.1	35	0
PAY	2021	2	10	23	0	-1.3	0	955.8	-0.4	82.3	3.8	51	0
PAY	2021	2	11	0	0	-2.1	0	957	-1.2	77.8	4.2	70	0
PAY	2021	2	11	1	0	-2.5	0	957.7	-1.4	78.8	3.7	58	0
PAY	2021	2	11	2	0	-2.7	0	958.6	-1.7	79.5	3.4	51	0
PAY	2021	2	11	3	0	-3.1	0	959.1	-2.1	77.6	3.1	46	0
PAY	2021	2	11	4	0	-3.5	0	959.7	-2.6	77.9	3.7	56	0
PAY	2021	2	11	5	0	-4	0	960.4	-2.9	76.9	4	50	0
PAY	2021	2	11	6	0	-4.4	0	961	-3.6	78.8	4.7	31	0
PAY	2021	2	11	7	0	-4.7	0	961.8	-3.9	82.6	4.5	31	0
PAY	2021	2	11	8	0	-5.1	23	962.3	-4.2	80.8	4.8	29	120.9552852
PAY	2021	2	11	9	0	-5.2	65	962.5	-4.4	80.2	4.9	36	202.2169698
PAY	2021	2	11	10	0	-5.1	183	962.9	-3.8	75.1	4.7	37	436.8681181
PAY	2021	2	11	11	0	-4.7	352	962.8	-3.4	75.6	4.8	31	739.6835232
PAY	2021	2	11	12	0	-4.7	230	962.9	-3.6	75.6	5.3	35	470.8053895
PAY	2021	2	11	13	0	-4.7	181	963.2	-3.6	77.2	5	35	396.9549168
PAY	2021	2	11	14	0	-4.6	157	963.4	-3.5	76.4	4.3	37	412.6755146
PAY	2021	2	11	15	0	-4.8	104	963.9	-3.6	75.3	4.7	33	389.3698544
PAY	2021	2	11	16	0	-4.8	57	963.9	-3.9	75.6	4.2	36	460.9179859
PAY	2021	2	11	17	0	-5.1	17	964.5	-4.1	76.1	4.5	36	0
PAY	2021	2	11	18	0	-5.7	0	964.7	-4.6	76	4.9	43	0
PAY	2021	2	11	19	0	-6	0	965.1	-5	74.7	4.9	41	0
PAY	2021	2	11	20	0	-6.3	0	964.8	-5.4	74.8	5.2	44	0
PAY	2021	2	11	21	0	-6.4	0	965	-5.3	76.6	4.6	50	0
PAY	2021	2	11	22	0	-6.4	0	965	-5.3	73.8	4.4	45	0
PAY	2021	2	11	23	0	-6.5	0	964.9	-5.5	75.6	4.4	44	0
PAY	2021	2	12	0	0	-6.5	0	964.6	-5.5	77.6	4.2	48	0
PAY	2021	2	12	1	0	-6.6	0	964.6	-5.7	76.6	4	47	0
PAY	2021	2	12	2	0	-6.6	0	964.7	-5.7	77.8	3.8	47	0
PAY	2021	2	12	3	0	-6.7	0	964.5	-5.8	77.5	3.9	37	0
PAY	2021	2	12	4	0	-6.8	0	964.4	-6	78.7	4.1	41	0
PAY	2021	2	12	5	0	-7	0	964.2	-6.3	79.1	4	43	0
PAY	2021	2	12	6	0	-7	0	963.9	-6.3	81.2	4.1	49	0
PAY	2021	2	12	7	0	-7	0	964.1	-6.4	81.3	3.8	47	0
PAY	2021	2	12	8	0	-7.1	14	964.2	-6.3	82.4	3.6	43	71.87011883
PAY	2021	2	12	9	0	-7	54	964.1	-6.2	81.2	4.3	40	165.5094279
PAY	2021	2	12	10	0	-6.8	94	963.8	-6	80.2	4.3	37	221.7739539
PAY	2021	2	12	11	0	-6.7	96	964.1	-5.8	79.1	4.2	38	199.6172518
PAY	2021	2	12	12	0	-6.6	119	963.9	-5.7	77.9	3.9	43	241.0963602
PAY	2021	2	12	13	0	-6.1	154	963.6	-5	74.9	3.9	41	334.0757166
PAY	2021	2	12	14	0	-6.2	154	963.6	-5	73.8	4.5	35	399.6537085
PAY	2021	2	12	15	0	-6.1	82	963.7	-4.8	75.3	3.8	40	301.6680513
PAY	2021	2	12	16	0	-6.1	29	963.8	-5	76.4	4.2	39	226.2390582
PAY	2021	2	12	17	0	-5.9	4	964	-4.7	71.4	3.8	42	0
PAY	2021	2	12	18	0	-6.2	0	964.3	-4.8	68.2	4.8	44	0
PAY	2021	2	12	19	0	-6.2	0	964.4	-4.8	66	4.8	44	0
PAY	2021	2	12	20	0	-6.2	0	964.6	-4.8	67.8	4.5	40	0
PAY	2021	2	12	21	0	-6.2	0	964.9	-4.8	67	5	43	0
PAY	2021	2	12	22	0	-6.4	0	965.1	-5.2	66.6	4.8	42	0
PAY	2021	2	12	23	0	-6.8	0	965.6	-5.5	66	5.8	41	0
PAY	2021	2	13	0	0	-7	0	966.2	-5.7	65.1	6	41	0
PAY	2021	2	13	1	0	-7.2	0	966.4	-5.8	65.8	5.4	42	0
PAY	2021	2	13	2	0	-7.4	0	966.6	-6.1	66.8	5.4	38	0
PAY	2021	2	13	3	0	-7.5	0	966.9	-6.4	66.8	5.1	40	0
PAY	2021	2	13	4	0	-7.8	0	967.4	-6.6	69	5.2	41	0
PAY	2021	2	13	5	0	-7.9	0	967.7	-6.7	69.1	4.4	47	0
PAY	2021	2	13	6	0	-8.1	0	967.9	-7	68.1	4.4	40	0
PAY	2021	2	13	7	0	-8.4	0	968.7	-7.3	70	5.2	37	0
PAY	2021	2	13	8	0	-8.5	21	968.6	-7.3	70.8	4.7	41	105.2554853
PAY	2021	2	13	9	0	-8.4	61	969.4	-7.2	70.3	4.7	32	184.2004983
PAY	2021	2	13	10	0	-8.1	123	969.9	-6.8	68.7	4.7	37	286.7958783
PAY	2021	2	13	11	0	-7.9	166	970.3	-6.4	65.8	4.9	35	341.5578308
PAY	2021	2	13	12	0	-7.4	211	970.2	-5.9	63.5	5	35	423.1258039
PAY	2021	2	13	13	0	-7	233	970.2	-5.3	64	5.2	34	499.9960614
PAY	2021	2	13	14	0	-6.9	166	970.7	-5.4	63.1	4.9	36	425.3750392
PAY	2021	2	13	15	0	-6.8	104	971	-4.9	62.7	5.1	40	376.0467617
PAY	2021	2	13	16	0	-6.7	49	971.2	-5.2	63.6	4.3	51	369.2187086
PAY	2021	2	13	17	0	-6.6	7	971.7	-5.1	65.3	4.1	55	0
PAY	2021	2	13	18	0	-6.8	0	972.2	-5.2	64	4.4	50	0
PAY	2021	2	13	19	0	-6.7	0	972.8	-5.2	65.4	3.4	47	0
PAY	2021	2	13	20	0	-6.8	0	973.3	-5.3	63.3	3.4	36	0
PAY	2021	2	13	21	0	-7	0	973.6	-5.4	62.5	4	34	0
PAY	2021	2	13	22	0	-7.2	0	973.6	-5.8	64.1	4.2	43	0
PAY	2021	2	13	23	0	-7.6	0	973.9	-6.2	62.1	4.6	42	0
PAY	2021	2	14	0	0	-7.8	0	974	-6.3	61.4	3.6	45	0
PAY	2021	2	14	1	0	-8	0	974.1	-6.5	61.6	4	34	0
PAY	2021	2	14	2	0	-8	0	974.3	-6.7	64.7	3.7	34	0
PAY	2021	2	14	3	0	-8	0	974.6	-6.8	69.4	3.2	41	0
PAY	2021	2	14	4	0	-8.3	0	975.1	-7	65.8	3.7	44	0
PAY	2021	2	14	5	0	-8.3	0	975.2	-6.9	67	3.1	46	0
PAY	2021	2	14	6	0	-8.1	0	975.5	-6.9	68.4	3.1	38	0
PAY	2021	2	14	7	0	-8.1	1	975.5	-7.1	70.8	3.1	32	21.05889378
PAY	2021	2	14	8	0	-8.1	37	976.2	-6.8	68.7	2.7	31	181.1001554
PAY	2021	2	14	9	0	-7.5	116	976.8	-5.7	66.6	2.1	23	345.1138271
PAY	2021	2	14	10	0	-6.9	224	977.5	-5.2	67.6	2.2	20	516.1854422
PAY	2021	2	14	11	0	-5.9	411	977.4	-3.5	64.4	2	353	836.8269153
PAY	2021	2	14	12	0	-5	536	977	-2.9	63.5	1.9	342	1000
PAY	2021	2	14	13	0	-4.5	523	976.8	-2	60	1.7	328	1000
PAY	2021	2	14	14	0	-3.6	447	976.3	-0.9	60.9	2.3	24	1000
PAY	2021	2	14	15	0	-3.2	337	976.2	-1.3	60.8	2.8	15	1000
PAY	2021	2	14	16	0	-3.1	185	976.1	-1.2	62.6	2.7	18	1000
PAY	2021	2	14	17	0	-3.4	31	976	-1.6	65.8	2.1	9	0
PAY	2021	2	14	18	0	-3.5	0	976.4	-2.5	80	1.1	22	0
PAY	2021	2	14	19	0	-4	0	976.2	-2.7	74.7	0.8	50	0
PAY	2021	2	14	20	0	-4.1	0	976	-3.3	77.1	1	96	0
PAY	2021	2	14	21	0	-4.2	0	976.3	-3.3	80.8	1.1	144	0
PAY	2021	2	14	22	0	-4.4	0	976.3	-3.8	81.4	1.3	176	0
PAY	2021	2	14	23	0	-4.8	0	976.3	-3.8	80.2	1.8	193	0
PAY	2021	2	15	0	0	-4.7	0	976.2	-3.9	83.3	1.8	204	0
PAY	2021	2	15	1	0	-4.5	0	976.3	-3.5	80.8	1.9	202	0
PAY	2021	2	15	2	0	-4.5	0	975.8	-3.6	85.3	1.5	194	0
PAY	2021	2	15	3	0	-4	0	975.3	-3.1	81.7	2.5	197	0
PAY	2021	2	15	4	0	-3.9	0	975.2	-2.9	80.7	2.1	205	0
PAY	2021	2	15	5	0	-3.9	0	975.2	-3.2	85.5	1.8	208	0
PAY	2021	2	15	6	0	-4	0	974.9	-3.2	87.7	0.9	146	0
PAY	2021	2	15	7	0	-3.9	5	974.9	-3	87.2	0.9	149	95.87927902
PAY	2021	2	15	8	0	-3.4	65	975.2	-1.8	84.9	1.1	156	310.7513276
PAY	2021	2	15	9	0	-2.4	136	975.4	-1.2	84.6	0.8	225	398.6594779
PAY	2021	2	15	10	0	-1.4	354	975.3	0.7	70.7	1.2	288	806.2297221
PAY	2021	2	15	11	0	0	419	974.8	2.4	67.3	1.5	323	844.221337
PAY	2021	2	15	12	0	0.8	288	974	4.9	45.3	2.8	222	565.8676925
PAY	2021	2	15	13	0	1.5	295	973.5	5.2	50.5	4.4	231	619.5667714
PAY	2021	2	15	14	0	1.6	137	973	5.3	50	3.2	217	342.3989327
PAY	2021	2	15	15	0	1.7	76	972.7	4.8	55.3	3.1	210	265.6607417
PAY	2021	2	15	16	0	1.5	26	972.5	4.6	54.2	2.5	218	183.3517743
PAY	2021	2	15	17	0	1.2	5	972.4	3.9	57.7	2.5	225	0
PAY	2021	2	15	18	0	0.9	0	972.5	3.1	63.4	1.7	225	0
PAY	2021	2	15	19	0	1.3	0	972.3	4.3	60.1	3	228	0
PAY	2021	2	15	20	0	1.6	0	972.1	4.8	56.9	3.3	231	0
PAY	2021	2	15	21	0	1.7	0	971.5	4	64.7	2.8	205	0
PAY	2021	2	15	22	0	1.7	0	971.6	4.5	61	3.4	245	0
PAY	2021	2	15	23	0	1.8	0	971.2	4.4	62.9	3.1	228	0
PAY	2021	2	16	0	0	1.8	0	971.2	4.2	63.3	2.6	217	0
PAY	2021	2	16	1	0	1.7	0	970.7	4	64.7	2.1	213	0
PAY	2021	2	16	2	0	1.5	0	970	3.1	72.4	1.7	222	0
PAY	2021	2	16	3	0	1.3	0	969.5	2.6	77.1	1.3	86	0
PAY	2021	2	16	4	0	1.3	0	969.2	2.8	75.8	0.8	99	0
PAY	2021	2	16	5	0	1.1	0	968.7	2.3	79.3	0.9	217	0
PAY	2021	2	16	6	0	0.9	0	968	1.4	86.8	1.4	63	0
PAY	2021	2	16	7	0	0.3	5	967.6	1.1	85.7	0.7	135	87.89078556
PAY	2021	2	16	8	0	0.6	80	967.4	2.3	81.1	1	193	373.6517473
PAY	2021	2	16	9	0	2.1	231	966.7	4.7	71.3	1.4	207	667.1956666
PAY	2021	2	16	10	0	2.8	334	966	6	60.1	1.3	243	751.8143624
PAY	2021	2	16	11	0	3.8	480	965.4	7.5	54.3	1.7	309	957.0733792
PAY	2021	2	16	12	0	4.8	529	964.6	10.1	50.5	1.5	318	1000
PAY	2021	2	16	13	0	5.4	400	963.7	9.3	56.1	2.2	49	831.1868823
PAY	2021	2	16	14	0	5.4	232	962.8	9.7	52.2	1.7	74	572.7297275
PAY	2021	2	16	15	0	5.3	203	961.9	9.7	49.4	3.3	213	697.9454202
PAY	2021	2	16	16	0	5.4	145	961.3	8.5	59.2	1.7	214	990.6930555
PAY	2021	2	16	17	0	4.5	37	961.2	6.4	68	1.3	67	0
PAY	2021	2	16	18	0	4.1	0	961.6	6.8	64.2	2.2	235	0
PAY	2021	2	16	19	0	3.5	0	961.6	4.9	73.8	2.5	247	0
PAY	2021	2	16	20	0	4.4	0	961.7	7.3	66.7	2.3	243	0
PAY	2021	2	16	21	0	5.2	0	962.2	9.2	61.6	2.9	233	0
PAY	2021	2	16	22	0	6.1	0	962.6	9.5	61.6	6.1	215	0
PAY	2021	2	16	23	0	6.2	0	963.1	9.3	65.2	5.6	209	0
PAY	2021	2	17	0	0	6.3	0	963.7	8.8	69.1	4.8	214	0
PAY	2021	2	17	1	0	6.3	0	964.2	7.9	80.4	4.9	219	0
PAY	2021	2	17	2	0	6.2	0	964.2	7.6	80.5	4.3	214	0
PAY	2021	2	17	3	0	6.1	0	964.6	7.6	79.2	4.1	215	0
PAY	2021	2	17	4	0	5.4	0	964.8	6.4	84.8	3.8	201	0
PAY	2021	2	17	5	0	5.4	0	965.2	6	85.7	3.5	208	0
PAY	2021	2	17	6	0	4.7	0	964.9	4.9	89.1	3.1	206	0
PAY	2021	2	17	7	0	3.6	5	965.2	3.8	89	2.7	196	81.0329158
PAY	2021	2	17	8	0	4	75	965.7	5.3	87.2	2.2	214	342.3057343
PAY	2021	2	17	9	0	5.2	218	966	7.7	74.9	2.3	207	620.4384184
PAY	2021	2	17	10	0	5.7	384	965.6	9.7	53.7	2.7	211	854.3141687
PAY	2021	2	17	11	0	6.3	514	965.4	10.5	52.6	3.2	255	1000
PAY	2021	2	17	12	0	6.7	544	964.8	10.9	52.3	3.3	232	1000
PAY	2021	2	17	13	0	6.8	534	964.3	11.7	48.4	2.3	273	1000
PAY	2021	2	17	14	0	6.9	466	963.8	11.4	48.2	2	346	1000
PAY	2021	2	17	15	0	6.9	349	963.3	11.6	48.4	1.9	36	1000
PAY	2021	2	17	16	0	6.6	185	962.9	11.2	49.5	1.3	52	1000
PAY	2021	2	17	17	0	6.1	42	962.7	8.4	64.2	1.5	39	0
PAY	2021	2	17	18	0	4.5	0	962.9	5.6	73.6	1.2	90	0
PAY	2021	2	17	19	0	3.5	0	962.9	5.7	71.1	1.2	162	0
PAY	2021	2	17	20	0	2.6	0	963	2.7	85.4	1.5	194	0
PAY	2021	2	17	21	0	1.4	0	963.1	2.2	86.2	2.1	200	0
PAY	2021	2	17	22	0	1.1	0	963	1.9	85.6	1.4	188	0
PAY	2021	2	17	23	0	0.4	0	962.7	0.7	90.2	1.5	176	0
PAY	2021	2	18	0	0	-0.3	0	962.7	0.2	91.3	1.4	194	0
PAY	2021	2	18	1	0	-1	0	962.5	-0.8	95.3	1.8	205	0
PAY	2021	2	18	2	0	-0.9	0	962.1	-0.7	93.2	1.9	193	0
PAY	2021	2	18	3	0	-1.3	0	961.8	-1.2	95.3	1.8	197	0
PAY	2021	2	18	4	0	-1.3	0	961.8	-1.4	95.8	1.2	174	0
PAY	2021	2	18	5	0	-1.5	0	961.6	-1.7	96.4	1.2	169	0
PAY	2021	2	18	6	0	-1.7	0	961.2	-1.5	95.5	0.9	202	0
PAY	2021	2	18	7	0	-2	10	961	-1.9	96.8	0.9	124	150.1720825
PAY	2021	2	18	8	0	-1.1	111	961.2	0	91.7	0.8	180	495.1691227
PAY	2021	2	18	9	0	0.5	238	960.9	1.6	85.6	0.9	329	667.4926614
PAY	2021	2	18	10	0	1	237	960.7	2.3	85	1.5	343	521.1626782
PAY	2021	2	18	11	0	2.1	262	960.8	4.1	82.9	1	304	511.6552575
PAY	2021	2	18	12	0	3.2	333	960.1	5.4	76.3	1.3	27	634.7780789
PAY	2021	2	18	13	0	4.2	261	959.3	5.7	76.9	1.4	15	531.0340725
PAY	2021	2	18	14	0	4.3	195	958.8	6.4	73.7	1.8	43	469.8444149
PAY	2021	2	18	15	0	4.8	173	958.4	6.9	74.5	1.6	56	575.8514795
PAY	2021	2	18	16	0	4.8	109	958.1	6.5	74	1.5	13	700.9821603
PAY	2021	2	18	17	0	4.2	31	958.4	4.9	83.4	1.2	261	0
PAY	2021	2	18	18	0	3.2	0	958.5	2.7	92.6	0.9	146	0
PAY	2021	2	18	19	0	2.8	0	958.8	4.5	81.6	2.1	82	0
PAY	2021	2	18	20	0	3.2	0	959.3	4.2	83.8	1.8	270	0
PAY	2021	2	18	21	0	3	0	960	5.6	79.2	1.8	90	0
PAY	2021	2	18	22	0	5.7	0	960.3	9.3	66.1	2.6	248	0
PAY	2021	2	18	23	0	6.6	0	960.4	9.8	63.3	4.3	220	0
PAY	2021	2	19	0	0	6.7	0	960.9	10.1	61.7	4.1	214	0
PAY	2021	2	19	1	0	6.7	0	960.6	9.3	67.6	3.8	212	0
PAY	2021	2	19	2	0	6.5	0	960.6	9.4	66.1	3.9	195	0
PAY	2021	2	19	3	0	6.3	0	960.6	8.7	69.5	3.7	199	0
PAY	2021	2	19	4	0	6.2	0	960.9	9	66.7	3.2	205	0
PAY	2021	2	19	5	0	6.3	0	961.3	9.4	64.9	3.5	220	0
PAY	2021	2	19	6	0	6	0	961.5	8.3	69.1	3.5	223	0
PAY	2021	2	19	7	0	5.5	6	961.9	7.5	72.1	2.2	217	83.86056866
PAY	2021	2	19	8	0	5.3	35	962.2	6.5	81.3	1.4	195	152.6444629
PAY	2021	2	19	9	0	5.7	157	962.6	8.1	75.7	1.7	6	433.9365911
PAY	2021	2	19	10	0	6.4	254	962.5	9.4	69.8	2.3	41	552.0980422
PAY	2021	2	19	11	0	7.2	453	962.3	10.8	61.3	1.7	25	875.5664928
PAY	2021	2	19	12	0	8.2	532	961.6	12.7	58.3	1.3	333	1000
PAY	2021	2	19	13	0	8.3	511	961.2	14.2	43.9	3.5	250	1000
PAY	2021	2	19	14	0	8.4	453	960.8	14.3	48.3	2.9	225	1000
PAY	2021	2	19	15	0	8.6	338	960.5	14.1	48	2.3	245	1000
PAY	2021	2	19	16	0	8.8	167	960.5	13.9	50	1.8	223	1000
PAY	2021	2	19	17	0	8.5	57	960.5	10.8	69.2	1.7	36	0
PAY	2021	2	19	18	0	7	0	960.7	7.3	80.9	1.8	77	0
PAY	2021	2	19	19	0	5.9	0	961.3	6.6	81.3	1.3	191	0
PAY	2021	2	19	20	0	4.7	0	961.6	4.6	87.6	1.7	204	0
PAY	2021	2	19	21	0	4.1	0	961.8	4.5	86.6	1.5	196	0
PAY	2021	2	19	22	0	3.7	0	961.9	4.6	85.5	2.5	192	0
PAY	2021	2	19	23	0	2.7	0	961.9	2.6	93.1	2.1	191	0
PAY	2021	2	20	0	0	2.6	0	961.9	2.3	93.7	1.6	180	0
PAY	2021	2	20	1	0	2.3	0	962	2.6	91.6	1.5	201	0
PAY	2021	2	20	2	0	1.9	0	962.1	2.4	90.3	1.5	188	0
PAY	2021	2	20	3	0	1.2	0	961.6	1.7	92.9	1.9	205	0
PAY	2021	2	20	4	0	0.5	0	961.4	0.5	95.1	1.3	84	0
PAY	2021	2	20	5	0	0.3	0	961.6	0.5	94.9	1.1	135	0
PAY	2021	2	20	6	0	0.5	0	961.8	0.9	95.4	1.9	195	0
PAY	2021	2	20	7	0	0.1	7	962.3	0.2	95.6	1.5	153	91.41707165
PAY	2021	2	20	8	0	0.5	121	962.8	1.8	93.8	1.1	187	516.0458216
PAY	2021	2	20	9	0	3.1	276	962.9	5	83.9	1.2	236	751.8404491
PAY	2021	2	20	10	0	4.6	407	962.7	7.5	76.1	1.3	333	874.4920837
PAY	2021	2	20	11	0	6.2	520	962.2	8.9	69.7	1.5	24	994.7888908
PAY	2021	2	20	12	0	7.3	573	961.7	10.9	68.7	2.1	344	1000
PAY	2021	2	20	13	0	8.1	559	961	12.3	61.2	1.8	4	1000
PAY	2021	2	20	14	0	8.8	491	960.5	13	57.9	1.9	19	1000
PAY	2021	2	20	15	0	8.8	373	960.1	13	56.8	2.2	25	1000
PAY	2021	2	20	16	0	8.9	215	960	13.1	56	1.8	25	1000
PAY	2021	2	20	17	0	7.9	48	960	9.5	70.2	2.1	11	0
PAY	2021	2	20	18	0	6.2	0	960.4	7.8	77.6	1	61	0
PAY	2021	2	20	19	0	5.2	0	960.8	4.8	90	1.3	139	0
PAY	2021	2	20	20	0	4.6	0	961	4.8	90.1	1.6	196	0
PAY	2021	2	20	21	0	3.6	0	961.1	3.7	92.6	1.7	207	0
PAY	2021	2	20	22	0	3.1	0	961.3	4.3	89	1.9	193	0
PAY	2021	2	20	23	0	2.9	0	961.5	4	85.3	1.5	196	0
PAY	2021	2	21	0	0	1.8	0	961.6	1	95.3	0.8	191	0
PAY	2021	2	21	1	0	0.7	0	961.6	0.3	95.3	1.2	90	0
PAY	2021	2	21	2	0	0.6	0	961.4	0.6	92.6	1.2	135	0
PAY	2021	2	21	3	0	-0.1	0	961.4	0.2	87.3	1.4	186	0
PAY	2021	2	21	4	0	-0.7	0	961.5	-0.5	90.5	1	198	0
PAY	2021	2	21	5	0	-0.6	0	961.7	0.1	86.7	1.1	194	0
PAY	2021	2	21	6	0	-0.9	0	961.5	-0.1	86.1	1	180	0
PAY	2021	2	21	7	0	-1.6	6	961.8	-1.4	91.8	0.9	63	73.47336384
PAY	2021	2	21	8	0	-0.7	134	962	0.8	87.6	0.9	146	558.9943595
PAY	2021	2	21	9	0	1.1	293	961.9	3.1	86.9	1	270	786.7017526
PAY	2021	2	21	10	0	3.2	427	961.5	6.9	66.8	1	309	906.9684384
PAY	2021	2	21	11	0	5.2	544	961.1	8.5	62.9	1.7	345	1000
PAY	2021	2	21	12	0	6.5	590	960.6	10.5	57.5	1.5	351	1000
PAY	2021	2	21	13	0	7.7	574	959.7	12.6	51.3	1.6	51	1000
PAY	2021	2	21	14	0	8.4	504	959.1	13.4	52.5	2.3	349	1000
PAY	2021	2	21	15	0	8.6	384	958.8	13.6	52.1	1.7	349	1000
PAY	2021	2	21	16	0	8.3	228	958.6	13.5	47.3	1.6	32	1000
PAY	2021	2	21	17	0	8	64	958.5	10.6	63	1.9	47	0
PAY	2021	2	21	18	0	6.2	0	958.8	7.8	70.1	1.5	82	0
PAY	2021	2	21	19	0	4.8	0	959	5.8	80.7	1.1	140	0
PAY	2021	2	21	20	0	4	0	959.2	4.3	87.1	1	153	0
PAY	2021	2	21	21	0	3.5	0	959.9	4	86.9	1.7	197	0
PAY	2021	2	21	22	0	2.9	0	960.5	2.9	89.6	2.1	195	0
PAY	2021	2	21	23	0	1.8	0	960.9	1.7	91	1.9	184	0
PAY	2021	2	22	0	0	1.4	0	961.3	1.3	93	1.5	198	0
PAY	2021	2	22	1	0	0.9	0	962	1	90.3	1.7	195	0
PAY	2021	2	22	2	0	0.4	0	962.2	1	88.3	1.4	162	0
PAY	2021	2	22	3	0	0.1	0	962.3	0.7	89.9	1.5	169	0
PAY	2021	2	22	4	0	-0.2	0	962.6	0.6	89.5	0.9	360	0
PAY	2021	2	22	5	0	-0.2	0	963.2	-0.2	92.8	0.9	360	0
PAY	2021	2	22	6	0	-0.6	0	963.2	-0.3	92.5	1.4	153	0
PAY	2021	2	22	7	0	-0.7	9	963.7	-0.4	93.3	1.6	197	103.6684714
PAY	2021	2	22	8	0	0.2	68	964.5	1.6	85.5	1.4	158	277.5385059
PAY	2021	2	22	9	0	1.4	109	964.8	2.4	86.8	1	0	288.4919105
PAY	2021	2	22	10	0	2.2	134	964.8	4	82.5	1	8	281.3831233
PAY	2021	2	22	11	0	3	168	965	5	73.3	0.9	297	314.9078018
PAY	2021	2	22	12	0	3.9	173	965	6.2	76.5	1.4	360	316.999079
PAY	2021	2	22	13	0	5	305	964.8	8.8	63.3	1.2	297	595.5255303
PAY	2021	2	22	14	0	5.8	279	965.1	8.9	64.6	1.5	351	641.3534796
PAY	2021	2	22	15	0	6.2	202	965.9	9.3	66.4	1.2	29	632.0301962
PAY	2021	2	22	16	0	6.3	81	966.3	8.8	67.1	0.6	90	466.0730212
PAY	2021	2	22	17	0	6	26	967.4	8.1	72.8	1.4	231	0
PAY	2021	2	22	18	0	5	0	968.7	5.7	83.1	1.1	27	0
PAY	2021	2	22	19	0	4.3	0	969.6	5.2	84.8	1.2	270	0
PAY	2021	2	22	20	0	3.6	0	970.2	4	87.9	1.2	246	0
PAY	2021	2	22	21	0	3.2	0	971	3.8	88	1.2	130	0
PAY	2021	2	22	22	0	2.7	0	971.7	3.2	88.2	1.3	99	0
PAY	2021	2	22	23	0	2.1	0	972.4	2.4	91.1	1.4	153	0
PAY	2021	2	23	0	0	1.9	0	972.9	2.7	88.5	1	140	0
PAY	2021	2	23	1	0	1.8	0	973.3	2.1	88.9	1	198	0
PAY	2021	2	23	2	0	1.1	0	973.8	1.9	87.5	1.4	180	0
PAY	2021	2	23	3	0	0.6	0	973.9	1.3	87.9	1	174	0
PAY	2021	2	23	4	0	0.4	0	974.6	1.4	88.2	1.3	185	0
PAY	2021	2	23	5	0	0.3	0	975	0.3	91.8	1.1	112	0
PAY	2021	2	23	6	0	0.1	0	975.4	0.5	89.7	1.1	180	0
PAY	2021	2	23	7	0	0.1	12	976	-0.1	92.5	1.2	153	130.3943931
PAY	2021	2	23	8	0	0.7	105	976.7	2.4	85.8	1.1	83	419.400736
PAY	2021	2	23	9	0	3	246	976.9	5.8	79.3	1.5	202	641.8718523
PAY	2021	2	23	10	0	4.5	376	977.2	7.6	69.9	1.4	45	780.6175853
PAY	2021	2	23	11	0	5.7	480	977.6	8.9	64	2.1	6	890.6946897
PAY	2021	2	23	12	0	6.4	522	977.5	10.6	57.3	1.7	343	947.2528916
PAY	2021	2	23	13	0	7.5	511	977.1	13	55.2	1.3	60	987.7531646
PAY	2021	2	23	14	0	8.3	449	976.6	13.6	48.8	1	9	1000
PAY	2021	2	23	15	0	9	333	976.4	14.3	49.4	1.4	333	1000
PAY	2021	2	23	16	0	9.1	185	976.6	14	47.4	1.5	330	1000
PAY	2021	2	23	17	0	8.4	51	976.7	11	66.3	1.4	36	0
PAY	2021	2	23	18	0	7	1	977.3	8.8	68.5	1.1	63	0
PAY	2021	2	23	19	0	5.7	0	977.6	7.8	71.7	1.4	153	0
PAY	2021	2	23	20	0	5	0	977.8	6.3	79.8	1.5	201	0
PAY	2021	2	23	21	0	4.3	0	978.2	5.3	81.8	1.2	209	0
PAY	2021	2	23	22	0	4.2	0	978.4	5.3	83.2	1.5	188	0
PAY	2021	2	23	23	0	3.6	0	978.4	3.8	90.1	1.2	195	0
PAY	2021	2	24	0	0	3.3	0	978.5	3.1	92	1.2	180	0
PAY	2021	2	24	1	0	2.9	0	978.6	3	91.5	1.6	188	0
PAY	2021	2	24	2	0	2.6	0	978.4	2.7	92.7	1.3	189	0
PAY	2021	2	24	3	0	2	0	978.2	1.4	93.9	1.1	180	0
PAY	2021	2	24	4	0	1.8	0	978	2.1	92.7	1	169	0
PAY	2021	2	24	5	0	1.3	0	977.9	1.1	94.2	0.8	187	0
PAY	2021	2	24	6	0	1.1	0	977.8	1	92.5	1.2	200	0
PAY	2021	2	24	7	0	1.1	12	977.8	1.9	90.5	1.4	188	123.3304807
PAY	2021	2	24	8	0	1.8	107	977.9	3.4	92.7	0.8	210	418.3740235
PAY	2021	2	24	9	0	3.8	251	977.8	5.8	79.3	1.2	288	645.7092309
PAY	2021	2	24	10	0	5	384	977.5	8	69.1	1	333	788.2596455
PAY	2021	2	24	11	0	6.8	487	977.1	10.6	61.2	1.3	331	894.662242
PAY	2021	2	24	12	0	7.7	533	976.1	12.1	57.1	1.6	348	957.9414108
PAY	2021	2	24	13	0	8.6	530	975.1	14	51.7	1.5	356	1000
PAY	2021	2	24	14	0	9.8	478	974.3	15.3	54.1	1.8	37	1000
PAY	2021	2	24	15	0	10.1	359	973.7	15.4	52.5	2	3	1000
PAY	2021	2	24	16	0	10	211	973.5	15.2	50.9	1.6	12	1000
PAY	2021	2	24	17	0	9.6	62	973.4	13.1	59.9	1.3	333	0
PAY	2021	2	24	18	0	8.1	1	973.5	9.7	75	1.2	34	0
PAY	2021	2	24	19	0	6.8	0	973.7	7.5	83.1	1	58	0
PAY	2021	2	24	20	0	5.8	0	973.7	5.4	89.1	1.1	96	0
PAY	2021	2	24	21	0	5.3	0	973.9	6.3	86.1	1.9	184	0
PAY	2021	2	24	22	0	4.7	0	973.8	5.5	89.9	1.2	175	0
PAY	2021	2	24	23	0	4.1	0	973.8	4.2	91.4	1.7	196	0
PAY	2021	2	25	0	0	3.6	0	973.7	3.8	91.4	1.6	196	0
PAY	2021	2	25	1	0	3.2	0	973.9	3.8	92.3	1.4	194	0
PAY	2021	2	25	2	0	2.4	0	973.6	2.4	91.4	1.4	194	0
PAY	2021	2	25	3	0	1.9	0	973.3	1.9	94	1	194	0
PAY	2021	2	25	4	0	1.6	0	973.3	1.5	91.6	1.2	191	0
PAY	2021	2	25	5	0	1	0	973.3	1.2	94.4	1.3	194	0
PAY	2021	2	25	6	0	0.3	0	973.1	0.3	93.5	1	180	0
PAY	2021	2	25	7	0	0.3	14	973.3	0.2	94.2	1.3	246	136.4179902
PAY	2021	2	25	8	0	1.2	139	973.4	3	87.2	1.1	180	532.1740327
PAY	2021	2	25	9	0	3.5	302	973.3	6.4	70	0.7	34	766.0667366
PAY	2021	2	25	10	0	5.2	438	973.1	8.5	69.4	1.4	345	889.0620044
PAY	2021	2	25	11	0	7.2	552	972.8	11.4	63.1	1.8	356	1000
PAY	2021	2	25	12	0	8.2	597	972.2	13.1	56.2	1.8	349	1000
PAY	2021	2	25	13	0	9.6	581	971.3	15.6	51.3	1.4	49	1000
PAY	2021	2	25	14	0	10	514	971	15.5	49.2	2.8	337	1000
PAY	2021	2	25	15	0	9.9	394	970.7	15.4	48.7	1.9	13	1000
PAY	2021	2	25	16	0	9.9	236	970.7	15.2	47.8	1.7	332	1000
PAY	2021	2	25	17	0	9.1	66	971.1	12.5	63.1	1	311	0
PAY	2021	2	25	18	0	7.8	1	971.7	8.2	81.2	0.9	288	0
PAY	2021	2	25	19	0	6.6	0	972.1	8.6	71	1.5	225	0
PAY	2021	2	25	20	0	5.7	0	972.4	6.4	83.3	2.4	205	0
PAY	2021	2	25	21	0	5.5	0	973	6.4	83.5	2.2	201	0
PAY	2021	2	25	22	0	4.6	0	973.3	5.3	86.9	1.3	214	0
PAY	2021	2	25	23	0	3.6	0	973.3	4.4	88	1.5	186	0
PAY	2021	2	26	0	0	3.7	0	973.4	5.7	75.5	1.9	187	0
PAY	2021	2	26	1	0	3.2	0	973.4	4	82	1.4	209	0
PAY	2021	2	26	2	0	2.5	0	973.3	4.1	81.3	1.1	180	0
PAY	2021	2	26	3	0	2.1	0	972.9	3.1	86.1	1	63	0
PAY	2021	2	26	4	0	1.7	0	973	1.4	93.5	0.8	326	0
PAY	2021	2	26	5	0	1.4	0	972.9	2.7	84.9	1.3	172	0
PAY	2021	2	26	6	0	0.7	0	972.7	1.9	87.7	1.5	207	0
PAY	2021	2	26	7	0	0.6	16	972.9	1.8	86.4	1.2	144	148.1419661
PAY	2021	2	26	8	0	1.4	133	973	3.3	85.5	1.1	236	498.7312186
PAY	2021	2	26	9	0	3.9	276	972.9	7.2	67.7	1.1	202	690.4205108
PAY	2021	2	26	10	0	5.3	411	972.7	8.6	66.7	1.4	294	824.9996077
PAY	2021	2	26	11	0	6.3	524	972.5	10.1	56.7	1.4	340	943.7124212
PAY	2021	2	26	12	0	7.7	555	971.7	12.4	51.4	1.6	356	978.6792419
PAY	2021	2	26	13	0	7.9	559	970.9	13.7	47.6	1.9	346	1000
PAY	2021	2	26	14	0	8.5	330	970.5	13.8	47.6	1.6	34	725.2607889
PAY	2021	2	26	15	0	8.7	195	970.5	13.5	53	1.8	30	575.6444723
PAY	2021	2	26	16	0	8.6	84	970.5	13.5	50.4	1.7	62	437.3684307
PAY	2021	2	26	17	0	8.3	29	970.5	11.9	60	1.7	37	0
PAY	2021	2	26	18	0	8.3	1	970.6	11.9	61.7	1.6	50	0
PAY	2021	2	26	19	0	8	0	970.4	10.7	67.8	1.5	9	0
PAY	2021	2	26	20	0	7.5	0	970.2	10.3	65.5	1.3	51	0
PAY	2021	2	26	21	0	6.5	0	970.3	7.8	77.3	1.6	49	0
PAY	2021	2	26	22	0	6.5	0	970.7	8.1	78	1.8	21	0
PAY	2021	2	26	23	0	6.7	0	971	8.5	76.1	3.7	36	0
PAY	2021	2	27	0	0	6.3	0	971.5	7.9	78.7	4	50	0
PAY	2021	2	27	1	0	5.9	0	971.9	7.2	83.9	4	28	0
PAY	2021	2	27	2	0	5.9	0	971.5	6.8	84.2	5.9	39	0
PAY	2021	2	27	3	0	5.2	0	971.3	6.1	84.8	6.3	40	0
PAY	2021	2	27	4	0	4.9	0	971.2	5.8	84.6	4.8	38	0
PAY	2021	2	27	5	0	4.6	0	971.2	5.9	80	6.1	44	0
PAY	2021	2	27	6	0	4.1	0	971.5	5.6	73.5	7	47	0
PAY	2021	2	27	7	0	3.4	2	971.9	5.3	71.2	7.2	46	17.63153143
PAY	2021	2	27	8	0	3.3	24	972.3	5.2	72.6	6.2	50	88.1700825
PAY	2021	2	27	9	0	3.3	59	972.2	5.2	74.3	7.2	47	145.5633886
PAY	2021	2	27	10	0	3.6	159	972	5.6	74.1	7.1	46	315.6449439
PAY	2021	2	27	11	0	3.8	172	971.9	5.7	74	7.3	46	306.7434728
PAY	2021	2	27	12	0	3.7	116	971.8	5.8	72.1	7.9	49	202.640788
PAY	2021	2	27	13	0	3.8	137	971.6	6	70.2	8.1	51	254.6094255
PAY	2021	2	27	14	0	3.9	211	971.5	6.5	68.8	8.7	60	458.7012204
PAY	2021	2	27	15	0	4.3	394	971.4	6.8	65	8.9	62	1000
PAY	2021	2	27	16	0	4.1	226	971.5	6.8	64	8.6	67	1000
PAY	2021	2	27	17	0	3.8	67	971.6	6.6	61.6	7.6	56	0
PAY	2021	2	27	18	0	3.5	1	971.8	6.2	62.8	6.9	50	0
PAY	2021	2	27	19	0	3.3	0	971.9	5.8	64.8	6.3	48	0
PAY	2021	2	27	20	0	2.9	0	972	5.4	63.3	5.7	43	0
PAY	2021	2	27	21	0	2.6	0	972.1	5	65	5.3	36	0
PAY	2021	2	27	22	0	2.4	0	972.3	4.7	65.8	5.8	38	0
PAY	2021	2	27	23	0	2.3	0	972.3	4.4	68.1	5	39	0
PAY	2021	2	28	0	0	2	0	972.4	4.1	68.3	4.3	44	0
PAY	2021	2	28	1	0	1.9	0	972.3	3.9	68.3	4.1	55	0
PAY	2021	2	28	2	0	1.6	0	971.9	3.5	70.5	3.9	45	0
PAY	2021	2	28	3	0	1.4	0	971.7	3.3	70.5	4	38	0
PAY	2021	2	28	4	0	1.3	0	971.8	3	73.8	3	46	0
PAY	2021	2	28	5	0	1.2	0	972	2.9	73	3.6	39	0
PAY	2021	2	28	6	0	1.1	0	972	2.6	74.5	3.6	30	0
PAY	2021	2	28	7	0	1	6	972.2	2.5	75.4	3.3	27	50.45874925
PAY	2021	2	28	8	0	1.1	40	972.5	2.7	76.2	3.4	35	144.0074323
PAY	2021	2	28	9	0	1.3	100	972.7	3.2	75.7	3.2	41	243.3594314
PAY	2021	2	28	10	0	1.7	180	972.9	3.6	75.2	3.4	41	353.4283693
PAY	2021	2	28	11	0	2.1	267	973	4.1	72.5	3.1	35	471.5538002
PAY	2021	2	28	12	0	2.6	346	972.7	5	69.9	2.7	25	598.8299107
PAY	2021	2	28	13	0	3.1	550	972	5.9	66.5	2.9	31	1000
PAY	2021	2	28	14	0	3.7	519	971.6	6.3	64.3	3.1	27	1000
PAY	2021	2	28	15	0	4	400	971.4	6.8	65.2	3.6	24	1000
PAY	2021	2	28	16	0	4	241	971.3	6.2	66	4.2	23	1000
PAY	2021	2	28	17	0	3.4	80	971.5	5.4	69.8	3.3	35	0
PAY	2021	2	28	18	0	2.6	2	971.9	4	76.1	1.9	58	0
PAY	2021	2	28	19	0	1.6	0	972.1	1.7	86.2	1.5	48	0
PAY	2021	2	28	20	0	0.8	0	972.2	1.5	86.8	1	29	0
PAY	2021	2	28	21	0	0	0	972.3	0.3	92.9	1.1	27	0
PAY	2021	2	28	22	0	-0.3	0	972.4	-0.6	94.7	1.1	27	0
PAY	2021	2	28	23	0	-0.9	0	972.1	-0.4	93.6	1.9	198	0
PAY	2021	3	1	0	0	-1.2	0	972.2	-1.1	95.7	1.1	180	0
PAY	2021	3	1	1	0	-1.5	0	972.1	-1	94.5	1.1	166	0
PAY	2021	3	1	2	0	-1.8	0	971.9	-2	98.1	1.6	195	0
PAY	2021	3	1	3	0	-2.1	0	971.9	-2	96.7	0.9	166	0
PAY	2021	3	1	4	0	-2.2	0	971.7	-2.2	97.5	1	174	0
PAY	2021	3	1	5	0	-2.3	0	971.7	-2.5	97.5	1.2	174	0
PAY	2021	3	1	6	0	-2.4	0	971.7	-2	95.7	1.2	141	0
PAY	2021	3	1	7	0	-2.7	21	972	-2.6	96.9	1.2	174	168.7703223
PAY	2021	3	1	8	0	-1.6	146	972.3	-0.3	92.8	0.4	56	515.2441475
PAY	2021	3	1	9	0	0.3	302	972.2	1.9	86.5	0.7	27	725.0323742
PAY	2021	3	1	10	0	1.9	444	972	3.9	80.3	1	310	862.3388115
PAY	2021	3	1	11	0	3.2	565	971.8	5.7	73.4	1.6	343	988.2738272
PAY	2021	3	1	12	0	4.3	616	971.4	7.1	67	1.4	326	1000
PAY	2021	3	1	13	0	5.2	600	970.7	9.1	62.2	2	360	1000
PAY	2021	3	1	14	0	6	534	970.1	9.7	57.7	2.3	18	1000
PAY	2021	3	1	15	0	6.5	412	969.9	10.1	58.2	2.4	6	1000
PAY	2021	3	1	16	0	6.4	254	969.8	10.3	54	2.8	18	1000
PAY	2021	3	1	17	0	5.8	86	970	8.3	57.9	2.2	3	1000
PAY	2021	3	1	18	0	4.3	2	970.5	6.3	64.1	1.1	15	0
PAY	2021	3	1	19	0	3	0	970.8	4.3	76.7	1	24	0
PAY	2021	3	1	20	0	2.4	0	971	2.9	83	1.4	90	0
PAY	2021	3	1	21	0	1.7	0	971.2	2.3	85.7	1.4	198	0
PAY	2021	3	1	22	0	1.2	0	971.4	1.6	88.3	1.6	191	0
PAY	2021	3	1	23	0	0.3	0	971.7	0.4	91.8	1.7	197	0
PAY	2021	3	2	0	0	0.1	0	972	0.8	90.1	1.6	198	0
PAY	2021	3	2	1	0	-0.1	0	972.2	0.2	91.4	1.4	184	0
PAY	2021	3	2	2	0	-0.6	0	972.2	-0.4	93.5	1.4	196	0
PAY	2021	3	2	3	0	-1	0	972.2	-0.9	94.7	1.5	191	0
PAY	2021	3	2	4	0	-1.1	0	972.4	-1.3	93.8	1.5	191	0
PAY	2021	3	2	5	0	-1.5	0	972.5	-1	94.1	1.3	173	0
PAY	2021	3	2	6	0	-1.9	0	972.7	-2.1	95.8	1.5	191	0
PAY	2021	3	2	7	0	-1.8	24	973.2	-1.2	95.4	1.6	207	184.6269999
PAY	2021	3	2	8	0	-0.5	170	973.7	1.1	87.1	1.1	360	588.2544465
PAY	2021	3	2	9	0	1.2	326	974.1	3.4	81.4	1.5	239	772.1935686
PAY	2021	3	2	10	0	3.7	464	974	7.1	71.6	1.3	276	891.4957112
PAY	2021	3	2	11	0	5.1	577	973.8	9	58.8	1.4	18	999.6554667
PAY	2021	3	2	12	0	6	615	973.1	10.6	53.1	1.9	353	1000
PAY	2021	3	2	13	0	6.8	599	972.7	12.2	45.6	1.7	343	1000
PAY	2021	3	2	14	0	7.5	534	972.3	13.6	46.1	1.8	65	1000
PAY	2021	3	2	15	0	7.6	347	972.1	13.8	41.7	1.3	63	969.878085
PAY	2021	3	2	16	0	7.4	214	971.8	12.8	41.7	1.6	56	1000
PAY	2021	3	2	17	0	7	40	972.1	10.6	57.5	1.1	353	945.1808842
PAY	2021	3	2	18	0	5.9	1	972.6	7.6	67.9	0.9	326	0
PAY	2021	3	2	19	0	4.4	0	972.7	6.2	70.1	1.1	158	0
PAY	2021	3	2	20	0	3.8	0	972.8	5.6	74.3	1.5	180	0
PAY	2021	3	2	21	0	3.5	0	973.3	4.3	82.4	1.5	210	0
PAY	2021	3	2	22	0	3	0	973.2	4.3	81.4	1.9	199	0
PAY	2021	3	2	23	0	2.7	0	973.2	3.3	85.7	2	198	0
PAY	2021	3	3	0	0	2.3	0	973.2	4.1	79.4	1.6	188	0
PAY	2021	3	3	1	0	2.1	0	973.3	3	84.1	1.3	190	0
PAY	2021	3	3	2	0	2.1	0	973	3.5	80.6	1.3	185	0
PAY	2021	3	3	3	0	2.2	0	972.9	3.6	79.8	1.4	167	0
PAY	2021	3	3	4	0	2	0	973	3.8	75.4	1.9	193	0
PAY	2021	3	3	5	0	1.5	0	973.3	2.4	83.7	1.2	188	0
PAY	2021	3	3	6	0	1	0	973.1	2	84	1.1	124	0
PAY	2021	3	3	7	0	0.8	11	973.5	1.4	85.9	1.5	197	81.12487914
PAY	2021	3	3	8	0	1.3	65	973.7	2.6	83.9	1.4	185	220.6006527
PAY	2021	3	3	9	0	2.5	137	973.7	4.5	82.1	0.9	229	320.2171735
PAY	2021	3	3	10	0	3.3	205	973.5	5.5	72.1	0.8	281	389.67542
PAY	2021	3	3	11	0	3.8	237	973.1	7.1	65.1	0.8	301	406.7301894
PAY	2021	3	3	12	0	4.8	245	972.7	7.6	65.7	1.1	27	412.5715009
PAY	2021	3	3	13	0	5.3	222	971.9	8.5	63.1	0.8	34	397.3141158
PAY	2021	3	3	14	0	5.5	186	971.4	8.5	65.2	1.4	35	387.6251952
PAY	2021	3	3	15	0	5.8	152	971	8.7	65.8	1.3	61	419.30258
PAY	2021	3	3	16	0	5.9	103	970.4	8.3	69.6	1.3	72	479.6309006
PAY	2021	3	3	17	0	5.6	36	970.1	7.5	73.3	0.8	76	771.6078141
PAY	2021	3	3	18	0	4.9	1	970.3	6	82.3	0.9	77	0
PAY	2021	3	3	19	0	4.4	0	970.1	5.8	79.6	0.9	96	0
PAY	2021	3	3	20	0	4	0	969.9	4.7	85.6	0.6	90	0
PAY	2021	3	3	21	0	3.7	0	969.7	4.8	83.9	1	164	0
PAY	2021	3	3	22	0	3.5	0	969.4	4.4	86.9	1.2	189	0
PAY	2021	3	3	23	0	3.4	0	968.8	4.2	86.4	1.2	195	0
PAY	2021	3	4	0	0	3.4	0	968.4	4.9	78.6	1.5	210	0
PAY	2021	3	4	1	0	3.3	0	968	4.4	83.1	1.7	188	0
PAY	2021	3	4	2	0	3.3	0	967.4	4.3	85.5	0.8	157	0
PAY	2021	3	4	3	0	3.2	0	966.8	3.6	87.7	1.1	169	0
PAY	2021	3	4	4	0	2.9	0	966.4	3.6	88.2	0.9	149	0
PAY	2021	3	4	5	0	3	0	966	3.8	86.9	0.9	349	0
PAY	2021	3	4	6	0	2.9	0	965.8	3.3	90.8	1.2	54	0
PAY	2021	3	4	7	0	2.5	12	965.4	2.8	92.2	0.7	191	84.96683511
PAY	2021	3	4	8	0	3	160	965.3	5.5	77.7	1.1	214	532.735646
PAY	2021	3	4	9	0	4.6	300	964.8	8	65.1	1	256	692.0214044
PAY	2021	3	4	10	0	5.3	310	964.2	8.6	65.9	1.7	330	583.0442501
PAY	2021	3	4	11	0	6.3	319	963.7	12.1	45.9	1.2	108	542.3393239
PAY	2021	3	4	12	0	6.7	582	963	14.1	38.2	4.2	226	971.3384175
PAY	2021	3	4	13	0	7	569	961.9	14.3	32.5	4.1	234	1000
PAY	2021	3	4	14	0	6.8	327	961.4	13.6	36.5	4.1	236	674.5357272
PAY	2021	3	4	15	0	6.9	128	960.9	13.3	38.5	3.4	247	348.5613076
PAY	2021	3	4	16	0	7	121	960.5	12.5	45.1	2.7	257	551.8555076
PAY	2021	3	4	17	0	7.3	39	960.8	10.9	60.4	3.1	293	764.8967663
PAY	2021	3	4	18	0	6.8	1	961.3	9.6	64.4	2.3	298	0
PAY	2021	3	4	19	0	6.5	0	961.3	7.8	83.2	1.7	97	0
PAY	2021	3	4	20	0	6.5	0	961.2	8	80.8	2.2	133	0
PAY	2021	3	4	21	0	6.3	0	961.4	7.6	83.3	1.6	194	0
PAY	2021	3	4	22	0	5.7	0	961.4	5.6	94.1	1	121	0
PAY	2021	3	4	23	0	5.2	0	961.2	5.3	94.4	1.2	198	0
PAY	2021	3	5	0	0	5.2	0	961.1	6.3	87.4	1.4	84	0
PAY	2021	3	5	1	0	5	0	961.3	5.3	94.7	1.1	191	0
PAY	2021	3	5	2	0	5.1	0	961.2	5.3	96.5	0.9	22	0
PAY	2021	3	5	3	0	5.2	0	960.8	5.8	92.7	1.6	167	0
PAY	2021	3	5	4	0	5.1	0	961	5	96.6	1.6	180	0
PAY	2021	3	5	5	0	4.5	0	961	4.1	97.9	1.2	124	0
PAY	2021	3	5	6	0	4.2	0	961	4.3	96.6	1.4	191	0
PAY	2021	3	5	7	0	4.3	11	961.2	5.2	92.6	1.3	127	74.87904289
PAY	2021	3	5	8	0	5	81	961.8	5.5	92.6	1.1	162	264.6649097
PAY	2021	3	5	9	0	5.9	200	961.8	7.5	83.1	1.2	36	455.3680342
PAY	2021	3	5	10	0	6.1	334	961.9	8.9	65.1	2.2	47	621.614219
PAY	2021	3	5	11	0	6.1	294	961.9	8.6	63.1	2.7	53	495.2105031
PAY	2021	3	5	12	0	6	320	962	8.8	72.9	3.3	46	529.3619839
PAY	2021	3	5	13	0	5.8	106	962.3	7.2	73.2	5.5	43	186.2826614
PAY	2021	3	5	14	0	4.9	114	962.6	6.3	77.4	5.3	40	232.7974017
PAY	2021	3	5	15	0	4.6	116	962.9	6.6	74.3	4.7	35	311.8891182
PAY	2021	3	5	16	0	4.4	150	963.4	6.3	75.5	4.8	45	670.3562836
PAY	2021	3	5	17	0	3.9	72	964.1	5.1	75.2	4.9	47	1000
PAY	2021	3	5	18	0	3.1	2	965	4.5	77.5	5.7	46	0
PAY	2021	3	5	19	0	2.9	0	965.6	4.2	79.7	5.3	39	0
PAY	2021	3	5	20	0	2.6	0	965.7	3.6	80	5.2	35	0
PAY	2021	3	5	21	0	2	0	966	2.9	82.7	4.8	39	0
PAY	2021	3	5	22	0	1.5	0	966.2	2.5	81.8	4.5	37	0
PAY	2021	3	5	23	0	1.3	0	966.4	2.4	81.9	4.4	42	0
PAY	2021	3	6	0	0	1.3	0	966.4	2.2	82.9	4.9	43	0
PAY	2021	3	6	1	0	1	0	966.5	2.3	78.7	3.7	44	0
PAY	2021	3	6	2	0	1	0	966.4	2.2	79.6	4.3	42	0
PAY	2021	3	6	3	0	0.8	0	966.3	2	78.5	4	45	0
PAY	2021	3	6	4	0	0.5	0	966.4	1.7	77.3	5	44	0
PAY	2021	3	6	5	0	0.2	0	966.8	1.4	77.2	4.4	46	0
PAY	2021	3	6	6	0	-0.2	0	967.1	1	78.2	4.5	46	0
PAY	2021	3	6	7	0	-0.3	10	967.6	0.9	78	3.8	50	65.5278947
PAY	2021	3	6	8	0	-0.3	49	968.1	1.2	78	4.4	42	157.1622201
PAY	2021	3	6	9	0	0.1	113	968.4	1.7	77.3	3.2	40	253.9840957
PAY	2021	3	6	10	0	0.7	195	968.5	2.4	74.6	2.9	36	359.1607192
PAY	2021	3	6	11	0	1.4	290	968.5	3.5	71.8	3.5	34	483.9976726
PAY	2021	3	6	12	0	1.8	257	968.4	4	70.3	2.8	32	421.4368389
PAY	2021	3	6	13	0	1.9	204	968.3	4	69.6	3.1	34	355.31118
PAY	2021	3	6	14	0	2.1	218	968.1	4.4	67.7	2.8	44	440.7615685
PAY	2021	3	6	15	0	2.5	277	968	4.6	67.9	2.6	31	735.498305
PAY	2021	3	6	16	0	2.5	214	967.9	4.7	67.6	2.7	31	937.5620459
PAY	2021	3	6	17	0	2	92	967.9	4.1	66.7	2.5	27	1000
PAY	2021	3	6	18	0	1.4	4	968.1	2.7	74.4	2	43	0
PAY	2021	3	6	19	0	1	0	968.2	2.3	75.4	2	60	0
PAY	2021	3	6	20	0	0.4	0	968	1.3	79.4	2.7	50	0
PAY	2021	3	6	21	0	-0.6	0	968.2	-0.3	87.3	1.1	84	0
PAY	2021	3	6	22	0	-1.2	0	968.2	-0.2	87.1	1.5	176	0
PAY	2021	3	6	23	0	-0.9	0	968	0.3	86.6	1.7	197	0
PAY	2021	3	7	0	0	-0.2	0	967.7	0.4	91.4	1.7	201	0
PAY	2021	3	7	1	0	0.2	0	967.3	1.1	85.6	1.4	207	0
PAY	2021	3	7	2	0	0.1	0	966.8	0.8	86.4	2	207	0
PAY	2021	3	7	3	0	-0.1	0	966.3	0.3	91.7	1.7	207	0
PAY	2021	3	7	4	0	0.2	0	966.1	1	86.8	1.6	212	0
PAY	2021	3	7	5	0	0.4	0	965.8	1.3	87.4	1.1	126	0
PAY	2021	3	7	6	0	0.5	0	965.8	1.2	88.3	1	239	0
PAY	2021	3	7	7	0	0.7	8	965.8	1.5	88.2	1	294	50.52468976
PAY	2021	3	7	8	0	1.2	51	965.9	2.3	87.5	0.8	34	160.614204
PAY	2021	3	7	9	0	1.6	202	965.7	3	79.6	1.1	331	448.2676024
PAY	2021	3	7	10	0	2.3	369	965.3	4.9	76.7	1.1	315	672.6768566
PAY	2021	3	7	11	0	3.9	528	964.6	7.3	68.2	1.3	306	873.2195829
PAY	2021	3	7	12	0	5.4	656	963.9	8.2	68.3	2	325	1000
PAY	2021	3	7	13	0	6	468	962.8	8.8	67	2.5	321	807.9480669
PAY	2021	3	7	14	0	6.2	272	962.2	8.7	75.9	2.1	347	544.562749
PAY	2021	3	7	15	0	6.4	157	961.5	9.8	59.9	2.3	252	411.7625512
PAY	2021	3	7	16	0	6.6	139	961	8.9	72.6	1.8	18	597.2605735
PAY	2021	3	7	17	0	6.3	53	960.8	8.9	62	2	270	828.785036
PAY	2021	3	7	18	0	5.6	1	961.1	7.7	71.2	1.7	250	0
PAY	2021	3	7	19	0	5.3	0	961.1	6.8	75	2.3	201	0
PAY	2021	3	7	20	0	4.5	0	961	4.5	87.4	1.2	221	0
PAY	2021	3	7	21	0	4.3	0	961	5	86.8	1.4	170	0
PAY	2021	3	7	22	0	4.1	0	960.9	4.8	89.2	1.5	189	0
PAY	2021	3	7	23	0	3.9	0	960.8	4.8	88.8	1.4	207	0
PAY	2021	3	8	0	0	3.9	0	960.4	4.6	88.8	1.2	124	0
PAY	2021	3	8	1	0	3.7	0	960.3	4.2	91.7	1.2	243	0
PAY	2021	3	8	2	0	3.6	0	960	4	93.3	1.3	229	0
PAY	2021	3	8	3	0	3.8	0	959.5	4.2	93.8	1	270	0
PAY	2021	3	8	4	0	3.9	0	959.6	4.2	96.6	1	37	0
PAY	2021	3	8	5	0	4.1	0	959.7	4.3	95.7	1.9	62	0
PAY	2021	3	8	6	0	4	0	959.9	4.3	96.8	1	53	0
PAY	2021	3	8	7	0	3.9	6	960	4.2	92.7	1.6	16	36.56397977
PAY	2021	3	8	8	0	3.9	68	960.4	4.5	94.9	1.4	24	210.3318555
PAY	2021	3	8	9	0	4.1	172	960.5	5.2	86.2	2.2	22	376.9083082
PAY	2021	3	8	10	0	4.6	413	960.4	6.6	80.5	3	52	745.2520925
PAY	2021	3	8	11	0	5.2	553	960.1	8.4	69.2	3.2	38	906.3611102
PAY	2021	3	8	12	0	5.8	630	959.7	9.6	57.3	3.2	42	1000
PAY	2021	3	8	13	0	5.6	624	959	9.9	50.5	3.4	37	1000
PAY	2021	3	8	14	0	5.8	569	958.5	10.2	46.9	3.8	29	1000
PAY	2021	3	8	15	0	5.8	443	958.3	10.6	49	3.6	32	1000
PAY	2021	3	8	16	0	5.4	279	957.9	9.8	48.5	4.7	28	1000
PAY	2021	3	8	17	0	4.7	102	958.2	8.2	54.5	4.4	34	1000
PAY	2021	3	8	18	0	4	6	958.6	5.8	67.6	3.2	42	0
PAY	2021	3	8	19	0	3.1	0	959	5	68.9	2	66	0
PAY	2021	3	8	20	0	2.2	0	959	3.1	77.6	1.6	56	0
PAY	2021	3	8	21	0	1.6	0	959.1	3.7	69.2	1.9	52	0
PAY	2021	3	8	22	0	1	0	959.4	1.4	82.2	1.5	45	0
PAY	2021	3	8	23	0	0.3	0	959.2	1.1	80.7	0.9	45	0
PAY	2021	3	9	0	0	-0.4	0	959	0.7	80.9	1.1	202	0
PAY	2021	3	9	1	0	-0.8	0	959.1	-0.1	85	0.8	210	0
PAY	2021	3	9	2	0	-1.3	0	958.8	-0.9	86	1.1	202	0
PAY	2021	3	9	3	0	-1.6	0	958.5	-1.3	87.4	1.3	209	0
PAY	2021	3	9	4	0	-1.8	0	958.5	-0.5	83.2	1.5	207	0
PAY	2021	3	9	5	0	-2	0	958.6	-1.4	87.4	1.3	198	0
PAY	2021	3	9	6	0	-2.4	0	958.8	-1.9	89	1.6	191	0
PAY	2021	3	9	7	0	-2.1	48	959.1	-1.4	90.2	1.1	198	282.5580223
PAY	2021	3	9	8	0	-1.1	154	959.5	0.6	82.3	0.8	97	467.9715902
PAY	2021	3	9	9	0	0.4	347	959.6	2.7	67.7	1.2	346	750.9695059
PAY	2021	3	9	10	0	0.6	355	959.6	3.5	63.3	1.5	13	634.1654576
PAY	2021	3	9	11	0	2	454	959.5	5	60.5	1.6	32	737.4993569
PAY	2021	3	9	12	0	2.9	581	959.4	6.7	55.6	1.6	4	928.5814487
PAY	2021	3	9	13	0	3.7	511	958.8	8.9	51.3	2.2	27	866.9977344
PAY	2021	3	9	14	0	3.6	344	958.5	7.2	54.5	2.5	342	675.5765296
PAY	2021	3	9	15	0	3.8	294	958.5	7.3	53.2	2.3	342	752.7280651
PAY	2021	3	9	16	0	4.1	174	958.6	7.8	58.2	1.9	315	720.0676743
PAY	2021	3	9	17	0	3.9	96	959.1	7.2	54.8	1.8	315	1000
PAY	2021	3	9	18	0	2.7	8	960	5.7	49	2.3	7	0
PAY	2021	3	9	19	0	1.7	0	960.7	4.9	51.3	2.4	10	0
PAY	2021	3	9	20	0	0.9	0	960.9	3.8	56.1	1.7	87	0
PAY	2021	3	9	21	0	0.2	0	961.1	1.8	65.8	1	143	0
PAY	2021	3	9	22	0	-0.5	0	961.5	0.6	73.8	1.4	171	0
PAY	2021	3	9	23	0	-1.1	0	961.5	-0.1	77.9	1.5	192	0
PAY	2021	3	10	0	0	-1.5	0	961.4	-0.4	80.1	1.6	195	0
PAY	2021	3	10	1	0	-2.1	0	961.8	-1.5	84.8	2.1	203	0
PAY	2021	3	10	2	0	-2.3	0	961.5	-2.3	87.7	2.1	194	0
PAY	2021	3	10	3	0	-2.6	0	961.5	-1.6	85.3	1.1	141	0
PAY	2021	3	10	4	0	-2.9	0	961.9	-2.5	88.8	1.3	193	0
PAY	2021	3	10	5	0	-3.1	0	962.6	-2.5	90.1	1.5	196	0
PAY	2021	3	10	6	0	-3	1	962.8	-2.3	88.3	1.2	173	0
PAY	2021	3	10	7	0	-2.8	40	963.3	-1.9	87.8	1.5	196	227.6894336
PAY	2021	3	10	8	0	-1.4	209	963.7	0.9	79.4	1.4	203	624.1190531
PAY	2021	3	10	9	0	0.6	319	964	3	70.2	1.3	215	681.9211584
PAY	2021	3	10	10	0	2	513	963.7	5.5	64.3	1.2	310	907.322239
PAY	2021	3	10	11	0	3.1	625	963.1	7.4	53.8	1.5	315	1000
PAY	2021	3	10	12	0	4	639	962.5	8.3	46.1	1.8	337	1000
PAY	2021	3	10	13	0	4.2	652	962	8.9	42	2.5	344	1000
PAY	2021	3	10	14	0	4.2	576	961.3	9.5	42	1.8	297	1000
PAY	2021	3	10	15	0	4.7	455	960.6	10.3	42	1.7	283	1000
PAY	2021	3	10	16	0	5.1	247	960	10.4	42.6	2	302	1000
PAY	2021	3	10	17	0	4.5	109	960.2	8.6	51.5	2	298	1000
PAY	2021	3	10	18	0	3.9	5	960	7.6	48	2.6	193	0
PAY	2021	3	10	19	0	3.4	0	960.2	7.5	47.7	2.3	214	0
PAY	2021	3	10	20	0	3	0	960.3	5.8	56.8	1.8	220	0
PAY	2021	3	10	21	0	3	0	960.1	6.6	54.5	2	192	0
PAY	2021	3	10	22	0	3.3	0	959.7	7.9	45.5	3.8	222	0
PAY	2021	3	10	23	0	3.5	0	959	8.4	43.5	3.6	218	0
PAY	2021	3	11	0	0	3.6	0	958.6	8.2	45.8	4.3	215	0
PAY	2021	3	11	1	0	3.7	0	958.3	8	48.3	4.9	212	0
PAY	2021	3	11	2	0	3.7	0	957.7	8	48.2	4.4	213	0
PAY	2021	3	11	3	0	3.9	0	957.3	8.8	45.8	4.2	216	0
PAY	2021	3	11	4	0	4.6	0	957.1	9.1	47.8	6.2	227	0
PAY	2021	3	11	5	0	4.7	0	957	9.2	47.1	4.4	211	0
PAY	2021	3	11	6	0	4.6	0	957.2	8.9	49	5.3	214	0
PAY	2021	3	11	7	0	4.6	20	957.5	9.6	45.6	6	222	110.1945547
PAY	2021	3	11	8	0	5.3	80	957.7	10.5	45.2	5.9	221	234.8295301
PAY	2021	3	11	9	0	5.9	183	957.8	11	46.7	6.8	225	386.4657752
PAY	2021	3	11	10	0	6.2	151	957.2	11.4	48.1	7.3	214	264.4482839
PAY	2021	3	11	11	0	7.3	197	956.3	12.4	51.3	8.2	220	314.4584842
PAY	2021	3	11	12	0	7.9	170	955.8	12.4	57.5	8.3	210	267.2228656
PAY	2021	3	11	13	0	8.6	191	954.7	12.9	57.7	8.3	211	318.6258093
PAY	2021	3	11	14	0	8.9	92	953.6	13.2	57.6	8.4	216	177.3258782
PAY	2021	3	11	15	0	9	78	952.9	13.3	58	7.7	219	195.1013481
PAY	2021	3	11	16	0	9.2	122	952.3	13.3	58.9	8.9	225	487.0299618
PAY	2021	3	11	17	0	9.1	41	952.5	12.1	66.9	9.1	238	505.3734444
PAY	2021	3	11	18	0	8.9	0	954.5	9.6	80.4	10.3	248	0
PAY	2021	3	11	19	0	7.8	0	955.7	9.5	81.4	8.7	236	0
PAY	2021	3	11	20	0	7.4	0	956.2	9.9	66.7	8.2	230	0
PAY	2021	3	11	21	0	7	0	956.8	8.7	78.9	6.1	221	0
PAY	2021	3	11	22	0	6.5	0	957.7	9.7	61.4	7.9	244	0
PAY	2021	3	11	23	0	6.1	0	958.2	9.2	60.8	7.3	223	0
PAY	2021	3	12	0	0	5.7	0	958.8	7.6	71.3	6.7	242	0
PAY	2021	3	12	1	0	5.2	0	959.3	8	62.6	5.1	247	0
PAY	2021	3	12	2	0	4.2	0	959.1	7.4	54.6	6.7	237	0
PAY	2021	3	12	3	0	3.3	0	959.2	6.3	58.7	5.8	219	0
PAY	2021	3	12	4	0	2.8	0	959.4	5.7	58.8	5.8	226	0
PAY	2021	3	12	5	0	2.1	0	959.8	4.4	64.9	3.8	220	0
PAY	2021	3	12	6	0	1.8	0	960	3.4	72.6	3.4	203	0
PAY	2021	3	12	7	0	1.9	69	959.9	4.5	67.5	2.8	190	368.3302781
PAY	2021	3	12	8	0	3	230	959.9	6.3	63.9	2.6	214	663.8205051
PAY	2021	3	12	9	0	4	404	959.9	8.1	55.2	5.3	236	842.9935158
PAY	2021	3	12	10	0	4.5	501	959.5	7.9	54.9	6.1	243	868.903419
PAY	2021	3	12	11	0	4.8	449	959.1	9.1	53.5	5.9	247	710.5690802
PAY	2021	3	12	12	0	4.5	286	958.8	8.7	49.4	6.4	237	445.910742
PAY	2021	3	12	13	0	4.5	178	958.6	8.6	51.7	4.8	264	294.4863384
PAY	2021	3	12	14	0	4.7	294	958.1	9.4	50.2	4.8	264	561.5031506
PAY	2021	3	12	15	0	4.8	207	957.6	10	42.8	4.8	242	511.9121747
PAY	2021	3	12	16	0	4.6	235	957.3	9.5	39.3	6.4	215	921.9311057
PAY	2021	3	12	17	0	4.3	74	957.2	9.1	46.3	6.5	222	866.5189253
PAY	2021	3	12	18	0	4.1	7	957.4	7.8	52.2	6	221	0
PAY	2021	3	12	19	0	3.6	0	957.6	6.7	55.7	4.9	219	0
PAY	2021	3	12	20	0	3.2	0	957.9	6.6	54.6	4.9	214	0
PAY	2021	3	12	21	0	3.2	0	958.1	6.9	53.2	4.9	215	0
PAY	2021	3	12	22	0	3.4	0	958.4	7.1	54.5	5.6	218	0
PAY	2021	3	12	23	0	3.8	0	958.5	7.3	56.8	5.2	234	0
PAY	2021	3	13	0	0	4	0	958.4	6.6	66	7.4	222	0
PAY	2021	3	13	1	0	4	0	958.1	6.5	66.3	6	222	0
PAY	2021	3	13	2	0	3.7	0	957.3	5.8	69.9	4.9	218	0
PAY	2021	3	13	3	0	3.7	0	956.6	5.5	71.7	5.1	219	0
PAY	2021	3	13	4	0	3.4	0	956.2	6.1	63.8	5.8	218	0
PAY	2021	3	13	5	0	3.3	0	956.1	6.3	61.2	5.9	226	0
PAY	2021	3	13	6	0	3.3	1	955.8	6.4	59.5	6.1	229	0
PAY	2021	3	13	7	0	3.5	57	955.8	7	55.5	8	220	295.0624921
PAY	2021	3	13	8	0	3.9	170	956.1	7.7	55.3	8.7	217	482.5582045
PAY	2021	3	13	9	0	4.5	386	955.4	9.5	46.5	9	212	795.9396035
PAY	2021	3	13	10	0	4.8	316	954.4	9.4	46.6	10	216	542.802504
PAY	2021	3	13	11	0	5	293	954.1	10.1	46.5	10.4	222	459.7651132
PAY	2021	3	13	12	0	5.8	695	953	11.8	40.6	11	218	1000
PAY	2021	3	13	13	0	5.6	291	952.5	10.6	44.7	11.4	223	477.5118736
PAY	2021	3	13	14	0	5.8	383	951.4	11.5	43.5	11	223	724.906022
PAY	2021	3	13	15	0	5.7	238	951.2	10.6	44.3	11.7	227	582.0249931
PAY	2021	3	13	16	0	5.4	133	951	10.4	45.3	11	231	512.9519786
PAY	2021	3	13	17	0	5	12	952.9	5.9	82.8	10.3	255	133.8401823
PAY	2021	3	13	18	0	4.2	0	953.2	5.1	87.1	6.5	240	0
PAY	2021	3	13	19	0	4.3	0	952.7	5.5	83.8	6.6	221	0
PAY	2021	3	13	20	0	4.2	0	953.1	5.7	78.7	8.3	218	0
PAY	2021	3	13	21	0	3.9	0	953.2	6.1	70.3	8	218	0
PAY	2021	3	13	22	0	4	0	953.2	5.9	74	8.1	219	0
PAY	2021	3	13	23	0	3.4	0	952.4	3.7	85.9	8.9	230	0
PAY	2021	3	14	0	0	2.8	0	953.2	2.6	89.1	5.5	250	0
PAY	2021	3	14	1	0	2.3	0	953.2	3.4	85.3	5.7	233	0
PAY	2021	3	14	2	0	2.3	0	953.3	3.5	81.5	6.2	218	0
PAY	2021	3	14	3	0	1.7	0	954.6	3.3	74.5	7	221	0
PAY	2021	3	14	4	0	1.3	0	956	3.2	66.9	5.6	227	0
PAY	2021	3	14	5	0	0.8	0	956.5	2.9	68.3	5.2	237	0
PAY	2021	3	14	6	0	0.6	0	957.5	1.2	88.7	5.6	224	0
PAY	2021	3	14	7	0	0.7	32	957.8	2.4	72.7	5.9	194	160.7739404
PAY	2021	3	14	8	0	1.1	277	958.2	4.1	54.4	5.5	226	773.527283
PAY	2021	3	14	9	0	1.4	196	958.7	3.6	69.2	5.9	217	399.4536111
PAY	2021	3	14	10	0	2.4	471	958.5	5	67.9	6.1	219	801.3979798
PAY	2021	3	14	11	0	2	243	959	4.1	67	6.5	232	378.11956
PAY	2021	3	14	12	0	2	180	959	3.9	73.3	6	217	276.1877108
PAY	2021	3	14	13	0	2.2	185	959	3.4	81.1	6.1	210	301.1324575
PAY	2021	3	14	14	0	2.6	195	959.2	4.4	73.7	5.4	214	365.8077739
PAY	2021	3	14	15	0	2.8	136	959.8	4.3	82.8	4.9	227	328.9442762
PAY	2021	3	14	16	0	3.2	126	959.9	4.7	77.5	5	206	477.9091477
PAY	2021	3	14	17	0	3	30	960.1	4.8	73.5	4.6	208	319.4636567
PAY	2021	3	14	18	0	2.6	0	960.8	3.1	88.4	4.4	214	0
PAY	2021	3	14	19	0	1.9	0	961.3	2.3	90.9	4.9	205	0
PAY	2021	3	14	20	0	2.1	0	961.6	3.2	84.9	4.4	205	0
PAY	2021	3	14	21	0	2.1	0	961.7	2.7	89.4	4.2	217	0
PAY	2021	3	14	22	0	2	0	961.5	2.5	91	5.4	208	0
PAY	2021	3	14	23	0	2.2	0	961.6	2.8	90.8	4.6	204	0
PAY	2021	3	15	0	0	2.4	0	961.1	3.5	83.6	4.2	206	0
PAY	2021	3	15	1	0	2.4	0	961.2	3.2	85	5.3	215	0
PAY	2021	3	15	2	0	2.2	0	960.7	3.2	82.9	5	211	0
PAY	2021	3	15	3	0	1.8	0	959.8	2.7	88.6	4.9	209	0
PAY	2021	3	15	4	0	2	0	959.3	2.5	92.1	5.1	218	0
PAY	2021	3	15	5	0	1.9	0	959.1	2.5	89.8	5.3	212	0
PAY	2021	3	15	6	0	1.9	1	958.6	2.5	90.2	5.1	218	0
PAY	2021	3	15	7	0	1.7	4	958.3	2	91.5	5.7	216	19.52145774
PAY	2021	3	15	8	0	1.6	40	958.5	2.1	91.5	5.4	214	109.9176238
PAY	2021	3	15	9	0	2	71	958.9	2.7	91.7	5.7	216	143.0388742
PAY	2021	3	15	10	0	2.3	160	958.9	3	90.7	6.1	214	269.6944659
PAY	2021	3	15	11	0	2.8	197	958.8	3.8	87	6.4	219	304.0115391
PAY	2021	3	15	12	0	3.2	297	958.9	4.5	84	6.9	220	452.1491075
PAY	2021	3	15	13	0	3.9	434	958.4	5.3	81.1	6.4	220	700.8401076
PAY	2021	3	15	14	0	3.9	321	958.1	4.5	83.3	6.6	219	596.91961
PAY	2021	3	15	15	0	3.5	71	958.5	4.1	86.3	5.5	225	169.8786307
PAY	2021	3	15	16	0	3.2	109	959.3	4.1	89.3	3.8	220	406.726072
PAY	2021	3	15	17	0	3.4	47	959.9	4.4	87.3	4	199	478.8923011
PAY	2021	3	15	18	0	3.5	1	960.9	4.2	87.2	3.1	214	0
PAY	2021	3	15	19	0	3	0	961.6	3.4	90.3	3.5	214	0
PAY	2021	3	15	20	0	2.6	0	961.9	3.3	87.5	2.6	201	0
PAY	2021	3	15	21	0	1.8	0	962.7	1.7	94.4	2.6	191	0
PAY	2021	3	15	22	0	1.2	0	962.6	1.5	92.9	2.8	199	0
PAY	2021	3	15	23	0	1.3	0	963	1.6	95.3	2.8	209	0
PAY	2021	3	16	0	0	1.5	0	963.7	2.1	90.2	2.9	207	0
PAY	2021	3	16	1	0	1.6	0	964.2	1.9	89.9	2.7	223	0
PAY	2021	3	16	2	0	1.1	0	964.3	1.7	89.3	2.3	201	0
PAY	2021	3	16	3	0	0.8	0	964.6	1.1	93.3	2	187	0
PAY	2021	3	16	4	0	0.8	0	965.1	1.3	91.7	1.6	157	0
PAY	2021	3	16	5	0	0.7	0	965.8	1	93.7	1.4	186	0
PAY	2021	3	16	6	0	0.9	0	966.3	1.3	91.8	2	198	0
PAY	2021	3	16	7	0	1	22	966.8	1.7	88.9	2.5	204	104.3775378
PAY	2021	3	16	8	0	1.3	50	967.5	2.7	81.7	1.9	205	135.2397779
PAY	2021	3	16	9	0	1.8	183	968.2	3.8	73.9	2.4	209	364.5026322
PAY	2021	3	16	10	0	2	276	968.4	4.6	64.5	2.4	241	460.933728
PAY	2021	3	16	11	0	2	251	968.2	5	59.3	2.7	268	384.1894517
PAY	2021	3	16	12	0	2	171	968.4	4.8	59.2	2.6	268	258.3215825
PAY	2021	3	16	13	0	2.1	307	967.9	5.5	60.7	1.8	285	491.8806794
PAY	2021	3	16	14	0	2.5	395	967.5	5.9	55.2	3.4	279	728.2110585
PAY	2021	3	16	15	0	2.6	372	967.2	5.9	55.7	3.1	295	880.6383206
PAY	2021	3	16	16	0	2.5	153	966.9	5.5	61.2	2.9	272	561.8424067
PAY	2021	3	16	17	0	2.1	45	966.8	5.1	56.2	2.6	254	439.6000001
PAY	2021	3	16	18	0	2.1	4	966.9	4.4	64.3	2.5	258	0
PAY	2021	3	16	19	0	1.7	0	966.9	3.2	76.9	3.3	244	0
PAY	2021	3	16	20	0	1.6	0	966.6	2.4	87.3	3.5	238	0
PAY	2021	3	16	21	0	1.5	0	966.2	1.9	92.2	3	222	0
PAY	2021	3	16	22	0	1.4	0	965.8	1.8	92.5	2.1	225	0
PAY	2021	3	16	23	0	1.1	0	965	1.4	94.3	2.3	218	0
PAY	2021	3	17	0	0	1	0	964.4	1.2	94.6	2.3	210	0
PAY	2021	3	17	1	0	0.8	0	963.6	1.2	94.6	2	210	0
PAY	2021	3	17	2	0	1	0	962.9	1.4	93.7	2	219	0
PAY	2021	3	17	3	0	1.1	0	962.6	1.5	93.3	1.9	215	0
PAY	2021	3	17	4	0	1.1	0	962.7	1.4	92.9	1.6	218	0
PAY	2021	3	17	5	0	1.1	0	962.6	1.5	93.3	1.6	184	0
PAY	2021	3	17	6	0	1.1	0	962.9	1.5	92.9	1	169	0
PAY	2021	3	17	7	0	1.3	9	963.3	1.9	93.1	0.7	180	41.54234953
PAY	2021	3	17	8	0	1.5	49	963.8	2.1	90	1	180	130.4885767
PAY	2021	3	17	9	0	1.9	106	964	2.8	91.3	1.1	209	208.7747821
PAY	2021	3	17	10	0	2.6	209	964.2	3.8	82.4	1.1	104	345.86462
PAY	2021	3	17	11	0	2.9	258	964	4.3	78.9	1.8	73	391.7297572
PAY	2021	3	17	12	0	3.1	275	964.1	4.7	78.1	1.8	65	412.2710363
PAY	2021	3	17	13	0	3.2	189	964.1	4.7	78.7	2.5	57	300.485963
PAY	2021	3	17	14	0	3.6	445	963.7	6.4	68	2.6	56	813.441142
PAY	2021	3	17	15	0	3.8	480	963.6	6.9	60.8	3	22	1000
PAY	2021	3	17	16	0	3.3	305	963.6	5.8	60.7	4.3	11	1000
PAY	2021	3	17	17	0	2.5	66	963.8	5	64.7	2.9	4	619.2840692
PAY	2021	3	17	18	0	2.5	11	964.1	4.3	68.8	2.3	338	0
PAY	2021	3	17	19	0	1.6	0	964.1	2.6	78.7	1.3	52	0
PAY	2021	3	17	20	0	1.5	0	964.1	2.5	86.3	1	96	0
PAY	2021	3	17	21	0	1.7	0	964	2.7	84.2	1.4	58	0
PAY	2021	3	17	22	0	1.8	0	964.3	2.5	87.7	2.1	34	0
PAY	2021	3	17	23	0	1.6	0	964.4	2.1	89.3	3	49	0
PAY	2021	3	18	0	0	1.4	0	964.5	1.7	93.6	1.9	19	0
PAY	2021	3	18	1	0	1.4	0	964.5	1.8	95.5	2.1	12	0
PAY	2021	3	18	2	0	0.7	0	964.1	1.3	82.1	4.1	43	0
PAY	2021	3	18	3	0	0.1	0	963.8	0.6	93.5	2.9	28	0
PAY	2021	3	18	4	0	0.3	0	964	0.6	95	2.3	49	0
PAY	2021	3	18	5	0	0.4	0	964.3	0.8	90.8	2.9	58	0
PAY	2021	3	18	6	0	-0.1	2	964.2	0.5	87.6	3.4	44	41.80200878
PAY	2021	3	18	7	0	-0.4	61	964.2	0.5	86.6	3.1	38	274.133488
PAY	2021	3	18	8	0	0	285	964.2	2.2	67.7	3.9	61	747.4417127
PAY	2021	3	18	9	0	0	301	964	1.8	65.8	4.3	48	586.3140899
PAY	2021	3	18	10	0	0.6	582	963.5	3.8	60	4.3	37	954.4799057
PAY	2021	3	18	11	0	1.4	794	962.9	3.6	60.1	5.3	27	1000
PAY	2021	3	18	12	0	0.5	228	963	2.8	61.5	5.2	30	339.2476998
PAY	2021	3	18	13	0	0.9	434	962.5	4.5	54.5	5.6	35	684.7656004
PAY	2021	3	18	14	0	0.9	576	962	4.4	46.4	5.1	44	1000
PAY	2021	3	18	15	0	1.2	510	961.5	5	49.9	4.9	47	1000
PAY	2021	3	18	16	0	0.7	299	961.1	3.8	46.6	4.9	47	1000
PAY	2021	3	18	17	0	0.5	176	961	2.6	60	4.4	44	1000
PAY	2021	3	18	18	0	-0.5	21	961	1.3	65.9	2.6	43	0
PAY	2021	3	18	19	0	-1.1	0	960.7	0.1	73.6	1.5	56	0
PAY	2021	3	18	20	0	-1.6	0	960.5	0.1	70.6	1.4	54	0
PAY	2021	3	18	21	0	-2.1	0	960.1	-1.2	81.7	0.9	333	0
PAY	2021	3	18	22	0	-2.3	0	959.6	-1.5	82.9	1.2	243	0
PAY	2021	3	18	23	0	-2.3	0	959.1	-1.6	86.4	1.2	204	0
PAY	2021	3	19	0	0	-2.2	0	958.7	-1.6	87.4	0.7	203	0
PAY	2021	3	19	1	0	-2	0	958.5	-1.5	89.2	0.4	207	0
PAY	2021	3	19	2	0	-2.3	0	958	-1.9	90.1	1	90	0
PAY	2021	3	19	3	0	-2.4	0	957.8	-1.8	87.3	0.3	18	0
PAY	2021	3	19	4	0	-2.6	0	957.3	-2.2	91.1	0.5	27	0
PAY	2021	3	19	5	0	-2.9	0	956.8	-2.8	92.4	0.8	21	0
PAY	2021	3	19	6	0	-3.5	3	957.1	-3.3	94.4	0.9	21	55.81379048
PAY	2021	3	19	7	0	-3.3	106	957.4	-1.4	81.2	1.1	72	464.1193547
PAY	2021	3	19	8	0	-1.6	284	957.9	0.1	80.4	2.2	25	733.7027821
PAY	2021	3	19	9	0	-0.2	451	957.8	2.3	64.8	3.6	29	868.9631884
PAY	2021	3	19	10	0	0.7	613	957.6	3.8	54.9	4.7	43	996.4192569
PAY	2021	3	19	11	0	1.3	709	957.5	4.8	53.4	5.4	34	1000
PAY	2021	3	19	12	0	1.2	477	957.7	4.5	46.7	5.8	35	704.4966253
PAY	2021	3	19	13	0	1.5	616	957.5	6	38.6	5.8	39	964.6539144
PAY	2021	3	19	14	0	1.6	552	957.4	6.7	41	5.6	50	992.3974063
PAY	2021	3	19	15	0	1.6	384	957.6	5	44.5	5.5	31	881.3780811
PAY	2021	3	19	16	0	1.5	278	957.9	5.1	47.4	5.8	33	974.8830766
PAY	2021	3	19	17	0	1.3	138	958.9	3.7	59.7	6	29	1000
PAY	2021	3	19	18	0	0.8	24	959.8	1.9	79.6	5	40	0
PAY	2021	3	19	19	0	0.2	0	960.7	1.7	74.5	4.5	64	0
PAY	2021	3	19	20	0	-0.1	0	961.4	1.6	72.2	6.1	63	0
PAY	2021	3	19	21	0	-0.3	0	962	0.8	75.4	6.6	68	0
PAY	2021	3	19	22	0	-0.8	0	962.3	0.7	73.3	5	62	0
PAY	2021	3	19	23	0	-0.7	0	962.7	0.9	74.1	4.8	48	0
PAY	2021	3	20	0	0	-0.5	0	962.9	1.2	70.2	5.5	48	0
PAY	2021	3	20	1	0	-0.9	0	963.1	0.4	73.9	4.8	42	0
PAY	2021	3	20	2	0	-1.3	0	963.2	0	75	4.4	50	0
PAY	2021	3	20	3	0	-1.5	0	963.1	0	72.7	5.8	42	0
PAY	2021	3	20	4	0	-1.8	0	963.6	-0.6	71.5	6.4	39	0
PAY	2021	3	20	5	0	-2.5	0	963.7	-1.3	74.7	4.2	34	0
PAY	2021	3	20	6	0	-2.7	3	964.2	-1.3	72.8	3.4	45	50.28534402
PAY	2021	3	20	7	0	-2.6	87	964.7	-0.7	69.1	4.4	51	371.391154
PAY	2021	3	20	8	0	-1.9	260	964.9	0.5	63.3	5	45	661.8461184
PAY	2021	3	20	9	0	-1.3	421	965.2	1.7	56.5	6.3	40	802.4860759
PAY	2021	3	20	10	0	-1	414	965.6	1.9	57.8	6.9	46	667.0740153
PAY	2021	3	20	11	0	-0.9	397	965.5	2.6	49.2	7.3	38	588.7480901
PAY	2021	3	20	12	0	-0.4	614	965.2	3.5	43	7.9	41	900.2311634
PAY	2021	3	20	13	0	-0.4	637	964.6	3.8	41.5	7.7	35	990.1878477
PAY	2021	3	20	14	0	0	611	964.9	4	40.9	7.8	32	1000
PAY	2021	3	20	15	0	-0.2	528	964.9	3.8	41.4	7.5	42	1000
PAY	2021	3	20	16	0	-0.3	358	964.9	3.4	40.4	7	39	1000
PAY	2021	3	20	17	0	-0.6	177	964.9	2.7	43.4	6	40	1000
PAY	2021	3	20	18	0	-1.5	22	965	1.5	46.7	5	41	0
PAY	2021	3	20	19	0	-2	0	965.5	0.9	48.5	4	42	0
PAY	2021	3	20	20	0	-2.4	0	965.5	0.2	51.9	3.7	32	0
PAY	2021	3	20	21	0	-2.7	0	965.8	-0.8	59.3	3	29	0
PAY	2021	3	20	22	0	-3	0	965.6	-0.7	55.4	2.7	47	0
PAY	2021	3	20	23	0	-3.4	0	965.4	-1.4	62	1.8	57	0
PAY	2021	3	21	0	0	-3.3	0	965.2	-1.1	62.5	1.5	65	0
PAY	2021	3	21	1	0	-2.9	0	965.1	-0.4	57.8	2.2	45	0
PAY	2021	3	21	2	0	-2.8	0	964.6	-0.6	57.5	2.3	43	0
PAY	2021	3	21	3	0	-3	0	964.2	-1.5	68	2.1	30	0
PAY	2021	3	21	4	0	-3.5	0	963.8	-2.9	76.5	1.8	59	0
PAY	2021	3	21	5	0	-3.9	0	963.7	-1.9	64	1.1	41	0
PAY	2021	3	21	6	0	-4	4	963.8	-2.2	65.3	1.9	43	61.00347289
PAY	2021	3	21	7	0	-3.8	69	963.9	-1.9	68.5	2.1	72	287.3668023
PAY	2021	3	21	8	0	-2.4	272	963.8	0.3	57.9	2.6	47	682.411159
PAY	2021	3	21	9	0	-1.3	432	963.5	2.9	46.1	3.6	33	814.7783662
PAY	2021	3	21	10	0	-0.2	634	963.5	3.9	42.1	4.4	29	1000
PAY	2021	3	21	11	0	1.3	704	963.3	5.4	44	4.9	44	1000
PAY	2021	3	21	12	0	2.2	728	963.1	6.4	45.8	5.1	51	1000
PAY	2021	3	21	13	0	2.5	484	962.3	6.9	49.1	4.8	55	746.8948981
PAY	2021	3	21	14	0	2.1	230	962.2	5.8	50.1	4.5	37	406.8901197
PAY	2021	3	21	15	0	2.1	191	961.8	5.6	51.3	4.7	32	429.8167432
PAY	2021	3	21	16	0	2	176	961.6	5.6	52.1	4.3	37	599.4342773
PAY	2021	3	21	17	0	1.9	88	961.6	5.1	54.5	3.7	32	713.9299272
PAY	2021	3	21	18	0	1.6	9	961.8	4.5	56.9	3.4	34	0
PAY	2021	3	21	19	0	1.3	0	962	3.3	64.2	2.9	23	0
PAY	2021	3	21	20	0	1.2	0	962.4	3.6	63.9	2.7	32	0
PAY	2021	3	21	21	0	1.1	0	962.2	3.3	65.1	2.4	47	0
PAY	2021	3	21	22	0	1.1	0	962.1	3.3	65.3	2	29	0
PAY	2021	3	21	23	0	0.9	0	961.8	2.8	70.5	1.8	16	0
PAY	2021	3	22	0	0	0.9	0	961.6	2.8	70.2	1.7	22	0
PAY	2021	3	22	1	0	0.9	0	961.5	2.7	72.2	1.5	48	0
PAY	2021	3	22	2	0	1	0	961.1	2.9	72.7	1.9	31	0
PAY	2021	3	22	3	0	1.3	0	960.8	2.8	73.5	2.1	37	0
PAY	2021	3	22	4	0	0.5	0	961	1.8	75.3	1.8	31	0
PAY	2021	3	22	5	0	0.4	0	961.3	1.9	77.2	2.4	31	0
PAY	2021	3	22	6	0	0.1	7	961.6	0.9	83	2.7	40	97.93085962
PAY	2021	3	22	7	0	0.6	118	962	2.6	76.7	2.9	46	479.7575843
PAY	2021	3	22	8	0	1.6	279	962.3	3.7	71.6	4.7	34	690.0583564
PAY	2021	3	22	9	0	1.8	218	962.7	4.3	67.6	5.6	37	406.8951152
PAY	2021	3	22	10	0	2.1	340	962.8	4.8	62.1	5.8	33	538.5182893
PAY	2021	3	22	11	0	2.6	592	962.9	6.2	54	6	34	864.7359917
PAY	2021	3	22	12	0	2.9	636	963.1	6.1	54.4	6.1	27	919.2493735
PAY	2021	3	22	13	0	2.9	617	962.9	6.7	53.4	6.1	30	945.3307065
PAY	2021	3	22	14	0	2.6	433	962.7	6.1	53.7	6.3	36	760.0129227
PAY	2021	3	22	15	0	3	427	962.9	6.6	52.1	5.9	31	951.6881025
PAY	2021	3	22	16	0	2.5	209	963	5.7	54.9	6	34	701.8183711
PAY	2021	3	22	17	0	2.1	86	963.7	5.1	56.2	6.3	37	675.0747352
PAY	2021	3	22	18	0	1.4	16	964.5	3.7	62.2	5.4	37	0
PAY	2021	3	22	19	0	1	0	965	3.1	65.8	4.1	44	0
PAY	2021	3	22	20	0	0.6	0	965.4	2.6	69.1	3.8	48	0
PAY	2021	3	22	21	0	0.4	0	965.5	1.7	74.1	3.5	50	0
PAY	2021	3	22	22	0	-0.2	0	965.5	1.5	71.2	2.2	41	0
PAY	2021	3	22	23	0	-0.7	0	965.4	0.6	74.5	2.6	39	0
PAY	2021	3	23	0	0	-1	0	965.4	0.3	76.4	2.7	39	0
PAY	2021	3	23	1	0	-1	0	965.2	0.5	76.4	3.4	35	0
PAY	2021	3	23	2	0	-1	0	965.1	-0.1	79.9	3.2	32	0
PAY	2021	3	23	3	0	-1.7	0	965.2	-0.8	82.3	2	43	0
PAY	2021	3	23	4	0	-2.2	0	965.4	-1.6	85.1	1.9	31	0
PAY	2021	3	23	5	0	-2.9	0	965.6	-2.1	87.3	0.9	60	0
PAY	2021	3	23	6	0	-2.7	11	965.9	-1.9	87.1	0.9	84	142.1487271
PAY	2021	3	23	7	0	-1.7	137	966.3	0.2	80.5	1.2	7	544.1027099
PAY	2021	3	23	8	0	0.1	315	966.5	2.3	71.8	2.3	13	768.2571317
PAY	2021	3	23	9	0	1.6	484	966.6	4.6	64.4	4.1	24	894.1525097
PAY	2021	3	23	10	0	2.5	626	966.5	6.3	54.6	4.7	37	983.2232762
PAY	2021	3	23	11	0	3.4	729	966.1	8	47	5.2	29	1000
PAY	2021	3	23	12	0	4.1	764	966.1	9	46.6	5.1	22	1000
PAY	2021	3	23	13	0	4.8	741	965.7	9.9	44.5	4.8	23	1000
PAY	2021	3	23	14	0	5.3	666	965.3	10.4	42.2	4.6	21	1000
PAY	2021	3	23	15	0	5.4	540	965.3	10.7	42.2	4.2	18	1000
PAY	2021	3	23	16	0	5.5	386	965.3	10.8	42.1	3.9	22	1000
PAY	2021	3	23	17	0	5.5	245	965.5	10.7	41.9	3.6	36	1000
PAY	2021	3	23	18	0	5.2	54	966.1	9.3	49	2.7	37	0
PAY	2021	3	23	19	0	4.2	0	966.5	6.5	62.9	1.8	71	0
PAY	2021	3	23	20	0	3.3	0	966.7	4.7	74.5	1.4	73	0
PAY	2021	3	23	21	0	2.3	0	966.8	3	79.5	1.2	90	0
PAY	2021	3	23	22	0	1.5	0	967	2.3	79.5	0.9	189	0
PAY	2021	3	23	23	0	0.5	0	967	0.7	84.2	1.2	204	0
PAY	2021	3	24	0	0	0.3	0	966.9	1.2	82.4	1.6	195	0
PAY	2021	3	24	1	0	-0.7	0	967	-0.7	88	1.9	193	0
PAY	2021	3	24	2	0	-1.1	0	966.9	-0.9	90.8	1.4	192	0
PAY	2021	3	24	3	0	-1.5	0	967	-1.3	92.6	1.1	185	0
PAY	2021	3	24	4	0	-2.1	0	967	-2	91.4	1.9	205	0
PAY	2021	3	24	5	0	-1.9	0	967.1	-1.5	91.3	1.6	188	0
PAY	2021	3	24	6	0	-2.2	9	967.2	-1.8	94.4	1.2	195	108.0671306
PAY	2021	3	24	7	0	-1	133	967.3	0.8	85.6	0.9	180	516.2881218
PAY	2021	3	24	8	0	0.8	316	967.5	3.5	77.9	1.1	256	760.1630413
PAY	2021	3	24	9	0	3.1	489	967.5	6.2	67.7	1.2	311	894.3045453
PAY	2021	3	24	10	0	4.3	634	967.4	8	62	1.7	4	987.5941209
PAY	2021	3	24	11	0	4.9	731	966.9	9.2	48.3	1.8	27	1000
PAY	2021	3	24	12	0	5.8	771	966.3	11.2	46.1	1.7	17	1000
PAY	2021	3	24	13	0	6.2	742	965.6	12.7	39.7	1.9	45	1000
PAY	2021	3	24	14	0	6.7	678	965.1	13.9	30.7	1.6	59	1000
PAY	2021	3	24	15	0	6	555	964.6	14.7	25.9	1.7	52	1000
PAY	2021	3	24	16	0	7.2	380	964.4	13.7	35.8	2.4	335	1000
PAY	2021	3	24	17	0	6.9	197	964.5	13.3	34.7	1.9	360	1000
PAY	2021	3	24	18	0	6.1	33	964.7	10.3	48.8	1.5	23	0
PAY	2021	3	24	19	0	4.9	0	964.8	7.7	59.5	1.1	95	0
PAY	2021	3	24	20	0	3.6	0	965	5.5	66.6	1.5	184	0
PAY	2021	3	24	21	0	2.7	0	965.3	4.4	71.1	1.7	191	0
PAY	2021	3	24	22	0	2.1	0	965.3	3.2	76	1.6	187	0
PAY	2021	3	24	23	0	1.5	0	965.4	2.7	76.5	1.4	189	0
PAY	2021	3	25	0	0	0.9	0	965.4	2.4	76.6	2	192	0
PAY	2021	3	25	1	0	0.3	0	965.2	1.4	82.1	1.9	192	0
PAY	2021	3	25	2	0	-0.1	0	965	0.1	86.4	1.8	204	0
PAY	2021	3	25	3	0	-0.3	0	964.7	0.8	83.4	1.4	188	0
PAY	2021	3	25	4	0	-0.6	0	964.7	0.2	83.9	1.4	184	0
PAY	2021	3	25	5	0	-0.8	0	964.7	-0.2	84.9	1.2	185	0
PAY	2021	3	25	6	0	-1	14	965	0	85.2	1.4	180	157.00383
PAY	2021	3	25	7	0	-0.1	125	965.3	1.6	82.2	1	189	474.5504736
PAY	2021	3	25	8	0	2.3	324	965.5	5.4	68.2	0.9	225	768.9474201
PAY	2021	3	25	9	0	4	460	965.5	7.9	60.5	1.3	338	832.9422053
PAY	2021	3	25	10	0	5.6	585	965.4	10	54.4	1.7	340	903.8821278
PAY	2021	3	25	11	0	6.8	701	964.7	12.5	50.3	1.4	18	1000
PAY	2021	3	25	12	0	8.1	714	964.3	15.2	39.7	1.9	293	1000
PAY	2021	3	25	13	0	8.4	691	963.8	15	37.8	3	317	1000
PAY	2021	3	25	14	0	8.4	469	963.3	16	41.5	3	313	804.6021581
PAY	2021	3	25	15	0	8.6	473	963	16	34.6	3.4	310	1000
PAY	2021	3	25	16	0	8.3	285	963	15.2	36.2	2.9	291	918.7304101
PAY	2021	3	25	17	0	8.1	159	963.2	14.5	40.2	2.9	312	1000
PAY	2021	3	25	18	0	7.6	35	963.6	12.9	43.9	2.1	323	0
PAY	2021	3	25	19	0	6.6	0	964.2	10.6	56.6	1.3	347	0
PAY	2021	3	25	20	0	6.2	0	964.7	7.7	75.3	1.2	59	0
PAY	2021	3	25	21	0	5.7	0	965.1	7.2	76.7	1.2	85	0
PAY	2021	3	25	22	0	5.1	0	965	6	81.4	1	90	0
PAY	2021	3	25	23	0	4.2	0	965	4.3	87	1.2	153	0
PAY	2021	3	26	0	0	3.1	0	965	3.8	87	1.1	148	0
PAY	2021	3	26	1	0	2.6	0	964.8	3.3	88.9	1.5	180	0
PAY	2021	3	26	2	0	1.9	0	964.3	2	92.9	1	164	0
PAY	2021	3	26	3	0	1.3	0	964.2	1.7	89.9	1.2	185	0
PAY	2021	3	26	4	0	0.9	0	964.1	0.9	90.8	1.3	189	0
PAY	2021	3	26	5	0	0	0	964.2	-0.2	91.9	1.8	196	0
PAY	2021	3	26	6	0	0.1	13	964.3	1.4	88.5	1.9	198	136.7762326
PAY	2021	3	26	7	0	1.3	137	964.4	3.4	86.4	1.2	198	508.9429489
PAY	2021	3	26	8	0	3.7	319	964.5	5.9	76	0.9	252	747.1052215
PAY	2021	3	26	9	0	5.2	457	964.5	8.1	70.9	1.4	337	819.4525364
PAY	2021	3	26	10	0	6.2	565	964	9.6	64.1	1.6	9	866.0170486
PAY	2021	3	26	11	0	7.3	623	963.3	11.3	59.6	1.8	21	884.0570494
PAY	2021	3	26	12	0	8.2	652	962.5	12.6	56.7	1.7	17	916.9931757
PAY	2021	3	26	13	0	8.7	517	961.8	13.3	55.1	1.9	7	770.5626913
PAY	2021	3	26	14	0	9.2	588	960.7	16.6	33.8	2.8	248	1000
PAY	2021	3	26	15	0	9	446	960.5	16.6	36.9	5.6	235	957.9858918
PAY	2021	3	26	16	0	9	242	960.3	16.4	35.6	5	223	769.9718407
PAY	2021	3	26	17	0	8.5	153	960.4	15.6	35.9	6.5	230	1000
PAY	2021	3	26	18	0	8.3	24	960.3	14.4	40	3.3	217	0
PAY	2021	3	26	19	0	7.7	0	960.5	12.7	49.3	2	201	0
PAY	2021	3	26	20	0	7.9	0	961.4	13.4	49.4	2.9	219	0
PAY	2021	3	26	21	0	8.4	0	961.5	13.5	47.4	4.5	210	0
PAY	2021	3	26	22	0	8.1	0	962.2	12.2	56.8	4.8	229	0
PAY	2021	3	26	23	0	8.2	0	962.6	10.9	69.9	4.4	225	0
PAY	2021	3	27	0	0	8.3	0	963	9.2	91.2	3	229	0
PAY	2021	3	27	1	0	7.9	0	962.7	8.8	84.9	6	217	0
PAY	2021	3	27	2	0	7.9	0	963.4	8.8	91.7	4.5	238	0
PAY	2021	3	27	3	0	6.8	0	964	7.8	85.8	4.3	234	0
PAY	2021	3	27	4	0	6.6	0	964.9	8.1	77.9	4	212	0
PAY	2021	3	27	5	0	5.6	0	966.3	7	68.2	5.6	244	0
PAY	2021	3	27	6	0	4	5	967.3	6.6	64.7	6.6	250	49.55069438
PAY	2021	3	27	7	0	4.1	84	968.1	6.7	68.1	4.1	222	305.5210158
PAY	2021	3	27	8	0	4.2	301	968.6	8.1	55	4.6	238	695.8308122
PAY	2021	3	27	9	0	4.2	490	969.3	8.6	48.4	6	249	870.2104803
PAY	2021	3	27	10	0	4.4	654	969.7	9	45.3	6.1	258	994.5650967
PAY	2021	3	27	11	0	4.8	683	969.8	9.4	48.4	5.4	277	962.4821207
PAY	2021	3	27	12	0	4.6	390	970	9.2	42.1	4.7	282	544.9229706
PAY	2021	3	27	13	0	5.2	724	970	10.8	40.6	4.8	280	1000
PAY	2021	3	27	14	0	5.2	566	969.9	10.6	39.4	4.7	286	956.9135588
PAY	2021	3	27	15	0	5.1	529	970.1	10.9	36.4	4.9	294	1000
PAY	2021	3	27	16	0	5.1	397	970.3	10.5	36.3	3.9	298	1000
PAY	2021	3	27	17	0	4.7	210	970.7	9.8	42.2	3.6	331	1000
PAY	2021	3	27	18	0	4	39	971	8.3	46.3	2.4	328	0
PAY	2021	3	27	19	0	3.2	0	971.3	5.1	67.1	1.6	86	0
PAY	2021	3	27	20	0	2.3	0	971.6	4.7	63.9	1.8	97	0
PAY	2021	3	27	21	0	1.7	0	971.8	2.8	75.9	1.4	121	0
PAY	2021	3	27	22	0	0.8	0	972.4	1.7	82.7	1.2	135	0
PAY	2021	3	27	23	0	0.5	0	972.6	1.4	80	1.3	190	0
PAY	2021	3	28	0	0	-0.1	0	972.5	1.5	77.7	1.1	191	0
PAY	2021	3	28	1	0	-0.6	0	972.5	-0.1	86.8	0.8	297	0
PAY	2021	3	28	2	0	-1.1	0	972	-0.7	88.6	1.5	188	0
PAY	2021	3	28	3	0	-1.3	0	971.9	-0.6	89.8	1.2	204	0
PAY	2021	3	28	4	0	-1.4	0	971.8	-0.9	89.3	1.5	196	0
PAY	2021	3	28	5	0	-1.8	0	972.3	-1.6	92.9	1.2	190	0
PAY	2021	3	28	6	0	-1.9	16	972.8	-1.6	91.3	1.4	188	149.8826584
PAY	2021	3	28	7	0	-0.6	161	973.5	1.7	81.8	1.4	193	573.6293213
PAY	2021	3	28	8	0	1.6	346	974.1	4	74.5	1	234	789.7053038
PAY	2021	3	28	9	0	3.2	519	973.9	6.9	61.8	1	278	913.0323694
PAY	2021	3	28	10	0	4.3	649	974.1	7.4	59.4	2	322	979.338988
PAY	2021	3	28	11	0	5.4	754	973.9	9.4	54.7	1.6	17	1000
PAY	2021	3	28	12	0	6.2	785	973.3	11.2	51.6	1.6	339	1000
PAY	2021	3	28	13	0	7.5	766	972.8	12.7	51	1.8	328	1000
PAY	2021	3	28	14	0	8.2	688	972.2	13.6	45.9	1.8	350	1000
PAY	2021	3	28	15	0	8.5	555	972	14.3	48.6	2.3	306	1000
PAY	2021	3	28	16	0	8.6	390	971.9	13.6	48.1	2.3	321	1000
PAY	2021	3	28	17	0	8.3	202	972.1	13	52.4	1.7	15	1000
PAY	2021	3	28	18	0	7.9	42	972.4	10.5	65.8	1.6	82	0
PAY	2021	3	28	19	0	6.7	0	972.7	9.1	67.9	1.2	117	0
PAY	2021	3	28	20	0	5.6	0	973.4	8	72.9	1.5	188	0
PAY	2021	3	28	21	0	4.6	0	973.8	5.4	75.5	1.7	210	0
PAY	2021	3	28	22	0	3.2	0	974.1	4.3	76.1	1.7	205	0
PAY	2021	3	28	23	0	2.5	0	974.4	3.8	75.1	1.9	186	0
PAY	2021	3	29	0	0	2	0	974.6	3	80	1.3	185	0
PAY	2021	3	29	1	0	1.5	0	974.7	2.6	79.5	1.2	157	0
PAY	2021	3	29	2	0	0.8	0	974.6	1.8	81.9	1.8	202	0
PAY	2021	3	29	3	0	0.5	0	974.7	1.5	81.6	1.3	184	0
PAY	2021	3	29	4	0	0.1	0	974.5	0.7	87.1	1.2	189	0
PAY	2021	3	29	5	0	-0.1	0	975	0.9	82.8	1.2	180	0
PAY	2021	3	29	6	0	-0.1	21	975.3	0.6	86.6	1.4	197	186.5449775
PAY	2021	3	29	7	0	1.2	160	975.6	3.7	76.3	0.9	194	558.7185598
PAY	2021	3	29	8	0	3.7	354	975.8	7.3	66.4	0.7	135	797.9006566
PAY	2021	3	29	9	0	5.1	490	975.8	9.1	52.4	1.4	331	854.0342846
PAY	2021	3	29	10	0	6.2	647	975.9	11.1	50.9	1.7	4	968.9042838
PAY	2021	3	29	11	0	7.5	745	975.4	13.7	44.4	1.5	355	1000
PAY	2021	3	29	12	0	8.4	767	975	15.2	39.5	1.6	315	1000
PAY	2021	3	29	13	0	9.5	731	974.5	16.2	38.5	1.7	4	1000
PAY	2021	3	29	14	0	9.4	667	973.9	17.6	34.4	1.7	4	1000
PAY	2021	3	29	15	0	9.6	547	973.6	17.9	31.7	2.5	8	1000
PAY	2021	3	29	16	0	9.5	406	973.4	17.5	30.4	2.4	8	1000
PAY	2021	3	29	17	0	9	210	973.3	16.7	33	2	357	1000
PAY	2021	3	29	18	0	7.5	44	973.3	14.2	36.8	1.7	346	0
PAY	2021	3	29	19	0	7	0	973.7	10.1	53	1	74	0
PAY	2021	3	29	20	0	5.5	0	973.9	9.1	51.3	1.9	193	0
PAY	2021	3	29	21	0	4.8	0	973.9	6.3	72.7	1.9	198	0
PAY	2021	3	29	22	0	4.6	0	974.1	5.8	77.7	1.7	197	0
PAY	2021	3	29	23	0	4.4	0	974.3	6.3	74.2	1.1	185	0
PAY	2021	3	30	0	0	3.7	0	974.4	5	81.2	1.7	205	0
PAY	2021	3	30	1	0	3.8	0	974.4	4.6	82.1	1	197	0
PAY	2021	3	30	2	0	3.5	0	974.2	5	79.7	1.6	198	0
PAY	2021	3	30	3	0	3	0	974	4.5	81.1	1.2	194	0
PAY	2021	3	30	4	0	2.6	0	974.2	3.2	86.1	1	162	0
PAY	2021	3	30	5	0	2.3	0	974.3	2.2	91	0.9	144	0
PAY	2021	3	30	6	0	2.1	21	974.5	4.3	79.8	1.2	156	177.4040956
PAY	2021	3	30	7	0	3.6	163	974.6	6	78.7	0.8	129	558.1439942
PAY	2021	3	30	8	0	5.3	349	974.4	8.9	60.8	1.2	225	777.0186977
PAY	2021	3	30	9	0	6.6	517	974.1	11.7	52.4	1.2	329	892.8938283
PAY	2021	3	30	10	0	8	656	973.9	13.4	52.1	1.5	5	975.0434518
PAY	2021	3	30	11	0	9	747	973.4	16.5	47.8	1.5	11	1000
PAY	2021	3	30	12	0	9.9	782	972.7	16.9	36.6	1.7	16	1000
PAY	2021	3	30	13	0	10.1	762	972	18.8	32	1.9	337	1000
PAY	2021	3	30	14	0	10.9	687	971.4	19.3	33.3	1.7	10	1000
PAY	2021	3	30	15	0	10.5	562	970.7	19.5	28.4	2.3	330	1000
PAY	2021	3	30	16	0	10.8	396	970.2	19.9	33.4	1.8	351	1000
PAY	2021	3	30	17	0	10.7	209	970	18.5	35	2	341	1000
PAY	2021	3	30	18	0	10.2	46	969.9	15.2	52.8	1.1	281	0
PAY	2021	3	30	19	0	8.9	0	969.9	11.2	67.4	1	276	0
PAY	2021	3	30	20	0	7.4	0	969.9	9.1	69.8	1.5	207	0
PAY	2021	3	30	21	0	6.8	0	970	9.1	69.9	2.5	196	0
PAY	2021	3	30	22	0	6.1	0	970	7.7	77.6	1.7	197	0
PAY	2021	3	30	23	0	5.9	0	969.9	7	79.7	1.6	195	0
PAY	2021	3	31	0	0	5.1	0	970	6.1	84.1	2.3	207	0
PAY	2021	3	31	1	0	5.2	0	969.7	6.4	82.9	2.2	193	0
PAY	2021	3	31	2	0	4.9	0	969.4	5.5	85.3	1.4	175	0
PAY	2021	3	31	3	0	4.6	0	969.3	5.2	86.5	1.2	197	0
PAY	2021	3	31	4	0	4.1	0	969.4	5.1	87.1	1.5	196	0
PAY	2021	3	31	5	0	3.7	0	969.3	4.7	87.6	1.5	191	0
PAY	2021	3	31	6	0	3.7	24	969.2	5	83.6	0.9	180	193.3162312
PAY	2021	3	31	7	0	4.9	167	969.3	7.4	77.2	0.8	252	561.0127679
PAY	2021	3	31	8	0	6.7	352	969.1	10.2	65.2	1.1	281	774.3051182
PAY	2021	3	31	9	0	8.2	521	968.9	13.5	53.4	1.1	321	891.7569355
PAY	2021	3	31	10	0	9.6	656	968.3	15.1	53.7	1.7	349	967.8826203
PAY	2021	3	31	11	0	10.9	746	967.9	17	49.7	2	34	1000
PAY	2021	3	31	12	0	11.7	781	967	18.6	45.8	1.7	360	1000
PAY	2021	3	31	13	0	12.7	762	966.1	20.3	40.8	1.6	23	1000
PAY	2021	3	31	14	0	11.9	687	965.4	21	28.2	1.5	346	1000
PAY	2021	3	31	15	0	12.4	561	964.7	21.3	37.9	1.8	63	1000
PAY	2021	3	31	16	0	12.4	393	964.1	21.1	33.5	1.8	34	1000
PAY	2021	3	31	17	0	11.5	167	963.9	19.7	31.5	2.1	357	1000
PAY	2021	3	31	18	0	10.6	44	963.8	16.4	44.5	1.3	58	0
PAY	2021	3	31	19	0	9.1	0	963.9	14.1	43.2	0.9	98	0
PAY	2021	3	31	20	0	7.7	0	964.2	11.8	53.6	1.5	192	0
PAY	2021	3	31	21	0	7.2	0	964.3	10.4	63.3	1.9	198	0
PAY	2021	3	31	22	0	7	0	964.4	9.5	68.3	2.2	193	0
PAY	2021	3	31	23	0	6.7	0	964.5	10	70.5	2.2	199	0
PAY	2021	4	1	0	0	6.6	0	964.6	8.9	75.5	1.5	167	0
PAY	2021	4	1	1	0	6.6	0	964.4	6.9	84.1	1.3	185	0
PAY	2021	4	1	2	0	6	0	964.3	7	81.9	1.7	187	0
PAY	2021	4	1	3	0	5.7	0	964.1	6.3	86.5	1.1	151	0
PAY	2021	4	1	4	0	5.2	0	964	7	79.3	1.6	180	0
PAY	2021	4	1	5	0	4.7	0	964.1	5.6	85.2	1.1	74	0
PAY	2021	4	1	6	0	4.4	26	964.4	5.6	85.9	1	201	200.159904
PAY	2021	4	1	7	0	6	170	964.6	9	76.5	0.9	193	560.5435943
PAY	2021	4	1	8	0	8.2	351	964.3	11.6	66.9	0.8	279	763.0307102
PAY	2021	4	1	9	0	9.2	520	964	14.1	59.4	1.5	333	882.2279937
PAY	2021	4	1	10	0	10.6	654	963.6	15.7	51.3	1.7	4	957.9666604
PAY	2021	4	1	11	0	11	744	963	17.3	46.2	2	11	1000
PAY	2021	4	1	12	0	11.5	781	962.3	19.4	39.7	1.8	333	1000
PAY	2021	4	1	13	0	12.8	761	961.5	20.8	40.1	2.3	19	1000
PAY	2021	4	1	14	0	13	684	960.8	22	39.1	2.6	18	1000
PAY	2021	4	1	15	0	12.8	493	960.2	21.1	36	2.3	357	1000
PAY	2021	4	1	16	0	12.9	359	959.9	21.8	33.9	2.2	335	1000
PAY	2021	4	1	17	0	12.2	170	959.9	20	36.4	1.9	9	1000
PAY	2021	4	1	18	0	11.9	45	960.1	16.5	55.4	1.1	45	0
PAY	2021	4	1	19	0	10.7	0	960.3	14.4	57.6	1.1	56	0
PAY	2021	4	1	20	0	9.5	0	960.7	12.8	60.5	1.2	85	0
PAY	2021	4	1	21	0	8.6	0	960.9	11.7	64.7	1.9	193	0
PAY	2021	4	1	22	0	8	0	960.9	10.4	71.2	1.8	190	0
PAY	2021	4	1	23	0	7.9	0	960.9	10.4	71.1	1	207	0
PAY	2021	4	2	0	0	7.3	0	960.8	8	83	1	141	0
PAY	2021	4	2	1	0	6.7	0	960.5	7.9	80.7	1.3	185	0
PAY	2021	4	2	2	0	6.1	0	960.3	6.8	85.6	1.6	195	0
PAY	2021	4	2	3	0	5.6	0	960.1	7.1	83.5	1.1	129	0
PAY	2021	4	2	4	0	5.2	0	960.2	5.7	88.1	0.9	207	0
PAY	2021	4	2	5	0	4.9	0	960.2	5.8	88.5	1.4	201	0
PAY	2021	4	2	6	0	4.7	28	960.4	6	85.9	1.2	130	206.4698689
PAY	2021	4	2	7	0	6.4	157	960.6	8.7	82.1	1.1	190	508.3533132
PAY	2021	4	2	8	0	8	331	960.6	11.2	68.7	0.8	239	711.2616871
PAY	2021	4	2	9	0	9	501	960.4	13.6	64.1	1.8	339	842.6610659
PAY	2021	4	2	10	0	10.3	636	959.7	15.4	57.3	1.5	321	924.9931313
PAY	2021	4	2	11	0	11.3	733	959.1	17.2	54.3	1.7	351	993.0559991
PAY	2021	4	2	12	0	12.2	775	958.5	18.9	44.8	2	11	1000
PAY	2021	4	2	13	0	12.3	752	958	19.7	39.1	2.1	11	1000
PAY	2021	4	2	14	0	12.3	674	957.4	20	37.3	2.3	6	1000
PAY	2021	4	2	15	0	12	522	957.4	19.7	37.9	4	6	1000
PAY	2021	4	2	16	0	11.4	388	957.4	18.4	38.8	5.2	3	1000
PAY	2021	4	2	17	0	10.7	210	957.8	16.8	45.5	4.4	16	1000
PAY	2021	4	2	18	0	10.1	55	958.3	15.1	48.8	4.2	40	0
PAY	2021	4	2	19	0	8.9	0	959	12.8	56.2	3.7	16	0
PAY	2021	4	2	20	0	8	0	959.7	11.8	57.1	4.1	35	0
PAY	2021	4	2	21	0	6.8	0	960.1	10	54.2	4	51	0
PAY	2021	4	2	22	0	5.5	0	960.1	8.8	54.8	2.1	53	0
PAY	2021	4	2	23	0	4.5	0	960.2	7.3	60.8	2.9	23	0
PAY	2021	4	3	0	0	3.8	0	960.2	6.4	60.6	2.3	47	0
PAY	2021	4	3	1	0	3.4	0	960.1	6	59.4	2.3	45	0
PAY	2021	4	3	2	0	3.3	0	960.2	5.6	66.7	2	35	0
PAY	2021	4	3	3	0	3.3	0	960.2	5.9	63.1	4.1	45	0
PAY	2021	4	3	4	0	2.9	0	960.2	5.2	66.2	4.9	45	0
PAY	2021	4	3	5	0	2.4	0	960.3	4.2	73.2	3.8	33	0
PAY	2021	4	3	6	0	2.2	33	960.9	4.2	73.1	3.7	46	233.5505605
PAY	2021	4	3	7	0	2.8	185	961.4	5.1	69.3	6	45	588.4906997
PAY	2021	4	3	8	0	3.2	312	961.5	5.2	69.3	6.3	44	662.8613522
PAY	2021	4	3	9	0	3.7	521	961.7	6.8	65.2	7.4	52	868.8791715
PAY	2021	4	3	10	0	4.2	494	961.7	6.3	63	6.5	53	713.4637416
PAY	2021	4	3	11	0	4.2	415	961.7	7.6	59	7.4	57	558.7737064
PAY	2021	4	3	12	0	5	709	961.8	9.9	48.6	7.9	57	948.9871202
PAY	2021	4	3	13	0	4.8	754	961.7	10.2	47.9	8.7	47	1000
PAY	2021	4	3	14	0	4.7	735	961.6	9.9	44.8	9	47	1000
PAY	2021	4	3	15	0	4.7	590	961.3	9.4	44.8	8.4	46	1000
PAY	2021	4	3	16	0	4.4	424	961.1	9.3	42.4	8.3	45	1000
PAY	2021	4	3	17	0	3.9	236	961.5	8.3	43.7	7.3	42	1000
PAY	2021	4	3	18	0	3.1	61	961.9	7.1	43.7	6.7	47	0
PAY	2021	4	3	19	0	2.3	0	962.4	6.3	46.4	6.3	47	0
PAY	2021	4	3	20	0	1.9	0	962.7	5.5	48.5	6.8	47	0
PAY	2021	4	3	21	0	1.6	0	962.6	5.1	49.3	6.9	44	0
PAY	2021	4	3	22	0	1.2	0	962.4	4.3	52.6	6	44	0
PAY	2021	4	3	23	0	0.8	0	962.5	3.6	55.9	4.4	43	0
PAY	2021	4	4	0	0	0.5	0	962.6	3.3	58.9	3.3	28	0
PAY	2021	4	4	1	0	0.3	0	962.3	3	56.4	3.9	33	0
PAY	2021	4	4	2	0	-0.2	0	962.2	0.9	67	2.7	37	0
PAY	2021	4	4	3	0	-1	0	962.3	1.7	63.5	1.2	24	0
PAY	2021	4	4	4	0	-1	0	962.2	0.9	69	1.6	34	0
PAY	2021	4	4	5	0	-0.6	0	962.2	1.3	70.4	2.8	36	0
PAY	2021	4	4	6	0	-0.6	39	962.8	0.7	73.6	2.7	29	265.4040197
PAY	2021	4	4	7	0	0.5	199	962.9	3.6	61.5	2.4	28	622.1775938
PAY	2021	4	4	8	0	2.1	390	962.7	6.1	56	4.1	28	819.4050246
PAY	2021	4	4	9	0	3.1	563	962.6	7.6	49.7	5	30	931.1185965
PAY	2021	4	4	10	0	4.1	702	962.5	9.3	45	5.2	37	1000
PAY	2021	4	4	11	0	4.5	790	962.1	10.1	39	5.8	22	1000
PAY	2021	4	4	12	0	5.1	822	961.7	11.5	33.1	5.7	28	1000
PAY	2021	4	4	13	0	5.3	803	961.3	12.4	30.3	5.6	33	1000
PAY	2021	4	4	14	0	5.9	726	960.8	13.1	27.6	5.4	28	1000
PAY	2021	4	4	15	0	6	598	960.5	13.3	29.4	5.5	28	1000
PAY	2021	4	4	16	0	5.9	431	960.1	13.3	25.5	4.7	35	1000
PAY	2021	4	4	17	0	5.3	244	960	12.3	29	4.3	45	1000
PAY	2021	4	4	18	0	4.7	57	960.1	10.6	32.9	2.8	57	0
PAY	2021	4	4	19	0	3.7	0	960.2	8.8	37.5	1.8	56	0
PAY	2021	4	4	20	0	2.8	0	960.4	6.2	48.5	1.7	43	0
PAY	2021	4	4	21	0	1.9	0	960.5	6.2	46.1	1.3	45	0
PAY	2021	4	4	22	0	0.8	0	960.4	2.8	65	1.5	201	0
PAY	2021	4	4	23	0	0.2	0	960.2	1.3	72.2	1.6	195	0
PAY	2021	4	5	0	0	-0.4	0	959.7	0.7	76.2	2	192	0
PAY	2021	4	5	1	0	-0.9	0	959.3	0.7	75.1	2.2	205	0
PAY	2021	4	5	2	0	-0.7	0	958.8	1.5	73.8	2.9	203	0
PAY	2021	4	5	3	0	-0.9	0	958.8	0.3	80	2.1	210	0
PAY	2021	4	5	4	0	-0.5	0	958.1	1.1	75.6	2.6	206	0
PAY	2021	4	5	5	0	-0.9	0	958.1	0.3	80.3	1.7	214	0
PAY	2021	4	5	6	0	-0.3	39	958.1	2.5	70.8	2.7	209	255.6423373
PAY	2021	4	5	7	0	2.4	161	957.7	6.5	62.9	3.9	205	494.957055
PAY	2021	4	5	8	0	4.3	346	957.2	9.6	46.2	4.6	217	719.0751877
PAY	2021	4	5	9	0	5.7	521	956.7	12	39.9	5.2	215	854.6286703
PAY	2021	4	5	10	0	6	587	955.8	13.1	32.5	6.1	239	836.3230139
PAY	2021	4	5	11	0	6.6	715	955.1	14.4	31	6.9	243	951.2025259
PAY	2021	4	5	12	0	6.9	561	954.4	14.2	32.6	6.5	230	742.4202323
PAY	2021	4	5	13	0	7.3	457	954	14.6	31.7	6.6	235	640.5059301
PAY	2021	4	5	14	0	7.5	434	953.3	15	32.5	6.5	234	690.9124002
PAY	2021	4	5	15	0	7.6	568	952.4	15.9	31.4	7.6	239	1000
PAY	2021	4	5	16	0	7	284	952.6	13.9	33.7	6.9	259	802.8489289
PAY	2021	4	5	17	0	6.5	68	952.3	12.9	35.2	7.3	262	370.7536682
PAY	2021	4	5	18	0	6.3	6	952.8	9.1	65.2	6.4	269	0
PAY	2021	4	5	19	0	5.6	0	953.8	7.2	76.5	5.1	295	0
PAY	2021	4	5	20	0	5.4	0	954.3	6.3	84.3	2.3	235	0
PAY	2021	4	5	21	0	3.3	0	955.9	3.8	69.3	4.8	347	0
PAY	2021	4	5	22	0	1.3	0	956.6	2.8	64.9	4.8	8	0
PAY	2021	4	5	23	0	0.1	0	957.2	2	64.3	5.1	345	0
PAY	2021	4	6	0	0	0.1	0	957.2	0.9	82.7	4.4	32	0
PAY	2021	4	6	1	0	-0.9	0	957.4	-0.2	83.5	5.4	67	0
PAY	2021	4	6	2	0	-1.5	0	957.7	-0.8	83.3	4.5	77	0
PAY	2021	4	6	3	0	-1.8	0	957.6	-0.9	79.8	3.2	79	0
PAY	2021	4	6	4	0	-2.1	0	957.6	-1.2	82.8	2.1	41	0
PAY	2021	4	6	5	0	-2.4	0	957.5	-2.1	89.2	1.6	37	0
PAY	2021	4	6	6	0	-3	46	957.7	-2	84.6	1.5	90	290.9034505
PAY	2021	4	6	7	0	-2.2	218	958	-0.1	61.2	2.6	55	659.2664581
PAY	2021	4	6	8	0	-1.7	379	958.1	0.6	56.7	3.7	51	779.2896507
PAY	2021	4	6	9	0	-2.3	264	958	0.6	49.4	2.8	37	429.5904829
PAY	2021	4	6	10	0	-1.2	681	957.8	2.5	46.1	2.4	41	963.8514949
PAY	2021	4	6	11	0	-0.2	865	957.6	4.1	42.4	3	13	1000
PAY	2021	4	6	12	0	-0.5	432	957.4	4.1	47	4.6	1	568.5557322
PAY	2021	4	6	13	0	0.4	730	956.8	4.9	36.7	4	351	1000
PAY	2021	4	6	14	0	-0.1	608	956.4	4.3	40.7	4.1	337	961.9887678
PAY	2021	4	6	15	0	0	531	955.9	4.9	41.9	3.6	327	1000
PAY	2021	4	6	16	0	-0.1	345	955.9	2.6	58.4	4.1	322	964.9245003
PAY	2021	4	6	17	0	-0.7	124	956.1	2.6	49.5	2.6	286	662.1199813
PAY	2021	4	6	18	0	-1.2	41	956.6	1.7	51	3.2	297	0
PAY	2021	4	6	19	0	-1.5	0	957	1	55.5	2.6	282	0
PAY	2021	4	6	20	0	-2	0	957.1	0.8	51	2.3	231	0
PAY	2021	4	6	21	0	-2.1	0	956.9	0.3	58.7	2.5	221	0
PAY	2021	4	6	22	0	-1.9	0	956.8	0.4	58.8	2.7	198	0
PAY	2021	4	6	23	0	-2.1	0	956.7	-0.2	61.2	2.7	212	0
PAY	2021	4	7	0	0	-2.2	0	956.7	0.3	58.8	3	225	0
PAY	2021	4	7	1	0	-2	0	957.9	-1.3	86.1	3.6	263	0
PAY	2021	4	7	2	0	-2	0	957.9	-1.1	80.2	1.9	202	0
PAY	2021	4	7	3	0	-2.3	0	958.8	-0.5	61.6	1.4	307	0
PAY	2021	4	7	4	0	-3	0	959.7	-0.8	59.6	2.4	309	0
PAY	2021	4	7	5	0	-3.3	0	960.8	-0.9	58.2	2.5	306	0
PAY	2021	4	7	6	0	-3.5	19	962	-1.4	57.3	4.1	319	116.0964194
PAY	2021	4	7	7	0	-3.5	103	963	-1	56.4	2	281	306.5368966
PAY	2021	4	7	8	0	-3.1	209	963.8	0.5	47.7	2.1	237	425.2690656
PAY	2021	4	7	9	0	-2.5	331	964.6	0.7	47.2	2.5	234	534.3886355
PAY	2021	4	7	10	0	-1.9	716	965	1.9	44.5	2.5	279	1000
PAY	2021	4	7	11	0	-1.1	769	965.2	2.8	40	2.8	285	1000
PAY	2021	4	7	12	0	-1	722	965.5	3.7	36.9	2.6	300	945.0884718
PAY	2021	4	7	13	0	-0.5	677	965.8	3.5	33.2	2.8	268	938.3898245
PAY	2021	4	7	14	0	-0.5	432	965.7	4.3	36.2	3.5	272	679.4046545
PAY	2021	4	7	15	0	-0.4	365	965.9	4.6	33.4	3.6	278	711.4885035
PAY	2021	4	7	16	0	-0.3	237	966.1	4	34.1	3.2	278	655.9381946
PAY	2021	4	7	17	0	-0.3	165	966.1	4	37.2	3.2	238	863.3089241
PAY	2021	4	7	18	0	-0.4	59	966.4	3.5	39.9	2.9	276	0
PAY	2021	4	7	19	0	-1.1	1	966.8	0.9	54.9	1.7	253	0
PAY	2021	4	7	20	0	-2.1	0	967.2	-0.1	57.5	2	198	0
PAY	2021	4	7	21	0	-2.7	0	967.3	-0.7	60.4	2.7	203	0
PAY	2021	4	7	22	0	-3.1	0	967.6	-1.6	66.5	2.7	209	0
PAY	2021	4	7	23	0	-3.5	0	967.6	-1.7	65.6	2.1	205	0
PAY	2021	4	8	0	0	-3.7	0	967.7	-2.2	67.7	2.6	194	0
PAY	2021	4	8	1	0	-3.9	0	967.6	-2.2	66.9	2.6	193	0
PAY	2021	4	8	2	0	-4.1	0	967.6	-2.7	68	1.5	188	0
PAY	2021	4	8	3	0	-4.7	0	967.7	-3.3	69.7	1.4	175	0
PAY	2021	4	8	4	0	-5	0	967.7	-3.9	71.8	0.9	207	0
PAY	2021	4	8	5	0	-5.2	0	967.5	-4	74	1.3	184	0
PAY	2021	4	8	6	0	-5.2	56	967.8	-3.3	75.3	1	204	331.0832733
PAY	2021	4	8	7	0	-3.2	228	968	-0.3	66.1	1	254	668.0292595
PAY	2021	4	8	8	0	-1.4	423	968.1	2.5	51.8	1.1	354	851.9438865
PAY	2021	4	8	9	0	0	599	968	4.3	43.6	1.8	337	959.6252377
PAY	2021	4	8	10	0	1.1	738	967.5	6.1	36.4	1.9	356	1000
PAY	2021	4	8	11	0	1.4	827	967	7.8	30.4	2	315	1000
PAY	2021	4	8	12	0	2.2	858	966.4	8.8	32.8	1.9	281	1000
PAY	2021	4	8	13	0	3	832	965.6	8.8	31.2	2.1	349	1000
PAY	2021	4	8	14	0	3.6	751	964.9	11	28.4	2.3	328	1000
PAY	2021	4	8	15	0	3.7	626	964.2	11.6	22.9	2.1	315	1000
PAY	2021	4	8	16	0	3.7	461	963.9	12.2	14.9	2.7	275	1000
PAY	2021	4	8	17	0	3.3	267	963.7	11.7	15.8	2.8	254	1000
PAY	2021	4	8	18	0	3.2	79	963.4	10.2	23.7	1.6	270	0
PAY	2021	4	8	19	0	1.9	0	963.4	5.8	40.5	1.2	174	0
PAY	2021	4	8	20	0	0.6	0	963.7	5.2	36.1	2	192	0
PAY	2021	4	8	21	0	-0.1	0	963.7	3	46.2	2.8	202	0
PAY	2021	4	8	22	0	-1.4	0	963.6	0.5	58.4	2.4	205	0
PAY	2021	4	8	23	0	-1.8	0	963.5	0.9	51.8	2	189	0
PAY	2021	4	9	0	0	-2.5	0	963.3	0.3	58.7	1.7	193	0
PAY	2021	4	9	1	0	-2.2	0	963.2	0	61	1.6	195	0
PAY	2021	4	9	2	0	-2.3	0	963.1	-0.2	64.4	1.3	186	0
PAY	2021	4	9	3	0	-2.4	0	962.8	-0.3	62.5	1.1	180	0
PAY	2021	4	9	4	0	-2.2	0	962.6	-0.3	65.7	0.6	153	0
PAY	2021	4	9	5	0	-2	0	962.6	0.2	69.1	0.8	150	0
PAY	2021	4	9	6	0	-1.5	34	962.7	0.6	74.7	1.1	124	194.7531761
PAY	2021	4	9	7	0	-0.3	142	962.7	3.5	60.1	1.5	74	409.7643413
PAY	2021	4	9	8	0	2.6	227	962.4	6.1	59.7	1.5	63	452.6305798
PAY	2021	4	9	9	0	4.2	406	962.3	10.5	44.3	2.3	234	645.5252135
PAY	2021	4	9	10	0	5.4	593	962	11.1	39.4	6	235	823.4222185
PAY	2021	4	9	11	0	6.3	785	961	13.5	36.2	5.8	225	1000
PAY	2021	4	9	12	0	6.6	861	960.3	14.1	29.5	6.9	217	1000
PAY	2021	4	9	13	0	7	743	959.8	16.3	28.9	7.2	214	1000
PAY	2021	4	9	14	0	7.7	730	959.1	15.8	28.9	6.2	220	1000
PAY	2021	4	9	15	0	7.1	235	958.9	14.8	31.5	6.3	214	451.5448477
PAY	2021	4	9	16	0	7.1	166	958.7	14.8	30.4	6.5	194	450.1340387
PAY	2021	4	9	17	0	6.9	87	958.8	14.2	32.3	6.6	194	437.7110434
PAY	2021	4	9	18	0	6.7	31	958.7	13.7	33.8	7	201	0
PAY	2021	4	9	19	0	6.5	1	958.8	12.1	41.5	5	211	0
PAY	2021	4	9	20	0	6.3	0	958.8	11.7	45.2	3.8	218	0
PAY	2021	4	9	21	0	6.5	0	959	11.1	50.3	4	208	0
PAY	2021	4	9	22	0	6.6	0	959.1	11.1	50.8	5.3	215	0
PAY	2021	4	9	23	0	6.5	0	959.4	10.7	53.2	5.8	215	0
PAY	2021	4	10	0	0	6.4	0	959.4	10.5	54.7	5.3	209	0
PAY	2021	4	10	1	0	6.2	0	959.4	9.7	56.8	5.6	210	0
PAY	2021	4	10	2	0	5.7	0	959.3	9.8	51	5	210	0
PAY	2021	4	10	3	0	5.4	0	959.4	8.5	61	5.6	217	0
PAY	2021	4	10	4	0	5.2	0	959.8	6.4	82.3	4.4	218	0
PAY	2021	4	10	5	0	5	0	959.4	6.5	79.2	2.9	203	0
PAY	2021	4	10	6	0	5.1	25	959.5	7	77.1	2.6	185	138.9123093
PAY	2021	4	10	7	0	5.6	174	959.4	8.2	70	2	249	494.7052098
PAY	2021	4	10	8	0	6.2	311	959.2	9.1	67.7	2	262	614.0717421
PAY	2021	4	10	9	0	6.4	437	959.1	11	45.6	2	258	689.6793871
PAY	2021	4	10	10	0	6.8	640	958.6	13.6	41.3	3	228	883.2626418
PAY	2021	4	10	11	0	7.1	620	958.2	13.4	38.9	3.8	252	801.9189553
PAY	2021	4	10	12	0	7.5	510	957.6	13.6	38.4	3.9	243	657.2072862
PAY	2021	4	10	13	0	7.4	343	956.9	13.6	39	4.7	242	467.9374984
PAY	2021	4	10	14	0	7.2	372	956.5	13.8	38.4	4.9	219	574.8960501
PAY	2021	4	10	15	0	7.9	394	955.8	14.3	39.9	5.2	202	751.7720148
PAY	2021	4	10	16	0	7.8	215	955.2	13.7	40.8	5.3	220	577.2290055
PAY	2021	4	10	17	0	7.7	160	955.3	13.1	45.4	4.2	223	789.9341517
PAY	2021	4	10	18	0	7.2	30	955.2	12.1	47.9	4.1	217	0
PAY	2021	4	10	19	0	6.8	0	955.2	10.8	53.6	3.1	191	0
PAY	2021	4	10	20	0	6.3	0	955.4	9.5	60.4	3.2	197	0
PAY	2021	4	10	21	0	6	0	955.2	8.4	66.7	2.1	188	0
PAY	2021	4	10	22	0	5.5	0	955.2	7.5	72.1	1.2	61	0
PAY	2021	4	10	23	0	5.8	0	955.3	9.2	61.4	0.8	37	0
PAY	2021	4	11	0	0	5.9	0	955.1	7.7	76.5	1	130	0
PAY	2021	4	11	1	0	5.7	0	954.3	8.1	70.5	1.3	104	0
PAY	2021	4	11	2	0	5.5	0	953.8	7.9	70.9	1.3	144	0
PAY	2021	4	11	3	0	5.2	0	953.5	6.9	79.6	1	11	0
PAY	2021	4	11	4	0	5.3	0	953.5	6.7	79.7	1.5	252	0
PAY	2021	4	11	5	0	5.2	0	953.4	6.3	83.6	1.1	120	0
PAY	2021	4	11	6	0	5.2	60	953.7	7.2	80.1	1.3	243	323.783828
PAY	2021	4	11	7	0	6.1	200	953.7	9.5	69.2	1.3	75	560.455586
PAY	2021	4	11	8	0	7.3	401	953.6	11.5	59.9	1.6	41	784.216638
PAY	2021	4	11	9	0	8.8	606	953.4	14.6	49.5	2	301	949.4736647
PAY	2021	4	11	10	0	9.5	743	953.1	15.4	45.5	2.9	227	1000
PAY	2021	4	11	11	0	10.6	829	952.8	17	42.2	3.9	243	1000
PAY	2021	4	11	12	0	10.6	803	952.4	17.8	38.3	5.6	236	1000
PAY	2021	4	11	13	0	10.8	762	952.5	17.4	42	7.1	233	1000
PAY	2021	4	11	14	0	10.4	330	952.8	16.6	47.1	6.7	236	507.1248544
PAY	2021	4	11	15	0	10.3	414	953.3	15.4	49.9	5.7	262	784.5095457
PAY	2021	4	11	16	0	9.5	108	954.1	11.8	67.2	6.2	262	287.1342808
PAY	2021	4	11	17	0	9.1	31	954.6	11.2	76.8	3.9	231	150.2560162
PAY	2021	4	11	18	0	9	4	955.9	9.9	85.8	2.9	201	0
PAY	2021	4	11	19	0	8.6	0	956.5	9.3	89.7	2.3	196	0
PAY	2021	4	11	20	0	8.1	0	957.9	8.6	92.4	2.1	191	0
PAY	2021	4	11	21	0	7.8	0	958.3	8.1	93.2	2.1	180	0
PAY	2021	4	11	22	0	6.8	0	959.3	7	86.7	2.9	218	0
PAY	2021	4	11	23	0	5.8	0	960.5	6	90.6	2.4	225	0
PAY	2021	4	12	0	0	4.5	0	961.5	4.6	89.4	3.1	221	0
PAY	2021	4	12	1	0	3.4	0	961.9	3.8	91.3	3.4	201	0
PAY	2021	4	12	2	0	2.9	0	962.7	3.2	90.7	3.1	205	0
PAY	2021	4	12	3	0	2	0	963.4	2.3	91.7	2.3	221	0
PAY	2021	4	12	4	0	1.6	0	963.8	1.9	93.9	2.7	189	0
PAY	2021	4	12	5	0	1.4	0	964.5	1.7	93.6	2.9	184	0
PAY	2021	4	12	6	0	1.5	9	965.5	2	93.5	1.6	195	47.2204264
PAY	2021	4	12	7	0	1.4	47	966.2	2	91.5	1.4	135	129.86199
PAY	2021	4	12	8	0	1.8	101	967	2.5	90.1	2.5	68	195.6758692
PAY	2021	4	12	9	0	2.3	252	967.4	4	83.4	3.7	48	392.0312959
PAY	2021	4	12	10	0	2.6	370	967.6	4.3	73	4.6	43	504.6083859
PAY	2021	4	12	11	0	3.1	482	967.5	5.3	71	5.2	42	616.9063114
PAY	2021	4	12	12	0	3.1	512	967.7	5.1	64	5.3	47	653.2505158
PAY	2021	4	12	13	0	3.1	421	967.8	5.7	61.1	5.1	48	568.5687207
PAY	2021	4	12	14	0	3.2	513	968	6.6	53.3	4.7	44	783.9995842
PAY	2021	4	12	15	0	2.9	627	968.1	7.2	43.2	4.7	38	1000
PAY	2021	4	12	16	0	2.6	333	968.3	7.2	42.8	4.5	21	876.8624548
PAY	2021	4	12	17	0	2.4	193	968.4	6.2	51.3	4.6	34	918.7906125
PAY	2021	4	12	18	0	2.2	86	968.6	4.6	60.7	4.1	25	0
PAY	2021	4	12	19	0	1.5	2	969.1	3.2	72.9	2.5	52	0
PAY	2021	4	12	20	0	1.1	0	969.4	2.5	78.8	1.3	61	0
PAY	2021	4	12	21	0	0.7	0	969.4	1.8	78.2	1.9	47	0
PAY	2021	4	12	22	0	-0.1	0	969.4	-0.2	92.2	1.5	60	0
PAY	2021	4	12	23	0	-0.9	0	969.6	-0.6	90.9	0.7	81	0
PAY	2021	4	13	0	0	-1.2	0	969.7	-0.9	93.9	0.6	90	0
PAY	2021	4	13	1	0	-1.7	0	969.4	-1.5	94.4	1.1	146	0
PAY	2021	4	13	2	0	-1.9	0	969.4	-2	94.5	1.1	117	0
PAY	2021	4	13	3	0	-2.4	0	969.6	-2.1	93.2	1.2	85	0
PAY	2021	4	13	4	0	-2.3	0	969.5	-2.1	93.9	1	104	0
PAY	2021	4	13	5	0	-2.3	1	969.7	-2	93.2	1.1	202	0
PAY	2021	4	13	6	0	-2.2	73	969.8	-1.5	91.5	1	143	372.7766993
PAY	2021	4	13	7	0	-0.6	244	969.8	1.3	79.7	1.3	66	664.9709013
PAY	2021	4	13	8	0	1.3	440	969.7	4.1	74.9	2.5	2	844.6622078
PAY	2021	4	13	9	0	2.5	622	969.4	6.2	53.9	4	18	960.9160147
PAY	2021	4	13	10	0	2.8	816	969.5	7.8	50.9	5.4	36	1000
PAY	2021	4	13	11	0	2.6	694	969.3	6.6	48.6	5.9	42	883.7243409
PAY	2021	4	13	12	0	3	635	969.2	6.4	46.2	5.7	38	806.2789443
PAY	2021	4	13	13	0	2.7	566	969.1	7.2	39.6	5.7	44	760.6451914
PAY	2021	4	13	14	0	3.2	731	968.7	8	38.8	5.9	35	1000
PAY	2021	4	13	15	0	3.8	644	968.5	8.1	47.3	5.6	35	1000
PAY	2021	4	13	16	0	3.2	493	968.4	7.8	45.3	5.3	35	1000
PAY	2021	4	13	17	0	2.6	194	968.7	5.6	55.9	5.5	31	907.4723844
PAY	2021	4	13	18	0	2	70	968.8	4.4	63.2	4.6	39	1000
PAY	2021	4	13	19	0	1.4	2	969.3	3.4	67	3.2	47	0
PAY	2021	4	13	20	0	0.9	0	969.7	2.1	73.4	2.9	66	0
PAY	2021	4	13	21	0	0.2	0	969.3	1.8	72.7	1.7	35	0
PAY	2021	4	13	22	0	-0.2	0	968.9	0.9	82.2	2.1	30	0
PAY	2021	4	13	23	0	-0.3	0	968.6	0.6	81.8	2.2	62	0
PAY	2021	4	14	0	0	-0.4	0	968.1	0.2	87.8	2.7	54	0
PAY	2021	4	14	1	0	-0.8	0	967.8	0.1	83.7	1.3	75	0
PAY	2021	4	14	2	0	-1	0	967.3	-0.3	87.4	2.7	45	0
PAY	2021	4	14	3	0	-1.3	0	967	-0.9	86.6	2.1	60	0
PAY	2021	4	14	4	0	-1.6	0	966.6	-0.5	82.6	2.4	41	0
PAY	2021	4	14	5	0	-1.8	1	966.8	-1.3	86.1	2.4	47	0
PAY	2021	4	14	6	0	-1.8	76	967	-0.4	82.5	1.5	45	378.1028069
PAY	2021	4	14	7	0	-0.4	251	967.2	1.8	75.6	3.4	25	674.9436823
PAY	2021	4	14	8	0	1.1	448	967	4.2	61.5	4	37	852.3386464
PAY	2021	4	14	9	0	1.6	631	966.8	5.4	50.5	6	41	968.1970208
PAY	2021	4	14	10	0	2	738	966.7	6	44.3	6.7	38	995.0884281
PAY	2021	4	14	11	0	2.3	772	966.3	6.3	46	7	42	978.1491311
PAY	2021	4	14	12	0	2.7	827	966	7.5	39.8	6.9	53	1000
PAY	2021	4	14	13	0	2.9	771	965.8	8.3	36.8	6.3	53	1000
PAY	2021	4	14	14	0	3	725	965.4	8.6	35.3	6	60	1000
PAY	2021	4	14	15	0	2.7	493	965.1	8.5	37.3	5.5	58	915.7324145
PAY	2021	4	14	16	0	2.1	365	964.9	8	29.3	5.4	50	943.3001706
PAY	2021	4	14	17	0	2.1	312	965	7.8	32	5.5	29	1000
PAY	2021	4	14	18	0	1.7	110	965.2	5.8	42.3	5	43	1000
PAY	2021	4	14	19	0	1.1	2	965.7	4.1	55	3.9	35	0
PAY	2021	4	14	20	0	0.7	0	966.1	3.2	59.7	3.3	45	0
PAY	2021	4	14	21	0	0.4	0	966.2	2.8	61.8	2.5	48	0
PAY	2021	4	14	22	0	0	0	966	2.2	63.1	2.4	34	0
PAY	2021	4	14	23	0	-0.3	0	966	1.5	66.7	2.5	50	0
PAY	2021	4	15	0	0	-0.8	0	965.9	1.1	69.7	1.8	357	0
PAY	2021	4	15	1	0	-0.9	0	965.4	0.4	75.1	2.4	27	0
PAY	2021	4	15	2	0	-1.1	0	965.2	0.5	74.2	2.3	41	0
PAY	2021	4	15	3	0	-1.7	0	965.1	-1.6	87.2	1.6	40	0
PAY	2021	4	15	4	0	-2.4	0	965.1	-1.8	86.7	1.4	39	0
PAY	2021	4	15	5	0	-2.5	2	965.1	-2.1	86.8	1.9	41	0
PAY	2021	4	15	6	0	-2.2	78	965.5	-0.4	82.9	1.7	38	378.4182507
PAY	2021	4	15	7	0	-0.4	244	965.4	1.9	73.1	2.3	34	647.6105342
PAY	2021	4	15	8	0	1.3	455	965.2	4.2	63.3	4.4	48	858.099534
PAY	2021	4	15	9	0	2	649	965.2	5.4	54.8	5.8	36	989.1961814
PAY	2021	4	15	10	0	2.2	687	965	6.2	48.8	6.9	44	921.2259537
PAY	2021	4	15	11	0	2.7	835	964.8	7.2	44.5	6.8	46	1000
PAY	2021	4	15	12	0	2.9	811	964.3	8.1	40.8	6.7	50	1000
PAY	2021	4	15	13	0	2.8	664	964	8.1	37.6	7	40	883.8612673
PAY	2021	4	15	14	0	2.7	544	963.6	8.1	40.3	7.2	39	818.169081
PAY	2021	4	15	15	0	3.2	609	963.2	7.3	41	6.6	44	1000
PAY	2021	4	15	16	0	2.7	367	963	7.3	38.3	6	51	939.8628988
PAY	2021	4	15	17	0	2.3	165	963.2	6.3	46.3	6.1	47	746.0825468
PAY	2021	4	15	18	0	1.7	81	963.1	5.9	44.3	5.3	62	1000
PAY	2021	4	15	19	0	1.5	5	963.7	5	47.7	4.4	48	0
PAY	2021	4	15	20	0	0.9	0	964	3.6	56.7	4.1	39	0
PAY	2021	4	15	21	0	0.5	0	963.8	3.2	56.2	4.1	39	0
PAY	2021	4	15	22	0	0.2	0	963.5	2.9	58.5	4.4	40	0
PAY	2021	4	15	23	0	0.1	0	963.2	2.4	60.8	4.3	41	0
PAY	2021	4	16	0	0	-0.4	0	962.7	1.7	64.7	3	41	0
PAY	2021	4	16	1	0	-0.7	0	962.3	1.2	67.5	2.9	39	0
PAY	2021	4	16	2	0	-0.9	0	962.3	0.9	69.7	3.2	36	0
PAY	2021	4	16	3	0	-0.9	0	962.1	0.9	69.5	4.2	33	0
PAY	2021	4	16	4	0	-1.2	0	962	0.1	72.7	3.4	39	0
PAY	2021	4	16	5	0	-2	2	962.2	-1.4	82.4	2.1	45	56.87123068
PAY	2021	4	16	6	0	-1.8	82	962.4	0.4	71.1	2.8	49	388.2968048
PAY	2021	4	16	7	0	-0.5	255	962.3	2.3	62.7	3.9	49	668.2528052
PAY	2021	4	16	8	0	0.7	445	962.4	3.8	58.3	5.1	39	832.0812795
PAY	2021	4	16	9	0	1.5	611	962.3	4.9	54.7	6	30	925.2217534
PAY	2021	4	16	10	0	2.5	754	962.2	7	49.8	6.3	39	1000
PAY	2021	4	16	11	0	3.2	806	961.8	7.8	45.1	6	42	1000
PAY	2021	4	16	12	0	3.6	829	961.4	8.3	39.6	6.3	48	1000
PAY	2021	4	16	13	0	4	793	961.2	9.2	40.9	6.3	48	1000
PAY	2021	4	16	14	0	4.1	752	960.7	9.4	37.6	6.7	45	1000
PAY	2021	4	16	15	0	4	639	960.4	9.9	35.2	6.6	44	1000
PAY	2021	4	16	16	0	3.7	474	960.5	9.3	35.9	6.7	51	1000
PAY	2021	4	16	17	0	3.2	287	960.7	8.4	37.2	6	57	1000
PAY	2021	4	16	18	0	2.7	109	961	7.3	40.3	5.6	43	1000
PAY	2021	4	16	19	0	2.1	3	961.5	5	54.3	4.2	39	0
PAY	2021	4	16	20	0	1.5	0	962.1	4.1	58.3	3.4	35	0
PAY	2021	4	16	21	0	1.2	0	961.9	3.9	58.3	4.5	45	0
PAY	2021	4	16	22	0	0.9	0	962	3.4	59.5	4.9	42	0
PAY	2021	4	16	23	0	0.5	0	962.1	2.7	62	4.7	43	0
PAY	2021	4	17	0	0	0.1	0	962.1	2	65.6	4.3	47	0
PAY	2021	4	17	1	0	-0.4	0	961.8	1.3	68.7	3.3	52	0
PAY	2021	4	17	2	0	-0.8	0	961.7	0.9	70.8	3	46	0
PAY	2021	4	17	3	0	-1.1	0	961.7	0.1	75.3	2.4	50	0
PAY	2021	4	17	4	0	-2	0	961.7	-1.1	81.3	1.1	59	0
PAY	2021	4	17	5	0	-2.2	3	961.7	-1.8	87	1.3	58	74.32746572
PAY	2021	4	17	6	0	-1.6	80	961.8	0	81.7	1.5	48	370.0717264
PAY	2021	4	17	7	0	-0.1	212	961.8	2	74.3	3.2	39	548.727081
PAY	2021	4	17	8	0	1	350	961.5	3.6	67.8	4.6	45	648.9925019
PAY	2021	4	17	9	0	2	533	961.4	5.1	62.8	5.2	42	801.9767551
PAY	2021	4	17	10	0	3	680	961	7	56.8	6	46	902.1536247
PAY	2021	4	17	11	0	3.8	799	960.5	8.4	51.5	6.6	42	997.9165289
PAY	2021	4	17	12	0	4.3	831	960.1	9.6	48.6	6.8	47	1000
PAY	2021	4	17	13	0	4.6	753	959.9	9.4	42.2	7.2	55	993.1612027
PAY	2021	4	17	14	0	4.6	577	959.5	9.8	41.8	6.9	48	858.994284
PAY	2021	4	17	15	0	4.3	472	959.2	9.8	40.2	6.9	52	860.2490858
PAY	2021	4	17	16	0	4.5	330	959.3	9.4	42.2	7.2	46	830.2374238
PAY	2021	4	17	17	0	4.4	279	959.7	8.6	47.7	7	43	1000
PAY	2021	4	17	18	0	3.9	78	960	7.8	49.5	5.7	44	1000
PAY	2021	4	17	19	0	3.2	4	960.5	6.3	55.6	4	52	0
PAY	2021	4	17	20	0	2.6	0	960.8	4.9	63.3	2.8	57	0
PAY	2021	4	17	21	0	2.5	0	960.9	5.8	60.7	2	54	0
PAY	2021	4	17	22	0	2.8	0	960.9	4.9	65.7	2.5	55	0
PAY	2021	4	17	23	0	2	0	960.8	4	69.5	1.7	60	0
PAY	2021	4	18	0	0	1.4	0	960.7	2.9	73.6	1.5	62	0
PAY	2021	4	18	1	0	1.1	0	960.4	3.4	68.5	1.9	58	0
PAY	2021	4	18	2	0	0.1	0	960.3	0.2	85.6	1.6	42	0
PAY	2021	4	18	3	0	-0.5	0	960.2	0.8	81.8	1.3	81	0
PAY	2021	4	18	4	0	-0.4	0	960.2	0.6	85.1	0.9	166	0
PAY	2021	4	18	5	0	-0.3	2	960.3	0.6	88.1	1.2	85	43.95771052
PAY	2021	4	18	6	0	0.2	39	960.8	1.3	83.7	1.1	309	176.3857365
PAY	2021	4	18	7	0	1.3	133	961	3	78.6	1.3	292	340.1204317
PAY	2021	4	18	8	0	2.8	197	961.1	5.4	71.9	2.1	22	362.3174466
PAY	2021	4	18	9	0	4.4	457	961	7.1	65.6	3.6	38	683.3501378
PAY	2021	4	18	10	0	4.8	589	960.9	8.3	59.5	3.9	29	777.3994134
PAY	2021	4	18	11	0	5	473	960.9	7.8	59.8	3.6	22	588.0534943
PAY	2021	4	18	12	0	5.2	572	960.6	9.3	54.8	4.3	354	709.9593031
PAY	2021	4	18	13	0	5.9	735	960.6	10.4	50.7	4	17	965.1058285
PAY	2021	4	18	14	0	5.8	568	960.4	10.9	49.6	4.4	23	841.4117212
PAY	2021	4	18	15	0	5.6	447	960.3	9.7	51.1	4.8	40	809.7249331
PAY	2021	4	18	16	0	5.4	328	960.6	9.3	51.4	5.1	47	818.1039973
PAY	2021	4	18	17	0	5.1	127	961.1	8.7	55.9	4.1	40	547.3295282
PAY	2021	4	18	18	0	4.7	55	961.4	7.8	59.5	3.4	43	966.7341675
PAY	2021	4	18	19	0	4.2	3	961.9	7	63.2	2.8	54	0
PAY	2021	4	18	20	0	3.8	0	962.3	6	68.3	2.3	63	0
PAY	2021	4	18	21	0	3.3	0	962.3	4.7	77.5	1.4	65	0
PAY	2021	4	18	22	0	3.3	0	962.2	4.5	78.3	1.5	51	0
PAY	2021	4	18	23	0	2.8	0	962	4.4	76.2	1.5	63	0
PAY	2021	4	19	0	0	1.6	0	961.6	1.3	89.3	1.4	56	0
PAY	2021	4	19	1	0	0.5	0	961.4	0.9	90.8	0.8	76	0
PAY	2021	4	19	2	0	0	0	961.3	0.3	91	0.9	104	0
PAY	2021	4	19	3	0	-0.3	0	961.4	-0.4	94.9	1.6	200	0
PAY	2021	4	19	4	0	-0.7	0	961.3	-0.3	95	0.7	135	0
PAY	2021	4	19	5	0	-1.1	3	961.6	-1.1	95	0.9	196	59.31875078
PAY	2021	4	19	6	0	-0.9	85	961.7	0.1	93.6	1	120	376.1512168
PAY	2021	4	19	7	0	1	262	961.8	2.5	84.3	1	288	662.1873519
PAY	2021	4	19	8	0	3.2	453	961.5	6.4	73.5	1.3	14	826.5272551
PAY	2021	4	19	9	0	5.1	626	961.3	8.3	63.3	2.4	11	930.3706648
PAY	2021	4	19	10	0	5.8	764	961	9.7	50.7	3.6	7	1000
PAY	2021	4	19	11	0	6.3	848	960.6	11.4	48.6	3.2	38	1000
PAY	2021	4	19	12	0	6.7	885	960.2	12.1	43.3	3.3	20	1000
PAY	2021	4	19	13	0	6.7	660	960	12.5	39	3.8	35	862.8450601
PAY	2021	4	19	14	0	6	653	959.7	13.1	36	4.2	36	962.6290702
PAY	2021	4	19	15	0	6.1	405	959.5	12.5	34.4	4.3	42	729.2541722
PAY	2021	4	19	16	0	5.8	164	959.5	11.8	40.6	4	57	405.5934615
PAY	2021	4	19	17	0	6	123	959.7	11.4	40.4	2.9	45	522.0446361
PAY	2021	4	19	18	0	5.7	46	959.7	9.6	53.4	2.3	52	758.1132631
PAY	2021	4	19	19	0	5.2	5	960	7.7	61.4	1.3	55	0
PAY	2021	4	19	20	0	3.7	0	960.2	5.9	66.8	1.1	80	0
PAY	2021	4	19	21	0	2.9	0	960	5.2	67.6	0.8	83	0
PAY	2021	4	19	22	0	2.5	0	959.8	4.1	77.8	1	96	0
PAY	2021	4	19	23	0	2.4	0	959.9	3.6	79.9	1.2	167	0
PAY	2021	4	20	0	0	1.9	0	959.7	2.5	82.3	1.2	190	0
PAY	2021	4	20	1	0	1	0	959.4	1.3	87.2	1.2	173	0
PAY	2021	4	20	2	0	0.4	0	959.3	0.7	88.3	1.6	200	0
PAY	2021	4	20	3	0	0	0	959.2	0.3	89	1.3	169	0
PAY	2021	4	20	4	0	-0.3	0	959.1	0.1	90.7	0.9	186	0
PAY	2021	4	20	5	0	-0.6	2	959.2	0.3	87.6	1.1	186	35.97908672
PAY	2021	4	20	6	0	-0.3	50	959.4	1	87.9	1.1	186	216.6635702
PAY	2021	4	20	7	0	2.4	309	959.5	5.1	73	1.1	217	772.0972043
PAY	2021	4	20	8	0	4	459	959.3	7.3	65.4	1.4	288	830.9813567
PAY	2021	4	20	9	0	5.1	621	959	8.9	58.8	1.9	345	917.4648615
PAY	2021	4	20	10	0	6.5	761	958.7	11.4	52	2.2	16	994.4406443
PAY	2021	4	20	11	0	7.3	850	958	12.8	45.6	2.2	18	1000
PAY	2021	4	20	12	0	7.4	886	957.4	13.7	41.3	2.5	14	1000
PAY	2021	4	20	13	0	7.9	860	957	14.3	35.6	2.5	30	1000
PAY	2021	4	20	14	0	8	788	956.5	15.1	31.5	2.2	23	1000
PAY	2021	4	20	15	0	8.4	665	956.2	16	34.4	2.5	6	1000
PAY	2021	4	20	16	0	8	515	956.1	15.7	32.7	2.7	355	1000
PAY	2021	4	20	17	0	8.3	349	956.1	14.7	37.4	3.4	71	1000
PAY	2021	4	20	18	0	7.6	92	956.3	13.4	40.5	2.6	59	1000
PAY	2021	4	20	19	0	6.8	4	956.8	10.4	54.7	2	56	0
PAY	2021	4	20	20	0	5.9	0	957.2	9.3	57.7	1.9	63	0
PAY	2021	4	20	21	0	4.8	0	957.3	7.9	63	1	346	0
PAY	2021	4	20	22	0	4.1	0	957.4	5.8	73.6	1.2	195	0
PAY	2021	4	20	23	0	3.3	0	957.6	4.3	78.3	1.1	195	0
PAY	2021	4	21	0	0	2.6	0	957.7	3.7	81.3	1.2	195	0
PAY	2021	4	21	1	0	1.8	0	957.5	2.5	85.5	1.9	198	0
PAY	2021	4	21	2	0	1.3	0	957.5	2.7	85.4	1.8	196	0
PAY	2021	4	21	3	0	2.3	0	957.7	3	84.1	2.4	201	0
PAY	2021	4	21	4	0	1.5	0	957.7	2.1	87	1.7	187	0
PAY	2021	4	21	5	0	1.7	9	958	2	88.5	2.3	203	148.6688577
PAY	2021	4	21	6	0	2.3	111	958.5	4.3	84.5	1.5	203	471.3307834
PAY	2021	4	21	7	0	4.4	266	958.8	7.4	70.4	1.1	256	657.2975127
PAY	2021	4	21	8	0	5.8	457	959	9.1	64.5	1.4	337	821.1021316
PAY	2021	4	21	9	0	6.5	383	959.2	10.5	59.5	1.2	7	562.5664811
PAY	2021	4	21	10	0	7.6	492	959	13.1	52.6	1.6	275	639.8328133
PAY	2021	4	21	11	0	8	465	958.6	13.4	48.9	2.9	229	570.5499558
PAY	2021	4	21	12	0	9	893	958	15.4	46.8	2.2	293	1000
PAY	2021	4	21	13	0	9	656	957.7	16	40.4	2.4	351	850.3721352
PAY	2021	4	21	14	0	8.3	291	957.6	14.4	44.7	2.6	85	424.9398741
PAY	2021	4	21	15	0	8	91	958	12.5	52.8	3	309	161.9530536
PAY	2021	4	21	16	0	8	49	958.7	9.9	79.1	3.7	266	119.1961218
PAY	2021	4	21	17	0	7.9	33	958.9	10.3	71	3.8	175	135.9783177
PAY	2021	4	21	18	0	7.9	117	958.9	10.5	68.1	4.6	129	1000
PAY	2021	4	21	19	0	7.4	18	959.5	9.1	74.9	3.9	131	0
PAY	2021	4	21	20	0	6.7	0	960.1	6.9	85.6	1.3	166	0
PAY	2021	4	21	21	0	5.2	0	960	6.5	87.6	1.7	192	0
PAY	2021	4	21	22	0	4.9	0	960.3	5.2	92.3	1.2	107	0
PAY	2021	4	21	23	0	3.8	0	960.6	4.3	91.9	1.8	197	0
PAY	2021	4	22	0	0	3.6	0	960.7	4.3	91.6	2.1	177	0
PAY	2021	4	22	1	0	3.2	0	960.6	3.1	95.3	1.2	186	0
PAY	2021	4	22	2	0	2.9	0	960.8	3	93.8	1.7	184	0
PAY	2021	4	22	3	0	2.9	0	961	3.5	93.6	1.7	207	0
PAY	2021	4	22	4	0	3.4	0	961.2	3.8	93.8	1.4	169	0
PAY	2021	4	22	5	0	3.4	6	961.3	3.7	92.7	1.1	233	91.71441211
PAY	2021	4	22	6	0	3.5	96	962	4.7	91.5	1.1	194	399.7269798
PAY	2021	4	22	7	0	5.1	270	962	7.1	83.2	0.9	189	659.996374
PAY	2021	4	22	8	0	6.6	461	962.1	9.8	76.3	1.1	287	822.1786207
PAY	2021	4	22	9	0	7.9	629	962.2	11.1	65.1	2.2	3	918.6784598
PAY	2021	4	22	10	0	9.3	764	962	14.2	53.2	2.6	23	988.8971657
PAY	2021	4	22	11	0	9.7	854	961.9	15.4	48.7	3.3	28	1000
PAY	2021	4	22	12	0	10	790	961.5	16.4	41.4	3.9	29	964.4605978
PAY	2021	4	22	13	0	10.3	859	961.2	17.3	38.5	4.2	31	1000
PAY	2021	4	22	14	0	9.9	796	961.1	17.5	37.2	5.4	22	1000
PAY	2021	4	22	15	0	9.9	639	960.9	17.6	32.9	5.2	28	1000
PAY	2021	4	22	16	0	9.6	479	960.9	17.4	33	5.2	27	1000
PAY	2021	4	22	17	0	9	273	961.2	16.4	37.3	4.9	37	1000
PAY	2021	4	22	18	0	9.1	120	961.7	14.5	48.7	5.6	54	1000
PAY	2021	4	22	19	0	8.5	7	962.5	13.1	49.7	3.9	58	0
PAY	2021	4	22	20	0	7.4	0	963.2	11.7	51.5	3.2	48	0
PAY	2021	4	22	21	0	6.5	0	963.6	8.9	62.6	2	63	0
PAY	2021	4	22	22	0	6	0	963.6	9	59.2	2.1	47	0
PAY	2021	4	22	23	0	4.9	0	964	7.5	65.2	1.4	63	0
PAY	2021	4	23	0	0	4.3	0	964.1	5.9	70.7	0.9	360	0
PAY	2021	4	23	1	0	3.6	0	964.2	6	70.7	1.1	11	0
PAY	2021	4	23	2	0	3.5	0	964.3	5.2	75.5	1.7	55	0
PAY	2021	4	23	3	0	3.1	0	964.6	4.3	81.8	1.3	184	0
PAY	2021	4	23	4	0	2.7	0	964.7	3.4	84.4	1.2	218	0
PAY	2021	4	23	5	0	1.7	7	965.3	2.7	84.4	1	191	99.66438132
PAY	2021	4	23	6	0	2.5	112	966	5	77.9	0.9	135	457.6051036
PAY	2021	4	23	7	0	3.8	294	966.4	7.4	55.7	1.3	305	711.1330571
PAY	2021	4	23	8	0	4.6	485	966.4	9.1	47.4	2	17	858.7609695
PAY	2021	4	23	9	0	5.9	659	966	12.4	44.5	2.6	34	957.18565
PAY	2021	4	23	10	0	7.5	791	965.7	13.9	43.2	4.3	28	1000
PAY	2021	4	23	11	0	8.5	876	965.5	15.8	34.4	5.5	26	1000
PAY	2021	4	23	12	0	9.1	908	965	16.8	33.4	5.8	27	1000
PAY	2021	4	23	13	0	9.1	882	964.8	18.1	29.2	5.6	19	1000
PAY	2021	4	23	14	0	9	802	964.4	18.5	25	5.4	28	1000
PAY	2021	4	23	15	0	8.5	675	963.8	18.4	21.7	5.3	25	1000
PAY	2021	4	23	16	0	8.3	507	963.7	18.5	22.2	5	36	1000
PAY	2021	4	23	17	0	7.9	312	963.7	17.4	23.5	4.9	30	1000
PAY	2021	4	23	18	0	7.5	126	963.9	15.8	25.4	4.2	38	1000
PAY	2021	4	23	19	0	6.6	10	964.5	13	32.9	2.5	54	0
PAY	2021	4	23	20	0	5.5	0	964.9	11	36.6	1.7	54	0
PAY	2021	4	23	21	0	4.6	0	965	7.8	54.5	1.1	16	0
PAY	2021	4	23	22	0	3.9	0	965	6.8	59.8	0.7	304	0
PAY	2021	4	23	23	0	3.1	0	965	5.4	67.9	1.4	201	0
PAY	2021	4	24	0	0	2.4	0	965	4.5	63.3	1.4	192	0
PAY	2021	4	24	1	0	1.6	0	964.7	3.6	67.6	1.6	207	0
PAY	2021	4	24	2	0	1.1	0	964.6	2.8	73.1	2.2	208	0
PAY	2021	4	24	3	0	0.8	0	964.7	2.2	77.5	2.6	198	0
PAY	2021	4	24	4	0	0.6	0	964.9	2.2	76.7	1.8	199	0
PAY	2021	4	24	5	0	0.4	9	965.2	0.9	84.1	1.8	196	120.0301631
PAY	2021	4	24	6	0	1.7	119	965.7	4.6	68.7	1.3	184	477.3985819
PAY	2021	4	24	7	0	4.1	299	965.8	8.4	55.9	1.1	217	715.8575671
PAY	2021	4	24	8	0	5	489	965.4	10.3	44.2	1.3	270	859.7751871
PAY	2021	4	24	9	0	6.2	653	965.2	12.7	38.4	1.5	345	943.3685213
PAY	2021	4	24	10	0	7.5	779	964.6	15.1	40	1.5	336	999.2032598
PAY	2021	4	24	11	0	9	863	963.8	17.3	37.4	1.8	315	1000
PAY	2021	4	24	12	0	10.4	886	963	18.5	37.2	1.5	297	1000
PAY	2021	4	24	13	0	11.5	857	962.5	20.5	30.5	2.3	343	1000
PAY	2021	4	24	14	0	11.6	782	961.9	20.8	34.2	2.2	315	1000
PAY	2021	4	24	15	0	11.6	659	961.5	21.1	29.9	1.9	261	1000
PAY	2021	4	24	16	0	11.7	457	961.2	20.5	32.4	2.5	3	1000
PAY	2021	4	24	17	0	11.1	230	961.1	20.4	29.8	2.2	330	908.758279
PAY	2021	4	24	18	0	11	124	960.9	19.3	35	2.4	330	1000
PAY	2021	4	24	19	0	10.7	13	961.2	16.1	54.6	1.5	45	0
PAY	2021	4	24	20	0	9.9	0	961.5	14.5	52.9	1.6	25	0
PAY	2021	4	24	21	0	8.6	0	961.7	11.6	59.6	1.3	158	0
PAY	2021	4	24	22	0	7.3	0	961.5	10.2	64.4	1.9	190	0
PAY	2021	4	24	23	0	6.9	0	961.7	9	67.5	1.2	200	0
PAY	2021	4	25	0	0	6.2	0	961.6	7.5	78.1	1.3	180	0
PAY	2021	4	25	1	0	5.7	0	961.4	7.3	78.6	1.3	180	0
PAY	2021	4	25	2	0	5.5	0	961.5	7.2	78.4	1.6	153	0
PAY	2021	4	25	3	0	4.9	0	961.6	4.9	88.5	1.3	172	0
PAY	2021	4	25	4	0	4.7	0	961.6	5.5	83.4	1.5	209	0
PAY	2021	4	25	5	0	4.1	12	961.7	5	85.3	1.1	158	150.6497447
PAY	2021	4	25	6	0	5.1	124	961.9	7.6	80.1	1	173	488.7514971
PAY	2021	4	25	7	0	7	299	962	10.5	69.1	1.3	6	708.7654811
PAY	2021	4	25	8	0	7.7	487	961.9	12.4	51.2	3	25	850.4129105
PAY	2021	4	25	9	0	8.3	652	961.7	14.3	49.3	3.7	22	936.9842091
PAY	2021	4	25	10	0	9.8	780	961.3	16.9	43	3.4	28	996.1216548
PAY	2021	4	25	11	0	10.5	868	960.7	18.4	38	3.4	15	1000
PAY	2021	4	25	12	0	10.7	901	960.2	19.4	34	3.4	27	1000
PAY	2021	4	25	13	0	10.9	871	960	19.9	28.7	3.5	53	1000
PAY	2021	4	25	14	0	10.1	792	959.2	20.3	21.5	2.5	55	1000
PAY	2021	4	25	15	0	10.2	657	958.2	20.3	26.5	3	56	1000
PAY	2021	4	25	16	0	9.9	458	957.7	19.7	26.9	3.2	42	1000
PAY	2021	4	25	17	0	9.9	276	957.7	19.1	25.2	4	52	1000
PAY	2021	4	25	18	0	9.3	75	957.9	16.6	35.5	4.1	44	904.6545802
PAY	2021	4	25	19	0	8.5	6	958.3	15.2	36.8	4.3	50	0
PAY	2021	4	25	20	0	7.8	0	958.5	13.8	39.5	2.4	47	0
PAY	2021	4	25	21	0	7.2	0	958.4	12.2	46.9	1.8	27	0
PAY	2021	4	25	22	0	7	0	958.2	11.7	50	2	38	0
PAY	2021	4	25	23	0	7	0	957.9	11.6	51	3.2	23	0
PAY	2021	4	26	0	0	6.6	0	957.8	10.8	50.9	3.3	40	0
PAY	2021	4	26	1	0	6	0	957.5	10.1	50.4	3.2	44	0
PAY	2021	4	26	2	0	5.4	0	957.4	9.8	48.8	3.2	45	0
PAY	2021	4	26	3	0	5	0	957.1	9.2	49.2	2.8	44	0
PAY	2021	4	26	4	0	4.6	0	957	9	46.9	2.6	36	0
PAY	2021	4	26	5	0	4.4	2	957	8.1	55.7	2.1	35	23.73734636
PAY	2021	4	26	6	0	4.3	28	957.2	8.4	54.3	2.2	33	108.4971802
PAY	2021	4	26	7	0	4.6	91	957.1	8.8	50.4	1.8	27	213.6341641
PAY	2021	4	26	8	0	4.8	237	957	9.5	46.6	1.4	18	411.1048266
PAY	2021	4	26	9	0	5.4	449	956.9	10.4	43.7	1.7	4	641.9571053
PAY	2021	4	26	10	0	6.1	690	956.3	12	43.9	2	20	877.4365741
PAY	2021	4	26	11	0	7.8	711	955.2	14.3	46.3	2	50	855.1257941
PAY	2021	4	26	12	0	9.2	821	954.2	15.6	41.3	3.5	36	987.2631195
PAY	2021	4	26	13	0	10.3	809	953.5	17.4	42.8	4.1	29	1000
PAY	2021	4	26	14	0	10.3	595	952.7	16.9	41.1	5	24	849.8361899
PAY	2021	4	26	15	0	10	502	951.9	17.2	39.7	5.2	25	869.2091795
PAY	2021	4	26	16	0	9.6	296	951.6	16.5	40.3	4.7	33	692.6054064
PAY	2021	4	26	17	0	9.4	171	951.3	15.9	42.2	4.2	36	657.9676024
PAY	2021	4	26	18	0	9	64	951.2	15	41.5	3.5	46	739.6801395
PAY	2021	4	26	19	0	8.1	7	951	13.9	42.1	3.1	52	0
PAY	2021	4	26	20	0	7.4	0	951.1	12.6	45.4	2.2	56	0
PAY	2021	4	26	21	0	7	0	950.9	11.4	49.7	2	24	0
PAY	2021	4	26	22	0	6.3	0	950.7	10.5	50	3.1	34	0
PAY	2021	4	26	23	0	5.6	0	950.4	10.2	45.8	2.7	37	0
PAY	2021	4	27	0	0	4.9	0	950	9.1	49.5	1.9	51	0
PAY	2021	4	27	1	0	4.3	0	949.8	6.7	68.3	1.8	45	0
PAY	2021	4	27	2	0	3.8	0	949.7	5.9	66.6	1	6	0
PAY	2021	4	27	3	0	3.5	0	949.6	4.9	75.5	0.7	27	0
PAY	2021	4	27	4	0	3.1	0	949.4	5.2	70.3	1.4	185	0
PAY	2021	4	27	5	0	2.8	11	949.7	4.5	74.1	1.2	201	123.9006317
PAY	2021	4	27	6	0	3.6	131	950.1	7	68.7	0.8	45	499.3198829
PAY	2021	4	27	7	0	4.3	265	950	8.6	51.7	1	262	616.3014042
PAY	2021	4	27	8	0	4.9	496	949.9	10.1	48.3	1.8	4	854.8047567
PAY	2021	4	27	9	0	6	660	949.7	11.8	43.7	1.8	15	938.9372718
PAY	2021	4	27	10	0	7.1	795	949.3	13.2	42.1	2	33	1000
PAY	2021	4	27	11	0	7.9	878	948.8	14.2	39.9	1.8	347	1000
PAY	2021	4	27	12	0	9	904	948.1	16.6	42.5	2	6	1000
PAY	2021	4	27	13	0	9.8	878	947.5	17.4	35.5	2.2	360	1000
PAY	2021	4	27	14	0	10.4	790	947.1	17.9	35.2	2.3	7	1000
PAY	2021	4	27	15	0	10.6	660	946.6	19	33.3	2	356	1000
PAY	2021	4	27	16	0	10.7	493	946.3	18.9	33.1	1.9	8	1000
PAY	2021	4	27	17	0	10.7	307	946.2	17.8	38.4	2.6	7	1000
PAY	2021	4	27	18	0	9.9	108	946.4	17.1	38.7	2.5	5	1000
PAY	2021	4	27	19	0	10.1	14	946.7	15	52.2	1.1	72	0
PAY	2021	4	27	20	0	9.2	0	947.2	13.4	54.5	1.3	180	0
PAY	2021	4	27	21	0	8.6	0	947.4	10.8	72	0.9	72	0
PAY	2021	4	27	22	0	8.4	0	947.7	11.7	66.3	1	196	0
PAY	2021	4	27	23	0	8.6	0	947.7	11.4	70.5	1.1	197	0
PAY	2021	4	28	0	0	8	0	947.6	11	64.7	1.5	196	0
PAY	2021	4	28	1	0	8	0	947.5	11.2	63	2	201	0
PAY	2021	4	28	2	0	8	0	947.5	10.6	71.9	1.7	200	0
PAY	2021	4	28	3	0	8.3	0	947.5	9.8	81.8	1.6	162	0
PAY	2021	4	28	4	0	8	0	947.7	10.4	71.9	2	198	0
PAY	2021	4	28	5	0	8.2	2	948.2	10.4	75.4	2.1	270	21.45242678
PAY	2021	4	28	6	0	8.5	55	948.2	11.1	73.7	1.4	230	206.3300342
PAY	2021	4	28	7	0	9.4	134	948.4	12.8	70.5	1.6	191	308.8077269
PAY	2021	4	28	8	0	10.1	267	948.6	14.3	61.4	3	204	457.2507132
PAY	2021	4	28	9	0	10.4	593	948.5	15.8	52.2	4.8	227	839.532969
PAY	2021	4	28	10	0	11.1	787	948.1	17.6	47.1	4.1	226	992.6123638
PAY	2021	4	28	11	0	11.1	902	947.7	18	44	4.4	201	1000
PAY	2021	4	28	12	0	11.5	799	947.4	19	35.3	4	224	954.0549007
PAY	2021	4	28	13	0	11.9	638	947.6	16.4	56	6	229	804.9694113
PAY	2021	4	28	14	0	11	283	947.9	14.8	62.7	6.3	225	400.8769114
PAY	2021	4	28	15	0	11.3	416	947.5	16	57.1	5.1	219	712.907688
PAY	2021	4	28	16	0	10.8	210	947.6	14.8	61.5	6.3	220	484.2533178
PAY	2021	4	28	17	0	10.8	58	947.6	13.7	70.2	4.9	209	217.5733712
PAY	2021	4	28	18	0	10.8	45	947.5	13	76.1	4.8	202	480.3316923
PAY	2021	4	28	19	0	10.6	6	947.8	12.6	77.8	3.9	215	0
PAY	2021	4	28	20	0	10.6	0	948.4	11.9	87.2	3.8	213	0
PAY	2021	4	28	21	0	10.8	0	948.6	11.9	85.7	3.7	219	0
PAY	2021	4	28	22	0	10.3	0	949	11.2	89.1	4.5	225	0
PAY	2021	4	28	23	0	10.3	0	949.5	11.1	90	3.9	225	0
PAY	2021	4	29	0	0	10	0	949.7	10.7	90.8	3.3	212	0
PAY	2021	4	29	1	0	9.7	0	949.9	10.3	91.6	2.5	204	0
PAY	2021	4	29	2	0	9.5	0	950.4	9.8	93.2	1.7	225	0
PAY	2021	4	29	3	0	9.3	0	950.5	9.8	91.4	3	192	0
PAY	2021	4	29	4	0	9	0	950.5	9.4	93.6	2.4	202	0
PAY	2021	4	29	5	0	8.8	4	950.7	9.5	91.2	1.7	202	40.98361099
PAY	2021	4	29	6	0	8.7	44	950.8	9.7	89.9	1.7	202	162.5481728
PAY	2021	4	29	7	0	9.2	231	950.8	11.4	80.2	2.5	201	527.6520982
PAY	2021	4	29	8	0	9.3	328	950.9	12.1	74.3	3	209	558.2784841
PAY	2021	4	29	9	0	9.6	408	951	12.7	68.5	3	215	574.89768
PAY	2021	4	29	10	0	9.9	314	951.3	13.2	65.9	3.1	206	394.4783032
PAY	2021	4	29	11	0	10.1	326	951.1	14.2	62.8	3.4	219	387.8448084
PAY	2021	4	29	12	0	9.9	471	951	14.7	50.5	4.6	224	560.4919852
PAY	2021	4	29	13	0	10.1	434	951	15.6	49.6	4.4	238	545.6438211
PAY	2021	4	29	14	0	9.8	321	951	14.6	53.1	4.8	237	452.881562
PAY	2021	4	29	15	0	10.1	308	950.9	15.2	53.8	4.2	230	525.1817852
PAY	2021	4	29	16	0	10.2	172	951.2	14	62.7	3.8	224	393.816743
PAY	2021	4	29	17	0	9.8	54	951.4	12.7	68.5	3.4	236	200.0914115
PAY	2021	4	29	18	0	9.6	14	951.8	12.3	70	2.3	238	143.99381
PAY	2021	4	29	19	0	9.6	1	952.2	11.8	74.7	1.9	234	0
PAY	2021	4	29	20	0	9.6	0	952.6	11.5	77.5	1.7	197	0
PAY	2021	4	29	21	0	9.4	0	952.9	11.1	80.9	1.4	222	0
PAY	2021	4	29	22	0	9.3	0	953.2	10.7	85.2	1	262	0
PAY	2021	4	29	23	0	7.8	0	953.3	10.2	69.9	1.5	79	0
PAY	2021	4	30	0	0	7.7	0	953.3	9.9	73.9	1.4	78	0
PAY	2021	4	30	1	0	7.8	0	952.9	9.5	81.7	0.8	149	0
PAY	2021	4	30	2	0	7.8	0	952.5	9.4	77.5	0.8	187	0
PAY	2021	4	30	3	0	7.4	0	952.4	8.9	83	1.1	166	0
PAY	2021	4	30	4	0	7.7	0	952.3	8.9	84.7	1.1	207	0
PAY	2021	4	30	5	0	7.6	19	951.9	8.8	88.2	0.9	82	186.474523
PAY	2021	4	30	6	0	8	59	951.8	9.3	86.1	0.8	135	214.7540731
PAY	2021	4	30	7	0	8.6	157	951.4	10.1	84.4	1.6	58	355.5511881
PAY	2021	4	30	8	0	8.9	226	951.4	10.7	82.3	2.6	28	382.3795406
PAY	2021	4	30	9	0	9.1	200	952.1	10.7	82.6	2.5	357	280.5201776
PAY	2021	4	30	10	0	8.6	80	953.2	9.1	92.6	3.1	309	100.1192606
PAY	2021	4	30	11	0	8.5	131	953.5	9.4	90.8	1.4	297	155.3162932
PAY	2021	4	30	12	0	8.4	122	953.8	8.9	89.2	2	225	144.6989233
PAY	2021	4	30	13	0	7.9	115	953.7	8.6	89.4	2.1	251	144.0825454
PAY	2021	4	30	14	0	8	100	953.6	8.9	90.4	0.9	333	140.5298035
PAY	2021	4	30	15	0	8.3	60	953.6	9	93.5	0.9	135	101.804699
PAY	2021	4	30	16	0	8.5	55	953.9	9.1	92.1	0.7	207	125.0531869
PAY	2021	4	30	17	0	8.4	29	954	8.9	91.5	0.8	252	106.1696917
PAY	2021	4	30	18	0	8.5	30	954.2	8.8	94.7	1.4	48	297.7950006
PAY	2021	4	30	19	0	8.2	10	954.6	8.5	96.5	1.8	52	0
PAY	2021	4	30	20	0	7.8	0	955.3	8	93.8	2	60	0
PAY	2021	4	30	21	0	7.4	0	955.2	7.7	95.6	2.9	69	0
PAY	2021	4	30	22	0	7.4	0	955.3	7.8	97.2	2	45	0
PAY	2021	4	30	23	0	7.5	0	955.3	7.5	96.9	2.7	18	0
PAY	2021	5	1	0	0	7	0	955.2	7.1	96.6	2.5	36	0
PAY	2021	5	1	1	0	6.8	0	954.8	6.9	97.1	1.9	28	0
PAY	2021	5	1	2	0	6.7	0	954.1	7	97.5	2.1	27	0
PAY	2021	5	1	3	0	6.5	0	953.7	6.6	95.4	2.9	26	0
PAY	2021	5	1	4	0	6.2	0	953.2	6.3	96.5	2.7	15	0
PAY	2021	5	1	5	0	6.2	1	953.3	6.5	96	2	28	9.425084771
PAY	2021	5	1	6	0	6.2	19	953.3	6.3	95.6	2.3	13	68.17522773
PAY	2021	5	1	7	0	6.2	60	953.1	6.6	94.1	2.4	25	134.7513905
PAY	2021	5	1	8	0	6.4	87	953.4	7	94.9	2.5	21	146.3487719
PAY	2021	5	1	9	0	6.5	77	953.5	7.2	93.7	1.7	7	107.5188021
PAY	2021	5	1	10	0	7	167	953	8.1	89.7	1.6	56	208.2205061
PAY	2021	5	1	11	0	7.6	155	952.9	8.1	91.9	1.6	21	183.1560976
PAY	2021	5	1	12	0	7.7	130	952.8	8.4	89.8	1.5	8	153.6881619
PAY	2021	5	1	13	0	7.9	138	952.4	8.6	94.3	1.9	344	172.3135363
PAY	2021	5	1	14	0	8	163	952	8.9	89.3	3.2	36	228.1803413
PAY	2021	5	1	15	0	7.8	75	952.3	8	93.5	3.3	42	126.6407799
PAY	2021	5	1	16	0	7.4	96	952.3	7.7	94.4	3.1	46	216.7817596
PAY	2021	5	1	17	0	7	44	952.5	7.1	95.2	2.9	41	159.1957393
PAY	2021	5	1	18	0	6.5	18	953.1	6.6	94.8	2.6	47	172.7004427
PAY	2021	5	1	19	0	6.2	1	953.8	6.4	95.3	1.9	58	0
PAY	2021	5	1	20	0	6	0	954.7	6.2	95.6	1.4	65	0
PAY	2021	5	1	21	0	5.4	0	955.3	5.8	90.8	1.6	102	0
PAY	2021	5	1	22	0	5.1	0	955.9	5.5	95.2	1.7	165	0
PAY	2021	5	1	23	0	5.1	0	956.4	5.5	93.3	2	193	0
PAY	2021	5	2	0	0	4.9	0	956.6	5.3	94.3	1.8	187	0
PAY	2021	5	2	1	0	5	0	956.9	5.4	94.2	2	198	0
PAY	2021	5	2	2	0	5	0	957.3	5.3	94.9	2.5	204	0
PAY	2021	5	2	3	0	5	0	957.6	5.3	94.9	2.8	197	0
PAY	2021	5	2	4	0	4.9	0	958	5.2	95.6	2.2	199	0
PAY	2021	5	2	5	0	5	6	958.6	5.2	95.3	1.8	209	54.433487
PAY	2021	5	2	6	0	4.7	56	959.1	5.1	94.1	1.8	196	198.1809447
PAY	2021	5	2	7	0	5.1	218	959.7	6.3	85.2	2.5	201	485.6563413
PAY	2021	5	2	8	0	5.9	400	960.1	7.7	73.3	1.9	177	669.0939825
PAY	2021	5	2	9	0	5.8	281	960.3	8.1	70.6	1.9	177	390.6743877
PAY	2021	5	2	10	0	5.9	661	960.3	9.4	56.8	1.4	45	821.1691684
PAY	2021	5	2	11	0	6.6	694	960.4	8.7	66.7	3	358	817.3937724
PAY	2021	5	2	12	0	6	244	961	8.1	72.5	3.7	276	287.5495546
PAY	2021	5	2	13	0	5.7	337	961.2	8.3	63.9	4.8	197	419.4008663
PAY	2021	5	2	14	0	5.9	208	961.1	7.7	78.8	3.6	176	290.0741638
PAY	2021	5	2	15	0	6.9	580	960.9	10.1	65.7	4	157	974.7060352
PAY	2021	5	2	16	0	5.3	81	962.1	5.4	87.2	4.2	353	181.6804938
PAY	2021	5	2	17	0	5.5	182	961.9	7.4	82.9	2.6	100	650.9271006
PAY	2021	5	2	18	0	5.6	112	962.3	6.4	80.7	2.5	127	1000
PAY	2021	5	2	19	0	4.7	10	963	5.7	86.2	2.1	112	0
PAY	2021	5	2	20	0	4.3	0	963.8	4.8	90.5	1.1	167	0
PAY	2021	5	2	21	0	3.9	0	964.3	3.9	94.4	1.2	174	0
PAY	2021	5	2	22	0	3	0	964.6	3	94.5	1.2	150	0
PAY	2021	5	2	23	0	2.5	0	965.1	2.6	93.4	1.7	207	0
PAY	2021	5	3	0	0	2.1	0	965.1	2.3	94.9	1.4	193	0
PAY	2021	5	3	1	0	1.6	0	964.9	1.6	98	1.8	180	0
PAY	2021	5	3	2	0	1	0	965	1.5	94.8	1	127	0
PAY	2021	5	3	3	0	0.5	0	964.9	0.7	98.2	1.3	184	0
PAY	2021	5	3	4	0	0.3	0	965	0.8	95.5	1.2	122	0
PAY	2021	5	3	5	0	-0.2	22	965.3	0	98.2	1	173	192.5290439
PAY	2021	5	3	6	0	1.1	153	965.8	2.2	93	1.1	135	534.2904527
PAY	2021	5	3	7	0	3	340	966	4.8	85.7	1	354	751.5388411
PAY	2021	5	3	8	0	4.2	530	966	5.8	85	1.5	333	881.7250923
PAY	2021	5	3	9	0	5.9	704	965.8	8.5	76.2	1.9	356	974.655246
PAY	2021	5	3	10	0	6.3	836	965.5	10	55.3	1.8	5	1000
PAY	2021	5	3	11	0	6.4	921	964.8	11.2	45.3	2.1	4	1000
PAY	2021	5	3	12	0	6.4	945	964.1	11.8	43.9	2	166	1000
PAY	2021	5	3	13	0	6.8	915	963.3	12.8	40.6	2.4	259	1000
PAY	2021	5	3	14	0	7.6	832	962.4	13.9	43.1	2.6	297	1000
PAY	2021	5	3	15	0	8	702	961.5	14.7	40.3	2.6	238	1000
PAY	2021	5	3	16	0	8.2	534	960.8	14.5	37.6	2.6	301	1000
PAY	2021	5	3	17	0	7.9	349	960.5	14.1	39.7	2.4	304	1000
PAY	2021	5	3	18	0	7.7	163	960.5	13.4	41.5	2.1	297	1000
PAY	2021	5	3	19	0	7.2	21	960.4	11.2	50	1.6	214	0
PAY	2021	5	3	20	0	5.4	0	960.4	7.8	58.9	1.8	204	0
PAY	2021	5	3	21	0	4.3	0	960.2	6.7	65.9	2.5	207	0
PAY	2021	5	3	22	0	3.6	0	960	5.5	72.3	2.6	206	0
PAY	2021	5	3	23	0	3.8	0	960.1	6.2	66.9	3.3	203	0
PAY	2021	5	4	0	0	4.5	0	959.6	7.8	62.1	4.4	206	0
PAY	2021	5	4	1	0	4.8	0	958.8	7.5	64.8	4.3	213	0
PAY	2021	5	4	2	0	4.6	0	958.3	6.8	69.8	3.8	216	0
PAY	2021	5	4	3	0	3.9	0	957.6	5.9	72.7	3.3	208	0
PAY	2021	5	4	4	0	4.1	0	957.4	6.8	67.4	3.4	204	0
PAY	2021	5	4	5	0	4.5	29	957.2	7.4	66.5	3.6	207	245.294661
PAY	2021	5	4	6	0	5.6	111	957.4	9.1	62.7	4	228	382.6718971
PAY	2021	5	4	7	0	6.4	169	957.5	10.4	58.2	6	211	370.7378195
PAY	2021	5	4	8	0	7	217	957.4	11.8	52.4	6.2	213	359.1032684
PAY	2021	5	4	9	0	8.1	456	957	14.8	44	6.8	219	628.7344099
PAY	2021	5	4	10	0	8.6	592	956.7	15	46.8	8.4	226	730.3545131
PAY	2021	5	4	11	0	8.6	488	956.4	14.6	46.1	8.3	225	571.1747556
PAY	2021	5	4	12	0	9.2	921	955.6	15.9	39.7	9.9	222	1000
PAY	2021	5	4	13	0	9.7	904	954.7	16.2	40	9.7	223	1000
PAY	2021	5	4	14	0	9.5	714	953.7	16.4	41.6	10	219	988.4422071
PAY	2021	5	4	15	0	9.6	603	953.2	17.3	36.1	9.2	220	1000
PAY	2021	5	4	16	0	9.7	370	952.7	16.4	39.4	8.1	227	819.0740253
PAY	2021	5	4	17	0	9.2	103	952.7	15.4	43.3	8.2	237	360.2237814
PAY	2021	5	4	18	0	9	40	952.2	14.2	47.8	6.4	245	349.3116291
PAY	2021	5	4	19	0	8.8	6	952.1	14.2	47.7	4.6	249	0
PAY	2021	5	4	20	0	8.8	0	952.3	14	49	5.3	230	0
PAY	2021	5	4	21	0	8.3	0	952.6	12.7	55.7	5.3	241	0
PAY	2021	5	4	22	0	9.2	0	952.3	11.7	73.4	6.9	209	0
PAY	2021	5	4	23	0	9	0	951.8	11.5	72	6	215	0
PAY	2021	5	5	0	0	9.2	0	950.9	12	72.1	5.3	216	0
PAY	2021	5	5	1	0	9.3	0	949.8	11.8	69.6	5.3	225	0
PAY	2021	5	5	2	0	8.9	0	949.6	10.3	82.3	5.4	228	0
PAY	2021	5	5	3	0	8.7	0	949.4	10.1	80.4	7.4	215	0
PAY	2021	5	5	4	0	8.2	0	949.9	9.1	87.1	8.2	215	0
PAY	2021	5	5	5	0	8.2	0	951.2	9.3	87	6.1	226	0
PAY	2021	5	5	6	0	6.7	38	952.5	7.9	75.7	5.4	257	129.3912118
PAY	2021	5	5	7	0	5.3	53	953.5	7	67.8	4.3	244	115.4170097
PAY	2021	5	5	8	0	4.8	118	954.3	7.7	63.3	4.1	226	194.2742339
PAY	2021	5	5	9	0	5.2	369	955	9.8	52.4	4.6	223	506.7648619
PAY	2021	5	5	10	0	5.8	445	955.5	9.5	52.2	6	242	547.176963
PAY	2021	5	5	11	0	6.4	948	955.9	11.8	45.2	7.4	250	1000
PAY	2021	5	5	12	0	6.4	846	956.1	11.3	40.2	6.8	259	988.0342529
PAY	2021	5	5	13	0	6.4	776	956.2	12	40.7	7	273	956.5961974
PAY	2021	5	5	14	0	6.3	877	956.6	12.5	39.2	7.9	274	1000
PAY	2021	5	5	15	0	6.5	709	956.7	12.4	36.3	6.9	267	1000
PAY	2021	5	5	16	0	5.7	470	956.8	11.6	38.6	6.9	257	1000
PAY	2021	5	5	17	0	5.3	222	957	11.1	35.5	5.9	253	768.0270685
PAY	2021	5	5	18	0	5	93	957	10.1	43.9	4.5	261	788.9530867
PAY	2021	5	5	19	0	4.6	11	957.3	9.6	44.1	4	261	0
PAY	2021	5	5	20	0	4.5	0	958	9.1	46	4.4	249	0
PAY	2021	5	5	21	0	4.3	0	958	8.2	51.1	3.4	232	0
PAY	2021	5	5	22	0	4	0	957.9	7.8	50.9	3.7	238	0
PAY	2021	5	5	23	0	3.6	0	957.6	7.1	54.1	2.4	214	0
PAY	2021	5	6	0	0	3.6	0	957.5	7	57.5	2.4	216	0
PAY	2021	5	6	1	0	3.4	0	956.8	5.9	65.9	2.5	212	0
PAY	2021	5	6	2	0	3.3	0	956.4	5.8	67.1	3.4	201	0
PAY	2021	5	6	3	0	3.6	0	955.8	6.3	65.4	4	201	0
PAY	2021	5	6	4	0	3.6	0	955.1	5.8	69	3.1	203	0
PAY	2021	5	6	5	0	3.8	13	955	6.2	72	2.7	208	103.2752722
PAY	2021	5	6	6	0	4.4	67	954.7	7.6	63	2.6	208	225.4282239
PAY	2021	5	6	7	0	5.2	127	954	8.9	62.9	2.9	212	274.60971
PAY	2021	5	6	8	0	6	174	953.7	9.7	58.3	3.6	223	285.0535607
PAY	2021	5	6	9	0	6.2	123	954.1	8.9	65.4	4.4	233	168.2736562
PAY	2021	5	6	10	0	6.1	129	954	8	78.2	5.8	218	158.1088751
PAY	2021	5	6	11	0	6.5	133	953.1	8.6	77	4.6	224	154.7483678
PAY	2021	5	6	12	0	7.3	215	952.3	8.6	85.6	5.7	220	250.3795564
PAY	2021	5	6	13	0	7.6	183	951.7	8.6	89.4	6.8	220	224.9068712
PAY	2021	5	6	14	0	7.9	102	951.6	8.9	90.1	6.1	214	140.2128714
PAY	2021	5	6	15	0	8.5	84	951.3	9.6	89.8	5.9	208	138.6202016
PAY	2021	5	6	16	0	9.1	64	951.7	9.9	92.3	6.2	214	139.8950728
PAY	2021	5	6	17	0	9.3	28	951.8	10.1	87.2	7	217	95.84484221
PAY	2021	5	6	18	0	8.9	17	952.2	10.4	82.8	7.4	217	140.2499224
PAY	2021	5	6	19	0	8.6	12	952.9	10	83	5.5	220	0
PAY	2021	5	6	20	0	8.9	0	953.9	10.1	84.3	5.6	209	0
PAY	2021	5	6	21	0	8.5	0	954.4	9.8	84.1	5.2	214	0
PAY	2021	5	6	22	0	8.3	0	954.4	9.7	85.1	4.2	210	0
PAY	2021	5	6	23	0	8.2	0	954.6	9.7	79.2	4.3	216	0
PAY	2021	5	7	0	0	7.7	0	954.1	9.2	80	3.6	212	0
PAY	2021	5	7	1	0	7.8	0	954.1	9.5	80.2	3.3	219	0
PAY	2021	5	7	2	0	7.7	0	954.1	9.6	78.3	4.6	223	0
PAY	2021	5	7	3	0	7.9	0	954.5	8.7	86.2	4.9	216	0
PAY	2021	5	7	4	0	7.5	0	954.5	8.9	82.9	4.7	214	0
PAY	2021	5	7	5	0	7.4	13	955.2	8.8	81	4.8	211	100.3315944
PAY	2021	5	7	6	0	7.4	57	955.6	8.5	87	4.3	213	189.5877641
PAY	2021	5	7	7	0	7.7	70	956	9	83.4	4.4	221	150.3250204
PAY	2021	5	7	8	0	7.7	101	956.7	8.8	84.2	4.8	224	164.6691452
PAY	2021	5	7	9	0	7.4	122	958.3	8.9	83.5	3.8	253	166.2854737
PAY	2021	5	7	10	0	7.4	279	959.3	9.6	69.7	2.8	287	340.8882082
PAY	2021	5	7	11	0	7.5	603	959.9	10.1	68.2	3.7	299	699.6145353
PAY	2021	5	7	12	0	7.3	346	960.3	10.6	62.5	3.3	290	401.8163285
PAY	2021	5	7	13	0	7.7	439	960.3	11.5	59.4	3.5	287	537.9369913
PAY	2021	5	7	14	0	7.6	353	960.6	11.4	57	3.6	330	483.5893446
PAY	2021	5	7	15	0	8.1	536	960.6	12.5	63.3	1.7	225	880.6998363
PAY	2021	5	7	16	0	8.2	280	961.1	11.3	64.5	3.4	150	608.2835978
PAY	2021	5	7	17	0	8.2	185	961.3	11.1	66.9	2.5	144	626.7105216
PAY	2021	5	7	18	0	8.5	179	961.4	11	68.5	2.2	127	1000
PAY	2021	5	7	19	0	7.9	34	961.5	9.8	74.8	2.2	137	0
PAY	2021	5	7	20	0	7	0	961.8	7.8	86.5	1.3	165	0
PAY	2021	5	7	21	0	6	0	962.1	6.9	86.9	1.6	198	0
PAY	2021	5	7	22	0	5.9	0	962	6.1	91	1.4	169	0
PAY	2021	5	7	23	0	5.5	0	962.2	6.2	91.4	0.8	0	0
PAY	2021	5	8	0	0	5.7	0	962.2	6.3	92	1.6	203	0
PAY	2021	5	8	1	0	5.3	0	962.2	4.9	94.2	2.1	200	0
PAY	2021	5	8	2	0	4.5	0	961.9	4.6	94.7	2.5	203	0
PAY	2021	5	8	3	0	4	0	961.6	3.5	95.8	2.7	200	0
PAY	2021	5	8	4	0	2.3	0	961.4	2	97.3	1.7	208	0
PAY	2021	5	8	5	0	2.2	35	961.5	3.7	93	2.2	199	262.8147439
PAY	2021	5	8	6	0	4.1	158	961.9	5.5	89.6	1.3	200	519.7318437
PAY	2021	5	8	7	0	5.7	373	962.1	8	79.3	1.2	221	795.7275129
PAY	2021	5	8	8	0	7	471	961.9	9.5	74	1.2	300	764.3533373
PAY	2021	5	8	9	0	8.2	699	961.6	12	71.7	1.8	312	949.3079127
PAY	2021	5	8	10	0	9.6	815	961.1	12.7	69	2.5	337	992.7699854
PAY	2021	5	8	11	0	10.2	889	960.5	14.9	66.3	2.2	347	1000
PAY	2021	5	8	12	0	11	905	959.8	15.9	55.1	1.8	37	1000
PAY	2021	5	8	13	0	11.3	897	958.9	18.8	37	2.7	252	1000
PAY	2021	5	8	14	0	11.6	830	958.4	19.6	39.5	5	233	1000
PAY	2021	5	8	15	0	12.2	620	957.8	20.5	38.5	5.1	223	1000
PAY	2021	5	8	16	0	12.4	508	957.2	20.1	36.8	5.9	227	1000
PAY	2021	5	8	17	0	12.7	274	956.8	20.8	41.5	5.1	223	918.811615
PAY	2021	5	8	18	0	12.9	174	956.6	19.6	44.5	4.4	217	1000
PAY	2021	5	8	19	0	12.3	24	956.7	16.7	56.3	3.2	191	0
PAY	2021	5	8	20	0	11.4	0	956.8	15.2	62.5	2.3	201	0
PAY	2021	5	8	21	0	10.4	0	956.8	12.8	72.7	2.4	195	0
PAY	2021	5	8	22	0	9.7	0	956.8	10.3	85	1.9	216	0
PAY	2021	5	8	23	0	8.4	0	956.7	9	83.5	1.1	59	0
PAY	2021	5	9	0	0	7.7	0	956.6	9.3	79.7	1.4	197	0
PAY	2021	5	9	1	0	7.1	0	956.3	8.9	79.4	1.6	129	0
PAY	2021	5	9	2	0	6.6	0	956	8	80.2	1.1	162	0
PAY	2021	5	9	3	0	6	0	955.9	6.5	88.6	1.3	174	0
PAY	2021	5	9	4	0	5.5	0	955.9	6.1	89.5	1.1	90	0
PAY	2021	5	9	5	0	5.5	38	956	6.8	85.4	1.3	187	278.0090569
PAY	2021	5	9	6	0	7.3	198	955.9	9.8	81.5	1.3	117	644.3983703
PAY	2021	5	9	7	0	9	353	955.6	12.4	71.2	1.4	333	748.2595006
PAY	2021	5	9	8	0	11	542	955	15.3	69.2	1.4	346	875.6345072
PAY	2021	5	9	9	0	12.2	630	954.7	16.7	63.2	1.7	353	852.6235195
PAY	2021	5	9	10	0	13.3	776	954.3	18.5	57.4	2	329	942.4917264
PAY	2021	5	9	11	0	14	893	953.7	20.3	49	1.5	23	1000
PAY	2021	5	9	12	0	15.1	950	952.8	22	48.2	1.9	16	1000
PAY	2021	5	9	13	0	15.6	895	952.2	23.6	43.4	1.7	330	1000
PAY	2021	5	9	14	0	15.8	768	951.7	25.3	37.7	2.7	252	1000
PAY	2021	5	9	15	0	15.4	671	951.1	25.2	34.1	4	245	1000
PAY	2021	5	9	16	0	15.2	518	950.5	25	35.2	3.4	230	1000
PAY	2021	5	9	17	0	14.9	320	950.4	23.6	34.9	4.1	241	1000
PAY	2021	5	9	18	0	14.1	98	950.1	22	43.1	2.6	223	748.0331638
PAY	2021	5	9	19	0	12.9	18	950	18.9	45.5	3.2	191	0
PAY	2021	5	9	20	0	11.8	0	950.1	17.6	48.7	3.4	180	0
PAY	2021	5	9	21	0	11.9	0	950.4	18.1	50	2	93	0
PAY	2021	5	9	22	0	11.8	0	950.1	14.4	73.3	1.7	105	0
PAY	2021	5	9	23	0	11.2	0	949.8	14	69.7	1.6	105	0
PAY	2021	5	10	0	0	10.6	0	949.2	12.4	74.2	1.2	190	0
PAY	2021	5	10	1	0	10.1	0	949.1	12.7	74.7	1.3	98	0
PAY	2021	5	10	2	0	10.8	0	950.1	12.4	86.2	2	163	0
PAY	2021	5	10	3	0	11.5	0	950.2	13.9	75.7	1.7	197	0
PAY	2021	5	10	4	0	11	0	949.8	11.3	91.6	2.1	209	0
PAY	2021	5	10	5	0	11.1	14	950.6	12.5	90	1.8	140	99.92353019
PAY	2021	5	10	6	0	12	29	951.7	14.1	79.7	3.1	211	93.41788964
PAY	2021	5	10	7	0	12.3	14	952.1	13.3	90.6	4.6	213	29.4934587
PAY	2021	5	10	8	0	12.6	58	952.8	13.6	90.1	3.6	209	93.29727856
PAY	2021	5	10	9	0	12.8	57	953.1	13.9	88.5	1.7	214	76.8828093
PAY	2021	5	10	10	0	13.2	121	953.5	14.7	87.4	1.6	185	146.5436666
PAY	2021	5	10	11	0	13.3	130	953.8	14.6	86.7	2.1	201	149.6232145
PAY	2021	5	10	12	0	13.5	101	953.5	14.5	92.1	1.2	180	116.3687504
PAY	2021	5	10	13	0	13.6	77	953.5	14.1	95.4	2.2	37	93.5585807
PAY	2021	5	10	14	0	13.2	84	953	13.4	94.3	2.5	33	113.9486263
PAY	2021	5	10	15	0	12.5	67	953.1	13.1	92.6	2.6	37	108.7174107
PAY	2021	5	10	16	0	12.6	45	953	13.1	96.1	1.7	11	96.03613062
PAY	2021	5	10	17	0	12.5	21	953	12.7	96.7	1.5	344	69.04628486
PAY	2021	5	10	18	0	12.2	14	952.8	12.4	96.1	1.9	32	104.3188884
PAY	2021	5	10	19	0	12.2	3	953	12.4	97.7	1.5	9	0
PAY	2021	5	10	20	0	11.5	0	952.7	11.9	97.3	1.5	315	0
PAY	2021	5	10	21	0	11.5	0	952.8	11.8	96.9	1	342	0
PAY	2021	5	10	22	0	11.5	0	952.7	11.9	96.5	1	264	0
PAY	2021	5	10	23	0	11.6	0	952.8	11.8	96.2	1.4	297	0
PAY	2021	5	11	0	0	10.9	0	952.1	11.2	91.6	1.6	297	0
PAY	2021	5	11	1	0	10.1	0	951.9	10.6	92.1	1.8	205	0
PAY	2021	5	11	2	0	9.8	0	951.9	10.3	95.4	1.7	198	0
PAY	2021	5	11	3	0	9.8	0	951.2	10.3	94.6	1.8	207	0
PAY	2021	5	11	4	0	9.7	0	950.8	9.9	97.6	1	141	0
PAY	2021	5	11	5	0	9.7	6	950.5	10.2	96.1	1.1	90	41.83058475
PAY	2021	5	11	6	0	10	26	950.5	10.4	94.7	1.1	252	82.93155658
PAY	2021	5	11	7	0	9.8	12	951.2	10	95.8	1.9	242	25.13018522
PAY	2021	5	11	8	0	9.4	36	952.2	9.7	92.1	4.4	215	57.66696886
PAY	2021	5	11	9	0	9.6	225	952.5	10.6	84.9	3.4	214	302.4995526
PAY	2021	5	11	10	0	9.7	232	952.5	11.5	77.9	3	220	280.2051483
PAY	2021	5	11	11	0	10	217	952.7	12.4	77.9	2.4	225	249.1282683
PAY	2021	5	11	12	0	10.2	216	952.8	12.5	79	2.4	221	248.2478634
PAY	2021	5	11	13	0	10.4	231	953	13.2	69.1	3	207	279.9234802
PAY	2021	5	11	14	0	10.3	93	953.1	12	82.7	2.1	59	125.7620335
PAY	2021	5	11	15	0	10.5	109	953.6	11.6	91.7	2.1	31	176.1604673
PAY	2021	5	11	16	0	10.3	43	954.4	10.9	92.6	1.5	169	91.2459598
PAY	2021	5	11	17	0	9.6	34	955.1	9.8	91.7	2.8	220	110.7292442
PAY	2021	5	11	18	0	9.1	19	955.6	9.7	92.1	3.5	197	138.3233332
PAY	2021	5	11	19	0	9.1	4	956.5	9.8	93.4	2.9	202	0
PAY	2021	5	11	20	0	9	0	957.4	9.6	91.3	3.4	207	0
PAY	2021	5	11	21	0	8.6	0	958.3	9.4	87.6	4.1	216	0
PAY	2021	5	11	22	0	8.2	0	958.7	9	89.1	4.2	219	0
PAY	2021	5	11	23	0	7.6	0	958.8	8.5	88.2	3.4	213	0
PAY	2021	5	12	0	0	7.4	0	958.7	8.4	86.5	3.3	211	0
PAY	2021	5	12	1	0	7.4	0	958.8	8.4	87.6	3	210	0
PAY	2021	5	12	2	0	7.2	0	958.4	8.2	86.6	2.5	203	0
PAY	2021	5	12	3	0	7.1	0	958.1	8.1	86.7	2.5	201	0
PAY	2021	5	12	4	0	6.9	0	957.8	7.9	86.7	2.3	203	0
PAY	2021	5	12	5	0	6.9	11	957.8	8.1	85.7	2.5	198	74.99767281
PAY	2021	5	12	6	0	7.3	134	957.5	9.4	78	2.7	202	423.3828608
PAY	2021	5	12	7	0	7.8	358	957.3	10.6	68.1	2.6	203	745.4343667
PAY	2021	5	12	8	0	8	608	956.6	11.2	64.5	1.6	169	970.012326
PAY	2021	5	12	9	0	8.4	714	956	12.3	56.8	1.9	54	956.9249249
PAY	2021	5	12	10	0	8.2	843	955.5	13	53.2	2.1	28	1000
PAY	2021	5	12	11	0	9.1	823	954.9	12.9	48.5	2.5	352	942.5510664
PAY	2021	5	12	12	0	8.9	850	954.3	14.1	45.6	2.1	80	974.5363203
PAY	2021	5	12	13	0	9.7	834	953.9	16	48.5	2.5	72	1000
PAY	2021	5	12	14	0	9.7	878	953.5	16.3	47.4	2.4	73	1000
PAY	2021	5	12	15	0	10	737	953.1	15.9	47.6	3.2	2	1000
PAY	2021	5	12	16	0	9.9	580	952.8	15.7	44.5	3.8	10	1000
PAY	2021	5	12	17	0	9.8	241	952.9	14.3	53.8	3.6	15	777.5974955
PAY	2021	5	12	18	0	9.5	69	953.2	13.5	59.4	2.9	44	491.1894856
PAY	2021	5	12	19	0	9.3	16	953.7	12.4	66.9	2.9	23	0
PAY	2021	5	12	20	0	9	0	954.1	11.5	71.4	2.9	337	0
PAY	2021	5	12	21	0	8.6	0	954	9.6	86.5	1.6	48	0
PAY	2021	5	12	22	0	8.3	0	953.6	9.6	82.2	1	73	0
PAY	2021	5	12	23	0	7.7	0	953.6	8	91.7	1.5	189	0
PAY	2021	5	13	0	0	7.3	0	953.3	7.5	90.9	1.4	185	0
PAY	2021	5	13	1	0	6.7	0	953.2	7	92	2.2	201	0
PAY	2021	5	13	2	0	6.5	0	952.8	7.5	89.1	2.6	205	0
PAY	2021	5	13	3	0	6.7	0	952.5	7.6	88.8	2.4	200	0
PAY	2021	5	13	4	0	6.9	0	952.4	7.8	89.9	2.4	205	0
PAY	2021	5	13	5	0	7.2	20	952.5	8.2	93.1	1.3	172	133.4997835
PAY	2021	5	13	6	0	7.8	80	952.6	9.6	79.4	1.8	215	250.4749084
PAY	2021	5	13	7	0	7.8	72	952.9	9.4	79.4	3.4	215	149.0955046
PAY	2021	5	13	8	0	6.4	112	954	7.8	76.7	5.4	235	177.9939864
PAY	2021	5	13	9	0	6.4	199	954.5	8.5	73.6	5	220	265.9005163
PAY	2021	5	13	10	0	6.2	280	954.8	8.8	69.1	5.6	208	336.417736
PAY	2021	5	13	11	0	6	279	954.7	8.8	70.1	5.4	218	318.7753768
PAY	2021	5	13	12	0	6.5	513	954.4	10.2	60	5.5	207	586.77829
PAY	2021	5	13	13	0	7.1	471	954.1	10.5	61.2	5.2	205	567.8114873
PAY	2021	5	13	14	0	7	394	953.6	11.2	55.1	3.6	207	529.573796
PAY	2021	5	13	15	0	8	550	953	12.6	51.3	3.6	206	881.99281
PAY	2021	5	13	16	0	8	536	952.6	12.4	51.8	2.7	216	1000
PAY	2021	5	13	17	0	8.1	318	952.5	12.6	54.4	2.8	241	1000
PAY	2021	5	13	18	0	8.5	143	952.4	11.8	59.8	2.3	273	996.1644436
PAY	2021	5	13	19	0	8.1	27	952.5	10.1	76.2	1.6	256	0
PAY	2021	5	13	20	0	7.7	0	952.9	8.7	81.1	1.3	185	0
PAY	2021	5	13	21	0	6.7	0	953	7	88.4	0.9	130	0
PAY	2021	5	13	22	0	5.9	0	952.9	6.8	88.1	1.6	170	0
PAY	2021	5	13	23	0	6.3	0	952.9	7.2	85.9	1.3	175	0
PAY	2021	5	14	0	0	5.2	0	952.7	5.4	92	1.6	196	0
PAY	2021	5	14	1	0	4.3	0	952.6	4.2	95	1.1	180	0
PAY	2021	5	14	2	0	3.8	0	952.4	4.1	95.6	1.4	180	0
PAY	2021	5	14	3	0	3.1	0	952.3	3.1	95.3	1.1	166	0
PAY	2021	5	14	4	0	2.4	0	952.3	2.3	95.1	1.1	190	0
PAY	2021	5	14	5	0	2.6	48	952.4	3.6	93.8	1.3	185	314.0120147
PAY	2021	5	14	6	0	4.4	184	952.6	6.1	90.8	0.8	171	571.0812801
PAY	2021	5	14	7	0	6.5	410	952.7	8.2	83.1	1.2	253	844.5276959
PAY	2021	5	14	8	0	7.5	478	952.7	10.1	73.4	1.2	326	756.8200031
PAY	2021	5	14	9	0	8.2	551	952.9	11.8	70.4	1.3	315	734.0955193
PAY	2021	5	14	10	0	9.2	617	952.9	12.3	63.9	1.9	326	739.4883712
PAY	2021	5	14	11	0	9.7	783	952.8	12.4	59	2.4	243	892.588267
PAY	2021	5	14	12	0	8.2	120	953.6	9.6	84.9	4	221	136.9447516
PAY	2021	5	14	13	0	9	288	953.7	12.5	71.8	2.4	172	346.3352588
PAY	2021	5	14	14	0	9.4	524	954.1	12.7	68.8	3.8	250	702.2440387
PAY	2021	5	14	15	0	8.9	171	954.5	10.6	77.6	4.2	255	273.187612
PAY	2021	5	14	16	0	9	296	954.4	12.4	72.1	3.8	216	617.8727698
PAY	2021	5	14	17	0	8.5	228	954.6	11.8	63.4	4.3	222	722.5271589
PAY	2021	5	14	18	0	8.5	182	955.1	11.6	64.9	3.5	206	1000
PAY	2021	5	14	19	0	7.9	24	955	9.6	73.5	3	192	0
PAY	2021	5	14	20	0	6.6	0	956	8.5	73.6	2.7	207	0
PAY	2021	5	14	21	0	6.7	0	956.6	8.8	73.3	2.6	202	0
PAY	2021	5	14	22	0	6.7	0	956.4	8.6	74.5	3.1	199	0
PAY	2021	5	14	23	0	6.3	0	956.4	8.3	75.8	2.8	197	0
PAY	2021	5	15	0	0	6	0	956	7.3	81.8	2.8	199	0
PAY	2021	5	15	1	0	5.9	0	955.4	7.9	76.3	2.6	209	0
PAY	2021	5	15	2	0	5.9	0	954.8	7.4	80.3	3.2	201	0
PAY	2021	5	15	3	0	5.9	0	954.3	7.3	81.4	2.7	202	0
PAY	2021	5	15	4	0	5.7	0	954	6.5	88.4	2	207	0
PAY	2021	5	15	5	0	5.8	18	953.8	7.5	80.8	2.5	195	115.5231576
PAY	2021	5	15	6	0	6.1	58	953.8	7.8	80.2	2.3	193	178.5132895
PAY	2021	5	15	7	0	6.8	140	953.7	9.1	77.5	1.3	204	286.9108715
PAY	2021	5	15	8	0	7.5	225	953.4	10.3	69.2	3	202	354.9666695
PAY	2021	5	15	9	0	7.7	306	953.1	11.7	58.5	3.5	217	406.5417035
PAY	2021	5	15	10	0	8.2	482	952.8	12.1	60.2	5.7	235	576.3114349
PAY	2021	5	15	11	0	7.7	408	952.5	11.1	62.2	6.8	239	464.0784125
PAY	2021	5	15	12	0	7.9	274	952.6	10.1	75.5	6	236	311.9979722
PAY	2021	5	15	13	0	8.3	294	952.3	10.2	79.3	5	226	352.6962453
PAY	2021	5	15	14	0	8.3	182	951.9	9.6	84.7	4.9	215	243.2115742
PAY	2021	5	15	15	0	8.5	125	951.7	9.3	91.6	3.9	212	198.9629572
PAY	2021	5	15	16	0	8.5	112	951.7	9.3	90.4	3.1	209	232.564521
PAY	2021	5	15	17	0	8.7	77	951.7	9.3	92.4	2.7	216	241.8999275
PAY	2021	5	15	18	0	8.6	27	951.6	8.9	94.1	2.5	229	180.5128407
PAY	2021	5	15	19	0	8	3	952.3	8.4	92.9	3.2	204	0
PAY	2021	5	15	20	0	7.6	0	952.4	8.1	91.7	2.5	178	0
PAY	2021	5	15	21	0	7.2	0	952.7	7.7	92.8	2.5	192	0
PAY	2021	5	15	22	0	6.9	0	952.7	6.9	95.2	2.3	204	0
PAY	2021	5	15	23	0	6.4	0	953.1	6.1	98.4	1.9	230	0
PAY	2021	5	16	0	0	6.1	0	952.8	6.8	95.5	1.6	176	0
PAY	2021	5	16	1	0	6.3	0	952.5	6.1	98.4	1.5	261	0
PAY	2021	5	16	2	0	6	0	952.1	6.1	96.1	1.9	190	0
PAY	2021	5	16	3	0	6	0	951.8	6.1	97.7	1.2	278	0
PAY	2021	5	16	4	0	6.4	0	951.9	7.3	94.5	1.1	225	0
PAY	2021	5	16	5	0	7	28	951.6	7.9	92.3	1.6	215	176.4668294
PAY	2021	5	16	6	0	7.4	98	951.8	8.3	95.7	1.1	37	299.2156756
PAY	2021	5	16	7	0	8.3	159	951.6	9.4	91	1.8	210	324.2609255
PAY	2021	5	16	8	0	8.8	216	951.2	10.4	82.9	2.1	219	339.5950189
PAY	2021	5	16	9	0	9.2	130	950.8	10	92.8	1.6	217	172.2491054
PAY	2021	5	16	10	0	9.1	107	950.8	9.7	94.6	2	210	127.6427642
PAY	2021	5	16	11	0	9.4	215	950.1	10.1	88.7	1.4	170	244.0304455
PAY	2021	5	16	12	0	9.8	223	949.1	10.6	91.2	1	90	253.3800441
PAY	2021	5	16	13	0	10.1	106	948.8	10.3	96.7	1.5	23	126.8635199
PAY	2021	5	16	14	0	10.1	78	949	10.5	97.8	1.8	17	103.9424504
PAY	2021	5	16	15	0	10.6	263	949	11.5	93.9	2.1	51	417.109435
PAY	2021	5	16	16	0	11.1	212	948.9	12.1	91.3	1.7	32	437.9534977
PAY	2021	5	16	17	0	11.4	128	948.6	11.6	94.9	1.7	339	398.7215956
PAY	2021	5	16	18	0	11.2	102	948.9	11.6	95.8	1.9	313	668.7682355
PAY	2021	5	16	19	0	11.1	42	949.7	11.7	91.6	1.3	276	0
PAY	2021	5	16	20	0	10.5	0	950.6	11.2	77.8	3.2	221	0
PAY	2021	5	16	21	0	8.9	0	951.3	10.5	76.1	4.3	222	0
PAY	2021	5	16	22	0	7.4	0	952.1	10.1	65.1	4.6	242	0
PAY	2021	5	16	23	0	6.9	0	953	9	73.1	3.8	208	0
PAY	2021	5	17	0	0	6.9	0	953.2	8.8	77.8	4.4	237	0
PAY	2021	5	17	1	0	6.9	0	952.9	8.9	73.6	3.2	219	0
PAY	2021	5	17	2	0	6.6	0	952.9	8.7	74.8	4.1	207	0
PAY	2021	5	17	3	0	6.5	0	953	8.2	78	3.9	212	0
PAY	2021	5	17	4	0	6.3	0	953.5	8.1	78.1	3.5	217	0
PAY	2021	5	17	5	0	6.3	7	954	8.1	76.2	4.3	222	43.3620889
PAY	2021	5	17	6	0	6.4	40	954.2	7.6	88	3.6	209	121.1948076
PAY	2021	5	17	7	0	7	134	954.8	8.6	83.8	4.2	214	272.0001213
PAY	2021	5	17	8	0	7.8	428	955.1	10.4	73.5	6.2	216	670.679742
PAY	2021	5	17	9	0	7.8	304	955.6	10.3	68.6	6.6	218	401.757335
PAY	2021	5	17	10	0	8.4	472	955.7	11.8	69.7	6.4	220	561.8163699
PAY	2021	5	17	11	0	8.7	742	955.7	12.2	62.1	7.3	214	840.4579316
PAY	2021	5	17	12	0	8.6	579	956.2	10.6	71.6	7.5	215	656.5100971
PAY	2021	5	17	13	0	8.7	311	956.5	12.1	74.5	4.7	241	371.3612099
PAY	2021	5	17	14	0	9.4	573	956.3	13.1	65.8	6.7	215	761.4962162
PAY	2021	5	17	15	0	9.1	373	956.8	12	67	6.7	217	589.4810224
PAY	2021	5	17	16	0	8.9	246	957.4	11.5	73	6.1	219	505.6412859
PAY	2021	5	17	17	0	8.4	181	957.4	10.8	71.4	6.3	214	559.1671461
PAY	2021	5	17	18	0	8.3	61	957.9	9.9	81	4.8	219	392.4883218
PAY	2021	5	17	19	0	8.3	26	958.6	9.1	88.2	4.5	214	0
PAY	2021	5	17	20	0	7.4	0	959.4	8.2	88.3	5.3	209	0
PAY	2021	5	17	21	0	7.4	0	960.2	8.2	92.1	4.3	213	0
PAY	2021	5	17	22	0	7.6	0	960.1	8.1	94.1	2.4	204	0
PAY	2021	5	17	23	0	7.4	0	960	8.1	90.5	3.7	205	0
PAY	2021	5	18	0	0	7.3	0	960.1	7.9	91.9	4.3	212	0
PAY	2021	5	18	1	0	7.4	0	960	8.1	89.4	4	212	0
PAY	2021	5	18	2	0	7	0	959.8	7.8	88.2	4.5	208	0
PAY	2021	5	18	3	0	7	0	959.9	7.7	91	3.7	210	0
PAY	2021	5	18	4	0	7.1	0	960.3	7.9	90.6	4	215	0
PAY	2021	5	18	5	0	7.1	14	960.5	7.9	90.5	4.1	214	85.31571208
PAY	2021	5	18	6	0	7.4	97	960.8	8.9	87.9	3.1	214	291.7484154
PAY	2021	5	18	7	0	7.9	230	960.6	9.9	80.3	4	217	464.7784065
PAY	2021	5	18	8	0	8.3	370	960.7	10.7	68.4	4.1	227	577.9597272
PAY	2021	5	18	9	0	8.1	382	960.1	11.4	62.1	4	225	503.589059
PAY	2021	5	18	10	0	9	691	959.7	13.2	54.7	4.5	223	820.7439396
PAY	2021	5	18	11	0	8.4	587	959	13.1	54	4.3	246	663.5726684
PAY	2021	5	18	12	0	8.8	477	958.6	13.9	52	3.1	266	539.7655812
PAY	2021	5	18	13	0	8.8	561	957.9	14.8	49.8	3.2	262	668.3930325
PAY	2021	5	18	14	0	8.8	642	957.4	14.3	46.2	2.2	279	850.9265637
PAY	2021	5	18	15	0	9.4	362	957.1	14.6	49.8	2.3	270	570.1261129
PAY	2021	5	18	16	0	9.5	300	957.3	14.7	47.3	2.7	268	613.610127
PAY	2021	5	18	17	0	8.9	122	957.5	13.3	55.2	3.1	284	373.8644146
PAY	2021	5	18	18	0	8.3	37	958.1	11.3	59.5	3.4	270	233.7764745
PAY	2021	5	18	19	0	7.3	8	958.9	9.6	72.2	4.4	172	0
PAY	2021	5	18	20	0	7.1	0	960.1	8.9	78.3	2.3	204	0
PAY	2021	5	18	21	0	7.1	0	960.8	8.4	83.5	2.4	153	0
PAY	2021	5	18	22	0	6.8	0	961.1	8.3	78.7	3	190	0
PAY	2021	5	18	23	0	6.7	0	961.2	7.6	87.7	2.5	201	0
PAY	2021	5	19	0	0	6.5	0	961.6	7.3	87.8	2.9	205	0
PAY	2021	5	19	1	0	6.3	0	961.7	7.3	86.7	3.5	204	0
PAY	2021	5	19	2	0	5.8	0	961.5	6.2	91.4	3.2	201	0
PAY	2021	5	19	3	0	5.7	0	961.7	6.4	92	2.9	207	0
PAY	2021	5	19	4	0	5.9	0	962	6.4	94.2	2.5	208	0
PAY	2021	5	19	5	0	6.3	14	962.1	7	92.7	3	200	84.00092691
PAY	2021	5	19	6	0	6.6	114	962.5	7.9	90.9	2.5	213	340.4853708
PAY	2021	5	19	7	0	7.7	218	962.9	9.5	84.8	2.5	204	438.6459946
PAY	2021	5	19	8	0	7.6	148	963	9.5	79.9	2.6	218	230.4845454
PAY	2021	5	19	9	0	8.2	381	962.6	10.8	68.8	2.3	235	501.0788879
PAY	2021	5	19	10	0	8.1	272	962.5	8.9	82.7	3.4	284	322.4130462
PAY	2021	5	19	11	0	7.9	493	962.6	10.6	67.2	4	229	556.2461719
PAY	2021	5	19	12	0	7.6	423	962.4	10.2	68.9	4.8	195	477.7266802
PAY	2021	5	19	13	0	8.4	718	962.1	13.1	59.4	2.5	186	853.5988537
PAY	2021	5	19	14	0	8.4	288	962.6	10.3	70.4	3	209	380.7347139
PAY	2021	5	19	15	0	7.5	162	962.5	10.3	72.7	2.3	211	254.2806591
PAY	2021	5	19	16	0	7.5	160	963.2	7.8	87.9	3	224	325.6894
PAY	2021	5	19	17	0	6.6	83	963.4	7.9	86.1	4.8	196	252.3544731
PAY	2021	5	19	18	0	6.9	74	963.7	8.1	89.2	2.7	217	459.4145686
PAY	2021	5	19	19	0	7.4	10	963.8	7.9	91.5	1.5	197	0
PAY	2021	5	19	20	0	7	0	964.4	7.7	88.7	1.8	208	0
PAY	2021	5	19	21	0	6.9	0	965	7.3	94.2	1.8	214	0
PAY	2021	5	19	22	0	6.5	0	965.2	7	90.8	3.2	213	0
PAY	2021	5	19	23	0	5.8	0	965.4	6	90.9	3.2	206	0
PAY	2021	5	20	0	0	5.8	0	965.4	6.8	88.4	3.2	211	0
PAY	2021	5	20	1	0	6.1	0	965.6	6.7	92.2	3.1	222	0
PAY	2021	5	20	2	0	6.1	0	965.6	6.6	92	3.7	204	0
PAY	2021	5	20	3	0	6	0	965.7	6.7	88.6	3.3	214	0
PAY	2021	5	20	4	0	5.9	0	965.8	6.4	92.6	3.4	213	0
PAY	2021	5	20	5	0	6	21	966.1	6.8	89.2	3.4	211	124.1601977
PAY	2021	5	20	6	0	6.8	216	966.6	8.6	82.6	4	211	640.8339548
PAY	2021	5	20	7	0	7.1	205	966.8	8.4	82.3	3.7	207	410.8049506
PAY	2021	5	20	8	0	7.6	290	966.9	10.1	75.3	2.6	210	450.320165
PAY	2021	5	20	9	0	8.4	777	966.5	12	63.3	2.1	216	1000
PAY	2021	5	20	10	0	7.8	674	966.2	12.8	54	1.7	274	797.3592393
PAY	2021	5	20	11	0	9	966	965.9	13.1	60.8	2.4	292	1000
PAY	2021	5	20	12	0	9.1	821	965.1	14.5	55.4	2	252	925.4706745
PAY	2021	5	20	13	0	9.2	948	964.3	14.6	43.6	2.2	298	1000
PAY	2021	5	20	14	0	9.7	808	963.9	15.7	45.8	3.1	315	1000
PAY	2021	5	20	15	0	9.7	631	963.3	15.4	41.6	2.4	306	987.184091
PAY	2021	5	20	16	0	9.6	411	962.9	15.3	50.9	1.8	275	832.6957087
PAY	2021	5	20	17	0	9.7	284	962.5	15.5	43.1	1.6	236	856.8734511
PAY	2021	5	20	18	0	8.4	120	962.1	14.6	42	2.2	227	732.4729872
PAY	2021	5	20	19	0	8.9	24	961.9	12.3	59.4	1.7	198	0
PAY	2021	5	20	20	0	8.2	0	961.8	11.1	72.9	1.4	200	0
PAY	2021	5	20	21	0	8.4	0	961.8	10.3	79.6	1.1	229	0
PAY	2021	5	20	22	0	7.6	0	961.3	9.9	71.3	2.1	207	0
PAY	2021	5	20	23	0	7.3	0	961.1	9.6	73	2	210	0
PAY	2021	5	21	0	0	7.1	0	960.3	9.1	77.8	1	104	0
PAY	2021	5	21	1	0	7.1	0	959.7	8.2	83.4	1.3	207	0
PAY	2021	5	21	2	0	6.9	0	959.3	9.6	69.4	2.4	204	0
PAY	2021	5	21	3	0	7.1	0	958.8	10	69.9	2.2	219	0
PAY	2021	5	21	4	0	8	0	958.3	10.8	70.4	3.2	218	0
PAY	2021	5	21	5	0	8.2	16	957.5	10.8	70.2	3	230	93.28870698
PAY	2021	5	21	6	0	8.5	69	957.7	12	66	3.8	225	203.4125424
PAY	2021	5	21	7	0	9.2	75	957.4	11.7	75.9	2.4	216	149.7099355
PAY	2021	5	21	8	0	9.6	76	957.9	11.9	75.3	2.3	223	117.6897469
PAY	2021	5	21	9	0	9.9	111	958.5	11.4	82	3.4	238	145.3365469
PAY	2021	5	21	10	0	9.5	141	959.2	11	84.2	4.5	233	166.4943875
PAY	2021	5	21	11	0	9.8	249	958.3	11.6	77.4	3.3	207	279.9314295
PAY	2021	5	21	12	0	9.7	339	957.5	12.5	68.8	2.2	232	381.4409625
PAY	2021	5	21	13	0	10.3	392	956.6	13.1	75.8	1.6	321	464.1062878
PAY	2021	5	21	14	0	10.4	118	956.2	12.2	82.4	1.8	360	155.2187944
PAY	2021	5	21	15	0	10.4	60	955.6	11	85.3	2.1	45	93.56748466
PAY	2021	5	21	16	0	9.6	47	955.1	10.3	90.8	2.3	67	94.78762282
PAY	2021	5	21	17	0	9.3	22	954.5	9.9	92.6	2.9	62	65.88289456
PAY	2021	5	21	18	0	9	9	954.2	9.5	93.5	1.9	87	54.04376292
PAY	2021	5	21	19	0	9	3	954.5	9.5	96.3	1.1	202	0
PAY	2021	5	21	20	0	8.1	0	955.5	8.1	96.1	2.5	265	0
PAY	2021	5	21	21	0	7.5	0	956.5	7.7	90.1	2.4	183	0
PAY	2021	5	21	22	0	6.9	0	956.1	7.6	88.5	3.2	184	0
PAY	2021	5	21	23	0	6.7	0	956.5	7.4	92.9	3.1	175	0
PAY	2021	5	22	0	0	6.7	0	956.6	7.3	90.1	2.2	217	0
PAY	2021	5	22	1	0	6.7	0	956.2	7.5	91.7	2.1	238	0
PAY	2021	5	22	2	0	6.9	0	956.2	7.4	91.7	3.3	213	0
PAY	2021	5	22	3	0	6.4	0	955.9	7	90.6	3.5	212	0
PAY	2021	5	22	4	0	6.5	1	955.7	7.1	92.2	3	197	0
PAY	2021	5	22	5	0	6.9	32	955.7	7.5	93.5	2.5	225	184.1331495
PAY	2021	5	22	6	0	7.5	213	955.9	9.2	84.3	3	207	624.1390637
PAY	2021	5	22	7	0	8.3	363	955.9	10.3	77	3.5	220	721.9146568
PAY	2021	5	22	8	0	8.3	477	956.1	11.6	66.3	3.9	228	736.7203955
PAY	2021	5	22	9	0	8.3	437	955.9	11.9	63.5	4.2	241	570.9982002
PAY	2021	5	22	10	0	8.5	631	955.9	12.9	58.3	4.1	254	743.7580428
PAY	2021	5	22	11	0	9.4	613	955.8	14	56	3.9	252	687.9779484
PAY	2021	5	22	12	0	9.7	738	955.3	15.9	49.6	4.2	241	828.933256
PAY	2021	5	22	13	0	9.7	607	955.2	15.4	50.1	4	247	717.2346821
PAY	2021	5	22	14	0	10.2	723	954.8	16.6	47.6	4.5	246	948.7671589
PAY	2021	5	22	15	0	10.1	707	954.6	16.9	38.1	4.5	239	1000
PAY	2021	5	22	16	0	10.1	489	954.5	16.6	44.1	4.8	244	981.7935773
PAY	2021	5	22	17	0	10.1	277	954.6	16.6	43.4	3.9	241	823.5063648
PAY	2021	5	22	18	0	9.5	216	954.8	15.2	41.1	4.5	252	1000
PAY	2021	5	22	19	0	8.6	25	955.2	13.7	49.1	3	262	0
PAY	2021	5	22	20	0	8.7	0	956.2	12.3	61	2.3	195	0
PAY	2021	5	22	21	0	8.5	0	957.3	10.6	75.3	2.3	225	0
PAY	2021	5	22	22	0	7.7	0	957.9	8.4	85.5	4	205	0
PAY	2021	5	22	23	0	7.3	0	959.2	8.3	89.2	4.4	207	0
PAY	2021	5	23	0	0	7.6	0	959.1	8.4	91.4	3.6	195	0
PAY	2021	5	23	1	0	7.8	0	959.7	8.3	94.7	2.4	223	0
PAY	2021	5	23	2	0	7.5	0	959.9	8	92	2.8	219	0
PAY	2021	5	23	3	0	7.1	0	960.2	7.5	92.8	2.9	205	0
PAY	2021	5	23	4	0	6.9	0	960.8	7.6	92.4	2.6	201	0
PAY	2021	5	23	5	0	7.1	45	961.2	7.8	92.7	2.5	197	255.7309503
PAY	2021	5	23	6	0	7.6	168	961.7	8.7	87.9	3.3	203	489.4609933
PAY	2021	5	23	7	0	7.9	283	962.1	9.6	73.2	3.4	219	560.8372018
PAY	2021	5	23	8	0	7.9	543	962.2	10.9	63	3.5	245	836.5663273
PAY	2021	5	23	9	0	7.9	434	962.3	10.8	67	3.5	261	565.9627229
PAY	2021	5	23	10	0	8.2	661	962.4	12.7	51.1	3.3	268	777.7869459
PAY	2021	5	23	11	0	8.7	711	962.4	14.3	50.2	3.6	241	796.6641926
PAY	2021	5	23	12	0	8.3	804	961.8	14.5	44.3	3.3	249	901.5336699
PAY	2021	5	23	13	0	9.2	899	961	16.3	46.1	3.5	243	1000
PAY	2021	5	23	14	0	9	876	960.2	17	37	2.8	252	1000
PAY	2021	5	23	15	0	9.4	740	959.9	16	42.8	2.4	286	1000
PAY	2021	5	23	16	0	9.7	552	959.5	16.4	35.9	1.8	354	1000
PAY	2021	5	23	17	0	9.2	330	959.1	16	43.3	1.7	322	974.144039
PAY	2021	5	23	18	0	9.2	174	959.6	15.1	44.7	2.2	25	1000
PAY	2021	5	23	19	0	9.3	31	959.5	12.5	69	1.5	72	0
PAY	2021	5	23	20	0	9.2	1	959.6	10.4	83.5	1.2	169	0
PAY	2021	5	23	21	0	8.5	0	959.6	10.5	72.6	1.1	193	0
PAY	2021	5	23	22	0	7.6	0	959.6	8.9	78.4	2.1	204	0
PAY	2021	5	23	23	0	7	0	959.4	8.7	78	2.5	203	0
PAY	2021	5	24	0	0	6.6	0	958.8	7.2	88.7	1.8	208	0
PAY	2021	5	24	1	0	6.4	0	958.5	7.2	85.1	2.5	194	0
PAY	2021	5	24	2	0	6	0	958	6.8	88.3	2.2	198	0
PAY	2021	5	24	3	0	5.9	0	957.7	6.9	88.4	1.5	189	0
PAY	2021	5	24	4	0	6.1	0	958	7.5	81.5	1.9	183	0
PAY	2021	5	24	5	0	6.3	10	957.6	7.5	87.2	1.3	214	56.16492766
PAY	2021	5	24	6	0	7	47	957.7	8.3	85.7	0.7	135	136.1900598
PAY	2021	5	24	7	0	7.4	118	957.9	9.2	81.7	1.5	215	233.0686084
PAY	2021	5	24	8	0	7.9	195	957.5	10.4	74.4	1	204	299.7144578
PAY	2021	5	24	9	0	8.5	235	957.1	11.5	67.3	0.7	278	305.8817683
PAY	2021	5	24	10	0	10	535	956.3	13.4	71.2	1.5	32	628.4988081
PAY	2021	5	24	11	0	10.9	603	955.8	15.5	59.6	1.6	45	674.5967032
PAY	2021	5	24	12	0	11	419	955.8	16.6	48.7	3.2	222	469.0611221
PAY	2021	5	24	13	0	10.9	634	955.2	17.5	39.7	5.3	212	746.3171073
PAY	2021	5	24	14	0	10.8	597	955.1	17.4	40.3	6.6	221	779.8275983
PAY	2021	5	24	15	0	10.6	277	955.6	17.1	44.4	6.3	234	428.0294243
PAY	2021	5	24	16	0	9.9	132	956.5	13	67.7	6.5	238	262.751083
PAY	2021	5	24	17	0	10.2	207	956.1	14.1	64.5	4.7	210	606.8560989
PAY	2021	5	24	18	0	10.4	160	956.4	14.1	59.8	5.7	208	917.8230812
PAY	2021	5	24	19	0	9.5	40	956.8	12.9	63.8	6.9	212	0
PAY	2021	5	24	20	0	8.6	0	958.8	9.9	72.9	7.2	239	0
PAY	2021	5	24	21	0	7.4	0	960.1	8.3	87.9	6.2	219	0
PAY	2021	5	24	22	0	7.6	0	961.1	8.8	88.4	4.1	212	0
PAY	2021	5	24	23	0	7.1	0	961.7	7.7	80.9	4.6	213	0
PAY	2021	5	25	0	0	5.9	0	961.6	7.9	72.5	3.9	210	0
PAY	2021	5	25	1	0	5.6	0	961.8	8.1	68	4.4	205	0
PAY	2021	5	25	2	0	5.4	0	962.1	8	67	4.4	206	0
PAY	2021	5	25	3	0	5.5	0	962.5	7.9	72.3	3.9	201	0
PAY	2021	5	25	4	0	5.5	0	963	7.2	77.1	4.1	210	0
PAY	2021	5	25	5	0	5.6	20	963.9	7.4	80.1	2.7	225	111.0927768
PAY	2021	5	25	6	0	5.3	33	964.9	6.2	85	4.5	231	95.13270138
PAY	2021	5	25	7	0	5.6	197	965.2	8.1	72.2	5.3	201	387.8811438
PAY	2021	5	25	8	0	6.1	227	965.6	7.9	74.4	3.9	223	348.1185104
PAY	2021	5	25	9	0	6.4	329	965.7	10.1	59.9	5.5	236	427.4758536
PAY	2021	5	25	10	0	7.4	702	965.8	11.7	53.6	6.5	229	823.4049192
PAY	2021	5	25	11	0	7.5	579	965.6	11.8	54.2	5.9	240	646.7789138
PAY	2021	5	25	12	0	8.3	852	965.4	13.7	54.3	7.4	244	952.2939288
PAY	2021	5	25	13	0	8.6	828	965.1	13.9	46.3	7.3	242	972.9360304
PAY	2021	5	25	14	0	8.4	738	964.9	13.4	45.5	6.7	238	961.8870614
PAY	2021	5	25	15	0	8.4	568	964.4	13.8	44.6	5.9	236	875.1520306
PAY	2021	5	25	16	0	8	430	964.2	14.5	38.3	6	236	852.3938577
PAY	2021	5	25	17	0	8.1	420	964.1	14.3	42.8	5.2	243	1000
PAY	2021	5	25	18	0	7.7	125	964.2	13.4	47.3	4.3	246	706.952784
PAY	2021	5	25	19	0	7.9	66	964.4	12.2	53.4	3.7	264	0
PAY	2021	5	25	20	0	7.4	1	964.7	9.5	72.4	2.3	233	0
PAY	2021	5	25	21	0	6.5	0	964.8	8.2	76.1	1.8	198	0
PAY	2021	5	25	22	0	6.1	0	964.4	8.5	71	2.1	186	0
PAY	2021	5	25	23	0	6.3	0	963.8	8.7	70.8	1.7	215	0
PAY	2021	5	26	0	0	6.7	0	963.3	9.8	66.2	3.1	209	0
PAY	2021	5	26	1	0	7	0	962.8	9.9	65.3	3.5	210	0
PAY	2021	5	26	2	0	6.6	0	962.2	9.4	67.2	3.3	198	0
PAY	2021	5	26	3	0	6.6	0	961.8	9.6	66.2	3.4	199	0
PAY	2021	5	26	4	0	6.7	1	961.7	9.6	66.4	3.6	202	0
PAY	2021	5	26	5	0	6.7	32	961.4	9.9	63.7	3.6	209	175.9073038
PAY	2021	5	26	6	0	7.1	114	961.6	10.3	64.9	4.7	200	327.0518806
PAY	2021	5	26	7	0	8.2	265	961.2	12.1	62.2	5.3	194	520.2202977
PAY	2021	5	26	8	0	8.9	354	961	13.2	58.1	4.7	226	541.7360147
PAY	2021	5	26	9	0	10	755	960.8	15.1	52	6.6	223	979.342115
PAY	2021	5	26	10	0	9.6	638	960.7	15.7	39.8	7.5	229	747.2337053
PAY	2021	5	26	11	0	8.9	360	960.8	15.2	47.6	6.8	237	401.5679032
PAY	2021	5	26	12	0	10.3	602	960.1	17.1	45.4	6.1	246	671.8465589
PAY	2021	5	26	13	0	11.7	895	959.7	17.4	45.1	6.3	243	1000
PAY	2021	5	26	14	0	11.4	517	959.5	17.6	46.8	6.4	241	672.4026652
PAY	2021	5	26	15	0	11.8	415	959.1	18.7	45.5	4.8	243	637.6146019
PAY	2021	5	26	16	0	12.2	644	958.9	18.5	46.7	5.3	257	1000
PAY	2021	5	26	17	0	11.6	234	958.9	18.5	45.3	4.4	261	677.0063608
PAY	2021	5	26	18	0	11.5	190	959.2	16.5	51.4	4.1	276	1000
PAY	2021	5	26	19	0	11	50	959.5	15.9	54.2	5.1	279	0
PAY	2021	5	26	20	0	10.8	0	960.1	14.4	63.1	4.4	277	0
PAY	2021	5	26	21	0	10.7	0	960.6	14.3	63	1.5	189	0
PAY	2021	5	26	22	0	10.5	0	960.7	13.6	66.9	2.1	212	0
PAY	2021	5	26	23	0	10.3	0	960.5	13.7	66.1	2.2	229	0
PAY	2021	5	27	0	0	10.2	0	960.7	12.5	74.4	2.2	217	0
PAY	2021	5	27	1	0	10	0	960.8	12.7	70.7	2.8	197	0
PAY	2021	5	27	2	0	9.7	0	960.9	12.2	71.9	2.2	203	0
PAY	2021	5	27	3	0	9.7	0	960.6	12.1	74	2.8	208	0
PAY	2021	5	27	4	0	9.6	0	960.6	11.7	76.5	1.8	201	0
PAY	2021	5	27	5	0	9.6	24	960.7	11.1	83.6	1.7	210	130.6479369
PAY	2021	5	27	6	0	9.9	63	961.2	11.9	81.3	1.1	225	179.9177107
PAY	2021	5	27	7	0	10.5	205	961.1	13.9	69.7	2.6	182	401.3115398
PAY	2021	5	27	8	0	10.6	273	961.8	14.8	59.5	3.2	228	416.9506653
PAY	2021	5	27	9	0	9.9	320	962.5	12.5	64.1	4.1	353	414.42943
PAY	2021	5	27	10	0	9.1	339	963	12.8	68.6	4.8	9	396.4863615
PAY	2021	5	27	11	0	10.4	712	962.8	15.6	63.1	3.4	46	793.1295912
PAY	2021	5	27	12	0	11.1	1001	962.7	15.5	59.4	3.5	29	1000
PAY	2021	5	27	13	0	11.3	894	962.7	15.4	58	3.3	27	1000
PAY	2021	5	27	14	0	11.7	852	962.7	16.2	56	3.3	24	1000
PAY	2021	5	27	15	0	11.7	731	962.6	16.4	55.3	3.2	32	1000
PAY	2021	5	27	16	0	11.9	621	962.6	17.2	55	2.9	35	1000
PAY	2021	5	27	17	0	11.5	395	962.4	16.8	51.8	2.6	48	1000
PAY	2021	5	27	18	0	11.2	223	962.6	16	52.7	2.8	48	1000
PAY	2021	5	27	19	0	10.6	69	963	14.3	60.1	2.9	33	0
PAY	2021	5	27	20	0	9.9	1	963.4	12.6	70.1	2.3	45	0
PAY	2021	5	27	21	0	9.3	0	963.6	11.3	72.9	1.9	43	0
PAY	2021	5	27	22	0	8.7	0	963.6	10.2	77.7	2.1	37	0
PAY	2021	5	27	23	0	7.8	0	963.7	7.8	93.5	1.3	24	0
PAY	2021	5	28	0	0	7	0	963.6	7.6	91.2	0.8	59	0
PAY	2021	5	28	1	0	6.5	0	963.7	6.9	94.3	0.9	6	0
PAY	2021	5	28	2	0	5.9	0	963.7	5.8	97.3	0.9	6	0
PAY	2021	5	28	3	0	5.1	0	963.2	5.1	97.5	1.2	63	0
PAY	2021	5	28	4	0	4.8	1	963.2	4.8	97.2	1	172	0
PAY	2021	5	28	5	0	5	70	963.6	6.2	95.3	1.3	203	377.5884174
PAY	2021	5	28	6	0	7	232	964.1	8.6	89	0.9	230	659.7308036
PAY	2021	5	28	7	0	8.1	409	964.2	10.4	78.5	1.1	315	798.5717915
PAY	2021	5	28	8	0	9.1	586	964.1	12.4	68.7	2	357	893.3281275
PAY	2021	5	28	9	0	10.2	744	963.5	15.3	61	2.6	24	962.1162422
PAY	2021	5	28	10	0	11.6	862	963.2	16.5	60	3.2	11	1000
PAY	2021	5	28	11	0	12.3	935	962.8	18	51.3	3.4	15	1000
PAY	2021	5	28	12	0	12.1	961	962.2	18.9	45.5	3.4	20	1000
PAY	2021	5	28	13	0	12.3	949	961.6	19.6	41.1	3.3	22	1000
PAY	2021	5	28	14	0	12.5	870	961.2	20.8	39.6	3.2	10	1000
PAY	2021	5	28	15	0	12.3	749	960.9	21.2	37.3	3.3	21	1000
PAY	2021	5	28	16	0	12	588	960.5	21.1	31.9	3.4	18	1000
PAY	2021	5	28	17	0	11.3	409	960.3	20.9	28.5	3.5	29	1000
PAY	2021	5	28	18	0	10.7	217	960.6	19.7	31.5	3.2	34	1000
PAY	2021	5	28	19	0	10.8	58	960.9	17.5	45.8	2.3	52	0
PAY	2021	5	28	20	0	10.5	1	961.5	13.6	62.4	1.6	63	0
PAY	2021	5	28	21	0	9.7	0	962	12.1	72.6	1.4	60	0
PAY	2021	5	28	22	0	9.4	0	962	11	82.6	0.8	72	0
PAY	2021	5	28	23	0	8.8	0	962.3	9.9	81.7	0.5	180	0
PAY	2021	5	29	0	0	8.4	0	962.4	9.5	87.1	1.2	207	0
PAY	2021	5	29	1	0	8.1	0	962.3	9.2	88.4	1.2	229	0
PAY	2021	5	29	2	0	8.4	0	962.3	9.4	89.6	1.1	209	0
PAY	2021	5	29	3	0	8.5	0	962.4	9.4	89.5	1	202	0
PAY	2021	5	29	4	0	8.7	3	962.6	9.5	91.2	1	212	0
PAY	2021	5	29	5	0	9.1	49	962.7	10.5	88.8	1.1	153	262.0662029
PAY	2021	5	29	6	0	9.8	175	962.9	11.9	79.1	0.9	219	495.6605554
PAY	2021	5	29	7	0	10.3	223	963.3	12.6	76.8	1.3	326	434.344211
PAY	2021	5	29	8	0	10.8	355	963.3	13.8	72.5	1.5	48	540.2394844
PAY	2021	5	29	9	0	11.6	723	963.2	16.3	64.2	3.2	21	933.6569216
PAY	2021	5	29	10	0	12.7	777	963.1	17.6	62.3	3.7	25	906.4286445
PAY	2021	5	29	11	0	13.7	956	963	18.7	57.5	4.1	34	1000
PAY	2021	5	29	12	0	14	954	962.8	20.3	52.2	4.6	38	1000
PAY	2021	5	29	13	0	13.9	863	962.7	20.4	47.9	4.9	46	1000
PAY	2021	5	29	14	0	14	833	962.8	19.9	52.6	4.7	56	1000
PAY	2021	5	29	15	0	13.5	709	962.9	20.6	45	5.3	60	1000
PAY	2021	5	29	16	0	12.9	574	962.8	20.2	43.6	5.4	67	1000
PAY	2021	5	29	17	0	12.2	404	963	19.3	41.9	5.4	61	1000
PAY	2021	5	29	18	0	11.6	201	963.1	18.4	41.6	4.6	58	1000
PAY	2021	5	29	19	0	10.9	59	963.5	16.6	47.1	3.8	55	0
PAY	2021	5	29	20	0	10.1	1	964.1	15	50.8	2.6	59	0
PAY	2021	5	29	21	0	9.6	0	964.4	13	61.3	1.8	45	0
PAY	2021	5	29	22	0	8.9	0	964.4	10.9	77.6	1.5	48	0
PAY	2021	5	29	23	0	8.7	0	964.4	12	62.5	2	45	0
PAY	2021	5	30	0	0	7.9	0	964.4	9.2	79.6	1.6	72	0
PAY	2021	5	30	1	0	7.3	0	964.2	9.4	74.3	1.6	86	0
PAY	2021	5	30	2	0	7.2	0	964	9	74.5	1.4	63	0
PAY	2021	5	30	3	0	6.8	0	963.9	8.5	75.3	1.6	40	0
PAY	2021	5	30	4	0	6.5	1	963.9	7.7	80.4	1.5	63	0
PAY	2021	5	30	5	0	6.7	74	963.9	9.6	73.1	1.4	61	392.644571
PAY	2021	5	30	6	0	8	238	963.8	11.2	69.3	2.6	36	671.6009156
PAY	2021	5	30	7	0	9.1	419	963.9	13.3	61	4.1	28	814.2476765
PAY	2021	5	30	8	0	9.9	595	963.7	15.6	52.5	5.3	29	904.007738
PAY	2021	5	30	9	0	10.7	751	963.4	17	48.4	6.1	35	968.5528836
PAY	2021	5	30	10	0	11.2	873	963.3	17.9	46.1	6	44	1000
PAY	2021	5	30	11	0	11.8	949	962.9	19	44.7	6.6	37	1000
PAY	2021	5	30	12	0	11.9	972	962.6	19.7	41.2	7.1	33	1000
PAY	2021	5	30	13	0	12	947	962.4	20.6	37.8	6.8	33	1000
PAY	2021	5	30	14	0	12	870	962.1	20.5	34.6	6.3	32	1000
PAY	2021	5	30	15	0	11.9	750	961.9	20.7	32.7	6.3	35	1000
PAY	2021	5	30	16	0	11.7	592	961.5	20.1	35.7	6.3	40	1000
PAY	2021	5	30	17	0	11.6	414	961.3	19.5	36.4	6.5	38	1000
PAY	2021	5	30	18	0	10.7	234	961.6	18.1	36.7	5.9	40	1000
PAY	2021	5	30	19	0	9.8	74	961.8	16.5	40.1	4.8	45	0
PAY	2021	5	30	20	0	9.2	2	962	14.6	47	3.4	46	0
PAY	2021	5	30	21	0	8.7	0	962.2	13.5	51	3.3	46	0
PAY	2021	5	30	22	0	8.3	0	962.2	12.4	56.2	3	50	0
PAY	2021	5	30	23	0	7.8	0	962.2	11.1	61.9	2.3	51	0
PAY	2021	5	31	0	0	7.4	0	962.1	9.9	67.7	1.9	52	0
PAY	2021	5	31	1	0	6.8	0	961.8	7.6	81.8	1.6	62	0
PAY	2021	5	31	2	0	6.2	0	961.9	7.4	83	1.1	174	0
PAY	2021	5	31	3	0	5.7	0	962	6.1	90.5	1.6	187	0
PAY	2021	5	31	4	0	4.9	2	962.1	5.5	89.2	1.5	196	0
PAY	2021	5	31	5	0	5.6	70	962.4	7.5	84.6	1.3	194	368.6986453
PAY	2021	5	31	6	0	7.2	230	962.5	10.1	71.1	1.7	202	646.7985758
PAY	2021	5	31	7	0	8	427	962.4	12	58.7	1.3	286	828.0521629
PAY	2021	5	31	8	0	8.7	616	962.2	13.8	52.5	1.5	9	934.5126218
PAY	2021	5	31	9	0	9.6	729	962	15.5	51.3	1.8	12	939.0415867
PAY	2021	5	31	10	0	10.7	864	961.8	16.8	48.8	1.7	354	1000
PAY	2021	5	31	11	0	11.5	938	961.4	18.9	48.2	1.8	356	1000
PAY	2021	5	31	12	0	12.4	967	961	19.5	44.4	2.1	36	1000
PAY	2021	5	31	13	0	13.3	944	960.5	20.3	41.7	2.1	22	1000
PAY	2021	5	31	14	0	13.4	864	960	21.9	38.8	1.9	15	1000
PAY	2021	5	31	15	0	14.1	737	959.7	22.8	42.3	2.5	337	1000
PAY	2021	5	31	16	0	14	581	959.5	22.3	38.4	3.2	345	1000
PAY	2021	5	31	17	0	13.5	402	959.2	21.4	38.6	2.4	344	1000
PAY	2021	5	31	18	0	13	223	959.1	20.6	39.5	2.7	356	1000
PAY	2021	5	31	19	0	12.8	69	959	18.9	51.3	1.9	28	0
PAY	2021	5	31	20	0	12.5	2	959.4	17.9	50.9	1.6	45	0
PAY	2021	5	31	21	0	11.6	0	959.7	14.2	71.3	1.4	48	0
PAY	2021	5	31	22	0	10.8	0	959.7	15.1	57	1.8	4	0
PAY	2021	5	31	23	0	9.7	0	959.8	11.2	80.1	2.1	33	0
PAY	2021	6	1	0	0	9.2	0	959.8	10.6	80.2	0.9	194	0
PAY	2021	6	1	1	0	8.4	0	959.9	9.5	84.7	1.4	192	0
PAY	2021	6	1	2	0	7.7	0	960.1	8	89.5	1.6	195	0
PAY	2021	6	1	3	0	7.6	0	960.2	8.5	88.9	0.9	167	0
PAY	2021	6	1	4	0	6.9	2	960.2	7.8	90.5	1.4	180	0
PAY	2021	6	1	5	0	7.4	70	960.2	9.4	86.5	1.3	194	366.2049914
PAY	2021	6	1	6	0	9	229	960.1	11.5	76.7	0.9	203	641.9495692
PAY	2021	6	1	7	0	9.3	406	959.8	13.3	56.7	1.2	309	785.8077704
PAY	2021	6	1	8	0	10.2	579	959.4	14.8	57.9	1.8	353	877.1700244
PAY	2021	6	1	9	0	11.4	735	959.1	17	54.5	2	357	945.7091711
PAY	2021	6	1	10	0	12.9	848	958.5	19.5	52.2	2.1	11	985.996123
PAY	2021	6	1	11	0	13.8	936	958	20.5	47.8	2.5	5	1000
PAY	2021	6	1	12	0	14.4	967	957.4	22.5	45.7	3	2	1000
PAY	2021	6	1	13	0	15.5	939	956.9	23.4	44.9	3.1	358	1000
PAY	2021	6	1	14	0	15.4	862	956.3	24.4	33	3.4	15	1000
PAY	2021	6	1	15	0	14.3	739	955.8	25	32.3	2.6	16	1000
PAY	2021	6	1	16	0	13.9	439	955.4	24.6	28.4	2.8	5	847.9473704
PAY	2021	6	1	17	0	13.8	217	955.1	23.7	39.8	2.5	9	606.1420167
PAY	2021	6	1	18	0	14.2	189	955	22.7	41.9	2.1	354	981.133323
PAY	2021	6	1	19	0	15.3	53	955.4	18.8	61.5	1.2	246	0
PAY	2021	6	1	20	0	14.1	3	956	17	71.4	1.2	186	0
PAY	2021	6	1	21	0	13.3	0	956.6	16	68.4	1.5	214	0
PAY	2021	6	1	22	0	13	0	957.4	16.6	64	2.6	203	0
PAY	2021	6	1	23	0	13.2	0	958	17.8	62.3	2.8	207	0
PAY	2021	6	2	0	0	13.4	0	958.1	17.2	66	4	196	0
PAY	2021	6	2	1	0	13.4	0	958.2	16	75.1	2.4	221	0
PAY	2021	6	2	2	0	13.5	0	958.4	14.6	90.3	1.1	188	0
PAY	2021	6	2	3	0	13.5	0	958.3	14.8	86.3	1.1	143	0
PAY	2021	6	2	4	0	12.9	1	958.5	13	93.3	1.2	140	0
PAY	2021	6	2	5	0	12.3	45	958.6	13.4	91.8	1.3	166	233.9554956
PAY	2021	6	2	6	0	13.3	233	958.6	15.6	80.8	0.9	236	651.2703574
PAY	2021	6	2	7	0	13.6	368	959	16.8	72	1.2	270	711.0020656
PAY	2021	6	2	8	0	14.1	429	959.4	18.8	64.8	1	231	649.1038024
PAY	2021	6	2	9	0	14.9	407	959.8	18.4	68	1.8	266	523.1379693
PAY	2021	6	2	10	0	15.2	476	959.8	20	61.1	1.5	288	552.9314557
PAY	2021	6	2	11	0	15.7	377	960.2	19.7	60.6	3.1	242	417.0918179
PAY	2021	6	2	12	0	14.9	369	960.4	19.3	65.2	4.3	207	408.1368945
PAY	2021	6	2	13	0	15.6	417	960.5	19.3	67.7	4.2	202	484.0113618
PAY	2021	6	2	14	0	15.3	363	960.7	19.5	63.7	4.5	208	465.9162743
PAY	2021	6	2	15	0	15.1	335	961	19.3	62.1	4.4	223	505.7269486
PAY	2021	6	2	16	0	14.7	269	961	19.3	60	4.3	217	517.8884903
PAY	2021	6	2	17	0	14.3	112	961.4	18.8	60.1	3.9	222	311.2223465
PAY	2021	6	2	18	0	14.4	48	962.1	18.2	68.9	2.8	224	246.5939049
PAY	2021	6	2	19	0	14.8	7	962.5	16.8	81.2	2.7	208	199.8863469
PAY	2021	6	2	20	0	15	0	963.3	15.9	92.9	1.9	198	0
PAY	2021	6	2	21	0	15	0	963.8	15.8	93.9	1.2	194	0
PAY	2021	6	2	22	0	14.9	0	964	15.6	94.7	1.1	156	0
PAY	2021	6	2	23	0	15	0	964.2	15.5	94.3	1	135	0
PAY	2021	6	3	0	0	14.8	0	964.1	15.2	95.4	1	135	0
PAY	2021	6	3	1	0	14.7	0	964.2	15.1	95.3	1.7	194	0
PAY	2021	6	3	2	0	14.6	0	964.2	14.8	96.4	1.5	189	0
PAY	2021	6	3	3	0	14.5	0	964.3	14.9	95.5	1.2	51	0
PAY	2021	6	3	4	0	14.3	1	964.5	14.5	97.7	0.7	108	0
PAY	2021	6	3	5	0	14.3	30	964.9	15	94.2	0.9	167	155.086247
PAY	2021	6	3	6	0	14.7	81	965.5	15.5	92.6	1.4	219	225.8107228
PAY	2021	6	3	7	0	15	111	965.9	16.2	90.2	0.7	194	214.1165318
PAY	2021	6	3	8	0	15.5	221	965.8	17.3	86.5	1.1	304	334.0035217
PAY	2021	6	3	9	0	15.6	391	965.9	18.2	76.4	1.3	350	502.0977781
PAY	2021	6	3	10	0	16.2	711	965.6	20.6	69.5	1.4	72	825.1819154
PAY	2021	6	3	11	0	17.2	854	965.1	21.9	67	2.1	16	943.9447459
PAY	2021	6	3	12	0	17.4	901	964.7	22.1	60.4	2.3	25	995.5128482
PAY	2021	6	3	13	0	17.1	689	964.1	23.2	54.9	1.9	36	798.6987642
PAY	2021	6	3	14	0	17.4	731	963.7	24	54	2.1	45	936.7150741
PAY	2021	6	3	15	0	17.7	672	963.4	24.5	57	2.4	45	1000
PAY	2021	6	3	16	0	17.7	608	963	24.9	51.1	2.3	35	1000
PAY	2021	6	3	17	0	17.2	271	962.8	23.2	55.2	2.2	77	749.2738528
PAY	2021	6	3	18	0	17.3	142	963.2	22.5	64	1.5	333	722.2581999
PAY	2021	6	3	19	0	17.2	34	963.6	21.1	68	1.5	214	916.9771952
PAY	2021	6	3	20	0	16.7	1	963.8	18.7	79.6	1	139	0
PAY	2021	6	3	21	0	15.9	0	964.7	18.9	74.2	2.1	208	0
PAY	2021	6	3	22	0	15.4	0	965.1	17.5	78.4	4.4	216	0
PAY	2021	6	3	23	0	15.1	0	965.4	16.7	84.4	2.8	228	0
PAY	2021	6	4	0	0	15.3	0	965.2	16.8	85.8	2.9	180	0
PAY	2021	6	4	1	0	15.1	0	964.9	16.6	81.8	3.2	195	0
PAY	2021	6	4	2	0	14.7	0	965.2	15.9	88.2	1.4	193	0
PAY	2021	6	4	3	0	14.7	0	965.1	15.3	93.4	0.8	201	0
PAY	2021	6	4	4	0	14.7	0	965.6	15.6	91.6	1.6	207	0
PAY	2021	6	4	5	0	14.7	4	966	15.3	93.6	1.4	222	20.57194373
PAY	2021	6	4	6	0	15	40	966.3	16.1	89.3	1	131	111.2464908
PAY	2021	6	4	7	0	15.3	53	966.8	16	92.9	1.2	198	102.0887291
PAY	2021	6	4	8	0	15.5	189	967	17.4	84.1	1.2	162	285.3462226
PAY	2021	6	4	9	0	16.3	413	966.7	19.2	82.5	1.4	360	529.893953
PAY	2021	6	4	10	0	17.3	729	966.6	20.6	72.9	2.5	28	845.3835424
PAY	2021	6	4	11	0	17.7	915	966	22.3	68.7	3.3	27	1000
PAY	2021	6	4	12	0	18.2	909	965.3	23	66.4	3.8	34	1000
PAY	2021	6	4	13	0	18.4	916	964.6	23.3	62.8	3.6	23	1000
PAY	2021	6	4	14	0	18.2	842	963.9	24.6	59.3	2.8	38	1000
PAY	2021	6	4	15	0	18.3	720	963.1	24.7	53.4	2.1	56	1000
PAY	2021	6	4	16	0	18.3	554	962.7	24.4	54.9	2.1	45	1000
PAY	2021	6	4	17	0	17.4	78	962.7	21.9	62.3	2.1	24	214.6174551
PAY	2021	6	4	18	0	17.3	42	963.2	20.5	73	2	312	211.5934773
PAY	2021	6	4	19	0	16.2	45	963.4	20.4	64.6	2.1	196	1000
PAY	2021	6	4	20	0	15.6	1	965.7	16.3	85.9	4.8	177	0
PAY	2021	6	4	21	0	14.9	0	965.9	15.6	93.9	4.8	170	0
PAY	2021	6	4	22	0	15.1	0	966.2	15.3	97.1	1.7	328	0
PAY	2021	6	4	23	0	14.9	0	966.1	15.1	96.3	2.1	49	0
PAY	2021	6	5	0	0	14.8	0	965.6	15	97.5	1.9	50	0
PAY	2021	6	5	1	0	14.7	0	965.5	15.3	92.4	0.9	117	0
PAY	2021	6	5	2	0	14.9	0	965.3	15.1	97.6	1.3	190	0
PAY	2021	6	5	3	0	14.8	0	964.8	15.2	97.1	0.7	342	0
PAY	2021	6	5	4	0	14.7	0	964.7	15.2	91.8	1.4	186	0
PAY	2021	6	5	5	0	14.4	7	965	14.9	94.2	2.8	221	35.83473387
PAY	2021	6	5	6	0	14.3	30	965.4	14.9	94.5	2.3	219	83.25790284
PAY	2021	6	5	7	0	14.3	33	965.9	14.7	94.3	2.4	205	63.48340352
PAY	2021	6	5	8	0	14.2	43	966.2	14.6	94.3	2.4	208	64.8603566
PAY	2021	6	5	9	0	14	89	966.4	14.9	91.6	1.8	216	114.1020553
PAY	2021	6	5	10	0	14.4	230	966.3	16.1	85.8	2.4	203	266.5203032
PAY	2021	6	5	11	0	14.6	778	966	17.7	71.3	2	187	858.5058363
PAY	2021	6	5	12	0	15	854	965.4	20.1	65.9	1.8	45	941.7541294
PAY	2021	6	5	13	0	14.2	316	965.7	15.4	81.2	2.1	185	365.4370721
PAY	2021	6	5	14	0	14.9	615	965.5	18.9	72.3	2.5	291	785.64205
PAY	2021	6	5	15	0	14.5	284	965.8	16.7	73.9	2.8	177	426.0105433
PAY	2021	6	5	16	0	14	447	965.6	17.9	64.8	1.5	74	852.7434857
PAY	2021	6	5	17	0	13.8	124	965.5	16.1	76.6	2.8	298	339.603481
PAY	2021	6	5	18	0	14.1	203	965.3	16.5	71.7	2.2	204	1000
PAY	2021	6	5	19	0	14	48	965.7	15.7	86.5	1.1	246	1000
PAY	2021	6	5	20	0	14.2	1	965.9	14.8	91.2	0.9	284	0
PAY	2021	6	5	21	0	13.3	0	966	13.4	95.6	1.2	353	0
PAY	2021	6	5	22	0	12.4	0	966.2	12.7	96.1	1.1	225	0
PAY	2021	6	5	23	0	12.6	0	966.1	13.3	95.2	1.2	188	0
PAY	2021	6	6	0	0	12.6	0	965.9	12.5	97.6	1.4	197	0
PAY	2021	6	6	1	0	11.8	0	965.6	11.6	98.2	1.2	99	0
PAY	2021	6	6	2	0	12	0	965.1	12.4	96.2	0.9	103	0
PAY	2021	6	6	3	0	12.3	0	964.7	12.7	96.5	1	198	0
PAY	2021	6	6	4	0	12.3	1	964.5	12.6	97.6	1	194	26.97742333
PAY	2021	6	6	5	0	12.4	24	964.3	13.1	96.1	0.9	180	122.3577394
PAY	2021	6	6	6	0	12.9	86	964.3	13.4	94.4	0.9	320	238.2265316
PAY	2021	6	6	7	0	13.6	148	964.4	14.8	89.8	0.8	326	284.3943983
PAY	2021	6	6	8	0	14.3	306	964.3	16.3	81	1.4	34	461.1914153
PAY	2021	6	6	9	0	14.2	645	964.1	17.8	65.2	2.5	45	826.3507397
PAY	2021	6	6	10	0	14.2	631	963.8	18.5	63.3	3.3	37	730.6976448
PAY	2021	6	6	11	0	14.2	700	963.4	19.3	57.7	3.3	35	771.8586309
PAY	2021	6	6	12	0	14.8	770	963.1	19.6	58.1	3.1	39	848.369608
PAY	2021	6	6	13	0	15.4	902	962.7	21	55.7	3.9	29	1000
PAY	2021	6	6	14	0	16.2	763	962.8	20.6	62.8	4.3	32	973.2960081
PAY	2021	6	6	15	0	15.4	447	962.7	19.7	62.8	5.3	39	669.1985117
PAY	2021	6	6	16	0	15.5	435	962.5	19.8	64.5	4.9	49	827.5094208
PAY	2021	6	6	17	0	15	198	962.4	18.9	66.5	4.8	46	539.8546047
PAY	2021	6	6	18	0	15	201	962.6	18.5	67.6	4.5	44	994.709269
PAY	2021	6	6	19	0	14.5	70	963.1	17.3	74.4	4.9	42	1000
PAY	2021	6	6	20	0	14.3	3	963.6	16.7	76.9	3.9	48	0
PAY	2021	6	6	21	0	14	0	963.7	16.1	80.4	3.6	50	0
PAY	2021	6	6	22	0	14	0	963.7	15.8	81.9	2.7	50	0
PAY	2021	6	6	23	0	13.8	0	963.6	15.3	84.8	2.2	47	0
PAY	2021	6	7	0	0	13.9	0	963.3	15.4	85.6	2.1	57	0
PAY	2021	6	7	1	0	13.8	0	963.1	15.4	83.2	2.3	49	0
PAY	2021	6	7	2	0	13.8	0	962.9	15.3	85.3	2	43	0
PAY	2021	6	7	3	0	13.8	0	962.8	14.9	88.3	1.8	36	0
PAY	2021	6	7	4	0	13.8	1	962.7	15	87.8	1.7	40	26.36383598
PAY	2021	6	7	5	0	14	27	962.7	15.4	86.4	2	32	137.1567809
PAY	2021	6	7	6	0	14.3	104	962.7	15.8	86.9	1.9	24	287.6209871
PAY	2021	6	7	7	0	14.7	169	963	16.8	80.5	2.8	29	324.4344097
PAY	2021	6	7	8	0	14.7	156	963.3	16.8	78.6	3.6	38	234.9530096
PAY	2021	6	7	9	0	15.2	265	963.2	18.1	77.6	3.4	35	339.303265
PAY	2021	6	7	10	0	15.5	419	963.3	18.7	75.3	3.5	33	484.9060323
PAY	2021	6	7	11	0	16.1	754	963.1	20.1	66.8	3.9	28	830.8307272
PAY	2021	6	7	12	0	16.4	854	962.7	20.6	65.4	4.1	25	940.1361291
PAY	2021	6	7	13	0	15.9	373	962.5	19.8	67	4.2	5	430.4210269
PAY	2021	6	7	14	0	16.1	317	962.5	19.7	67.2	4.1	6	403.8108753
PAY	2021	6	7	15	0	15.8	225	962.3	19.7	64.8	3.8	14	336.209593
PAY	2021	6	7	16	0	15.6	269	962.2	19.9	66.2	4.1	39	510.338117
PAY	2021	6	7	17	0	15.5	219	962.4	19.1	69.9	3.4	51	594.5637442
PAY	2021	6	7	18	0	15.3	138	962.9	18.4	72.4	3.8	52	677.2890651
PAY	2021	6	7	19	0	15	32	963.1	17.8	72.8	2.8	45	718.0320648
PAY	2021	6	7	20	0	14.5	1	963.7	17.3	73.8	2.4	47	0
PAY	2021	6	7	21	0	14.5	0	963.9	16.9	78	1.9	47	0
PAY	2021	6	7	22	0	14.6	0	963.8	16.6	80.2	1.6	53	0
PAY	2021	6	7	23	0	14.6	0	963.7	16.3	84.3	1.5	48	0
PAY	2021	6	8	0	0	14.5	0	963.6	15.9	86.3	1.4	32	0
PAY	2021	6	8	1	0	14.6	0	963.4	15.3	92	1.4	54	0
PAY	2021	6	8	2	0	14.5	0	963.1	15.7	88.3	1.3	31	0
PAY	2021	6	8	3	0	14.3	0	963.3	14.3	96.2	1	63	0
PAY	2021	6	8	4	0	14.1	1	963.6	14.5	95.8	1.1	84	25.84536145
PAY	2021	6	8	5	0	14.3	21	963.8	15.1	92.6	1.1	146	106.3461179
PAY	2021	6	8	6	0	14.5	87	964.1	15.5	91.4	1.1	191	240.2750512
PAY	2021	6	8	7	0	14.9	126	964.3	16.2	87.7	1.3	58	241.6899301
PAY	2021	6	8	8	0	15.1	159	964.3	16	92	1.7	86	239.3300516
PAY	2021	6	8	9	0	15.9	575	964	17.7	78.6	1.4	34	735.8396797
PAY	2021	6	8	10	0	15.8	440	964	18.5	79.8	2.3	15	508.9327951
PAY	2021	6	8	11	0	16	413	963.9	19.1	73.3	3.2	25	454.7973394
PAY	2021	6	8	12	0	15.8	512	963.5	19.8	68	2.6	5	563.2030506
PAY	2021	6	8	13	0	16.1	617	963.3	20.1	62.1	2.2	57	711.2723162
PAY	2021	6	8	14	0	16	269	963.1	19.5	75.6	2	111	342.2134441
PAY	2021	6	8	15	0	16.3	341	962.8	20	67.4	2.5	159	508.6242943
PAY	2021	6	8	16	0	16.2	284	963.2	18	82.9	2.2	333	537.39766
PAY	2021	6	8	17	0	15.2	240	963.4	17.2	80.2	3.6	82	648.9184996
PAY	2021	6	8	18	0	14.8	92	963.7	17	79.5	1.9	90	447.9779517
PAY	2021	6	8	19	0	15.2	71	963.6	17.3	79.3	1.7	171	1000
PAY	2021	6	8	20	0	15	3	963.8	15.4	95.2	1.2	107	0
PAY	2021	6	8	21	0	14.7	0	964.4	15.5	94.9	1.5	90	0
PAY	2021	6	8	22	0	15.1	0	964.4	15.6	95.2	1.5	135	0
PAY	2021	6	8	23	0	14.9	0	964.3	15.4	94.7	1.2	202	0
PAY	2021	6	9	0	0	14.6	0	964.1	14.9	96.4	1	214	0
PAY	2021	6	9	1	0	14.2	0	964	13.9	98.1	1.1	126	0
PAY	2021	6	9	2	0	14.3	0	963.7	14.7	96.7	0.9	153	0
PAY	2021	6	9	3	0	14.1	0	963.8	14.1	98.5	0.8	98	0
PAY	2021	6	9	4	0	14.2	1	963.7	14.5	97.7	0.8	120	25.41213745
PAY	2021	6	9	5	0	14.3	30	963.9	14.7	96	1.2	81	151.525048
PAY	2021	6	9	6	0	14.5	90	964.1	14.9	93.8	1.2	49	248.2786308
PAY	2021	6	9	7	0	14.6	143	964.4	15.8	89.6	1.3	60	274.1182087
PAY	2021	6	9	8	0	15	325	964.5	16.7	84.6	1.1	56	488.9602959
PAY	2021	6	9	9	0	15.6	477	964.5	18.3	78.1	1.3	352	610.1578312
PAY	2021	6	9	10	0	16.2	653	964.5	20.6	73.1	2.1	9	754.9423314
PAY	2021	6	9	11	0	16.9	813	964.3	21	66.8	2.5	27	894.7671453
PAY	2021	6	9	12	0	17	843	963.7	21.6	62.9	2.9	13	926.6342499
PAY	2021	6	9	13	0	17.1	579	963.6	20.8	68.8	3.1	10	666.8371472
PAY	2021	6	9	14	0	16.9	515	963.5	20.7	61.9	3.5	2	654.3436811
PAY	2021	6	9	15	0	16.1	337	963.8	19.9	67.7	3.2	8	501.7912388
PAY	2021	6	9	16	0	16	305	963.6	19.9	66.3	2	25	575.7038028
PAY	2021	6	9	17	0	16.7	307	964	20.5	64.1	1.9	94	826.8452898
PAY	2021	6	9	18	0	16.2	106	964.3	19.6	69.1	1.8	130	512.3022913
PAY	2021	6	9	19	0	16.2	23	964.8	18	83.3	1.2	58	480.7371083
PAY	2021	6	9	20	0	15.4	1	964.9	16.8	80.8	2.1	25	0
PAY	2021	6	9	21	0	14.6	0	964.9	15.1	91	1.2	45	0
PAY	2021	6	9	22	0	13.8	0	964.9	14.1	94.8	1.3	173	0
PAY	2021	6	9	23	0	13.3	0	964.8	13.8	95.3	0.8	198	0
PAY	2021	6	10	0	0	12.8	0	964.6	12.7	97.5	0.8	194	0
PAY	2021	6	10	1	0	12.4	0	964.5	13.1	95.4	0.9	146	0
PAY	2021	6	10	2	0	12.2	0	964.6	12.4	97.4	0.6	79	0
PAY	2021	6	10	3	0	11.7	0	964.6	11.7	97.6	0.9	153	0
PAY	2021	6	10	4	0	11.2	3	964.5	11.2	98.5	0.5	323	75.16887195
PAY	2021	6	10	5	0	11.5	72	964.5	12.7	95	0.9	230	362.8818321
PAY	2021	6	10	6	0	12.7	206	964.4	13.3	94.6	1.1	217	567.773714
PAY	2021	6	10	7	0	13.8	401	964.3	15.6	85	1.5	333	768.2900371
PAY	2021	6	10	8	0	14.9	570	964.5	18.4	73.8	2.5	13	857.2371884
PAY	2021	6	10	9	0	15.9	725	964.4	20.5	66.6	2.7	21	927.0540503
PAY	2021	6	10	10	0	16.9	828	964.3	21.9	64.3	3.2	28	956.8680914
PAY	2021	6	10	11	0	17.4	880	964	22.7	61.4	3.4	28	968.0070585
PAY	2021	6	10	12	0	17.8	952	963.3	24.3	54.9	3.5	27	1000
PAY	2021	6	10	13	0	17.1	926	962.7	24.6	45.9	4	17	1000
PAY	2021	6	10	14	0	16.9	860	962.3	25.2	46.4	4.1	25	1000
PAY	2021	6	10	15	0	16	743	961.9	25.2	37.5	3.7	25	1000
PAY	2021	6	10	16	0	16	562	961.5	25.5	36.2	3.4	30	1000
PAY	2021	6	10	17	0	16.3	242	961.9	21.5	59	3.7	14	649.3682729
PAY	2021	6	10	18	0	16.4	62	962.1	20.7	64.3	2.2	36	297.5367025
PAY	2021	6	10	19	0	16.5	74	962	20.6	65.6	1.4	76	1000
PAY	2021	6	10	20	0	16.3	4	962.6	17.8	83.8	1.3	56	0
PAY	2021	6	10	21	0	15.8	0	963	17.1	86.9	0.8	198	0
PAY	2021	6	10	22	0	15.3	0	962.9	16.3	89.9	0.7	124	0
PAY	2021	6	10	23	0	14.6	0	962.8	14.9	94.8	0.9	180	0
PAY	2021	6	11	0	0	13.9	0	962.7	14.4	93.8	1.1	185	0
PAY	2021	6	11	1	0	13.4	0	962.4	13.7	94.2	0.9	166	0
PAY	2021	6	11	2	0	12.7	0	962.5	13	95.9	1.3	171	0
PAY	2021	6	11	3	0	12	0	962.4	12.3	96.9	1.2	185	0
PAY	2021	6	11	4	0	11.6	3	962.5	11.8	96	1.3	166	74.3147099
PAY	2021	6	11	5	0	12	72	962.9	13.3	93.9	1.5	108	362.2767339
PAY	2021	6	11	6	0	13.3	221	963.1	15	88.8	0.9	234	608.7150375
PAY	2021	6	11	7	0	14.6	397	963.1	17.7	78.1	1.1	360	760.3518044
PAY	2021	6	11	8	0	15.6	568	963.1	19.3	72.4	2.3	28	853.995435
PAY	2021	6	11	9	0	16.6	726	963.1	21.1	66.6	3	10	928.0710532
PAY	2021	6	11	10	0	17.2	845	962.9	22.8	54.9	3.7	33	976.1747231
PAY	2021	6	11	11	0	17.7	928	962.7	23.9	53.5	3.7	35	1000
PAY	2021	6	11	12	0	17.5	963	962.3	25.3	47.8	4.3	17	1000
PAY	2021	6	11	13	0	16.3	944	962	25.4	36.5	3.7	17	1000
PAY	2021	6	11	14	0	16.4	871	961.6	26.5	33.2	3.8	34	1000
PAY	2021	6	11	15	0	16.2	745	961.4	26	39.9	3.8	46	1000
PAY	2021	6	11	16	0	16.3	592	961.1	26.4	35.9	3.5	50	1000
PAY	2021	6	11	17	0	16.4	415	961.1	25.2	40.3	3.5	55	1000
PAY	2021	6	11	18	0	16.1	180	961.4	23.4	46.6	3.2	62	858.0760783
PAY	2021	6	11	19	0	16	76	961.7	22.5	49.7	1.9	54	1000
PAY	2021	6	11	20	0	15.8	4	962.4	19.3	68.8	1.7	77	0
PAY	2021	6	11	21	0	15.3	0	962.9	18.7	68.2	1.9	49	0
PAY	2021	6	11	22	0	14.8	0	963.3	16.7	80.2	1.1	302	0
PAY	2021	6	11	23	0	14.1	0	963.2	14.8	88.7	1.2	270	0
PAY	2021	6	12	0	0	13.6	0	963.3	15.2	84.5	1.6	210	0
PAY	2021	6	12	1	0	13.2	0	963.4	13.7	90.8	1.3	180	0
PAY	2021	6	12	2	0	12.5	0	963.1	12.6	92.3	1.2	162	0
PAY	2021	6	12	3	0	12	0	963.2	12.4	92.9	1.4	176	0
PAY	2021	6	12	4	0	12	3	963.8	13.1	88.5	2.3	205	73.6592204
PAY	2021	6	12	5	0	12.5	64	964.1	13.8	89.4	1.9	205	321.6369638
PAY	2021	6	12	6	0	13.6	223	964.4	16.5	77.5	1.5	210	613.9619452
PAY	2021	6	12	7	0	14.8	392	964.7	18.3	70.6	1.6	234	750.614203
PAY	2021	6	12	8	0	15.7	568	964.7	20.8	62.2	1	217	853.8491211
PAY	2021	6	12	9	0	16.6	714	964.7	22.1	59	1.3	275	912.5448783
PAY	2021	6	12	10	0	17.1	843	964.7	24.6	51	1.2	90	973.5879498
PAY	2021	6	12	11	0	17.1	917	964.5	25.1	41.8	1.4	166	1000
PAY	2021	6	12	12	0	17.5	941	964.2	26.2	45.4	1.7	201	1000
PAY	2021	6	12	13	0	17.7	941	964.3	27.3	39.8	2.5	260	1000
PAY	2021	6	12	14	0	18.1	764	964.3	27.1	44.1	2.6	295	967.4372024
PAY	2021	6	12	15	0	17.8	570	964.2	26.3	42.9	2.7	294	844.7626561
PAY	2021	6	12	16	0	18	572	964.3	26	44.7	2.4	309	1000
PAY	2021	6	12	17	0	17.7	234	964.4	25	48.3	3.4	342	623.62272
PAY	2021	6	12	18	0	17.4	252	964.7	24.2	50.7	3.2	333	1000
PAY	2021	6	12	19	0	17.2	121	965.2	21.2	66.4	2.5	5	1000
PAY	2021	6	12	20	0	16.6	5	965.9	21.4	60	2.1	53	0
PAY	2021	6	12	21	0	16	0	966.4	18.9	72.7	1.8	60	0
PAY	2021	6	12	22	0	15.7	0	966.7	17.2	84.1	1.2	90	0
PAY	2021	6	12	23	0	15.3	0	966.9	17.1	82.5	1.2	190	0
PAY	2021	6	13	0	0	14.7	0	966.9	15.6	90.2	1.2	174	0
PAY	2021	6	13	1	0	14.2	0	966.5	15.2	87.7	1	164	0
PAY	2021	6	13	2	0	13.7	0	966	14.3	92.6	1	187	0
PAY	2021	6	13	3	0	13.3	0	965.9	13.6	94.7	0.9	198	0
PAY	2021	6	13	4	0	12.9	3	966	13.4	95.3	1	127	73.19113775
PAY	2021	6	13	5	0	13.2	77	966.6	14.5	91.3	0.8	188	386.6828449
PAY	2021	6	13	6	0	14.6	229	966.7	17.1	82.8	0.5	90	630.3572476
PAY	2021	6	13	7	0	16	406	966.9	18.9	76.2	2.1	3	777.3666554
PAY	2021	6	13	8	0	16.9	574	967	21.1	66.3	3.5	21	862.8080183
PAY	2021	6	13	9	0	17.3	728	966.9	22.4	62.2	4.6	21	930.3196912
PAY	2021	6	13	10	0	17.5	849	966.9	23.1	57.6	5	35	980.3009235
PAY	2021	6	13	11	0	17.7	932	966.6	24.1	51.7	4.1	40	1000
PAY	2021	6	13	12	0	17.9	962	966.2	25.2	45.2	4.5	31	1000
PAY	2021	6	13	13	0	17.4	942	965.8	26	45.7	4.6	45	1000
PAY	2021	6	13	14	0	17.6	869	965.8	26	45.5	5	51	1000
PAY	2021	6	13	15	0	17.2	753	965.3	25.9	42.7	5.5	43	1000
PAY	2021	6	13	16	0	17.1	603	965.1	25.7	42.7	5.6	46	1000
PAY	2021	6	13	17	0	17.1	428	964.8	24.9	44.3	5.3	39	1000
PAY	2021	6	13	18	0	16.7	251	964.5	23.8	48.6	4.9	51	1000
PAY	2021	6	13	19	0	16.2	92	964.4	22.1	53	4.6	48	1000
PAY	2021	6	13	20	0	15.1	4	964.7	20.6	51.3	3.4	46	0
PAY	2021	6	13	21	0	14	0	964.8	18.6	58.9	1.8	50	0
PAY	2021	6	13	22	0	13.6	0	964.4	17.4	63.4	2.2	53	0
PAY	2021	6	13	23	0	13.2	0	964.3	16.1	68.4	2.2	59	0
PAY	2021	6	14	0	0	12.2	0	964.3	13.4	82.7	1.4	195	0
PAY	2021	6	14	1	0	12.2	0	964.2	14.9	74	1.5	72	0
PAY	2021	6	14	2	0	11.6	0	964	12.6	84.5	1.1	63	0
PAY	2021	6	14	3	0	11.1	0	964	12.5	85.2	1.6	164	0
PAY	2021	6	14	4	0	10.7	3	964.2	11	91.5	1.1	139	72.90219338
PAY	2021	6	14	5	0	11.2	80	964.4	13.5	86	1	186	401.6336501
PAY	2021	6	14	6	0	12.4	235	964.3	15.1	76.5	1.1	247	646.8929157
PAY	2021	6	14	7	0	12.9	408	964.2	17.3	62.3	1.7	323	781.2515206
PAY	2021	6	14	8	0	13.3	578	964.1	18.5	58.1	1.6	9	868.8461332
PAY	2021	6	14	9	0	14.5	730	963.7	20.4	54.7	1.5	27	932.827756
PAY	2021	6	14	10	0	15.6	846	963.4	21.4	53	1.9	8	976.6820961
PAY	2021	6	14	11	0	16.7	925	963.1	23	52.5	2.5	14	1000
PAY	2021	6	14	12	0	17.3	954	962.4	24.4	51	2.3	51	1000
PAY	2021	6	14	13	0	17.9	931	961.7	26.3	45.9	2.4	34	1000
PAY	2021	6	14	14	0	17.7	861	961.5	27.2	42.2	2.6	35	1000
PAY	2021	6	14	15	0	17.5	754	961.3	27.5	35.4	2.5	31	1000
PAY	2021	6	14	16	0	18.1	602	960.9	27.8	42.8	2.5	360	1000
PAY	2021	6	14	17	0	18.1	427	960.8	27	43.6	2.4	325	1000
PAY	2021	6	14	18	0	17.6	246	960.8	26.1	41	1.5	302	1000
PAY	2021	6	14	19	0	17.8	90	960.8	23	61.2	1	34	1000
PAY	2021	6	14	20	0	16.7	5	961.3	21.5	55.6	1.8	47	0
PAY	2021	6	14	21	0	16	0	961.5	17.9	77.8	1.6	54	0
PAY	2021	6	14	22	0	14.5	0	961.8	16	78.8	0.9	90	0
PAY	2021	6	14	23	0	13.2	0	961.8	15.1	80	1.5	180	0
PAY	2021	6	15	0	0	13	0	961.7	14.1	86.7	1	159	0
PAY	2021	6	15	1	0	12.1	0	961.7	13.3	83.4	1.4	189	0
PAY	2021	6	15	2	0	11.8	0	961.7	13.4	85.2	1	149	0
PAY	2021	6	15	3	0	11.2	0	961.6	12	91.1	1.4	194	0
PAY	2021	6	15	4	0	10.9	3	961.8	11.4	91.5	1.4	174	72.78680447
PAY	2021	6	15	5	0	11.6	82	962.1	13.5	89.1	1.4	153	411.7421948
PAY	2021	6	15	6	0	13.5	243	962.3	16.5	76.5	0.8	225	669.0852313
PAY	2021	6	15	7	0	14.5	420	962.3	19.5	64.5	1	207	804.3992945
PAY	2021	6	15	8	0	15.6	594	962.2	21.2	60.4	1.9	357	893.0111878
PAY	2021	6	15	9	0	16.4	747	962.2	23	53.2	2	360	954.5737367
PAY	2021	6	15	10	0	16.9	864	962.1	24.8	53.1	2.4	41	997.3658419
PAY	2021	6	15	11	0	17.3	945	961.9	25.5	42.6	1.7	68	1000
PAY	2021	6	15	12	0	17.9	965	961.6	27.4	43.4	1.9	45	1000
PAY	2021	6	15	13	0	19.1	934	961.3	28	43.4	2.4	15	1000
PAY	2021	6	15	14	0	18.9	855	960.9	29.2	36	2.2	19	1000
PAY	2021	6	15	15	0	18.6	746	960.6	28.6	40.4	2.6	30	1000
PAY	2021	6	15	16	0	18.7	548	960.3	28.4	37.6	2.6	59	1000
PAY	2021	6	15	17	0	18.7	427	960	28.3	42	2.2	18	1000
PAY	2021	6	15	18	0	18.9	257	959.9	27.1	44.5	2.6	320	1000
PAY	2021	6	15	19	0	18.7	78	960.1	25.1	51.5	1.7	51	1000
PAY	2021	6	15	20	0	17	6	960.2	22.8	48.8	2	47	0
PAY	2021	6	15	21	0	15.8	0	960.5	20.4	61.1	1.5	360	0
PAY	2021	6	15	22	0	15.3	0	960.5	18	72.9	0.8	162	0
PAY	2021	6	15	23	0	14.8	0	960.2	16.5	79.1	1.2	189	0
PAY	2021	6	16	0	0	14.1	0	960.2	16.2	83.4	1.4	176	0
PAY	2021	6	16	1	0	13.5	0	959.9	14.5	86.9	1.6	195	0
PAY	2021	6	16	2	0	13.2	0	959.9	14.8	83.9	1.8	166	0
PAY	2021	6	16	3	0	12.7	0	959.8	13.4	89.2	1.3	204	0
PAY	2021	6	16	4	0	12.8	2	959.9	13.9	87.2	2.5	207	48.56124763
PAY	2021	6	16	5	0	13.1	69	959.8	15.3	81.8	1.5	197	346.6773861
PAY	2021	6	16	6	0	15	230	959.7	18.2	75.5	1.2	207	633.5922493
PAY	2021	6	16	7	0	15.7	390	959.6	20	69.4	1.3	246	747.2031696
PAY	2021	6	16	8	0	16.6	562	959.4	21.7	58.5	1.3	276	845.0925379
PAY	2021	6	16	9	0	16.9	711	959.3	23.5	49.5	1.5	300	908.6588286
PAY	2021	6	16	10	0	18	831	959	25	46.7	1.8	261	959.2374303
PAY	2021	6	16	11	0	18.1	916	958.8	26.6	46.1	1.8	250	1000
PAY	2021	6	16	12	0	19	948	958.2	28	44.4	1.8	277	1000
PAY	2021	6	16	13	0	18.7	931	957.8	29.6	39.1	1.7	297	1000
PAY	2021	6	16	14	0	19.4	855	957.3	29.6	40.2	2	266	1000
PAY	2021	6	16	15	0	19	730	956.9	29.9	36.6	1.7	238	1000
PAY	2021	6	16	16	0	19	592	956.6	30.1	33.6	2.2	291	1000
PAY	2021	6	16	17	0	18.2	421	956.3	29.6	31.7	1.7	290	1000
PAY	2021	6	16	18	0	18.9	241	956.2	28.1	41.7	1.6	53	1000
PAY	2021	6	16	19	0	19.2	66	956.5	23.6	68.9	1.6	79	1000
PAY	2021	6	16	20	0	18.7	4	957	22	67.5	1.3	140	0
PAY	2021	6	16	21	0	17.8	0	957.3	20.7	74.3	2.1	191	0
PAY	2021	6	16	22	0	17	0	957.5	19.5	75	1.6	198	0
PAY	2021	6	16	23	0	16.3	0	957.2	17	87.5	1.5	176	0
PAY	2021	6	17	0	0	15.3	0	956.9	17.4	81.3	1.8	216	0
PAY	2021	6	17	1	0	14.9	0	957.1	16.3	81.6	1.6	196	0
PAY	2021	6	17	2	0	14.1	0	957.4	14.7	89.8	2.1	200	0
PAY	2021	6	17	3	0	13.8	0	957.8	15.2	85	1.5	194	0
PAY	2021	6	17	4	0	13.6	3	958	14.7	88.2	2.2	197	73.06666919
PAY	2021	6	17	5	0	13.9	48	958.7	16.2	81.7	2.1	204	241.4205697
PAY	2021	6	17	6	0	15.3	164	958.8	19	71.6	1.3	156	452.0930543
PAY	2021	6	17	7	0	16.6	369	959	21.7	60.3	1.4	209	707.3126502
PAY	2021	6	17	8	0	17.9	549	958.8	24.1	59.3	1.3	349	825.8084081
PAY	2021	6	17	9	0	18.9	698	958.5	25.3	59.8	1.9	34	892.196936
PAY	2021	6	17	10	0	20.2	809	958.4	27.3	55.5	1.8	360	933.8651199
PAY	2021	6	17	11	0	20.3	871	958.2	28.3	51	1.7	153	956.1497596
PAY	2021	6	17	12	0	20.5	898	957.8	29.1	46.5	1.8	188	983.2943439
PAY	2021	6	17	13	0	20.6	867	957.2	29.8	45.6	1.8	132	993.0471769
PAY	2021	6	17	14	0	20.9	823	956.6	30.1	42.6	2.9	77	1000
PAY	2021	6	17	15	0	20.5	690	956.2	30.5	40.3	3.7	66	1000
PAY	2021	6	17	16	0	19.8	580	955.9	30.4	36.5	3.4	29	1000
PAY	2021	6	17	17	0	19.6	393	955.5	29.4	40.9	3.5	17	1000
PAY	2021	6	17	18	0	20	119	955.7	28	49.8	2.4	25	549.667089
PAY	2021	6	17	19	0	20.5	29	956	25.9	58.4	1.6	42	503.6196166
PAY	2021	6	17	20	0	19.7	0	956.6	24.6	64	2.1	11	0
PAY	2021	6	17	21	0	18.5	0	958.5	20	86.7	6.1	223	0
PAY	2021	6	17	22	0	18.2	0	959.7	19	89.5	4.5	210	0
PAY	2021	6	17	23	0	18.3	0	959.7	19	92.5	3	206	0
PAY	2021	6	18	0	0	18.2	0	959.1	19	92.6	1.9	93	0
PAY	2021	6	18	1	0	18.4	0	958.8	18.9	94.8	1.5	135	0
PAY	2021	6	18	2	0	17.6	0	958.2	17.6	96.1	1.3	135	0
PAY	2021	6	18	3	0	17.4	0	958.2	17.9	95.7	1.2	101	0
PAY	2021	6	18	4	0	16.7	3	958.4	16.9	96.7	1.4	194	73.46282109
PAY	2021	6	18	5	0	16.9	32	958.7	17.5	96.9	2.4	197	161.1869271
PAY	2021	6	18	6	0	17.7	160	958.9	18.9	94.2	2.4	198	441.4688196
PAY	2021	6	18	7	0	18.3	347	959	20.5	82.6	2.1	221	665.5550951
PAY	2021	6	18	8	0	18.8	515	958.8	22.5	75.6	1.1	304	774.9865379
PAY	2021	6	18	9	0	19.9	665	958.5	24.1	72.9	2	56	850.2219362
PAY	2021	6	18	10	0	20.6	785	958.3	24.9	68.3	2	30	906.2369673
PAY	2021	6	18	11	0	20.7	872	958.1	26.9	62.4	1.7	34	957.1769298
PAY	2021	6	18	12	0	20.9	905	957.9	27.5	56.3	1.4	90	990.7203941
PAY	2021	6	18	13	0	20.5	888	957.6	29	49.6	2.1	211	1000
PAY	2021	6	18	14	0	21.7	654	957.5	27.4	60.2	3.2	272	824.0431425
PAY	2021	6	18	15	0	21.6	246	958.1	25.1	69.9	3.1	286	362.019535
PAY	2021	6	18	16	0	21.5	219	958.6	24.6	80.2	2.7	272	406.4261587
PAY	2021	6	18	17	0	21.4	224	958.9	24.6	75.2	2	172	587.6193242
PAY	2021	6	18	18	0	21.5	102	959.2	24.3	78.1	1.7	203	469.3321195
PAY	2021	6	18	19	0	21	60	958.8	22.3	88	1.4	139	1000
PAY	2021	6	18	20	0	20.5	6	959.6	20.9	90.2	1.2	153	0
PAY	2021	6	18	21	0	19.7	0	959.8	20.7	89.8	1.4	101	0
PAY	2021	6	18	22	0	19.4	0	960.3	20.1	93.6	1.2	117	0
PAY	2021	6	18	23	0	19.5	0	960.3	20	95.1	1.1	180	0
PAY	2021	6	19	0	0	19.2	0	960.2	19.3	95.1	1.2	233	0
PAY	2021	6	19	1	0	18.5	0	960.2	18.9	95	1.7	202	0
PAY	2021	6	19	2	0	18.1	0	960.3	17.9	96.9	1.8	213	0
PAY	2021	6	19	3	0	17.7	0	960.5	18.3	95.9	1.3	127	0
PAY	2021	6	19	4	0	17.3	4	961	17.8	97.2	0.8	180	98.7124659
PAY	2021	6	19	5	0	17.2	38	961.2	18.1	95.4	1.2	149	191.7781752
PAY	2021	6	19	6	0	17.8	105	960.7	19.3	88	1.3	173	290.0404586
PAY	2021	6	19	7	0	18.6	249	960.4	20.1	88.7	1.2	111	477.9485983
PAY	2021	6	19	8	0	19.2	337	959.6	21.9	81.9	1.1	360	507.384582
PAY	2021	6	19	9	0	19.8	589	959.1	22.6	76.4	1.5	346	753.2900856
PAY	2021	6	19	10	0	19.9	754	958.6	23.9	71.9	2.1	360	870.5739317
PAY	2021	6	19	11	0	20.7	855	958.1	25.5	65.1	1.9	23	938.4975373
PAY	2021	6	19	12	0	20.9	832	958	27.2	62	1.4	169	910.6350232
PAY	2021	6	19	13	0	20.6	854	957.5	27.4	52.2	1.6	234	977.3736858
PAY	2021	6	19	14	0	21.4	731	956.9	28.4	58	1.5	153	920.5220034
PAY	2021	6	19	15	0	21.5	641	956.2	28.6	52.6	1.6	270	942.4952081
PAY	2021	6	19	16	0	21.9	488	955.4	28.5	58.2	2	13	904.5022474
PAY	2021	6	19	17	0	21.5	287	955.1	27.4	64.7	1.6	344	751.4371782
PAY	2021	6	19	18	0	21.3	192	954.9	26.5	62.4	1.4	51	880.4062574
PAY	2021	6	19	19	0	21.5	56	954.6	24.1	78.5	1.3	99	947.1358543
PAY	2021	6	19	20	0	21.1	2	955.6	22.9	82.5	1.2	188	0
PAY	2021	6	19	21	0	20.5	0	956.1	22.2	85.6	2.3	203	0
PAY	2021	6	19	22	0	20.3	0	956	23	77.1	3	190	0
PAY	2021	6	19	23	0	19.9	0	956.3	22.3	79.6	2.7	212	0
PAY	2021	6	20	0	0	18.9	0	956.7	23	62.3	3.9	236	0
PAY	2021	6	20	1	0	17.8	0	957.5	22	64.5	4.2	223	0
PAY	2021	6	20	2	0	17.4	0	957.5	20.8	72	3.2	222	0
PAY	2021	6	20	3	0	17.4	0	956.9	20.2	75.7	2	219	0
PAY	2021	6	20	4	0	17.5	0	956.6	19.6	81.2	1.6	70	0
PAY	2021	6	20	5	0	17.5	8	956.4	19.8	79.7	1.8	66	40.46963409
PAY	2021	6	20	6	0	17.9	38	956.4	19.4	86.3	0.9	173	105.1076751
PAY	2021	6	20	7	0	18.2	116	955.9	20.5	82.5	0.8	146	222.8559997
PAY	2021	6	20	8	0	18.4	177	955.6	21.5	76.4	1.7	29	266.6496734
PAY	2021	6	20	9	0	19.1	485	954.6	23	67.8	2.6	9	620.519732
PAY	2021	6	20	10	0	19.1	712	954.2	24.7	63.8	3.7	10	822.2464311
PAY	2021	6	20	11	0	20.3	791	952.7	25.8	61.2	3.9	34	868.2764011
PAY	2021	6	20	12	0	19.9	585	951.4	24.6	65	4.6	23	640.2042711
PAY	2021	6	20	13	0	19.4	48	951.4	23.4	67.8	3.6	343	54.91715653
PAY	2021	6	20	14	0	19.6	67	952.6	21.3	85	3.1	220	84.32698237
PAY	2021	6	20	15	0	19.9	353	951.6	23.1	77.1	2.6	207	518.6322165
PAY	2021	6	20	16	0	19.9	345	951.5	22.5	76.1	2.8	54	638.7297017
PAY	2021	6	20	17	0	15.2	6	954.2	15.3	88.7	4.5	254	15.68243866
PAY	2021	6	20	18	0	14.2	4	952.8	14.9	93.7	2.4	148	18.28597478
PAY	2021	6	20	19	0	14.5	24	953	15.3	93.5	1.6	45	401.6253984
PAY	2021	6	20	20	0	14.7	4	952.9	15.1	96.3	1.2	117	0
PAY	2021	6	20	21	0	14.8	0	953.3	15.2	96.2	1.2	195	0
PAY	2021	6	20	22	0	14.7	0	953.1	15.3	94.3	1.9	193	0
PAY	2021	6	20	23	0	15	0	953.6	15.6	94.2	1.2	214	0
PAY	2021	6	21	0	0	15	0	954.5	15.5	96.2	2.1	196	0
PAY	2021	6	21	1	0	15.2	0	954.5	15.5	96.9	2.2	219	0
PAY	2021	6	21	2	0	15.2	0	954.1	15.4	98.3	1	288	0
PAY	2021	6	21	3	0	15	0	954	15	97.2	1	278	0
PAY	2021	6	21	4	0	14.7	2	953.8	15.1	96.3	1.1	174	50.48830418
PAY	2021	6	21	5	0	15.1	36	953.8	16	93.3	1.4	157	182.6218443
PAY	2021	6	21	6	0	15.5	96	953.8	16.7	89.3	1.4	185	265.9470442
PAY	2021	6	21	7	0	15.8	180	953.8	17.3	91	0.9	278	346.1624351
PAY	2021	6	21	8	0	16.4	356	953.5	19	78.4	1.5	207	536.6829016
PAY	2021	6	21	9	0	16.8	658	953.3	20	72.4	1.9	223	842.2420963
PAY	2021	6	21	10	0	17.3	869	953.1	22.1	68.1	1.6	191	1000
PAY	2021	6	21	11	0	18.2	944	952.9	22.6	68.3	2.1	349	1000
PAY	2021	6	21	12	0	18	824	952.4	23.2	58.1	2.1	36	901.684846
PAY	2021	6	21	13	0	18.3	973	951.9	24.1	51.3	2	70	1000
PAY	2021	6	21	14	0	19.3	896	951	25.4	53.1	2.3	53	1000
PAY	2021	6	21	15	0	18.7	478	951.3	24.2	63.2	2.1	67	701.8043972
PAY	2021	6	21	16	0	18	287	951.7	21.3	63.5	3.3	10	530.816474
PAY	2021	6	21	17	0	17.9	87	951.9	19.7	83.5	3.3	45	227.0504848
PAY	2021	6	21	18	0	15.3	7	953.9	14.4	89.4	6.1	360	31.91588005
PAY	2021	6	21	19	0	14.4	22	954.1	15.4	92.4	3.3	92	364.8751637
PAY	2021	6	21	20	0	15.1	1	954.6	16	93.9	1.7	32	0
PAY	2021	6	21	21	0	15.1	0	955	15.6	95.7	2.4	350	0
PAY	2021	6	21	22	0	15.3	0	955.1	15.8	96.3	1.7	45	0
PAY	2021	6	21	23	0	15.3	0	955.4	15.6	95.3	1.9	104	0
PAY	2021	6	22	0	0	15.2	0	955.1	15.8	95.2	1.7	40	0
PAY	2021	6	22	1	0	15.3	0	954.9	15.6	95	2	20	0
PAY	2021	6	22	2	0	15	0	954.3	15.3	96.4	2.3	31	0
PAY	2021	6	22	3	0	14.6	0	955.3	14.7	89.8	2.9	287	0
PAY	2021	6	22	4	0	13.4	1	954.9	14.1	94.6	3	67	25.62688128
PAY	2021	6	22	5	0	13.7	7	955.2	14	97.7	1.5	259	35.62426694
PAY	2021	6	22	6	0	13.5	9	956.1	13.9	95.4	2.9	197	24.97643251
PAY	2021	6	22	7	0	13.5	66	956.1	14.2	95.5	2.9	195	127.0716006
PAY	2021	6	22	8	0	14.7	372	956	16.4	88.7	1.8	10	561.2415392
PAY	2021	6	22	9	0	15.5	729	956	18	77.4	2.1	31	933.6105976
PAY	2021	6	22	10	0	16	757	956.5	19	74.4	1.9	23	874.7198192
PAY	2021	6	22	11	0	16.3	971	956.4	21.2	65.5	2	42	1000
PAY	2021	6	22	12	0	16.4	841	956.3	21	63.9	1.9	41	920.2622298
PAY	2021	6	22	13	0	17.1	581	956.2	21.1	67.3	2.7	5	664.4274643
PAY	2021	6	22	14	0	16.5	644	956.2	21.8	60.4	3	17	809.8776378
PAY	2021	6	22	15	0	17	443	956.1	22.7	61.2	2.4	54	650.0328895
PAY	2021	6	22	16	0	16.7	467	956.3	21.6	58.4	3.2	20	862.9795547
PAY	2021	6	22	17	0	16.6	247	956.4	19.9	73.3	2.6	41	643.7698456
PAY	2021	6	22	18	0	15.9	23	957.8	16.6	90.1	2.7	127	104.6313205
PAY	2021	6	22	19	0	15.3	12	958.5	16.5	90.1	1.7	56	197.5723341
PAY	2021	6	22	20	0	15.7	2	958.9	16.3	94.6	1.4	72	0
PAY	2021	6	22	21	0	15.8	0	959.5	16.2	94.9	1.4	203	0
PAY	2021	6	22	22	0	15.6	0	960.1	16.1	92.9	2.2	189	0
PAY	2021	6	22	23	0	15	0	960.3	15.1	94.1	1.6	90	0
PAY	2021	6	23	0	0	14.5	0	960.5	14.9	96.8	1.4	67	0
PAY	2021	6	23	1	0	14.3	0	960.3	14.3	97.5	1.8	171	0
PAY	2021	6	23	2	0	13.7	0	959.7	13.9	98.2	1.4	270	0
PAY	2021	6	23	3	0	13.6	0	959.8	14	98.5	1.2	189	0
PAY	2021	6	23	4	0	13.7	2	960	13.5	99	1.6	176	52.16545913
PAY	2021	6	23	5	0	13.4	32	960.3	13.6	96.9	2	177	163.4489139
PAY	2021	6	23	6	0	13.7	84	960.5	14.3	93.5	1.6	203	233.5723261
PAY	2021	6	23	7	0	14.4	227	960.9	15.4	93.1	1.4	222	437.6058141
PAY	2021	6	23	8	0	15.3	391	960.9	17	86.4	1.2	63	590.4205709
PAY	2021	6	23	9	0	16.1	632	960.6	17.9	81.5	1.9	338	809.8642877
PAY	2021	6	23	10	0	16.1	600	960.7	19.5	73.3	1.7	29	693.5653359
PAY	2021	6	23	11	0	16.6	870	960.3	21.2	58.8	2.6	52	955.3941163
PAY	2021	6	23	12	0	16.7	852	960.2	21.6	66.4	2.5	22	932.3230827
PAY	2021	6	23	13	0	17.4	700	959.5	22.1	64.7	2.4	49	800.4058971
PAY	2021	6	23	14	0	17.6	692	959.3	23.4	58.5	2.9	47	869.9751026
PAY	2021	6	23	15	0	17.4	702	958.8	23.1	58	3.3	54	1000
PAY	2021	6	23	16	0	17	462	958.6	23.3	57.8	2.8	30	853.1074402
PAY	2021	6	23	17	0	16.6	116	959.1	20.6	64.6	3.4	351	302.0036634
PAY	2021	6	23	18	0	16.2	99	959.7	19.7	67.4	3.1	46	449.5403311
PAY	2021	6	23	19	0	16	15	960.3	18.3	77.5	3.2	49	245.5611611
PAY	2021	6	23	20	0	15.2	4	961.7	17.5	74.5	3.5	152	0
PAY	2021	6	23	21	0	13.5	0	964	13.9	93.8	4.6	222	0
PAY	2021	6	23	22	0	13	0	962.9	13.7	93.2	2.1	169	0
PAY	2021	6	23	23	0	13.1	0	962.6	13.8	93.6	2.3	183	0
PAY	2021	6	24	0	0	12.9	0	962.1	12.8	97.8	1.5	63	0
PAY	2021	6	24	1	0	12.5	0	961.5	12.4	97.2	1.5	103	0
PAY	2021	6	24	2	0	11.7	0	961	11.6	98.4	1.5	196	0
PAY	2021	6	24	3	0	11.7	0	960.8	12.1	98.3	2.6	198	0
PAY	2021	6	24	4	0	12.1	2	960.6	12.6	95.2	2.5	192	53.23668884
PAY	2021	6	24	5	0	12.3	33	960.9	13	94.7	2.6	196	169.2453148
PAY	2021	6	24	6	0	12.7	39	961.8	13.3	95.1	2.3	204	108.6802438
PAY	2021	6	24	7	0	13	21	961	13.7	97.4	1.8	108	40.54004611
PAY	2021	6	24	8	0	14	229	962	15.8	88.1	2	96	346.1277791
PAY	2021	6	24	9	0	14.7	404	961.9	16.4	86.9	1.6	217	518.039585
PAY	2021	6	24	10	0	15.2	625	961.6	18.7	77.3	1.5	166	722.7764338
PAY	2021	6	24	11	0	15.7	775	961.6	19.6	74.3	1.7	239	851.2781251
PAY	2021	6	24	12	0	16.3	787	961.2	20.4	66.5	2.3	315	861.2634914
PAY	2021	6	24	13	0	16.2	676	960.7	20.9	60.5	3.1	257	772.9039452
PAY	2021	6	24	14	0	15.8	359	960.9	22	60.1	3.5	277	451.2253429
PAY	2021	6	24	15	0	15.7	416	961.4	17.6	81.3	4.1	246	609.8638383
PAY	2021	6	24	16	0	14.7	60	962.5	14.9	92.6	5	221	110.7257135
PAY	2021	6	24	17	0	14.5	82	963	16.2	87.3	3.9	198	213.2942183
PAY	2021	6	24	18	0	15.1	83	963.1	16.5	85.8	3.2	195	376.3447806
PAY	2021	6	24	19	0	14.7	25	963.8	15	94.1	3.1	228	407.5906086
PAY	2021	6	24	20	0	14.1	2	964.3	14.4	95.3	3.7	199	0
PAY	2021	6	24	21	0	13.7	0	964.7	14	94.2	3.6	203	0
PAY	2021	6	24	22	0	13.4	0	964.8	14	94.1	2.6	198	0
PAY	2021	6	24	23	0	13.2	0	964.6	13.8	93.7	2.9	205	0
PAY	2021	6	25	0	0	13.4	0	964.4	14.1	93.4	2.9	201	0
PAY	2021	6	25	1	0	13.1	0	964.1	14.1	88.7	2.8	206	0
PAY	2021	6	25	2	0	13.2	0	964	13.9	91	2.3	198	0
PAY	2021	6	25	3	0	13	0	963.8	13.7	93.3	1.7	201	0
PAY	2021	6	25	4	0	13.1	1	963.7	13.7	93.8	1.3	203	27.24202378
PAY	2021	6	25	5	0	13.1	40	963.5	13.9	92.9	1.4	210	206.072533
PAY	2021	6	25	6	0	13.5	125	963.5	14.7	87	2.1	215	349.1637353
PAY	2021	6	25	7	0	13.5	304	963.6	15.6	80.8	2.8	202	587.7611404
PAY	2021	6	25	8	0	13.5	316	963.7	16	77.2	2.6	216	478.1260164
PAY	2021	6	25	9	0	13.3	270	963.5	16.3	71.2	2.2	243	346.4663192
PAY	2021	6	25	10	0	13	291	963.4	16.6	69.1	1.6	290	336.6894158
PAY	2021	6	25	11	0	12.9	315	963.4	16.5	65.1	1.8	286	346.1064068
PAY	2021	6	25	12	0	13	285	963.3	17.7	65.3	1.2	236	311.9348507
PAY	2021	6	25	13	0	13.3	487	963.1	17.6	61.8	1.4	203	556.8013726
PAY	2021	6	25	14	0	13.5	380	962.8	19.1	60.1	1.2	256	477.542758
PAY	2021	6	25	15	0	13.4	391	962.7	18.2	60	1.4	90	573.0353462
PAY	2021	6	25	16	0	13.9	308	962.2	18.6	62.3	1.2	164	568.1214404
PAY	2021	6	25	17	0	13.8	213	962.2	18.2	63.1	1.2	212	553.6646339
PAY	2021	6	25	18	0	14	101	962.3	17.8	63.8	1.1	225	457.4869361
PAY	2021	6	25	19	0	13.6	62	962.2	17.1	67.8	1.9	19	1000
PAY	2021	6	25	20	0	13.5	8	962.4	15.3	82.9	1.4	77	0
PAY	2021	6	25	21	0	13.6	0	962.7	15.2	82.4	1.3	81	0
PAY	2021	6	25	22	0	13.2	0	962.6	14	89.1	1.1	126	0
PAY	2021	6	25	23	0	12	0	962.6	11.9	94	1.5	197	0
PAY	2021	6	26	0	0	11.2	0	962.5	11.8	92.9	2.3	201	0
PAY	2021	6	26	1	0	11	0	962.1	11.1	94.1	1.8	194	0
PAY	2021	6	26	2	0	10	0	961.8	10.1	96.5	1.7	201	0
PAY	2021	6	26	3	0	10	0	961.8	10.1	96.8	1.4	180	0
PAY	2021	6	26	4	0	9.6	3	961.7	9.8	97.4	0.8	135	83.89224681
PAY	2021	6	26	5	0	10	72	961.8	11.4	93.7	1.3	198	372.7668511
PAY	2021	6	26	6	0	11.8	195	961.8	13.4	91.3	1	212	546.1044016
PAY	2021	6	26	7	0	13.2	380	961.9	15.1	84.1	1.3	276	735.9146663
PAY	2021	6	26	8	0	13.9	546	961.8	17.1	76.6	1.8	348	827.0657347
PAY	2021	6	26	9	0	14.8	734	961.5	18.4	67.4	2.2	13	942.623066
PAY	2021	6	26	10	0	15.1	694	961.3	19.2	63.8	2.3	9	803.4022097
PAY	2021	6	26	11	0	15.3	643	961	19.4	64.2	1.9	354	706.7441265
PAY	2021	6	26	12	0	15.9	899	960.8	21.1	57.8	1.9	249	984.1466087
PAY	2021	6	26	13	0	15.9	946	960.3	22.1	59.1	1.7	232	1000
PAY	2021	6	26	14	0	16.5	879	960	22.8	54.3	1.7	60	1000
PAY	2021	6	26	15	0	17	731	959.6	23.2	53.8	1.9	322	1000
PAY	2021	6	26	16	0	17.2	559	959.3	23.6	53.9	1.8	75	1000
PAY	2021	6	26	17	0	17.1	434	958.8	23.7	47.8	1.8	353	1000
PAY	2021	6	26	18	0	17.2	258	958.9	21.7	61.1	2.7	360	1000
PAY	2021	6	26	19	0	16.8	73	959	20	74.4	1.6	333	1000
PAY	2021	6	26	20	0	16.5	7	959.4	17.3	87.1	0.9	45	0
PAY	2021	6	26	21	0	15.3	0	959.6	15.6	90.7	1.1	135	0
PAY	2021	6	26	22	0	14.2	0	959.4	14.3	93.4	1.8	201	0
PAY	2021	6	26	23	0	13.4	0	959.5	13.9	93.4	2.3	203	0
PAY	2021	6	27	0	0	13	0	959.6	14.1	88.6	3.1	201	0
PAY	2021	6	27	1	0	12.4	0	959.4	12.9	93.1	2	192	0
PAY	2021	6	27	2	0	12.2	0	959.3	12.9	92.1	1.4	180	0
PAY	2021	6	27	3	0	12	0	959	12.6	91.9	1.6	160	0
PAY	2021	6	27	4	0	11.4	1	959.2	11.8	92.8	1.3	188	0
PAY	2021	6	27	5	0	11.4	46	959.3	12.6	92.1	1.2	195	239.4392351
PAY	2021	6	27	6	0	13	218	959	15.5	80	1.3	180	612.220681
PAY	2021	6	27	7	0	14.7	382	959.1	18.1	77	1.5	197	741.1014652
PAY	2021	6	27	8	0	16.3	510	959	19.7	71.8	1.8	239	773.4765523
PAY	2021	6	27	9	0	17	563	958.3	21.4	72.3	1.7	321	723.6424483
PAY	2021	6	27	10	0	17.8	638	958.2	22.5	66.5	1.9	292	739.0193173
PAY	2021	6	27	11	0	17.4	723	957.9	22.3	58.8	2.7	299	794.9952302
PAY	2021	6	27	12	0	17	756	957.7	23.8	53.7	2	315	827.8018631
PAY	2021	6	27	13	0	16.9	630	957.5	24	50.8	1.8	333	720.4026188
PAY	2021	6	27	14	0	18.5	696	957.4	25.2	53.1	1.7	242	874.5650448
PAY	2021	6	27	15	0	18.6	481	957	24.4	62.5	1.2	106	704.6992782
PAY	2021	6	27	16	0	19	209	956.8	24.5	58.7	0.9	315	385.299285
PAY	2021	6	27	17	0	19.4	249	956.6	24.6	61.9	1.5	297	646.7635708
PAY	2021	6	27	18	0	19.5	105	956.9	22.9	76.6	1.3	225	475.1975073
PAY	2021	6	27	19	0	19.6	31	957.4	21.7	80.3	1.2	84	503.982459
PAY	2021	6	27	20	0	18.2	0	958.6	18.7	80.9	2.5	360	0
PAY	2021	6	27	21	0	16.8	0	959	18.6	83.9	2.3	67	0
PAY	2021	6	27	22	0	16.6	0	959	18.4	83.5	2.4	72	0
PAY	2021	6	27	23	0	16.4	0	958.9	17	93.4	2.1	15	0
PAY	2021	6	28	0	0	16.2	0	959.2	16.7	95.1	1.3	21	0
PAY	2021	6	28	1	0	16	0	959	16.1	96.7	1.5	78	0
PAY	2021	6	28	2	0	15.6	0	958.7	16.2	92.6	1.5	55	0
PAY	2021	6	28	3	0	14.8	0	958.5	14.7	98.1	0.8	30	0
PAY	2021	6	28	4	0	14.3	4	958.3	14.2	97.7	1.1	63	0
PAY	2021	6	28	5	0	14.6	54	958.5	15	96.6	1.2	180	282.7176482
PAY	2021	6	28	6	0	15.8	206	958.6	17.5	90.3	1.9	196	580.2529336
PAY	2021	6	28	7	0	16.9	350	958.7	18.7	83.4	1.5	228	680.3091689
PAY	2021	6	28	8	0	17.6	549	958.7	21.2	75.3	1.4	278	833.7121811
PAY	2021	6	28	9	0	18	518	958.4	21	74.3	1.8	356	666.4196016
PAY	2021	6	28	10	0	18.7	530	958.1	22.5	72.8	1.6	69	614.3232556
PAY	2021	6	28	11	0	19.3	770	957.8	24.3	62.6	2.3	25	847.0612255
PAY	2021	6	28	12	0	19.5	935	957.5	25.2	59.2	2.2	47	1000
PAY	2021	6	28	13	0	20	896	956.7	27.3	50.1	2.8	51	1000
PAY	2021	6	28	14	0	19.6	407	956.9	23	57.5	3.5	345	511.449092
PAY	2021	6	28	15	0	15.9	79	958.6	17.1	93.4	5.6	327	115.7378978
PAY	2021	6	28	16	0	16.1	173	958.7	17.4	85	3.7	112	318.9093491
PAY	2021	6	28	17	0	16.4	86	958.9	17.9	85.4	2.3	163	223.3690987
PAY	2021	6	28	18	0	16.2	18	959	16.8	93	2.8	146	81.47745693
PAY	2021	6	28	19	0	16.3	33	959.4	16.7	95.7	2.4	35	537.6974624
PAY	2021	6	28	20	0	16.3	0	960.1	16.6	97.7	1.6	333	0
PAY	2021	6	28	21	0	16.2	0	960.4	16.4	98.5	1.5	42	0
PAY	2021	6	28	22	0	16	0	959.6	16.1	96.2	2	39	0
PAY	2021	6	28	23	0	15.7	0	959.4	16	97.8	2.1	25	0
PAY	2021	6	29	0	0	15.7	0	959.2	15.8	97.5	1.9	21	0
PAY	2021	6	29	1	0	15.3	0	958.7	15.6	96.3	2.7	48	0
PAY	2021	6	29	2	0	15.1	0	958.4	15.4	97.2	1.7	53	0
PAY	2021	6	29	3	0	15.2	0	957.9	15.6	96.8	1.4	45	0
PAY	2021	6	29	4	0	15.3	1	957.5	15.6	97.4	1.1	61	0
PAY	2021	6	29	5	0	15.4	36	957.2	15.8	95	1.1	56	189.6589797
PAY	2021	6	29	6	0	15.4	105	956.9	16.5	92.7	0.9	236	296.7057291
PAY	2021	6	29	7	0	15.8	221	956.7	17.3	88.4	1.2	281	430.4351169
PAY	2021	6	29	8	0	15.9	332	956.2	17.8	84.2	1.5	260	504.8771107
PAY	2021	6	29	9	0	15.9	154	957.3	17.3	85.7	2.5	280	198.3214331
PAY	2021	6	29	10	0	12.9	119	957.6	15.1	85.8	3.9	201	138.0315529
PAY	2021	6	29	11	0	13.9	93	958.3	14.9	89.3	4.5	189	102.3594087
PAY	2021	6	29	12	0	15	760	957.9	19.3	72.1	4.7	202	832.7179138
PAY	2021	6	29	13	0	15.2	556	957.8	18.2	68.2	4.6	221	636.0315984
PAY	2021	6	29	14	0	14.6	275	957.9	17.6	68.7	3.5	295	345.6195061
PAY	2021	6	29	15	0	14.4	354	957.4	19.6	65.2	1.9	278	518.6613212
PAY	2021	6	29	16	0	14.8	565	956.7	19.9	56.2	1.9	299	1000
PAY	2021	6	29	17	0	14.6	216	956.3	19.6	54.2	1.3	297	561.113205
PAY	2021	6	29	18	0	14.7	48	956.8	16.3	78.7	1.7	333	217.4030611
PAY	2021	6	29	19	0	14	46	957.3	14.6	92.4	2.4	56	752.4088867
PAY	2021	6	29	20	0	13.5	1	958.3	14.2	92.4	2.1	90	0
PAY	2021	6	29	21	0	13.1	0	959.6	13.4	89.1	3	197	0
PAY	2021	6	29	22	0	11.8	0	959.7	12.1	93.5	3.5	202	0
PAY	2021	6	29	23	0	11.4	0	959.9	12	94.3	2.6	198	0
PAY	2021	6	30	0	0	11.4	0	959.8	12.2	90	3.1	197	0
PAY	2021	6	30	1	0	11.4	0	959.6	12	93.4	2.5	216	0
PAY	2021	6	30	2	0	11.3	0	959.4	12.2	88.2	2.7	225	0
PAY	2021	6	30	3	0	10.4	0	959.2	10.7	91	3.3	212	0
PAY	2021	6	30	4	0	9.8	1	959.5	11.1	86.2	2.7	203	0
PAY	2021	6	30	5	0	10.2	23	959.6	11.7	88	2.5	205	121.9836904
PAY	2021	6	30	6	0	10.9	69	959.7	12.8	83.7	2	221	195.6409686
PAY	2021	6	30	7	0	11.5	138	959.9	13.6	81.7	2.6	219	269.3546346
PAY	2021	6	30	8	0	11.8	223	960	14.5	73.6	3.4	225	339.6197608
PAY	2021	6	30	9	0	12.1	327	959.8	15.9	66	3.5	227	421.5567152
PAY	2021	6	30	10	0	12.5	587	959.7	17.6	56.2	4.7	242	681.4031407
PAY	2021	6	30	11	0	13	759	959.2	18.3	56.4	4.7	234	835.8536997
PAY	2021	6	30	12	0	12.8	449	959.3	16.9	57.3	5	241	492.159789
PAY	2021	6	30	13	0	12.5	527	959	18.3	51.5	5.5	231	603.0305382
PAY	2021	6	30	14	0	12.5	295	959.5	17	61.3	6	237	370.8325692
PAY	2021	6	30	15	0	12.9	163	959.7	16.3	70.3	4.9	247	238.8598254
PAY	2021	6	30	16	0	13	124	959.7	16.5	68.7	4.5	227	228.6447011
PAY	2021	6	30	17	0	13	58	959.8	16.1	70.9	4.1	215	150.7271086
PAY	2021	6	30	18	0	13.2	35	960.4	14.5	89.1	3.9	230	158.6839147
PAY	2021	6	30	19	0	13.4	6	960.8	13.9	92.2	2.6	239	98.68089712
PAY	2021	6	30	20	0	13.3	0	961.2	13.9	92.8	3.1	201	0
PAY	2021	6	30	21	0	13.3	0	961.6	13.9	94.2	2.7	208	0
PAY	2021	6	30	22	0	13.2	0	961.5	13.8	93	2.6	209	0
PAY	2021	6	30	23	0	13.2	0	961.4	13.8	93.9	2.7	208	0
PAY	2021	7	1	0	0	13.1	0	961.3	13.5	94.4	2.2	204	0
PAY	2021	7	1	1	0	12.9	0	961.1	13.6	92.1	2.5	204	0
PAY	2021	7	1	2	0	12.9	0	961	13.7	89.9	2.4	214	0
PAY	2021	7	1	3	0	12.9	0	961	13.6	92.7	2.2	211	0
PAY	2021	7	1	4	0	12.9	1	960.9	13.9	89.4	2	207	0
PAY	2021	7	1	5	0	13.1	15	961.1	14	90.6	2.4	216	80.12365852
PAY	2021	7	1	6	0	13.3	46	961.2	14.1	92.7	2.8	212	130.897049
PAY	2021	7	1	7	0	14.3	307	961.5	15.8	83.5	2.7	209	600.5734022
PAY	2021	7	1	8	0	14.6	385	961.5	17	77.7	3.6	204	587.2536365
PAY	2021	7	1	9	0	14.3	362	961.4	18	70	3.4	240	467.2016702
PAY	2021	7	1	10	0	14.4	462	961.4	18.9	64.9	3.5	223	536.7435749
PAY	2021	7	1	11	0	14.9	698	961.1	20.4	57.1	4	220	769.1491493
PAY	2021	7	1	12	0	14.6	730	961.1	21	48.3	4.2	263	800.5381835
PAY	2021	7	1	13	0	14.8	664	961	20.8	54.9	4.1	244	760.0614157
PAY	2021	7	1	14	0	14.9	582	961	21.8	54.7	3.7	235	731.8165854
PAY	2021	7	1	15	0	15	656	960.8	21.4	49.3	3.6	230	961.5625373
PAY	2021	7	1	16	0	14.8	417	960.7	21.1	54.4	2.9	239	769.1762165
PAY	2021	7	1	17	0	15.2	307	960.6	21.4	54.7	3.7	229	798.2958649
PAY	2021	7	1	18	0	15.1	281	960.6	21	51	3.1	246	1000
PAY	2021	7	1	19	0	14.7	105	960.6	19.8	57.1	2.1	255	1000
PAY	2021	7	1	20	0	14.7	8	960.9	16.7	78	1.8	208	0
PAY	2021	7	1	21	0	14	0	961.3	16.5	75.8	1.7	194	0
PAY	2021	7	1	22	0	13.8	0	961.5	15.1	85.2	2.5	201	0
PAY	2021	7	1	23	0	13.2	0	961.7	13.3	92.3	1.6	174	0
PAY	2021	7	2	0	0	12.5	0	961.7	12.6	93.1	1.6	184	0
PAY	2021	7	2	1	0	12.4	0	961.5	13	92.2	2.5	201	0
PAY	2021	7	2	2	0	12.1	0	961.3	12.6	92.1	2.4	199	0
PAY	2021	7	2	3	0	11.6	0	961.4	12.6	89.3	2	192	0
PAY	2021	7	2	4	0	11.4	2	961.5	11.9	92	1.4	180	0
PAY	2021	7	2	5	0	11.4	67	961.8	12.8	90.1	1.5	130	360.6067309
PAY	2021	7	2	6	0	12.6	219	962.1	14.9	83.5	1.1	220	625.5532905
PAY	2021	7	2	7	0	14.1	391	962.3	17	72.9	1.8	205	766.7235855
PAY	2021	7	2	8	0	14.3	562	962.2	19.8	64.1	1.3	79	858.6462977
PAY	2021	7	2	9	0	14.1	722	962.1	19.6	47.4	1.6	17	932.9290655
PAY	2021	7	2	10	0	14	845	962.1	21.7	50.6	1.5	90	982.5725136
PAY	2021	7	2	11	0	14.1	927	961.9	22.3	46.4	2	23	1000
PAY	2021	7	2	12	0	14.8	960	961.5	22.8	40.3	2.7	8	1000
PAY	2021	7	2	13	0	15.3	888	961.3	22.9	44.6	2.6	18	1000
PAY	2021	7	2	14	0	15.6	905	961.2	24	43.2	2.7	9	1000
PAY	2021	7	2	15	0	15.6	749	961.3	24	40.8	2.4	13	1000
PAY	2021	7	2	16	0	14.3	446	961.1	22.6	39	2.2	295	823.069828
PAY	2021	7	2	17	0	14.8	247	960.8	22.3	48.8	1.8	8	642.8077584
PAY	2021	7	2	18	0	15.7	161	960.7	21.7	53.6	1.6	67	732.3561076
PAY	2021	7	2	19	0	16.2	71	960.5	19	70.4	1.4	67	1000
PAY	2021	7	2	20	0	15.3	3	960.9	18.7	62.3	1.6	68	0
PAY	2021	7	2	21	0	14.1	0	961.1	16.8	75	1.9	41	0
PAY	2021	7	2	22	0	13.7	0	961.1	14.4	89.8	1.6	7	0
PAY	2021	7	2	23	0	13.5	0	961	14.9	87.9	0.8	240	0
PAY	2021	7	3	0	0	13.3	0	960.8	14.2	89	1.4	216	0
PAY	2021	7	3	1	0	13.2	0	960.8	14.2	87.7	1.6	192	0
PAY	2021	7	3	2	0	12.9	0	960.5	13.6	92.4	1.3	120	0
PAY	2021	7	3	3	0	12.7	0	960.7	13.8	89.3	1.7	205	0
PAY	2021	7	3	4	0	12.7	1	960.6	13.8	87.5	2.1	203	0
PAY	2021	7	3	5	0	12.6	44	960.5	13.9	89.2	1.6	200	238.7243034
PAY	2021	7	3	6	0	13.6	221	960.5	16.2	81.9	1.6	210	633.792541
PAY	2021	7	3	7	0	14.3	342	960.5	17.3	74.9	1.2	239	672.3169797
PAY	2021	7	3	8	0	15.1	447	960.4	18.6	70	1.3	297	684.1231762
PAY	2021	7	3	9	0	15.2	444	960.1	19.4	63.8	1.3	301	574.4310162
PAY	2021	7	3	10	0	15.6	427	960	20.1	62	1.6	228	496.9845862
PAY	2021	7	3	11	0	16.4	340	960	20.3	69.9	1.5	288	375.1772478
PAY	2021	7	3	12	0	16.1	244	960.1	19.4	75.9	1.9	295	267.8676461
PAY	2021	7	3	13	0	16.6	210	960.1	18.8	78.2	1.6	225	240.5947622
PAY	2021	7	3	14	0	16.6	129	960.4	17.9	90.3	2.4	218	162.3366647
PAY	2021	7	3	15	0	16.2	91	960.6	17	92.2	2.6	223	133.5006438
PAY	2021	7	3	16	0	16	85	960.4	16.7	90.8	2.5	204	156.9622443
PAY	2021	7	3	17	0	15.9	89	960.3	16.5	92.5	2.1	221	231.8624597
PAY	2021	7	3	18	0	15.5	41	960.1	16	92.5	2.2	203	186.9286491
PAY	2021	7	3	19	0	15.5	21	959.6	16	94.7	1	144	354.7451833
PAY	2021	7	3	20	0	15.4	3	959.8	15.7	96.8	1.3	185	0
PAY	2021	7	3	21	0	15.3	0	959.8	15.5	96.7	1	159	0
PAY	2021	7	3	22	0	14.5	0	959.5	14.3	97.6	1.1	197	0
PAY	2021	7	3	23	0	14.2	0	959	14.6	95.9	1.3	180	0
PAY	2021	7	4	0	0	14.1	0	958.7	14.4	97.8	1.5	190	0
PAY	2021	7	4	1	0	14.3	0	958.4	14.7	96.4	1.3	200	0
PAY	2021	7	4	2	0	14.6	0	958	14.9	98	1	139	0
PAY	2021	7	4	3	0	14.6	0	957.9	15	96.8	0.9	326	0
PAY	2021	7	4	4	0	14.8	0	957.8	15	96.7	1.1	157	0
PAY	2021	7	4	5	0	14.8	29	957.7	15.2	93	1.2	180	158.6806325
PAY	2021	7	4	6	0	15.4	171	957	16.4	92.6	1.1	225	492.4608335
PAY	2021	7	4	7	0	15.7	179	957.5	17	89.3	1.7	228	352.8076802
PAY	2021	7	4	8	0	16	108	957.4	17.5	87.7	1.5	210	165.5902672
PAY	2021	7	4	9	0	16.2	188	956.9	18	84.6	1.7	194	243.5476497
PAY	2021	7	4	10	0	16.6	294	956.5	18.6	80.6	2.6	227	342.5260339
PAY	2021	7	4	11	0	16.7	330	956.2	19	81.2	2.2	219	364.4243834
PAY	2021	7	4	12	0	17.1	228	955.9	19.1	79.3	2.8	207	250.4594743
PAY	2021	7	4	13	0	16.8	323	955.8	19.5	71.4	4	217	370.257879
PAY	2021	7	4	14	0	16.1	201	956.3	18.4	75.3	5.2	219	253.0742742
PAY	2021	7	4	15	0	15.7	283	956.6	19.6	64.6	5	223	415.4125053
PAY	2021	7	4	16	0	14.6	511	956.7	18.8	60.8	6.7	231	944.353955
PAY	2021	7	4	17	0	14.4	165	957	18.9	62.5	5.5	229	430.4071143
PAY	2021	7	4	18	0	14.4	160	957.7	18.7	62.2	5.2	227	731.4715864
PAY	2021	7	4	19	0	14.3	70	957.9	17.5	69.5	3.8	217	1000
PAY	2021	7	4	20	0	13.7	4	958.5	15.6	78.7	2.5	208	0
PAY	2021	7	4	21	0	13.4	0	958.6	15.8	78.6	2.6	206	0
PAY	2021	7	4	22	0	13.6	0	958.4	15.2	83.6	2.6	203	0
PAY	2021	7	4	23	0	13.6	0	958.2	15.3	83.2	3	195	0
PAY	2021	7	5	0	0	13.7	0	957.9	15.4	83.2	2.8	200	0
PAY	2021	7	5	1	0	13.8	0	957.7	15.6	81.6	2	196	0
PAY	2021	7	5	2	0	13.7	0	957.4	15.2	85.2	1.9	193	0
PAY	2021	7	5	3	0	13.7	0	957	15	86.5	1.9	189	0
PAY	2021	7	5	4	0	13.6	0	957.2	14.9	86.8	1.6	207	0
PAY	2021	7	5	5	0	13.7	15	957.2	14.9	89.6	1	238	82.81289226
PAY	2021	7	5	6	0	13.8	50	957.1	15.7	81.8	1.5	219	144.6278771
PAY	2021	7	5	7	0	13.6	76	957.2	16.1	77.1	2.3	209	150.2056558
PAY	2021	7	5	8	0	14.1	190	957.2	17.2	74	2.5	222	291.8663873
PAY	2021	7	5	9	0	14.8	361	957.2	18.5	71.7	4.7	219	468.3084557
PAY	2021	7	5	10	0	15.3	464	956.8	20.4	62.1	5.4	216	541.1522535
PAY	2021	7	5	11	0	16	396	956.8	20.8	61.9	5.3	218	437.6710409
PAY	2021	7	5	12	0	16.1	376	956.4	21.3	57.7	5.3	227	413.3208047
PAY	2021	7	5	13	0	16.4	410	956.1	22.1	54.5	5.1	235	470.2716577
PAY	2021	7	5	14	0	16.5	320	955.8	22.8	52.4	5.3	230	403.1453477
PAY	2021	7	5	15	0	17.1	411	955.3	23.8	51	4.5	230	603.7144232
PAY	2021	7	5	16	0	17.6	487	955	25	49.9	5.3	239	900.8333544
PAY	2021	7	5	17	0	17.5	434	954.6	24.9	51.4	4.7	238	1000
PAY	2021	7	5	18	0	17.9	259	954.5	24.4	52.4	2.9	219	1000
PAY	2021	7	5	19	0	17.9	96	954.6	22	64.6	2.3	182	1000
PAY	2021	7	5	20	0	16.6	5	955	18.9	75.7	2.3	199	0
PAY	2021	7	5	21	0	16	0	955.4	17.5	82.7	1.4	193	0
PAY	2021	7	5	22	0	15.4	0	955.4	17.3	82.1	0.9	239	0
PAY	2021	7	5	23	0	15	0	955.3	15.8	88.7	1.3	200	0
PAY	2021	7	6	0	0	14.7	0	954.7	15.4	91.2	1.4	180	0
PAY	2021	7	6	1	0	14.1	0	953.9	14.6	93.6	1.2	149	0
PAY	2021	7	6	2	0	13.8	0	953.8	13.9	95.8	1.3	202	0
PAY	2021	7	6	3	0	13.2	0	953.1	13.1	97.2	1.2	158	0
PAY	2021	7	6	4	0	13	2	953.2	13.2	97.5	1.3	34	0
PAY	2021	7	6	5	0	13.6	45	953.9	14.8	93.9	1.8	180	250.7845136
PAY	2021	7	6	6	0	15.1	161	954.1	16.8	90.4	2.2	205	467.8424209
PAY	2021	7	6	7	0	16.3	126	955.4	17.7	89.9	2.3	217	249.7359978
PAY	2021	7	6	8	0	16.7	64	955.8	17.4	93.1	1.7	260	98.50646339
PAY	2021	7	6	9	0	17	62	955.7	17.6	94.3	2.6	220	80.5457336
PAY	2021	7	6	10	0	17.2	166	955.4	18.3	92	1.6	256	193.8156314
PAY	2021	7	6	11	0	17.5	205	956.7	18.3	88	2.4	276	226.7717414
PAY	2021	7	6	12	0	17.2	174	956.4	18.6	88.2	3.4	205	191.4124981
PAY	2021	7	6	13	0	17.5	197	956.7	18.6	90	2.3	215	226.1116281
PAY	2021	7	6	14	0	17.3	98	956.6	18	90	1.8	306	123.5471162
PAY	2021	7	6	15	0	17.1	70	956.5	18	93	1.4	56	102.9035578
PAY	2021	7	6	16	0	17.3	104	956.9	17.9	92.5	1.6	79	192.5817842
PAY	2021	7	6	17	0	17.6	33	957.4	17.8	97.9	1.3	338	86.36164429
PAY	2021	7	6	18	0	17.2	19	957.9	16.9	94.8	2	357	87.45469918
PAY	2021	7	6	19	0	16.2	5	958.3	16.5	96.9	1.5	21	88.21018335
PAY	2021	7	6	20	0	15.5	0	958.4	15.7	96.3	1.9	315	0
PAY	2021	7	6	21	0	15.5	0	958.9	15.9	97.3	1	225	0
PAY	2021	7	6	22	0	15.4	0	958.6	15.6	97.6	1.2	129	0
PAY	2021	7	6	23	0	15.3	0	958.9	15.4	98.9	1.4	243	0
PAY	2021	7	7	0	0	15.3	0	958.9	15.5	97.7	1.6	212	0
PAY	2021	7	7	1	0	15.1	0	958.8	15.3	98	1	172	0
PAY	2021	7	7	2	0	15	0	958.7	15.4	96.4	1.1	146	0
PAY	2021	7	7	3	0	14.9	0	958.7	15.1	97.4	1.1	180	0
PAY	2021	7	7	4	0	14.8	0	959	15.2	96.3	1.4	135	0
PAY	2021	7	7	5	0	14.9	5	959.5	15.1	97.4	1.4	164	28.14119723
PAY	2021	7	7	6	0	15	22	959.8	15.4	97.3	1.1	311	64.23519166
PAY	2021	7	7	7	0	15.3	60	959.9	15.8	97.1	0.9	11	119.2750269
PAY	2021	7	7	8	0	15.8	197	960.1	16.8	93.6	1.5	70	303.8363829
PAY	2021	7	7	9	0	16	317	960.3	17.5	84.9	1.8	62	412.4424448
PAY	2021	7	7	10	0	16.3	605	960.5	19.7	75.2	2.4	56	707.1951342
PAY	2021	7	7	11	0	17	809	960.4	20.3	73.1	3.5	37	895.7554215
PAY	2021	7	7	12	0	17.2	888	960.5	21.3	67.8	4.1	37	977.6438112
PAY	2021	7	7	13	0	17.2	829	960.3	21.6	65	4.1	36	952.2079547
PAY	2021	7	7	14	0	17.2	659	960.4	22	63.8	4.5	43	831.423685
PAY	2021	7	7	15	0	17.3	513	960.2	22.5	61.4	3.9	37	754.8122808
PAY	2021	7	7	16	0	17.4	581	960.1	22.5	60.6	4.5	21	1000
PAY	2021	7	7	17	0	17.3	418	960.2	22.3	60.8	4.3	26	1000
PAY	2021	7	7	18	0	16.8	217	960.1	21	65.3	4	31	1000
PAY	2021	7	7	19	0	16.5	54	960.4	18.6	81.8	3.3	40	970.518828
PAY	2021	7	7	20	0	16.4	5	961.3	18.3	82.5	2.4	45	0
PAY	2021	7	7	21	0	16.3	0	961.5	17.5	86.7	2.3	43	0
PAY	2021	7	7	22	0	16	0	961.4	16.6	92.3	2.5	42	0
PAY	2021	7	7	23	0	15.8	0	961.9	16.4	94.2	1.7	58	0
PAY	2021	7	8	0	0	15.7	0	961.8	16.2	94.1	2.3	45	0
PAY	2021	7	8	1	0	15.6	0	962.5	15.9	97.2	1.4	53	0
PAY	2021	7	8	2	0	15.6	0	961.8	15.9	96.9	2.1	59	0
PAY	2021	7	8	3	0	15.5	0	961.3	15.7	97.9	2.6	28	0
PAY	2021	7	8	4	0	15.5	0	962	15.8	97.9	1.5	5	0
PAY	2021	7	8	5	0	15.6	16	962.5	15.8	97.5	1.9	332	90.98757377
PAY	2021	7	8	6	0	15.6	32	963.2	16.1	94.8	1.2	270	93.89910879
PAY	2021	7	8	7	0	15.4	61	963.3	16	93.8	1.8	97	121.636828
PAY	2021	7	8	8	0	15.7	437	963.4	17.8	80	1.1	117	675.4263502
PAY	2021	7	8	9	0	15.3	497	963.1	19.1	66.2	1.9	344	647.6505532
PAY	2021	7	8	10	0	15.4	422	963.5	19.3	65.5	2.7	358	493.8822856
PAY	2021	7	8	11	0	15.4	496	963.2	20.1	61.3	3.2	345	549.7331829
PAY	2021	7	8	12	0	15.2	342	962.9	20	61.9	3.9	5	376.8475398
PAY	2021	7	8	13	0	15.2	399	962.6	19.3	62.6	4.3	1	458.6696332
PAY	2021	7	8	14	0	14.6	50	963.6	17.2	80	3.6	348	63.13547589
PAY	2021	7	8	15	0	14.7	24	964	15.4	91.8	2.5	108	35.34836368
PAY	2021	7	8	16	0	14.6	73	964.2	15.5	90.9	2.9	197	135.5299164
PAY	2021	7	8	17	0	14.6	43	964.6	15.5	89.6	2.3	191	113.0049681
PAY	2021	7	8	18	0	14.4	28	964.9	14.9	94.1	1.8	205	129.9978087
PAY	2021	7	8	19	0	14	10	964.9	14.2	95.7	2.5	204	183.5025771
PAY	2021	7	8	20	0	13.6	3	965.2	14.3	93.6	2.3	205	0
PAY	2021	7	8	21	0	13.7	0	965.7	14.4	92.6	2.6	196	0
PAY	2021	7	8	22	0	13.9	0	966.3	14.6	93.9	2.8	206	0
PAY	2021	7	8	23	0	13.9	0	966.6	14.4	93.2	2.9	205	0
PAY	2021	7	9	0	0	13.2	0	966.5	13.3	94.4	3	201	0
PAY	2021	7	9	1	0	12.5	0	966.4	12.9	93.8	2.8	197	0
PAY	2021	7	9	2	0	12.5	0	966.3	13.3	93.7	3	204	0
PAY	2021	7	9	3	0	12.5	0	966.3	12.9	93.8	3	202	0
PAY	2021	7	9	4	0	12.5	0	966.3	13.2	91	2.9	195	0
PAY	2021	7	9	5	0	12.4	38	966.4	13.1	93.1	2.3	211	218.4454088
PAY	2021	7	9	6	0	13	136	966.6	14.1	91.4	2	198	401.1397542
PAY	2021	7	9	7	0	14.1	275	966.6	15.9	84.6	1.9	204	550.1153686
PAY	2021	7	9	8	0	14.1	551	966.5	17.5	65.8	1.5	255	853.5030484
PAY	2021	7	9	9	0	14.1	722	966.1	18.7	61	1.5	304	942.3856821
PAY	2021	7	9	10	0	14	875	966.1	19.4	49.2	1.8	51	1000
PAY	2021	7	9	11	0	14.2	864	965.6	19.3	55.6	2.6	50	958.5990244
PAY	2021	7	9	12	0	15.2	850	965.3	20.8	55.1	3	9	937.4667238
PAY	2021	7	9	13	0	14.9	772	965	21.2	48	3.2	18	888.2265845
PAY	2021	7	9	14	0	15.3	804	964.7	21.6	48.7	2.8	20	1000
PAY	2021	7	9	15	0	15	695	964.2	22.1	46.3	2.4	51	1000
PAY	2021	7	9	16	0	14.8	532	963.8	22.5	44.1	2.1	54	989.2128993
PAY	2021	7	9	17	0	15.3	449	963.5	22	47.2	2.6	360	1000
PAY	2021	7	9	18	0	14.9	264	963.5	21.3	52.2	2.4	10	1000
PAY	2021	7	9	19	0	14.7	92	963.7	19.5	61.4	2.7	358	1000
PAY	2021	7	9	20	0	14.7	4	964	17.2	74.4	1.7	35	0
PAY	2021	7	9	21	0	14.3	0	964.1	15	89	1.1	37	0
PAY	2021	7	9	22	0	13.6	0	964.1	13.9	93.1	1	196	0
PAY	2021	7	9	23	0	13	0	963.9	13.4	92	1.5	192	0
PAY	2021	7	10	0	0	12.3	0	963.6	12.9	92.6	1.4	189	0
PAY	2021	7	10	1	0	11.8	0	963	12.3	95.3	1.2	175	0
PAY	2021	7	10	2	0	11.3	0	962.5	11.8	96.1	1	153	0
PAY	2021	7	10	3	0	11	0	962.4	11.3	96	1.3	175	0
PAY	2021	7	10	4	0	10.8	2	962.2	11.1	96.7	1.3	169	0
PAY	2021	7	10	5	0	11.1	45	962.2	12.1	95.5	1.9	187	261.6251409
PAY	2021	7	10	6	0	12.6	190	962.5	14.4	89	1.2	191	563.4293797
PAY	2021	7	10	7	0	14.2	364	962.2	16.6	82.6	1.2	225	730.5613645
PAY	2021	7	10	8	0	14.6	539	961.6	17.9	72.8	1.4	315	836.8213538
PAY	2021	7	10	9	0	15.5	704	961	20	69	1.5	333	920.4453067
PAY	2021	7	10	10	0	15.8	828	960.6	20.8	60.9	1.5	270	971.5547796
PAY	2021	7	10	11	0	16.6	896	960.2	22.1	55.8	1.8	308	995.1944455
PAY	2021	7	10	12	0	16.7	797	959.7	23.2	56.1	1.5	45	879.8696102
PAY	2021	7	10	13	0	17.9	926	959.2	23.7	54.5	2.1	263	1000
PAY	2021	7	10	14	0	17.4	828	958.7	24.8	46	2.3	243	1000
PAY	2021	7	10	15	0	16.6	713	958.1	25.6	33.9	3	233	1000
PAY	2021	7	10	16	0	16.3	535	957.5	24.5	39.6	4	243	996.4741461
PAY	2021	7	10	17	0	16.8	169	957.5	22.3	55.6	3.8	287	446.4368988
PAY	2021	7	10	18	0	15.6	13	959.9	16.6	87.2	4.1	262	60.99520512
PAY	2021	7	10	19	0	15.5	7	959.8	16.3	92.1	1.8	98	134.8869987
PAY	2021	7	10	20	0	15.6	0	962.2	16	94.7	2.1	214	0
PAY	2021	7	10	21	0	13.9	0	962.1	14.9	87	4.2	170	0
PAY	2021	7	10	22	0	13.5	0	962.3	14	92	2.1	221	0
PAY	2021	7	10	23	0	13.2	0	962.3	13.4	96	1.2	188	0
PAY	2021	7	11	0	0	12.8	0	961.9	13.2	96	1.1	126	0
PAY	2021	7	11	1	0	12.8	0	962.1	12.9	97.2	1.5	234	0
PAY	2021	7	11	2	0	12.5	0	961.7	13	94	1.4	139	0
PAY	2021	7	11	3	0	12.2	0	961.6	12.3	97.6	1.1	231	0
PAY	2021	7	11	4	0	11.6	1	961.5	11	99.1	1.2	180	0
PAY	2021	7	11	5	0	11.7	27	961.4	12.5	96.3	1.3	185	158.8370201
PAY	2021	7	11	6	0	12.9	77	961.2	14.2	89.9	1.5	176	229.6091221
PAY	2021	7	11	7	0	14.1	294	961.4	15.9	81.4	1.2	234	592.0860487
PAY	2021	7	11	8	0	14.7	381	961.6	17.3	79.8	1.1	45	592.9154502
PAY	2021	7	11	9	0	15.1	552	961.5	18.8	71.2	1.5	355	722.9775744
PAY	2021	7	11	10	0	15.4	625	961.2	19.3	65.3	1.8	9	734.3714957
PAY	2021	7	11	11	0	15.4	889	960.9	20.9	54.8	2	5	988.5582034
PAY	2021	7	11	12	0	15.8	949	960.6	20.8	57	2.3	32	1000
PAY	2021	7	11	13	0	15.7	858	960.3	22.1	49.3	1.8	55	989.1054599
PAY	2021	7	11	14	0	15.8	758	959.9	23	48.3	2.4	4	960.0482745
PAY	2021	7	11	15	0	16.1	742	959.2	22.9	45.9	2.3	25	1000
PAY	2021	7	11	16	0	15.8	602	958.5	23.4	45.5	2.3	339	1000
PAY	2021	7	11	17	0	15.8	428	958.2	23.1	46	2.4	6	1000
PAY	2021	7	11	18	0	15.5	249	958	22.5	49.6	2.4	23	1000
PAY	2021	7	11	19	0	15.4	89	957.9	20.8	55.9	1.7	50	1000
PAY	2021	7	11	20	0	15.5	3	958.1	16.9	82.7	1	73	0
PAY	2021	7	11	21	0	14.3	0	958.1	14.9	89.3	1	135	0
PAY	2021	7	11	22	0	13.7	0	957.5	14.3	91.9	0.9	96	0
PAY	2021	7	11	23	0	12.6	0	957.5	12.7	94.6	1.3	191	0
PAY	2021	7	12	0	0	12.3	0	957.4	12.7	93.8	1.6	191	0
PAY	2021	7	12	1	0	11.9	0	957.2	11.9	95.7	1.7	191	0
PAY	2021	7	12	2	0	12	0	957.4	12.6	95.7	2	204	0
PAY	2021	7	12	3	0	12.4	0	957.3	13.1	93.7	2.7	202	0
PAY	2021	7	12	4	0	12.3	2	956.5	12.7	95.8	1.1	53	0
PAY	2021	7	12	5	0	12.7	28	955.4	13.7	94.7	1.2	180	166.7568109
PAY	2021	7	12	6	0	13.5	157	954.9	14.9	87.4	1.4	345	470.8620408
PAY	2021	7	12	7	0	14.6	298	954.4	16.6	84	1.6	356	602.2591987
PAY	2021	7	12	8	0	15.5	416	954.9	18.1	80	1.5	346	648.9599873
PAY	2021	7	12	9	0	16.4	476	955.7	20	74.6	2.2	223	624.5677555
PAY	2021	7	12	10	0	17.4	732	954.6	22.6	61.8	1.9	191	861.3301069
PAY	2021	7	12	11	0	18.1	509	954.1	22.1	65.8	2.1	243	566.6864228
PAY	2021	7	12	12	0	17.4	373	953.8	22.3	62.3	2.5	347	412.6606462
PAY	2021	7	12	13	0	17.5	451	953.7	22.2	64.3	2.1	35	520.4776196
PAY	2021	7	12	14	0	17.8	377	953.5	23.3	61	1.8	55	478.0580784
PAY	2021	7	12	15	0	18.7	699	952.5	24.3	57.9	2	50	1000
PAY	2021	7	12	16	0	18.8	347	952	24.9	59.4	2.3	61	648.811627
PAY	2021	7	12	17	0	19	142	952.2	21.9	75.5	2.1	74	377.4337972
PAY	2021	7	12	18	0	19.1	82	952.6	20.7	85.5	1.4	225	389.5835243
PAY	2021	7	12	19	0	17.9	6	953	18.5	84.8	2.6	15	122.7468846
PAY	2021	7	12	20	0	16.9	0	953.1	18.1	89.4	1.9	356	0
PAY	2021	7	12	21	0	16.7	0	953.5	16.6	95	2.1	349	0
PAY	2021	7	12	22	0	16.1	0	954.2	16.2	97.6	2.1	158	0
PAY	2021	7	12	23	0	16	0	954.2	16.3	97.9	1.8	236	0
PAY	2021	7	13	0	0	16	0	954.3	15.9	96.1	1.6	222	0
PAY	2021	7	13	1	0	14.8	0	954.9	14.5	93.5	3.8	210	0
PAY	2021	7	13	2	0	13	0	955.1	13.3	92.9	4.4	207	0
PAY	2021	7	13	3	0	12.6	0	955.7	13	94.8	4	204	0
PAY	2021	7	13	4	0	12.7	0	955.9	13.1	93.7	4.3	210	0
PAY	2021	7	13	5	0	12.3	2	955.6	12.6	92.8	3.3	193	12.06460776
PAY	2021	7	13	6	0	12.2	6	955.6	12.5	97.2	2.2	205	18.10187954
PAY	2021	7	13	7	0	12.1	5	956.4	12.4	94.9	2.4	202	10.14177402
PAY	2021	7	13	8	0	11.7	69	956.1	12.9	89.6	2.5	162	107.910372
PAY	2021	7	13	9	0	12.6	160	955.9	14.1	89.2	1.7	232	210.3321983
PAY	2021	7	13	10	0	13.6	508	956.3	16	80.2	2	303	598.6444285
PAY	2021	7	13	11	0	13.1	432	956.2	15	80.5	3.4	299	481.5678131
PAY	2021	7	13	12	0	12.6	377	956	16	69.2	1.8	270	417.5680438
PAY	2021	7	13	13	0	13.5	627	955.4	17.3	65.4	1.5	270	724.4264404
PAY	2021	7	13	14	0	13.3	222	955.6	16.8	66.1	1.8	345	281.8682972
PAY	2021	7	13	15	0	13.5	155	955.5	16.4	71.4	1.7	79	229.8282643
PAY	2021	7	13	16	0	13.5	86	956.2	14.7	87.2	2.6	175	161.1507526
PAY	2021	7	13	17	0	13.2	40	956	14.1	92.1	2.8	171	106.6888948
PAY	2021	7	13	18	0	13.2	37	956	13.9	90.8	1.4	207	177.0272747
PAY	2021	7	13	19	0	13.3	26	955.9	13.9	92.7	1.3	22	550.6363478
PAY	2021	7	13	20	0	13	3	956.1	13.3	92.7	1.7	58	0
PAY	2021	7	13	21	0	12.3	0	956.1	12.9	95.8	1.2	130	0
PAY	2021	7	13	22	0	12.5	0	956.1	13	95.8	1.6	188	0
PAY	2021	7	13	23	0	12.8	0	956.2	13.4	96	1	172	0
PAY	2021	7	14	0	0	12.9	0	956.2	13.4	94.8	1.3	207	0
PAY	2021	7	14	1	0	12.9	0	956.2	13.2	95.1	1.5	189	0
PAY	2021	7	14	2	0	12.6	0	956.6	12.9	96.3	1.7	187	0
PAY	2021	7	14	3	0	12.4	0	956.7	12.7	94.4	1.7	190	0
PAY	2021	7	14	4	0	12	0	956.4	12.6	93.2	2	189	0
PAY	2021	7	14	5	0	12	15	956.6	12.6	94.4	2.5	205	91.69719439
PAY	2021	7	14	6	0	12.3	74	956.7	13.3	92.2	2.3	207	224.628593
PAY	2021	7	14	7	0	13.1	238	956.9	14.9	85.3	3.3	202	484.5563445
PAY	2021	7	14	8	0	13.7	403	957	16.1	76.1	3.6	213	631.8894418
PAY	2021	7	14	9	0	14.4	760	956.8	17.6	72	4.2	213	1000
PAY	2021	7	14	10	0	14.3	598	957	17.9	65.7	4	225	705.7925479
PAY	2021	7	14	11	0	13.7	323	958.1	17	69.9	4.2	239	360.5364699
PAY	2021	7	14	12	0	13.6	283	958.2	16.4	75.5	3.7	222	313.8345562
PAY	2021	7	14	13	0	13.7	276	958.4	16.5	73	4.2	230	319.2776231
PAY	2021	7	14	14	0	13.9	214	958.2	17.2	70.7	2.8	220	272.0821129
PAY	2021	7	14	15	0	13.5	112	958.6	16.5	70.6	4.1	225	166.3502534
PAY	2021	7	14	16	0	13.5	52	958.9	15.3	84.7	4.1	219	97.66841729
PAY	2021	7	14	17	0	13.8	56	959	14.9	89.7	3.9	213	149.922868
PAY	2021	7	14	18	0	14	12	959.1	14.5	95.3	1.9	234	57.84975003
PAY	2021	7	14	19	0	13.7	8	959.4	14.1	92.9	2.7	212	176.0135314
PAY	2021	7	14	20	0	13.3	0	959.6	13.7	94.9	3.4	209	0
PAY	2021	7	14	21	0	13.1	0	959.5	13.6	93.6	3.1	211	0
PAY	2021	7	14	22	0	13	0	959.6	13.7	92.4	3.5	209	0
PAY	2021	7	14	23	0	13	0	959.5	13.4	95.5	3.4	209	0
PAY	2021	7	15	0	0	13	0	959.1	13.6	95.2	3.5	212	0
PAY	2021	7	15	1	0	12.9	0	958.6	13.5	92.6	4.4	207	0
PAY	2021	7	15	2	0	12.8	0	958.3	13.5	92.7	4.3	212	0
PAY	2021	7	15	3	0	12.9	0	957.7	13.7	92.4	4.2	212	0
PAY	2021	7	15	4	0	13	0	957.6	13.7	92.3	4.1	214	0
PAY	2021	7	15	5	0	13	9	957.6	13.8	92.1	4	217	55.78494622
PAY	2021	7	15	6	0	13.2	39	958.1	14	92.5	4.7	213	119.1354781
PAY	2021	7	15	7	0	13.7	166	958.1	15.3	88.2	4.9	212	339.269716
PAY	2021	7	15	8	0	14.4	349	958.6	15.6	85.9	5.7	210	548.6755876
PAY	2021	7	15	9	0	14.6	355	958.2	17	78.9	5.8	213	468.5101516
PAY	2021	7	15	10	0	14.5	229	958.8	16.6	80.9	5.5	213	270.7110809
PAY	2021	7	15	11	0	14.5	161	959	16.3	82.7	4.7	213	179.9575173
PAY	2021	7	15	12	0	14.5	186	959.2	16.7	81.3	5.2	208	206.5297923
PAY	2021	7	15	13	0	14.6	131	959.6	15.6	89.6	5.1	212	151.738275
PAY	2021	7	15	14	0	14.5	86	959.9	15.3	92.3	4	209	109.5007654
PAY	2021	7	15	15	0	14.7	125	960	15.4	92	4	209	185.9949188
PAY	2021	7	15	16	0	14.9	164	960	16.1	89.3	4.4	207	308.8052999
PAY	2021	7	15	17	0	14.8	102	959.9	16	89	4	214	274.1677064
PAY	2021	7	15	18	0	14.7	32	960.3	15.8	88.1	3.4	215	155.5205161
PAY	2021	7	15	19	0	14.6	25	960.5	15.6	89.3	2.8	213	573.6585448
PAY	2021	7	15	20	0	14.4	2	960.8	15.2	90.7	2.6	209	0
PAY	2021	7	15	21	0	14.3	0	961.1	15.2	89.7	2.3	207	0
PAY	2021	7	15	22	0	14.2	0	960.8	15.1	90.9	2.4	207	0
PAY	2021	7	15	23	0	14.2	0	960.6	15.2	90.9	2.3	211	0
PAY	2021	7	16	0	0	14.3	0	960.5	15	92.8	1.6	225	0
PAY	2021	7	16	1	0	14.3	0	960.4	14.9	94.3	1	212	0
PAY	2021	7	16	2	0	14.4	0	959.9	14.7	95.7	1.1	214	0
PAY	2021	7	16	3	0	14.2	0	959.8	14.7	94.3	2.2	202	0
PAY	2021	7	16	4	0	14	0	960.3	14.2	97.5	0.7	219	0
PAY	2021	7	16	5	0	13.9	23	960.6	14.5	97.3	0.5	225	144.6255025
PAY	2021	7	16	6	0	14.8	165	961	15.5	95.1	0.8	219	507.3244467
PAY	2021	7	16	7	0	15	96	961.5	16.2	91.1	0.4	198	196.9807848
PAY	2021	7	16	8	0	15.3	211	961.9	16.6	89.4	0.9	346	332.6280112
PAY	2021	7	16	9	0	15.5	227	962	17.8	83	1.8	29	300.1981844
PAY	2021	7	16	10	0	16.1	687	961.8	19.7	68.4	2.6	45	813.4784146
PAY	2021	7	16	11	0	15.8	594	962	19.9	64.5	2.8	51	664.8943461
PAY	2021	7	16	12	0	16.2	850	961.7	22.1	56.7	2.2	72	945.0862079
PAY	2021	7	16	13	0	16.1	473	961.8	19.4	76.3	2.7	51	548.6326113
PAY	2021	7	16	14	0	16.5	523	962	17.6	83.3	1.8	42	666.949428
PAY	2021	7	16	15	0	16.2	522	962.2	19	71.3	2.5	67	778.2153189
PAY	2021	7	16	16	0	15.4	164	962.7	18.2	74.7	2.7	77	309.6342397
PAY	2021	7	16	17	0	15.6	283	962.3	19.5	67.5	2.5	70	763.9347799
PAY	2021	7	16	18	0	15.8	200	962.6	18.9	71.4	2.2	51	980.4530037
PAY	2021	7	16	19	0	15.6	32	963.3	17.3	84.1	1.2	45	769.1415583
PAY	2021	7	16	20	0	15.6	1	963.6	16.6	89.6	0.6	59	0
PAY	2021	7	16	21	0	15	0	963.9	15.1	94.5	0.7	81	0
PAY	2021	7	16	22	0	14	0	964.4	14.1	96	1	72	0
PAY	2021	7	16	23	0	13.4	0	964.2	13.3	97.5	0.5	18	0
PAY	2021	7	17	0	0	13	0	964.1	12.9	96.7	0.8	90	0
PAY	2021	7	17	1	0	12.7	0	963.8	12.5	98.3	0.5	53	0
PAY	2021	7	17	2	0	12	0	963.7	12.5	97.8	0.6	72	0
PAY	2021	7	17	3	0	12.8	0	963.6	13.2	98	0.3	198	0
PAY	2021	7	17	4	0	13.5	0	963.5	14.1	95.8	0.8	51	0
PAY	2021	7	17	5	0	13.8	13	963.7	14.4	95.4	1.1	36	82.97378999
PAY	2021	7	17	6	0	14.5	42	964	15.1	95.6	1	41	130.0045599
PAY	2021	7	17	7	0	15.5	112	964.2	16.5	93.5	1	18	230.7448084
PAY	2021	7	17	8	0	16.4	419	964	19	78.9	3.2	37	662.3817619
PAY	2021	7	17	9	0	17.3	584	963.9	20.7	72.2	4	41	773.9494987
PAY	2021	7	17	10	0	17.2	482	963.8	20.9	70	4.9	44	571.7145515
PAY	2021	7	17	11	0	17.2	476	963.6	21.4	68.2	5.5	45	533.6052044
PAY	2021	7	17	12	0	17.7	624	963.5	21.6	69	5.8	36	694.7801589
PAY	2021	7	17	13	0	17.7	597	963.4	22.4	66.6	5.9	37	693.4641326
PAY	2021	7	17	14	0	18.1	671	963.3	23.3	63.3	5.2	38	857.0906558
PAY	2021	7	17	15	0	18.1	585	962.8	22.7	62.4	5.4	30	873.9298425
PAY	2021	7	17	16	0	18	397	962.8	23.3	62	4.3	45	751.6834015
PAY	2021	7	17	17	0	17.6	266	962.6	21.5	66.9	4.5	34	721.314147
PAY	2021	7	17	18	0	17.7	112	962.9	21.2	70.4	3.4	44	554.1427807
PAY	2021	7	17	19	0	17.2	25	963.3	19.9	76.3	3.2	59	632.4961331
PAY	2021	7	17	20	0	17	2	963.7	19.4	79.6	3	50	0
PAY	2021	7	17	21	0	17.2	0	963.7	19.2	83.2	2.9	39	0
PAY	2021	7	17	22	0	17.3	0	963.4	18.9	84.8	3.3	41	0
PAY	2021	7	17	23	0	17.1	0	963.2	17.9	91.8	3.2	41	0
PAY	2021	7	18	0	0	17.2	0	962.8	18.1	91.6	2.7	37	0
PAY	2021	7	18	1	0	17.2	0	962.5	18.3	89.7	2.3	41	0
PAY	2021	7	18	2	0	17.2	0	962.1	18.1	91.9	2.6	37	0
PAY	2021	7	18	3	0	17.3	0	962	18.1	91.8	2.7	39	0
PAY	2021	7	18	4	0	17.2	0	962.1	18.3	89.7	2.4	28	0
PAY	2021	7	18	5	0	16.8	32	962.4	18.9	79.4	4.5	49	207.430123
PAY	2021	7	18	6	0	16.4	172	962	19.4	74.8	5.1	48	536.0772278
PAY	2021	7	18	7	0	16.9	321	962.1	20	74.4	4	38	664.0880668
PAY	2021	7	18	8	0	17.3	386	961.9	20.6	72.6	4.4	36	611.9716823
PAY	2021	7	18	9	0	17.7	616	961.6	21.8	67.9	5.6	37	818.1333147
PAY	2021	7	18	10	0	18.5	810	961.3	23.2	64.6	5	39	962.4638138
PAY	2021	7	18	11	0	18.6	888	961.2	24	59.4	6.3	40	997.0065493
PAY	2021	7	18	12	0	18.9	772	960.8	24.6	57.7	6	39	860.8318078
PAY	2021	7	18	13	0	18.7	872	960.7	25.3	51.8	6.9	34	1000
PAY	2021	7	18	14	0	18.2	847	960.4	25.3	49.1	7.5	38	1000
PAY	2021	7	18	15	0	17.9	736	960.3	25.8	46.3	7	44	1000
PAY	2021	7	18	16	0	18.1	554	960	25.7	50.3	6.3	49	1000
PAY	2021	7	18	17	0	17.9	356	959.9	24.4	52.6	6.5	51	970.0336662
PAY	2021	7	18	18	0	17.8	217	960.3	23.8	55	5.6	52	1000
PAY	2021	7	18	19	0	17.4	35	960.5	22.1	62.4	4.4	52	937.2427868
PAY	2021	7	18	20	0	17.2	2	960.9	20.1	74.1	2	49	0
PAY	2021	7	18	21	0	17	0	961	19.6	77.6	2.9	42	0
PAY	2021	7	18	22	0	16.6	0	960.9	18.9	77.8	2.1	43	0
PAY	2021	7	18	23	0	16.3	0	960.9	18.4	80.8	1.6	35	0
PAY	2021	7	19	0	0	16.2	0	960.7	18.5	79.7	2.6	51	0
PAY	2021	7	19	1	0	16.1	0	960.4	17.9	83.6	2.5	60	0
PAY	2021	7	19	2	0	15.7	0	960.2	16.4	89.1	2.7	30	0
PAY	2021	7	19	3	0	15.4	0	960.4	16.5	88.7	1.6	27	0
PAY	2021	7	19	4	0	15.4	0	960.4	16.3	89.2	1.9	36	0
PAY	2021	7	19	5	0	15.8	37	960.4	17.7	84.3	2.7	54	243.7238039
PAY	2021	7	19	6	0	16.3	177	960.3	19.2	76.8	2.9	57	555.5768467
PAY	2021	7	19	7	0	17	354	960.4	20.8	71.5	3.4	59	735.4885615
PAY	2021	7	19	8	0	17.4	528	960.3	21.9	66.3	4.3	40	839.574506
PAY	2021	7	19	9	0	17.7	684	960.1	23.1	59.7	5.7	44	910.477259
PAY	2021	7	19	10	0	18	809	959.9	24.6	53.8	6	44	963.0292895
PAY	2021	7	19	11	0	18.1	889	959.7	25.5	51	6.2	38	999.7329185
PAY	2021	7	19	12	0	18.6	921	959.6	26.9	48.6	5.4	48	1000
PAY	2021	7	19	13	0	18.1	908	959.4	26.9	41.2	5.4	54	1000
PAY	2021	7	19	14	0	18.3	839	959.1	27.6	39.4	5.1	44	1000
PAY	2021	7	19	15	0	17.4	729	958.9	27.8	36.7	5.5	51	1000
PAY	2021	7	19	16	0	17.4	580	958.7	27.3	37.4	5.1	48	1000
PAY	2021	7	19	17	0	18	400	958.6	26.8	46.6	4.4	46	1000
PAY	2021	7	19	18	0	18.5	224	958.9	25.7	49.1	3.5	38	1000
PAY	2021	7	19	19	0	18.1	73	959.1	23.6	58.4	2.5	47	1000
PAY	2021	7	19	20	0	17.6	2	959.7	21.8	60.8	2.3	47	0
PAY	2021	7	19	21	0	16	0	960.3	19	73.7	1.5	51	0
PAY	2021	7	19	22	0	16.1	0	960.5	18.5	77.6	1.4	48	0
PAY	2021	7	19	23	0	15.6	0	960.5	17.4	81.8	0.7	37	0
PAY	2021	7	20	0	0	15.1	0	960.4	17.8	78.9	0.6	34	0
PAY	2021	7	20	1	0	14.8	0	960.4	15	92.6	0.8	56	0
PAY	2021	7	20	2	0	14.5	0	960.3	15.4	90.2	0.5	14	0
PAY	2021	7	20	3	0	14.1	0	960.4	14.1	93.9	1.2	5	0
PAY	2021	7	20	4	0	13.6	0	960.6	13.6	96.2	0.5	180	0
PAY	2021	7	20	5	0	13.4	38	960.8	14.3	95.4	0.6	189	254.5138025
PAY	2021	7	20	6	0	14.7	177	960.9	16.7	82.1	0.3	207	559.6270963
PAY	2021	7	20	7	0	15.5	350	961.1	18.8	73.3	1.2	11	730.3615863
PAY	2021	7	20	8	0	16.5	522	961.1	21.3	67.1	1.6	25	832.5468971
PAY	2021	7	20	9	0	17.6	682	961	23	63.3	2.1	27	909.8988577
PAY	2021	7	20	10	0	18.4	807	960.8	24.5	60.7	2.7	27	962.4554619
PAY	2021	7	20	11	0	19.1	895	960.5	25.4	54.5	3.1	38	1000
PAY	2021	7	20	12	0	19	924	960.4	26.9	48.5	3	34	1000
PAY	2021	7	20	13	0	17.1	913	960.1	27.2	33.4	2.9	52	1000
PAY	2021	7	20	14	0	17.6	840	960.1	28	36.6	2.7	51	1000
PAY	2021	7	20	15	0	17.7	721	959.9	28.3	38.5	2.8	51	1000
PAY	2021	7	20	16	0	17.7	567	959.9	27.4	39	2.7	51	1000
PAY	2021	7	20	17	0	17.7	391	960	26.7	41.9	2.9	49	1000
PAY	2021	7	20	18	0	17.5	209	960.5	25.2	45.8	2.8	54	1000
PAY	2021	7	20	19	0	16.9	62	960.9	22.8	52.2	2.7	42	0
PAY	2021	7	20	20	0	16	2	961.8	20.5	62	1.7	57	0
PAY	2021	7	20	21	0	15.7	0	962.3	20.2	58.6	0.8	60	0
PAY	2021	7	20	22	0	14.5	0	962.5	16.7	75.1	0.6	37	0
PAY	2021	7	20	23	0	14	0	962.6	14.9	90.6	0.4	45	0
PAY	2021	7	21	0	0	13.4	0	962.5	15	86	0.3	180	0
PAY	2021	7	21	1	0	13	0	962.6	13.6	92.1	0.4	135	0
PAY	2021	7	21	2	0	12.6	0	962.5	13	93.3	0.4	180	0
PAY	2021	7	21	3	0	12.1	0	962.5	12.3	95.2	0.7	198	0
PAY	2021	7	21	4	0	11.9	0	962.9	12.1	93.8	0.6	180	0
PAY	2021	7	21	5	0	12.1	35	963.4	13.2	92.2	0.8	203	238.5021029
PAY	2021	7	21	6	0	13.5	162	963.8	15.7	83.1	0.5	194	516.0337761
PAY	2021	7	21	7	0	14.6	335	964	17.9	69.3	0.4	360	702.1939529
PAY	2021	7	21	8	0	15.4	513	964.1	20.3	66.5	1.4	14	820.7295121
PAY	2021	7	21	9	0	15.8	639	963.9	21	60.7	1.5	13	854.5383368
PAY	2021	7	21	10	0	16.6	797	963.7	22.6	57.5	1.5	29	952.3712627
PAY	2021	7	21	11	0	17.2	859	963.5	23.1	54.6	1.2	346	969.273663
PAY	2021	7	21	12	0	18.2	911	963.1	25.3	53.1	1.1	21	1000
PAY	2021	7	21	13	0	18.6	909	962.8	26.8	45.2	1	39	1000
PAY	2021	7	21	14	0	18.7	824	962.6	27.2	46.9	1.5	350	1000
PAY	2021	7	21	15	0	19.3	707	962.4	27.5	44.7	2	357	1000
PAY	2021	7	21	16	0	18.9	560	962.3	27.9	42.7	1.7	352	1000
PAY	2021	7	21	17	0	18.9	358	962.4	27.3	46.7	1.6	21	991.3926556
PAY	2021	7	21	18	0	18.7	188	962.6	25.9	48.8	2.4	358	970.9597811
PAY	2021	7	21	19	0	18.6	52	962.9	23.8	61.4	1.4	12	0
PAY	2021	7	21	20	0	18.5	1	963.4	20.5	80.7	0.9	60	0
PAY	2021	7	21	21	0	17.8	0	963.5	19.2	85.9	1	61	0
PAY	2021	7	21	22	0	16.8	0	963.7	18.6	83.5	0.6	56	0
PAY	2021	7	21	23	0	16.2	0	963.7	16.3	92.8	0.5	135	0
PAY	2021	7	22	0	0	15.7	0	963.7	15.9	94.9	0.3	135	0
PAY	2021	7	22	1	0	14.9	0	963.6	14.8	94.9	0.3	180	0
PAY	2021	7	22	2	0	14.3	0	963.5	14.6	96	0.6	180	0
PAY	2021	7	22	3	0	14.2	0	963.6	14.4	95.9	0.3	180	0
PAY	2021	7	22	4	0	13.6	0	963.7	13.3	97.4	0.4	180	0
PAY	2021	7	22	5	0	13.7	34	964	14.8	93.5	1.2	195	235.8701462
PAY	2021	7	22	6	0	14.9	148	964.2	16.7	84.9	0.7	198	475.0573776
PAY	2021	7	22	7	0	16	330	964	18.4	78.1	0.7	239	694.886456
PAY	2021	7	22	8	0	16.5	510	963.9	20.5	69.1	0.6	342	818.5194452
PAY	2021	7	22	9	0	17	665	963.9	22.9	61.7	1.1	24	891.4574516
PAY	2021	7	22	10	0	17.8	793	963.5	23.5	56.3	1.3	6	949.4824055
PAY	2021	7	22	11	0	18.3	885	963.1	25.5	53	1.2	54	1000
PAY	2021	7	22	12	0	18.5	923	962.5	26.7	44.1	1	23	1000
PAY	2021	7	22	13	0	19	897	961.9	28.1	43	1.4	18	1000
PAY	2021	7	22	14	0	18.3	817	961.3	27.9	42.9	1	68	1000
PAY	2021	7	22	15	0	18.8	699	961	28.3	39.9	2	332	1000
PAY	2021	7	22	16	0	18.8	542	960.8	28.1	42	2.2	335	1000
PAY	2021	7	22	17	0	19.1	359	960.5	27.2	45.9	2.6	342	1000
PAY	2021	7	22	18	0	18.7	131	960.6	25.4	53.8	2.7	353	684.9590205
PAY	2021	7	22	19	0	18.6	32	960.7	24.2	58.5	1.6	20	0
PAY	2021	7	22	20	0	18.5	1	961.1	21.3	76.9	1	72	0
PAY	2021	7	22	21	0	18.1	0	961.2	20.1	79.8	0.6	108	0
PAY	2021	7	22	22	0	17.6	0	961.1	18.7	88.7	0.2	90	0
PAY	2021	7	22	23	0	16.8	0	961.2	17.4	90	0.4	135	0
PAY	2021	7	23	0	0	16.1	0	961.2	16.4	93.8	0.5	194	0
PAY	2021	7	23	1	0	15.7	0	961	15.7	95.3	0.3	180	0
PAY	2021	7	23	2	0	15.1	0	960.9	15.7	94.8	0.6	189	0
PAY	2021	7	23	3	0	14.5	0	960.6	14.9	96.2	0.8	196	0
PAY	2021	7	23	4	0	14.1	0	960.6	14.7	95.9	1.4	201	0
PAY	2021	7	23	5	0	14.2	31	960.8	14.7	96.1	1.2	200	219.0829291
PAY	2021	7	23	6	0	15.2	159	960.7	17	89.6	0.5	207	514.383438
PAY	2021	7	23	7	0	16.1	322	960.6	18.9	79.2	0.6	252	681.2221423
PAY	2021	7	23	8	0	17	509	960.3	20.7	71.2	0.7	11	819.5670961
PAY	2021	7	23	9	0	17.6	650	959.8	22.5	63.8	1	23	873.5084514
PAY	2021	7	23	10	0	18.1	789	959.3	24	57.6	0.9	360	946.6330285
PAY	2021	7	23	11	0	18.2	788	958.4	25.2	49.4	1.1	36	892.3892857
PAY	2021	7	23	12	0	18.7	914	957.8	25.9	47.5	1.1	21	1000
PAY	2021	7	23	13	0	20.2	880	957	27.5	51.3	1.7	23	1000
PAY	2021	7	23	14	0	20.2	805	956.5	28.3	49.2	1.6	9	1000
PAY	2021	7	23	15	0	20.7	696	956	28.3	49.8	2.3	27	1000
PAY	2021	7	23	16	0	20.8	482	955.5	28.2	50.7	2.4	43	931.8655589
PAY	2021	7	23	17	0	20.5	298	954.8	28.3	50.9	2.2	43	835.4122904
PAY	2021	7	23	18	0	20.4	184	954.7	26.6	55.1	2	39	974.6609799
PAY	2021	7	23	19	0	19.9	20	954.7	23.4	73.5	0.9	27	0
PAY	2021	7	23	20	0	19.8	0	954.9	21.5	82.8	0.4	153	0
PAY	2021	7	23	21	0	19.2	0	955.4	20.6	85.7	0.7	198	0
PAY	2021	7	23	22	0	18.8	0	955.4	20.1	86.6	1.6	202	0
PAY	2021	7	23	23	0	18.4	0	954.9	19.4	89.5	1.3	194	0
PAY	2021	7	24	0	0	18	0	954.1	19.5	87.9	1.5	201	0
PAY	2021	7	24	1	0	17.9	0	953.9	18.8	91.3	0.8	189	0
PAY	2021	7	24	2	0	17.9	0	955.4	18.9	91.8	1.2	207	0
PAY	2021	7	24	3	0	18.2	0	954.5	20.6	80.4	1.7	132	0
PAY	2021	7	24	4	0	18	0	954.9	19.4	86.8	1.6	207	0
PAY	2021	7	24	5	0	18	1	955.5	19.2	89.2	1.1	97	7.20431831
PAY	2021	7	24	6	0	17.9	21	956.2	18.9	91.4	0.6	153	68.48567051
PAY	2021	7	24	7	0	17.8	22	955.8	19.1	88.8	1.4	189	46.76641446
PAY	2021	7	24	8	0	18.3	134	955.2	20.8	86	1.1	82	216.4767989
PAY	2021	7	24	9	0	18.7	352	954.9	21.3	80.7	1.3	22	474.2396887
PAY	2021	7	24	10	0	18.4	267	955.1	21.4	68.7	2.6	17	321.0200959
PAY	2021	7	24	11	0	18.3	305	954.6	21.5	73	2.6	17	346.0629123
PAY	2021	7	24	12	0	18.6	268	953.6	21.3	79.4	2.2	19	301.9024508
PAY	2021	7	24	13	0	18.9	307	953.7	21.6	75.9	2.3	349	361.022752
PAY	2021	7	24	14	0	18.5	194	954.1	20.7	79.6	1.7	321	251.3442796
PAY	2021	7	24	15	0	18.5	401	953.7	22.3	68.8	1.2	162	609.8796361
PAY	2021	7	24	16	0	18.4	244	954.2	22.9	60.9	1.1	311	473.6802073
PAY	2021	7	24	17	0	17.9	120	953	21.6	71.4	0.9	56	338.6289087
PAY	2021	7	24	18	0	17.8	72	954.2	19.4	84	2.8	344	386.6453097
PAY	2021	7	24	19	0	17.6	23	954.3	19.1	86.7	0.9	333	0
PAY	2021	7	24	20	0	17.6	0	954.3	18.5	90	0.5	270	0
PAY	2021	7	24	21	0	17.6	0	955.6	17.5	95.5	1.4	204	0
PAY	2021	7	24	22	0	15.8	0	955.8	16.2	95.3	1.7	184	0
PAY	2021	7	24	23	0	16.1	0	956.1	16.6	96	1	193	0
PAY	2021	7	25	0	0	16.1	0	955.7	16.6	95.3	0.8	180	0
PAY	2021	7	25	1	0	16.1	0	955.2	16.5	96.8	0.7	189	0
PAY	2021	7	25	2	0	16	0	955.2	16.3	97.7	0.8	207	0
PAY	2021	7	25	3	0	16	0	955.4	16.4	96.9	1.1	201	0
PAY	2021	7	25	4	0	16.1	0	954.8	16.3	97.9	0.7	162	0
PAY	2021	7	25	5	0	16	6	955	16.1	98.8	0.9	196	44.09555451
PAY	2021	7	25	6	0	16	17	955.2	16.2	97.6	1	225	55.89923728
PAY	2021	7	25	7	0	15.8	17	954.8	15.9	96.4	0.6	233	36.31487857
PAY	2021	7	25	8	0	15.7	63	955	16.2	95.7	1.1	186	102.121938
PAY	2021	7	25	9	0	16.2	222	955.3	17.3	92	0.6	360	299.8724815
PAY	2021	7	25	10	0	16.4	411	955.1	18.3	87.9	0.8	53	495.2275029
PAY	2021	7	25	11	0	17	359	955	19.4	80.7	0.6	45	408.1347759
PAY	2021	7	25	12	0	17.2	682	954.9	20.7	71.2	1	188	769.7645718
PAY	2021	7	25	13	0	17.2	819	954.6	21.7	62.6	1	207	965.1234007
PAY	2021	7	25	14	0	18.2	704	954.3	23.6	60.1	1.3	236	914.3089486
PAY	2021	7	25	15	0	18.1	580	954.3	23.1	59.3	1.4	312	884.8417137
PAY	2021	7	25	16	0	17.8	571	953.8	24.2	58.4	0.9	333	1000
PAY	2021	7	25	17	0	18.4	355	954.1	23.3	59.5	2.6	342	1000
PAY	2021	7	25	18	0	17.7	181	954.3	21.5	65.7	2.1	357	986.0879065
PAY	2021	7	25	19	0	17.5	36	954.7	20.6	74.2	1.2	41	0
PAY	2021	7	25	20	0	17.3	1	955.5	18.4	88.7	0.7	127	0
PAY	2021	7	25	21	0	17.1	0	955.8	17.7	91.6	0.6	45	0
PAY	2021	7	25	22	0	16.6	0	955.9	17.5	90.7	0.5	225	0
PAY	2021	7	25	23	0	16.4	0	956	17.2	95.6	1.6	135	0
PAY	2021	7	26	0	0	16.3	0	956.2	16.4	97.3	0.4	153	0
PAY	2021	7	26	1	0	15.9	0	956.2	16	98	0.5	270	0
PAY	2021	7	26	2	0	15.5	0	956.3	15.5	99.9	0.5	236	0
PAY	2021	7	26	3	0	15.6	0	956.5	15.8	98.9	0.5	90	0
PAY	2021	7	26	4	0	15.4	0	956.7	15.9	95.6	1.3	63	0
PAY	2021	7	26	5	0	15.6	17	956.5	16.3	96.2	1.2	270	127.5440272
PAY	2021	7	26	6	0	16	101	956.7	16.8	93.6	0.6	225	334.9205985
PAY	2021	7	26	7	0	16.7	217	956.8	18	91.9	0.5	194	465.8710679
PAY	2021	7	26	8	0	17.1	291	957	18.9	83.3	0.5	360	473.342779
PAY	2021	7	26	9	0	17.3	354	957.4	19.4	80.1	0.9	352	479.4490713
PAY	2021	7	26	10	0	16.9	362	957.5	20.2	71.5	1.5	315	437.1590113
PAY	2021	7	26	11	0	17.4	401	957.6	21	73.5	1.5	295	456.8089796
PAY	2021	7	26	12	0	17	644	957.3	22	60.2	1.3	249	728.3355882
PAY	2021	7	26	13	0	17.8	662	957.1	23.4	61.8	1.6	168	781.7998562
PAY	2021	7	26	14	0	17.3	503	957.1	22.9	55.4	1.7	240	654.9163691
PAY	2021	7	26	15	0	17.6	181	957.4	22.7	65.5	1.7	295	277.020809
PAY	2021	7	26	16	0	17.4	250	957.2	22.5	61.4	1.9	286	489.6220575
PAY	2021	7	26	17	0	17.4	219	957.1	22.7	56.6	1.9	280	626.7705549
PAY	2021	7	26	18	0	17.2	83	957.8	21.4	71.4	1.1	264	459.0874716
PAY	2021	7	26	19	0	17	35	958.3	20.8	69.6	0.7	211	0
PAY	2021	7	26	20	0	17	1	959.3	19.7	67.1	0.7	189	0
PAY	2021	7	26	21	0	15.7	0	959.5	17.7	82.4	1.2	204	0
PAY	2021	7	26	22	0	15.7	0	960	16.9	84.4	0.5	207	0
PAY	2021	7	26	23	0	15.2	0	960.2	16.3	87.1	1	188	0
PAY	2021	7	27	0	0	14.3	0	959.9	15	88.6	1.1	193	0
PAY	2021	7	27	1	0	13.3	0	959.7	13.5	94.7	0.6	207	0
PAY	2021	7	27	2	0	12.9	0	959.6	13.7	90.7	1.1	204	0
PAY	2021	7	27	3	0	12.6	0	959.6	13	95	1.3	189	0
PAY	2021	7	27	4	0	12.5	0	959.5	12.9	94.6	0.5	146	0
PAY	2021	7	27	5	0	12.3	37	959.3	13.2	94.4	0.7	191	283.6030832
PAY	2021	7	27	6	0	13.4	174	959	15.2	87.8	0.8	210	581.9977343
PAY	2021	7	27	7	0	14.7	300	958.9	16.7	81.8	0.6	225	647.3571314
PAY	2021	7	27	8	0	15.1	351	959	18	81.6	0.6	11	572.963175
PAY	2021	7	27	9	0	16.2	523	959	18.8	75.2	0.9	333	710.2707356
PAY	2021	7	27	10	0	16.7	740	958.6	21.3	66.2	1.2	13	895.6880273
PAY	2021	7	27	11	0	16.4	620	958.3	21.7	58.4	1.2	72	707.7674188
PAY	2021	7	27	12	0	16.6	523	957.8	22.6	54.1	1.1	360	592.7209345
PAY	2021	7	27	13	0	17.8	826	957.4	24.6	54.4	1.9	7	977.6707497
PAY	2021	7	27	14	0	18.1	846	957	24.7	53.2	1.7	342	1000
PAY	2021	7	27	15	0	17.5	329	956.9	23.7	56.1	2.1	309	505.2251557
PAY	2021	7	27	16	0	18	236	956.6	23.9	56.3	1	247	464.3776885
PAY	2021	7	27	17	0	18	166	956.5	23.5	58.7	1	231	478.6750529
PAY	2021	7	27	18	0	18.1	178	956.6	23.7	54.7	0.8	124	1000
PAY	2021	7	27	19	0	18.8	23	957	21.5	79.9	0.4	198	0
PAY	2021	7	27	20	0	18.3	0	957.7	20.2	85.4	0.6	214	0
PAY	2021	7	27	21	0	17.9	0	958	20.4	76.1	0.5	207	0
PAY	2021	7	27	22	0	17.7	0	958.2	18.6	91.2	0.9	76	0
PAY	2021	7	27	23	0	17.5	0	958.7	18.4	92.1	1.3	197	0
PAY	2021	7	28	0	0	17	0	959.1	18.1	86.2	1.3	212	0
PAY	2021	7	28	1	0	16.7	0	958.7	17.5	92.8	1	214	0
PAY	2021	7	28	2	0	16.8	0	958.5	17.3	96.2	0.7	207	0
PAY	2021	7	28	3	0	16.4	0	958.9	16.5	84.2	0.8	261	0
PAY	2021	7	28	4	0	14.7	0	959.1	15.2	95.8	0.9	210	0
PAY	2021	7	28	5	0	14.9	0	959.1	15.1	96.8	0.6	207	0
PAY	2021	7	28	6	0	14.8	5	959.3	15	96.7	0.8	231	16.87262793
PAY	2021	7	28	7	0	14.8	59	959.4	15.6	92.6	0.8	214	127.9787919
PAY	2021	7	28	8	0	15.2	98	959.2	16.3	91.2	0.3	153	160.5518377
PAY	2021	7	28	9	0	16	248	959.3	17.7	85.9	1	216	337.7416465
PAY	2021	7	28	10	0	17	462	959.3	19.9	78.2	2.1	213	560.515677
PAY	2021	7	28	11	0	17.5	710	959.2	21.3	69.6	3.6	215	812.2574318
PAY	2021	7	28	12	0	17.5	869	959.2	22.7	62.9	4.5	215	986.9665685
PAY	2021	7	28	13	0	17.5	577	959.3	22	62.2	4.1	267	684.5420287
PAY	2021	7	28	14	0	17.4	720	959.3	23.3	55.6	4	247	942.4991509
PAY	2021	7	28	15	0	16.9	495	959	24	52	4	231	762.7973945
PAY	2021	7	28	16	0	17.2	540	958.7	24.1	49.9	3.4	253	1000
PAY	2021	7	28	17	0	17	370	958.6	23.8	50	3.2	244	1000
PAY	2021	7	28	18	0	17.1	168	958.8	21.5	64.9	1.7	270	960.0795106
PAY	2021	7	28	19	0	16.7	62	959.1	20.6	66.1	1.2	232	0
PAY	2021	7	28	20	0	16.2	1	959.8	18.6	78.7	0.8	196	0
PAY	2021	7	28	21	0	15.8	0	960.2	17.2	84.3	0.7	135	0
PAY	2021	7	28	22	0	15.6	0	960.1	17.4	83.8	0.3	243	0
PAY	2021	7	28	23	0	15.3	0	960.1	16.6	86.2	1.4	198	0
PAY	2021	7	29	0	0	15	0	960.2	15.7	90.4	1.6	198	0
PAY	2021	7	29	1	0	14.3	0	960.2	14	95.6	1	198	0
PAY	2021	7	29	2	0	13.7	0	960.1	14.1	94.1	1.5	214	0
PAY	2021	7	29	3	0	13.3	0	960.1	13.4	96.1	1.6	205	0
PAY	2021	7	29	4	0	13	0	960.2	13.1	95.2	1.3	189	0
PAY	2021	7	29	5	0	13.4	14	960.3	14.3	94.3	1	193	112.2750717
PAY	2021	7	29	6	0	14.3	89	960.3	15.7	89.6	1	204	303.0634902
PAY	2021	7	29	7	0	15.5	310	960.4	19	75.4	0.6	225	676.0174705
PAY	2021	7	29	8	0	15.9	528	960.3	20.5	66.8	0.8	288	868.2119172
PAY	2021	7	29	9	0	16.3	473	960.1	20.6	64.7	0.7	297	646.0003045
PAY	2021	7	29	10	0	16.4	775	959.8	22.2	57.9	1.8	257	942.5297834
PAY	2021	7	29	11	0	16.9	894	959.2	23.1	54.4	1.6	253	1000
PAY	2021	7	29	12	0	17.6	770	958.6	24.6	53	1.4	297	876.4739961
PAY	2021	7	29	13	0	17.6	906	958.1	25.9	40.3	2.5	277	1000
PAY	2021	7	29	14	0	17.2	830	957.6	26.7	39.3	3.5	259	1000
PAY	2021	7	29	15	0	16.8	715	957.1	27.1	34	3.8	253	1000
PAY	2021	7	29	16	0	17.2	559	956.8	26.1	43.2	2.7	258	1000
PAY	2021	7	29	17	0	18.5	392	956.3	26.3	46.7	1.9	294	1000
PAY	2021	7	29	18	0	18.1	163	956.3	24.1	62.5	1.2	287	948.010795
PAY	2021	7	29	19	0	18.4	44	956.5	21.9	69.8	1.1	214	0
PAY	2021	7	29	20	0	17.6	0	957.3	19.4	80.4	0.6	112	0
PAY	2021	7	29	21	0	17.1	0	957.4	19.2	83.3	0.7	188	0
PAY	2021	7	29	22	0	17	0	957.5	17.7	90.3	0.3	117	0
PAY	2021	7	29	23	0	16.5	0	957.5	17.3	89.6	0.9	135	0
PAY	2021	7	30	0	0	16.3	0	957.6	17.1	92.5	1	193	0
PAY	2021	7	30	1	0	16.4	0	957.1	16.6	97	1	172	0
PAY	2021	7	30	2	0	16.1	0	957.1	16.4	96.3	1.1	198	0
PAY	2021	7	30	3	0	16	0	956.9	16	98	0.9	153	0
PAY	2021	7	30	4	0	15.4	0	956.8	15.3	97.4	0.7	149	0
PAY	2021	7	30	5	0	14.8	22	956.9	15.4	96.7	0.4	153	180.7001176
PAY	2021	7	30	6	0	15.8	155	956.6	17.1	91	0.7	180	532.7181625
PAY	2021	7	30	7	0	16.6	167	957.2	17.9	90.6	0.9	207	366.1593369
PAY	2021	7	30	8	0	17.1	342	956.8	19.4	82.3	0.6	270	564.4867516
PAY	2021	7	30	9	0	17.8	456	956.6	21.2	75.2	0.5	135	624.6018443
PAY	2021	7	30	10	0	18.6	757	956.1	22.9	66.5	1.1	315	922.9198782
PAY	2021	7	30	11	0	19.2	859	955.4	25.5	55.8	1.9	249	987.1572979
PAY	2021	7	30	12	0	19.3	845	954.4	27.3	49.1	3.7	227	964.0567642
PAY	2021	7	30	13	0	18.5	190	954.9	20.1	84.2	4.2	244	226.5235485
PAY	2021	7	30	14	0	19.7	658	954.5	23.6	70.9	1.5	278	866.3413694
PAY	2021	7	30	15	0	19.8	499	954.7	23.8	65.4	2.8	261	774.669024
PAY	2021	7	30	16	0	18.6	115	955.5	20.3	89.4	2.7	258	229.7670226
PAY	2021	7	30	17	0	18.9	231	955.2	21.1	82	2.4	210	682.6691694
PAY	2021	7	30	18	0	18.9	76	955.5	20.7	82.9	1.4	198	450.2416768
PAY	2021	7	30	19	0	18.3	23	956.3	19.7	83.4	1.7	187	0
PAY	2021	7	30	20	0	17.7	0	956.9	19.2	84.4	1.7	198	0
PAY	2021	7	30	21	0	17.1	0	956.8	18.5	86	1.5	184	0
PAY	2021	7	30	22	0	16.8	0	957	18.3	85.5	1.5	200	0
PAY	2021	7	30	23	0	16.3	0	957.2	18	82	1.6	195	0
PAY	2021	7	31	0	0	15.9	0	957.2	17.9	81.6	1.4	210	0
PAY	2021	7	31	1	0	15.5	0	956.9	17.6	79.2	1.3	203	0
PAY	2021	7	31	2	0	15.5	0	956.8	16.7	87.2	1.4	205	0
PAY	2021	7	31	3	0	15.2	0	956.5	16.2	88.5	1.2	200	0
PAY	2021	7	31	4	0	14.9	0	956.3	15.9	91.5	0.7	189	0
PAY	2021	7	31	5	0	14.6	19	956.4	15.3	93.1	0.7	196	159.9798243
PAY	2021	7	31	6	0	15.1	67	956.4	16.8	85.8	0.4	135	232.4637326
PAY	2021	7	31	7	0	16	188	956.5	18.4	79.3	0.4	270	414.4921842
PAY	2021	7	31	8	0	15.8	434	956.2	19.7	64.3	1	45	719.0955757
PAY	2021	7	31	9	0	16.2	657	955.9	20.7	61	1	243	902.6077552
PAY	2021	7	31	10	0	16.2	409	955.8	20.8	60.9	1.4	336	499.9120574
PAY	2021	7	31	11	0	16.3	460	955.8	21	56.1	1.8	333	529.8745909
PAY	2021	7	31	12	0	16.3	513	955.4	21.5	58.8	2.2	349	586.6690511
PAY	2021	7	31	13	0	16.3	528	955	21.8	56.2	2.4	360	631.129208
PAY	2021	7	31	14	0	16.3	650	954.7	22.3	53.9	2.5	13	858.4286409
PAY	2021	7	31	15	0	16	495	954.3	22	53.5	1.9	17	771.4698591
PAY	2021	7	31	16	0	15.9	261	954	21.4	58.5	2	19	524.343869
PAY	2021	7	31	17	0	16.1	76	953.9	20.6	62.1	2.1	49	226.6019442
PAY	2021	7	31	18	0	15.6	4	954.5	16.8	86.9	3.3	342	24.15984557
PAY	2021	7	31	19	0	14.9	0	954.9	15.3	94.6	1.9	6	0
PAY	2021	7	31	20	0	14.8	0	955.1	15.2	93.9	0.9	162	0
PAY	2021	7	31	21	0	14.6	0	955.6	15.1	95.9	1.4	165	0
PAY	2021	7	31	22	0	14.7	0	955.8	15	96	1.3	195	0
PAY	2021	7	31	23	0	14.5	0	955.9	14.9	96.5	0.9	194	0
PAY	2021	8	1	0	0	14	0	955.4	13.9	95.9	0.5	326	0
PAY	2021	8	1	1	0	13.6	0	954.8	13.9	96.6	0.7	329	0
PAY	2021	8	1	2	0	13.4	0	955	13.8	96.7	0.6	180	0
PAY	2021	8	1	3	0	13.3	0	954.5	13.6	94.5	1.1	190	0
PAY	2021	8	1	4	0	13.1	0	954.4	13.4	96.6	0.9	210	0
PAY	2021	8	1	5	0	13	3	954.7	13.4	96.1	1.2	195	25.91933859
PAY	2021	8	1	6	0	13	17	954.9	13.6	94.4	1.2	198	59.55763615
PAY	2021	8	1	7	0	13.1	43	955.4	13.9	93.8	1.5	200	95.34095371
PAY	2021	8	1	8	0	13.3	63	955.9	13.9	92.7	1.8	197	104.7949328
PAY	2021	8	1	9	0	13.1	130	956.2	13.9	86.8	1.9	196	179.1434726
PAY	2021	8	1	10	0	12.8	93	956.5	14	88	1.5	200	113.968064
PAY	2021	8	1	11	0	13.3	164	956.4	14.4	88.9	0.7	198	189.3696567
PAY	2021	8	1	12	0	13.5	154	956.6	15.3	86.2	0.7	297	176.5465228
PAY	2021	8	1	13	0	13.5	187	956.8	14.8	88.7	1.3	260	224.1243674
PAY	2021	8	1	14	0	13.5	126	957.2	14.5	91.5	1.7	212	166.9308783
PAY	2021	8	1	15	0	13.8	155	957.7	14.9	91.2	1.8	205	242.5526825
PAY	2021	8	1	16	0	13.8	101	957.9	15.1	86.5	1.2	193	204.0669919
PAY	2021	8	1	17	0	13.7	144	957.9	15.4	81.8	1.3	222	433.3289424
PAY	2021	8	1	18	0	13.4	167	958.2	15.3	82.6	1.1	229	1000
PAY	2021	8	1	19	0	13.3	47	958.6	14.4	92.1	0.7	248	0
PAY	2021	8	1	20	0	12.5	0	959	12.4	97.3	0.6	117	0
PAY	2021	8	1	21	0	11.5	0	959.2	11.5	96.3	0.7	196	0
PAY	2021	8	1	22	0	11.4	0	959.3	11.9	95.2	1.2	195	0
PAY	2021	8	1	23	0	11.4	0	959.2	11.9	94.6	1.7	201	0
PAY	2021	8	2	0	0	11.5	0	958.9	12	93	1.8	196	0
PAY	2021	8	2	1	0	11.3	0	958.8	11.9	93.6	0.8	188	0
PAY	2021	8	2	2	0	11.1	0	958.8	11.4	95.6	1.6	202	0
PAY	2021	8	2	3	0	10.9	0	958.9	11.2	94.2	1.7	201	0
PAY	2021	8	2	4	0	10.5	0	959.3	11.1	93.9	1.3	194	0
PAY	2021	8	2	5	0	10.2	9	959.8	10.6	95.4	1.6	198	79.86802796
PAY	2021	8	2	6	0	10.8	94	960	12.8	88.8	0.7	180	332.5976597
PAY	2021	8	2	7	0	12.4	203	960.1	14.2	87.6	0.8	198	452.6969235
PAY	2021	8	2	8	0	13.1	387	960.1	15.7	72.8	0.9	270	646.3196281
PAY	2021	8	2	9	0	13.5	552	960.1	17	70.6	1	321	763.0439827
PAY	2021	8	2	10	0	13.8	574	960.1	18.2	59.7	1.1	323	705.2937922
PAY	2021	8	2	11	0	14	738	959.9	19	57.6	1	180	854.286895
PAY	2021	8	2	12	0	14.5	568	959.8	19	61.4	2	308	652.8035788
PAY	2021	8	2	13	0	14	667	959.7	19.6	54.1	1.5	304	801.6326158
PAY	2021	8	2	14	0	14.4	650	959.5	20.8	54.4	2.2	286	863.9784963
PAY	2021	8	2	15	0	14.1	708	959.3	21.5	45.7	2.1	249	1000
PAY	2021	8	2	16	0	14	432	959.2	20.5	48.3	2.6	287	878.0151229
PAY	2021	8	2	17	0	14.2	314	959.3	19.9	51.3	1.8	286	953.9965429
PAY	2021	8	2	18	0	15.1	108	959.4	18.6	72	0.5	180	680.0248067
PAY	2021	8	2	19	0	14.4	35	959.7	16.1	78.8	1	174	0
PAY	2021	8	2	20	0	13.7	0	960.3	15.6	81	0.6	180	0
PAY	2021	8	2	21	0	13.4	0	960.4	14.7	87.1	0.8	117	0
PAY	2021	8	2	22	0	12.7	0	960.5	13.1	90.9	1.2	200	0
PAY	2021	8	2	23	0	12.1	0	960.4	12.6	92.5	1.3	198	0
PAY	2021	8	3	0	0	11.7	0	960.2	12.2	92.7	0.7	158	0
PAY	2021	8	3	1	0	10.9	0	960	11.5	94.1	1	198	0
PAY	2021	8	3	2	0	11.2	0	960	11.4	94.4	1.3	203	0
PAY	2021	8	3	3	0	10.9	0	959.4	11.4	94.2	1.6	208	0
PAY	2021	8	3	4	0	11	0	959.3	11.7	92	2.2	197	0
PAY	2021	8	3	5	0	10.9	9	959.4	11.5	93.3	1.8	199	82.12229648
PAY	2021	8	3	6	0	11.5	95	959.4	13.2	84.2	1.8	199	339.5577204
PAY	2021	8	3	7	0	12.3	117	959.6	13.9	87.3	0.5	225	262.449657
PAY	2021	8	3	8	0	13	204	959.3	15.3	79.2	1	221	342.0874845
PAY	2021	8	3	9	0	13.8	301	958.9	17.3	71.3	1.4	218	417.4063001
PAY	2021	8	3	10	0	14.9	503	958.8	18.4	72.5	1.2	320	619.7441312
PAY	2021	8	3	11	0	14.5	205	959.1	17.3	73.6	3	288	237.9096089
PAY	2021	8	3	12	0	14.4	261	958.5	18.9	62.4	2.4	273	300.7488278
PAY	2021	8	3	13	0	14.7	417	958.2	20	57.8	3.2	253	502.6053286
PAY	2021	8	3	14	0	14.8	216	958.1	19.5	59.1	3.1	232	288.0815697
PAY	2021	8	3	15	0	14.3	116	958.8	17.2	72.4	3.7	240	183.0813513
PAY	2021	8	3	16	0	14.8	102	958.8	17.2	77.4	0.8	262	208.582452
PAY	2021	8	3	17	0	13.5	54	959.3	15.2	78	2.2	239	165.7040645
PAY	2021	8	3	18	0	12.5	24	959.5	13.8	80.9	2	196	154.5323489
PAY	2021	8	3	19	0	11.9	0	959.8	13.2	87.7	2.4	168	0
PAY	2021	8	3	20	0	12.2	0	960	12.8	94.6	1.4	185	0
PAY	2021	8	3	21	0	12.4	0	960.4	12.8	96.8	0.5	207	0
PAY	2021	8	3	22	0	12.5	0	960.3	12.7	97.6	0.2	63	0
PAY	2021	8	3	23	0	12.6	0	959.8	12.8	96.7	0.6	72	0
PAY	2021	8	4	0	0	12.6	0	959.5	12.9	97.5	0.4	45	0
PAY	2021	8	4	1	0	12.7	0	959.1	13.1	97.7	0.3	90	0
PAY	2021	8	4	2	0	12.8	0	958.6	13.2	95.7	0.5	104	0
PAY	2021	8	4	3	0	13	0	958.1	13.3	95.6	0.3	72	0
PAY	2021	8	4	4	0	13	0	957.8	13.3	95.8	0.2	90	0
PAY	2021	8	4	5	0	13.1	4	957.8	13.3	97.8	0.4	360	37.57101326
PAY	2021	8	4	6	0	13.2	30	957.7	13.6	94.9	0.6	59	108.3445375
PAY	2021	8	4	7	0	13.3	48	957.8	13.8	95.4	0.7	27	108.3174557
PAY	2021	8	4	8	0	13.6	106	957.8	14.1	93.8	1.4	30	178.4915688
PAY	2021	8	4	9	0	13.6	110	957.7	14.1	94.9	1.5	25	153.0370523
PAY	2021	8	4	10	0	13.8	140	957.4	14.3	96	1.4	27	172.976601
PAY	2021	8	4	11	0	14.5	234	957.2	14.9	94.7	1.7	15	272.2795123
PAY	2021	8	4	12	0	14.3	100	957	14.8	96.9	1.8	19	115.5384603
PAY	2021	8	4	13	0	14.3	123	956.6	14.9	95.5	1.6	47	148.6885417
PAY	2021	8	4	14	0	14.3	133	956.5	15	95.3	1.4	42	178.0060528
PAY	2021	8	4	15	0	14.5	109	956.3	14.9	96.6	1.8	27	172.8085658
PAY	2021	8	4	16	0	14.4	88	956.2	14.6	95.8	1.6	30	181.0979242
PAY	2021	8	4	17	0	14.1	44	956.2	14.5	96.6	0.6	53	136.4200884
PAY	2021	8	4	18	0	14.2	32	956.3	14.6	96.8	0.3	90	210.9337916
PAY	2021	8	4	19	0	14.1	9	956.6	14.3	96.9	1	212	0
PAY	2021	8	4	20	0	13.9	0	957.2	14.1	97.2	0.9	207	0
PAY	2021	8	4	21	0	13.5	0	957.4	13.5	97.1	1.2	200	0
PAY	2021	8	4	22	0	12.9	0	957.4	12.9	97.9	0.8	196	0
PAY	2021	8	4	23	0	12.7	0	957.4	13.6	95.4	1.1	195	0
PAY	2021	8	5	0	0	13.2	0	957	13.3	97	0.9	203	0
PAY	2021	8	5	1	0	13.2	0	956.8	13.5	97.4	0.2	135	0
PAY	2021	8	5	2	0	13.3	0	956.4	13.3	98.5	0.4	180	0
PAY	2021	8	5	3	0	12.9	0	956.3	13.2	98.4	0.2	270	0
PAY	2021	8	5	4	0	13.1	0	956	13.1	98.5	0.3	180	0
PAY	2021	8	5	5	0	13.2	9	956	13.7	98.3	0.7	191	87.12132416
PAY	2021	8	5	6	0	13.9	87	955.9	14.3	97.4	0.6	315	317.5405141
PAY	2021	8	5	7	0	14.6	247	956	16.3	87.7	0.6	202	560.7895411
PAY	2021	8	5	8	0	15.3	283	955.7	16.9	84.8	1.6	228	478.5611947
PAY	2021	8	5	9	0	15.6	301	955.9	17.2	82.6	2.3	236	420.1568408
PAY	2021	8	5	10	0	15	188	956.1	16	89.6	2.8	243	232.949064
PAY	2021	8	5	11	0	15	210	956.1	16	87.6	2.7	230	245.0134784
PAY	2021	8	5	12	0	15	293	955.9	16.9	87.2	2.5	222	339.4623591
PAY	2021	8	5	13	0	15.3	284	955.7	17.5	76.9	2.8	236	344.3597724
PAY	2021	8	5	14	0	15.7	521	954.9	19.5	75.8	3.1	210	699.8292278
PAY	2021	8	5	15	0	16.3	705	954.6	20.9	59.9	4	213	1000
PAY	2021	8	5	16	0	16	551	954	21	57.5	4.1	224	1000
PAY	2021	8	5	17	0	15.3	375	953.8	20.6	55.5	3.7	219	1000
PAY	2021	8	5	18	0	15	176	954.2	19.3	61.5	3.1	221	1000
PAY	2021	8	5	19	0	14.4	31	954.7	16.8	73.8	1.9	231	0
PAY	2021	8	5	20	0	13.5	0	955	14.6	87.8	1.8	213	0
PAY	2021	8	5	21	0	13.4	0	954.8	14.9	83.8	2	204	0
PAY	2021	8	5	22	0	13.4	0	954.5	15.6	79.9	2.3	195	0
PAY	2021	8	5	23	0	13.8	0	953.8	15.9	79.5	1.1	204	0
PAY	2021	8	6	0	0	13.8	0	953.4	15.1	84.8	1	201	0
PAY	2021	8	6	1	0	13.8	0	953	16.2	77	2.2	202	0
PAY	2021	8	6	2	0	14	0	952.7	16.4	79.6	2.1	209	0
PAY	2021	8	6	3	0	14.3	0	952.9	16.5	79.2	3	222	0
PAY	2021	8	6	4	0	14.3	0	953.4	16.9	75.1	4	220	0
PAY	2021	8	6	5	0	14	5	953.5	16.6	73.5	3	221	49.94443912
PAY	2021	8	6	6	0	13.6	47	953.9	17.4	65.7	2.5	225	173.4089683
PAY	2021	8	6	7	0	13.4	92	954.2	17	70.4	3	228	210.1771241
PAY	2021	8	6	8	0	13.9	290	954.2	18.7	58.1	3	219	492.5188063
PAY	2021	8	6	9	0	13.9	277	954.1	19.5	53.6	2.9	240	387.9677471
PAY	2021	8	6	10	0	14.3	546	954.1	21.4	49.9	4.4	250	678.5295516
PAY	2021	8	6	11	0	14.8	634	953.7	21.9	51.4	4.4	250	741.7583562
PAY	2021	8	6	12	0	15.4	816	953.5	23	45.7	4.9	237	948.0828167
PAY	2021	8	6	13	0	15.6	768	953.1	23.2	43	5.1	237	934.1524466
PAY	2021	8	6	14	0	15.7	815	952.8	24.2	43.7	4.2	260	1000
PAY	2021	8	6	15	0	15.8	709	952.6	24.5	43.6	3.4	279	1000
PAY	2021	8	6	16	0	15.9	435	952.3	23.6	44.7	2.3	275	907.2223253
PAY	2021	8	6	17	0	16	283	952.3	22.5	51.3	2.3	267	896.7933107
PAY	2021	8	6	18	0	15.6	99	952.3	21.3	52.6	1.2	311	686.3721917
PAY	2021	8	6	19	0	15.9	16	952.7	18.4	76.4	0.4	90	0
PAY	2021	8	6	20	0	15.4	0	953	17.7	76.8	0.8	121	0
PAY	2021	8	6	21	0	15.2	0	952.9	16.4	83.8	0.3	117	0
PAY	2021	8	6	22	0	14.3	0	952.9	14.4	93.5	0.3	0	0
PAY	2021	8	6	23	0	13.8	0	953	15.4	82.9	0.6	189	0
PAY	2021	8	7	0	0	13.7	0	952.5	14.6	91.8	0.8	172	0
PAY	2021	8	7	1	0	13.6	0	952.3	13.9	93.5	0.8	180	0
PAY	2021	8	7	2	0	13.4	0	952.2	14.3	91.8	0.5	117	0
PAY	2021	8	7	3	0	13.5	0	951.9	14.4	90.6	0.7	211	0
PAY	2021	8	7	4	0	13.6	0	951.4	14.2	93.2	0.4	198	0
PAY	2021	8	7	5	0	13.6	3	951.5	14.6	90.8	0.7	217	30.96381748
PAY	2021	8	7	6	0	13.9	13	951.6	14.8	93.2	1	214	48.49666676
PAY	2021	8	7	7	0	14.4	46	950.9	15.8	90.7	0.8	121	105.7546065
PAY	2021	8	7	8	0	15.1	302	950.7	17.9	76.9	0.7	315	515.157828
PAY	2021	8	7	9	0	15.5	377	950.9	18.1	75.5	2.2	360	529.8564524
PAY	2021	8	7	10	0	15.6	270	950.6	19.1	72.1	1.5	356	336.5444181
PAY	2021	8	7	11	0	15	121	951.7	15.2	88.4	2.9	291	141.9686151
PAY	2021	8	7	12	0	13.9	41	952.1	14.6	92.7	2.4	191	47.77571136
PAY	2021	8	7	13	0	13.8	39	952.1	14.8	90	2.1	162	47.59100181
PAY	2021	8	7	14	0	14.1	42	953.2	14.5	96.8	1.4	198	56.84572553
PAY	2021	8	7	15	0	14.1	48	952.8	14.6	96.5	0.7	252	77.20306527
PAY	2021	8	7	16	0	14.3	32	953.7	14.7	95.5	0.7	256	67.20752235
PAY	2021	8	7	17	0	14.3	35	954.5	14.9	94.5	1	233	112.1957532
PAY	2021	8	7	18	0	14.4	86	954.4	15.3	92.8	3.7	194	612.6682396
PAY	2021	8	7	19	0	14.2	22	954.2	14.9	91.5	1.4	261	0
PAY	2021	8	7	20	0	13.5	0	954.7	13.2	98.4	1.1	246	0
PAY	2021	8	7	21	0	13.2	0	955.3	13.5	94.1	1.2	229	0
PAY	2021	8	7	22	0	13	0	955.6	13.5	94.7	1.3	285	0
PAY	2021	8	7	23	0	12.9	0	956.2	13.3	94.3	1.7	225	0
PAY	2021	8	8	0	0	13.2	0	956.4	14.3	92.6	1.7	210	0
PAY	2021	8	8	1	0	13.5	0	956.6	14.1	94.3	1.3	225	0
PAY	2021	8	8	2	0	13.6	0	956.5	14.1	93.1	1.3	202	0
PAY	2021	8	8	3	0	13.4	0	956.6	14.2	91.7	1.7	205	0
PAY	2021	8	8	4	0	12.7	0	956.9	13.7	85	2.3	208	0
PAY	2021	8	8	5	0	11.9	4	957.2	13.4	83.9	2.3	204	42.71977182
PAY	2021	8	8	6	0	11.9	52	957.5	13.9	78.8	2.4	195	196.1865181
PAY	2021	8	8	7	0	12.1	153	958	14.8	76.1	2	210	354.0186707
PAY	2021	8	8	8	0	12.7	276	958.3	15.8	71.5	2.4	216	472.9181005
PAY	2021	8	8	9	0	13.1	426	958.5	17.2	62.7	2.2	209	600.8386334
PAY	2021	8	8	10	0	13.6	669	958.6	18.6	57.5	2.8	225	836.4443277
PAY	2021	8	8	11	0	13.9	571	958.8	18.5	56.3	3.3	238	671.9059537
PAY	2021	8	8	12	0	13.7	437	959.1	18.9	53.5	3.5	272	510.7488557
PAY	2021	8	8	13	0	13.8	535	959.1	20	52.7	3.2	248	655.0273412
PAY	2021	8	8	14	0	14	620	959.3	21.5	42.8	4	247	842.4891281
PAY	2021	8	8	15	0	13.8	716	959.7	21.7	41.9	4.9	253	1000
PAY	2021	8	8	16	0	13.7	364	960	20.9	44.1	3.6	275	770.0386434
PAY	2021	8	8	17	0	14.2	350	960.2	20.8	46.7	2.6	253	1000
PAY	2021	8	8	18	0	13.6	183	960.6	19.6	47.9	2.7	268	1000
PAY	2021	8	8	19	0	13.2	34	961.3	16.5	67	1.4	243	0
PAY	2021	8	8	20	0	12.5	0	961.8	14.3	77.7	1	186	0
PAY	2021	8	8	21	0	11.8	0	962.1	13.1	82.7	0.8	203	0
PAY	2021	8	8	22	0	11.2	0	962.3	12.3	85.4	0.8	189	0
PAY	2021	8	8	23	0	10.7	0	962.6	11.4	91.4	1.1	191	0
PAY	2021	8	9	0	0	10.4	0	962.7	10.5	94	0.7	225	0
PAY	2021	8	9	1	0	10.3	0	962.5	10.7	93.1	0.8	180	0
PAY	2021	8	9	2	0	9.9	0	962.6	10.1	94.6	0.6	207	0
PAY	2021	8	9	3	0	9.8	0	962.6	10.3	94.6	1.1	197	0
PAY	2021	8	9	4	0	10	0	962.6	10.5	94.2	0.9	194	0
PAY	2021	8	9	5	0	9.9	15	962.9	10.5	95.9	0.8	203	166.0193014
PAY	2021	8	9	6	0	10.9	108	963	12.3	88.5	0.5	207	412.1836323
PAY	2021	8	9	7	0	12	173	963.2	13.6	86.2	1.1	217	402.9246149
PAY	2021	8	9	8	0	12.8	321	963.2	14.8	77.1	0.7	225	552.5359307
PAY	2021	8	9	9	0	13.2	515	963.4	16.7	71.2	0.7	304	728.9830673
PAY	2021	8	9	10	0	13.9	606	963.6	18.2	61.9	0.7	284	760.0565848
PAY	2021	8	9	11	0	14.5	566	963.6	19.5	59.4	1	263	668.0149479
PAY	2021	8	9	12	0	14.8	418	963.7	19.9	60.8	1.1	259	490.0504274
PAY	2021	8	9	13	0	15.2	375	963.6	20.6	60.7	0.9	51	460.7066531
PAY	2021	8	9	14	0	15.5	460	963.7	20.8	54.7	1	297	627.6342737
PAY	2021	8	9	15	0	15.3	341	963.3	21.6	48	0.8	270	554.1866684
PAY	2021	8	9	16	0	14.4	269	963.2	21.1	46	1.4	261	573.3344719
PAY	2021	8	9	17	0	15.3	49	963.1	18.5	75.5	0.4	243	160.9373377
PAY	2021	8	9	18	0	15.2	41	962.9	18	76.3	0.6	90	309.7233629
PAY	2021	8	9	19	0	14.9	14	962.9	16.1	88.9	0.4	90	0
PAY	2021	8	9	20	0	13.9	0	963	14.4	91.1	0.9	180	0
PAY	2021	8	9	21	0	13.3	0	963.1	14	91.4	0.6	146	0
PAY	2021	8	9	22	0	12.5	0	963.3	13	92	0.6	191	0
PAY	2021	8	9	23	0	11.9	0	963.4	12.2	94.4	0.9	186	0
PAY	2021	8	10	0	0	11.4	0	963.3	11.5	95.4	0.5	180	0
PAY	2021	8	10	1	0	11	0	963.2	11.7	94.3	1.1	202	0
PAY	2021	8	10	2	0	10.9	0	963.2	11.4	95.4	1.3	207	0
PAY	2021	8	10	3	0	11.2	0	963.1	11.7	93.3	1.7	205	0
PAY	2021	8	10	4	0	11.1	0	963.2	11.2	96	1	186	0
PAY	2021	8	10	5	0	11.1	16	963.2	11.7	95.2	0.6	198	183.8216831
PAY	2021	8	10	6	0	11.9	119	963.3	13.4	91	0.6	211	459.5370568
PAY	2021	8	10	7	0	13.3	270	963.3	15.7	80.7	0.3	288	633.044697
PAY	2021	8	10	8	0	14.4	439	963.2	17.8	72.4	0.7	315	759.1611793
PAY	2021	8	10	9	0	15.1	613	963	19.6	65	0.9	342	870.8903471
PAY	2021	8	10	10	0	16	785	962.8	21	58.3	1.4	329	987.7242502
PAY	2021	8	10	11	0	17.1	856	962.4	22.7	57.7	1.1	342	1000
PAY	2021	8	10	12	0	17.8	866	962.1	24.3	54.6	1.1	45	1000
PAY	2021	8	10	13	0	18.8	855	961.8	25.2	52.5	1.3	349	1000
PAY	2021	8	10	14	0	18.6	768	961.2	28	36.5	2.4	291	1000
PAY	2021	8	10	15	0	17.9	689	960.9	28.6	36.3	3.7	240	1000
PAY	2021	8	10	16	0	17.5	516	960.8	28.1	36	3.3	242	1000
PAY	2021	8	10	17	0	18	313	960.7	27.1	42.3	2.7	226	1000
PAY	2021	8	10	18	0	18.3	163	960.8	25.3	51.6	1.6	235	1000
PAY	2021	8	10	19	0	17.7	25	961.3	22.7	56.8	1.4	205	0
PAY	2021	8	10	20	0	16.8	0	962	20.7	66.3	1.2	191	0
PAY	2021	8	10	21	0	16.1	0	962.1	17	85	0.5	180	0
PAY	2021	8	10	22	0	15.3	0	962.4	17.2	79.5	0.6	169	0
PAY	2021	8	10	23	0	14.9	0	962.5	16.4	84.9	0.6	158	0
PAY	2021	8	11	0	0	14.6	0	962.6	15.8	85.3	0.9	34	0
PAY	2021	8	11	1	0	13.8	0	962.7	14.9	87.5	1.2	191	0
PAY	2021	8	11	2	0	13.7	0	962.6	14.7	90.6	0.9	187	0
PAY	2021	8	11	3	0	13.6	0	962.6	14.8	87.9	0.6	207	0
PAY	2021	8	11	4	0	13.4	0	962.7	14	91.8	1.1	203	0
PAY	2021	8	11	5	0	13.3	7	963.2	14	92.5	1.5	193	83.6276236
PAY	2021	8	11	6	0	13.7	61	963.5	15	88	1.4	209	238.405924
PAY	2021	8	11	7	0	14.8	199	963.7	17.6	79	1.3	198	469.750064
PAY	2021	8	11	8	0	16.1	441	963.8	20.2	67.4	0.8	236	766.2272458
PAY	2021	8	11	9	0	17	617	963.7	22.5	60.7	1	342	879.8568848
PAY	2021	8	11	10	0	17.6	750	963.5	23.7	56.3	1.2	354	946.7836722
PAY	2021	8	11	11	0	18.1	842	963.2	25.5	49.3	0.9	360	999.9397741
PAY	2021	8	11	12	0	18.7	868	962.8	27.1	46.4	1.2	353	1000
PAY	2021	8	11	13	0	19.3	847	962.7	27.6	44.9	1.3	342	1000
PAY	2021	8	11	14	0	20	760	962.3	28.7	43.2	1.1	135	1000
PAY	2021	8	11	15	0	20.4	655	962	28.9	46.1	1.2	326	1000
PAY	2021	8	11	16	0	20.4	493	961.7	28.8	46	1.6	344	1000
PAY	2021	8	11	17	0	20.1	328	961.7	28.2	46.2	1.3	360	1000
PAY	2021	8	11	18	0	19.9	156	961.8	26.4	58.1	1.1	49	1000
PAY	2021	8	11	19	0	20.2	23	962.2	22.6	77.6	0.8	60	0
PAY	2021	8	11	20	0	19	0	963.1	20	84.8	0.8	169	0
PAY	2021	8	11	21	0	18.1	0	963.5	19.4	87.4	0.7	188	0
PAY	2021	8	11	22	0	17.5	0	963.7	18	92.7	0.7	188	0
PAY	2021	8	11	23	0	16.7	0	963.8	17.6	92.1	1.2	200	0
PAY	2021	8	12	0	0	16.2	0	963.9	16.5	94.6	1	204	0
PAY	2021	8	12	1	0	15.9	0	963.9	16.1	95.1	0.8	180	0
PAY	2021	8	12	2	0	15.4	0	963.8	15.9	96.2	1	198	0
PAY	2021	8	12	3	0	15.3	0	963.5	15.3	97.3	0.4	153	0
PAY	2021	8	12	4	0	15.1	0	963.5	15.6	95.3	0.4	198	0
PAY	2021	8	12	5	0	15.1	8	963.6	15.8	95.4	0.6	146	99.57353923
PAY	2021	8	12	6	0	15.7	89	963.9	16.9	91.6	0.8	225	352.1272414
PAY	2021	8	12	7	0	17	210	963.8	19.2	84.8	1.1	217	499.1450853
PAY	2021	8	12	8	0	17.9	433	964	21	76.4	0.7	270	755.9484971
PAY	2021	8	12	9	0	18.3	611	963.7	22.9	66.2	0.8	252	874.6278359
PAY	2021	8	12	10	0	19.1	743	963.7	25.1	57.5	0.8	270	941.093408
PAY	2021	8	12	11	0	19.2	833	963.3	26.6	50.1	0.8	256	992.4350222
PAY	2021	8	12	12	0	20.3	857	963.1	27.2	53.4	1.4	13	1000
PAY	2021	8	12	13	0	20.8	845	962.6	29	48.8	0.9	360	1000
PAY	2021	8	12	14	0	21.7	739	962.6	29.5	53.5	1.5	318	1000
PAY	2021	8	12	15	0	22	640	962.4	30	49.9	1.5	27	1000
PAY	2021	8	12	16	0	22.2	444	961.4	30.1	51.7	1.6	70	969.1655237
PAY	2021	8	12	17	0	22.2	202	962.2	28.3	66.5	0.8	82	690.3758301
PAY	2021	8	12	18	0	22.6	74	962.4	25.1	79.7	0.7	90	617.9367593
PAY	2021	8	12	19	0	21.7	8	962.6	23.8	80.5	0.9	180	0
PAY	2021	8	12	20	0	18.4	0	965.3	21.9	72.7	7	221	0
PAY	2021	8	12	21	0	18	0	965.6	21.3	71.6	2.8	237	0
PAY	2021	8	12	22	0	17.8	0	966.4	20	81.4	1.3	288	0
PAY	2021	8	12	23	0	17.5	0	966.2	20	77.6	1.7	198	0
PAY	2021	8	13	0	0	17	0	966.3	20.2	71.1	2.3	218	0
PAY	2021	8	13	1	0	16.6	0	966.1	19	75.9	2.5	199	0
PAY	2021	8	13	2	0	16	0	966.2	17.5	82.6	1.2	185	0
PAY	2021	8	13	3	0	15.4	0	966.4	16.1	90.1	0.5	104	0
PAY	2021	8	13	4	0	15.2	0	966.4	17.3	81.6	0.4	146	0
PAY	2021	8	13	5	0	14.9	7	966.8	15.6	93	0.6	112	90.96030833
PAY	2021	8	13	6	0	15.8	93	967	18.7	77	0.8	188	372.5852339
PAY	2021	8	13	7	0	16.7	240	967	20.6	70.3	1	207	574.4648035
PAY	2021	8	13	8	0	17.2	381	967.1	22.6	60.7	0.7	180	668.4218458
PAY	2021	8	13	9	0	17.9	565	967.3	24.7	56.6	0.8	252	811.9277139
PAY	2021	8	13	10	0	19	706	967.2	25.9	52.5	1.1	270	897.2931238
PAY	2021	8	13	11	0	19.4	773	966.9	26.8	49.3	1.3	311	923.9857076
PAY	2021	8	13	12	0	20.8	832	966.5	28.2	54	1.4	360	988.3447549
PAY	2021	8	13	13	0	21.1	663	966.5	28.6	51.6	1.3	45	826.5857242
PAY	2021	8	13	14	0	21.2	698	966	29.7	47.6	1.1	34	969.2634856
PAY	2021	8	13	15	0	22.1	445	965.8	29.5	53.8	1.6	9	739.8132566
PAY	2021	8	13	16	0	21.9	475	965.5	29.5	49.1	1.4	14	1000
PAY	2021	8	13	17	0	21.8	294	965.4	29.1	51.8	1.4	67	1000
PAY	2021	8	13	18	0	21.9	124	965.2	26.8	68.3	0.9	76	1000
PAY	2021	8	13	19	0	21.9	20	965.5	24.3	77.2	0.5	79	0
PAY	2021	8	13	20	0	21	0	965.9	22.5	81.9	0.4	117	0
PAY	2021	8	13	21	0	20.2	0	966.1	20.8	91.1	0.5	180	0
PAY	2021	8	13	22	0	19.8	0	966.4	20.7	90.8	0.4	180	0
PAY	2021	8	13	23	0	19.3	0	966.2	19.7	93.3	0.6	198	0
PAY	2021	8	14	0	0	18.8	0	966.2	19.7	92.1	1.5	203	0
PAY	2021	8	14	1	0	18.5	0	965.9	18.8	95	1.6	207	0
PAY	2021	8	14	2	0	18.3	0	965.8	18.5	96.1	0.9	193	0
PAY	2021	8	14	3	0	18	0	965.7	18.3	96.1	0.5	191	0
PAY	2021	8	14	4	0	17.7	0	965.7	17.8	97.9	0.7	203	0
PAY	2021	8	14	5	0	17.3	7	965.8	17.6	96.5	0.8	203	95.17662711
PAY	2021	8	14	6	0	17.8	85	965.8	19.2	89	1.2	204	344.9112891
PAY	2021	8	14	7	0	18.6	208	965.9	20.8	82.2	0.9	201	501.4314588
PAY	2021	8	14	8	0	19.4	382	965.6	22.3	77.7	0.8	248	673.5141126
PAY	2021	8	14	9	0	20	590	965.2	25	67.6	0.5	0	851.2158134
PAY	2021	8	14	10	0	20.5	719	964.8	25.9	61.1	0.9	233	917.0138078
PAY	2021	8	14	11	0	21	798	964.2	27.4	55.1	0.9	243	957.0861531
PAY	2021	8	14	12	0	21.4	831	963.7	28.1	57	1.1	256	990.6264256
PAY	2021	8	14	13	0	22	818	963.2	29.3	52.1	1	360	1000
PAY	2021	8	14	14	0	22.6	732	962.9	30.3	51.1	1.5	279	1000
PAY	2021	8	14	15	0	22.9	628	962.4	30.7	50.2	0.8	270	1000
PAY	2021	8	14	16	0	23.4	437	962.2	30.1	54.3	1.5	347	970.3782194
PAY	2021	8	14	17	0	22.8	325	962	29.6	56.4	1.9	308	1000
PAY	2021	8	14	18	0	22.9	134	961.9	27.8	63.5	1.1	360	1000
PAY	2021	8	14	19	0	22.6	17	961.9	25	80.6	0.9	83	0
PAY	2021	8	14	20	0	22	0	962.2	23.3	86.9	0.4	180	0
PAY	2021	8	14	21	0	21.3	0	962.2	22.4	89.3	0.8	196	0
PAY	2021	8	14	22	0	20.9	0	962.2	22	89.8	1.2	202	0
PAY	2021	8	14	23	0	20.4	0	962.1	20.9	93.1	1.8	202	0
PAY	2021	8	15	0	0	19.8	0	961.8	20.4	92	1.9	202	0
PAY	2021	8	15	1	0	19	0	961.5	19.1	95.9	1	193	0
PAY	2021	8	15	2	0	18.5	0	961.1	19	93.9	0.8	188	0
PAY	2021	8	15	3	0	18.2	0	961.1	18.7	93.4	0.8	219	0
PAY	2021	8	15	4	0	17.9	0	960.7	18.2	95.1	0.5	162	0
PAY	2021	8	15	5	0	17.6	8	960.4	18.3	93.4	0.7	180	114.0965192
PAY	2021	8	15	6	0	17.9	82	960.5	19.7	87.6	0.8	196	337.1033828
PAY	2021	8	15	7	0	18.4	229	960.5	21.8	74.1	0.7	207	556.072822
PAY	2021	8	15	8	0	19.3	421	960.5	23.5	67.5	0.8	236	746.0359828
PAY	2021	8	15	9	0	19.8	532	960.4	24.8	60.5	0.8	284	770.6377924
PAY	2021	8	15	10	0	20.9	692	959.9	25.9	67.7	1.2	270	885.732109
PAY	2021	8	15	11	0	21.5	808	959.2	29.3	50.2	1.6	260	972.424611
PAY	2021	8	15	12	0	22	835	958.7	30.3	50	4.2	239	998.9811841
PAY	2021	8	15	13	0	22.4	825	958.1	31.2	46.8	6.4	237	1000
PAY	2021	8	15	14	0	22	785	957.8	31.6	41.2	5.8	232	1000
PAY	2021	8	15	15	0	21.3	230	958.1	29.2	52.2	4.2	232	387.1289635
PAY	2021	8	15	16	0	21.2	303	957.3	30.3	41	2.9	257	678.8774248
PAY	2021	8	15	17	0	20.8	302	956.9	29.7	45.5	2.6	265	1000
PAY	2021	8	15	18	0	21.3	137	957	28.1	53.4	2.3	242	1000
PAY	2021	8	15	19	0	20.4	17	957.6	26.7	52.9	2.4	263	0
PAY	2021	8	15	20	0	19.4	0	958.1	23.4	67.3	2.5	239	0
PAY	2021	8	15	21	0	19.1	0	958.4	21.6	77.3	0.9	180	0
PAY	2021	8	15	22	0	18.9	0	957.9	21.1	80.1	0.8	171	0
PAY	2021	8	15	23	0	19	0	957.9	21.4	79.9	1.1	194	0
PAY	2021	8	16	0	0	19	0	958.4	21.8	75.9	1.7	198	0
PAY	2021	8	16	1	0	18.4	0	958.5	21.8	70.9	4.3	201	0
PAY	2021	8	16	2	0	18	0	958.9	20	82.7	4	207	0
PAY	2021	8	16	3	0	18	0	958.9	20.2	81.2	3.8	207	0
PAY	2021	8	16	4	0	17.9	0	958.8	20	80.4	3.3	223	0
PAY	2021	8	16	5	0	17.4	0	958.8	19.9	77	2.5	220	0
PAY	2021	8	16	6	0	17.1	9	958.9	19.8	74.1	2.2	214	37.49471202
PAY	2021	8	16	7	0	16.8	30	959.1	19.6	76.3	2	219	73.38678558
PAY	2021	8	16	8	0	16.8	69	959.4	19.5	74.7	2.7	198	122.9017763
PAY	2021	8	16	9	0	15.9	104	959.7	20.2	61.5	2.9	216	151.2709766
PAY	2021	8	16	10	0	15.3	110	960.1	19.5	61.8	3.9	246	141.309255
PAY	2021	8	16	11	0	15	490	960	20.7	53.8	4.9	261	591.7953067
PAY	2021	8	16	12	0	14.7	836	960	22.2	44	5.9	258	1000
PAY	2021	8	16	13	0	14.1	656	960.1	21.4	43.1	6.5	258	827.8067581
PAY	2021	8	16	14	0	13.6	656	960.8	20.5	44.3	7	257	924.258905
PAY	2021	8	16	15	0	13.4	496	961.4	20.8	41.9	6.1	267	840.2414792
PAY	2021	8	16	16	0	13.4	568	961.9	21.2	43.3	5.2	261	1000
PAY	2021	8	16	17	0	13.2	216	962.1	19.4	48.8	3.4	266	783.7144533
PAY	2021	8	16	18	0	13.1	53	962.6	18.4	55.2	2.9	249	520.66315
PAY	2021	8	16	19	0	13.3	3	963	17.6	62.1	1.8	210	0
PAY	2021	8	16	20	0	13.2	0	963.4	17.2	65.1	2.1	212	0
PAY	2021	8	16	21	0	13.3	0	963.4	17.1	65.6	1.6	213	0
PAY	2021	8	16	22	0	13.3	0	963.4	17.4	62.7	2.4	220	0
PAY	2021	8	16	23	0	13.5	0	963.6	15.1	83	3.3	274	0
PAY	2021	8	17	0	0	13.5	0	964	14.1	93.3	1.7	198	0
PAY	2021	8	17	1	0	13.5	0	963.8	14.3	92.2	2.1	191	0
PAY	2021	8	17	2	0	13.4	0	963.8	14.1	94.1	1.1	197	0
PAY	2021	8	17	3	0	13.4	0	963.7	13.9	94.1	0.8	180	0
PAY	2021	8	17	4	0	13.4	0	963.6	14.3	92.9	0.5	194	0
PAY	2021	8	17	5	0	13.6	1	963.8	14.2	94	0.6	117	15.8252567
PAY	2021	8	17	6	0	13.3	53	963.9	14.2	92.3	0.4	124	223.8215412
PAY	2021	8	17	7	0	13.1	152	964.3	16	71.4	0.7	360	374.6224425
PAY	2021	8	17	8	0	12.4	396	964.3	16.4	64.9	2	6	709.0439135
PAY	2021	8	17	9	0	12.7	497	964.2	16.8	60.2	1.6	13	725.9308474
PAY	2021	8	17	10	0	12.8	657	964.4	17.7	59.2	1.8	356	847.1447225
PAY	2021	8	17	11	0	13.2	761	964	19.3	53.2	1.7	14	922.4136696
PAY	2021	8	17	12	0	13.2	653	963.4	18.8	50.8	1.8	345	787.0892526
PAY	2021	8	17	13	0	13.5	734	962.7	20.7	45.4	1.7	323	930.1697459
PAY	2021	8	17	14	0	13.5	714	962.3	21.5	44	1.8	266	1000
PAY	2021	8	17	15	0	13.4	514	962.3	21.3	39.8	3.1	308	876.507614
PAY	2021	8	17	16	0	13.7	274	962.3	19.5	51.2	3.2	328	625.4895277
PAY	2021	8	17	17	0	13.7	261	962.2	20	48.3	2.8	347	962.5086484
PAY	2021	8	17	18	0	13.2	154	962.4	18.4	52.6	3.3	307	1000
PAY	2021	8	17	19	0	12.7	13	963.1	17.4	57.7	1.3	285	0
PAY	2021	8	17	20	0	12.6	0	963.7	14.9	73.1	0.9	214	0
PAY	2021	8	17	21	0	11.9	0	963.8	15.4	63.3	1.3	189	0
PAY	2021	8	17	22	0	11.8	0	963.9	15.3	67	1.2	198	0
PAY	2021	8	17	23	0	12.2	0	964	15	76	0.8	180	0
PAY	2021	8	18	0	0	12.3	0	963.6	14.7	75.5	0.8	198	0
PAY	2021	8	18	1	0	12.4	0	963.5	14.5	78.4	1.2	180	0
PAY	2021	8	18	2	0	12.4	0	963.5	14.5	77.8	1.2	84	0
PAY	2021	8	18	3	0	12.2	0	963.4	14.4	79.8	0.9	84	0
PAY	2021	8	18	4	0	12.3	0	963.3	14.2	81.3	0.4	162	0
PAY	2021	8	18	5	0	12.1	2	963.4	14	81.6	1	207	33.50245555
PAY	2021	8	18	6	0	12.4	29	963.4	14.4	81.7	1.1	207	124.17833
PAY	2021	8	18	7	0	12.8	84	963.4	15.4	76.9	0.8	203	208.6109241
PAY	2021	8	18	8	0	12.8	122	963.4	15.9	72.5	0.3	360	219.6062256
PAY	2021	8	18	9	0	13	256	963.5	16.5	67.9	1.1	32	375.5163388
PAY	2021	8	18	10	0	13.1	574	963.1	18.1	59.5	1.4	338	742.936229
PAY	2021	8	18	11	0	13.7	820	962.6	19.5	54.4	1.3	18	997.598343
PAY	2021	8	18	12	0	14.5	865	962.1	20.5	51.5	1.4	350	1000
PAY	2021	8	18	13	0	14.9	848	961.7	22	49.1	1.4	288	1000
PAY	2021	8	18	14	0	15.7	766	961.4	22.8	49.7	1.9	312	1000
PAY	2021	8	18	15	0	15.8	636	961	22.1	52.2	1.9	350	1000
PAY	2021	8	18	16	0	15.4	368	960.8	21.7	53.4	2	327	848.3058286
PAY	2021	8	18	17	0	15.6	314	960.5	20.9	58	2.5	15	1000
PAY	2021	8	18	18	0	14.9	136	960.6	18.7	64.6	3.7	360	1000
PAY	2021	8	18	19	0	14.2	14	961	17.3	70.5	1.9	17	0
PAY	2021	8	18	20	0	13.9	0	961.2	16.2	76.7	1.2	85	0
PAY	2021	8	18	21	0	13.7	0	961.3	15.2	84.9	0.9	67	0
PAY	2021	8	18	22	0	13.9	0	961.2	15.2	85.3	0.5	202	0
PAY	2021	8	18	23	0	13.9	0	961.1	15.1	87.3	1.3	198	0
PAY	2021	8	19	0	0	13.8	0	961.1	14.7	89.7	1.7	197	0
PAY	2021	8	19	1	0	13.6	0	961	14.8	90.8	1.2	200	0
PAY	2021	8	19	2	0	13.9	0	960.8	14.7	90.9	0.5	214	0
PAY	2021	8	19	3	0	13.7	0	960.5	14.9	86.4	0.6	198	0
PAY	2021	8	19	4	0	13.8	0	960.4	14.5	91.6	0.4	198	0
PAY	2021	8	19	5	0	13.7	3	960.4	14.6	89.1	0.8	203	53.39507851
PAY	2021	8	19	6	0	13.9	33	960.6	15.5	87.4	0.7	196	143.3211387
PAY	2021	8	19	7	0	14.4	120	960.5	16.5	83.4	0.2	243	300.3318843
PAY	2021	8	19	8	0	14.8	171	960.4	17.4	77.5	0.7	351	309.4755591
PAY	2021	8	19	9	0	15.4	411	960.5	19	68.6	1.1	21	605.5006198
PAY	2021	8	19	10	0	15.1	401	960.6	19.1	66.2	1.4	70	521.0326378
PAY	2021	8	19	11	0	14.9	498	960.2	20.1	58.4	1.3	45	608.1455695
PAY	2021	8	19	12	0	15.5	635	960	21.5	55.8	1.2	103	771.4036701
PAY	2021	8	19	13	0	15.7	609	959.6	21.6	54.5	1.2	153	778.581262
PAY	2021	8	19	14	0	16.2	572	959.4	21.8	56.4	1.1	82	818.6484893
PAY	2021	8	19	15	0	15.9	413	959	21.8	53	1.2	101	714.0233709
PAY	2021	8	19	16	0	16.3	406	958.7	22.7	52.6	0.7	153	945.332843
PAY	2021	8	19	17	0	16.2	226	958.5	22.2	52.8	0.9	326	862.4306648
PAY	2021	8	19	18	0	16.1	124	958.5	21	58.7	1.6	360	1000
PAY	2021	8	19	19	0	15.8	6	958.9	18.1	77.5	0.9	40	0
PAY	2021	8	19	20	0	15.4	0	959.6	17.5	80.8	0.7	79	0
PAY	2021	8	19	21	0	15.3	0	959.8	16	90	0.6	63	0
PAY	2021	8	19	22	0	14.8	0	960	15.6	91.8	0.3	180	0
PAY	2021	8	19	23	0	14.6	0	960.1	15.4	91.9	0.7	180	0
PAY	2021	8	20	0	0	14.4	0	960.1	14.9	92.2	1.2	200	0
PAY	2021	8	20	1	0	13.9	0	960	14.4	93.8	1.2	200	0
PAY	2021	8	20	2	0	13.7	0	959.8	14.1	93.1	0.8	194	0
PAY	2021	8	20	3	0	13.5	0	960	13.9	94.9	1.5	203	0
PAY	2021	8	20	4	0	13.4	0	959.9	13.6	95.1	1.3	201	0
PAY	2021	8	20	5	0	13.3	4	960.2	13.8	95.5	0.4	108	75.96738209
PAY	2021	8	20	6	0	14	56	960.5	15.6	90	0.6	207	246.7534547
PAY	2021	8	20	7	0	14.8	139	960.8	16.7	84.4	0.7	231	350.6334401
PAY	2021	8	20	8	0	15.1	305	960.8	17.9	74.7	0.4	297	555.0277632
PAY	2021	8	20	9	0	15.5	572	960.9	19.1	69.3	0.8	18	846.4222975
PAY	2021	8	20	10	0	16.6	695	960.8	21.8	63.2	1.4	343	906.6094176
PAY	2021	8	20	11	0	16.9	740	960.6	22.5	58.7	1.4	304	907.1564863
PAY	2021	8	20	12	0	16.9	844	960.4	23.1	52.9	1.1	307	1000
PAY	2021	8	20	13	0	17.2	821	960.2	24.6	48.2	1.2	230	1000
PAY	2021	8	20	14	0	17.1	726	960	24.9	46	1.2	186	1000
PAY	2021	8	20	15	0	17	606	959.9	24.6	45.6	1.4	124	1000
PAY	2021	8	20	16	0	17.4	459	959.9	24.5	49.7	1.2	29	1000
PAY	2021	8	20	17	0	17.6	288	959.8	24	54.1	1.9	353	1000
PAY	2021	8	20	18	0	17.1	117	960	23	53.7	1.6	4	1000
PAY	2021	8	20	19	0	16.9	7	960.6	19	81.3	0.6	45	0
PAY	2021	8	20	20	0	16.2	0	961.1	17.6	82.3	0.3	153	0
PAY	2021	8	20	21	0	15.6	0	961.3	16.7	87.5	1.2	194	0
PAY	2021	8	20	22	0	15.1	0	961.6	15.4	92.9	0.7	180	0
PAY	2021	8	20	23	0	14.1	0	961.7	14.9	91.3	1	197	0
PAY	2021	8	21	0	0	13.7	0	961.7	13.6	94.1	1.9	205	0
PAY	2021	8	21	1	0	13.1	0	961.6	13.6	93.4	1.5	201	0
PAY	2021	8	21	2	0	12.8	0	961.6	13	94.5	1.3	203	0
PAY	2021	8	21	3	0	12.5	0	961.6	13.8	89.6	1.5	192	0
PAY	2021	8	21	4	0	12.4	0	961.7	12.8	94.2	0.9	194	0
PAY	2021	8	21	5	0	12.3	4	962	12.6	96.1	0.5	169	81.45770018
PAY	2021	8	21	6	0	13	80	962.4	14.6	90.4	0.9	194	357.7491341
PAY	2021	8	21	7	0	14.4	220	962.6	16.8	81.8	0.9	207	559.4182041
PAY	2021	8	21	8	0	15.9	402	962.5	18.9	78.2	0.5	243	735.6401694
PAY	2021	8	21	9	0	17.2	573	962.7	21.5	71.8	0.7	360	851.7241005
PAY	2021	8	21	10	0	18	698	962.5	22.6	66	0.9	326	914.1977278
PAY	2021	8	21	11	0	19.1	781	962.2	23.8	60.5	1.1	304	961.1920716
PAY	2021	8	21	12	0	19.3	812	961.9	26.1	53.9	1.2	252	994.5379853
PAY	2021	8	21	13	0	17.8	811	961.7	28.2	34.9	3.9	243	1000
PAY	2021	8	21	14	0	17.9	725	961.4	28.4	34.9	4.3	230	1000
PAY	2021	8	21	15	0	17.7	614	961.2	28.8	32.2	4.1	235	1000
PAY	2021	8	21	16	0	17.3	408	961.2	27.6	30.6	3.4	217	970.0438313
PAY	2021	8	21	17	0	16.9	201	961.1	26.4	40.3	1.5	225	795.5975325
PAY	2021	8	21	18	0	17.6	61	961	22.3	65.7	0.5	180	785.4003898
PAY	2021	8	21	19	0	16.3	5	961.1	22.3	51.5	1.3	194	0
PAY	2021	8	21	20	0	15.3	0	961	18.3	69.8	1.2	202	0
PAY	2021	8	21	21	0	14.9	0	960.9	19.4	59.8	1.6	196	0
PAY	2021	8	21	22	0	14.6	0	961.1	18.1	70.3	1.8	217	0
PAY	2021	8	21	23	0	15.2	0	961	20	64.9	2.6	183	0
PAY	2021	8	22	0	0	15.8	0	961.9	18.3	76.6	2.2	117	0
PAY	2021	8	22	1	0	15.9	0	962.3	16.7	92.2	1.1	180	0
PAY	2021	8	22	2	0	15.9	0	963	16.7	93.8	1.1	225	0
PAY	2021	8	22	3	0	16.4	0	962.9	17.2	92.3	1.1	120	0
PAY	2021	8	22	4	0	16.2	0	963	17.3	88.2	1	198	0
PAY	2021	8	22	5	0	16.2	1	963.2	16.6	97.2	0.8	11	21.95942765
PAY	2021	8	22	6	0	16.2	42	963.3	16.8	96	0.8	162	190.6734326
PAY	2021	8	22	7	0	16.6	110	963.5	17.5	91.5	0.7	214	281.9942578
PAY	2021	8	22	8	0	17.4	228	963.3	19.1	89.6	1.1	204	419.6037763
PAY	2021	8	22	9	0	17.9	360	963.4	20.3	78.8	1.1	212	537.5707115
PAY	2021	8	22	10	0	17.9	523	963.2	21.6	74.1	0.9	231	687.8133818
PAY	2021	8	22	11	0	18	356	962.6	22.4	63.3	0.9	270	439.9006504
PAY	2021	8	22	12	0	17.8	121	962.7	19.3	85.4	2.2	287	148.8299883
PAY	2021	8	22	13	0	17.8	138	962.6	19.2	87.6	1.9	215	178.9156559
PAY	2021	8	22	14	0	17.7	213	962.2	20.9	79.8	2.8	190	310.0368761
PAY	2021	8	22	15	0	18.2	434	962.2	22.6	61.7	3.3	245	766.9937332
PAY	2021	8	22	16	0	16.6	213	962.8	21.2	64.6	4.8	269	511.9566099
PAY	2021	8	22	17	0	15.9	226	963	20.2	62	4.5	250	911.9173037
PAY	2021	8	22	18	0	15.5	34	963.9	19.3	65.1	3	297	468.0821965
PAY	2021	8	22	19	0	14.6	2	964.7	18.5	63.9	3.2	314	0
PAY	2021	8	22	20	0	14.5	0	965.2	18.8	60.2	0.9	254	0
PAY	2021	8	22	21	0	14.8	0	965.5	16.7	81.1	0.9	180	0
PAY	2021	8	22	22	0	14.2	0	965.6	16.8	73.1	1.6	83	0
PAY	2021	8	22	23	0	13.8	0	965.7	17	70.9	1.6	70	0
PAY	2021	8	23	0	0	13.7	0	965.4	16.7	71.2	1.2	17	0
PAY	2021	8	23	1	0	13.8	0	965.2	15.5	87.8	0.4	117	0
PAY	2021	8	23	2	0	13.7	0	964.9	14.3	92	0.4	198	0
PAY	2021	8	23	3	0	13.3	0	964.8	13.9	92.4	0.4	135	0
PAY	2021	8	23	4	0	13.2	0	964.7	13.9	92.3	0.5	194	0
PAY	2021	8	23	5	0	12.8	3	964.8	12.9	93.8	0.6	189	71.50625384
PAY	2021	8	23	6	0	12.6	86	964.9	14.3	88.3	0.7	171	396.4927719
PAY	2021	8	23	7	0	13.7	252	964.6	16.8	73.3	0.3	90	651.3904555
PAY	2021	8	23	8	0	14	433	964.6	17.8	66	1.8	13	801.4917038
PAY	2021	8	23	9	0	14.1	604	964.6	19.4	58.9	1.7	30	906.1392994
PAY	2021	8	23	10	0	14.3	739	964.4	20.2	54.7	1.5	15	975.9622551
PAY	2021	8	23	11	0	14.1	828	963.9	21.2	50.9	1.9	13	1000
PAY	2021	8	23	12	0	14.8	861	963.5	21.4	49.4	2.3	9	1000
PAY	2021	8	23	13	0	14.6	801	963.2	23	43	2.9	16	1000
PAY	2021	8	23	14	0	15.3	707	963	22.3	48.1	3.5	2	1000
PAY	2021	8	23	15	0	15.5	492	962.8	21.7	53.7	3.9	19	876.2059092
PAY	2021	8	23	16	0	15.5	485	962.8	21.3	53.9	4.4	27	1000
PAY	2021	8	23	17	0	15.1	298	962.8	20.1	55.3	4.2	42	1000
PAY	2021	8	23	18	0	14.4	100	963	18.5	63.5	3.5	50	1000
PAY	2021	8	23	19	0	14.1	6	963.3	17	72.3	2.8	56	0
PAY	2021	8	23	20	0	13.9	0	963.8	16.3	75.7	2.4	59	0
PAY	2021	8	23	21	0	13.6	0	963.6	15.6	80.2	2.3	54	0
PAY	2021	8	23	22	0	13.6	0	963.4	15.3	82.8	2.3	37	0
PAY	2021	8	23	23	0	13.4	0	963.1	14.7	85.1	1.9	25	0
PAY	2021	8	24	0	0	13.4	0	962.8	15.2	83.3	1.9	43	0
PAY	2021	8	24	1	0	13.2	0	962.5	14.5	87.2	1.8	43	0
PAY	2021	8	24	2	0	13.2	0	962.4	14.6	86.5	2.3	49	0
PAY	2021	8	24	3	0	13.2	0	962.3	14.1	89.2	2.8	57	0
PAY	2021	8	24	4	0	13.1	0	962.3	14.2	89.1	2.5	56	0
PAY	2021	8	24	5	0	13.2	2	962.2	14.3	88.4	3.3	50	52.14703585
PAY	2021	8	24	6	0	13	51	962.4	14.4	83.9	4.2	46	238.8644922
PAY	2021	8	24	7	0	12.9	182	962.4	14.9	79	5.2	41	474.423822
PAY	2021	8	24	8	0	13	264	962.4	15.8	77.3	5.7	39	491.545705
PAY	2021	8	24	9	0	13.4	347	962.6	16.9	73	5.6	35	523.0572149
PAY	2021	8	24	10	0	13.9	561	962.5	17.7	68	5.9	36	744.0584369
PAY	2021	8	24	11	0	14.4	746	962.3	18.6	64.2	6.1	35	929.4939053
PAY	2021	8	24	12	0	14.7	802	962.2	19.3	60.3	6.2	44	995.1372957
PAY	2021	8	24	13	0	15	819	961.9	19.5	59.8	6.4	41	1000
PAY	2021	8	24	14	0	14.8	731	961.7	19.8	59.6	7	42	1000
PAY	2021	8	24	15	0	14.6	620	961.6	19.2	60.3	7.2	52	1000
PAY	2021	8	24	16	0	14.2	475	961.7	18.2	61.3	7.4	48	1000
PAY	2021	8	24	17	0	13.5	273	962	17.6	62.4	7.3	51	1000
PAY	2021	8	24	18	0	13.4	54	962.1	16.8	68.1	5.9	48	865.5847296
PAY	2021	8	24	19	0	13.2	2	962.4	16.4	69.9	5	49	0
PAY	2021	8	24	20	0	13.2	0	962.6	16.2	71.5	4.4	54	0
PAY	2021	8	24	21	0	13	0	962.3	15.6	73.9	3.1	58	0
PAY	2021	8	24	22	0	13	0	962.1	15.7	74.4	3.5	56	0
PAY	2021	8	24	23	0	13	0	962.1	15.3	77.8	2.5	58	0
PAY	2021	8	25	0	0	12.9	0	961.9	14.6	80.7	3.3	55	0
PAY	2021	8	25	1	0	12.6	0	961.6	14.5	80.8	3.6	54	0
PAY	2021	8	25	2	0	12.4	0	961.5	14.2	82.4	3.1	56	0
PAY	2021	8	25	3	0	12.5	0	961.2	14.4	79.7	2.7	45	0
PAY	2021	8	25	4	0	12.4	0	961.2	14.3	80.4	2.7	40	0
PAY	2021	8	25	5	0	12.2	1	961.2	14	80.9	2.7	37	0
PAY	2021	8	25	6	0	12.2	43	961.4	14.1	82.2	1.8	47	204.6672876
PAY	2021	8	25	7	0	12.7	111	961.3	14.9	78.5	1.7	47	291.8332123
PAY	2021	8	25	8	0	12.8	125	961.6	15.4	76.7	2.1	51	234.13261
PAY	2021	8	25	9	0	13.2	208	961.6	15.9	74.1	2.4	59	315.0519243
PAY	2021	8	25	10	0	13.6	310	961.5	17.1	72.3	2.7	39	412.9504468
PAY	2021	8	25	11	0	14.1	458	961.3	17.8	69.5	3.1	46	573.1017533
PAY	2021	8	25	12	0	14.3	429	961.4	18.4	66.8	3.7	59	534.7250778
PAY	2021	8	25	13	0	14.4	529	961.2	18.5	64.4	3.3	55	696.2081476
PAY	2021	8	25	14	0	14.5	434	961.1	18.9	61.9	3	46	643.2636204
PAY	2021	8	25	15	0	14.7	427	960.9	19	63.6	3.2	48	772.6635229
PAY	2021	8	25	16	0	14.8	410	960.5	18.6	63	2.9	49	1000
PAY	2021	8	25	17	0	14.4	184	960.2	18.9	60.5	2.1	55	789.7213314
PAY	2021	8	25	18	0	14.1	113	960.2	18	62	2.5	38	1000
PAY	2021	8	25	19	0	13.3	4	960.2	15.6	76.8	1.7	47	0
PAY	2021	8	25	20	0	12.7	0	960.5	13.4	88.1	0.4	72	0
PAY	2021	8	25	21	0	12	0	960.5	12.6	92.4	0.3	180	0
PAY	2021	8	25	22	0	11.4	0	960.4	11.8	93.8	0.5	194	0
PAY	2021	8	25	23	0	10.8	0	960.3	11.5	93.6	1.6	195	0
PAY	2021	8	26	0	0	10.7	0	960	10.8	95.4	1.6	197	0
PAY	2021	8	26	1	0	10	0	959.6	10.4	95.7	0.9	203	0
PAY	2021	8	26	2	0	9.8	0	959.3	10.6	95.5	1.2	200	0
PAY	2021	8	26	3	0	9.6	0	958.9	9.5	96.1	1.1	190	0
PAY	2021	8	26	4	0	9.3	0	959.2	10.4	94.8	0.8	169	0
PAY	2021	8	26	5	0	9.8	2	959.1	10.5	94.4	1.2	200	0
PAY	2021	8	26	6	0	10	40	959.4	11	95.5	0.4	180	193.5521662
PAY	2021	8	26	7	0	11.7	139	959	13.2	90.5	0.6	191	368.6438422
PAY	2021	8	26	8	0	13.3	282	959	15.1	83.8	0.5	79	531.418665
PAY	2021	8	26	9	0	14.3	493	958.7	17.7	75.2	0.7	90	750.417228
PAY	2021	8	26	10	0	15.7	653	958.2	20	64.1	1.4	265	873.7324267
PAY	2021	8	26	11	0	15.7	598	957.9	21.6	51.5	2.3	254	751.5615464
PAY	2021	8	26	12	0	15.9	804	957.6	23.1	48	2.9	236	1000
PAY	2021	8	26	13	0	15.8	664	957.3	23.6	48.8	3.1	276	878.457248
PAY	2021	8	26	14	0	15.4	644	956.9	23.5	42.1	3.4	272	960.5670094
PAY	2021	8	26	15	0	15.2	608	956.8	22.9	42.2	4.3	311	1000
PAY	2021	8	26	16	0	14.4	244	956.8	21.5	44	3.8	307	614.361169
PAY	2021	8	26	17	0	14.1	102	957	20.3	52	3.8	311	447.526294
PAY	2021	8	26	18	0	14	34	957.5	19.2	56.3	3.2	326	655.1815897
PAY	2021	8	26	19	0	14	2	958.1	17.1	70.1	2.5	30	0
PAY	2021	8	26	20	0	13.3	0	958.5	16.9	58.3	1.9	71	0
PAY	2021	8	26	21	0	11.9	0	958.8	16.3	60.6	1.9	27	0
PAY	2021	8	26	22	0	12.2	0	958.8	15.5	69.2	1.6	48	0
PAY	2021	8	26	23	0	12.4	0	958.5	15.3	71.6	0.9	90	0
PAY	2021	8	27	0	0	11.8	0	958.2	12.8	85.4	0.5	45	0
PAY	2021	8	27	1	0	11.2	0	957.9	13.2	80.2	0.6	146	0
PAY	2021	8	27	2	0	10.9	0	958	11.8	90.1	0.7	252	0
PAY	2021	8	27	3	0	11.1	0	958.2	12.4	85.8	0.8	72	0
PAY	2021	8	27	4	0	11.5	0	958	13.1	83.3	0.6	53	0
PAY	2021	8	27	5	0	11.7	1	958.3	12.6	87.7	0.3	45	0
PAY	2021	8	27	6	0	11.7	47	958.8	13.1	83.9	0.6	37	231.2912873
PAY	2021	8	27	7	0	11.5	158	959	14.1	69.8	1.7	33	422.7610404
PAY	2021	8	27	8	0	11.5	305	959.1	15.4	62.6	2.7	33	578.3197597
PAY	2021	8	27	9	0	12	510	959	17.2	57.2	3.2	36	780.1924111
PAY	2021	8	27	10	0	11.8	729	958.8	17.9	48.5	3	68	979.8492865
PAY	2021	8	27	11	0	12.3	814	958.7	19	43.4	2.8	54	1000
PAY	2021	8	27	12	0	12.4	867	958.5	20.1	41.2	2.7	43	1000
PAY	2021	8	27	13	0	12.7	869	958.6	20.3	41.7	3.3	17	1000
PAY	2021	8	27	14	0	12.8	617	958.4	20.3	43.5	3.5	31	926.2551597
PAY	2021	8	27	15	0	12.8	516	958.4	19.5	43.9	3.7	30	949.4321913
PAY	2021	8	27	16	0	12.5	326	958.4	19.2	44.9	2.9	20	831.0574412
PAY	2021	8	27	17	0	13	302	958.6	18.7	49.8	3.8	37	1000
PAY	2021	8	27	18	0	12.5	102	959	17.3	56.8	2.8	37	1000
PAY	2021	8	27	19	0	12.2	3	959.7	15.7	63.6	2.2	31	0
PAY	2021	8	27	20	0	11.4	0	960.1	14.7	64.2	1.6	62	0
PAY	2021	8	27	21	0	11	0	960.1	14.1	70	1.4	77	0
PAY	2021	8	27	22	0	10.6	0	960.1	13.6	67.2	1.4	59	0
PAY	2021	8	27	23	0	10.1	0	960.2	12.4	72.4	0.9	60	0
PAY	2021	8	28	0	0	9.5	0	960.5	11.1	78.9	0.9	36	0
PAY	2021	8	28	1	0	8.9	0	960.3	11.3	74.3	1.2	75	0
PAY	2021	8	28	2	0	8.6	0	960.2	8.6	89.8	1.1	49	0
PAY	2021	8	28	3	0	8	0	960.2	8.2	92.3	0.5	135	0
PAY	2021	8	28	4	0	7.5	0	960.1	7.8	94	0.3	117	0
PAY	2021	8	28	5	0	7.2	1	960.2	7.7	93.6	0.7	189	0
PAY	2021	8	28	6	0	7.8	75	960.4	9.4	88.7	0.5	225	375.5064648
PAY	2021	8	28	7	0	9.8	239	960.5	12.8	77.9	0.9	50	645.2799004
PAY	2021	8	28	8	0	11.5	416	960.5	15.3	69.2	1.8	22	793.7568894
PAY	2021	8	28	9	0	11.9	551	960.6	16.6	57.6	3.4	45	847.2234957
PAY	2021	8	28	10	0	12	641	960.5	17.8	51	3.2	63	865.5540468
PAY	2021	8	28	11	0	12.4	817	960.4	18.7	49.5	3.4	53	1000
PAY	2021	8	28	12	0	12.6	862	960.1	19.4	44.9	3	51	1000
PAY	2021	8	28	13	0	12.6	635	960.1	18.7	48	3.5	20	849.2066529
PAY	2021	8	28	14	0	12.6	394	960	18.9	48.6	2.9	31	595.3974646
PAY	2021	8	28	15	0	12.7	560	959.9	19.5	46.5	2.6	3	1000
PAY	2021	8	28	16	0	12.7	257	960.4	17.8	54.8	4.5	356	663.536557
PAY	2021	8	28	17	0	12.2	77	960.5	17.1	56.8	3.8	358	353.8778659
PAY	2021	8	28	18	0	12.1	39	961	16.1	62.6	3.8	355	947.1028466
PAY	2021	8	28	19	0	11.9	2	961.6	15.6	63.6	2.1	21	0
PAY	2021	8	28	20	0	11.9	0	961.8	14.5	75.2	0.6	72	0
PAY	2021	8	28	21	0	11.8	0	961.9	14.6	73.8	0.6	79	0
PAY	2021	8	28	22	0	12	0	961.8	13.7	82.4	0.4	45	0
PAY	2021	8	28	23	0	11.5	0	961.7	12.4	87.2	0.4	180	0
PAY	2021	8	29	0	0	11.2	0	961.3	12.1	88	0.6	202	0
PAY	2021	8	29	1	0	10.8	0	961	11.3	91.9	1.2	200	0
PAY	2021	8	29	2	0	10.5	0	960.9	11.4	91	0.6	180	0
PAY	2021	8	29	3	0	10.6	0	960.8	11.2	90.7	0.9	207	0
PAY	2021	8	29	4	0	9.9	0	960.7	10.1	93.9	0.3	225	0
PAY	2021	8	29	5	0	9.4	1	960.8	9.5	96.2	0.5	225	0
PAY	2021	8	29	6	0	9.5	69	961	10.4	93.7	0.7	146	351.6233564
PAY	2021	8	29	7	0	10.6	232	961	12.8	84.6	0.4	270	632.1479197
PAY	2021	8	29	8	0	12.6	414	960.8	16.1	71.7	0.8	67	794.999358
PAY	2021	8	29	9	0	12.3	586	960.5	17	57.1	1	31	905.7296919
PAY	2021	8	29	10	0	13	712	960.4	18.2	51.1	1.6	53	965.9595864
PAY	2021	8	29	11	0	12.9	661	960.3	18.7	52.6	1.9	8	842.1543491
PAY	2021	8	29	12	0	13.1	222	960.4	18.2	57.8	2.6	360	282.0412581
PAY	2021	8	29	13	0	13.1	173	960.3	17.7	57.8	2.4	33	232.6507625
PAY	2021	8	29	14	0	13.4	285	960	18.3	57.5	2.6	53	433.5937072
PAY	2021	8	29	15	0	13.5	342	959.8	18.7	58	2.3	51	640.3674751
PAY	2021	8	29	16	0	13.6	269	959.9	18.1	61.8	3.4	26	703.629058
PAY	2021	8	29	17	0	13.4	207	959.8	17.5	62.7	3.6	27	974.8676989
PAY	2021	8	29	18	0	13.1	66	960.2	16.4	68.4	2.5	52	1000
PAY	2021	8	29	19	0	12.7	2	960.6	15.1	75.2	1.6	40	0
PAY	2021	8	29	20	0	12.3	0	960.9	14	81.9	1.3	48	0
PAY	2021	8	29	21	0	12.3	0	960.7	14	83.2	1.3	42	0
PAY	2021	8	29	22	0	12.1	0	960.4	13.7	82.8	1.1	63	0
PAY	2021	8	29	23	0	12	0	960.1	13.4	85.4	0.8	23	0
PAY	2021	8	30	0	0	12	0	959.9	12.8	89.6	0.9	16	0
PAY	2021	8	30	1	0	11.2	0	959.8	11.3	94.5	0.7	72	0
PAY	2021	8	30	2	0	10.4	0	959.7	10.3	96.7	0.7	82	0
PAY	2021	8	30	3	0	9.9	0	959.6	9.9	97	0.4	198	0
PAY	2021	8	30	4	0	9.6	0	959.6	9.6	97.6	0.9	198	0
PAY	2021	8	30	5	0	9.1	1	959.7	9.4	96	0.6	104	0
PAY	2021	8	30	6	0	9.4	68	959.9	10.7	94.5	0.8	196	352.8534973
PAY	2021	8	30	7	0	11.1	230	960.2	13.2	86.9	0.5	333	632.5700779
PAY	2021	8	30	8	0	12.5	398	960	15.1	76.5	2.1	37	769.2523315
PAY	2021	8	30	9	0	13.2	510	960	17	67.4	2.7	31	792.4394197
PAY	2021	8	30	10	0	13.4	744	960	18.1	56.3	3.4	43	1000
PAY	2021	8	30	11	0	14	782	959.9	20	53.8	3.6	43	1000
PAY	2021	8	30	12	0	14	808	959.8	20.4	46.8	4	50	1000
PAY	2021	8	30	13	0	14.2	800	959.6	20.4	51.2	4.4	41	1000
PAY	2021	8	30	14	0	14.7	696	959.5	21.2	50.1	4.2	43	1000
PAY	2021	8	30	15	0	14.6	590	959.7	20.2	51.3	5	45	1000
PAY	2021	8	30	16	0	14.1	433	959.8	20.3	51.1	4.8	49	1000
PAY	2021	8	30	17	0	14	261	960	19.5	52.6	3.9	45	1000
PAY	2021	8	30	18	0	13.6	80	960.5	17.8	61.3	3.3	41	0
PAY	2021	8	30	19	0	13.1	1	961.1	16.4	65.6	2.8	45	0
PAY	2021	8	30	20	0	12.4	0	961.7	15.1	72.6	2.2	56	0
PAY	2021	8	30	21	0	12.2	0	961.9	14.6	76.8	2.1	34	0
PAY	2021	8	30	22	0	11.8	0	961.8	13.2	84	1.7	42	0
PAY	2021	8	30	23	0	11.7	0	961.7	13.4	84.3	1.7	40	0
PAY	2021	8	31	0	0	11.3	0	961.9	11.3	92.6	1.3	48	0
PAY	2021	8	31	1	0	10.6	0	962	10.3	95.6	0.6	27	0
PAY	2021	8	31	2	0	10.3	0	962	10.7	95.6	0.3	180	0
PAY	2021	8	31	3	0	10.1	0	962	10.4	96	0.4	34	0
PAY	2021	8	31	4	0	10	0	962.2	10.3	96.5	0.5	11	0
PAY	2021	8	31	5	0	11.2	0	962.5	12.5	91.4	1	41	0
PAY	2021	8	31	6	0	12.1	19	962.9	13.7	87	1.2	45	100.4355532
PAY	2021	8	31	7	0	12.8	96	963.1	14.4	87.4	1.9	36	266.5466292
PAY	2021	8	31	8	0	13.4	341	962.9	16.1	74.2	3.4	52	663.4485749
PAY	2021	8	31	9	0	13.6	335	963.5	16.9	71.1	4.2	38	523.3310066
PAY	2021	8	31	10	0	13.6	440	963.4	18.4	60.1	4	42	602.7458195
PAY	2021	8	31	11	0	13.9	620	963.1	19.9	53.7	4.4	45	797.5049135
PAY	2021	8	31	12	0	14.1	699	963.3	20.2	50.8	4.7	40	897.1019301
PAY	2021	8	31	13	0	14.4	726	963.4	20.9	49.9	5	36	987.6077169
PAY	2021	8	31	14	0	14.3	677	963.2	21.6	46.9	5	38	1000
PAY	2021	8	31	15	0	14.2	575	963.2	20.8	48.6	5.2	43	1000
PAY	2021	8	31	16	0	14	357	963.4	19.9	50.8	4.8	49	959.4335609
PAY	2021	8	31	17	0	13.9	244	963.7	19.2	54.8	4.8	50	1000
PAY	2021	8	31	18	0	13.4	66	963.9	17.7	59.5	4.7	51	0
PAY	2021	8	31	19	0	12.9	1	964.6	16.5	67.2	3.9	49	0
PAY	2021	8	31	20	0	12.9	0	964.9	15.5	72.8	2.9	42	0
PAY	2021	8	31	21	0	12.3	0	965	14.6	75.2	3	41	0
PAY	2021	8	31	22	0	12	0	965.1	13.9	79.1	3	41	0
PAY	2021	8	31	23	0	11.7	0	965	13.1	82.7	2.8	36	0
PAY	2021	9	1	0	0	11.2	0	965	12.5	83.1	2.4	34	0
PAY	2021	9	1	1	0	11	0	965.4	12.4	83.5	2.5	32	0
PAY	2021	9	1	2	0	10.7	0	965.6	12.2	86	1.7	50	0
PAY	2021	9	1	3	0	11	0	965.8	11.9	89.9	1.6	48	0
PAY	2021	9	1	4	0	10.7	0	965.9	10.7	93.8	1.5	48	0
PAY	2021	9	1	5	0	9.9	1	965.9	9.5	96.1	1.1	56	0
PAY	2021	9	1	6	0	9.4	59	966.2	10.8	93.6	0.3	63	317.8580164
PAY	2021	9	1	7	0	11.6	215	966.3	13.1	85.7	1.7	55	602.7457418
PAY	2021	9	1	8	0	12.1	213	966.5	14.1	82.6	1.4	61	417.2037658
PAY	2021	9	1	9	0	12.9	306	966.4	16	73.7	2.3	34	480.6514395
PAY	2021	9	1	10	0	13.6	531	966.4	18.6	63.8	3.3	18	731.0324898
PAY	2021	9	1	11	0	14.1	743	966.4	19.1	59	3.9	31	960.4336663
PAY	2021	9	1	12	0	14.5	798	966	21.4	52.4	4	28	1000
PAY	2021	9	1	13	0	14.5	778	965.9	21.7	47.1	4	34	1000
PAY	2021	9	1	14	0	15	700	965.3	22.1	46.6	4.6	32	1000
PAY	2021	9	1	15	0	14.9	578	965.1	22.3	44.6	5	26	1000
PAY	2021	9	1	16	0	14.7	419	964.9	22	44.8	4.3	45	1000
PAY	2021	9	1	17	0	14.3	243	964.9	21	45.9	3.8	43	1000
PAY	2021	9	1	18	0	13.6	72	965.2	19.1	51.4	3.1	41	0
PAY	2021	9	1	19	0	12.8	1	965.6	17.3	57.5	2.2	47	0
PAY	2021	9	1	20	0	12.1	0	966.1	14.2	72.8	1.2	52	0
PAY	2021	9	1	21	0	11.3	0	966.3	13	79.7	0.1	45	0
PAY	2021	9	1	22	0	11	0	966.4	13.9	71.9	0.3	27	0
PAY	2021	9	1	23	0	10.7	0	966.5	11.8	84.5	1	41	0
PAY	2021	9	2	0	0	10.1	0	966.5	11.2	86.6	0.4	225	0
PAY	2021	9	2	1	0	9.6	0	966.6	10.4	91.1	0.7	189	0
PAY	2021	9	2	2	0	9.4	0	966.5	9.7	93.7	0.5	117	0
PAY	2021	9	2	3	0	8.8	0	966.5	9.2	93.8	1	197	0
PAY	2021	9	2	4	0	8.9	0	966.3	9	96	0.4	180	0
PAY	2021	9	2	5	0	8.5	1	966.2	8.7	96	0.4	198	0
PAY	2021	9	2	6	0	9	58	966.6	10.4	91.8	1.2	200	318.6128047
PAY	2021	9	2	7	0	10.6	217	966.7	12.8	82.1	0.8	207	614.360457
PAY	2021	9	2	8	0	11.8	395	966.6	14.9	74.3	0.9	344	778.9880474
PAY	2021	9	2	9	0	12.7	559	966.3	17.3	67.3	1.4	23	882.9573201
PAY	2021	9	2	10	0	13.6	682	966.1	18.1	64.2	1.9	18	943.6854833
PAY	2021	9	2	11	0	14.6	738	965.8	19.7	59.5	1.9	10	958.7669152
PAY	2021	9	2	12	0	15.2	794	965.4	21	54.9	1.7	360	1000
PAY	2021	9	2	13	0	15.9	763	965.1	23	48.9	2.1	43	1000
PAY	2021	9	2	14	0	16.3	664	964.5	23.6	49.7	1.9	33	1000
PAY	2021	9	2	15	0	17.1	570	963.8	24.3	49.7	2.8	34	1000
PAY	2021	9	2	16	0	16.9	412	963.4	24.5	44	3	32	1000
PAY	2021	9	2	17	0	16.2	239	963.2	23.5	48	2.9	39	1000
PAY	2021	9	2	18	0	15.4	33	963.1	20.6	55.5	2.6	34	0
PAY	2021	9	2	19	0	14.9	0	963.6	17.4	72.2	1.3	32	0
PAY	2021	9	2	20	0	14.2	0	963.9	16.4	78.6	0.4	18	0
PAY	2021	9	2	21	0	13.6	0	964.1	14.8	86.7	0.6	202	0
PAY	2021	9	2	22	0	13	0	964.3	13.5	89.3	0.4	162	0
PAY	2021	9	2	23	0	12.5	0	964.2	13	92	1	186	0
PAY	2021	9	3	0	0	12.2	0	963.9	12.5	93.7	0.5	166	0
PAY	2021	9	3	1	0	11.9	0	964	12.9	91	1.7	201	0
PAY	2021	9	3	2	0	11.7	0	964	12.6	92	1.5	201	0
PAY	2021	9	3	3	0	11.5	0	963.9	12.2	93.2	1.2	191	0
PAY	2021	9	3	4	0	11.5	0	963.7	11.5	95.2	1.2	198	0
PAY	2021	9	3	5	0	11	0	963.6	11.5	94.3	1.3	198	0
PAY	2021	9	3	6	0	11.6	55	963.9	12.4	93.3	1.4	201	308.224469
PAY	2021	9	3	7	0	12.8	228	963.9	14.8	84.5	1.1	209	651.9913577
PAY	2021	9	3	8	0	13.8	360	964	16.5	73	1	229	714.9100172
PAY	2021	9	3	9	0	14.4	548	964	18.7	66.6	0.6	307	870.5024065
PAY	2021	9	3	10	0	15.8	662	963.5	20.9	62.4	1	27	920.7508715
PAY	2021	9	3	11	0	16.4	724	962.8	22.5	54.8	1.3	17	945.3985131
PAY	2021	9	3	12	0	16.8	780	962.3	23.9	52.8	1.5	38	1000
PAY	2021	9	3	13	0	16.9	755	961.7	25	44.3	1.7	56	1000
PAY	2021	9	3	14	0	16.2	557	960.9	24.6	40.1	1.5	24	878.3685282
PAY	2021	9	3	15	0	16.6	332	960.4	24.5	46	1.9	344	651.6823529
PAY	2021	9	3	16	0	16.3	225	960.1	23.8	42.4	2	286	631.3885798
PAY	2021	9	3	17	0	16.2	91	959.9	22.2	55.5	0.8	243	491.1635246
PAY	2021	9	3	18	0	16.2	35	960	19.8	64.6	0.4	135	0
PAY	2021	9	3	19	0	14.6	0	960.4	17.7	69.4	1.3	141	0
PAY	2021	9	3	20	0	14.4	0	960.8	17	73.6	1.8	199	0
PAY	2021	9	3	21	0	13.9	0	960.7	15.9	78.7	1.5	196	0
PAY	2021	9	3	22	0	13	0	960.8	14.4	84.5	1	197	0
PAY	2021	9	3	23	0	13	0	960.9	14.1	88.9	0.7	158	0
PAY	2021	9	4	0	0	12.7	0	960.5	14.1	86.8	1.1	190	0
PAY	2021	9	4	1	0	12.6	0	960.4	12.9	93.1	0.5	225	0
PAY	2021	9	4	2	0	12.1	0	960.2	12.8	91.9	0.6	153	0
PAY	2021	9	4	3	0	11.8	0	960	12.2	93.9	0.2	207	0
PAY	2021	9	4	4	0	11.6	0	960	12.6	91.7	0.4	180	0
PAY	2021	9	4	5	0	12.1	1	960	12.6	93.7	0.6	202	0
PAY	2021	9	4	6	0	12.7	78	960.3	14.6	88.5	0.5	180	446.1615477
PAY	2021	9	4	7	0	14.1	240	960.3	16.5	82	0.5	243	693.328253
PAY	2021	9	4	8	0	14.8	389	960.4	17.8	74	0.5	342	777.9729587
PAY	2021	9	4	9	0	15.7	546	960.5	19.3	70.6	1	315	872.3414266
PAY	2021	9	4	10	0	16.4	666	960.3	21.3	60.9	1.3	18	931.1947317
PAY	2021	9	4	11	0	16.1	726	959.9	22.4	51.1	1.5	31	952.9596249
PAY	2021	9	4	12	0	16.1	782	959.4	24.2	44.3	2.1	31	1000
PAY	2021	9	4	13	0	16.7	752	959.2	25.4	42.8	2.8	32	1000
PAY	2021	9	4	14	0	16.1	656	958.6	26.3	36.7	2.5	43	1000
PAY	2021	9	4	15	0	16.1	552	958.2	25.7	36.9	2.5	65	1000
PAY	2021	9	4	16	0	16.4	390	958.2	25.9	41.6	2.5	57	1000
PAY	2021	9	4	17	0	16	74	958.7	22.9	45.5	2.7	43	411.7607414
PAY	2021	9	4	18	0	15.5	16	958.9	19.8	63	0.8	63	0
PAY	2021	9	4	19	0	15	0	959.8	17.9	73.7	0.6	225	0
PAY	2021	9	4	20	0	14.6	0	960.3	16.5	81.7	0.4	108	0
PAY	2021	9	4	21	0	14.5	0	960.6	15.7	86.5	0.4	108	0
PAY	2021	9	4	22	0	14.2	0	960.8	15.1	89.8	0.6	191	0
PAY	2021	9	4	23	0	13.7	0	960.9	14	92.8	0.4	117	0
PAY	2021	9	5	0	0	13.1	0	961	13.3	94.2	0.6	153	0
PAY	2021	9	5	1	0	12.8	0	961	13.1	93.2	1.4	197	0
PAY	2021	9	5	2	0	12.4	0	961.3	12.4	95.8	1.2	185	0
PAY	2021	9	5	3	0	12	0	961.5	12.3	94	0.5	191	0
PAY	2021	9	5	4	0	12.1	0	961.7	12.3	94.7	1.5	195	0
PAY	2021	9	5	5	0	11.6	0	961.9	11.5	97.1	0.7	180	0
PAY	2021	9	5	6	0	11.6	49	962.5	12.9	93.2	0.5	191	286.233175
PAY	2021	9	5	7	0	13.2	203	962.6	14.8	86.8	0.5	90	592.5474216
PAY	2021	9	5	8	0	14.6	381	962.9	17.2	79.1	0.5	252	767.4630028
PAY	2021	9	5	9	0	15.5	546	963	19.9	66.9	0.8	360	877.474145
PAY	2021	9	5	10	0	16	669	962.8	21	62.6	1.2	27	940.4068172
PAY	2021	9	5	11	0	16.7	725	962.6	23.1	52.4	1.5	39	956.7083493
PAY	2021	9	5	12	0	16.5	782	962.4	25.7	42.4	2	43	1000
PAY	2021	9	5	13	0	16	751	962.1	25.7	34.1	2.2	45	1000
PAY	2021	9	5	14	0	15.6	672	961.8	26.2	31.2	2.2	53	1000
PAY	2021	9	5	15	0	16.5	475	961.7	25.8	37.9	2.4	14	951.5198413
PAY	2021	9	5	16	0	16.4	109	962	23.9	45.4	2.1	317	315.3895631
PAY	2021	9	5	17	0	17.1	152	962	23.3	55.6	1.1	45	872.9922878
PAY	2021	9	5	18	0	17.2	53	962.6	20.8	69.7	0.7	124	0
PAY	2021	9	5	19	0	16.4	0	963	18.2	80	0.4	108	0
PAY	2021	9	5	20	0	15.2	0	963.5	17.1	81.6	0.6	162	0
PAY	2021	9	5	21	0	14.7	0	963.5	15.6	88.6	0.5	124	0
PAY	2021	9	5	22	0	14	0	963.9	15.2	87.9	1.1	186	0
PAY	2021	9	5	23	0	13.5	0	964.1	14.1	90.7	0.8	189	0
PAY	2021	9	6	0	0	13	0	964.2	13.4	91.9	1	198	0
PAY	2021	9	6	1	0	12.6	0	964.2	13	94.6	0.4	162	0
PAY	2021	9	6	2	0	12.1	0	964.5	12.5	95.5	0.6	191	0
PAY	2021	9	6	3	0	11.8	0	964.6	12.1	95.1	0.6	189	0
PAY	2021	9	6	4	0	11.5	0	964.6	11.5	96.6	0.8	172	0
PAY	2021	9	6	5	0	11.3	0	964.9	11.6	95.5	1	207	0
PAY	2021	9	6	6	0	11.4	47	965.4	12.5	93.9	0.7	189	280.5376979
PAY	2021	9	6	7	0	13	199	965.7	15.3	84.5	0.5	214	587.0294612
PAY	2021	9	6	8	0	14.6	378	966	17.4	78.9	0.9	243	766.9977704
PAY	2021	9	6	9	0	15.5	541	966.3	18.9	70.5	0.8	329	874.6426091
PAY	2021	9	6	10	0	16	663	966.2	20.7	64.3	1.1	34	937.0615628
PAY	2021	9	6	11	0	16.6	719	965.7	23.9	51.3	1.2	50	953.9300718
PAY	2021	9	6	12	0	16.3	775	965.5	24	41.2	1.5	45	1000
PAY	2021	9	6	13	0	16.6	746	965.2	25.4	41.5	1.4	49	1000
PAY	2021	9	6	14	0	16.7	648	964.9	26	37.8	1.5	34	1000
PAY	2021	9	6	15	0	16.7	546	964.7	26.1	36.5	1.7	37	1000
PAY	2021	9	6	16	0	16.9	342	964.5	25.7	44.4	2	35	1000
PAY	2021	9	6	17	0	17.3	198	964.5	24.2	47.5	1.7	353	1000
PAY	2021	9	6	18	0	16.7	20	964.6	20.2	68.1	0.8	360	0
PAY	2021	9	6	19	0	16	0	965.2	17.9	80.9	0.4	108	0
PAY	2021	9	6	20	0	15	0	965.6	17.7	73.6	0.5	76	0
PAY	2021	9	6	21	0	14.3	0	965.8	16.1	80.2	0.6	191	0
PAY	2021	9	6	22	0	13.5	0	965.9	14.8	84.5	0.3	153	0
PAY	2021	9	6	23	0	12.9	0	966	14.2	85.6	0.7	189	0
PAY	2021	9	7	0	0	12.4	0	966	13.3	89.2	0.7	171	0
PAY	2021	9	7	1	0	11.9	0	965.9	12.9	90.4	0.9	187	0
PAY	2021	9	7	2	0	11.8	0	965.7	12.4	92.4	0.5	162	0
PAY	2021	9	7	3	0	11.5	0	965.7	11.8	94.9	0.9	194	0
PAY	2021	9	7	4	0	11.2	0	965.5	11.3	95.8	0.6	169	0
PAY	2021	9	7	5	0	10.9	0	965.6	11.3	94.5	0.5	169	0
PAY	2021	9	7	6	0	11	44	966	12.3	92	0.3	146	268.5153937
PAY	2021	9	7	7	0	12.7	198	966.3	15.1	81	0.3	198	590.3827786
PAY	2021	9	7	8	0	14	358	966.6	17.1	75.3	0.4	207	731.8264559
PAY	2021	9	7	9	0	14.8	494	966.7	19.1	65.8	0.8	360	803.5192389
PAY	2021	9	7	10	0	15.3	566	966.6	20.7	59.8	1.3	360	804.4107516
PAY	2021	9	7	11	0	15.4	552	965.9	21.6	55.5	1.5	17	736.4028925
PAY	2021	9	7	12	0	16.4	731	965.4	22.9	51.7	1.2	30	975.2493657
PAY	2021	9	7	13	0	16.8	700	964.7	24.5	47.7	1.3	17	995.0336955
PAY	2021	9	7	14	0	17	601	963.9	25	46.5	1.5	66	977.9671172
PAY	2021	9	7	15	0	17.2	521	963.2	25	45.4	1.6	51	1000
PAY	2021	9	7	16	0	17.2	357	962.8	25.3	44.1	1.6	45	1000
PAY	2021	9	7	17	0	17.3	193	962.4	23.9	54.3	1.6	16	1000
PAY	2021	9	7	18	0	17.3	38	962.2	20.9	67.3	1	13	0
PAY	2021	9	7	19	0	16.8	0	962.6	18.3	83.6	0.5	76	0
PAY	2021	9	7	20	0	15.7	0	962.7	17.4	82.3	0.4	90	0
PAY	2021	9	7	21	0	15	0	962.7	16.1	85.7	0.6	14	0
PAY	2021	9	7	22	0	14.4	0	962.7	15.7	86.6	0.5	194	0
PAY	2021	9	7	23	0	14	0	962.4	14.6	91.3	0.7	198	0
PAY	2021	9	8	0	0	13.4	0	962	13.8	92.9	0.7	188	0
PAY	2021	9	8	1	0	13	0	961.8	13.3	94	0.6	191	0
PAY	2021	9	8	2	0	12.5	0	961.9	12.6	96.8	0.8	196	0
PAY	2021	9	8	3	0	12	0	961.6	11.8	95.9	0.7	198	0
PAY	2021	9	8	4	0	11.9	0	961.5	12.2	96.3	1.1	191	0
PAY	2021	9	8	5	0	11.5	0	961.4	11.5	97.5	0.6	169	0
PAY	2021	9	8	6	0	11.5	46	961.5	12.7	93.9	0.3	180	287.1854249
PAY	2021	9	8	7	0	12.9	162	961.3	14.8	86.7	0.2	270	488.3472254
PAY	2021	9	8	8	0	14.3	351	960.9	16.9	77.9	0.5	360	722.9505768
PAY	2021	9	8	9	0	15	520	960.7	18.3	71	0.8	351	851.0466209
PAY	2021	9	8	10	0	15.6	637	960.3	20.5	62.5	1.3	349	910.4370222
PAY	2021	9	8	11	0	16.6	699	959.6	22.7	53.1	1.2	352	937.7460565
PAY	2021	9	8	12	0	17.1	747	959.2	23.8	52	1.1	333	1000
PAY	2021	9	8	13	0	17.7	706	958.6	26	45.2	1.1	297	1000
PAY	2021	9	8	14	0	17.9	621	957.9	27	44.5	1.3	240	1000
PAY	2021	9	8	15	0	18.2	518	957.4	27.3	40.4	1.3	220	1000
PAY	2021	9	8	16	0	17.3	362	957.1	27	37.3	1.8	250	1000
PAY	2021	9	8	17	0	17.1	189	957	25.1	45.7	1.8	223	1000
PAY	2021	9	8	18	0	17.1	37	957	22.2	57.5	1.3	189	0
PAY	2021	9	8	19	0	16.3	0	957.6	20.5	65.3	1.7	194	0
PAY	2021	9	8	20	0	16.3	0	958.2	19.1	74.3	0.8	239	0
PAY	2021	9	8	21	0	16.1	0	958.5	18.9	74.7	1.2	200	0
PAY	2021	9	8	22	0	16.1	0	958.5	20	66.9	2.2	204	0
PAY	2021	9	8	23	0	15.8	0	958.8	18.6	74.3	2.1	210	0
PAY	2021	9	9	0	0	15.3	0	958.8	17.5	75.6	1.7	194	0
PAY	2021	9	9	1	0	14.6	0	958.5	17.6	70.4	1.7	201	0
PAY	2021	9	9	2	0	14.1	0	958.3	16.8	72.9	1.2	195	0
PAY	2021	9	9	3	0	13.4	0	958.2	14.7	85.1	0.7	207	0
PAY	2021	9	9	4	0	13.2	0	958.2	14.5	86.5	0.5	180	0
PAY	2021	9	9	5	0	13.4	0	958.3	16	76.9	0.7	180	0
PAY	2021	9	9	6	0	13.6	7	958.9	15.8	80.7	0.6	135	44.73708055
PAY	2021	9	9	7	0	14.2	22	959.3	16.5	79.1	0.8	189	67.06050745
PAY	2021	9	9	8	0	14.8	82	959.6	18	73.1	0.8	82	170.1947207
PAY	2021	9	9	9	0	15.3	278	959.9	19.5	63.7	1	36	457.8472519
PAY	2021	9	9	10	0	15.6	227	959.9	19.8	65.5	0.9	288	326.3081137
PAY	2021	9	9	11	0	15.6	140	959.8	19.5	68.6	0.6	315	188.890839
PAY	2021	9	9	12	0	16	365	959.7	20.1	66.3	1.8	38	492.8488287
PAY	2021	9	9	13	0	16.2	336	959.7	21.1	62.2	1.6	8	484.1811845
PAY	2021	9	9	14	0	16.3	345	959.4	20.2	64.1	2	354	570.79329
PAY	2021	9	9	15	0	16	211	959.3	20.2	63.7	1	333	441.3463443
PAY	2021	9	9	16	0	16.1	46	959.4	19.4	71.2	0.9	288	142.178602
PAY	2021	9	9	17	0	15.3	41	959.6	18.6	68.6	2.1	231	270.9710739
PAY	2021	9	9	18	0	15.2	16	959.3	17	85.2	1.6	200	0
PAY	2021	9	9	19	0	15.3	0	959.8	17	82.9	1.2	194	0
PAY	2021	9	9	20	0	15	0	960.1	16.1	88	0.5	180	0
PAY	2021	9	9	21	0	14.8	0	960	15.7	90.4	0.3	225	0
PAY	2021	9	9	22	0	14.8	0	959.9	15.8	88.8	0.7	202	0
PAY	2021	9	9	23	0	14.6	0	959.9	15.6	88.4	1.2	204	0
PAY	2021	9	10	0	0	14.5	0	959.8	15.4	89.8	1.2	190	0
PAY	2021	9	10	1	0	14.4	0	959.8	15.2	90.6	0.9	141	0
PAY	2021	9	10	2	0	14.3	0	959.7	15	93.6	0.6	243	0
PAY	2021	9	10	3	0	14.3	0	959.9	15.2	91.4	0.4	225	0
PAY	2021	9	10	4	0	14.4	0	959.6	15.1	93.4	0.6	101	0
PAY	2021	9	10	5	0	14.4	0	959.6	15.1	93.5	0.3	225	0
PAY	2021	9	10	6	0	14.5	17	959.9	15.1	94.2	0.4	270	111.2944599
PAY	2021	9	10	7	0	14.9	83	960.4	16.4	87.1	0.6	194	255.8819494
PAY	2021	9	10	8	0	15.4	235	960.7	18	79.3	0.5	214	491.5705535
PAY	2021	9	10	9	0	16	496	961	19.8	69.7	0.9	261	822.1079428
PAY	2021	9	10	10	0	16.3	357	961.1	19.7	71	1.6	231	516.1840118
PAY	2021	9	10	11	0	16.4	257	961.1	20.1	65.8	2.3	229	348.7659714
PAY	2021	9	10	12	0	16.1	255	961	20.1	65.2	3	226	346.4512681
PAY	2021	9	10	13	0	15.6	171	961.1	19.2	66.8	3.3	217	248.147144
PAY	2021	9	10	14	0	15.4	137	961.1	19.1	66	3.3	221	228.6049147
PAY	2021	9	10	15	0	15	59	961.3	18.1	72.5	2.9	213	124.8192464
PAY	2021	9	10	16	0	14.8	62	961.4	17.5	77.5	2.1	210	195.0212457
PAY	2021	9	10	17	0	15.1	66	961.4	17.5	79.1	1.1	214	453.5538008
PAY	2021	9	10	18	0	15.1	37	961.6	16.5	84.3	0.6	180	0
PAY	2021	9	10	19	0	14.8	0	962.1	16	87.6	0.4	108	0
PAY	2021	9	10	20	0	14.6	0	962.4	16.4	83.4	0.9	174	0
PAY	2021	9	10	21	0	14.6	0	962.6	15.3	90.3	0.8	207	0
PAY	2021	9	10	22	0	14.1	0	962.7	14.4	93.4	0.4	90	0
PAY	2021	9	10	23	0	13.7	0	963	14.7	90.6	0.4	146	0
PAY	2021	9	11	0	0	13.5	0	962.9	14.5	90.3	0.3	0	0
PAY	2021	9	11	1	0	13.5	0	962.9	14.4	91.1	0.4	180	0
PAY	2021	9	11	2	0	13.5	0	962.8	14.1	93.8	0.4	198	0
PAY	2021	9	11	3	0	13.2	0	962.7	13.4	96.2	0.7	171	0
PAY	2021	9	11	4	0	12.9	0	962.6	13.1	96.3	0.5	90	0
PAY	2021	9	11	5	0	12.1	0	962.7	12.2	96.9	0.4	153	0
PAY	2021	9	11	6	0	11.8	27	963	12.6	95.2	0.6	135	181.1955234
PAY	2021	9	11	7	0	13.8	170	963.1	15.6	87.9	0.5	217	530.1718337
PAY	2021	9	11	8	0	14.6	155	963.1	16.5	86.5	0.4	297	326.8068865
PAY	2021	9	11	9	0	15.6	324	963.3	18.5	76.7	0.6	284	540.5171583
PAY	2021	9	11	10	0	16.4	478	963	20.2	71.1	0.9	270	695.250958
PAY	2021	9	11	11	0	16.6	610	962.7	21.1	62.8	1.1	300	832.7074635
PAY	2021	9	11	12	0	16.8	488	962.4	21.3	61.7	2.4	309	667.1901938
PAY	2021	9	11	13	0	16.1	393	962.2	21.8	58.2	1.9	326	574.386028
PAY	2021	9	11	14	0	16.2	585	961.6	22.2	51.2	1.7	8	984.675961
PAY	2021	9	11	15	0	15.3	515	961.5	22.6	43.3	1.8	4	1000
PAY	2021	9	11	16	0	15	357	961.3	22.6	43.8	2.1	348	1000
PAY	2021	9	11	17	0	14.7	206	961.4	22.1	44.6	2.3	347	1000
PAY	2021	9	11	18	0	14.6	45	961.6	20.4	52.7	1.7	18	0
PAY	2021	9	11	19	0	14.3	0	962.2	18.4	63.2	1	49	0
PAY	2021	9	11	20	0	14.4	0	962.4	17.4	71.6	0.8	63	0
PAY	2021	9	11	21	0	13.9	0	962.2	15.6	79.7	0.5	162	0
PAY	2021	9	11	22	0	13.1	0	962.4	13.9	86.8	0.4	135	0
PAY	2021	9	11	23	0	12.3	0	962.4	13.1	90.1	0.5	180	0
PAY	2021	9	12	0	0	12	0	962.2	12.9	89.1	0.4	198	0
PAY	2021	9	12	1	0	11.8	0	962	12.4	93.2	0.4	180	0
PAY	2021	9	12	2	0	11.3	0	961.8	11.4	93.8	0.6	202	0
PAY	2021	9	12	3	0	11.2	0	961.8	11.4	94.9	0.9	186	0
PAY	2021	9	12	4	0	10.7	0	961.6	10.9	96.6	0.8	194	0
PAY	2021	9	12	5	0	10.4	0	961.7	10.7	96.4	0.8	187	0
PAY	2021	9	12	6	0	10.4	30	961.9	11.2	95.3	0.4	180	206.5300946
PAY	2021	9	12	7	0	12	173	962.1	14.1	87.9	0.2	225	545.8969598
PAY	2021	9	12	8	0	13.5	318	962.2	16	79.2	0.4	288	675.903355
PAY	2021	9	12	9	0	14.5	466	962.3	18.6	70.8	1.1	30	782.5535531
PAY	2021	9	12	10	0	15.5	622	961.9	19.6	65.7	1.6	62	910.174707
PAY	2021	9	12	11	0	15.9	679	961.4	21.4	60.4	1.6	353	932.4761342
PAY	2021	9	12	12	0	16.2	743	961	22.9	52.5	1.5	337	1000
PAY	2021	9	12	13	0	16.5	709	960.4	23.1	52.1	1.3	101	1000
PAY	2021	9	12	14	0	16.4	620	959.9	23.5	47.1	1.3	113	1000
PAY	2021	9	12	15	0	16.3	514	959.6	24	45.2	1.3	121	1000
PAY	2021	9	12	16	0	16.6	353	959.5	23.5	49.4	1.3	346	1000
PAY	2021	9	12	17	0	16.6	170	959.4	22.5	53.4	2	357	1000
PAY	2021	9	12	18	0	15.9	24	959.7	19.3	69.6	1.1	27	0
PAY	2021	9	12	19	0	15.2	0	960.3	17	78.8	0.6	90	0
PAY	2021	9	12	20	0	14.6	0	960.6	15.5	86.3	0.3	180	0
PAY	2021	9	12	21	0	14.1	0	960.6	14.8	89.8	0.4	180	0
PAY	2021	9	12	22	0	13.7	0	960.8	14.1	91.9	0.7	196	0
PAY	2021	9	12	23	0	13.3	0	960.8	13.6	94.4	0.8	196	0
PAY	2021	9	13	0	0	12.9	0	960.8	13.2	93.8	1	193	0
PAY	2021	9	13	1	0	12.4	0	960.6	12.8	94.7	1.1	197	0
PAY	2021	9	13	2	0	12.2	0	960.6	12.1	96.5	1.6	198	0
PAY	2021	9	13	3	0	11.4	0	960.6	11.6	95.4	1.2	195	0
PAY	2021	9	13	4	0	11.1	0	960.7	11.5	95.8	1.3	207	0
PAY	2021	9	13	5	0	11.1	0	960.7	11.3	95.9	1.6	200	0
PAY	2021	9	13	6	0	11.2	30	961	12.3	94.6	1.2	195	212.0301895
PAY	2021	9	13	7	0	12.6	168	961.5	14.3	86.9	1.6	208	536.4921727
PAY	2021	9	13	8	0	14.4	346	961.6	16.3	86.1	1	214	741.461857
PAY	2021	9	13	9	0	15.4	512	961.8	18.8	75.7	0.7	34	865.5827309
PAY	2021	9	13	10	0	16.5	634	961.6	21.2	68.7	0.8	351	933.443175
PAY	2021	9	13	11	0	16.9	684	960.9	22.3	59.8	1.1	346	945.0901209
PAY	2021	9	13	12	0	17.5	714	960	23.8	54.5	1.3	45	988.836362
PAY	2021	9	13	13	0	17.8	673	959.6	24.3	52.7	1.9	337	998.1226473
PAY	2021	9	13	14	0	17.7	599	959.1	25.3	46.8	1.4	336	1000
PAY	2021	9	13	15	0	17	489	958.8	26.5	34.8	2.9	234	1000
PAY	2021	9	13	16	0	16.6	313	958.7	25.2	40.9	3.9	203	1000
PAY	2021	9	13	17	0	16.6	138	958.7	24.3	44.9	1.8	204	1000
PAY	2021	9	13	18	0	16.5	32	958.9	20	68.3	0.6	90	0
PAY	2021	9	13	19	0	15.3	0	959.4	18.4	70.9	0.6	171	0
PAY	2021	9	13	20	0	14.5	0	959.8	15.3	82.7	0.8	196	0
PAY	2021	9	13	21	0	14.1	0	959.9	17.1	74.3	1.9	202	0
PAY	2021	9	13	22	0	13.5	0	960	15.5	81.2	1.2	189	0
PAY	2021	9	13	23	0	13.7	0	959.9	15.9	78.3	2.5	196	0
PAY	2021	9	14	0	0	13.3	0	960	14	88.5	0.8	189	0
PAY	2021	9	14	1	0	12.9	0	959.8	14.1	85.9	1.2	189	0
PAY	2021	9	14	2	0	12.6	0	959.6	13.5	89	0.8	198	0
PAY	2021	9	14	3	0	12.3	0	959.5	13.5	89.7	0.8	187	0
PAY	2021	9	14	4	0	12.1	0	959.5	12.1	95.7	0.6	189	0
PAY	2021	9	14	5	0	11.7	0	959.7	12.5	93	0.6	180	0
PAY	2021	9	14	6	0	11.8	29	959.9	12.9	92	0.7	153	210.5925613
PAY	2021	9	14	7	0	13.3	184	960	16.1	79.9	0.5	214	594.7799683
PAY	2021	9	14	8	0	15	344	960	18.4	77.1	0.4	207	743.3348149
PAY	2021	9	14	9	0	15.9	510	960	20.2	67.1	0.8	315	868.0935161
PAY	2021	9	14	10	0	16.7	542	960	21.8	61.9	0.8	342	802.9823412
PAY	2021	9	14	11	0	17.4	412	959.9	22.8	60.6	1	14	572.8059163
PAY	2021	9	14	12	0	18	462	959.8	23.5	59.1	0.9	198	644.0756385
PAY	2021	9	14	13	0	18.2	208	959.5	22.5	65.8	1.7	312	310.8076403
PAY	2021	9	14	14	0	18.4	255	959.3	23.2	63.9	0.9	11	440.9617469
PAY	2021	9	14	15	0	18.8	377	959	24.1	62.8	1.2	10	836.5411421
PAY	2021	9	14	16	0	18.7	236	958.8	23.5	62.8	1.3	20	799.8296748
PAY	2021	9	14	17	0	18.6	59	958.7	22.6	70.5	0.7	72	483.329812
PAY	2021	9	14	18	0	18.4	6	959.3	20.3	79.6	0.4	162	0
PAY	2021	9	14	19	0	17.4	0	959.5	19.8	76.4	0.8	188	0
PAY	2021	9	14	20	0	17	0	959.7	18.3	86.1	1.3	202	0
PAY	2021	9	14	21	0	16.8	0	959.5	17.2	94.3	0.6	180	0
PAY	2021	9	14	22	0	16.5	0	959.8	17.6	89.5	1	193	0
PAY	2021	9	14	23	0	16.3	0	959.7	16.9	94.5	0.8	153	0
PAY	2021	9	15	0	0	16.4	0	959.1	17	93.7	0.5	90	0
PAY	2021	9	15	1	0	16.3	0	958.9	16.8	95	0.6	202	0
PAY	2021	9	15	2	0	16.4	0	958.4	16.8	96.2	0.8	162	0
PAY	2021	9	15	3	0	16.4	0	958.6	16.8	95.8	0.7	180	0
PAY	2021	9	15	4	0	16.3	0	958.7	16.8	94.9	1.3	203	0
PAY	2021	9	15	5	0	16.3	0	958.8	16.7	95.2	1.8	193	0
PAY	2021	9	15	6	0	16.3	11	958.7	17	93.8	0.7	207	82.14490341
PAY	2021	9	15	7	0	16.6	28	958.8	17.1	96.3	0.5	202	91.63854042
PAY	2021	9	15	8	0	16.9	57	959.3	17.8	92	0.7	180	124.214754
PAY	2021	9	15	9	0	17.3	85	959	18.4	94.1	0.4	18	145.686966
PAY	2021	9	15	10	0	17.4	263	958.8	19.1	85.4	0.6	225	392.1160732
PAY	2021	9	15	11	0	17.7	101	958.6	19.1	87.7	0.4	135	141.308712
PAY	2021	9	15	12	0	18.3	270	958.6	20.5	82.3	0.6	63	378.9434534
PAY	2021	9	15	13	0	18.1	173	958.5	21.5	73.3	1.1	264	260.4880597
PAY	2021	9	15	14	0	17.9	351	958.1	22.4	65.6	1.6	262	612.6486456
PAY	2021	9	15	15	0	18.3	395	957.8	23.4	62.2	1.7	228	887.5101636
PAY	2021	9	15	16	0	18.7	207	957.8	21.5	76.7	1.5	315	715.5915789
PAY	2021	9	15	17	0	18.5	51	958.2	21.3	77	0.7	72	439.0934166
PAY	2021	9	15	18	0	17.4	9	958.7	20	73.4	2.3	227	0
PAY	2021	9	15	19	0	16.5	0	959	18.9	77.4	2.6	228	0
PAY	2021	9	15	20	0	16.2	0	959.6	17.9	82.8	2.5	230	0
PAY	2021	9	15	21	0	16	0	960	17.5	86.5	1.4	228	0
PAY	2021	9	15	22	0	16.1	0	959.7	17.2	88.8	1.2	207	0
PAY	2021	9	15	23	0	16	0	959.6	16.8	91.4	1.6	202	0
PAY	2021	9	16	0	0	15.7	0	959.5	16.5	91.7	1.7	194	0
PAY	2021	9	16	1	0	15.7	0	959.5	16.7	90.6	1.3	209	0
PAY	2021	9	16	2	0	15.8	0	959.4	16.4	93.8	1.9	196	0
PAY	2021	9	16	3	0	15.8	0	959.5	16.3	94.4	0.9	187	0
PAY	2021	9	16	4	0	15.7	0	959.3	16.2	95.1	1.1	195	0
PAY	2021	9	16	5	0	15.8	0	959.4	16.2	96.2	1.1	186	0
PAY	2021	9	16	6	0	15.9	2	959.9	16.4	96.4	1.8	180	15.37295586
PAY	2021	9	16	7	0	16	22	960.1	16.4	96.1	1.5	217	72.91623093
PAY	2021	9	16	8	0	16.2	66	960.5	17	94.7	0.6	180	145.0689678
PAY	2021	9	16	9	0	16.8	222	960.6	18.1	89	1.7	195	383.1849369
PAY	2021	9	16	10	0	17.3	315	960.5	18.6	87.2	2.2	209	472.6787065
PAY	2021	9	16	11	0	17.4	340	960.4	18.8	84.8	2.7	207	478.7491762
PAY	2021	9	16	12	0	17	202	960.2	18.6	86.3	1.9	209	285.4465969
PAY	2021	9	16	13	0	17.9	608	959.6	21	78.7	2.4	205	922.5980272
PAY	2021	9	16	14	0	17.5	516	959.1	20.8	70.5	1.3	225	909.2134033
PAY	2021	9	16	15	0	17.3	122	959.1	18.3	90.4	1.4	225	277.6313785
PAY	2021	9	16	16	0	17.3	122	959.1	18.7	87.2	1.3	156	430.4069255
PAY	2021	9	16	17	0	16.9	49	959.5	17.4	89.8	1.2	202	444.613002
PAY	2021	9	16	18	0	16.3	22	959.6	16.9	93.2	2.2	193	0
PAY	2021	9	16	19	0	15.8	0	960	15.9	96.6	1.4	189	0
PAY	2021	9	16	20	0	15.3	0	960.3	15.3	97.1	0.8	157	0
PAY	2021	9	16	21	0	14.9	0	960.5	14.9	98.4	0.6	169	0
PAY	2021	9	16	22	0	14.4	0	960.6	14.3	97.9	0.3	180	0
PAY	2021	9	16	23	0	14.4	0	960.5	14.8	96.9	1.1	202	0
PAY	2021	9	17	0	0	14.4	0	960.5	14.5	97.8	0.8	191	0
PAY	2021	9	17	1	0	14.2	0	960.3	14.5	96.7	0.3	180	0
PAY	2021	9	17	2	0	13.8	0	959.9	13.7	99.1	0.8	217	0
PAY	2021	9	17	3	0	13.4	0	959.6	13.8	97.8	0.7	225	0
PAY	2021	9	17	4	0	14	0	959.2	14.4	100	0.4	162	0
PAY	2021	9	17	5	0	14.1	0	959.1	13.8	99.9	0.6	360	0
PAY	2021	9	17	6	0	13.6	8	959.3	13.9	96.1	0.7	9	63.35456928
PAY	2021	9	17	7	0	13.6	53	959.4	14.4	93.8	1.1	29	177.9349876
PAY	2021	9	17	8	0	13.8	123	959.3	14.8	90.5	1.4	16	272.7275309
PAY	2021	9	17	9	0	14	141	959.4	15.5	90.3	1.4	29	245.1190448
PAY	2021	9	17	10	0	14.4	253	959.2	16.1	84.7	1.3	10	382.1354324
PAY	2021	9	17	11	0	14.8	594	958.8	17.1	76.4	1.3	41	841.8632467
PAY	2021	9	17	12	0	15.4	755	958.2	18.8	70.7	1.3	107	1000
PAY	2021	9	17	13	0	15.6	740	957.8	19.5	63	1.2	50	1000
PAY	2021	9	17	14	0	15.5	621	957.2	21	60.9	1.6	110	1000
PAY	2021	9	17	15	0	15.6	495	956.9	20.9	58.4	1.4	61	1000
PAY	2021	9	17	16	0	15.7	327	956.8	20.8	58.9	1.4	72	1000
PAY	2021	9	17	17	0	15.6	146	956.9	19.7	67.2	1.1	56	1000
PAY	2021	9	17	18	0	15.5	13	957	17	84.9	0.4	72	0
PAY	2021	9	17	19	0	14.5	0	957.6	15.1	90.5	0.7	90	0
PAY	2021	9	17	20	0	13.8	0	957.9	14.2	92.7	1.2	68	0
PAY	2021	9	17	21	0	13.1	0	958.2	13.3	94.3	0.5	153	0
PAY	2021	9	17	22	0	12.5	0	958.4	12.6	96.9	0.2	135	0
PAY	2021	9	17	23	0	11.9	0	958.5	11.9	97.1	0.4	180	0
PAY	2021	9	18	0	0	11.5	0	958.6	11.7	96.3	0.2	135	0
PAY	2021	9	18	1	0	10.9	0	958.6	10.8	98	0.2	153	0
PAY	2021	9	18	2	0	10.5	0	958.7	10.5	97.7	0.3	153	0
PAY	2021	9	18	3	0	10.3	0	958.4	10.3	98.2	0.6	191	0
PAY	2021	9	18	4	0	9.9	0	958.2	9.7	98.1	0.2	180	0
PAY	2021	9	18	5	0	9.5	0	958.7	9.9	98.3	0.6	189	0
PAY	2021	9	18	6	0	9.5	20	958.8	9.9	97.1	0.2	117	163.352918
PAY	2021	9	18	7	0	10.6	118	959	11.5	95.7	0.2	0	401.3811648
PAY	2021	9	18	8	0	11.7	225	959.1	12.8	93.3	0.5	346	503.3404634
PAY	2021	9	18	9	0	12.4	403	959.1	14.3	84.2	0.7	315	705.6915073
PAY	2021	9	18	10	0	13.3	614	958.8	16.2	75.5	0.9	326	933.5799344
PAY	2021	9	18	11	0	14.6	686	958.5	18.5	73.7	1.2	6	978.7004405
PAY	2021	9	18	12	0	15.4	714	958.2	19.3	64.4	1.4	45	1000
PAY	2021	9	18	13	0	16.1	687	957.6	20.4	65.6	1.3	45	1000
PAY	2021	9	18	14	0	16.5	602	957	21.3	62.7	1.9	17	1000
PAY	2021	9	18	15	0	16.7	483	956.5	21.7	62.2	1.9	9	1000
PAY	2021	9	18	16	0	16.3	270	956.3	21.1	60.6	2.3	45	993.5777806
PAY	2021	9	18	17	0	16.2	85	956.2	20.2	64.6	1.7	30	864.8586582
PAY	2021	9	18	18	0	15.9	12	956.2	17.1	85.6	1	72	0
PAY	2021	9	18	19	0	15	0	956.4	15.7	90.7	0.7	67	0
PAY	2021	9	18	20	0	14.1	0	956.5	14.4	93.6	0.8	67	0
PAY	2021	9	18	21	0	13.4	0	956.3	13.6	94.5	0.3	225	0
PAY	2021	9	18	22	0	12.8	0	956.2	13	95.3	0.4	90	0
PAY	2021	9	18	23	0	12.2	0	956	12.6	94.3	0.5	194	0
PAY	2021	9	19	0	0	11.9	0	955.8	12.7	94.3	1.2	195	0
PAY	2021	9	19	1	0	12.1	0	955.6	11.7	95.8	0.6	180	0
PAY	2021	9	19	2	0	12.1	0	955.7	12.7	95.7	1.2	221	0
PAY	2021	9	19	3	0	12.5	0	955.8	13.6	89.9	1.4	207	0
PAY	2021	9	19	4	0	12.5	0	956.7	13	95	3.8	208	0
PAY	2021	9	19	5	0	12.7	0	957	13.2	93.6	2.1	211	0
PAY	2021	9	19	6	0	12.1	1	957.3	12.4	92.9	2.9	205	8.433045277
PAY	2021	9	19	7	0	11.7	8	957.3	12.2	95.5	1.4	204	27.57802854
PAY	2021	9	19	8	0	11.8	31	958	12.4	93.6	0.5	207	69.97773311
PAY	2021	9	19	9	0	11.8	33	958.6	12.1	94.6	1.2	232	58.21377161
PAY	2021	9	19	10	0	11.4	36	958.8	11.8	94.8	2.1	209	55.10834712
PAY	2021	9	19	11	0	11.1	61	958.8	11.7	90.7	2.4	197	87.61345491
PAY	2021	9	19	12	0	11.2	120	959	12.4	84.3	1	204	173.1913899
PAY	2021	9	19	13	0	11	119	959	12.4	84.9	0.6	79	184.9611276
PAY	2021	9	19	14	0	11	159	959.1	12.9	87.1	1.3	143	288.5081869
PAY	2021	9	19	15	0	11	140	959.2	12.1	89.2	1.2	225	331.4787553
PAY	2021	9	19	16	0	11.8	180	959.2	13.2	88.1	0.8	196	677.0451236
PAY	2021	9	19	17	0	11.9	53	959.4	12.9	89.6	0.8	236	574.2073657
PAY	2021	9	19	18	0	11.7	6	959.7	12.1	95.1	0.7	9	0
PAY	2021	9	19	19	0	11.5	0	959.9	11.9	96	0.5	45	0
PAY	2021	9	19	20	0	11.6	0	960.4	12	95.8	0.4	56	0
PAY	2021	9	19	21	0	11.9	0	960.4	12.1	96.6	0.4	108	0
PAY	2021	9	19	22	0	11.7	0	960.4	11.9	96	0.5	194	0
PAY	2021	9	19	23	0	10.9	0	960.5	10.6	95.9	0.4	180	0
PAY	2021	9	20	0	0	10.5	0	960.5	11.1	95.5	0.7	188	0
PAY	2021	9	20	1	0	10.5	0	960.6	10.9	94.1	1.2	207	0
PAY	2021	9	20	2	0	10.5	0	960.5	10.9	94.7	1.4	201	0
PAY	2021	9	20	3	0	10.6	0	960.5	11	94.9	1.5	200	0
PAY	2021	9	20	4	0	10.6	0	960.4	11	94.2	1.4	189	0
PAY	2021	9	20	5	0	10.5	0	960.5	11	94.2	1.5	191	0
PAY	2021	9	20	6	0	10.5	3	960.7	11.1	94.5	1.1	197	26.15202407
PAY	2021	9	20	7	0	10.9	29	960.7	11.5	94.8	0.3	135	101.3401668
PAY	2021	9	20	8	0	11.2	99	960.9	12.3	92.4	0.2	180	225.5365251
PAY	2021	9	20	9	0	11.4	244	961.2	13.3	80.2	0.6	99	433.6649142
PAY	2021	9	20	10	0	11.5	289	961.3	13.6	79.8	0.4	56	445.4410366
PAY	2021	9	20	11	0	12	249	961.3	14	79	1.1	61	360.0812582
PAY	2021	9	20	12	0	12	258	961.4	14.2	78.5	0.8	56	375.0734704
PAY	2021	9	20	13	0	12	253	961.5	14.5	77.8	0.5	14	396.4937504
PAY	2021	9	20	14	0	12.4	224	961.6	14.6	82	0.4	27	410.5764303
PAY	2021	9	20	15	0	12.1	172	961.8	14.2	79.5	0.5	90	412.8627634
PAY	2021	9	20	16	0	12.4	103	962.2	14.1	83	0.4	34	396.2144469
PAY	2021	9	20	17	0	12.5	77	962.6	14.1	84.2	0.4	56	892.1117497
PAY	2021	9	20	18	0	13	7	963.2	13.5	93.5	0.1	90	0
PAY	2021	9	20	19	0	12.8	0	963.6	13.1	95.8	0	0	0
PAY	2021	9	20	20	0	12.4	0	964.1	12.6	97.7	0.4	90	0
PAY	2021	9	20	21	0	11.8	0	964.5	11.6	98	0.5	90	0
PAY	2021	9	20	22	0	11.2	0	964.8	11.6	97.1	0.3	360	0
PAY	2021	9	20	23	0	11.5	0	965.1	11.4	97.9	0.2	297	0
PAY	2021	9	21	0	0	10.6	0	965.3	10.4	99.5	0.2	180	0
PAY	2021	9	21	1	0	9.9	0	965.4	9.9	98.4	0.4	135	0
PAY	2021	9	21	2	0	9.9	0	965.4	9.8	100	0.4	243	0
PAY	2021	9	21	3	0	10	0	965.7	10.2	98.3	0.4	162	0
PAY	2021	9	21	4	0	10.1	0	965.9	10.4	97.4	0.5	45	0
PAY	2021	9	21	5	0	10.2	0	966.1	10.5	97.6	0.4	63	0
PAY	2021	9	21	6	0	10.5	11	966.7	10.7	97.2	1.1	29	99.24888209
PAY	2021	9	21	7	0	10.6	64	967.3	10.8	98	1.3	51	226.7721246
PAY	2021	9	21	8	0	11.2	263	968	12.7	89.1	2.1	49	604.7653856
PAY	2021	9	21	9	0	11.8	340	968.5	13.7	81.6	2.6	61	608.9020201
PAY	2021	9	21	10	0	12.4	412	968.7	15.1	70.9	3.5	49	639.4597195
PAY	2021	9	21	11	0	13.1	630	968.3	17.1	64.5	4.3	47	917.3751197
PAY	2021	9	21	12	0	13	702	968.1	17.9	55	4.5	43	1000
PAY	2021	9	21	13	0	12.8	684	967.8	18.9	54.3	4.4	47	1000
PAY	2021	9	21	14	0	13	608	967.8	18.6	50.8	4.1	38	1000
PAY	2021	9	21	15	0	13	479	968.1	18.6	55.3	4.2	37	1000
PAY	2021	9	21	16	0	12.8	306	968	18.1	54.9	3.6	46	1000
PAY	2021	9	21	17	0	12.6	128	968.5	16.7	59.9	3	50	1000
PAY	2021	9	21	18	0	11.8	10	968.7	14.2	73.3	2	58	0
PAY	2021	9	21	19	0	11.1	0	969	12	86.7	0.8	83	0
PAY	2021	9	21	20	0	10.9	0	969.6	13	79.3	1.6	60	0
PAY	2021	9	21	21	0	10.9	0	969.7	12.4	82	1.4	42	0
PAY	2021	9	21	22	0	10.3	0	969.9	10.9	91.4	0.7	22	0
PAY	2021	9	21	23	0	9.7	0	970.2	9.6	96.8	0.4	180	0
PAY	2021	9	22	0	0	9	0	970	9.4	96.5	0.4	180	0
PAY	2021	9	22	1	0	8.2	0	969.7	8.3	97.9	0.4	198	0
PAY	2021	9	22	2	0	7.7	0	969.3	7.9	97.7	0.2	90	0
PAY	2021	9	22	3	0	7.8	0	968.9	8.2	97.5	0.9	198	0
PAY	2021	9	22	4	0	7.3	0	969	7.4	97.4	0.7	198	0
PAY	2021	9	22	5	0	6.9	0	969.3	7.3	96.5	0.4	108	0
PAY	2021	9	22	6	0	7	7	969.7	7.7	97.6	0.4	214	65.45916071
PAY	2021	9	22	7	0	8.3	47	970.1	9.5	95	0.4	45	168.9090855
PAY	2021	9	22	8	0	9.2	83	970	9.7	94.2	1.3	355	192.6753037
PAY	2021	9	22	9	0	9.8	134	969.8	11	88.8	1.7	23	241.8406854
PAY	2021	9	22	10	0	10.3	204	969.4	11.8	86.4	1.5	65	318.8718414
PAY	2021	9	22	11	0	11.3	380	968.9	14.1	76.2	1.8	53	557.2375875
PAY	2021	9	22	12	0	12.7	503	968.1	16	70.7	2.2	51	742.1802738
PAY	2021	9	22	13	0	13.1	631	967.5	17.4	61.9	3.3	31	1000
PAY	2021	9	22	14	0	13.1	591	967.1	17.7	58.4	4.1	33	1000
PAY	2021	9	22	15	0	13	469	966.6	17.6	57.6	4.6	39	1000
PAY	2021	9	22	16	0	12.8	268	966.2	17.2	59.3	3.6	45	1000
PAY	2021	9	22	17	0	12.5	123	966	16.1	64.3	3.4	47	1000
PAY	2021	9	22	18	0	11.7	9	966.2	14.6	68.2	2.5	43	0
PAY	2021	9	22	19	0	10.8	0	966.3	13.1	72.2	2.3	49	0
PAY	2021	9	22	20	0	10.2	0	966.3	12.9	72.1	1.6	55	0
PAY	2021	9	22	21	0	9.9	0	966.2	11.3	80.7	1.7	45	0
PAY	2021	9	22	22	0	9.4	0	966.2	9.6	90.6	1.2	40	0
PAY	2021	9	22	23	0	8.7	0	966.6	8.6	94.3	1	186	0
PAY	2021	9	23	0	0	8.3	0	966.7	8	96.3	0.5	194	0
PAY	2021	9	23	1	0	8	0	966.4	7.9	97	0.7	180	0
PAY	2021	9	23	2	0	7.7	0	966	7.7	96.9	0.6	135	0
PAY	2021	9	23	3	0	7.8	0	965.9	8	96.5	0.7	180	0
PAY	2021	9	23	4	0	8.4	0	965.7	9.2	95.3	0.6	76	0
PAY	2021	9	23	5	0	9	0	965.6	9.5	94.8	0.5	79	0
PAY	2021	9	23	6	0	9.4	4	965.8	10.1	92.4	0.3	360	38.82472577
PAY	2021	9	23	7	0	9.8	41	965.8	10.6	92	0.3	360	149.4884547
PAY	2021	9	23	8	0	10.1	122	965.8	11.5	85.2	0.3	243	285.9520332
PAY	2021	9	23	9	0	10.8	295	965.9	13.4	76.8	0.6	281	536.6057463
PAY	2021	9	23	10	0	12.4	530	965.7	15.6	77.2	0.7	270	834.4083352
PAY	2021	9	23	11	0	13.2	684	965.4	17.1	70.5	1.2	278	1000
PAY	2021	9	23	12	0	14.6	694	965.1	18.5	65.3	1.2	297	1000
PAY	2021	9	23	13	0	15.4	671	964.2	20.3	62.8	1.3	255	1000
PAY	2021	9	23	14	0	16.2	562	963.6	21.5	60.2	1.5	319	1000
PAY	2021	9	23	15	0	15.9	451	963.2	21.6	54.3	1.6	90	1000
PAY	2021	9	23	16	0	15.7	294	963.1	21.3	57.6	2	254	1000
PAY	2021	9	23	17	0	15.6	119	963.1	19.5	67.1	1.2	255	1000
PAY	2021	9	23	18	0	14.8	6	963.4	16.1	82.5	0.7	180	0
PAY	2021	9	23	19	0	13.7	0	963.6	14.2	89.5	1.4	198	0
PAY	2021	9	23	20	0	13.3	0	963.9	13.5	91.7	1	207	0
PAY	2021	9	23	21	0	12.6	0	964.1	12.8	93.7	1.1	191	0
PAY	2021	9	23	22	0	11.9	0	964.1	12.3	94.1	1.7	204	0
PAY	2021	9	23	23	0	11.3	0	963.8	12.4	92.7	1.5	201	0
PAY	2021	9	24	0	0	10.7	0	964	10.9	95.7	0.9	153	0
PAY	2021	9	24	1	0	10.2	0	963.8	10.6	95.2	0.9	193	0
PAY	2021	9	24	2	0	10	0	963.5	10.1	95.6	0.6	191	0
PAY	2021	9	24	3	0	9.1	0	963.4	8.5	98.2	1	201	0
PAY	2021	9	24	4	0	9.4	0	963.6	10.9	94.1	1.2	185	0
PAY	2021	9	24	5	0	10.2	0	963.3	9.8	94.2	1.5	208	0
PAY	2021	9	24	6	0	9.2	12	963.4	9.6	98.9	0.9	149	121.0859092
PAY	2021	9	24	7	0	10.4	128	963.6	11.7	95.9	0.6	104	473.6194244
PAY	2021	9	24	8	0	12.4	230	963.7	13.4	90	0.8	112	544.3979954
PAY	2021	9	24	9	0	13.2	447	963.8	14.8	86.2	1.1	360	819.6016771
PAY	2021	9	24	10	0	14	600	963.4	16.4	80.2	1.2	354	951.5197054
PAY	2021	9	24	11	0	14.8	675	962.9	18.3	75.6	1.4	23	1000
PAY	2021	9	24	12	0	15.7	698	962.4	20.1	66.4	0.7	360	1000
PAY	2021	9	24	13	0	16.4	665	962	21.8	62.5	1.1	344	1000
PAY	2021	9	24	14	0	16.8	576	961.4	21.3	66.3	1.6	11	1000
PAY	2021	9	24	15	0	17.1	447	960.8	21.5	63.5	1.4	18	1000
PAY	2021	9	24	16	0	17.2	282	960.5	21.5	66.1	1.5	12	1000
PAY	2021	9	24	17	0	16.8	108	960.8	20.6	66.2	1.3	351	1000
PAY	2021	9	24	18	0	15.8	5	961.1	16.2	86	0.9	97	0
PAY	2021	9	24	19	0	14.4	0	961.5	15.4	88.1	0.8	203	0
PAY	2021	9	24	20	0	13.8	0	961.9	14.1	93.3	0.5	124	0
PAY	2021	9	24	21	0	13.3	0	961.9	13.9	94	0.7	189	0
PAY	2021	9	24	22	0	13	0	962.1	12.9	94.6	1.6	202	0
PAY	2021	9	24	23	0	12.5	0	962.1	12.8	96	1.5	203	0
PAY	2021	9	25	0	0	12	0	962	12	97.2	1.4	205	0
PAY	2021	9	25	1	0	11.6	0	962	11.8	97.1	1	198	0
PAY	2021	9	25	2	0	11.2	0	961.7	11.1	97.7	0.8	187	0
PAY	2021	9	25	3	0	10.5	0	961.5	10.3	97.9	0.3	90	0
PAY	2021	9	25	4	0	10	0	961.6	9.8	98.2	0.6	202	0
PAY	2021	9	25	5	0	10.3	0	961.7	10.9	96.3	0.3	180	0
PAY	2021	9	25	6	0	11.3	7	962	11.9	98.6	0.3	198	73.55631422
PAY	2021	9	25	7	0	12	59	961.9	12.8	98.9	0.3	180	221.6146176
PAY	2021	9	25	8	0	12.6	147	962.1	12.7	99.8	0.6	256	351.4249208
PAY	2021	9	25	9	0	13.3	248	962.1	14.4	93.6	0.4	288	458.419264
PAY	2021	9	25	10	0	14.3	445	961.6	16.9	81.8	0.4	360	710.9475603
PAY	2021	9	25	11	0	15.2	526	961.2	18.7	69.1	0.8	338	788.2527296
PAY	2021	9	25	12	0	15.7	640	960.7	20.2	62.6	0.9	351	966.3660669
PAY	2021	9	25	13	0	16.7	614	960.2	22.2	59.3	0.9	231	1000
PAY	2021	9	25	14	0	16.5	423	959.7	22	54.8	0.5	72	817.4020894
PAY	2021	9	25	15	0	16.9	241	959.8	21.3	63.5	1.1	310	621.8057988
PAY	2021	9	25	16	0	17	193	959.7	21	68.7	0.8	288	838.0710784
PAY	2021	9	25	17	0	17.3	43	960.2	19.6	81.1	0.3	117	763.3025434
PAY	2021	9	25	18	0	17.4	2	960.7	18.9	86	0.6	225	0
PAY	2021	9	25	19	0	17	0	961.2	18.2	87.3	1.3	180	0
PAY	2021	9	25	20	0	16.5	0	961.9	17.5	88.8	1.3	200	0
PAY	2021	9	25	21	0	16.2	0	962.2	17.5	87.5	0.5	166	0
PAY	2021	9	25	22	0	15.8	0	962.2	16.5	90.2	0.6	180	0
PAY	2021	9	25	23	0	14.9	0	961.7	15.4	92.9	0.3	153	0
PAY	2021	9	26	0	0	14.3	0	961.8	15	94.6	1	203	0
PAY	2021	9	26	1	0	14.4	0	961.4	14.9	94.4	0.7	117	0
PAY	2021	9	26	2	0	14	0	961	14	96.8	0.5	360	0
PAY	2021	9	26	3	0	13.9	0	960.4	14.3	96.2	0.5	166	0
PAY	2021	9	26	4	0	13.7	0	960.9	14.8	93.2	1.9	205	0
PAY	2021	9	26	5	0	14.4	0	962	15.6	91.3	2.9	193	0
PAY	2021	9	26	6	0	14.7	1	962.1	15.5	94.5	2.5	197	10.96332067
PAY	2021	9	26	7	0	14.9	27	962.4	15.9	91.8	1.4	243	102.9845929
PAY	2021	9	26	8	0	15.1	54	962.8	15.9	92.5	1.2	225	130.4091338
PAY	2021	9	26	9	0	15.3	98	962.7	16.8	85.7	1.3	249	182.6448837
PAY	2021	9	26	10	0	15.1	168	962.7	16.8	82.6	2.5	268	270.4240486
PAY	2021	9	26	11	0	14.9	185	962.7	17.5	76.9	2	246	279.3078241
PAY	2021	9	26	12	0	15.1	417	962.4	18.6	72.1	1.9	229	634.6459512
PAY	2021	9	26	13	0	15.1	385	962.1	19.4	62.6	1.8	213	635.6105317
PAY	2021	9	26	14	0	15.5	525	961.6	20.4	59.6	2.3	204	1000
PAY	2021	9	26	15	0	15.4	436	961.4	20.4	61.7	2.4	201	1000
PAY	2021	9	26	16	0	15.5	258	961.7	20	61.8	2.3	210	1000
PAY	2021	9	26	17	0	14.9	111	962	18.7	60.4	1.7	205	1000
PAY	2021	9	26	18	0	14.1	3	962.6	16.9	74.4	2	204	0
PAY	2021	9	26	19	0	13.9	0	963.1	15.7	80.1	1.2	207	0
PAY	2021	9	26	20	0	13.5	0	962.9	15.3	82.2	2.4	195	0
PAY	2021	9	26	21	0	13.4	0	963.1	14.6	86.8	2	200	0
PAY	2021	9	26	22	0	13.3	0	963.2	14	90.7	1.4	207	0
PAY	2021	9	26	23	0	12.8	0	962.9	12.8	95.5	0.6	166	0
PAY	2021	9	27	0	0	12.3	0	962.9	12.7	94.8	0.7	203	0
PAY	2021	9	27	1	0	12.6	0	963.1	13.3	93.9	0.7	166	0
PAY	2021	9	27	2	0	12.5	0	962.9	12.8	95.1	0.4	194	0
PAY	2021	9	27	3	0	11.9	0	962.7	11.6	96.3	0.7	207	0
PAY	2021	9	27	4	0	11.2	0	962.5	10.8	96.5	1	197	0
PAY	2021	9	27	5	0	10.8	0	962.6	11.5	94.7	1.5	191	0
PAY	2021	9	27	6	0	10.9	8	962.6	10.8	95.9	0.7	207	91.69311235
PAY	2021	9	27	7	0	11.1	98	962.8	12.5	90.5	1	204	379.6961295
PAY	2021	9	27	8	0	12.7	297	962.8	14.6	83.2	0.4	256	724.6753295
PAY	2021	9	27	9	0	13.4	383	962.7	16	79.3	0.4	288	719.7892686
PAY	2021	9	27	10	0	14.3	421	962.8	17.1	77.8	0.9	288	682.8482658
PAY	2021	9	27	11	0	15.1	418	962.7	17.8	74.7	0.9	310	635.8644723
PAY	2021	9	27	12	0	15.6	507	962.3	19.2	69.3	0.6	90	777.8282153
PAY	2021	9	27	13	0	16.4	439	962	19.6	70.8	1	236	731.3896376
PAY	2021	9	27	14	0	16.3	314	961.9	20.5	65.8	0.5	252	620.4129153
PAY	2021	9	27	15	0	16.2	417	962.1	21.3	51.3	1.4	256	1000
PAY	2021	9	27	16	0	14.9	253	962.4	20.7	54.5	2.6	225	1000
PAY	2021	9	27	17	0	15	41	963	18.9	65.9	1.3	228	923.9056505
PAY	2021	9	27	18	0	14.9	2	963.6	17.9	72.1	1.8	202	0
PAY	2021	9	27	19	0	14.6	0	964.2	16.9	77.9	1.9	205	0
PAY	2021	9	27	20	0	14.6	0	964.5	16.2	82.6	2.3	203	0
PAY	2021	9	27	21	0	14.5	0	965.2	16.8	78	2.4	205	0
PAY	2021	9	27	22	0	14.5	0	965.7	17.1	76.4	2.2	205	0
PAY	2021	9	27	23	0	13	0	966.5	16	60.3	2	290	0
PAY	2021	9	28	0	0	11.8	0	966.8	14.4	69.6	1.3	68	0
PAY	2021	9	28	1	0	11.4	0	966.7	13.9	75.8	1.3	85	0
PAY	2021	9	28	2	0	11.3	0	966.4	13.7	75.2	1.4	82	0
PAY	2021	9	28	3	0	11	0	966.3	13.8	69.8	1.4	63	0
PAY	2021	9	28	4	0	10.7	0	966.1	13.4	71.5	1	36	0
PAY	2021	9	28	5	0	11.1	0	966	13.1	78.5	0.5	214	0
PAY	2021	9	28	6	0	11.2	6	965.8	13.3	77.8	0.9	36	72.05617283
PAY	2021	9	28	7	0	10.8	29	965.7	13.3	75.3	2.1	29	114.1704159
PAY	2021	9	28	8	0	11.4	137	965.8	14.2	75.9	2.5	38	337.7966654
PAY	2021	9	28	9	0	12.2	419	965.4	15.3	71.6	3.3	34	794.1474551
PAY	2021	9	28	10	0	13	598	964.8	16.6	69.1	3.6	27	977.4557933
PAY	2021	9	28	11	0	13.5	527	964.1	16.8	71.3	3.4	26	807.8318576
PAY	2021	9	28	12	0	14.1	524	963.4	17.4	71.1	3.2	32	810.463671
PAY	2021	9	28	13	0	14	499	963	17.6	67.4	3.4	28	839.0556392
PAY	2021	9	28	14	0	14.3	480	962.6	17.6	67	2.7	36	959.2272293
PAY	2021	9	28	15	0	14.1	401	962.4	17.8	66.7	2.3	25	1000
PAY	2021	9	28	16	0	14.2	222	962.5	17.3	69	1.6	42	1000
PAY	2021	9	28	17	0	13.7	72	962.6	16.4	72.1	1.4	51	1000
PAY	2021	9	28	18	0	13.2	2	962.7	14.6	85.7	0.8	54	0
PAY	2021	9	28	19	0	13.2	0	962.6	14.1	89.7	0.2	90	0
PAY	2021	9	28	20	0	13	0	962.7	13.8	91.3	0.4	225	0
PAY	2021	9	28	21	0	12.9	0	963.1	13.7	92.7	0.7	207	0
PAY	2021	9	28	22	0	12.9	0	963.1	13.7	89.1	1.4	180	0
PAY	2021	9	28	23	0	12.2	0	963.3	12.5	92.9	1.3	198	0
PAY	2021	9	29	0	0	12	0	963.8	13.4	87.7	1.9	216	0
PAY	2021	9	29	1	0	11.9	0	964.4	12.8	82.7	4.8	216	0
PAY	2021	9	29	2	0	11	0	964.3	12.8	78.8	3.1	207	0
PAY	2021	9	29	3	0	11.2	0	964.4	12.7	85.3	3.1	207	0
PAY	2021	9	29	4	0	11.4	0	964.5	12.4	88.8	3.5	207	0
PAY	2021	9	29	5	0	11.5	0	964.7	12.5	87.3	3	206	0
PAY	2021	9	29	6	0	11	5	965	11.8	87.6	1.9	205	63.07081902
PAY	2021	9	29	7	0	11.3	103	965.4	13.2	82.8	1.9	205	412.1798152
PAY	2021	9	29	8	0	11.8	206	965.6	14.2	77.2	2.2	217	513.3646769
PAY	2021	9	29	9	0	12.3	394	965.7	16	66.2	3	226	753.2162649
PAY	2021	9	29	10	0	12.4	542	965.6	17.5	60.6	4	238	892.8877767
PAY	2021	9	29	11	0	12.8	565	965.4	17.8	58.5	3.5	220	872.8224943
PAY	2021	9	29	12	0	12.8	345	965.3	17.8	58.8	4.1	246	538.0143346
PAY	2021	9	29	13	0	12.7	223	965.3	17.6	58.3	4.4	239	378.4884273
PAY	2021	9	29	14	0	13.1	370	965.5	19.3	53.9	4.6	252	747.9594996
PAY	2021	9	29	15	0	12.4	227	966.1	17.8	53.4	5.2	253	623.3550483
PAY	2021	9	29	16	0	11.6	223	966.7	15.9	54.8	5.3	246	1000
PAY	2021	9	29	17	0	10.7	25	967.4	15.3	53.3	4.4	249	0
PAY	2021	9	29	18	0	10.6	0	968.4	13	77.5	2.5	221	0
PAY	2021	9	29	19	0	10.7	0	969.1	13.9	65.5	2.3	180	0
PAY	2021	9	29	20	0	10.5	0	969.5	12.9	74.5	0.7	270	0
PAY	2021	9	29	21	0	10.6	0	969.9	12.7	74.5	0.8	82	0
PAY	2021	9	29	22	0	10.1	0	970.2	12.4	74.1	0.9	90	0
PAY	2021	9	29	23	0	9.5	0	970.5	11.9	69.8	1.5	70	0
PAY	2021	9	30	0	0	8.6	0	970.7	11.9	63.8	1.3	35	0
PAY	2021	9	30	1	0	8.5	0	970.7	11.5	65	1.2	52	0
PAY	2021	9	30	2	0	8.4	0	970.6	10	81.1	0.7	59	0
PAY	2021	9	30	3	0	7.9	0	970.5	9	84.5	0.2	90	0
PAY	2021	9	30	4	0	8	0	970.7	8.9	87.4	0.3	45	0
PAY	2021	9	30	5	0	7.6	0	970.6	8.1	90.3	0.3	180	0
PAY	2021	9	30	6	0	6.7	5	970.5	6.9	93.6	0.2	90	66.42692812
PAY	2021	9	30	7	0	7.2	122	970.9	9.4	84.3	0.2	360	496.4280719
PAY	2021	9	30	8	0	8.4	301	971	11	71.4	1.7	38	758.2748223
PAY	2021	9	30	9	0	9.1	461	970.7	12.9	62.2	2.2	35	889.0310733
PAY	2021	9	30	10	0	9.8	562	970.2	14.1	65.2	2.1	35	933.2186754
PAY	2021	9	30	11	0	10.3	626	969.5	14.3	59.1	2.2	24	974.6839032
PAY	2021	9	30	12	0	10.3	602	969	14.9	53	2	10	946.6497695
PAY	2021	9	30	13	0	10.6	615	968.7	16.5	49.5	2.7	5	1000
PAY	2021	9	30	14	0	10.3	560	968.1	16.3	45.2	2.2	63	1000
PAY	2021	9	30	15	0	10.1	427	967.6	16.4	47.1	1.1	72	1000
PAY	2021	9	30	16	0	10	261	967.4	16.1	44.9	1.4	48	1000
PAY	2021	9	30	17	0	9.8	86	967.4	13.8	61.3	1	45	0
PAY	2021	9	30	18	0	9.5	2	967.5	12.2	66.1	0.8	90	0
PAY	2021	9	30	19	0	8.2	0	967.8	9	85.3	0.6	169	0
PAY	2021	9	30	20	0	7.4	0	968	8	89.3	0.7	189	0
PAY	2021	9	30	21	0	6.7	0	968	6.9	92.8	1.1	195	0
PAY	2021	9	30	22	0	6.1	0	967.9	6.6	92.7	1.1	202	0
PAY	2021	9	30	23	0	5.9	0	967.6	6.4	93.4	1.2	195	0
PAY	2021	10	1	0	0	5.7	0	967.4	5.9	94.7	1.2	195	0
PAY	2021	10	1	1	0	5.6	0	967.1	5.7	94.9	0.8	180	0
PAY	2021	10	1	2	0	5.2	0	966.5	5.1	95.5	1	191	0
PAY	2021	10	1	3	0	4.9	0	966.1	5.3	96.1	0.9	193	0
PAY	2021	10	1	4	0	4.9	0	965.8	5.1	95.4	1.3	203	0
PAY	2021	10	1	5	0	4.8	0	965.6	4.9	97.3	1.1	197	0
PAY	2021	10	1	6	0	4.8	5	965.5	5.4	95.9	0.9	194	70.17257543
PAY	2021	10	1	7	0	6.4	111	965.6	8	92.7	0.8	196	459.4353465
PAY	2021	10	1	8	0	8.2	280	965.6	10	87.8	0.5	236	713.178307
PAY	2021	10	1	9	0	9.8	436	965.2	12.2	82	0.8	360	848.3041792
PAY	2021	10	1	10	0	10.8	563	964.7	13.6	75.2	1.1	342	942.4381789
PAY	2021	10	1	11	0	11.6	632	963.9	14.9	68	0.8	342	991.8891536
PAY	2021	10	1	12	0	12.8	647	963	17	64.1	0.9	90	1000
PAY	2021	10	1	13	0	13.7	625	962.2	18.2	61.4	1	360	1000
PAY	2021	10	1	14	0	13.9	539	961.6	18.8	58.1	1	30	1000
PAY	2021	10	1	15	0	14.2	379	961.2	18.9	56.7	1	342	1000
PAY	2021	10	1	16	0	14.1	154	961.1	17.5	69.7	0.9	8	791.1159184
PAY	2021	10	1	17	0	14.2	50	961.2	15.8	80.7	0.6	90	0
PAY	2021	10	1	18	0	13	1	961.2	14.1	85.1	0.3	153	0
PAY	2021	10	1	19	0	12.1	0	961.4	13.2	83.6	0.5	198	0
PAY	2021	10	1	20	0	11.7	0	961.6	12.4	90.2	0.3	0	0
PAY	2021	10	1	21	0	11.5	0	961.6	12.4	90.5	0.7	166	0
PAY	2021	10	1	22	0	12.3	0	961.4	14.3	83	1.9	198	0
PAY	2021	10	1	23	0	11.9	0	961.2	12.2	91.8	1	146	0
PAY	2021	10	2	0	0	11.7	0	961.1	12.2	93.2	0.4	45	0
PAY	2021	10	2	1	0	12.3	0	961.1	14.5	85	1	173	0
PAY	2021	10	2	2	0	12.5	0	960.6	13.5	89.3	0.8	292	0
PAY	2021	10	2	3	0	11.9	0	960.2	13.3	82.6	0.8	214	0
PAY	2021	10	2	4	0	11.3	0	960.1	11.9	90.5	0.7	211	0
PAY	2021	10	2	5	0	11.3	0	959.9	12.8	88.9	0.8	187	0
PAY	2021	10	2	6	0	11.5	6	960	12.6	90.3	1.1	212	89.25502808
PAY	2021	10	2	7	0	11.9	53	959.8	13.1	88.7	1.2	188	223.2261692
PAY	2021	10	2	8	0	12.8	233	959.6	15	87.4	0.7	284	600.1442825
PAY	2021	10	2	9	0	14.2	435	959.2	17.4	78.3	0.9	337	854.0048318
PAY	2021	10	2	10	0	14.8	473	958.5	18.4	72.7	1.1	315	798.2717937
PAY	2021	10	2	11	0	15.2	605	957.7	20.6	56.3	1.8	253	957.1993169
PAY	2021	10	2	12	0	15.1	597	957	21.5	49.1	2.7	228	954.8573726
PAY	2021	10	2	13	0	15.2	513	956.2	21.1	54.5	3	225	896.0708423
PAY	2021	10	2	14	0	15.4	398	955.6	21.7	51.5	3	219	833.5766758
PAY	2021	10	2	15	0	15.4	351	955	21.1	53.8	3.5	218	1000
PAY	2021	10	2	16	0	15.1	227	954.5	20.9	50.7	3	216	1000
PAY	2021	10	2	17	0	14.3	56	954.1	19.1	59.7	2.6	203	0
PAY	2021	10	2	18	0	13.8	1	953.8	17.3	66.3	3	182	0
PAY	2021	10	2	19	0	13.4	0	953.7	16.9	68.5	2	208	0
PAY	2021	10	2	20	0	13.7	0	953.7	17.1	70.9	2.5	200	0
PAY	2021	10	2	21	0	13.8	0	953.3	16.1	77.4	1.4	196	0
PAY	2021	10	2	22	0	13.9	0	952.9	17.1	73.5	2.1	200	0
PAY	2021	10	2	23	0	14	0	952.7	16.8	71.5	3	213	0
PAY	2021	10	3	0	0	13.5	0	952.4	16.6	70.1	3	202	0
PAY	2021	10	3	1	0	13.3	0	951.9	16.9	66.9	2	209	0
PAY	2021	10	3	2	0	13.2	0	951.7	16.3	70.4	1.6	208	0
PAY	2021	10	3	3	0	13	0	951.3	16.8	64.3	2.4	203	0
PAY	2021	10	3	4	0	12.4	0	950.6	16.2	63	2.7	200	0
PAY	2021	10	3	5	0	12	0	950.4	15.4	65.7	2	198	0
PAY	2021	10	3	6	0	11.5	2	950.5	13.4	80.6	0.7	90	31.65468938
PAY	2021	10	3	7	0	11.7	38	950.6	14.1	78.9	1.2	80	162.9253429
PAY	2021	10	3	8	0	12.6	72	951	14.6	81.7	0.9	45	187.5740256
PAY	2021	10	3	9	0	13.4	177	950.9	16.3	78	0.8	63	350.6770805
PAY	2021	10	3	10	0	14	245	950.9	18	61.9	0.8	63	416.9160107
PAY	2021	10	3	11	0	14.2	413	950.7	19.7	57.2	1.3	45	658.7824186
PAY	2021	10	3	12	0	14.8	339	950.5	20.3	56.8	1.2	319	546.9103588
PAY	2021	10	3	13	0	14.3	223	950.6	20.2	54.9	1	13	393.3585145
PAY	2021	10	3	14	0	14.1	101	951	18	65.5	4	219	214.1131973
PAY	2021	10	3	15	0	14	64	952	17.3	70.4	3.6	227	187.8344949
PAY	2021	10	3	16	0	14.5	48	952.8	16.2	85.3	1.3	124	262.4831762
PAY	2021	10	3	17	0	14.2	10	954.6	16	81.9	1.5	247	0
PAY	2021	10	3	18	0	13.9	0	956.6	14.4	93.6	1.3	246	0
PAY	2021	10	3	19	0	13.2	0	957.7	13.5	94.2	0.9	135	0
PAY	2021	10	3	20	0	12.6	0	958.6	12.7	89.6	0.9	59	0
PAY	2021	10	3	21	0	11.6	0	959	11.8	92.5	2	78	0
PAY	2021	10	3	22	0	11.2	0	959.5	11.6	94.8	1	79	0
PAY	2021	10	3	23	0	10.8	0	959.7	11	91.2	1.5	79	0
PAY	2021	10	4	0	0	10.1	0	960	10.7	94.1	0.8	82	0
PAY	2021	10	4	1	0	10.1	0	959.7	10.5	93.8	1.7	65	0
PAY	2021	10	4	2	0	9.9	0	960	10.3	96.2	0.5	162	0
PAY	2021	10	4	3	0	9.9	0	960.2	10.3	96.9	0.5	198	0
PAY	2021	10	4	4	0	9.5	0	960.4	9.8	92.7	0.9	225	0
PAY	2021	10	4	5	0	9.4	0	960.9	9.8	96.4	0.3	153	0
PAY	2021	10	4	6	0	9.4	0	961.5	9.9	96	0.3	315	0
PAY	2021	10	4	7	0	9.5	11	962.6	9.8	95.6	0.5	270	48.02936083
PAY	2021	10	4	8	0	9.7	26	963.2	10.1	96.1	0.4	180	68.52291515
PAY	2021	10	4	9	0	9.9	41	963.2	10.4	94.1	0.9	180	81.98573408
PAY	2021	10	4	10	0	10	68	963.3	10.6	93.3	0.3	333	116.689493
PAY	2021	10	4	11	0	10.5	118	962.8	11.2	93.2	0.6	309	189.7852719
PAY	2021	10	4	12	0	10.4	159	961.8	11.2	87.4	1.7	4	258.7673771
PAY	2021	10	4	13	0	10.1	119	961.4	11.1	87.5	1.4	30	212.0010814
PAY	2021	10	4	14	0	10.4	127	961.1	11.5	87.8	1.3	18	272.5522524
PAY	2021	10	4	15	0	10.6	120	960.3	11.6	86.6	2.1	14	358.3324455
PAY	2021	10	4	16	0	10.4	54	959.6	11.4	87.9	2.1	23	305.0851804
PAY	2021	10	4	17	0	10.4	23	959.2	11.3	89.5	1.2	39	0
PAY	2021	10	4	18	0	10.4	0	959.5	10.9	92.7	0.5	63	0
PAY	2021	10	4	19	0	10.3	0	959.2	11	91.7	0.5	63	0
PAY	2021	10	4	20	0	10.4	0	959.6	11.2	90.4	0.3	45	0
PAY	2021	10	4	21	0	10.6	0	958.9	10.9	95.1	0.3	360	0
PAY	2021	10	4	22	0	10.6	0	958.5	11	94.7	0.3	315	0
PAY	2021	10	4	23	0	10.5	0	957.6	10.8	95.5	0.7	320	0
PAY	2021	10	5	0	0	10.5	0	957.9	11	95.2	1	207	0
PAY	2021	10	5	1	0	10.4	0	957.5	10.7	96.2	1.7	197	0
PAY	2021	10	5	2	0	10.4	0	956.9	10.7	96.4	1.2	204	0
PAY	2021	10	5	3	0	10.3	0	956.6	10.7	95.5	0.9	214	0
PAY	2021	10	5	4	0	10.3	0	956.5	10.7	96.4	1.3	189	0
PAY	2021	10	5	5	0	10.3	0	955.9	10.5	96.8	1	193	0
PAY	2021	10	5	6	0	10.3	1	955.9	10.7	94.4	1.1	209	18.15967102
PAY	2021	10	5	7	0	10.3	29	956	11	95.1	1.2	207	129.0030251
PAY	2021	10	5	8	0	10.8	93	955.8	11.9	87.6	1.6	191	247.9993448
PAY	2021	10	5	9	0	11.2	165	956.1	12.8	87.3	1.7	227	333.0551008
PAY	2021	10	5	10	0	11.5	257	955.9	13.5	80.5	3.3	220	444.7783003
PAY	2021	10	5	11	0	12	455	955.9	14.3	76.5	4.6	214	737.9443408
PAY	2021	10	5	12	0	12	427	955.3	15.4	72.5	4.3	212	701.098887
PAY	2021	10	5	13	0	12.1	208	955.2	14.3	77.4	3.5	212	374.2913903
PAY	2021	10	5	14	0	11.7	133	955.1	14.2	72.8	3.1	230	288.9917147
PAY	2021	10	5	15	0	11.5	150	955.1	14.5	68.3	3.7	222	455.8500057
PAY	2021	10	5	16	0	11.1	94	955.6	13.6	74.1	4.2	228	549.2185662
PAY	2021	10	5	17	0	10.5	15	956.3	11.6	87.8	5.7	224	0
PAY	2021	10	5	18	0	10.5	0	957.2	11.8	86.9	4.4	216	0
PAY	2021	10	5	19	0	10	0	958.3	11.2	79.6	4.5	213	0
PAY	2021	10	5	20	0	9	0	959.5	11.1	75.8	4.1	202	0
PAY	2021	10	5	21	0	9.1	0	960.5	10.7	82.9	3.6	211	0
PAY	2021	10	5	22	0	9.3	0	961.1	10.7	83	2.8	216	0
PAY	2021	10	5	23	0	9.1	0	961.4	10.4	83	2.8	221	0
PAY	2021	10	6	0	0	8.6	0	961.5	10.1	81.8	2.7	211	0
PAY	2021	10	6	1	0	8.1	0	961.8	9.3	76.4	2.2	229	0
PAY	2021	10	6	2	0	6.9	0	961.8	8.6	79.1	2.7	212	0
PAY	2021	10	6	3	0	6.8	0	961.8	7.8	87.8	1.7	208	0
PAY	2021	10	6	4	0	7.1	0	962.4	8.4	86.6	1.3	221	0
PAY	2021	10	6	5	0	7.3	0	963	8.3	86.7	2.8	209	0
PAY	2021	10	6	6	0	7.2	2	963.5	7.8	93.7	2.3	201	39.21949787
PAY	2021	10	6	7	0	7.4	53	964	8.1	92.4	2.1	197	240.2978428
PAY	2021	10	6	8	0	7.9	146	964.5	9.8	83.4	2.3	193	394.0118799
PAY	2021	10	6	9	0	8.6	228	965	11.2	69.9	2.6	212	464.6245665
PAY	2021	10	6	10	0	8.7	405	964.9	13.3	62.5	2.7	205	706.9685801
PAY	2021	10	6	11	0	8.2	230	965.4	11.5	59.1	2.9	266	376.1962137
PAY	2021	10	6	12	0	8.7	422	965.5	12	64.4	3.3	204	699.1095654
PAY	2021	10	6	13	0	9.1	502	965.2	13	61.6	3.4	204	912.5418118
PAY	2021	10	6	14	0	9.4	598	965.3	13.4	61.1	3.7	211	1000
PAY	2021	10	6	15	0	9.1	261	965.6	11.9	63.2	4.4	196	807.4466377
PAY	2021	10	6	16	0	8.8	103	965.9	11.1	72.9	2.4	216	623.0004489
PAY	2021	10	6	17	0	8.1	23	966.5	10.1	76.6	2.4	201	0
PAY	2021	10	6	18	0	8	0	967.1	9.6	80.8	1.8	202	0
PAY	2021	10	6	19	0	7.9	0	967.5	9.4	80.8	2.2	202	0
PAY	2021	10	6	20	0	7.8	0	967.7	9.5	78.7	1.6	208	0
PAY	2021	10	6	21	0	7.9	0	967.9	9.3	83.6	1.8	199	0
PAY	2021	10	6	22	0	8	0	967.8	9	86.3	1.5	184	0
PAY	2021	10	6	23	0	8.1	0	967.7	9.1	87	1.2	185	0
PAY	2021	10	7	0	0	8.2	0	967.7	8.8	91.1	0.7	194	0
PAY	2021	10	7	1	0	8.2	0	967.6	8.8	89.8	0.9	172	0
PAY	2021	10	7	2	0	8	0	967.3	8.8	89.7	1	174	0
PAY	2021	10	7	3	0	7.9	0	967.2	8.4	93.9	0.7	153	0
PAY	2021	10	7	4	0	7.9	0	967.4	8	95.3	0.5	63	0
PAY	2021	10	7	5	0	7.6	0	967.5	7.8	95.9	0.6	68	0
PAY	2021	10	7	6	0	7.2	1	967.6	7.1	97.3	0.6	68	21.31549566
PAY	2021	10	7	7	0	7	53	967.6	8.3	90.6	1	54	245.0259959
PAY	2021	10	7	8	0	7.8	211	967.8	9.7	87.1	0.9	7	576.3847501
PAY	2021	10	7	9	0	8.9	398	967.7	11.2	76.4	2.7	40	818.9229698
PAY	2021	10	7	10	0	9.2	408	967.3	12.5	67.4	4	49	718.4334361
PAY	2021	10	7	11	0	9.4	663	966.9	13.5	59.2	5.4	64	1000
PAY	2021	10	7	12	0	9.5	519	966.7	13.6	63.2	4.9	51	867.607325
PAY	2021	10	7	13	0	9.7	464	966.1	12.8	60.8	5.6	32	852.1497049
PAY	2021	10	7	14	0	9.2	384	966.3	13.5	58.8	5.9	36	855.7134522
PAY	2021	10	7	15	0	9.4	373	966.1	13.2	57.9	6.2	40	1000
PAY	2021	10	7	16	0	8.7	138	966.1	11.9	66	5.4	50	865.0287565
PAY	2021	10	7	17	0	8.5	30	966.2	11.7	65.3	4.8	47	0
PAY	2021	10	7	18	0	8.4	0	966.4	11.1	68.8	4.5	45	0
PAY	2021	10	7	19	0	8.1	0	966.6	10.2	74.5	3.9	45	0
PAY	2021	10	7	20	0	8.2	0	966.5	10.3	76.1	4.1	50	0
PAY	2021	10	7	21	0	8.2	0	966.1	10.3	75.4	3.6	51	0
PAY	2021	10	7	22	0	7.8	0	966.2	9.5	77.6	3.4	44	0
PAY	2021	10	7	23	0	7.4	0	966.4	8.7	81	3.2	46	0
PAY	2021	10	8	0	0	7	0	966.3	8.3	82.9	2.2	34	0
PAY	2021	10	8	1	0	6.6	0	966.3	7.2	87.8	1.7	31	0
PAY	2021	10	8	2	0	6.1	0	966.1	6.4	91.6	0.9	76	0
PAY	2021	10	8	3	0	6.1	0	965.9	6.8	89.2	0.4	72	0
PAY	2021	10	8	4	0	6	0	966.1	6.8	90.8	0.8	81	0
PAY	2021	10	8	5	0	6.9	0	966.1	8.1	86.2	1.9	56	0
PAY	2021	10	8	6	0	7.2	1	966.3	8.6	85.9	1.7	60	23.35061033
PAY	2021	10	8	7	0	7.8	45	966.5	9.3	84.2	2.1	51	212.2302993
PAY	2021	10	8	8	0	8.3	118	966.5	10.1	79.5	3.7	42	326.340648
PAY	2021	10	8	9	0	8.7	212	966.3	11.2	76.3	4.5	38	440.5000345
PAY	2021	10	8	10	0	9.1	288	966	11.7	76	6	35	511.6187106
PAY	2021	10	8	11	0	9.7	394	966.1	12.2	77.7	6.7	32	655.6277072
PAY	2021	10	8	12	0	9.8	291	965.6	12	76.4	5.7	35	490.9223337
PAY	2021	10	8	13	0	10.1	369	965.2	12.9	70.8	6.7	36	684.7287003
PAY	2021	10	8	14	0	10.6	384	965.1	13.8	69.4	6.1	39	866.7668793
PAY	2021	10	8	15	0	10.5	322	964.8	14	66	5.9	57	1000
PAY	2021	10	8	16	0	10.5	204	964.8	13.7	65.8	5.9	72	1000
PAY	2021	10	8	17	0	10.3	44	965	13.1	70.1	4.9	69	0
PAY	2021	10	8	18	0	10.3	0	965.2	12.7	74.1	3.4	50	0
PAY	2021	10	8	19	0	10.2	0	965.1	12.8	72	3	40	0
PAY	2021	10	8	20	0	10.1	0	965	12.6	72.6	3.5	47	0
PAY	2021	10	8	21	0	9.6	0	965	11	79.3	3.2	46	0
PAY	2021	10	8	22	0	8.9	0	965	10.3	81.7	2.7	31	0
PAY	2021	10	8	23	0	8.1	0	964.8	8.8	87.8	1.2	34	0
PAY	2021	10	9	0	0	7.5	0	964.7	7.7	91.3	1.2	84	0
PAY	2021	10	9	1	0	7.2	0	964.7	6.9	94.1	1.8	54	0
PAY	2021	10	9	2	0	6.3	0	964.7	6.2	96.7	0.3	225	0
PAY	2021	10	9	3	0	5.9	0	964.7	5.6	97.1	0.5	214	0
PAY	2021	10	9	4	0	5.7	0	964.9	6.5	96.3	0.5	207	0
PAY	2021	10	9	5	0	6.5	0	964.8	7.1	95.8	0.4	90	0
PAY	2021	10	9	6	0	7	1	965.1	7.5	95	0.1	315	25.82010803
PAY	2021	10	9	7	0	7.6	25	965.5	8.6	91.4	0.2	360	120.3361546
PAY	2021	10	9	8	0	8	59	965.9	9.2	87.5	1.7	25	165.2291751
PAY	2021	10	9	9	0	8.4	80	966.1	9.5	86.2	2.7	38	167.8833142
PAY	2021	10	9	10	0	8.7	124	966.2	10.2	84.2	1.9	36	222.2537013
PAY	2021	10	9	11	0	9.1	244	966.2	11.2	81.1	2.6	34	409.590386
PAY	2021	10	9	12	0	9.5	268	966.4	11.8	77.4	3	41	456.3085312
PAY	2021	10	9	13	0	9.6	277	966.4	12.1	72.9	2.8	43	519.4103107
PAY	2021	10	9	14	0	9.3	153	966.4	12.2	72.8	2.9	58	349.8619035
PAY	2021	10	9	15	0	9.2	155	966.3	12	69.3	2.6	50	506.6848079
PAY	2021	10	9	16	0	9	65	966.4	11.6	70.5	2.6	53	439.1033697
PAY	2021	10	9	17	0	8.7	28	966.5	11.1	69.3	2.7	50	0
PAY	2021	10	9	18	0	7.9	0	966.7	9.5	78.1	1.3	55	0
PAY	2021	10	9	19	0	7.1	0	966.5	7.4	89.9	0.8	56	0
PAY	2021	10	9	20	0	6.2	0	966.5	6.4	93.9	0.6	59	0
PAY	2021	10	9	21	0	6	0	966.8	6	93.9	0.3	225	0
PAY	2021	10	9	22	0	6	0	966.8	5.9	95	0.6	153	0
PAY	2021	10	9	23	0	5.3	0	966.7	5.2	96.6	0.9	187	0
PAY	2021	10	10	0	0	4.8	0	966.9	4.6	97.1	0.5	153	0
PAY	2021	10	10	1	0	3.9	0	967	4	97.2	0.3	90	0
PAY	2021	10	10	2	0	3.3	0	966.9	3.4	97.4	0.7	198	0
PAY	2021	10	10	3	0	3	0	966.6	2.9	97.5	0.7	117	0
PAY	2021	10	10	4	0	2.7	0	966.6	2.7	97.4	0.7	189	0
PAY	2021	10	10	5	0	2.2	0	966.7	2.4	96.9	0.6	180	0
PAY	2021	10	10	6	0	1.8	2	966.8	2	97.1	0.3	135	0
PAY	2021	10	10	7	0	2.2	56	967.3	3.3	96.6	0.4	76	275.2420366
PAY	2021	10	10	8	0	4.3	189	967.5	5.2	96.4	0.4	225	536.0796607
PAY	2021	10	10	9	0	5.7	303	967.7	7.2	86.9	0.6	297	642.2806665
PAY	2021	10	10	10	0	6.8	275	967.7	8.4	82.3	0.9	9	497.3690075
PAY	2021	10	10	11	0	7.4	244	967.6	9.1	78.3	2	45	413.2270314
PAY	2021	10	10	12	0	7.9	297	967.3	10.3	75.7	2.2	60	510.4149207
PAY	2021	10	10	13	0	8.7	612	966.8	11.3	70.3	1.6	94	1000
PAY	2021	10	10	14	0	9.4	492	966.4	13.1	66.5	2	47	1000
PAY	2021	10	10	15	0	9.6	358	966.4	13.4	61.9	2.5	47	1000
PAY	2021	10	10	16	0	9.2	197	966.2	13.1	54.9	2.3	53	1000
PAY	2021	10	10	17	0	8.1	38	966.5	9.8	74.4	1.6	43	0
PAY	2021	10	10	18	0	6.8	0	966.7	8	78	0.9	60	0
PAY	2021	10	10	19	0	5.2	0	967.4	5.5	88.8	1	79	0
PAY	2021	10	10	20	0	4.5	0	967.6	4.9	89.9	0.6	63	0
PAY	2021	10	10	21	0	4	0	967.8	4.3	93.7	0.3	180	0
PAY	2021	10	10	22	0	3.7	0	967.5	4.7	91.2	0.4	180	0
PAY	2021	10	10	23	0	3.1	0	967.3	3.3	95.6	0.7	198	0
PAY	2021	10	11	0	0	2.8	0	967.2	2.8	96.2	0.6	169	0
PAY	2021	10	11	1	0	2.3	0	967.3	2.4	96.7	0.5	124	0
PAY	2021	10	11	2	0	1.7	0	967.5	1.6	96.8	0.4	90	0
PAY	2021	10	11	3	0	1.4	0	967.2	1.7	97.5	0.4	198	0
PAY	2021	10	11	4	0	1	0	967.3	1.1	100	0.3	270	0
PAY	2021	10	11	5	0	0.4	0	967.7	0.2	96.4	0.4	180	0
PAY	2021	10	11	6	0	0	2	967.9	0.4	94	0.8	214	0
PAY	2021	10	11	7	0	0.2	72	967.7	1.1	95.2	0.5	135	361.5316269
PAY	2021	10	11	8	0	2.8	232	968.1	4.7	90.8	0.7	198	666.616981
PAY	2021	10	11	9	0	5.4	396	968.1	7.6	74.3	0.9	207	848.0063534
PAY	2021	10	11	10	0	6.5	542	967.8	9.5	73.7	1.5	23	989.2562075
PAY	2021	10	11	11	0	7.4	543	967.6	11	69.4	2.2	14	927.8483952
PAY	2021	10	11	12	0	8.4	591	967.2	11.7	69.2	2.5	10	1000
PAY	2021	10	11	13	0	9	566	966.9	12.4	68	2.6	15	1000
PAY	2021	10	11	14	0	9.2	472	966.5	12.8	62.7	2.8	7	1000
PAY	2021	10	11	15	0	9.1	329	966.3	12.9	58.9	2.3	19	1000
PAY	2021	10	11	16	0	8.7	173	966.5	12.2	59.8	1.8	31	1000
PAY	2021	10	11	17	0	8.1	31	966.9	9.3	82.9	0.8	34	0
PAY	2021	10	11	18	0	7.2	0	967.1	7.5	90.7	0.7	81	0
PAY	2021	10	11	19	0	6.3	0	967.5	6.7	88.8	0.9	67	0
PAY	2021	10	11	20	0	5.8	0	967.3	6.9	84.4	0.6	53	0
PAY	2021	10	11	21	0	5.5	0	967.2	5.8	93.6	0.4	360	0
PAY	2021	10	11	22	0	4.3	0	967	3.5	91.8	0.4	135	0
PAY	2021	10	11	23	0	3.6	0	966.8	3.8	93	0.5	194	0
PAY	2021	10	12	0	0	3.3	0	966.5	3.7	92.9	0.6	189	0
PAY	2021	10	12	1	0	3.1	0	966.4	3.3	95.6	0.4	198	0
PAY	2021	10	12	2	0	2.8	0	966	3.2	94.5	0.4	117	0
PAY	2021	10	12	3	0	2.7	0	965.9	3.9	92.4	0.6	225	0
PAY	2021	10	12	4	0	2.7	0	965.1	2.4	96.6	0.9	158	0
PAY	2021	10	12	5	0	2.3	0	965	2.7	94.9	0.8	236	0
PAY	2021	10	12	6	0	2.9	1	964.9	3.3	95.6	0.8	172	0
PAY	2021	10	12	7	0	2.9	40	965.2	3.5	95.7	0.9	203	205.2980635
PAY	2021	10	12	8	0	4.5	130	965.4	5.4	91.1	0.4	225	378.4787453
PAY	2021	10	12	9	0	5.9	322	965.2	8.4	75.8	0.4	315	696.6879592
PAY	2021	10	12	10	0	7.4	501	964.7	10.5	72.8	0.8	9	922.9004494
PAY	2021	10	12	11	0	8.4	584	964.1	12.1	67.9	2	27	1000
PAY	2021	10	12	12	0	8.6	378	963.5	12	63.3	1.8	40	662.0004258
PAY	2021	10	12	13	0	8.5	420	962.8	12.6	57	2.2	57	813.1129652
PAY	2021	10	12	14	0	8.5	278	962.6	12.8	54	1.7	56	661.4571023
PAY	2021	10	12	15	0	8.2	166	962.2	12.4	57.4	1.6	62	574.7903011
PAY	2021	10	12	16	0	8	63	962.3	11.6	63.8	0.9	76	480.7806955
PAY	2021	10	12	17	0	8.2	7	962.5	10.8	70.9	0.7	45	0
PAY	2021	10	12	18	0	7.8	0	963	10.3	70.8	0.9	50	0
PAY	2021	10	12	19	0	7.5	0	963.4	10.1	70.1	0.6	53	0
PAY	2021	10	12	20	0	7.5	0	963.6	10	69.8	1.9	344	0
PAY	2021	10	12	21	0	7.5	0	963.7	9.3	78.1	0.7	45	0
PAY	2021	10	12	22	0	7.5	0	963.7	8.6	88.4	0.2	180	0
PAY	2021	10	12	23	0	7.5	0	963.4	8.6	85.3	1	193	0
PAY	2021	10	13	0	0	7.5	0	963	8.4	87.5	2	195	0
PAY	2021	10	13	1	0	7.3	0	963	8.5	86.3	1.4	205	0
PAY	2021	10	13	2	0	7.4	0	963	8.5	85.2	1.3	193	0
PAY	2021	10	13	3	0	7.4	0	963.3	8.3	87.9	1.1	204	0
PAY	2021	10	13	4	0	7.4	0	963.4	8.2	88	1	204	0
PAY	2021	10	13	5	0	7.3	0	963.6	8	90.1	0.9	187	0
PAY	2021	10	13	6	0	7.3	1	964.3	8.1	89.6	1	74	0
PAY	2021	10	13	7	0	7.1	10	965.1	8	86.6	1.7	57	52.48896902
PAY	2021	10	13	8	0	7.1	54	965.7	8.4	83.9	1.9	54	159.3277561
PAY	2021	10	13	9	0	7.4	134	966	8.9	81.7	3.3	54	292.9694534
PAY	2021	10	13	10	0	6.9	183	966.1	9.2	68.5	3.4	63	340.2666542
PAY	2021	10	13	11	0	7.2	489	966.2	11.5	62.7	3.7	40	850.8581956
PAY	2021	10	13	12	0	7.3	523	966.1	11.5	53.2	3.5	47	924.7458889
PAY	2021	10	13	13	0	7.5	552	966	12.2	50.2	3.2	49	1000
PAY	2021	10	13	14	0	7.1	395	966.1	11.8	50.8	3.4	43	952.6126556
PAY	2021	10	13	15	0	7.1	323	966.5	11.5	48.2	4	45	1000
PAY	2021	10	13	16	0	6.6	166	966.9	10.5	55.6	3.6	45	1000
PAY	2021	10	13	17	0	5.9	32	967.3	8.9	60.8	3	46	0
PAY	2021	10	13	18	0	5.1	0	967.9	7.5	65.8	2.1	51	0
PAY	2021	10	13	19	0	4.6	0	968	6.6	72.8	1.5	53	0
PAY	2021	10	13	20	0	4.3	0	968.4	5.6	79.3	1.7	52	0
PAY	2021	10	13	21	0	4.4	0	968.3	5.8	79.4	2.2	51	0
PAY	2021	10	13	22	0	3.8	0	968.4	5.6	77.6	1.3	42	0
PAY	2021	10	13	23	0	2.8	0	968.4	3.1	91.4	0.9	11	0
PAY	2021	10	14	0	0	2.4	0	968.4	3	93	0.7	360	0
PAY	2021	10	14	1	0	1.8	0	968.4	2.3	95.2	0.8	196	0
PAY	2021	10	14	2	0	1.4	0	968.5	1.2	96.8	0.4	108	0
PAY	2021	10	14	3	0	1.1	0	968.6	0.7	94.7	0.8	203	0
PAY	2021	10	14	4	0	0.8	0	968.8	1.1	94.8	0.5	162	0
PAY	2021	10	14	5	0	0.3	0	969	0.3	97	0.3	198	0
PAY	2021	10	14	6	0	0.1	1	969.3	0.9	93.8	0.4	162	0
PAY	2021	10	14	7	0	0.5	64	969.4	1.4	93.3	0.8	210	343.7416031
PAY	2021	10	14	8	0	2.7	230	969.6	4.5	91.9	0.5	191	687.8849372
PAY	2021	10	14	9	0	4.3	389	969.5	6.2	81.8	0.5	180	859.5252589
PAY	2021	10	14	10	0	5.4	511	969	7.8	72.2	1.1	27	959.1427874
PAY	2021	10	14	11	0	6.6	573	968.8	9.2	70.2	2.2	24	1000
PAY	2021	10	14	12	0	7.4	590	968	11.5	61.7	2.4	20	1000
PAY	2021	10	14	13	0	7.7	556	967.4	12.3	53.4	2.8	48	1000
PAY	2021	10	14	14	0	7.9	470	966.8	12.7	51.4	2.5	45	1000
PAY	2021	10	14	15	0	7.9	333	966.2	12.8	47.7	3	36	1000
PAY	2021	10	14	16	0	7.6	172	966.1	12.1	52.5	2.7	31	1000
PAY	2021	10	14	17	0	7	28	966.2	8.2	75.9	1	53	0
PAY	2021	10	14	18	0	5.5	0	966.4	6.2	83.7	0.5	162	0
PAY	2021	10	14	19	0	4.4	0	966.2	4.3	91.7	1.3	198	0
PAY	2021	10	14	20	0	3.6	0	966.3	4.1	90.5	1.6	198	0
PAY	2021	10	14	21	0	3.4	0	966.2	4.3	91.5	1.8	207	0
PAY	2021	10	14	22	0	3.5	0	966	4.3	89.7	2.5	201	0
PAY	2021	10	14	23	0	3.3	0	965.5	3.7	92.5	2.4	204	0
PAY	2021	10	15	0	0	3.1	0	965.2	3	94.1	2.6	201	0
PAY	2021	10	15	1	0	2.3	0	964.8	2.6	94.2	1.7	193	0
PAY	2021	10	15	2	0	1.8	0	964.3	2	96.5	1.1	204	0
PAY	2021	10	15	3	0	1.4	0	963.9	1.5	96.5	0.4	180	0
PAY	2021	10	15	4	0	1.5	0	963.6	1.5	97.5	0.9	180	0
PAY	2021	10	15	5	0	1.2	0	963.5	1.8	96.1	0.4	162	0
PAY	2021	10	15	6	0	1.2	1	963.2	1.3	97.7	1	180	0
PAY	2021	10	15	7	0	1.6	62	963.3	2.6	95.7	0.6	166	340.9402833
PAY	2021	10	15	8	0	3.9	226	963.5	5.7	87.6	0.3	180	685.2964613
PAY	2021	10	15	9	0	5.9	357	963.5	8	81	0.6	346	797.3058706
PAY	2021	10	15	10	0	7	480	963.1	9.2	74.5	1.3	14	909.5779264
PAY	2021	10	15	11	0	8.1	558	962.6	11.1	73.5	1.2	17	989.0091682
PAY	2021	10	15	12	0	9.2	563	961.6	13.4	69.1	1	67	1000
PAY	2021	10	15	13	0	9.7	494	961	13.3	65.4	0.9	349	988.2209024
PAY	2021	10	15	14	0	10.6	470	960.8	14.3	64.5	1.1	339	1000
PAY	2021	10	15	15	0	10.7	251	960.5	13.9	66.8	1.3	360	922.8459857
PAY	2021	10	15	16	0	10.5	132	960.7	12.8	71.5	1.6	4	1000
PAY	2021	10	15	17	0	9.9	13	960.9	11.7	77.3	1.1	22	0
PAY	2021	10	15	18	0	8.7	0	961.3	8.1	93.2	0.4	90	0
PAY	2021	10	15	19	0	7.7	0	961.5	8.1	92.9	0.2	180	0
PAY	2021	10	15	20	0	7	0	961.7	7	94.8	0.5	104	0
PAY	2021	10	15	21	0	6.1	0	961.8	6.6	97	0.5	153	0
PAY	2021	10	15	22	0	5.6	0	961.7	5.4	97.2	0.4	180	0
PAY	2021	10	15	23	0	5	0	961.8	4.6	97.7	0.5	104	0
PAY	2021	10	16	0	0	4.4	0	961.9	4.6	98.1	0.4	198	0
PAY	2021	10	16	1	0	4.1	0	962	3.8	97.7	0.7	188	0
PAY	2021	10	16	2	0	3.3	0	961.9	2.9	97.5	0.3	135	0
PAY	2021	10	16	3	0	3.3	0	962	3.3	100	0.5	207	0
PAY	2021	10	16	4	0	3.1	0	961.9	3.2	99.4	1	197	0
PAY	2021	10	16	5	0	2.4	0	962.1	2.2	99.9	0.5	180	0
PAY	2021	10	16	6	0	3	0	962.3	3.4	100	0.4	194	0
PAY	2021	10	16	7	0	3.9	24	962.7	4.3	98.7	0.5	217	135.2051127
PAY	2021	10	16	8	0	4.9	94	963	5.3	98.9	0.4	214	289.0499756
PAY	2021	10	16	9	0	5.7	190	963.2	6.2	96.1	0.4	214	428.9573172
PAY	2021	10	16	10	0	6.2	246	963.2	7.2	92.6	0.6	315	470.6647551
PAY	2021	10	16	11	0	7.8	544	962.8	10.2	76.7	0.7	45	973.2547385
PAY	2021	10	16	12	0	9.1	566	962.1	11.8	71.2	1.8	30	1000
PAY	2021	10	16	13	0	9.8	536	961.5	13.3	66.1	1.3	56	1000
PAY	2021	10	16	14	0	10.3	448	961.3	14.3	65.4	1.5	356	1000
PAY	2021	10	16	15	0	10.3	311	961.2	14.2	62.4	1.5	9	1000
PAY	2021	10	16	16	0	10.1	148	961.6	12.9	68.9	1.4	360	1000
PAY	2021	10	16	17	0	9.3	21	962.1	9.7	87.2	0.5	304	0
PAY	2021	10	16	18	0	8.1	0	962.5	8.4	91.9	0.5	90	0
PAY	2021	10	16	19	0	7.4	0	962.8	8	93.8	0.7	198	0
PAY	2021	10	16	20	0	6.5	0	962.8	6.4	94.1	0.6	191	0
PAY	2021	10	16	21	0	5	0	962.8	5.3	96	1.2	200	0
PAY	2021	10	16	22	0	4.7	0	962.9	4.7	96.6	0.9	193	0
PAY	2021	10	16	23	0	4.2	0	962.9	4.5	96.1	1.6	203	0
PAY	2021	10	17	0	0	4.5	0	963	4.6	97.2	1.6	195	0
PAY	2021	10	17	1	0	4.1	0	963	3.8	97.3	0.2	180	0
PAY	2021	10	17	2	0	3.6	0	962.7	3.5	97.2	1	193	0
PAY	2021	10	17	3	0	3.5	0	962.5	3.9	96.8	0.5	180	0
PAY	2021	10	17	4	0	4.3	0	962.6	5	96.5	0.5	198	0
PAY	2021	10	17	5	0	4.4	0	962.9	4.6	97.4	0.4	214	0
PAY	2021	10	17	6	0	4.6	0	963.3	4.4	99	0.7	243	0
PAY	2021	10	17	7	0	4.9	16	963.6	5.3	95.9	1.1	211	92.39936709
PAY	2021	10	17	8	0	5.4	57	963.8	6.2	96.2	1.3	193	177.7825531
PAY	2021	10	17	9	0	6.9	159	963.8	8.3	92.2	0.6	225	362.925263
PAY	2021	10	17	10	0	8.3	393	963.5	9.9	86.8	0.9	18	759.255465
PAY	2021	10	17	11	0	9.2	545	963.5	11.2	84.7	1.6	4	984.2816363
PAY	2021	10	17	12	0	9.7	566	963	11.9	77	1.3	355	1000
PAY	2021	10	17	13	0	10.7	532	962.4	13.8	72	0.9	342	1000
PAY	2021	10	17	14	0	11.5	444	962.2	14.7	70.3	0.8	344	1000
PAY	2021	10	17	15	0	11.7	293	962.2	14.5	72.5	1.2	15	1000
PAY	2021	10	17	16	0	11.7	163	962.5	13.7	77.5	1.1	29	1000
PAY	2021	10	17	17	0	10.7	28	962.9	10.8	91.7	0.8	83	0
PAY	2021	10	17	18	0	9.2	0	963.5	9.1	96.7	0.5	198	0
PAY	2021	10	17	19	0	8.4	0	964.1	8	97.6	0.7	196	0
PAY	2021	10	17	20	0	7.2	0	964.5	6.4	96.3	0.9	187	0
PAY	2021	10	17	21	0	6.5	0	965	6.1	95.1	1.2	197	0
PAY	2021	10	17	22	0	5.9	0	965.4	6	96.1	1.2	204	0
PAY	2021	10	17	23	0	5.3	0	965.6	5.4	94.9	1.2	204	0
PAY	2021	10	18	0	0	5.5	0	965.7	5.8	92.9	2.2	204	0
PAY	2021	10	18	1	0	5	0	965.9	5.4	96	0.7	180	0
PAY	2021	10	18	2	0	4.6	0	965.7	5.8	91.8	1.4	207	0
PAY	2021	10	18	3	0	4.5	0	965.7	4.5	95.6	0.9	135	0
PAY	2021	10	18	4	0	3.9	0	966.1	3.5	95.2	1	216	0
PAY	2021	10	18	5	0	3.2	0	966.6	3	96.1	0.6	191	0
PAY	2021	10	18	6	0	3	0	967	2.9	96.7	0.9	196	0
PAY	2021	10	18	7	0	3.2	52	967.7	3.9	95.6	0.9	201	308.0373801
PAY	2021	10	18	8	0	5.2	222	968.1	7.1	87.5	0.7	198	702.4766568
PAY	2021	10	18	9	0	6.8	371	968.1	8.6	85.7	0.3	270	856.2671161
PAY	2021	10	18	10	0	8.3	482	968.1	9.8	83.5	1.1	336	940.3757524
PAY	2021	10	18	11	0	9.2	554	967.8	11.6	75.5	1.1	349	1000
PAY	2021	10	18	12	0	10	571	967	14	62.8	0.9	352	1000
PAY	2021	10	18	13	0	10.4	500	966.5	15.4	55.7	1	14	1000
PAY	2021	10	18	14	0	10.5	355	966.2	15	58.7	1	14	917.534647
PAY	2021	10	18	15	0	11.2	171	966.6	14.1	71.5	1.6	11	669.1896509
PAY	2021	10	18	16	0	10.8	85	966.6	12.7	80.8	0.9	90	865.0898111
PAY	2021	10	18	17	0	10	13	966.6	10.3	91.1	0.4	180	0
PAY	2021	10	18	18	0	9.1	0	967.2	9.6	92.8	0.7	169	0
PAY	2021	10	18	19	0	8.4	0	967.8	8.8	93	1.7	196	0
PAY	2021	10	18	20	0	7.7	0	968.3	8.1	94.2	1.7	202	0
PAY	2021	10	18	21	0	8	0	968.8	8.6	92.3	1.6	212	0
PAY	2021	10	18	22	0	7.3	0	969.1	7.1	94.6	1	212	0
PAY	2021	10	18	23	0	7.5	0	969.1	7.6	93	1.6	202	0
PAY	2021	10	19	0	0	7.2	0	969.2	7.9	89.9	1.5	201	0
PAY	2021	10	19	1	0	6.2	0	969.4	6.3	93.4	0.8	90	0
PAY	2021	10	19	2	0	5.7	0	968.9	6.1	95.1	0.6	180	0
PAY	2021	10	19	3	0	6.2	0	968.7	6.5	95.8	1	135	0
PAY	2021	10	19	4	0	5.9	0	969	6.5	95.2	1.2	217	0
PAY	2021	10	19	5	0	6.5	0	969.2	7	93.9	0.6	194	0
PAY	2021	10	19	6	0	6.7	0	969.4	7.4	93.3	0.6	180	0
PAY	2021	10	19	7	0	7.1	23	969.5	8	93.2	0.3	90	139.8543009
PAY	2021	10	19	8	0	8.1	78	969.8	9.3	89.3	0.4	243	250.4579994
PAY	2021	10	19	9	0	9.1	139	969.9	10.9	84.6	0.5	27	324.4299295
PAY	2021	10	19	10	0	9.6	275	969.7	12.8	73.1	0.3	45	541.8580624
PAY	2021	10	19	11	0	10.7	335	969	14.5	72.7	0.6	346	616.6733632
PAY	2021	10	19	12	0	11.4	539	968.4	15.3	63.7	1.2	360	1000
PAY	2021	10	19	13	0	12.3	507	967.7	16.5	61.9	1.2	22	1000
PAY	2021	10	19	14	0	12.9	420	967.2	17.9	58.8	0.7	45	1000
PAY	2021	10	19	15	0	13.1	291	966.7	17.8	59.6	0.7	59	1000
PAY	2021	10	19	16	0	12.9	138	966.5	16.5	65.5	0.8	16	1000
PAY	2021	10	19	17	0	12.1	16	966.8	12.7	86.7	0.8	67	0
PAY	2021	10	19	18	0	10.6	0	967.1	10.5	92	0.8	180	0
PAY	2021	10	19	19	0	9.5	0	967.2	9.6	94.3	0.9	201	0
PAY	2021	10	19	20	0	8.5	0	967	8	93.3	1.1	204	0
PAY	2021	10	19	21	0	7.9	0	967	8.6	90.7	1	198	0
PAY	2021	10	19	22	0	7.5	0	966.8	7.8	95.1	0.5	162	0
PAY	2021	10	19	23	0	7.4	0	966.4	8.2	93.7	0.3	225	0
PAY	2021	10	20	0	0	6.8	0	965.8	7.2	95.4	0.4	153	0
PAY	2021	10	20	1	0	7.1	0	965.3	7.5	96	0.2	90	0
PAY	2021	10	20	2	0	7	0	964.5	7.5	96.9	0.3	153	0
PAY	2021	10	20	3	0	6.2	0	963.9	6.5	97.3	0.5	180	0
PAY	2021	10	20	4	0	6.1	0	963.6	6.3	96.8	0.4	135	0
PAY	2021	10	20	5	0	5.7	0	963.2	5.8	97.1	0.4	27	0
PAY	2021	10	20	6	0	5.8	0	962.6	6.4	96.6	0.3	135	0
PAY	2021	10	20	7	0	6	55	962.7	10.5	74.7	1.1	97	343.5336666
PAY	2021	10	20	8	0	9.4	167	962.4	12.8	71.3	1.5	193	544.2722631
PAY	2021	10	20	9	0	10.9	318	962	16.7	55.4	3.8	246	750.6875369
PAY	2021	10	20	10	0	11.9	338	961.7	17.5	53.9	5.7	232	672.6771197
PAY	2021	10	20	11	0	12.5	529	961.1	19.5	44	8.2	227	983.2320966
PAY	2021	10	20	12	0	12.9	434	960.4	19.4	47.3	8.6	221	822.227677
PAY	2021	10	20	13	0	12.8	129	959.5	18.4	51	6.6	225	272.9611856
PAY	2021	10	20	14	0	12.7	51	958.9	17.7	57.5	5.4	219	135.6166654
PAY	2021	10	20	15	0	12.8	55	958	18	56	4.1	210	224.6709521
PAY	2021	10	20	16	0	12.9	96	957.4	17.1	59.9	3.5	210	1000
PAY	2021	10	20	17	0	12.6	5	956.7	17.1	59.7	4.5	201	0
PAY	2021	10	20	18	0	12.6	0	956.2	16.6	62.7	4.8	210	0
PAY	2021	10	20	19	0	12.5	0	955.4	16.6	62.8	4.8	209	0
PAY	2021	10	20	20	0	12.5	0	954.3	16	67	3.7	207	0
PAY	2021	10	20	21	0	12.4	0	953.2	15.8	66.3	4.5	217	0
PAY	2021	10	20	22	0	12.2	0	952.5	15.7	65.8	5.1	217	0
PAY	2021	10	20	23	0	12.1	0	951.5	16.1	62.3	7.3	220	0
PAY	2021	10	21	0	0	12	0	950.8	16.1	62.5	7.9	211	0
PAY	2021	10	21	1	0	12.1	0	950.1	16	64.2	7	208	0
PAY	2021	10	21	2	0	12.4	0	951.5	13.9	86	7.7	222	0
PAY	2021	10	21	3	0	12.5	0	952.1	14	85.3	10.4	217	0
PAY	2021	10	21	4	0	12.3	0	953.8	14.1	72.4	10.2	223	0
PAY	2021	10	21	5	0	10.7	0	955.5	12.3	74.4	8.7	248	0
PAY	2021	10	21	6	0	9.3	0	957	12.5	59.3	8.6	248	0
PAY	2021	10	21	7	0	8.4	17	958.2	12.4	57.7	7.6	236	109.1540153
PAY	2021	10	21	8	0	8.6	91	959.3	12.5	61.2	5.6	219	301.0924563
PAY	2021	10	21	9	0	9	300	959.5	13.9	59.3	4.7	224	716.36475
PAY	2021	10	21	10	0	9.5	416	959.4	14.4	55.1	5.9	232	836.2924345
PAY	2021	10	21	11	0	9.4	588	959.2	14.9	47	6.7	232	1000
PAY	2021	10	21	12	0	9.5	505	958.7	14.5	47	7.4	230	966.4717202
PAY	2021	10	21	13	0	9.5	505	958.4	15.6	44.4	7.1	233	1000
PAY	2021	10	21	14	0	9.4	450	958.2	15.4	46	6.5	229	1000
PAY	2021	10	21	15	0	9.4	294	958.1	14.7	50.6	5.6	239	1000
PAY	2021	10	21	16	0	9.1	125	958.1	13.1	55.8	3.7	245	1000
PAY	2021	10	21	17	0	8.4	12	958.5	11.4	63.7	2.7	222	0
PAY	2021	10	21	18	0	7.8	0	959.1	10.3	67.8	3	196	0
PAY	2021	10	21	19	0	7.1	0	959.6	10.2	63.7	2.9	209	0
PAY	2021	10	21	20	0	6.9	0	959.8	9.1	71.8	3.1	211	0
PAY	2021	10	21	21	0	7.4	0	960.1	10.8	65.4	3.6	198	0
PAY	2021	10	21	22	0	7.8	0	959.8	10.7	68.2	3.3	220	0
PAY	2021	10	21	23	0	8	0	959.9	11.2	65.6	2.6	223	0
PAY	2021	10	22	0	0	8.2	0	960	11.6	62.8	2.4	213	0
PAY	2021	10	22	1	0	8.1	0	960	11	67.5	2.9	221	0
PAY	2021	10	22	2	0	8.1	0	960	10.4	73.4	2.3	221	0
PAY	2021	10	22	3	0	8.1	0	960.3	9.8	79.5	1.7	213	0
PAY	2021	10	22	4	0	8.3	0	960.2	10.2	78.6	2.2	205	0
PAY	2021	10	22	5	0	8.4	0	960.6	9.7	84.9	1.3	228	0
PAY	2021	10	22	6	0	8.5	0	960.6	9.6	88	3	207	0
PAY	2021	10	22	7	0	8.7	7	961.5	9.6	89.7	3.4	207	46.23964177
PAY	2021	10	22	8	0	8.9	58	962.2	10.1	89	2.8	203	194.8703592
PAY	2021	10	22	9	0	9.3	244	962.7	11.1	75.1	2.9	215	589.4380034
PAY	2021	10	22	10	0	9.6	341	963.1	11.9	71.4	2.6	220	692.517755
PAY	2021	10	22	11	0	8.8	340	963.3	12.3	58.6	2.1	250	644.3852516
PAY	2021	10	22	12	0	8.1	326	963.3	12.8	52.2	2.1	235	630.2810118
PAY	2021	10	22	13	0	8.3	509	962.9	13.6	49.1	1.2	225	1000
PAY	2021	10	22	14	0	7.9	389	963.2	13.2	41.7	1.9	3	1000
PAY	2021	10	22	15	0	7.3	294	964	11.9	49.3	3.6	360	1000
PAY	2021	10	22	16	0	6.3	133	964.5	10.3	49.8	3.2	13	1000
PAY	2021	10	22	17	0	5.5	12	965.1	8.8	56.1	1.5	54	0
PAY	2021	10	22	18	0	4.9	0	966	7.7	61.1	1.4	51	0
PAY	2021	10	22	19	0	4.1	0	966.2	5.9	68.5	1.2	38	0
PAY	2021	10	22	20	0	3.2	0	966.7	4.1	82.1	0.4	45	0
PAY	2021	10	22	21	0	2.3	0	967.3	3.3	85.6	0.7	99	0
PAY	2021	10	22	22	0	1.8	0	967.5	2	91.1	0.4	72	0
PAY	2021	10	22	23	0	1.3	0	967.7	1.1	93.2	0.1	360	0
PAY	2021	10	23	0	0	0.9	0	968	1.1	94.2	0.1	315	0
PAY	2021	10	23	1	0	0.7	0	968.2	1.1	91	0.3	270	0
PAY	2021	10	23	2	0	0.6	0	968	0.8	92.6	0.5	270	0
PAY	2021	10	23	3	0	0.4	0	967.8	1.1	90.5	0.4	104	0
PAY	2021	10	23	4	0	0	0	968.1	0.1	95.4	0.4	135	0
PAY	2021	10	23	5	0	-0.1	0	968.1	0.6	91.7	0.6	202	0
PAY	2021	10	23	6	0	-0.2	0	968.1	-0.2	96	0.7	196	0
PAY	2021	10	23	7	0	-0.2	38	968.3	0.7	91	0.2	180	258.4545154
PAY	2021	10	23	8	0	1.4	195	968.9	3.1	88.1	0.2	225	665.4469658
PAY	2021	10	23	9	0	3.3	343	968.7	5.6	77.5	0.7	14	838.3623565
PAY	2021	10	23	10	0	5	464	968.4	8.1	70	2.1	27	952.0110273
PAY	2021	10	23	11	0	6.3	533	968.2	9.8	63.6	3	17	1000
PAY	2021	10	23	12	0	6.9	550	968	10.7	57.6	3.7	41	1000
PAY	2021	10	23	13	0	7.2	509	967.8	11.3	57.4	4.4	31	1000
PAY	2021	10	23	14	0	7.4	420	967.5	11.6	55.1	4.2	25	1000
PAY	2021	10	23	15	0	7.4	282	967.6	11.3	57.6	3.8	35	1000
PAY	2021	10	23	16	0	7	124	967.7	10.3	59.4	3.6	39	1000
PAY	2021	10	23	17	0	6	10	968.2	8.5	66.5	2.5	43	0
PAY	2021	10	23	18	0	5.4	0	968.5	7.6	69.6	1.9	58	0
PAY	2021	10	23	19	0	4.5	0	968.5	5.2	81.8	1	49	0
PAY	2021	10	23	20	0	3.5	0	968.3	3.8	88.5	0.5	34	0
PAY	2021	10	23	21	0	2.5	0	968.5	3.5	88.7	1	193	0
PAY	2021	10	23	22	0	2.2	0	968.7	3	91.2	1.1	185	0
PAY	2021	10	23	23	0	1.6	0	968.7	1.9	95.5	0.7	189	0
PAY	2021	10	24	0	0	1.1	0	968.7	1	95.4	0.6	180	0
PAY	2021	10	24	1	0	0.6	0	968.6	1	95.5	1.1	191	0
PAY	2021	10	24	2	0	0.3	0	968.5	0.3	95.6	1.1	195	0
PAY	2021	10	24	3	0	0.1	0	968.2	0.2	94.4	1.5	200	0
PAY	2021	10	24	4	0	0.2	0	968.2	0.1	93.9	1.5	192	0
PAY	2021	10	24	5	0	0.1	0	968.4	0.6	96.2	0.8	180	0
PAY	2021	10	24	6	0	-0.1	0	968.5	0.2	93.9	1.2	189	0
PAY	2021	10	24	7	0	-0.3	39	968.9	0.2	95.2	1.1	202	273.3543665
PAY	2021	10	24	8	0	1.5	115	969.2	3	94.5	1.2	211	398.6948001
PAY	2021	10	24	9	0	3.8	219	969.3	4.7	92.7	0.6	180	541.6571749
PAY	2021	10	24	10	0	5.3	442	969.1	6.8	87.1	1.1	233	916.2803276
PAY	2021	10	24	11	0	6.3	525	968.8	9.3	76.5	0.5	270	1000
PAY	2021	10	24	12	0	7.4	539	968.1	10.5	68.6	0.9	323	1000
PAY	2021	10	24	13	0	8.1	498	967.4	11.9	65.3	0.9	309	1000
PAY	2021	10	24	14	0	8.9	409	966.6	12.5	63.3	0.6	34	1000
PAY	2021	10	24	15	0	9.3	274	966.3	12.4	64.4	1	14	1000
PAY	2021	10	24	16	0	8.8	117	966	11.2	69.6	1.3	9	1000
PAY	2021	10	24	17	0	7.6	8	966.1	7.9	88.3	0.4	56	0
PAY	2021	10	24	18	0	6.2	0	966.1	6.1	93.9	0.3	90	0
PAY	2021	10	24	19	0	5.4	0	966.1	5.1	94.8	0.9	201	0
PAY	2021	10	24	20	0	4.6	0	966.1	5	94.7	0.8	180	0
PAY	2021	10	24	21	0	4.6	0	966.4	3.8	96.5	1.2	204	0
PAY	2021	10	24	22	0	4	0	966.4	4.4	96.1	1.5	196	0
PAY	2021	10	24	23	0	3.8	0	966.3	3.9	96.8	0.6	180	0
PAY	2021	10	25	0	0	3.6	0	966.3	4.7	95.8	1.2	189	0
PAY	2021	10	25	1	0	3.7	0	966.2	4	96.4	1.3	200	0
PAY	2021	10	25	2	0	4	0	966	4.1	95.2	1.5	205	0
PAY	2021	10	25	3	0	3.9	0	965.5	3.9	96.6	0.5	180	0
PAY	2021	10	25	4	0	3.9	0	965.3	3.7	97.3	0.9	198	0
PAY	2021	10	25	5	0	3.6	0	965.4	3.7	95.8	0.7	198	0
PAY	2021	10	25	6	0	3.2	0	965.2	2.9	97.1	0.6	180	0
PAY	2021	10	25	7	0	2.9	24	965.5	3.4	96.4	0.3	180	173.5121943
PAY	2021	10	25	8	0	4.5	177	965.7	6.2	89.5	0.6	191	623.5679396
PAY	2021	10	25	9	0	6.1	319	965.5	7.9	82.6	0.6	270	798.4845137
PAY	2021	10	25	10	0	7.5	440	965.2	10.1	72.9	0.5	326	921.6674664
PAY	2021	10	25	11	0	8.5	504	964.9	11.7	68.4	0.9	333	983.991694
PAY	2021	10	25	12	0	9.4	520	964.1	12.9	68	0.9	351	1000
PAY	2021	10	25	13	0	10.5	478	963.3	13.8	69.1	1	346	1000
PAY	2021	10	25	14	0	10.8	388	963.1	14.4	66.1	0.9	7	1000
PAY	2021	10	25	15	0	10.9	259	962.8	14.5	64.6	0.8	45	1000
PAY	2021	10	25	16	0	10.7	107	962.9	13.1	70.9	1	27	1000
PAY	2021	10	25	17	0	9.3	5	963.2	9.6	89.4	0.5	76	0
PAY	2021	10	25	18	0	7.9	0	963.9	7.7	94.3	0.6	180	0
PAY	2021	10	25	19	0	7.2	0	964.2	7.4	95.1	0.4	166	0
PAY	2021	10	25	20	0	6.1	0	964.5	6.5	93.4	1.2	204	0
PAY	2021	10	25	21	0	6.4	0	964.8	7.1	91.1	1.5	208	0
PAY	2021	10	25	22	0	6.4	0	965.1	7	93.5	0.7	191	0
PAY	2021	10	25	23	0	6.4	0	965.1	6.6	94.1	1.6	198	0
PAY	2021	10	26	0	0	6.1	0	965.3	6	95.9	1.2	194	0
PAY	2021	10	26	1	0	6.2	0	965.2	7.4	91.2	1.2	197	0
PAY	2021	10	26	2	0	6.8	0	965.3	7.3	93.8	1.1	198	0
PAY	2021	10	26	3	0	7.2	0	965.5	7.8	92.3	1	193	0
PAY	2021	10	26	4	0	7.2	0	965.6	7.7	94.4	0.7	153	0
PAY	2021	10	26	5	0	6.9	0	966	6.8	95.9	0.5	180	0
PAY	2021	10	26	6	0	6.6	0	966.2	6.4	96.2	0.7	243	0
PAY	2021	10	26	7	0	6.7	15	966.8	7.6	94.3	0.6	153	111.9657263
PAY	2021	10	26	8	0	7.5	44	967.4	8.2	93.2	0.3	225	157.5563157
PAY	2021	10	26	9	0	8.7	248	967.5	11.2	85	0.8	326	628.3112115
PAY	2021	10	26	10	0	9.9	441	967.3	12.4	80	1.3	355	933.4857972
PAY	2021	10	26	11	0	10.4	468	967	12.7	73.3	1.2	331	922.8912159
PAY	2021	10	26	12	0	10.7	540	966.6	14.3	62.6	1.2	350	1000
PAY	2021	10	26	13	0	11.3	425	966.3	15	65.9	1.6	352	963.7909352
PAY	2021	10	26	14	0	11.3	452	966.3	14.4	67.1	1.5	29	1000
PAY	2021	10	26	15	0	10.9	202	966.3	14.3	64.1	1.3	360	944.0429189
PAY	2021	10	26	16	0	10.9	110	966.5	13.4	69.7	1.2	42	1000
PAY	2021	10	26	17	0	9.8	4	967.2	10.4	86.6	0.7	329	0
PAY	2021	10	26	18	0	8.6	0	967.8	8.4	94.3	0.5	79	0
PAY	2021	10	26	19	0	8	0	968	8.3	93.8	0.3	45	0
PAY	2021	10	26	20	0	7.2	0	968.1	7.1	95.6	0.4	72	0
PAY	2021	10	26	21	0	6.7	0	968.2	6.2	96	0.3	180	0
PAY	2021	10	26	22	0	6.3	0	968.1	6.3	97.1	0.5	180	0
PAY	2021	10	26	23	0	5.5	0	968	4.7	97.5	0.4	207	0
PAY	2021	10	27	0	0	5.2	0	968.1	4.9	98.2	0.2	180	0
PAY	2021	10	27	1	0	4.7	0	968	4.6	98.8	0.5	117	0
PAY	2021	10	27	2	0	3.8	0	967.8	4.1	98.8	0.9	201	0
PAY	2021	10	27	3	0	4.2	0	967.7	4.3	100	1	186	0
PAY	2021	10	27	4	0	4.6	0	967.7	5.1	100	0.3	360	0
PAY	2021	10	27	5	0	4.9	0	968	4.7	100	0.3	72	0
PAY	2021	10	27	6	0	4.7	0	968.1	4.8	99.9	0.6	101	0
PAY	2021	10	27	7	0	4.8	17	968.5	5.2	100	0.3	180	131.1470671
PAY	2021	10	27	8	0	5.2	65	968.8	5.3	99.6	0.6	45	236.6327471
PAY	2021	10	27	9	0	6.1	144	968.7	6.8	93.2	0.5	326	369.3039008
PAY	2021	10	27	10	0	6.8	240	968.4	8.1	92.2	0.5	333	513.4031421
PAY	2021	10	27	11	0	8.4	437	967.9	10.2	87.1	1.2	355	870.4619948
PAY	2021	10	27	12	0	8.4	287	967.2	9.4	87.4	2	3	584.2240462
PAY	2021	10	27	13	0	8	233	966.9	8.9	88.1	2.3	27	534.5875036
PAY	2021	10	27	14	0	8	146	966.7	9.2	88.1	1.7	11	429.9146986
PAY	2021	10	27	15	0	8	107	966.3	9	85.9	1.2	11	511.8154984
PAY	2021	10	27	16	0	7.8	86	966.2	8.6	88	0.5	90	1000
PAY	2021	10	27	17	0	6.5	5	966.2	6.2	94.8	0.4	180	0
PAY	2021	10	27	18	0	5.1	0	966.2	4.9	97.7	0.7	196	0
PAY	2021	10	27	19	0	4.4	0	966.3	4.1	96.4	1.1	190	0
PAY	2021	10	27	20	0	5.6	0	966.4	5.8	98.3	2.3	193	0
PAY	2021	10	27	21	0	5.7	0	966.3	5.8	98.4	2.3	195	0
PAY	2021	10	27	22	0	5.5	0	966.3	5.5	98.4	2.7	195	0
PAY	2021	10	27	23	0	5.4	0	965.8	5.2	98.2	2.9	196	0
PAY	2021	10	28	0	0	4.9	0	965.6	4.8	98.5	1.8	193	0
PAY	2021	10	28	1	0	4.3	0	965.7	4.1	100	1.3	189	0
PAY	2021	10	28	2	0	3.3	0	965.7	3.4	100	0.3	117	0
PAY	2021	10	28	3	0	3.5	0	965.2	3.9	97.6	0.8	194	0
PAY	2021	10	28	4	0	4.1	0	965.3	4.4	97.6	1.1	214	0
PAY	2021	10	28	5	0	4.6	0	965.2	4.9	97.4	1.9	196	0
PAY	2021	10	28	6	0	5	0	965	5.1	97.5	1.1	197	0
PAY	2021	10	28	7	0	5.1	10	964.9	5.4	97.3	1	229	79.8162227
PAY	2021	10	28	8	0	5.5	42	965.3	5.8	97.5	1	243	155.4875501
PAY	2021	10	28	9	0	5.9	106	964.8	6.7	93	0.7	171	275.2171255
PAY	2021	10	28	10	0	6.3	206	964.5	7.4	88.4	1	187	445.3707718
PAY	2021	10	28	11	0	6.8	349	964.1	8.7	86	0.8	239	702.2238684
PAY	2021	10	28	12	0	7.8	478	963.3	9.9	77.1	0.8	286	983.2060064
PAY	2021	10	28	13	0	8.5	425	962.5	10.9	73.9	1	310	986.5734268
PAY	2021	10	28	14	0	8.6	358	961.8	10.7	76.9	1.2	322	1000
PAY	2021	10	28	15	0	8.7	196	961.3	10.7	78.4	1.2	323	959.7648427
PAY	2021	10	28	16	0	8.3	72	961.2	9.3	84.3	0.7	18	1000
PAY	2021	10	28	17	0	7.3	6	961.1	7.4	93.3	0.3	45	0
PAY	2021	10	28	18	0	6.1	0	961.1	5.2	96	0.4	198	0
PAY	2021	10	28	19	0	5.1	0	961.1	5.4	96.2	1	198	0
PAY	2021	10	28	20	0	4.5	0	960.8	4.5	97.4	0.8	196	0
PAY	2021	10	28	21	0	4.3	0	960.7	4.2	97.3	0.5	180	0
PAY	2021	10	28	22	0	3.7	0	960.3	4.5	97.1	0.5	162	0
PAY	2021	10	28	23	0	3.5	0	959.8	3.6	96	1.1	197	0
PAY	2021	10	29	0	0	5	0	959.6	5.1	98	1.2	207	0
PAY	2021	10	29	1	0	4.3	0	959.5	3.7	97.4	0.9	216	0
PAY	2021	10	29	2	0	3.1	0	959.1	2.6	98.2	0.6	158	0
PAY	2021	10	29	3	0	2.7	0	958.7	3.1	97.1	0.6	135	0
PAY	2021	10	29	4	0	3.5	0	958.3	4	96	0.5	124	0
PAY	2021	10	29	5	0	3.8	0	957.9	4.2	98.9	0.3	153	0
PAY	2021	10	29	6	0	3.9	0	957.9	3.8	97.7	1	212	0
PAY	2021	10	29	7	0	3.9	5	958.2	4.1	97.4	1.7	213	41.33667181
PAY	2021	10	29	8	0	4.4	38	958.5	4.7	97.8	2	201	143.0941623
PAY	2021	10	29	9	0	4.6	112	958.7	4.5	98	1.7	225	294.4316738
PAY	2021	10	29	10	0	5.2	207	958.3	6	96.5	0.9	135	452.3342065
PAY	2021	10	29	11	0	6.5	364	957.7	8	90	0.6	63	739.8597342
PAY	2021	10	29	12	0	7.4	485	956.7	9.1	81.8	1.3	360	1000
PAY	2021	10	29	13	0	8.3	456	956	10.5	75.1	1.2	10	1000
PAY	2021	10	29	14	0	8.7	368	955.3	11.7	71.6	0.6	31	1000
PAY	2021	10	29	15	0	8.9	158	955.5	11.3	73.1	1.1	315	792.1919503
PAY	2021	10	29	16	0	8.9	106	955.3	10.2	82.3	1	333	1000
PAY	2021	10	29	17	0	7.9	4	955.4	7.8	93.7	0.6	81	0
PAY	2021	10	29	18	0	6.6	0	956.1	6.8	94.6	0.6	214	0
PAY	2021	10	29	19	0	5.8	0	956.4	5.8	96.8	0.8	196	0
PAY	2021	10	29	20	0	5.5	0	956.2	5.2	97.4	1	186	0
PAY	2021	10	29	21	0	4.9	0	955.9	4.6	97.2	0.5	27	0
PAY	2021	10	29	22	0	4.1	0	955.6	3.8	98.2	0.5	135	0
PAY	2021	10	29	23	0	3.6	0	955.1	3.7	98.8	0.5	225	0
PAY	2021	10	30	0	0	3.1	0	954.8	2.7	97.4	0.5	194	0
PAY	2021	10	30	1	0	3.6	0	954.2	4.2	95.7	0.8	189	0
PAY	2021	10	30	2	0	4.7	0	953.3	4.7	100	1.4	189	0
PAY	2021	10	30	3	0	3.5	0	952.7	3.3	99.4	0.9	45	0
PAY	2021	10	30	4	0	3.8	0	951.9	4.2	100	0.8	99	0
PAY	2021	10	30	5	0	4.3	0	950.9	4.5	98.8	0.5	284	0
PAY	2021	10	30	6	0	4.4	0	950.3	4.5	99.2	1	216	0
PAY	2021	10	30	7	0	4.5	5	950.4	4.9	96.3	0.6	180	42.8679011
PAY	2021	10	30	8	0	4.9	19	950.8	5.3	95.7	0.4	90	72.79332791
PAY	2021	10	30	9	0	5.1	28	950.9	5.3	95.8	0.7	360	74.53647527
PAY	2021	10	30	10	0	5.5	46	950.9	6.1	96.4	0.6	53	101.6031316
PAY	2021	10	30	11	0	6	92	951.5	6.8	93.5	0.8	219	188.9068196
PAY	2021	10	30	12	0	6.6	124	951.3	7.6	92	0.4	270	260.4359842
PAY	2021	10	30	13	0	7.5	152	951.3	8.5	90.8	0.4	333	361.2044834
PAY	2021	10	30	14	0	8.2	109	951.2	8.8	92	0.7	59	335.5445057
PAY	2021	10	30	15	0	8.7	78	951.8	9.5	91.5	0.8	56	400.5098087
PAY	2021	10	30	16	0	8.7	27	952.6	8.9	95.3	0.6	11	685.3916258
PAY	2021	10	30	17	0	8.5	1	953.4	8.8	97.7	0.4	270	0
PAY	2021	10	30	18	0	8.6	0	954	8.8	98.2	0.6	90	0
PAY	2021	10	30	19	0	8.7	0	954.7	8.9	97.9	0.5	63	0
PAY	2021	10	30	20	0	8.8	0	954.8	8.9	97.5	1.1	73	0
PAY	2021	10	30	21	0	8.8	0	955.5	9.1	96.2	0.7	72	0
PAY	2021	10	30	22	0	8.8	0	955.9	8.9	96.8	0.7	90	0
PAY	2021	10	30	23	0	8.7	0	956.1	9.2	97.2	0.6	191	0
PAY	2021	10	31	0	0	8.9	0	956.3	9	97.8	0.9	243	0
PAY	2021	10	31	1	0	8.9	0	956.4	9.1	98.3	0.5	104	0
PAY	2021	10	31	2	0	9	0	956.1	9.1	98.5	0.7	90	0
PAY	2021	10	31	3	0	8.6	0	955.5	8.4	99.8	0.4	270	0
PAY	2021	10	31	4	0	8.5	0	954.9	8.4	100	0.6	315	0
PAY	2021	10	31	5	0	8.2	0	954.4	8.1	99.9	0.5	198	0
PAY	2021	10	31	6	0	7.8	0	954.3	7.4	99.9	0.8	219	0
PAY	2021	10	31	7	0	7.2	14	954.2	7.4	98.8	1.1	204	124.6354626
PAY	2021	10	31	8	0	7.6	89	954.1	8	97	0.7	211	347.0049358
PAY	2021	10	31	9	0	8.7	228	953.4	9.9	92.3	0.7	211	614.6613295
PAY	2021	10	31	10	0	9.8	339	952.8	11	89.6	0.7	270	756.8900345
PAY	2021	10	31	11	0	10.6	481	951.9	12.5	81.9	0.9	326	997.7653224
PAY	2021	10	31	12	0	11.7	463	951.1	14.2	78.5	0.8	297	982.6497831
PAY	2021	10	31	13	0	12.3	468	950.6	15.4	68.6	0.7	252	1000
PAY	2021	10	31	14	0	13.1	322	950.2	14.7	82.1	1.5	351	1000
PAY	2021	10	31	15	0	12.8	209	950.2	14.4	82.3	1.2	30	1000
PAY	2021	10	31	16	0	12.4	53	949.9	13.4	86.3	0.8	51	1000
PAY	2021	10	31	17	0	11.3	3	949.8	10.9	96.3	1	84	0
PAY	2021	10	31	18	0	10.3	0	950.1	9.8	97.8	0.7	90	0
PAY	2021	10	31	19	0	9.8	0	949.9	9.6	97	0.7	79	0
PAY	2021	10	31	20	0	9.7	0	949.4	10.4	92.8	1.6	96	0
PAY	2021	10	31	21	0	9.8	0	949.3	10.3	93.5	1.7	79	0
PAY	2021	10	31	22	0	10	0	948.8	10.4	94.5	1.5	82	0
PAY	2021	10	31	23	0	9.8	0	948.5	10.9	91.1	0.8	117	0
PAY	2021	11	1	0	0	9.1	0	948.7	9.4	96.8	1	262	0
PAY	2021	11	1	1	0	9.5	0	948.4	10.4	96.9	1	84	0
PAY	2021	11	1	2	0	10.9	0	948.3	12.5	93.9	0.9	225	0
PAY	2021	11	1	3	0	11.3	0	948.6	11.4	95.8	1.3	239	0
PAY	2021	11	1	4	0	10.7	0	948.8	11.1	92.5	1.9	212	0
PAY	2021	11	1	5	0	10.1	0	949.5	10.3	91	2.5	227	0
PAY	2021	11	1	6	0	9.2	0	950.2	9.6	91.6	2.3	216	0
PAY	2021	11	1	7	0	8.5	1	951.2	8.8	93.6	2.3	211	9.256674756
PAY	2021	11	1	8	0	8	17	950.6	9.6	74.9	3.8	174	67.46995651
PAY	2021	11	1	9	0	7.9	34	950.8	8.6	93.6	2	219	92.83557532
PAY	2021	11	1	10	0	8.1	72	950.7	9.1	90.2	0.7	297	162.5065955
PAY	2021	11	1	11	0	8.6	86	950.3	9.4	88.4	1.6	200	180.2248491
PAY	2021	11	1	12	0	8.6	147	949.4	10.3	83.2	2.4	205	315.2642471
PAY	2021	11	1	13	0	9.3	278	948.9	10.8	82.1	2.8	220	676.2705715
PAY	2021	11	1	14	0	9.3	212	948.4	11.2	80	2.8	224	672.2780819
PAY	2021	11	1	15	0	9.2	122	948.3	11.1	75.8	2.7	208	657.3385314
PAY	2021	11	1	16	0	8.7	65	948.3	10.1	79.7	3.2	202	0
PAY	2021	11	1	17	0	7.8	1	948.9	9.1	83.3	2.3	193	0
PAY	2021	11	1	18	0	8.1	0	949.1	9	88.2	2.5	211	0
PAY	2021	11	1	19	0	7.5	0	949.4	8.8	84.2	3.7	195	0
PAY	2021	11	1	20	0	7.6	0	949.5	8.2	91.4	2.9	201	0
PAY	2021	11	1	21	0	7	0	949.2	7.6	92.8	2.2	202	0
PAY	2021	11	1	22	0	7.3	0	949	7.9	93.1	1.7	222	0
PAY	2021	11	1	23	0	7	0	948.6	7.3	91	2.1	207	0
PAY	2021	11	2	0	0	6.4	0	948.3	6.9	86.9	3.5	210	0
PAY	2021	11	2	1	0	5.4	0	948	6.2	88.6	2.3	212	0
PAY	2021	11	2	2	0	5.5	0	947.4	6.3	89	2.2	205	0
PAY	2021	11	2	3	0	5.7	0	946.8	6.4	90.3	2	212	0
PAY	2021	11	2	4	0	5.8	0	946.7	6.5	91	1.3	198	0
PAY	2021	11	2	5	0	6	0	946.9	6.6	94	1.1	197	0
PAY	2021	11	2	6	0	6.2	0	947	7.2	85.1	2.9	219	0
PAY	2021	11	2	7	0	6.2	11	947.6	7.6	83.6	4.1	222	106.0273791
PAY	2021	11	2	8	0	6.4	75	948.2	7.8	80.9	5.4	223	303.0726939
PAY	2021	11	2	9	0	7.1	269	948.3	9.5	74.4	6	226	743.9858658
PAY	2021	11	2	10	0	7.4	308	948.4	8.9	79.4	5.4	228	702.7712619
PAY	2021	11	2	11	0	5.9	76	948.8	6.7	86.8	5.2	243	160.9050246
PAY	2021	11	2	12	0	5.9	162	948.7	7.4	84	5.4	211	351.0834266
PAY	2021	11	2	13	0	7.5	450	948.2	10.3	72.6	4.9	223	1000
PAY	2021	11	2	14	0	7.5	242	948	10.8	64.3	5.6	231	778.8745302
PAY	2021	11	2	15	0	7.2	233	947.7	10.1	64.2	6	236	1000
PAY	2021	11	2	16	0	6.7	75	947.4	8.4	73.7	3.9	233	0
PAY	2021	11	2	17	0	5.9	1	947.2	7.1	79.5	2	201	0
PAY	2021	11	2	18	0	4.9	0	947.1	5.8	83.3	1.2	185	0
PAY	2021	11	2	19	0	4.2	0	946.9	4	91.4	0.7	180	0
PAY	2021	11	2	20	0	3.3	0	946.5	3.7	93.5	0.7	99	0
PAY	2021	11	2	21	0	3.7	0	946.7	4.9	90.3	1.3	166	0
PAY	2021	11	2	22	0	4.3	0	946	4.8	93.8	1.1	209	0
PAY	2021	11	2	23	0	4.6	0	945.8	4.9	95.5	0.7	315	0
PAY	2021	11	3	0	0	4.8	0	945.7	5.2	95.9	0.8	158	0
PAY	2021	11	3	1	0	4.8	0	945.1	5	96.2	0.7	90	0
PAY	2021	11	3	2	0	4.4	0	944	4.5	97.4	0.6	135	0
PAY	2021	11	3	3	0	3.7	0	943.5	3.3	100	0.8	236	0
PAY	2021	11	3	4	0	3.3	0	943.2	3.7	98.2	0.5	225	0
PAY	2021	11	3	5	0	3.6	0	943.2	3.7	97.6	0.6	194	0
PAY	2021	11	3	6	0	3.6	0	943.1	3.8	96.4	0.5	194	0
PAY	2021	11	3	7	0	3.9	2	943.4	4.6	94.9	1	204	20.10469878
PAY	2021	11	3	8	0	4.5	14	944.3	5.3	93.6	1.9	207	57.61632853
PAY	2021	11	3	9	0	5.1	26	944.7	5.7	94.6	1.5	214	72.84555516
PAY	2021	11	3	10	0	5.4	42	945	6.1	92.3	2.4	220	96.88451966
PAY	2021	11	3	11	0	5.6	81	944.9	6.5	89.1	2.5	223	173.2547542
PAY	2021	11	3	12	0	5.7	79	944.5	6.7	85.4	2.4	221	173.0038263
PAY	2021	11	3	13	0	5.7	61	944.3	6.8	86.6	1.8	218	151.8942486
PAY	2021	11	3	14	0	5.8	53	944	6.7	87.6	1.3	212	173.1237896
PAY	2021	11	3	15	0	6	54	944.3	7.1	85.2	1.3	235	305.4825831
PAY	2021	11	3	16	0	6.1	36	944.5	7.4	82.1	2.6	208	0
PAY	2021	11	3	17	0	5.8	1	945	6.8	85.5	2	231	0
PAY	2021	11	3	18	0	5.4	0	945.3	6.1	86.5	1.5	214	0
PAY	2021	11	3	19	0	5.1	0	945.5	5.9	87.2	1.3	200	0
PAY	2021	11	3	20	0	5.1	0	946.1	6	87.2	1.4	219	0
PAY	2021	11	3	21	0	5	0	946.4	6.3	81.1	2.1	205	0
PAY	2021	11	3	22	0	4.7	0	946.8	6	80.9	1	225	0
PAY	2021	11	3	23	0	4.4	0	946.8	5.6	80.2	0.6	63	0
PAY	2021	11	4	0	0	3.7	0	946.9	4.9	79.9	0.7	53	0
PAY	2021	11	4	1	0	3.6	0	947.4	4.6	86.4	0.6	194	0
PAY	2021	11	4	2	0	3.7	0	947.7	4.8	87.1	1.7	207	0
PAY	2021	11	4	3	0	3.8	0	948.2	4.7	85	2.2	212	0
PAY	2021	11	4	4	0	3	0	948.5	4	82.3	2.4	205	0
PAY	2021	11	4	5	0	2.3	0	949.3	3.1	88.7	2.4	201	0
PAY	2021	11	4	6	0	2.3	0	949.8	3.2	84.7	2.6	203	0
PAY	2021	11	4	7	0	2.4	9	950.6	3.9	80.5	3.6	213	94.50872719
PAY	2021	11	4	8	0	3	22	951.6	4.7	79.1	3.2	211	92.23160659
PAY	2021	11	4	9	0	3.5	37	952.3	5	82.4	1.2	257	105.0236198
PAY	2021	11	4	10	0	4	87	953.2	5.2	82.5	1.4	238	202.8993963
PAY	2021	11	4	11	0	4.2	189	953.7	6	80	3.1	197	408.4206894
PAY	2021	11	4	12	0	4.7	259	954	6.3	79	3	215	573.1311766
PAY	2021	11	4	13	0	4.5	153	954.3	6.3	76	2.9	204	385.434321
PAY	2021	11	4	14	0	4.7	203	954.7	6	73.5	2.3	210	672.9615722
PAY	2021	11	4	15	0	4.8	171	955	6.1	80.4	2.5	192	991.3980771
PAY	2021	11	4	16	0	4.6	15	955.5	5.8	81.7	2.2	208	0
PAY	2021	11	4	17	0	4	1	956.2	5	82.5	1.9	202	0
PAY	2021	11	4	18	0	3.4	0	957	4.5	83.3	1.7	202	0
PAY	2021	11	4	19	0	3.6	0	957.6	5	82.7	2.1	199	0
PAY	2021	11	4	20	0	3.6	0	958	4.6	86.1	1.4	203	0
PAY	2021	11	4	21	0	3.9	0	958.7	4.9	85.1	1.3	225	0
PAY	2021	11	4	22	0	3.9	0	959	4.9	85.2	1.7	205	0
PAY	2021	11	4	23	0	4	0	959.2	5.1	83.6	2.1	213	0
PAY	2021	11	5	0	0	3.9	0	959.7	5.4	78.8	2.1	215	0
PAY	2021	11	5	1	0	3.9	0	959.8	5	82.6	1.9	212	0
PAY	2021	11	5	2	0	3.8	0	960.1	5.2	82.5	1.9	196	0
PAY	2021	11	5	3	0	4	0	960.3	5	85	2	200	0
PAY	2021	11	5	4	0	4	0	960.9	4.9	85.8	1.6	203	0
PAY	2021	11	5	5	0	3.8	0	961.4	4.1	93.1	0.7	198	0
PAY	2021	11	5	6	0	3.4	0	961.8	3.8	91.2	0.6	166	0
PAY	2021	11	5	7	0	3.1	14	962.6	3.7	92.4	0.4	162	153.8480723
PAY	2021	11	5	8	0	3.9	147	963.5	5.7	85.1	0.2	180	627.9439734
PAY	2021	11	5	9	0	4.8	293	964.1	7.2	71.1	0.6	37	842.6443744
PAY	2021	11	5	10	0	5.2	396	964.5	8.2	64.5	1.4	31	933.7380921
PAY	2021	11	5	11	0	5.4	461	964.7	8.6	63.8	1.6	54	1000
PAY	2021	11	5	12	0	5.6	367	964.8	9.3	61.9	2.6	34	820.6069834
PAY	2021	11	5	13	0	5.8	198	965	8.6	66.7	3.2	48	504.6065998
PAY	2021	11	5	14	0	5.9	271	965.2	9	60.6	3.5	36	911.7088919
PAY	2021	11	5	15	0	5.9	214	965.7	8.7	62.2	3.4	35	1000
PAY	2021	11	5	16	0	5.6	65	966.2	7.9	71.3	2.8	31	0
PAY	2021	11	5	17	0	4.9	1	966.8	6	79.9	2	57	0
PAY	2021	11	5	18	0	4.1	0	967.5	4.1	90.2	1.2	59	0
PAY	2021	11	5	19	0	3.4	0	967.8	4.6	83.7	1	53	0
PAY	2021	11	5	20	0	2.7	0	968.3	2.8	94.1	0.6	27	0
PAY	2021	11	5	21	0	2.2	0	968.9	3.4	90	1.1	61	0
PAY	2021	11	5	22	0	2.4	0	969.2	2.8	91.4	1.8	47	0
PAY	2021	11	5	23	0	2.5	0	969.2	3.3	88.7	1.8	52	0
PAY	2021	11	6	0	0	2.1	0	969.3	2	94	1.5	54	0
PAY	2021	11	6	1	0	1.3	0	969.6	1.2	96.3	1.4	63	0
PAY	2021	11	6	2	0	2.3	0	969.6	3.4	90	2	57	0
PAY	2021	11	6	3	0	2.6	0	969.5	2.5	93.7	2	51	0
PAY	2021	11	6	4	0	1.4	0	969.5	2	92.9	0.8	56	0
PAY	2021	11	6	5	0	1.1	0	969.7	1.3	95.7	0.9	60	0
PAY	2021	11	6	6	0	1.5	0	969.9	2.2	93.6	1.1	66	0
PAY	2021	11	6	7	0	1.7	5	970.5	2.3	94.4	1.7	79	57.61041947
PAY	2021	11	6	8	0	2.4	35	971	3.4	89.7	1.5	60	152.378653
PAY	2021	11	6	9	0	3	163	971.1	4.5	80.5	2.7	56	474.9950839
PAY	2021	11	6	10	0	3.7	294	971	4.9	81.1	3.6	41	700.8980607
PAY	2021	11	6	11	0	4.2	341	970.7	6.4	72.9	3.8	31	752.1173734
PAY	2021	11	6	12	0	4.9	483	970	7.9	70.2	3.6	40	1000
PAY	2021	11	6	13	0	5.3	431	969.7	8.3	64.7	3.9	37	1000
PAY	2021	11	6	14	0	5.3	270	969.3	8.5	62.4	4.4	34	921.7585467
PAY	2021	11	6	15	0	5.1	208	969	8	61.9	3.7	43	1000
PAY	2021	11	6	16	0	4.5	56	969.1	6.9	64.1	2.9	58	0
PAY	2021	11	6	17	0	3.4	1	969	3.8	80.8	1.4	63	0
PAY	2021	11	6	18	0	2.6	0	969	3	84.7	1	45	0
PAY	2021	11	6	19	0	1.7	0	968.8	2.7	86.7	0.3	180	0
PAY	2021	11	6	20	0	1	0	968.8	1.1	93.3	0.1	180	0
PAY	2021	11	6	21	0	0.1	0	968.6	0.1	95	0.4	194	0
PAY	2021	11	6	22	0	-0.4	0	968.6	-0.1	95.7	0.9	186	0
PAY	2021	11	6	23	0	-0.7	0	968.4	-0.7	97.2	0.9	180	0
PAY	2021	11	7	0	0	-1.1	0	968.7	-0.8	96.8	0.7	153	0
PAY	2021	11	7	1	0	-0.8	0	968.5	-0.5	94	1.1	191	0
PAY	2021	11	7	2	0	-1.2	0	968.7	-1.1	96.2	0.8	169	0
PAY	2021	11	7	3	0	-1.5	0	968.2	-1.5	97.7	0.7	198	0
PAY	2021	11	7	4	0	-1.7	0	967.3	-1.3	93.5	1.4	185	0
PAY	2021	11	7	5	0	-1.7	0	966.9	-2	96.8	0.9	196	0
PAY	2021	11	7	6	0	-1.5	0	967.2	-0.7	93.3	0.9	211	0
PAY	2021	11	7	7	0	-0.4	6	967.5	0.6	94.7	1.1	185	72.63548517
PAY	2021	11	7	8	0	-0.2	82	967.2	0	95.7	1.2	214	363.937994
PAY	2021	11	7	9	0	0.4	262	966.8	1.5	94.8	0.5	270	773.6744014
PAY	2021	11	7	10	0	2	367	966.3	3.2	88.1	0.6	79	884.621706
PAY	2021	11	7	11	0	3.3	433	965.7	5.2	83	0.9	68	964.8342991
PAY	2021	11	7	12	0	4.3	467	964.7	6.5	77.8	0.9	360	1000
PAY	2021	11	7	13	0	5.2	372	964.1	6.5	82.6	1.2	336	970.0995744
PAY	2021	11	7	14	0	5.8	280	963.7	7.4	79.1	1	45	969.9426553
PAY	2021	11	7	15	0	6	194	963.5	8.1	76	0.7	68	1000
PAY	2021	11	7	16	0	6.2	47	963.6	7.8	77.7	0.4	333	0
PAY	2021	11	7	17	0	5.5	0	963.5	5.4	92.4	0.4	243	0
PAY	2021	11	7	18	0	4.1	0	963.7	3.9	95.6	0.3	135	0
PAY	2021	11	7	19	0	3.2	0	963.9	2.8	97.7	0.8	180	0
PAY	2021	11	7	20	0	3.7	0	963.7	4.2	93.2	0.6	207	0
PAY	2021	11	7	21	0	3.9	0	963.6	4.7	92.2	0.8	194	0
PAY	2021	11	7	22	0	4	0	963.2	4.6	91.3	0.9	210	0
PAY	2021	11	7	23	0	4.3	0	962.8	5.2	88.6	1.2	209	0
PAY	2021	11	8	0	0	4.5	0	963.2	5.2	90.6	0.5	198	0
PAY	2021	11	8	1	0	4.5	0	963.2	5	91	0.4	333	0
PAY	2021	11	8	2	0	4.6	0	963.1	5.2	91.9	0.6	68	0
PAY	2021	11	8	3	0	4.3	0	962.4	4.6	94.8	0.7	323	0
PAY	2021	11	8	4	0	4.3	0	963	4.7	94.7	0.7	22	0
PAY	2021	11	8	5	0	4.4	0	962.6	4.3	94.9	0.5	90	0
PAY	2021	11	8	6	0	2.9	0	962.7	2.7	97.4	0.7	68	0
PAY	2021	11	8	7	0	3.5	7	962.8	4.2	93.2	0.9	40	89.23555276
PAY	2021	11	8	8	0	4.1	76	963	5.7	86	2.1	18	343.9443366
PAY	2021	11	8	9	0	5.3	252	963	7	83.1	3.6	32	754.1202303
PAY	2021	11	8	10	0	5.5	158	962.8	7.2	77	4.2	36	385.0666786
PAY	2021	11	8	11	0	5.4	223	962.5	7.8	65.8	4.7	41	501.9877161
PAY	2021	11	8	12	0	5.4	220	962.6	8.3	63.9	4.9	45	507.3863631
PAY	2021	11	8	13	0	5.6	211	962.4	8.2	66.7	5.4	62	556.5502196
PAY	2021	11	8	14	0	5.6	137	962.3	8.1	67.4	4.9	57	481.5100235
PAY	2021	11	8	15	0	5.5	82	962.7	8	68.2	4.5	43	524.8420471
PAY	2021	11	8	16	0	5.5	33	962.9	7.6	69.8	3.6	38	0
PAY	2021	11	8	17	0	4.9	0	963.4	6.8	72.2	4	41	0
PAY	2021	11	8	18	0	4.5	0	964	6.4	72.2	3.3	43	0
PAY	2021	11	8	19	0	4	0	964	4.8	82.2	2.1	47	0
PAY	2021	11	8	20	0	3.4	0	964.2	4.6	82.1	1.6	63	0
PAY	2021	11	8	21	0	3.2	0	964.4	4.2	81.1	2.2	56	0
PAY	2021	11	8	22	0	2.8	0	964.4	3.4	82.9	1.8	43	0
PAY	2021	11	8	23	0	1.4	0	964.4	1	93.6	1	49	0
PAY	2021	11	9	0	0	0.3	0	964.2	0.3	95.4	1	54	0
PAY	2021	11	9	1	0	0.5	0	964.3	0.6	94.1	0.8	45	0
PAY	2021	11	9	2	0	0.2	0	964.6	0.2	94.9	0.4	18	0
PAY	2021	11	9	3	0	-0.2	0	964.8	-0.9	96.5	0.4	198	0
PAY	2021	11	9	4	0	0.1	0	965	1.3	90.6	0.6	288	0
PAY	2021	11	9	5	0	0.5	0	965.2	1.1	93.2	0.4	360	0
PAY	2021	11	9	6	0	1.7	0	965.2	2.9	87.1	1.9	47	0
PAY	2021	11	9	7	0	1.8	2	965.7	2.5	88.9	1.4	36	26.91379811
PAY	2021	11	9	8	0	2	32	966.1	3.1	87.9	1.3	39	147.702402
PAY	2021	11	9	9	0	2.6	81	966	3.7	85.3	2.1	57	245.6590504
PAY	2021	11	9	10	0	3	87	966.3	4.2	83.3	2.4	59	214.3806521
PAY	2021	11	9	11	0	3.1	137	966.4	4.6	78.3	2.6	34	311.5435066
PAY	2021	11	9	12	0	3.1	105	966.2	4.9	74.9	2.5	32	244.6490613
PAY	2021	11	9	13	0	3.2	113	965.6	5.1	73.1	1.8	38	301.4487904
PAY	2021	11	9	14	0	3.3	152	965.7	5.6	70.6	1.8	68	541.9771259
PAY	2021	11	9	15	0	3.4	186	965.8	5.4	70.7	1.2	95	1000
PAY	2021	11	9	16	0	3.2	45	966.2	4	80.3	0.4	207	0
PAY	2021	11	9	17	0	2.2	0	967	3.5	81.8	1.2	195	0
PAY	2021	11	9	18	0	1	0	967.5	2	87.6	1.4	201	0
PAY	2021	11	9	19	0	1	0	967.6	2	87.4	2.2	202	0
PAY	2021	11	9	20	0	-0.1	0	967.6	0.5	91.8	1.4	201	0
PAY	2021	11	9	21	0	-0.3	0	967.9	-0.2	93.2	1.1	197	0
PAY	2021	11	9	22	0	-0.2	0	967.8	0.2	95.2	1.1	180	0
PAY	2021	11	9	23	0	0.2	0	968	0.4	95.3	0.6	217	0
PAY	2021	11	10	0	0	0.2	0	968.7	0.1	96.2	0.8	166	0
PAY	2021	11	10	1	0	-0.5	0	968	-0.2	95.6	0.5	194	0
PAY	2021	11	10	2	0	-0.2	0	967.3	-0.1	94.8	1.7	207	0
PAY	2021	11	10	3	0	-0.1	0	966.8	0.3	94.1	1.5	188	0
PAY	2021	11	10	4	0	-0.3	0	966.5	-0.1	94.2	0.6	202	0
PAY	2021	11	10	5	0	-0.3	0	966.3	-0.5	97.8	0.6	153	0
PAY	2021	11	10	6	0	-0.1	0	966	0	96.2	0.5	180	0
PAY	2021	11	10	7	0	-0.4	5	966	-0.4	97.3	0.7	189	71.2169529
PAY	2021	11	10	8	0	-0.3	48	966.5	0.8	93.6	0.5	194	226.0174941
PAY	2021	11	10	9	0	0.8	129	966.2	2.4	91.3	0.6	180	396.5212818
PAY	2021	11	10	10	0	2.6	250	966.1	4.1	85.4	0.8	225	622.8603886
PAY	2021	11	10	11	0	3.5	201	966	4.9	84.3	0.3	243	461.7291124
PAY	2021	11	10	12	0	4.1	167	966.1	5.5	83.6	0.6	349	393.0797651
PAY	2021	11	10	13	0	4.5	173	965.5	5.9	78.9	0.6	90	466.7180024
PAY	2021	11	10	14	0	4.8	131	965	6.6	78.9	0.1	90	473.8170003
PAY	2021	11	10	15	0	5.2	78	964.8	6.3	82.7	1	32	524.6233928
PAY	2021	11	10	16	0	4.9	26	964.9	5.9	86.1	1	32	0
PAY	2021	11	10	17	0	4.2	0	964.9	4	93.4	0.4	153	0
PAY	2021	11	10	18	0	3.1	0	965	2.6	97.2	0.7	198	0
PAY	2021	11	10	19	0	2.5	0	965.3	2.8	95.7	1	193	0
PAY	2021	11	10	20	0	2.2	0	965.3	2.2	97.2	0.8	158	0
PAY	2021	11	10	21	0	1.7	0	965.4	1.7	96.8	1.4	201	0
PAY	2021	11	10	22	0	1.6	0	965	1.7	98.7	1	193	0
PAY	2021	11	10	23	0	0.9	0	964.7	1.3	96.4	0.3	153	0
PAY	2021	11	11	0	0	0.7	0	964.9	0.5	98.9	1	198	0
PAY	2021	11	11	1	0	0	0	964.5	-0.1	98.2	0.8	74	0
PAY	2021	11	11	2	0	0.4	0	964.6	1.3	94.8	1.4	203	0
PAY	2021	11	11	3	0	-0.1	0	965.3	0.2	97.2	1	191	0
PAY	2021	11	11	4	0	-0.1	0	965.1	0.5	95.6	1	203	0
PAY	2021	11	11	5	0	0.3	0	965.8	0.4	96	1.5	214	0
PAY	2021	11	11	6	0	0.8	0	965.8	1.2	97.3	1.2	195	0
PAY	2021	11	11	7	0	0.9	5	966	1	98.3	0.8	135	75.60175631
PAY	2021	11	11	8	0	1.5	52	966.4	1.8	99.6	0.9	225	249.8421732
PAY	2021	11	11	9	0	2.3	86	966.4	3.2	100	0.2	0	267.9305746
PAY	2021	11	11	10	0	3.3	99	966.9	3.3	100	0.6	45	249.381252
PAY	2021	11	11	11	0	3.5	145	966.3	3.7	97.7	0.4	333	336.4588708
PAY	2021	11	11	12	0	4.1	216	966	4.7	96	0.7	239	513.565641
PAY	2021	11	11	13	0	5.4	355	965.2	6.6	89.1	0.8	22	968.4242811
PAY	2021	11	11	14	0	6.1	284	964.7	7.4	86.2	0.8	45	1000
PAY	2021	11	11	15	0	6.2	162	964.9	6.8	89.6	1.4	17	1000
PAY	2021	11	11	16	0	5.8	35	964.9	5.9	93.3	0.9	58	0
PAY	2021	11	11	17	0	4.6	0	965	4.3	96.8	0.4	214	0
PAY	2021	11	11	18	0	4	0	965.3	4.1	98.5	0.3	153	0
PAY	2021	11	11	19	0	3.1	0	965.2	3.4	99.1	0.6	194	0
PAY	2021	11	11	20	0	2.5	0	964.8	2.5	99.8	0.8	180	0
PAY	2021	11	11	21	0	1.6	0	964.9	1.9	100	0.5	146	0
PAY	2021	11	11	22	0	1.8	0	964.7	1.9	99.5	0.8	203	0
PAY	2021	11	11	23	0	1.2	0	964.1	0.9	99.1	1.1	190	0
PAY	2021	11	12	0	0	0.8	0	963.8	0.7	98.3	0.8	189	0
PAY	2021	11	12	1	0	0.6	0	963.8	0.9	100	0.6	135	0
PAY	2021	11	12	2	0	1.1	0	963.1	1.7	99.8	1	198	0
PAY	2021	11	12	3	0	2	0	962.8	2.5	100	0.7	207	0
PAY	2021	11	12	4	0	1.9	0	962.7	1.1	100	0.4	243	0
PAY	2021	11	12	5	0	1.6	0	962.6	1.9	100	0.3	135	0
PAY	2021	11	12	6	0	1.5	0	962.8	1.1	100	0.7	225	0
PAY	2021	11	12	7	0	1.4	3	962.7	1.6	99.9	0.5	169	48.31130976
PAY	2021	11	12	8	0	1.7	36	962.9	2	99.6	0.7	231	176.5317613
PAY	2021	11	12	9	0	2.2	82	962.4	2.7	100	0.4	198	258.9400697
PAY	2021	11	12	10	0	2.9	128	962.2	3.1	98.8	0.7	248	325.991741
PAY	2021	11	12	11	0	3.1	153	961.6	3.5	100	0.5	270	358.5951532
PAY	2021	11	12	12	0	3.7	154	961	3.6	99.5	0.6	333	369.8325279
PAY	2021	11	12	13	0	4	156	960.5	4.2	99.4	0.6	333	430.2705104
PAY	2021	11	12	14	0	4.1	108	960.3	3.8	100	0.8	9	401.7797826
PAY	2021	11	12	15	0	4	54	959.9	4	100	0.4	45	381.589299
PAY	2021	11	12	16	0	4	14	960	3.9	100	0.5	360	0
PAY	2021	11	12	17	0	3.5	0	960.3	3.4	100	0.5	214	0
PAY	2021	11	12	18	0	3.2	0	960.6	3.2	100	1.1	216	0
PAY	2021	11	12	19	0	3.2	0	960.9	3.2	100	0.4	225	0
PAY	2021	11	12	20	0	3.4	0	961	3.4	99.1	0.8	188	0
PAY	2021	11	12	21	0	2.9	0	961.4	2.5	99.8	1	207	0
PAY	2021	11	12	22	0	2.9	0	961.5	3.1	100	0.4	76	0
PAY	2021	11	12	23	0	3.4	0	961.5	3.5	99.3	0.8	27	0
PAY	2021	11	13	0	0	3.5	0	961.5	3.6	98.8	0.8	82	0
PAY	2021	11	13	1	0	3	0	961	3.8	98.1	0.6	143	0
PAY	2021	11	13	2	0	4	0	960.6	4.5	99	1.1	186	0
PAY	2021	11	13	3	0	4.2	0	960.2	3.9	98.1	1.6	163	0
PAY	2021	11	13	4	0	4.8	0	960.3	5.3	96.3	1.8	190	0
PAY	2021	11	13	5	0	5	0	960.7	5.2	97	1.2	207	0
PAY	2021	11	13	6	0	5.3	0	960.7	5.1	96.8	1.4	202	0
PAY	2021	11	13	7	0	5	1	961	5	98	0.5	180	17.21363679
PAY	2021	11	13	8	0	4.9	15	961.3	5.2	97.2	0.8	34	75.08683924
PAY	2021	11	13	9	0	6	119	960.7	6.7	93.7	1.3	221	380.8947399
PAY	2021	11	13	10	0	7	197	960.6	8.9	80.6	2	227	507.2447025
PAY	2021	11	13	11	0	7.4	174	960.3	9.4	79.6	1.3	309	411.8925319
PAY	2021	11	13	12	0	7.4	87	959.7	9.8	71	2.2	217	211.0114861
PAY	2021	11	13	13	0	7.6	82	959.2	10.2	69.5	2.5	215	228.6422597
PAY	2021	11	13	14	0	7.6	97	959	10.2	69.4	2.7	220	365.8853741
PAY	2021	11	13	15	0	8	52	958.8	10.3	73.8	1.9	214	376.5842774
PAY	2021	11	13	16	0	7.9	14	958.6	9.8	75.2	2.1	227	0
PAY	2021	11	13	17	0	7.5	0	959	9.3	78.6	1.8	234	0
PAY	2021	11	13	18	0	7.7	0	959.3	8.7	86	2.6	212	0
PAY	2021	11	13	19	0	7.4	0	959.2	8.8	82.9	2.8	201	0
PAY	2021	11	13	20	0	7.2	0	959	7.5	88	1.8	207	0
PAY	2021	11	13	21	0	5.8	0	959.2	5.9	94.3	0.9	180	0
PAY	2021	11	13	22	0	6.1	0	958.9	6.9	89.1	2.2	196	0
PAY	2021	11	13	23	0	5.7	0	958.8	6.6	92.3	1.8	199	0
PAY	2021	11	14	0	0	6.1	0	958.3	7.4	88.2	1.9	201	0
PAY	2021	11	14	1	0	6.5	0	958	7.7	86.3	2.5	196	0
PAY	2021	11	14	2	0	6.4	0	958.1	6.9	92.1	1.6	207	0
PAY	2021	11	14	3	0	6.2	0	957.9	6.4	93.6	0.7	72	0
PAY	2021	11	14	4	0	6	0	957.8	6.8	91.8	0.8	124	0
PAY	2021	11	14	5	0	5.9	0	957.9	6	96.8	0.4	27	0
PAY	2021	11	14	6	0	5.8	0	958	6	97	0.4	72	0
PAY	2021	11	14	7	0	5.6	3	958.2	5.8	98	0.2	243	55.42582374
PAY	2021	11	14	8	0	6	41	958.6	6.5	96.1	0.1	360	209.556267
PAY	2021	11	14	9	0	6.5	74	958.5	7.2	96.7	0.6	18	240.0875998
PAY	2021	11	14	10	0	7.2	140	958.7	8.1	92.3	1.5	34	364.4325016
PAY	2021	11	14	11	0	7.5	178	958.3	8.5	89.4	2.4	31	425.5449544
PAY	2021	11	14	12	0	7.9	281	958.1	10.1	78.6	3	41	688.2590848
PAY	2021	11	14	13	0	7.6	161	958	9.3	80.7	3.6	38	453.7695261
PAY	2021	11	14	14	0	7.9	194	958.1	9.2	79.5	4.4	37	741.8317256
PAY	2021	11	14	15	0	7.5	56	958.3	9.2	80.1	3.4	35	415.5633426
PAY	2021	11	14	16	0	7.2	23	958.7	8.7	81.8	2.4	40	0
PAY	2021	11	14	17	0	7	0	959.2	8.1	85.8	3.2	39	0
PAY	2021	11	14	18	0	6.8	0	959.6	7.6	87.2	2.9	29	0
PAY	2021	11	14	19	0	6.5	0	960.1	7.4	88.2	2.7	25	0
PAY	2021	11	14	20	0	6.4	0	960.2	7	89.7	2.4	35	0
PAY	2021	11	14	21	0	6.3	0	960.4	6.9	90.2	2.6	32	0
PAY	2021	11	14	22	0	6.2	0	960.6	7	89.5	2.3	41	0
PAY	2021	11	14	23	0	6.5	0	960.7	7.2	91.8	2.3	38	0
PAY	2021	11	15	0	0	6.5	0	960.7	7.2	89.5	2.7	32	0
PAY	2021	11	15	1	0	6.3	0	960.9	7.1	89.4	2.9	35	0
PAY	2021	11	15	2	0	6.1	0	960.9	6.8	88.7	2.9	35	0
PAY	2021	11	15	3	0	5.9	0	960.8	6.8	86.7	2.8	43	0
PAY	2021	11	15	4	0	5.6	0	960.8	6.6	85.9	2.1	39	0
PAY	2021	11	15	5	0	5.4	0	960.8	6.5	85.3	2.6	48	0
PAY	2021	11	15	6	0	5.4	0	960.8	6.4	86.2	3.1	52	0
PAY	2021	11	15	7	0	5.5	0	961.2	6.3	89.3	2.6	50	0
PAY	2021	11	15	8	0	5.4	11	961.5	6.3	87.5	3.1	55	57.41737203
PAY	2021	11	15	9	0	5.4	29	961.6	6.4	87.2	3.1	44	95.3717265
PAY	2021	11	15	10	0	5.5	56	961.7	6.4	87.2	3.5	43	147.3650039
PAY	2021	11	15	11	0	5.4	59	961.4	6.3	86.2	3.5	38	142.440559
PAY	2021	11	15	12	0	5.3	73	961.1	6.5	85.3	3.2	40	180.5425655
PAY	2021	11	15	13	0	5.3	47	961.1	6.3	86.2	3.1	40	133.8783342
PAY	2021	11	15	14	0	5.3	31	961.1	6.2	85.6	3	44	120.1460962
PAY	2021	11	15	15	0	5.1	22	961.2	6	86.9	2.7	45	167.2551857
PAY	2021	11	15	16	0	4.9	6	961.6	5.9	85.4	2.3	49	0
PAY	2021	11	15	17	0	4.8	0	961.9	5.7	87.3	2	45	0
PAY	2021	11	15	18	0	4.7	0	962.2	5.5	88.7	2	39	0
PAY	2021	11	15	19	0	4.7	0	962.6	5.4	89.4	1.7	33	0
PAY	2021	11	15	20	0	4.7	0	962.9	5.2	91.5	1.1	49	0
PAY	2021	11	15	21	0	4.6	0	963.3	5.1	92.8	0.6	45	0
PAY	2021	11	15	22	0	4.7	0	963.7	5.2	93.2	0.1	90	0
PAY	2021	11	15	23	0	4.8	0	963.7	5.2	93.5	0.7	198	0
PAY	2021	11	16	0	0	4.7	0	963.7	5.2	92.6	1	216	0
PAY	2021	11	16	1	0	4.8	0	963.7	5.2	94.6	0.4	153	0
PAY	2021	11	16	2	0	4.8	0	963.6	5.2	95.4	0.4	108	0
PAY	2021	11	16	3	0	4.9	0	963.4	5.3	94.9	0.7	207	0
PAY	2021	11	16	4	0	4.9	0	963.4	5.2	96	0.9	207	0
PAY	2021	11	16	5	0	4.9	0	963.4	5.3	94.1	0.9	198	0
PAY	2021	11	16	6	0	4.9	0	963.4	5.3	94.3	1.1	195	0
PAY	2021	11	16	7	0	4.8	0	963.5	5.6	90.2	0.5	225	0
PAY	2021	11	16	8	0	5	11	963.8	5.7	89.8	0.3	225	58.64946749
PAY	2021	11	16	9	0	5.1	28	964.1	6.2	81.9	0.2	225	93.33898208
PAY	2021	11	16	10	0	5	48	964	6.4	79.9	0.5	315	127.6852203
PAY	2021	11	16	11	0	5	60	963.8	6.5	78.5	0.5	333	146.2685152
PAY	2021	11	16	12	0	5.1	79	963.3	6.6	80.3	0.5	45	197.2619069
PAY	2021	11	16	13	0	5.2	77	962.9	6.8	79.3	0.6	18	221.6344913
PAY	2021	11	16	14	0	5.2	55	962.5	6.7	82.4	0.7	90	216.0037665
PAY	2021	11	16	15	0	5.1	25	962.5	6.6	81.2	0.5	104	194.6724028
PAY	2021	11	16	16	0	5.1	5	962.4	6.7	79.3	0.7	98	0
PAY	2021	11	16	17	0	5.1	0	962.4	6.4	81.6	0.9	144	0
PAY	2021	11	16	18	0	5	0	962.5	6.3	82.9	1.4	157	0
PAY	2021	11	16	19	0	4.9	0	962.6	6.5	76.9	0.8	140	0
PAY	2021	11	16	20	0	4.8	0	962.6	6.1	83.5	0.8	146	0
PAY	2021	11	16	21	0	4.8	0	962.9	5.9	85	0.9	150	0
PAY	2021	11	16	22	0	4.9	0	963	6.1	83.3	0.6	191	0
PAY	2021	11	16	23	0	4.8	0	963.1	5.9	84.6	0.4	304	0
PAY	2021	11	17	0	0	4.8	0	962.9	5.8	85.3	0.3	90	0
PAY	2021	11	17	1	0	4.8	0	962.6	5.6	88	0.7	98	0
PAY	2021	11	17	2	0	4.8	0	962.9	5.4	91.6	0.6	202	0
PAY	2021	11	17	3	0	4.8	0	962.8	5.1	95.3	1.1	202	0
PAY	2021	11	17	4	0	4.8	0	962.9	5.2	94.1	0.8	203	0
PAY	2021	11	17	5	0	4.7	0	962.8	5.3	88.9	1.2	175	0
PAY	2021	11	17	6	0	4.5	0	963	5.1	91.3	0.6	202	0
PAY	2021	11	17	7	0	4.5	0	963.7	5.1	91.3	0.5	198	0
PAY	2021	11	17	8	0	4.6	10	964.5	5.1	94.3	0.3	63	54.47235151
PAY	2021	11	17	9	0	4.9	29	965	5.2	96.4	0.5	11	97.99007566
PAY	2021	11	17	10	0	4.7	20	965.4	5.2	92.4	1.6	4	53.77673648
PAY	2021	11	17	11	0	4.7	55	965.4	5.5	85.3	2	12	135.374912
PAY	2021	11	17	12	0	4.4	61	965.3	5.4	84.1	1.7	38	153.7621751
PAY	2021	11	17	13	0	4.4	65	965.4	5.7	84.6	1.4	58	189.0254503
PAY	2021	11	17	14	0	4.6	54	965.7	5.9	83.3	1.2	70	214.8531456
PAY	2021	11	17	15	0	4.6	24	965.8	5.8	81.9	1.3	70	191.36579
PAY	2021	11	17	16	0	4.3	4	966.3	5.7	81	1.3	48	0
PAY	2021	11	17	17	0	4.3	0	967.1	5.5	81.3	1.3	29	0
PAY	2021	11	17	18	0	4	0	967.8	5.1	81.9	1.8	52	0
PAY	2021	11	17	19	0	3.6	0	968.1	4.8	79.5	2	45	0
PAY	2021	11	17	20	0	3.4	0	968.7	4.8	79.5	1.5	56	0
PAY	2021	11	17	21	0	3.3	0	969.5	4.7	80.8	1	58	0
PAY	2021	11	17	22	0	3.3	0	970.3	4.8	78.2	1.6	60	0
PAY	2021	11	17	23	0	3.3	0	970.4	4.7	80.7	1.6	59	0
PAY	2021	11	18	0	0	3.3	0	970.5	4.4	84.3	1.2	38	0
PAY	2021	11	18	1	0	3.3	0	970.1	4.3	85	1	37	0
PAY	2021	11	18	2	0	3.1	0	970.1	4.1	83	1.4	45	0
PAY	2021	11	18	3	0	2.6	0	969.9	3.3	83	0.9	76	0
PAY	2021	11	18	4	0	1.6	0	970.3	2	90.1	0.9	172	0
PAY	2021	11	18	5	0	0.9	0	970.5	0.7	95.2	0.9	187	0
PAY	2021	11	18	6	0	0.4	0	971.1	0.8	93.4	0.6	225	0
PAY	2021	11	18	7	0	0.2	3	972.2	0.7	94.6	0.4	76	77.60311071
PAY	2021	11	18	8	0	1.2	69	972.3	2.1	91.8	0.3	270	384.0701994
PAY	2021	11	18	9	0	2.5	182	972.6	4	87.4	1.5	18	623.3414144
PAY	2021	11	18	10	0	3.7	303	972.7	5.6	81.5	2.7	47	823.4556519
PAY	2021	11	18	11	0	4.3	338	972.3	6.6	77.2	2.9	26	839.8895765
PAY	2021	11	18	12	0	4.9	357	971.9	7.4	68.3	2.7	32	908.3044128
PAY	2021	11	18	13	0	5.2	348	971.7	7.9	67.5	2.8	37	1000
PAY	2021	11	18	14	0	5.4	232	971.5	8	68	2.5	30	934.9235342
PAY	2021	11	18	15	0	5.4	139	971.6	7.8	68.5	2.3	38	1000
PAY	2021	11	18	16	0	5	34	971.9	6.5	76.6	1.5	42	0
PAY	2021	11	18	17	0	3.6	0	972.3	4.1	86.9	0.4	76	0
PAY	2021	11	18	18	0	2.6	0	972.6	2.3	94.3	0.2	0	0
PAY	2021	11	18	19	0	1.9	0	972.9	1.6	96.4	0.5	191	0
PAY	2021	11	18	20	0	1.3	0	973.4	1	96.8	0.2	135	0
PAY	2021	11	18	21	0	0.7	0	973.8	0.9	95.7	0.8	214	0
PAY	2021	11	18	22	0	0	0	974.1	0.1	96.3	0.5	135	0
PAY	2021	11	18	23	0	-0.1	0	974	-0.5	97.5	0.7	207	0
PAY	2021	11	19	0	0	-0.6	0	973.8	-0.9	99	0.7	180	0
PAY	2021	11	19	1	0	-0.7	0	973.8	-0.4	95.2	0.6	198	0
PAY	2021	11	19	2	0	-1	0	973.8	-0.9	98.3	0.8	188	0
PAY	2021	11	19	3	0	-1.3	0	973.7	-0.8	96	0.3	225	0
PAY	2021	11	19	4	0	-1.6	0	973.7	-1	96	0.5	162	0
PAY	2021	11	19	5	0	-1.7	0	973.7	-1.4	97.3	0.3	117	0
PAY	2021	11	19	6	0	-1.6	0	973.8	-1.2	97.6	0.3	90	0
PAY	2021	11	19	7	0	-0.5	0	974.1	0.4	97.9	0.7	202	0
PAY	2021	11	19	8	0	0.7	21	974.5	1.3	98.4	1.3	189	119.4656783
PAY	2021	11	19	9	0	1.4	61	974.5	1.4	99.8	0.8	187	211.7590127
PAY	2021	11	19	10	0	1.5	76	974.5	1.4	99.1	0.6	217	208.7412953
PAY	2021	11	19	11	0	1.5	100	974.1	1.7	98.6	0.6	180	250.8335656
PAY	2021	11	19	12	0	2	128	973.5	2	99.3	0.8	270	328.6642505
PAY	2021	11	19	13	0	2.1	112	973	2.3	97.7	0.7	338	332.2793683
PAY	2021	11	19	14	0	2.2	69	972.7	2	100	0.7	342	281.5530541
PAY	2021	11	19	15	0	1.8	35	972.5	1.6	100	0.9	34	292.323084
PAY	2021	11	19	16	0	1.8	9	972.6	1.8	100	0.4	180	0
PAY	2021	11	19	17	0	1.7	0	972.9	1.6	99.2	0.5	270	0
PAY	2021	11	19	18	0	1.4	0	972.9	1.4	99.4	0.5	252	0
PAY	2021	11	19	19	0	1.1	0	973.1	1	99.7	0.5	288	0
PAY	2021	11	19	20	0	1.1	0	973	1.1	99.2	0.6	233	0
PAY	2021	11	19	21	0	1	0	973.2	0.9	99.3	0.7	225	0
PAY	2021	11	19	22	0	0.7	0	973.1	0.7	100	0.8	166	0
PAY	2021	11	19	23	0	0.8	0	972.9	0.8	99.3	0.6	153	0
PAY	2021	11	20	0	0	0.5	0	972.7	0.4	99.8	0.6	162	0
PAY	2021	11	20	1	0	0.1	0	972.2	0	99.5	1	217	0
PAY	2021	11	20	2	0	-0.3	0	972.1	-0.1	99	1	221	0
PAY	2021	11	20	3	0	-0.4	0	971.6	-0.1	99.2	0.7	162	0
PAY	2021	11	20	4	0	-0.2	0	971.1	-0.3	100	0.9	187	0
PAY	2021	11	20	5	0	-0.1	0	970.7	0	100	0.3	90	0
PAY	2021	11	20	6	0	-0.2	0	970.4	-0.2	100	0.6	18	0
PAY	2021	11	20	7	0	-0.2	0	970.4	-0.4	99.8	0.8	239	0
PAY	2021	11	20	8	0	-0.3	22	970.4	-0.4	100	0.6	194	127.9327237
PAY	2021	11	20	9	0	0.1	48	969.9	0.3	100	0.6	252	168.8857777
PAY	2021	11	20	10	0	0.4	78	969.7	0.5	97.8	0.7	225	216.4943099
PAY	2021	11	20	11	0	0.7	105	969	0.9	98	0.8	231	265.8283348
PAY	2021	11	20	12	0	1.3	112	967.9	1.4	100	0.4	108	290.1825495
PAY	2021	11	20	13	0	1.8	92	966.9	2	98.9	0.6	72	275.6010783
PAY	2021	11	20	14	0	2.4	72	966.1	2.8	97.2	0.8	288	297.4004103
PAY	2021	11	20	15	0	2.6	35	965.5	2.7	98.2	0.6	326	299.0023653
PAY	2021	11	20	16	0	2.5	6	965.1	2.3	100	0.9	36	0
PAY	2021	11	20	17	0	2.3	0	964.9	2.5	97.6	0.3	45	0
PAY	2021	11	20	18	0	2.3	0	964.5	2.5	97.3	0.6	225	0
PAY	2021	11	20	19	0	2.2	0	964.1	2.3	98.9	0.6	259	0
PAY	2021	11	20	20	0	2.2	0	963.5	2.4	96.7	0.7	225	0
PAY	2021	11	20	21	0	2.2	0	963.2	2.1	98.7	1.1	185	0
PAY	2021	11	20	22	0	2.1	0	962.6	2.2	98.3	0.4	180	0
PAY	2021	11	20	23	0	1.9	0	962.1	1.7	95.8	1	229	0
PAY	2021	11	21	0	0	1.5	0	961.6	1.7	98.5	1.3	194	0
PAY	2021	11	21	1	0	1.4	0	960.7	1.5	96.3	0.9	252	0
PAY	2021	11	21	2	0	1.4	0	960.1	1.5	98.3	0.6	281	0
PAY	2021	11	21	3	0	1.4	0	959.3	1.6	98.4	0.2	297	0
PAY	2021	11	21	4	0	1.6	0	958.9	1.7	100	0.1	0	0
PAY	2021	11	21	5	0	1.9	0	958.2	2.3	96.4	0.5	169	0
PAY	2021	11	21	6	0	2.1	0	957.8	2.3	97.6	1.9	186	0
PAY	2021	11	21	7	0	1.7	0	957.3	1.6	97.3	1.2	167	0
PAY	2021	11	21	8	0	1.2	17	956.8	1.3	97.8	1.2	124	101.0673997
PAY	2021	11	21	9	0	1.5	50	956.6	1.7	100	1	108	178.2949367
PAY	2021	11	21	10	0	1.8	157	956.2	2.1	94.8	0.9	113	440.3158001
PAY	2021	11	21	11	0	2.2	131	955.3	2.5	97.5	0.5	45	334.6968791
PAY	2021	11	21	12	0	2.5	120	954.4	2.9	95.2	0.5	56	313.6696068
PAY	2021	11	21	13	0	2.9	78	953.8	3.2	96.3	0.5	180	235.8852401
PAY	2021	11	21	14	0	3.2	69	953.4	3.6	96.1	0.7	90	288.418323
PAY	2021	11	21	15	0	3.5	52	953.3	3.8	96.8	0.9	72	454.170671
PAY	2021	11	21	16	0	3.3	11	953.4	3.5	95.7	0.7	90	0
PAY	2021	11	21	17	0	3.3	0	953.5	3.6	96.9	0.7	59	0
PAY	2021	11	21	18	0	3.4	0	953.5	3.6	95.8	1.1	61	0
PAY	2021	11	21	19	0	3.4	0	953.4	3.7	96.3	1.1	68	0
PAY	2021	11	21	20	0	3.5	0	953.6	3.8	95.5	0.8	50	0
PAY	2021	11	21	21	0	3.6	0	953.8	3.9	95.8	0.6	37	0
PAY	2021	11	21	22	0	3.6	0	954	3.8	96.4	1.4	16	0
PAY	2021	11	21	23	0	3.3	0	954	3.3	96.5	2.1	29	0
PAY	2021	11	22	0	0	3	0	954.1	3.2	97	2.1	47	0
PAY	2021	11	22	1	0	3.1	0	954.2	3.4	96.5	0.9	49	0
PAY	2021	11	22	2	0	3.2	0	954.5	3.5	96.5	0.6	9	0
PAY	2021	11	22	3	0	3.4	0	954.4	3.6	96.1	1.5	39	0
PAY	2021	11	22	4	0	3.3	0	954.8	3.6	95.4	2.5	38	0
PAY	2021	11	22	5	0	3.2	0	955	3.5	94.9	3	37	0
PAY	2021	11	22	6	0	3.2	0	955.6	3.5	95.5	2.9	32	0
PAY	2021	11	22	7	0	3.2	0	956.2	3.5	94.3	3.9	39	0
PAY	2021	11	22	8	0	3	10	956.7	3.6	89	4.2	44	60.78945726
PAY	2021	11	22	9	0	2.9	46	957.5	3.8	88.3	3.9	48	166.2326222
PAY	2021	11	22	10	0	3.1	99	958	4.2	83.1	4.2	46	280.519967
PAY	2021	11	22	11	0	3	113	958	3.8	84.6	5.6	50	291.316527
PAY	2021	11	22	12	0	2.9	134	958.3	4	84.7	5.4	53	353.3106223
PAY	2021	11	22	13	0	3	103	958.6	3.8	84.9	5.7	53	314.381172
PAY	2021	11	22	14	0	3	41	958.9	4.1	83.3	5.2	50	173.3727861
PAY	2021	11	22	15	0	3.1	17	959.4	4.4	80.7	6	49	151.7219513
PAY	2021	11	22	16	0	3.2	1	959.7	4.5	81.3	5.4	47	0
PAY	2021	11	22	17	0	3.3	0	960.1	4.7	79.9	5.7	48	0
PAY	2021	11	22	18	0	3.4	0	960.6	4.8	81.1	5	45	0
PAY	2021	11	22	19	0	3.6	0	960.9	5.2	78.5	5.5	47	0
PAY	2021	11	22	20	0	3.6	0	961.1	5.2	78.1	5.7	47	0
PAY	2021	11	22	21	0	3.7	0	961.5	5.2	77.8	5.1	44	0
PAY	2021	11	22	22	0	3.7	0	961.8	5.3	76.5	4.5	42	0
PAY	2021	11	22	23	0	3.7	0	962.1	5.1	79	4.4	38	0
PAY	2021	11	23	0	0	3.6	0	962.4	4.9	79.7	5.3	38	0
PAY	2021	11	23	1	0	3.3	0	962.5	4.7	78.3	5.9	41	0
PAY	2021	11	23	2	0	3.1	0	962.8	4.5	78.5	5.7	44	0
PAY	2021	11	23	3	0	2.9	0	962.9	4.3	78.5	5.2	44	0
PAY	2021	11	23	4	0	2.8	0	963	4.1	79.9	4.9	45	0
PAY	2021	11	23	5	0	2.8	0	963.3	4	80	4.9	43	0
PAY	2021	11	23	6	0	2.5	0	963.8	3.6	80.5	5.2	47	0
PAY	2021	11	23	7	0	2.2	0	964.3	3.4	82.3	4.7	55	0
PAY	2021	11	23	8	0	2.4	8	965	3.6	81.4	3.2	49	49.73263251
PAY	2021	11	23	9	0	2.5	25	965.5	3.8	82	2.7	50	91.54923624
PAY	2021	11	23	10	0	2.7	48	965.8	4.1	79.9	2.8	59	137.3980286
PAY	2021	11	23	11	0	2.9	61	965.8	4.3	79.8	2.9	52	158.6560063
PAY	2021	11	23	12	0	2.9	63	965.6	4.3	80	2.9	39	167.5218707
PAY	2021	11	23	13	0	2.9	45	965.5	4.1	80.4	3	45	138.5924943
PAY	2021	11	23	14	0	2.8	39	965.6	3.9	81.2	3	44	166.7767235
PAY	2021	11	23	15	0	2.4	18	965.7	3.4	82.2	4	35	164.0614516
PAY	2021	11	23	16	0	2.1	3	965.9	3.2	82.5	3.7	39	0
PAY	2021	11	23	17	0	2	0	965.9	3.1	83.5	2.9	39	0
PAY	2021	11	23	18	0	2	0	966.2	3	83.2	2.7	40	0
PAY	2021	11	23	19	0	1.9	0	966	2.8	84.7	2.6	34	0
PAY	2021	11	23	20	0	1.8	0	965.8	2.8	83.2	2.5	32	0
PAY	2021	11	23	21	0	1.8	0	965.9	2.7	84	2.4	36	0
PAY	2021	11	23	22	0	1.7	0	965.8	2.6	84.3	2.1	34	0
PAY	2021	11	23	23	0	1.6	0	965.8	2.6	84.5	1.7	33	0
PAY	2021	11	24	0	0	1.7	0	965.5	2.6	84.7	1.4	42	0
PAY	2021	11	24	1	0	1.7	0	965.1	2.5	85.8	1.3	39	0
PAY	2021	11	24	2	0	1.7	0	964.9	2.5	86.3	1.2	45	0
PAY	2021	11	24	3	0	1.8	0	964.5	2.5	90.3	0.7	56	0
PAY	2021	11	24	4	0	1.8	0	964	2.4	89.9	0.6	59	0
PAY	2021	11	24	5	0	1.7	0	963.8	2.7	83.8	0.7	74	0
PAY	2021	11	24	6	0	1.7	0	963.5	2.5	86.1	1.4	58	0
PAY	2021	11	24	7	0	1.6	0	963.3	2.5	84.7	1.3	61	0
PAY	2021	11	24	8	0	1.7	14	963.3	2.7	84.7	1.3	73	89.01298795
PAY	2021	11	24	9	0	1.8	53	962.9	3.2	81.3	0.8	56	196.656422
PAY	2021	11	24	10	0	2.1	102	962.7	3.6	80.2	1.2	85	294.9118258
PAY	2021	11	24	11	0	2.3	144	961.9	3.8	76.4	0.5	153	377.7970608
PAY	2021	11	24	12	0	2.5	154	961.1	4	75.9	0.6	323	412.8998016
PAY	2021	11	24	13	0	2.9	150	960.2	4.7	76.2	0.6	27	466.0320553
PAY	2021	11	24	14	0	3	109	959.7	4.4	78	1.7	27	471.2087484
PAY	2021	11	24	15	0	2.9	50	959.1	4.3	79.6	2.1	27	465.1199114
PAY	2021	11	24	16	0	2.6	8	958.7	3.8	79.7	1.8	43	0
PAY	2021	11	24	17	0	2.3	0	958.2	3.4	81.2	1.6	45	0
PAY	2021	11	24	18	0	2	0	957.8	2.9	84.9	1.6	56	0
PAY	2021	11	24	19	0	1.8	0	957.6	2.6	84.6	0.8	16	0
PAY	2021	11	24	20	0	1.6	0	957	2.3	85.6	1.3	70	0
PAY	2021	11	24	21	0	1.3	0	956.4	1.9	89.3	1.2	121	0
PAY	2021	11	24	22	0	1.1	0	956	1.6	91	1.1	90	0
PAY	2021	11	24	23	0	1.1	0	955.6	1.6	91.6	0.9	98	0
PAY	2021	11	25	0	0	1	0	955.3	1.5	92.8	0.8	98	0
PAY	2021	11	25	1	0	1	0	954.6	1.3	94.6	0.8	117	0
PAY	2021	11	25	2	0	1	0	953.8	1.3	94.7	1	84	0
PAY	2021	11	25	3	0	0.8	0	953.1	0.9	97.2	0.8	98	0
PAY	2021	11	25	4	0	0.7	0	952.5	0.9	96.8	0.7	82	0
PAY	2021	11	25	5	0	0.4	0	952.3	0.5	97.1	1.4	63	0
PAY	2021	11	25	6	0	0.2	0	952	0.5	95.2	1.4	81	0
PAY	2021	11	25	7	0	0.2	0	951.7	0.6	92.7	1.1	119	0
PAY	2021	11	25	8	0	0.3	10	951.7	0.8	93	0.4	72	65.03435368
PAY	2021	11	25	9	0	0.6	47	951.9	1.4	90.3	0.4	108	176.6863736
PAY	2021	11	25	10	0	1	52	952.1	1.6	91.3	0.8	219	151.839732
PAY	2021	11	25	11	0	1.4	66	951.9	2.2	93.4	1	221	174.6362775
PAY	2021	11	25	12	0	1.8	59	951.6	2.2	95.1	0.5	243	159.4697852
PAY	2021	11	25	13	0	2.1	56	950.8	2.6	93.8	0.9	63	175.4664252
PAY	2021	11	25	14	0	2.3	45	950.4	2.9	91.7	1.3	55	196.5845936
PAY	2021	11	25	15	0	2.4	18	950.6	2.9	91.9	1.1	37	170.7771182
PAY	2021	11	25	16	0	2.3	5	950.5	2.8	91.7	0.8	40	0
PAY	2021	11	25	17	0	2.3	0	950.6	2.9	91	0.8	45	0
PAY	2021	11	25	18	0	2.3	0	950.7	2.5	94.5	1.3	24	0
PAY	2021	11	25	19	0	2	0	950.7	2.3	96.1	1.4	36	0
PAY	2021	11	25	20	0	2.1	0	950.6	2.3	96.1	2	41	0
PAY	2021	11	25	21	0	1.9	0	950.3	2	95.2	1.7	47	0
PAY	2021	11	25	22	0	1.7	0	949.8	2	95.8	1.7	38	0
PAY	2021	11	25	23	0	1.7	0	949.5	2	95.6	1.2	22	0
PAY	2021	11	26	0	0	1.7	0	949	1.9	95.8	0.4	18	0
PAY	2021	11	26	1	0	1.7	0	948.7	2	95	1.1	27	0
PAY	2021	11	26	2	0	1.6	0	948.3	1.9	96.5	0.6	53	0
PAY	2021	11	26	3	0	1.5	0	947.9	1.6	95.8	1.2	27	0
PAY	2021	11	26	4	0	1.3	0	947.2	1.5	95.5	1.6	28	0
PAY	2021	11	26	5	0	1.1	0	947	1.2	95.5	1.8	47	0
PAY	2021	11	26	6	0	0.9	0	946.9	1	96.1	0.9	30	0
PAY	2021	11	26	7	0	0.7	0	946.6	0.9	96.3	0.5	45	0
PAY	2021	11	26	8	0	0.8	5	946.7	0.9	96.8	0.3	243	33.26335953
PAY	2021	11	26	9	0	0.9	37	946.5	1.3	93.9	0.4	360	140.9058856
PAY	2021	11	26	10	0	1.4	73	946.4	2.3	90.2	0.7	189	215.2422207
PAY	2021	11	26	11	0	1.8	121	945.9	2.7	86	1	217	322.8427185
PAY	2021	11	26	12	0	2	147	945	3.2	81.3	1.4	201	400.4526369
PAY	2021	11	26	13	0	2	142	944.5	3.6	74.9	2	183	448.595258
PAY	2021	11	26	14	0	2	87	944.1	3.5	76.1	2.7	198	383.9125874
PAY	2021	11	26	15	0	1.9	56	943.4	3.2	76.1	3	202	541.4813339
PAY	2021	11	26	16	0	1.7	12	943.2	3	79.9	2.8	208	0
PAY	2021	11	26	17	0	1.7	0	942.8	2.6	85.8	2.6	209	0
PAY	2021	11	26	18	0	1.6	0	942.1	2.7	81.9	3.2	212	0
PAY	2021	11	26	19	0	1.4	0	941.7	2.5	81.6	4.6	216	0
PAY	2021	11	26	20	0	1.2	0	941	2.3	82.3	5.5	216	0
PAY	2021	11	26	21	0	1.1	0	940.2	2.3	80.4	4.8	215	0
PAY	2021	11	26	22	0	1.1	0	939	2.4	78.8	4.1	213	0
PAY	2021	11	26	23	0	0.9	0	938.3	2.3	76.3	3.1	240	0
PAY	2021	11	27	0	0	0.8	0	937.1	2.4	73.3	2.3	232	0
PAY	2021	11	27	1	0	0.7	0	936.3	2.2	76.7	3.3	227	0
PAY	2021	11	27	2	0	0.6	0	935.3	1.6	81.7	4.3	218	0
PAY	2021	11	27	3	0	0.6	0	935.1	1.9	80.1	3.8	228	0
PAY	2021	11	27	4	0	0.7	0	935	1.4	90.1	5.1	221	0
PAY	2021	11	27	5	0	1.2	0	934.4	2.4	86.1	4.4	219	0
PAY	2021	11	27	6	0	1.8	0	934.7	3	82.2	4.7	219	0
PAY	2021	11	27	7	0	1.8	0	934.8	3.2	78.7	5.3	218	0
PAY	2021	11	27	8	0	1.7	45	935.2	3.3	78.5	5.1	217	306.2591608
PAY	2021	11	27	9	0	2.1	146	935.7	4.3	74.9	6.8	224	563.1776127
PAY	2021	11	27	10	0	2.3	75	936.6	2.7	84.1	5.6	235	223.2625403
PAY	2021	11	27	11	0	1.5	105	937	2.7	85.5	4.5	242	282.4400154
PAY	2021	11	27	12	0	1.8	118	936.7	3.4	80	2.7	219	323.9095601
PAY	2021	11	27	13	0	2.3	212	937.1	4.5	61.5	4.1	228	675.0503484
PAY	2021	11	27	14	0	1.8	102	937.4	4.4	59.7	4.1	256	454.4723294
PAY	2021	11	27	15	0	1.5	106	938.1	3.6	63.1	3.8	255	1000
PAY	2021	11	27	16	0	0.5	15	938.2	1.7	70.7	1.1	233	0
PAY	2021	11	27	17	0	-0.8	0	938.4	-0.1	81.6	0.7	180	0
PAY	2021	11	27	18	0	-0.6	0	938.6	1.2	77.3	1.6	180	0
PAY	2021	11	27	19	0	0.2	0	939.1	1.4	81.2	2.9	200	0
PAY	2021	11	27	20	0	-0.1	0	939.4	0.9	79.1	2.5	187	0
PAY	2021	11	27	21	0	-0.9	0	939.7	0.5	81.3	1.1	230	0
PAY	2021	11	27	22	0	-0.3	0	939.5	1	85.3	2.3	212	0
PAY	2021	11	27	23	0	-0.1	0	939.7	0.3	87.4	2.5	203	0
PAY	2021	11	28	0	0	-0.6	0	939.4	0	90	1.1	172	0
PAY	2021	11	28	1	0	-0.2	0	939.2	1.1	83.3	1.2	195	0
PAY	2021	11	28	2	0	-0.2	0	939.5	0	89.8	1.2	233	0
PAY	2021	11	28	3	0	-0.5	0	939.6	0.4	88.1	1	189	0
PAY	2021	11	28	4	0	-0.5	0	939.5	-0.2	93.2	0.5	233	0
PAY	2021	11	28	5	0	-0.1	0	939.4	1.1	84	1.3	209	0
PAY	2021	11	28	6	0	0	0	939.4	1	82.5	2.7	205	0
PAY	2021	11	28	7	0	-0.3	1	939.6	0.6	83.4	3	208	0
PAY	2021	11	28	8	0	-0.1	46	939.7	1.2	78.8	3.3	198	320.2820545
PAY	2021	11	28	9	0	0.2	103	940.2	1.8	77	2.7	212	402.3751436
PAY	2021	11	28	10	0	0.2	120	940.7	1.7	76.6	4.4	230	360.5854804
PAY	2021	11	28	11	0	0.4	71	940.6	1.2	86.6	3.5	223	192.5033582
PAY	2021	11	28	12	0	0.5	79	940.4	0.9	91.8	3	204	218.4604596
PAY	2021	11	28	13	0	0.9	83	940.4	1.3	91.1	3	211	266.3059404
PAY	2021	11	28	14	0	0.8	67	940.2	1.5	91.8	3.2	207	301.2912246
PAY	2021	11	28	15	0	0.9	27	940.5	1.6	88.5	4	204	270.4967245
PAY	2021	11	28	16	0	0.9	3	940.9	1.5	88.7	3.2	203	0
PAY	2021	11	28	17	0	0.8	0	941.2	1.6	86.1	3	208	0
PAY	2021	11	28	18	0	0.8	0	941.9	1.6	83.9	3.2	226	0
PAY	2021	11	28	19	0	0.7	0	942.5	1.7	82.8	2.9	216	0
PAY	2021	11	28	20	0	0.5	0	942.7	1.6	79.9	2.5	215	0
PAY	2021	11	28	21	0	0.3	0	942.9	1.4	79.9	2.1	215	0
PAY	2021	11	28	22	0	0.2	0	943.2	1.2	81.2	2.1	213	0
PAY	2021	11	28	23	0	0.1	0	943.7	1.3	78.9	2.4	209	0
PAY	2021	11	29	0	0	-0.1	0	944	1.5	71.8	1	236	0
PAY	2021	11	29	1	0	-0.1	0	944.5	1.3	74.7	0.7	189	0
PAY	2021	11	29	2	0	-0.4	0	944.8	0.5	82.8	0.7	288	0
PAY	2021	11	29	3	0	-0.5	0	945.3	1.1	72.9	0.6	158	0
PAY	2021	11	29	4	0	-0.6	0	946	0.6	78.2	0.7	292	0
PAY	2021	11	29	5	0	-0.6	0	946.8	1.1	73.7	0.7	338	0
PAY	2021	11	29	6	0	-0.5	0	947.8	0.2	85.1	0.8	252	0
PAY	2021	11	29	7	0	-0.5	0	949	1	72.7	0.7	45	0
PAY	2021	11	29	8	0	-0.5	7	950.1	1.1	75.9	1.3	72	49.86299498
PAY	2021	11	29	9	0	-0.4	21	951.2	-0.2	96.4	0.9	56	83.06995852
PAY	2021	11	29	10	0	0	154	952.1	1	90.6	0.8	214	467.021981
PAY	2021	11	29	11	0	0.5	215	952.4	1.6	78.4	1.5	180	587.4470033
PAY	2021	11	29	12	0	0.5	124	953.1	2.1	72.5	0.5	180	345.3528705
PAY	2021	11	29	13	0	0.7	147	953.8	2	74.8	0.9	304	475.1010508
PAY	2021	11	29	14	0	-0.8	99	954.5	1.5	57.6	2.8	347	449.1112322
PAY	2021	11	29	15	0	-1	101	955.7	1.3	59	2.7	347	1000
PAY	2021	11	29	16	0	-1.8	18	956.9	-0.1	69.1	1.7	356	0
PAY	2021	11	29	17	0	-1.8	0	957.9	0.1	68.2	0.6	117	0
PAY	2021	11	29	18	0	-1.4	0	958.9	0.1	73.1	0.7	171	0
PAY	2021	11	29	19	0	-1.6	0	959.7	-0.1	71.8	2.3	188	0
PAY	2021	11	29	20	0	-1.7	0	960.8	0	67.5	1.9	221	0
PAY	2021	11	29	21	0	-1.8	0	961.5	-0.2	70.1	2.1	213	0
PAY	2021	11	29	22	0	-1.9	0	962	-0.2	70.6	2.1	200	0
PAY	2021	11	29	23	0	-1.8	0	962.3	-0.3	73.5	1.7	207	0
PAY	2021	11	30	0	0	-2.1	0	962.3	-0.8	75.4	1.9	209	0
PAY	2021	11	30	1	0	-2.6	0	962.7	-1.7	77.4	2.2	197	0
PAY	2021	11	30	2	0	-2.9	0	963.3	-1.7	77.1	2.5	198	0
PAY	2021	11	30	3	0	-3.1	0	963.4	-2.1	77.7	2.8	204	0
PAY	2021	11	30	4	0	-3.1	0	963.8	-2	80.2	2.3	204	0
PAY	2021	11	30	5	0	-2.8	0	964.1	-1	72.1	3.9	194	0
PAY	2021	11	30	6	0	-2.4	0	964.5	-1.1	77.3	3.3	208	0
PAY	2021	11	30	7	0	-2	0	964.8	-0.5	77.6	3.8	211	0
PAY	2021	11	30	8	0	-1.6	14	965.1	-0.2	76.7	4.2	208	102.0257738
PAY	2021	11	30	9	0	-1.5	72	965.1	0.4	70.9	4.5	213	288.3435377
PAY	2021	11	30	10	0	-1.2	92	964.9	0.9	66.3	5.1	217	281.5178973
PAY	2021	11	30	11	0	-1	74	964.7	1	65.7	5.2	219	203.7112294
PAY	2021	11	30	12	0	-0.7	102	964.3	1.6	64	5.1	218	286.038491
PAY	2021	11	30	13	0	-0.2	137	963.9	2.1	63.6	5.8	218	445.8755387
PAY	2021	11	30	14	0	-0.1	103	963.6	2.1	66.7	6.3	219	471.1490527
PAY	2021	11	30	15	0	0.2	53	963.8	2.3	68	5.5	216	548.1223132
PAY	2021	11	30	16	0	0.3	5	963.5	2.5	64.4	5.3	216	0
PAY	2021	11	30	17	0	0.3	0	963.7	2.5	64.1	4.5	225	0
PAY	2021	11	30	18	0	0.1	0	963.6	1.6	78.3	5.9	217	0
PAY	2021	11	30	19	0	0.6	0	963.8	1.8	83.3	4.9	220	0
PAY	2021	11	30	20	0	1	0	963.6	2.1	83.6	4.8	235	0
PAY	2021	11	30	21	0	1.4	0	962.9	2.4	85.4	3.7	218	0
PAY	2021	11	30	22	0	1.7	0	962.4	2.9	82.7	3.2	229	0
PAY	2021	11	30	23	0	1.9	0	961.3	3	84.7	3.5	216	0
PAY	2021	12	1	0	0	2.2	0	960.6	3.4	82.9	4.8	222	0
PAY	2021	12	1	1	0	2.2	0	959.2	3	84.5	4.1	215	0
PAY	2021	12	1	2	0	1.8	0	958.3	2.4	86.7	3.5	221	0
PAY	2021	12	1	3	0	1.6	0	957.1	2.6	85.3	3.3	219	0
PAY	2021	12	1	4	0	1.5	0	956.1	2.3	88	3.2	215	0
PAY	2021	12	1	5	0	1.9	0	955.6	2.8	85.8	5.1	220	0
PAY	2021	12	1	6	0	1.7	0	954.9	2.6	86.1	4.5	218	0
PAY	2021	12	1	7	0	2.3	0	954.1	3.6	83.6	4.8	208	0
PAY	2021	12	1	8	0	2.6	33	953.2	4.1	79.4	4.1	235	246.0259912
PAY	2021	12	1	9	0	3	137	952.3	5	78.9	5.8	230	555.349273
PAY	2021	12	1	10	0	3.8	325	951	5.8	75.1	6.4	226	1000
PAY	2021	12	1	11	0	4.1	263	949.8	5.9	74	6.3	234	729.2732766
PAY	2021	12	1	12	0	4.2	118	948.3	6.3	74.1	5.9	219	333.0981855
PAY	2021	12	1	13	0	4.8	120	947.3	6.1	79.9	6.3	209	393.1448158
PAY	2021	12	1	14	0	4.5	28	946.9	5.2	90.3	5.9	216	129.0832506
PAY	2021	12	1	15	0	4.7	10	946.5	5.8	86.1	6.5	219	104.9162957
PAY	2021	12	1	16	0	4.9	1	946.9	5.7	88.8	6.1	224	0
PAY	2021	12	1	17	0	4.8	0	947.2	5.6	87.2	6.3	217	0
PAY	2021	12	1	18	0	4.7	0	947.3	5.7	87.1	6.3	214	0
PAY	2021	12	1	19	0	4.8	0	947.6	5.8	85	5	215	0
PAY	2021	12	1	20	0	4.7	0	947.8	5.9	84.5	4.4	217	0
PAY	2021	12	1	21	0	4.5	0	947.5	4.9	88.3	3.6	223	0
PAY	2021	12	1	22	0	4	0	947.2	4.8	87.3	3.1	220	0
PAY	2021	12	1	23	0	4.1	0	947	5.1	85.4	4.9	218	0
PAY	2021	12	2	0	0	4	0	946.7	5.3	81.3	4	209	0
PAY	2021	12	2	1	0	3.8	0	946.7	5	83.3	3.5	216	0
PAY	2021	12	2	2	0	3.5	0	946.7	4.4	85.9	2.7	208	0
PAY	2021	12	2	3	0	3.5	0	946.3	4.6	83.6	2.2	208	0
PAY	2021	12	2	4	0	3.4	0	946.4	4.4	83.7	2.1	223	0
PAY	2021	12	2	5	0	3	0	946.2	3.3	92.1	3	209	0
PAY	2021	12	2	6	0	2.6	0	946	2.8	91.1	2.8	208	0
PAY	2021	12	2	7	0	2.3	0	945.9	2.7	92.3	2.5	208	0
PAY	2021	12	2	8	0	2.3	18	946.2	3.3	88.3	2.8	219	137.2761283
PAY	2021	12	2	9	0	3	37	946.5	4	89.4	2.7	231	151.7828157
PAY	2021	12	2	10	0	3.4	77	946.5	4.4	86.2	3	211	239.7324083
PAY	2021	12	2	11	0	3.2	161	945.9	4.3	84.7	3.7	209	449.5785723
PAY	2021	12	2	12	0	3.6	172	945.3	4.8	82.2	3.6	216	488.6113561
PAY	2021	12	2	13	0	3.3	81	945.2	2.1	88.8	3.6	235	267.0446285
PAY	2021	12	2	14	0	0.8	15	946	1.6	83.2	2.6	349	69.65876198
PAY	2021	12	2	15	0	0.6	26	947.4	1.8	74.7	3.2	10	276.4312861
PAY	2021	12	2	16	0	-0.2	8	949	1.8	63.1	2.5	350	0
PAY	2021	12	2	17	0	-0.7	0	950.4	1.6	59.9	2.8	358	0
PAY	2021	12	2	18	0	-1	0	951.3	1.1	61.5	2.1	24	0
PAY	2021	12	2	19	0	-1.2	0	952.1	0.6	70.8	1.3	79	0
PAY	2021	12	2	20	0	-1.4	0	952.8	-1.2	86.1	1.1	239	0
PAY	2021	12	2	21	0	-1.5	0	953.7	-0.3	82.7	1.1	204	0
PAY	2021	12	2	22	0	-1.1	0	954.1	-0.4	86.2	1.4	203	0
PAY	2021	12	2	23	0	-1.1	0	954.5	-0.5	87.9	1.9	199	0
PAY	2021	12	3	0	0	-1.1	0	954.7	-0.3	83.7	1.9	198	0
PAY	2021	12	3	1	0	-1.2	0	955.3	-0.5	87.1	1.8	196	0
PAY	2021	12	3	2	0	-1.3	0	956.2	-0.9	90.9	1.1	202	0
PAY	2021	12	3	3	0	-2	0	956.4	-1.5	89.3	1.6	203	0
PAY	2021	12	3	4	0	-2.3	0	956.3	-1.6	85.7	2	198	0
PAY	2021	12	3	5	0	-3	0	956.9	-3	89.7	1.1	180	0
PAY	2021	12	3	6	0	-3.4	0	957.8	-2.8	88.5	0.9	201	0
PAY	2021	12	3	7	0	-3.8	0	958.2	-3.5	89.3	1.4	197	0
PAY	2021	12	3	8	0	-3.7	34	958.6	-3	85.6	1.7	198	265.2239553
PAY	2021	12	3	9	0	-2.9	170	959.3	-1.1	74.2	1.5	180	705.5773327
PAY	2021	12	3	10	0	-2.1	272	959.5	-0.2	70.3	1.8	197	853.9068797
PAY	2021	12	3	11	0	-1.1	358	959.2	1.2	66.7	1.6	203	1000
PAY	2021	12	3	12	0	-0.5	376	958.9	2.3	58	2.3	198	1000
PAY	2021	12	3	13	0	-0.2	249	958.3	2.2	61.8	2.9	208	825.7920731
PAY	2021	12	3	14	0	-0.4	180	958.1	1.8	62.3	3.2	217	841.5994076
PAY	2021	12	3	15	0	-0.2	93	958.2	1.6	68	3.2	211	1000
PAY	2021	12	3	16	0	-0.6	12	957.9	0.6	74.7	2.8	219	0
PAY	2021	12	3	17	0	-0.9	0	957.7	0.3	78	2.5	220	0
PAY	2021	12	3	18	0	-0.8	0	957.2	0.5	78.8	2.9	224	0
PAY	2021	12	3	19	0	-0.7	0	956.4	0.9	73.5	3.3	225	0
PAY	2021	12	3	20	0	-0.5	0	955.7	1.2	73	3.1	217	0
PAY	2021	12	3	21	0	-0.3	0	954.6	1.4	71.8	3.1	217	0
PAY	2021	12	3	22	0	-0.2	0	954.3	1.3	76.6	3.8	225	0
PAY	2021	12	3	23	0	-0.2	0	953.9	0.7	85.2	4.4	224	0
PAY	2021	12	4	0	0	0.1	0	952.9	0.8	89.9	4.3	226	0
PAY	2021	12	4	1	0	0.2	0	952.1	1	89.2	4.7	228	0
PAY	2021	12	4	2	0	0.5	0	951.5	1.3	89.2	5	229	0
PAY	2021	12	4	3	0	1.1	0	950.8	1.8	90.3	4.3	235	0
PAY	2021	12	4	4	0	1.5	0	949.7	2.1	91.9	5	229	0
PAY	2021	12	4	5	0	2	0	949	2.7	90.9	6.2	222	0
PAY	2021	12	4	6	0	2.5	0	948.8	3.7	89	6.8	224	0
PAY	2021	12	4	7	0	3.2	0	948.6	3.9	90.1	7.2	219	0
PAY	2021	12	4	8	0	3.5	4	948.3	4.3	91.2	6.5	222	31.91136885
PAY	2021	12	4	9	0	4.1	18	947.4	5.2	88.1	4.6	231	75.56743216
PAY	2021	12	4	10	0	4.7	52	947	5.6	90.7	3.3	233	164.5664025
PAY	2021	12	4	11	0	4.9	41	946.3	5.6	91.7	4.7	221	116.0160975
PAY	2021	12	4	12	0	5.2	18	946.3	5.8	92.7	4.9	223	51.73901153
PAY	2021	12	4	13	0	5.6	26	945.8	6.5	88.6	5.4	220	86.70780746
PAY	2021	12	4	14	0	5.5	36	945.6	6.8	84.6	6.6	212	169.3768334
PAY	2021	12	4	15	0	5.6	41	945.8	7.2	82.3	6.2	209	446.114405
PAY	2021	12	4	16	0	5.9	19	946.6	6.9	84.9	6.2	220	0
PAY	2021	12	4	17	0	5.3	0	946.4	6.4	77.4	4.7	230	0
PAY	2021	12	4	18	0	5.1	0	946.6	6.8	80.6	4.6	215	0
PAY	2021	12	4	19	0	4.3	0	948.2	4.1	83.7	5.7	243	0
PAY	2021	12	4	20	0	3.1	0	949.3	3.9	88.3	3.3	211	0
PAY	2021	12	4	21	0	2.7	0	950.5	4.2	68.3	4	238	0
PAY	2021	12	4	22	0	1.8	0	951.1	3.2	76.2	3.6	240	0
PAY	2021	12	4	23	0	1.3	0	951.2	2.3	79	3.4	216	0
PAY	2021	12	5	0	0	0.9	0	950.3	1.9	82.8	3.2	214	0
PAY	2021	12	5	1	0	0.7	0	950.2	1.9	83	3.3	194	0
PAY	2021	12	5	2	0	0.9	0	949.7	1.9	85.3	3.2	207	0
PAY	2021	12	5	3	0	1.1	0	948.9	2.1	84.6	3.1	211	0
PAY	2021	12	5	4	0	1.2	0	948.5	2	85.2	2.7	209	0
PAY	2021	12	5	5	0	0.8	0	948	1.3	89.6	3.3	203	0
PAY	2021	12	5	6	0	0.8	0	947.9	1.4	89.8	3.4	204	0
PAY	2021	12	5	7	0	0.5	0	948	1.5	85.6	2.7	211	0
PAY	2021	12	5	8	0	0.8	31	948.1	1.4	88.4	2.3	225	252.8845718
PAY	2021	12	5	9	0	1.1	72	948	2	86.7	1.5	231	305.6642468
PAY	2021	12	5	10	0	1.7	176	948	3.1	81.8	1.8	216	561.3477515
PAY	2021	12	5	11	0	1.7	98	948	2	89.9	3.4	211	279.0367848
PAY	2021	12	5	12	0	1.3	95	947.5	2.7	89.7	1.7	213	274.5536762
PAY	2021	12	5	13	0	1.8	164	947.4	2	91.2	4.7	212	549.767814
PAY	2021	12	5	14	0	2.1	196	947.3	3.2	82.7	3.9	205	927.4513636
PAY	2021	12	5	15	0	2	123	947.7	3.3	78.5	4.2	209	1000
PAY	2021	12	5	16	0	1.3	8	948.2	1.8	85.2	2.9	207	0
PAY	2021	12	5	17	0	0.7	0	948.4	1.4	86.8	1.8	204	0
PAY	2021	12	5	18	0	0.6	0	948.5	1.4	87.3	1.8	201	0
PAY	2021	12	5	19	0	0.9	0	948.9	1.6	88.6	1.5	217	0
PAY	2021	12	5	20	0	0.7	0	949.3	0.6	95.5	0.9	234	0
PAY	2021	12	5	21	0	0.3	0	949.8	0.5	96	0.8	203	0
PAY	2021	12	5	22	0	0.1	0	950.1	0.1	98.4	0.6	211	0
PAY	2021	12	5	23	0	0.3	0	950.8	0.9	93	1	193	0
PAY	2021	12	6	0	0	0.3	0	951.2	0.3	95.6	1.1	209	0
PAY	2021	12	6	1	0	-0.1	0	951.6	-0.1	98.6	0.7	37	0
PAY	2021	12	6	2	0	-0.3	0	952.4	-0.5	98.1	0.3	153	0
PAY	2021	12	6	3	0	-0.5	0	953.1	-0.2	97.2	0.4	162	0
PAY	2021	12	6	4	0	-0.3	0	953.5	-0.4	99.2	0.6	207	0
PAY	2021	12	6	5	0	-0.3	0	954.2	-0.1	97.7	0.5	180	0
PAY	2021	12	6	6	0	-0.2	0	955.1	0	96.2	1	216	0
PAY	2021	12	6	7	0	-0.1	0	955.9	0.2	94.1	1.4	193	0
PAY	2021	12	6	8	0	-0.2	15	956.7	0.2	94.7	1.2	207	125.0929403
PAY	2021	12	6	9	0	0.1	59	957.4	0.6	93.2	0.9	234	253.2149788
PAY	2021	12	6	10	0	0.5	89	958	1	92.6	0.4	162	286.0030742
PAY	2021	12	6	11	0	0.9	90	958.1	1.9	85.7	0.5	180	257.7838725
PAY	2021	12	6	12	0	1.4	117	958.2	2.5	83.3	1.2	211	339.8687093
PAY	2021	12	6	13	0	1.3	184	957.9	3.2	61.9	0.8	153	619.7797064
PAY	2021	12	6	14	0	1.5	153	957.8	3.4	70	1.5	252	727.7299548
PAY	2021	12	6	15	0	1.3	73	958.2	2.7	78.4	1.7	218	808.9523528
PAY	2021	12	6	16	0	0.9	14	957.7	1.6	80.3	2.2	193	0
PAY	2021	12	6	17	0	-0.1	0	957.4	0.7	85.2	1.7	208	0
PAY	2021	12	6	18	0	-0.1	0	956.7	0.6	86.1	1.9	205	0
PAY	2021	12	6	19	0	-0.3	0	957.4	0.4	87.8	1.4	219	0
PAY	2021	12	6	20	0	0.2	0	956.7	1.4	79.5	2.7	217	0
PAY	2021	12	6	21	0	0.2	0	956.5	1.5	80	2.5	217	0
PAY	2021	12	6	22	0	0.2	0	956.2	1.8	76.6	2.1	229	0
PAY	2021	12	6	23	0	0.4	0	956.3	1.8	78.9	3.8	213	0
PAY	2021	12	7	0	0	0.6	0	956.3	1.7	83.6	4.3	212	0
PAY	2021	12	7	1	0	0.5	0	957.3	0.7	91	3	234	0
PAY	2021	12	7	2	0	0.3	0	957.5	0.7	92.5	2.6	220	0
PAY	2021	12	7	3	0	0.4	0	958.2	1.5	84.7	3.1	212	0
PAY	2021	12	7	4	0	0.6	0	958.3	1.3	87.1	4.3	218	0
PAY	2021	12	7	5	0	0.6	0	958.6	1.5	86.5	4.5	225	0
PAY	2021	12	7	6	0	0.8	0	958.6	1.4	89.2	3.4	226	0
PAY	2021	12	7	7	0	0.7	0	959.1	1.5	86.4	2.8	219	0
PAY	2021	12	7	8	0	0.8	14	959.1	1.8	86.1	2.4	204	119.3265785
PAY	2021	12	7	9	0	1.4	83	959.1	2.4	87.2	2.6	227	360.0042019
PAY	2021	12	7	10	0	2.1	224	958.8	4	80.3	3	222	725.0444381
PAY	2021	12	7	11	0	2.8	270	957.5	4.8	79.3	3.2	216	777.7278089
PAY	2021	12	7	12	0	3.4	359	956	5	73.8	3	216	1000
PAY	2021	12	7	13	0	3.4	321	954.6	5.7	69.7	2	221	1000
PAY	2021	12	7	14	0	3.4	191	953.7	4.8	73.7	2.1	204	912.6657369
PAY	2021	12	7	15	0	2.9	101	952.7	4.3	75.6	1.2	218	1000
PAY	2021	12	7	16	0	2.4	11	951.8	3.4	80.8	0.8	189	0
PAY	2021	12	7	17	0	2	0	951.3	3	83.1	0.8	207	0
PAY	2021	12	7	18	0	1.8	0	950.3	2.6	86.4	1.5	196	0
PAY	2021	12	7	19	0	1.6	0	949.3	2.2	87.8	0.7	211	0
PAY	2021	12	7	20	0	1.3	0	948.3	2.4	85.2	0.6	76	0
PAY	2021	12	7	21	0	1.1	0	947.5	1.5	92.4	0.7	82	0
PAY	2021	12	7	22	0	1.5	0	947.3	2.9	86.1	0.7	207	0
PAY	2021	12	7	23	0	2.5	0	946.9	3.6	86.3	2.5	213	0
PAY	2021	12	8	0	0	3	0	946.5	3.7	91.3	2.6	219	0
PAY	2021	12	8	1	0	3.1	0	945.8	3.6	90.1	3.5	219	0
PAY	2021	12	8	2	0	3	0	945.6	3.6	91.1	2.6	222	0
PAY	2021	12	8	3	0	3.1	0	945.3	3.6	93	2.5	217	0
PAY	2021	12	8	4	0	3.2	0	944.5	3.7	91.9	2.5	223	0
PAY	2021	12	8	5	0	3.1	0	944.4	3.5	91.7	2.3	223	0
PAY	2021	12	8	6	0	2.7	0	944.6	3	91.2	3.9	213	0
PAY	2021	12	8	7	0	2.1	0	944.4	2.7	88.9	4.5	192	0
PAY	2021	12	8	8	0	2	0	945.1	2.2	95.1	2.6	204	0
PAY	2021	12	8	9	0	2.1	11	944.7	2.8	88	2.6	180	48.20284869
PAY	2021	12	8	10	0	1.9	17	944.9	2.4	88.4	2.7	178	55.40777458
PAY	2021	12	8	11	0	1.7	32	944.5	2.3	89.1	1.8	184	92.66874584
PAY	2021	12	8	12	0	1.3	24	944.5	1.2	95	1.3	214	70.36502819
PAY	2021	12	8	13	0	1.1	48	944.2	1.3	95.1	1.6	207	163.0480904
PAY	2021	12	8	14	0	1.2	39	944.1	1.7	93.6	1.6	198	187.1088936
PAY	2021	12	8	15	0	1.3	16	944.2	1.6	93.6	1.1	186	179.6506474
PAY	2021	12	8	16	0	1.4	1	944.5	1.7	94.8	1.1	190	0
PAY	2021	12	8	17	0	1.3	0	944.8	1.6	94.4	0.8	203	0
PAY	2021	12	8	18	0	1.1	0	945.3	1.3	95.6	0.8	203	0
PAY	2021	12	8	19	0	0.7	0	945.7	0.5	96.1	0.9	204	0
PAY	2021	12	8	20	0	0.2	0	945.9	0.6	95.3	0.8	203	0
PAY	2021	12	8	21	0	0.3	0	946.4	0.2	97.7	0.9	207	0
PAY	2021	12	8	22	0	0.4	0	946.4	0.8	95.7	1.1	186	0
PAY	2021	12	8	23	0	0.8	0	947	1.5	92.2	2	198	0
PAY	2021	12	9	0	0	1.1	0	947.4	1.6	92.6	3	197	0
PAY	2021	12	9	1	0	1.2	0	947.8	1.9	90.9	2.2	204	0
PAY	2021	12	9	2	0	1.3	0	948.1	1.7	91.3	2.1	197	0
PAY	2021	12	9	3	0	1.2	0	948.7	1.7	89.3	1.8	204	0
PAY	2021	12	9	4	0	0.8	0	949.3	1.4	91.6	2	201	0
PAY	2021	12	9	5	0	0.9	0	950	1.4	90.3	1.9	198	0
PAY	2021	12	9	6	0	0.7	0	950.4	1.2	89.3	2.5	189	0
PAY	2021	12	9	7	0	0.6	0	951	1.3	87.2	1.2	218	0
PAY	2021	12	9	8	0	0.7	8	951.7	1.6	86.1	1.6	208	71.15635666
PAY	2021	12	9	9	0	1	61	952.1	1.8	86.9	2.3	211	269.9668775
PAY	2021	12	9	10	0	1.5	149	952.5	3.1	81.7	2.2	210	488.8519646
PAY	2021	12	9	11	0	1.8	144	952.4	3.2	79.8	2.4	220	419.1121511
PAY	2021	12	9	12	0	2.1	164	952.4	3.3	78.6	2.7	220	482.8159346
PAY	2021	12	9	13	0	2.3	255	952	3.9	76.8	3.1	212	869.3194147
PAY	2021	12	9	14	0	2.4	224	951.9	3.8	76.4	3.1	207	1000
PAY	2021	12	9	15	0	2.1	128	951.9	3.4	78.3	3.5	204	1000
PAY	2021	12	9	16	0	1.3	26	952.2	2.1	81.3	2.3	209	0
PAY	2021	12	9	17	0	0.7	0	952.6	1.4	84.4	1.9	209	0
PAY	2021	12	9	18	0	0.3	0	952.5	1.2	83.3	2.1	199	0
PAY	2021	12	9	19	0	0	0	952	0.9	79.2	2.7	189	0
PAY	2021	12	9	20	0	-0.2	0	951.9	0.9	87.4	2.6	204	0
PAY	2021	12	9	21	0	-0.3	0	951.4	0.5	86.7	2.2	198	0
PAY	2021	12	9	22	0	-1	0	950.4	-1.5	96.4	0.9	207	0
PAY	2021	12	9	23	0	-1.7	0	949.1	-1.2	95.4	0.4	180	0
PAY	2021	12	10	0	0	-2.1	0	947.5	-2	96	0.7	171	0
PAY	2021	12	10	1	0	-2.2	0	946.1	-1.5	90.5	1.6	196	0
PAY	2021	12	10	2	0	-2.3	0	944.1	-2.4	91.7	1.2	193	0
PAY	2021	12	10	3	0	-2.2	0	943.6	-1.9	90.4	1.4	197	0
PAY	2021	12	10	4	0	-2.1	0	942.5	-1.3	84.7	1.5	212	0
PAY	2021	12	10	5	0	-1.7	0	940.6	-0.7	83	1.7	212	0
PAY	2021	12	10	6	0	-1.4	0	940	0	81.8	1	229	0
PAY	2021	12	10	7	0	-1	0	939.7	-0.8	95.8	2.6	219	0
PAY	2021	12	10	8	0	-1	1	939.8	-0.9	98.9	1.1	221	9.080887461
PAY	2021	12	10	9	0	-0.2	26	939.6	0.5	91.9	2.6	222	116.1706669
PAY	2021	12	10	10	0	0.2	47	939.8	0.7	93.7	4.3	227	155.1734608
PAY	2021	12	10	11	0	0.7	84	939.8	1.7	88.3	5.9	218	245.6365037
PAY	2021	12	10	12	0	1.3	133	940	2.3	86.3	7.1	219	393.035857
PAY	2021	12	10	13	0	1.4	81	940.7	2.2	88.2	6.8	221	277.0193727
PAY	2021	12	10	14	0	1.2	30	941.7	1.5	92.1	6.1	213	144.842654
PAY	2021	12	10	15	0	1.2	19	942.9	1.9	91.9	5.2	215	215.0095814
PAY	2021	12	10	16	0	1.3	3	943.9	2.3	85.6	4.9	206	0
PAY	2021	12	10	17	0	1.4	0	945.1	2.1	88.2	4.1	212	0
PAY	2021	12	10	18	0	1.2	0	946.2	2.2	84.5	3.9	215	0
PAY	2021	12	10	19	0	1.1	0	947.4	1.7	88.1	3.1	214	0
PAY	2021	12	10	20	0	0.8	0	948.3	1.5	90	2.4	211	0
PAY	2021	12	10	21	0	0.6	0	949.5	1.2	90.6	4	202	0
PAY	2021	12	10	22	0	0.7	0	950.6	1.3	90.1	3.1	214	0
PAY	2021	12	10	23	0	0.5	0	951.4	1.4	84.1	2.9	210	0
PAY	2021	12	11	0	0	0.4	0	951.8	1.3	84.3	4.4	203	0
PAY	2021	12	11	1	0	0.3	0	952.5	1.3	85.4	4.2	211	0
PAY	2021	12	11	2	0	0.5	0	953.3	1.4	86.6	3.5	217	0
PAY	2021	12	11	3	0	0.6	0	954	1.5	84.9	3.7	214	0
PAY	2021	12	11	4	0	0.7	0	954.5	1.6	84.7	4	215	0
PAY	2021	12	11	5	0	0.7	0	955.1	1.7	85.1	4.2	213	0
PAY	2021	12	11	6	0	0.7	0	955.9	1.8	82	3.8	216	0
PAY	2021	12	11	7	0	0.8	0	956.9	1.6	87	3.6	215	0
PAY	2021	12	11	8	0	0.8	9	957.9	1.4	90.1	3.3	214	83.40221309
PAY	2021	12	11	9	0	0.9	51	959	1.6	88.6	2.9	224	229.969164
PAY	2021	12	11	10	0	1	96	960.1	2	86.1	3	221	318.8407046
PAY	2021	12	11	11	0	1.1	88	960.6	2	85.2	2.9	222	258.4640733
PAY	2021	12	11	12	0	1.2	78	961.1	2.1	85.5	2.6	215	231.2948196
PAY	2021	12	11	13	0	1.3	98	961.4	2.3	84.9	2.2	211	336.0903291
PAY	2021	12	11	14	0	1.4	73	962.3	2.1	85.7	1.9	221	353.253815
PAY	2021	12	11	15	0	1.3	40	963	2.2	84.1	2.3	210	453.501477
PAY	2021	12	11	16	0	1.1	11	963.8	1.8	86.4	1.8	211	0
PAY	2021	12	11	17	0	1	0	964.5	1.7	87.8	1.7	205	0
PAY	2021	12	11	18	0	0.7	0	965.2	1	90.4	1.3	194	0
PAY	2021	12	11	19	0	0.5	0	965.7	0.9	91.2	1	212	0
PAY	2021	12	11	20	0	0.1	0	966.3	0.8	92	1	201	0
PAY	2021	12	11	21	0	-0.6	0	966.6	-0.8	95.4	1.2	207	0
PAY	2021	12	11	22	0	-1.4	0	966.8	-1.1	94.8	1.6	202	0
PAY	2021	12	11	23	0	-2.1	0	967.5	-1.8	94.1	1.6	197	0
PAY	2021	12	12	0	0	-2.6	0	967.5	-2.4	93.2	1.7	205	0
PAY	2021	12	12	1	0	-2.6	0	967.9	-1.9	93.3	0.8	196	0
PAY	2021	12	12	2	0	-2	0	968.7	-1.5	93.8	0.8	219	0
PAY	2021	12	12	3	0	-1.9	0	968.9	-1.6	96.5	0.6	207	0
PAY	2021	12	12	4	0	-1.6	0	969.2	-1.3	97	0.4	315	0
PAY	2021	12	12	5	0	-1.5	0	969.6	-1.1	94.5	0.7	225	0
PAY	2021	12	12	6	0	-1.5	0	969.9	-1.1	93.9	1	214	0
PAY	2021	12	12	7	0	-1.6	0	970.4	-1.1	92.9	0.6	207	0
PAY	2021	12	12	8	0	-1.5	4	971.1	-1.4	90.8	0.8	225	37.80779286
PAY	2021	12	12	9	0	-1.5	29	971.4	-1.1	93.6	1	180	131.9166747
PAY	2021	12	12	10	0	-1.1	72	971.7	-0.7	92.6	0.6	248	240.4738766
PAY	2021	12	12	11	0	-1.1	67	971.4	-0.7	92.6	0.6	270	197.5836912
PAY	2021	12	12	12	0	-0.6	168	971	0.2	91.6	0.6	217	499.7087172
PAY	2021	12	12	13	0	-0.5	144	970.7	0.1	88.8	0.5	297	495.0102273
PAY	2021	12	12	14	0	-0.2	138	970.7	0.4	89	0.4	326	668.9188955
PAY	2021	12	12	15	0	0.1	86	970.6	0.9	87.1	0.4	27	975.5280365
PAY	2021	12	12	16	0	-0.2	18	971	-0.3	93.2	0.2	45	0
PAY	2021	12	12	17	0	-1.2	0	970.9	-1.3	97.2	0.4	76	0
PAY	2021	12	12	18	0	-1.6	0	970.9	-1.3	94.7	0.4	104	0
PAY	2021	12	12	19	0	-1.9	0	970.8	-2.1	97.2	0.9	201	0
PAY	2021	12	12	20	0	-1.7	0	970.9	-1	91.6	1.5	200	0
PAY	2021	12	12	21	0	-1.4	0	971	-1.1	94.9	1.9	183	0
PAY	2021	12	12	22	0	-1.7	0	970.8	-1.7	96.8	1.5	188	0
PAY	2021	12	12	23	0	-1.8	0	971	-1.7	98.3	1.6	187	0
PAY	2021	12	13	0	0	-1.9	0	970.8	-1.8	96.5	2.3	195	0
PAY	2021	12	13	1	0	-2.4	0	970.8	-2.7	96.6	2.1	197	0
PAY	2021	12	13	2	0	-3	0	971	-2.4	92.5	1.2	209	0
PAY	2021	12	13	3	0	-2.1	0	970.8	-1.5	97.4	1.8	187	0
PAY	2021	12	13	4	0	-2.6	0	970.4	-2.2	93.3	1.5	208	0
PAY	2021	12	13	5	0	-2.3	0	970.5	-1.9	94.6	2.1	194	0
PAY	2021	12	13	6	0	-2.2	0	970.7	-2	94.8	1.7	195	0
PAY	2021	12	13	7	0	-2.6	0	970.9	-2.2	92.9	1	209	0
PAY	2021	12	13	8	0	-2.9	6	971.2	-2.4	92.7	1.4	212	57.81162216
PAY	2021	12	13	9	0	-2.6	36	971.4	-2.3	94.1	1.2	204	165.1295586
PAY	2021	12	13	10	0	-1.9	69	971.6	-1.5	98	0.5	207	231.6664008
PAY	2021	12	13	11	0	-0.9	103	971	-0.6	98.9	0.9	180	304.8767309
PAY	2021	12	13	12	0	-0.7	119	970.5	-0.5	98.5	0.7	189	354.9231797
PAY	2021	12	13	13	0	-0.8	99	970.2	-0.9	98.9	0.6	256	340.9760747
PAY	2021	12	13	14	0	-0.7	78	970.1	-0.2	94.9	0.7	189	378.4947505
PAY	2021	12	13	15	0	-0.9	41	970.4	-0.8	98.9	0.7	180	464.6830965
PAY	2021	12	13	16	0	-0.9	5	970.6	-0.8	98.8	0.4	124	0
PAY	2021	12	13	17	0	-1	0	970.7	-1.1	100	0.6	180	0
PAY	2021	12	13	18	0	-1.3	0	971.2	-1.2	98.7	0.6	236	0
PAY	2021	12	13	19	0	-1.7	0	971.4	-2	100	1	180	0
PAY	2021	12	13	20	0	-2	0	971.6	-2.1	100	0.8	172	0
PAY	2021	12	13	21	0	-2	0	971.4	-2	100	0.7	198	0
PAY	2021	12	13	22	0	-2.2	0	971.4	-2.2	97.6	1.4	215	0
PAY	2021	12	13	23	0	-2.6	0	971.3	-2.7	100	1.2	197	0
PAY	2021	12	14	0	0	-2.8	0	971.2	-2.6	95.9	1	207	0
PAY	2021	12	14	1	0	-2.8	0	971.3	-3	97.9	1.2	189	0
PAY	2021	12	14	2	0	-3.3	0	971.4	-3	90.9	1.2	200	0
PAY	2021	12	14	3	0	-3.9	0	971.4	-3.1	91.4	0.9	201	0
PAY	2021	12	14	4	0	-3.2	0	971.4	-3	100	0.7	194	0
PAY	2021	12	14	5	0	-3.1	0	971.4	-3.1	99.3	0.6	233	0
PAY	2021	12	14	6	0	-3	0	971.6	-3	97.1	0.8	225	0
PAY	2021	12	14	7	0	-2.6	0	971.7	-2.7	99	1.3	207	0
PAY	2021	12	14	8	0	-2.3	5	971.8	-2.1	98.1	1.3	200	49.08051928
PAY	2021	12	14	9	0	-2	44	972.1	-2	96.5	1.5	201	203.4260606
PAY	2021	12	14	10	0	-1.8	161	972.2	-1.6	96.3	1.2	197	543.2003301
PAY	2021	12	14	11	0	-1.9	137	971.8	-1.3	97.8	1.3	212	406.8812698
PAY	2021	12	14	12	0	-1.1	131	971.2	-0.9	100	0.5	135	391.6336364
PAY	2021	12	14	13	0	-0.9	119	970.9	-1.1	100	0.5	243	410.4750016
PAY	2021	12	14	14	0	-0.7	79	970.7	-0.8	100	0.6	315	383.5334482
PAY	2021	12	14	15	0	-0.6	44	971.2	-0.7	100	0.6	342	497.5884029
PAY	2021	12	14	16	0	-0.8	6	971.4	-0.9	100	0.5	72	0
PAY	2021	12	14	17	0	-1	0	971.6	-0.8	98.8	0.4	90	0
PAY	2021	12	14	18	0	-1.1	0	971.9	-1	98.4	0.6	225	0
PAY	2021	12	14	19	0	-1.6	0	972.1	-1.8	99	0.9	234	0
PAY	2021	12	14	20	0	-1.9	0	972.1	-2	99.9	0.6	219	0
PAY	2021	12	14	21	0	-2.2	0	972.1	-2.2	99.5	0.7	196	0
PAY	2021	12	14	22	0	-2.4	0	972.1	-2.2	97.2	1	198	0
PAY	2021	12	14	23	0	-2.5	0	972.2	-2.4	96.7	1.4	196	0
PAY	2021	12	15	0	0	-2.8	0	971.9	-2.8	98.4	1.2	200	0
PAY	2021	12	15	1	0	-2.7	0	971.9	-2.7	99.5	0.8	196	0
PAY	2021	12	15	2	0	-2.5	0	972.3	-2.1	92.8	1.1	190	0
PAY	2021	12	15	3	0	-2.2	0	972.3	-2	98.1	1.4	205	0
PAY	2021	12	15	4	0	-1.9	0	972.1	-1.8	96.8	1.4	210	0
PAY	2021	12	15	5	0	-1.8	0	972.2	-1.6	100	0.6	211	0
PAY	2021	12	15	6	0	-1.7	0	972.3	-1.7	100	0.5	63	0
PAY	2021	12	15	7	0	-1.8	0	972.8	-1.8	99	0.8	56	0
PAY	2021	12	15	8	0	-2.1	5	973.1	-2.1	100	0.8	63	49.96812416
PAY	2021	12	15	9	0	-2.1	35	973.5	-2.1	100	0.6	108	163.0261907
PAY	2021	12	15	10	0	-2	60	973.4	-1.9	100	0.9	40	203.3496481
PAY	2021	12	15	11	0	-1.8	67	972.8	-1.7	100	1.2	68	199.585457
PAY	2021	12	15	12	0	-1.4	105	972.5	-1	99.1	0.8	16	314.5279036
PAY	2021	12	15	13	0	-1.4	59	972.6	-1.4	100	1.3	351	203.7304147
PAY	2021	12	15	14	0	-1.3	39	972.5	-1.1	97.7	1.1	24	189.3179493
PAY	2021	12	15	15	0	-1.1	23	972.8	-0.9	99.1	1.3	59	259.1845785
PAY	2021	12	15	16	0	-0.9	1	973.1	-0.8	99	1.3	81	0
PAY	2021	12	15	17	0	-0.6	0	973.5	-0.2	96.6	1	49	0
PAY	2021	12	15	18	0	-0.5	0	973.7	-0.5	98.1	1.1	61	0
PAY	2021	12	15	19	0	-0.4	0	973.9	-0.3	98.3	0.6	51	0
PAY	2021	12	15	20	0	-0.4	0	974.3	-0.3	98.7	0.7	82	0
PAY	2021	12	15	21	0	-0.4	0	974.9	-0.2	96.9	0.4	72	0
PAY	2021	12	15	22	0	-0.4	0	975.1	-0.2	97.9	0.5	45	0
PAY	2021	12	15	23	0	-0.2	0	975.5	0	97.5	0.6	76	0
PAY	2021	12	16	0	0	-0.2	0	975.6	0	96.8	0.3	243	0
PAY	2021	12	16	1	0	-0.2	0	975.6	0	97	0.5	248	0
PAY	2021	12	16	2	0	-0.2	0	975.7	0.1	96.9	0.3	225	0
PAY	2021	12	16	3	0	0	0	975.4	0.3	96.1	0.5	207	0
PAY	2021	12	16	4	0	0	0	975.3	0	99	0.2	225	0
PAY	2021	12	16	5	0	0	0	975.6	0.1	95.8	0.4	76	0
PAY	2021	12	16	6	0	-0.1	0	975.9	0.2	94.2	0.8	83	0
PAY	2021	12	16	7	0	-0.1	0	976.2	0.2	95.2	1.5	78	0
PAY	2021	12	16	8	0	0	3	976.5	0.4	93.5	1.9	74	30.50089318
PAY	2021	12	16	9	0	0.1	16	976.8	0.3	96.4	2.7	70	75.04844417
PAY	2021	12	16	10	0	0.3	29	977.1	0.8	92.3	2.7	69	98.69212027
PAY	2021	12	16	11	0	0.3	39	976.8	0.7	93.5	2.2	68	116.4850918
PAY	2021	12	16	12	0	0.5	48	976.7	1.2	90.7	2.3	67	144.0160369
PAY	2021	12	16	13	0	0.7	41	976.5	1.2	92.3	3.4	54	141.6655631
PAY	2021	12	16	14	0	0.9	24	976.3	1.3	92.2	4	55	116.4207294
PAY	2021	12	16	15	0	0.9	10	976.5	1.5	90.7	3.9	55	112.1432568
PAY	2021	12	16	16	0	0.9	1	976.7	1.7	87.3	4.4	52	0
PAY	2021	12	16	17	0	1	0	976.7	1.9	85.4	4	50	0
PAY	2021	12	16	18	0	1	0	976.4	1.9	85.1	4	52	0
PAY	2021	12	16	19	0	1	0	976.7	1.8	85	3.3	55	0
PAY	2021	12	16	20	0	1	0	976.4	2	83.4	3.7	52	0
PAY	2021	12	16	21	0	1	0	976.3	2	84.6	3.4	52	0
PAY	2021	12	16	22	0	1	0	975.7	2	83.5	4	50	0
PAY	2021	12	16	23	0	1	0	975.5	1.7	86.7	3.7	54	0
PAY	2021	12	17	0	0	1	0	975.3	1.9	83.7	2.8	51	0
PAY	2021	12	17	1	0	0.9	0	975.4	1.9	84.4	3.5	52	0
PAY	2021	12	17	2	0	1	0	975.6	1.9	85	3.7	53	0
PAY	2021	12	17	3	0	1	0	975.7	2	84.3	3	59	0
PAY	2021	12	17	4	0	1	0	976	1.9	84.8	1.8	47	0
PAY	2021	12	17	5	0	1	0	976.2	1.7	86.2	2	54	0
PAY	2021	12	17	6	0	0.9	0	976.8	1.7	83.6	1.1	68	0
PAY	2021	12	17	7	0	0.5	0	977.3	1.5	81.9	1.3	104	0
PAY	2021	12	17	8	0	0.4	2	977.7	1.5	82.3	0.5	45	20.67042766
PAY	2021	12	17	9	0	0.5	27	978.1	1.7	80.9	0.5	90	127.4700618
PAY	2021	12	17	10	0	0.7	54	978.3	1.9	84.3	1.1	84	184.4597093
PAY	2021	12	17	11	0	0.7	87	977.9	2	80.9	0.8	97	260.447013
PAY	2021	12	17	12	0	0.9	90	977.7	2	82.5	1.3	90	270.3642839
PAY	2021	12	17	13	0	0.7	69	977.5	1.9	81.6	1.5	90	238.4615307
PAY	2021	12	17	14	0	0.8	50	977.1	2	82.2	1.6	86	242.2273342
PAY	2021	12	17	15	0	0.9	26	977.2	2	83.6	1.3	66	289.7862535
PAY	2021	12	17	16	0	1	3	977.2	1.9	83.6	1.8	69	0
PAY	2021	12	17	17	0	0.8	0	977	1.7	84.3	2.1	84	0
PAY	2021	12	17	18	0	0.8	0	977.2	1.6	85.9	1.8	74	0
PAY	2021	12	17	19	0	0.6	0	977.2	1.2	86.4	2.9	63	0
PAY	2021	12	17	20	0	0.5	0	977.2	1.1	87.6	2.5	60	0
PAY	2021	12	17	21	0	0.5	0	977.1	1.1	86.9	1.9	61	0
PAY	2021	12	17	22	0	0.1	0	976.9	0.9	85.8	1.7	60	0
PAY	2021	12	17	23	0	0.2	0	976.7	0.9	86.4	1.6	67	0
PAY	2021	12	18	0	0	0.1	0	976.3	0.9	85.4	1.4	51	0
PAY	2021	12	18	1	0	0	0	976	0.9	84.9	1.5	48	0
PAY	2021	12	18	2	0	0	0	975.7	0.8	86.6	1.6	50	0
PAY	2021	12	18	3	0	0	0	975.4	0.9	85.2	2	60	0
PAY	2021	12	18	4	0	0.1	0	974.9	1.1	83.6	2.1	70	0
PAY	2021	12	18	5	0	0.2	0	974.9	1.1	82.9	3.1	72	0
PAY	2021	12	18	6	0	0.1	0	975	1.1	83.6	2.7	65	0
PAY	2021	12	18	7	0	0.1	0	974.8	1.2	82.5	3.8	67	0
PAY	2021	12	18	8	0	0.2	5	974.9	1.3	82.6	3.7	61	52.48715699
PAY	2021	12	18	9	0	0.4	29	974.9	1.5	82.7	2.3	61	137.7365491
PAY	2021	12	18	10	0	0.6	86	974.6	1.8	82.2	2.6	64	294.7524393
PAY	2021	12	18	11	0	1	142	973.8	2.5	80.7	3	54	425.9159409
PAY	2021	12	18	12	0	1.7	176	973	3.5	78.2	2.8	48	529.1676641
PAY	2021	12	18	13	0	2	230	972.7	4	72.6	3.4	37	794.6908112
PAY	2021	12	18	14	0	2.2	217	972.9	3.9	72.8	1.7	43	1000
PAY	2021	12	18	15	0	2.1	103	973.5	3.8	76.3	0.5	124	1000
PAY	2021	12	18	16	0	1.1	16	974.3	1.4	84.7	1.7	205	0
PAY	2021	12	18	17	0	-0.1	0	974.6	0.2	87.5	2.1	191	0
PAY	2021	12	18	18	0	-0.8	0	974.8	-0.3	88.7	1.6	198	0
PAY	2021	12	18	19	0	-1.1	0	974.9	-0.7	90.3	2.1	200	0
PAY	2021	12	18	20	0	-1.4	0	975.2	-0.6	88.4	1.9	195	0
PAY	2021	12	18	21	0	-2.2	0	975.6	-2.5	97	1.1	197	0
PAY	2021	12	18	22	0	-2.7	0	975.5	-2.5	93.1	0.5	194	0
PAY	2021	12	18	23	0	-3	0	975.3	-2.9	93.6	1	198	0
PAY	2021	12	19	0	0	-3	0	974.8	-2.3	92.2	1.1	202	0
PAY	2021	12	19	1	0	-2.6	0	974.8	-2	91.5	0.4	207	0
PAY	2021	12	19	2	0	-2.2	0	974.7	-1.7	91.7	1	204	0
PAY	2021	12	19	3	0	-2.2	0	974.5	-1.9	94.5	0.2	270	0
PAY	2021	12	19	4	0	-1.9	0	974.2	-1.4	92.4	0.2	360	0
PAY	2021	12	19	5	0	-1.8	0	973.8	-1.6	94.2	0.3	288	0
PAY	2021	12	19	6	0	-1.7	0	973.5	-1.4	94.9	0.2	180	0
PAY	2021	12	19	7	0	-1.4	0	973	-1.2	94.7	0.6	72	0
PAY	2021	12	19	8	0	-1.6	2	972.9	-1.3	95.7	0.6	76	21.30530151
PAY	2021	12	19	9	0	-1.6	17	972.8	-1.3	95.7	1.5	30	81.1867131
PAY	2021	12	19	10	0	-1.6	37	972.8	-1.4	93.7	1.7	43	127.1853246
PAY	2021	12	19	11	0	-1.9	50	971.9	-1.6	97.6	1	63	150.2036717
PAY	2021	12	19	12	0	-1.8	59	970.8	-1.6	96.7	1.2	24	177.4771843
PAY	2021	12	19	13	0	-1.8	78	970	-1.6	95	1.3	14	269.3263356
PAY	2021	12	19	14	0	-1.8	54	969.4	-1.6	93.8	1.3	41	260.4652404
PAY	2021	12	19	15	0	-1.9	28	968.7	-1.8	93.6	0.9	16	307.1140613
PAY	2021	12	19	16	0	-2.3	4	968.3	-2.1	93.9	1.1	32	0
PAY	2021	12	19	17	0	-2.5	0	968.2	-2	92.4	1.4	70	0
PAY	2021	12	19	18	0	-2.4	0	968.1	-2.3	94.8	0.6	112	0
PAY	2021	12	19	19	0	-2.3	0	967.9	-2.2	95.3	0.8	90	0
PAY	2021	12	19	20	0	-2.4	0	967.7	-2.3	96.9	1.1	50	0
PAY	2021	12	19	21	0	-2.5	0	967.6	-2.7	99.6	0.9	69	0
PAY	2021	12	19	22	0	-2.6	0	967.2	-2.3	98.4	0.5	104	0
PAY	2021	12	19	23	0	-2.6	0	966.9	-2.6	99.3	0.8	99	0
PAY	2021	12	20	0	0	-2.8	0	966.3	-2.7	95.3	0.9	104	0
PAY	2021	12	20	1	0	-3.4	0	966.2	-3.5	95.1	1.3	108	0
PAY	2021	12	20	2	0	-4	0	966.2	-3.8	92.7	1	122	0
PAY	2021	12	20	3	0	-4.1	0	966.2	-3.9	94.1	0.8	135	0
PAY	2021	12	20	4	0	-3.8	0	966	-3.6	98.6	1.6	86	0
PAY	2021	12	20	5	0	-3.6	0	965.7	-3.3	94.8	1.6	86	0
PAY	2021	12	20	6	0	-3.6	0	965.8	-3.2	92.7	0.7	243	0
PAY	2021	12	20	7	0	-3.4	0	966	-3.1	94.1	1	238	0
PAY	2021	12	20	8	0	-3.2	1	966.3	-2.7	96.1	0.5	207	10.79989098
PAY	2021	12	20	9	0	-2.6	11	966.5	-2.2	94.2	2.1	61	52.79417469
PAY	2021	12	20	10	0	-2.3	29	966.6	-1.6	90.9	2.7	67	99.93835579
PAY	2021	12	20	11	0	-2	57	966.3	-1.2	89.6	2.2	68	171.4347076
PAY	2021	12	20	12	0	-1.5	74	965.6	-0.5	86.3	1.8	66	222.6219044
PAY	2021	12	20	13	0	-1.1	66	965.3	-0.3	84.3	2.2	65	227.6436383
PAY	2021	12	20	14	0	-1.1	48	965.1	0	83.3	2.1	72	230.8189802
PAY	2021	12	20	15	0	-1.1	34	965	-0.2	84.6	2.2	71	369.2833269
PAY	2021	12	20	16	0	-1.1	7	965	-0.2	84.8	1.6	60	0
PAY	2021	12	20	17	0	-1.2	0	964.9	-0.6	86.3	1.8	36	0
PAY	2021	12	20	18	0	-1.4	0	965	-0.6	85.5	1.7	38	0
PAY	2021	12	20	19	0	-1.4	0	965	-0.6	86.1	1	66	0
PAY	2021	12	20	20	0	-1.3	0	964.7	-0.6	86.8	0.6	59	0
PAY	2021	12	20	21	0	-1.6	0	964.7	-0.6	85.1	0.5	104	0
PAY	2021	12	20	22	0	-1.5	0	964.6	-0.5	82.4	0.9	60	0
PAY	2021	12	20	23	0	-1.6	0	964.6	-0.7	83.3	0.5	37	0
PAY	2021	12	21	0	0	-1.6	0	964.3	-0.7	82.7	0.6	121	0
PAY	2021	12	21	1	0	-1.7	0	964.2	-0.8	83.2	0.4	153	0
PAY	2021	12	21	2	0	-1.7	0	964.3	-0.9	82.4	1.1	165	0
PAY	2021	12	21	3	0	-1.9	0	964.1	-1.1	85.8	1.2	175	0
PAY	2021	12	21	4	0	-1.9	0	964	-1.1	82	1.6	169	0
PAY	2021	12	21	5	0	-2.2	0	963.8	-1.5	85	1.6	157	0
PAY	2021	12	21	6	0	-2.4	0	964	-1.5	83.1	1.4	176	0
PAY	2021	12	21	7	0	-2.5	0	964.1	-1.7	83.1	1.8	140	0
PAY	2021	12	21	8	0	-2.7	5	964.4	-1.8	82.1	1.3	158	54.69084047
PAY	2021	12	21	9	0	-2.6	39	964.5	-1.4	81.7	0.8	172	188.010631
PAY	2021	12	21	10	0	-2.4	91	964.5	-1.1	79.5	1.5	157	314.2641724
PAY	2021	12	21	11	0	-2.1	148	964.5	-0.7	77.1	1.7	164	445.4883493
PAY	2021	12	21	12	0	-1.7	142	963.8	-0.4	74.8	1.3	156	427.0767196
PAY	2021	12	21	13	0	-1.7	123	963.6	-0.2	75	1.3	217	423.6026088
PAY	2021	12	21	14	0	-1.6	96	963.3	-0.2	76.2	1.3	162	459.9692983
PAY	2021	12	21	15	0	-1.6	60	963.4	-0.6	79.4	1.4	162	644.5793693
PAY	2021	12	21	16	0	-1.9	7	963.5	-0.9	80	1.2	146	0
PAY	2021	12	21	17	0	-2.1	0	963.8	-1.2	80.9	1.4	138	0
PAY	2021	12	21	18	0	-2.1	0	964.2	-1.2	82	1.3	142	0
PAY	2021	12	21	19	0	-2.1	0	964.7	-1.2	82.5	0.9	104	0
PAY	2021	12	21	20	0	-2	0	965	-1.2	84.4	0.7	72	0
PAY	2021	12	21	21	0	-2	0	965.2	-1.3	85.2	0.8	67	0
PAY	2021	12	21	22	0	-2.1	0	965.3	-1.4	86.8	0.7	67	0
PAY	2021	12	21	23	0	-1.9	0	965.5	-1.4	89.5	0.5	90	0
PAY	2021	12	22	0	0	-2	0	965.4	-1.6	91.5	0.7	108	0
PAY	2021	12	22	1	0	-2.1	0	965.4	-1.7	91.7	0.7	108	0
PAY	2021	12	22	2	0	-2.2	0	965.5	-1.6	89.5	0.7	63	0
PAY	2021	12	22	3	0	-2.2	0	965.5	-1.6	87.4	0.6	45	0
PAY	2021	12	22	4	0	-2.3	0	965.6	-1.6	85.9	1.1	61	0
PAY	2021	12	22	5	0	-2.3	0	965.5	-1.5	84.2	0.8	60	0
PAY	2021	12	22	6	0	-2.3	0	965.6	-1.5	83.6	0.6	53	0
PAY	2021	12	22	7	0	-2.4	0	965.8	-1.5	82.4	0.8	98	0
PAY	2021	12	22	8	0	-2.5	6	966.3	-1.6	81.9	0.9	108	66.39904798
PAY	2021	12	22	9	0	-2.5	45	966.6	-1.4	80.2	1.6	98	217.7795775
PAY	2021	12	22	10	0	-2.5	98	966.7	-1.2	79.4	1.4	108	339.0136816
PAY	2021	12	22	11	0	-2.5	137	966.4	-1.5	76.7	1	74	412.5557202
PAY	2021	12	22	12	0	-2.4	166	965.8	-1	75.1	0.6	63	498.9338385
PAY	2021	12	22	13	0	-2.1	221	965.2	-0.8	75.1	0.4	135	759.6327284
PAY	2021	12	22	14	0	-2	171	965.2	-0.9	75.7	1.2	24	815.9022114
PAY	2021	12	22	15	0	-2.1	99	965.3	-1	78.2	1.4	32	1000
PAY	2021	12	22	16	0	-2.4	12	965.4	-1.5	79.7	1	53	0
PAY	2021	12	22	17	0	-2.6	0	965.3	-1.7	82.8	0.4	45	0
PAY	2021	12	22	18	0	-2.5	0	965.4	-1.3	81.2	0.7	270	0
PAY	2021	12	22	19	0	-2.4	0	965.2	-1.6	82.9	1.6	222	0
PAY	2021	12	22	20	0	-2.5	0	965.1	-1.7	83.3	1.7	220	0
PAY	2021	12	22	21	0	-2.8	0	964.7	-2.1	85.3	2.2	194	0
PAY	2021	12	22	22	0	-3	0	964.5	-2.4	86.7	1.8	237	0
PAY	2021	12	22	23	0	-3	0	964.6	-2.2	85.9	0.5	162	0
PAY	2021	12	23	0	0	-2.6	0	964.5	-2.1	85.8	1.5	168	0
PAY	2021	12	23	1	0	-2.8	0	964.3	-2	86.4	0.7	153	0
PAY	2021	12	23	2	0	-2.4	0	964.2	-1.5	86.2	1.4	176	0
PAY	2021	12	23	3	0	-2.4	0	963.4	-1.8	86.6	1.5	184	0
PAY	2021	12	23	4	0	-2.7	0	962.8	-2.6	91.3	2	177	0
PAY	2021	12	23	5	0	-3.1	0	962.6	-2.6	90.8	1.1	198	0
PAY	2021	12	23	6	0	-3.2	0	962.7	-3	90.9	1.9	195	0
PAY	2021	12	23	7	0	-3.8	0	962.7	-3.6	93.6	1.4	197	0
PAY	2021	12	23	8	0	-4.2	18	962.8	-3.7	92.6	0.9	194	201.3112865
PAY	2021	12	23	9	0	-3.5	115	962.7	-2.3	88.5	0.4	198	558.4023857
PAY	2021	12	23	10	0	-2.1	231	962.7	-0.6	83.3	0.4	225	800.1244162
PAY	2021	12	23	11	0	-1	278	961.8	0.3	80.7	0.6	72	837.2023886
PAY	2021	12	23	12	0	-0.2	193	960.8	1.3	77.9	1.2	90	579.4899443
PAY	2021	12	23	13	0	0.6	155	960.4	2.4	74.9	0.9	16	531.5187646
PAY	2021	12	23	14	0	1.1	125	959.5	2.7	74.2	1.1	85	593.6054938
PAY	2021	12	23	15	0	1.4	24	959.4	2.7	80.7	1.6	52	251.4339569
PAY	2021	12	23	16	0	1.5	5	959	2.7	80.4	1.1	73	0
PAY	2021	12	23	17	0	1.5	0	959.2	2.8	79.9	0.8	76	0
PAY	2021	12	23	18	0	1.5	0	959.4	2.3	85.5	0.6	270	0
PAY	2021	12	23	19	0	1.3	0	959.2	2	85.8	0.5	72	0
PAY	2021	12	23	20	0	1.2	0	959.1	2.4	81.4	1.3	66	0
PAY	2021	12	23	21	0	1.1	0	958.8	2.7	77.4	1	69	0
PAY	2021	12	23	22	0	0.8	0	958.6	2.1	79.9	0.5	76	0
PAY	2021	12	23	23	0	0.7	0	958.2	1.9	80.5	0.6	108	0
PAY	2021	12	24	0	0	0.8	0	957.8	1.4	81	0.7	180	0
PAY	2021	12	24	1	0	0.1	0	957.3	1.8	71.2	1	191	0
PAY	2021	12	24	2	0	-0.2	0	956.7	-0.2	85.7	1.3	200	0
PAY	2021	12	24	3	0	-0.7	0	955.9	0.3	80.9	0.8	198	0
PAY	2021	12	24	4	0	-0.7	0	955.6	0.3	80.7	0.7	90	0
PAY	2021	12	24	5	0	-0.8	0	955.4	0	81.4	1	243	0
PAY	2021	12	24	6	0	-0.5	0	955.2	0.2	78	1	256	0
PAY	2021	12	24	7	0	-0.9	0	955.3	1.2	70.5	0.7	124	0
PAY	2021	12	24	8	0	0.2	15	955.2	3	65.2	2.1	199	169.3441979
PAY	2021	12	24	9	0	0.2	40	955.1	2	74.6	1.1	83	194.7637845
PAY	2021	12	24	10	0	1	54	954.7	2.8	79.2	0.7	56	187.2013838
PAY	2021	12	24	11	0	2.2	144	954	4.3	75.4	0.9	72	433.5186337
PAY	2021	12	24	12	0	3	132	953.3	5.3	71.5	0.8	83	395.779578
PAY	2021	12	24	13	0	4.1	133	952.6	7.1	64	1	284	454.8138332
PAY	2021	12	24	14	0	4.5	88	952.2	7	70.4	0.9	37	415.7027311
PAY	2021	12	24	15	0	4.7	44	952	7	68.9	1.5	236	454.5197271
PAY	2021	12	24	16	0	5	7	952.1	7.7	69.9	1.7	217	0
PAY	2021	12	24	17	0	5.6	0	951.8	7.8	74.3	3.3	209	0
PAY	2021	12	24	18	0	5.6	0	951.4	6.9	77.9	2.8	208	0
PAY	2021	12	24	19	0	4.9	0	951.5	6.7	76.8	2.7	222	0
PAY	2021	12	24	20	0	4.7	0	951.4	6.2	81.7	2.1	215	0
PAY	2021	12	24	21	0	4.8	0	951.2	5.6	86.2	1.8	225	0
PAY	2021	12	24	22	0	4.2	0	950.8	5.1	86.8	0.5	180	0
PAY	2021	12	24	23	0	3.8	0	950.7	4.7	87.8	0.9	211	0
PAY	2021	12	25	0	0	2.9	0	950.3	2.7	95.5	0.6	79	0
PAY	2021	12	25	1	0	2.3	0	950.1	1.9	96.8	0.7	79	0
PAY	2021	12	25	2	0	1.8	0	949.9	1.8	96.2	0.9	97	0
PAY	2021	12	25	3	0	1.2	0	949.7	1.8	95.8	1	76	0
PAY	2021	12	25	4	0	1.3	0	949.5	1.7	94.4	0.6	180	0
PAY	2021	12	25	5	0	1.5	0	949.3	2.6	92.4	1.3	198	0
PAY	2021	12	25	6	0	0.9	0	949.1	0.8	97.7	0.8	315	0
PAY	2021	12	25	7	0	0.5	0	949.2	0.4	97.4	0.7	90	0
PAY	2021	12	25	8	0	0.8	7	949.2	1.2	95.4	0.4	63	79.67825287
PAY	2021	12	25	9	0	1.3	44	949.4	2.3	94.8	0.4	270	214.70898
PAY	2021	12	25	10	0	2.3	107	949.6	3.3	90.9	0.4	18	371.0933084
PAY	2021	12	25	11	0	3.5	192	949.4	5	87.2	0.6	360	577.6199288
PAY	2021	12	25	12	0	4.5	192	948.9	5.8	82.5	0.8	14	574.658252
PAY	2021	12	25	13	0	4.6	90	948.6	5.8	85.7	0.6	22	306.7902475
PAY	2021	12	25	14	0	4.9	74	948.4	6.1	84.6	0.6	180	347.5489401
PAY	2021	12	25	15	0	4.9	36	948.7	5.8	87.8	0.8	323	366.3390427
PAY	2021	12	25	16	0	4.6	12	948.7	4.9	93.3	0.6	81	0
PAY	2021	12	25	17	0	4	0	949	4.3	96.1	0.4	360	0
PAY	2021	12	25	18	0	3.5	0	949	3.4	97	0.3	117	0
PAY	2021	12	25	19	0	2.6	0	949.1	3.3	95.7	0.4	180	0
PAY	2021	12	25	20	0	2.8	0	949.1	3.1	95.7	0.7	203	0
PAY	2021	12	25	21	0	2.7	0	949.2	3	97.7	0.4	135	0
PAY	2021	12	25	22	0	3.1	0	949.2	3.3	97.8	0.5	191	0
PAY	2021	12	25	23	0	3.1	0	949.2	3.4	97.6	0.7	219	0
PAY	2021	12	26	0	0	3.1	0	949.2	3.3	97	0.4	162	0
PAY	2021	12	26	1	0	3.2	0	949.2	3.4	97.4	0.5	194	0
PAY	2021	12	26	2	0	3.4	0	949.5	3.6	97.6	1	193	0
PAY	2021	12	26	3	0	3.5	0	949.7	3.5	99.1	0.2	225	0
PAY	2021	12	26	4	0	3.7	0	949.6	3.8	98.4	0.5	194	0
PAY	2021	12	26	5	0	3.7	0	949.9	3.9	97.4	0.4	198	0
PAY	2021	12	26	6	0	3.8	0	949.8	4	98.4	0.5	146	0
PAY	2021	12	26	7	0	3.6	0	950	3.2	99.8	0.3	90	0
PAY	2021	12	26	8	0	3.6	5	950.3	4	98.3	0.3	90	57.31076081
PAY	2021	12	26	9	0	4.1	62	950.5	4.3	98.4	0.8	14	303.0303262
PAY	2021	12	26	10	0	4.7	110	950.7	5.3	96.4	0.7	81	381.4956898
PAY	2021	12	26	11	0	5.1	67	950.4	5.6	94.8	0.4	90	201.3482077
PAY	2021	12	26	12	0	5.4	65	950.2	5.7	96.3	0.4	252	194.1288595
PAY	2021	12	26	13	0	5.7	78	950.1	6.3	93	0.5	225	264.932439
PAY	2021	12	26	14	0	5.8	61	950.1	6.1	96.2	0.7	304	284.6922283
PAY	2021	12	26	15	0	5.8	14	949.9	6.3	95.8	0.7	117	140.2189147
PAY	2021	12	26	16	0	5.8	12	950	5.7	98.8	0.6	360	0
PAY	2021	12	26	17	0	5.5	0	950.3	5.4	99.5	0.5	252	0
PAY	2021	12	26	18	0	5.5	0	950.2	5.8	97.2	0.7	191	0
PAY	2021	12	26	19	0	5.5	0	950.4	5.7	96.2	0.7	211	0
PAY	2021	12	26	20	0	5.2	0	950.3	5.6	95.9	0.5	207	0
PAY	2021	12	26	21	0	5	0	950.3	5.1	98.6	0.8	211	0
PAY	2021	12	26	22	0	4.9	0	950	4.7	98.6	0.8	207	0
PAY	2021	12	26	23	0	4.9	0	949.8	4.9	98.1	1	202	0
PAY	2021	12	27	0	0	4.7	0	949.8	4.7	99.3	0.8	56	0
PAY	2021	12	27	1	0	4.6	0	949.4	4.4	97.8	0.6	124	0
PAY	2021	12	27	2	0	3.6	0	949.1	3.5	99.3	0.4	135	0
PAY	2021	12	27	3	0	2.2	0	948.9	2.2	99	0.6	27	0
PAY	2021	12	27	4	0	2.8	0	948.5	3	97.9	0.8	187	0
PAY	2021	12	27	5	0	2.7	0	948.1	2.5	97.7	1	209	0
PAY	2021	12	27	6	0	2.4	0	947.6	2.5	97.1	1.4	207	0
PAY	2021	12	27	7	0	2.3	0	947.2	2.3	96.7	1.2	207	0
PAY	2021	12	27	8	0	2	8	947.3	2.5	96.1	1.8	204	92.22030263
PAY	2021	12	27	9	0	2.5	33	947.6	3	94.5	1.5	208	161.4545561
PAY	2021	12	27	10	0	2.8	62	947.3	3	94.8	1.7	205	214.9311566
PAY	2021	12	27	11	0	3	50	946.9	3.6	92.4	1.3	198	150.0416879
PAY	2021	12	27	12	0	3.7	56	946.7	4.7	91.1	1.3	194	166.8299317
PAY	2021	12	27	13	0	4.7	39	946.6	6.4	86.8	2.4	223	131.9392481
PAY	2021	12	27	14	0	5.8	29	946.6	6.6	89.7	3	213	134.4277566
PAY	2021	12	27	15	0	5.7	15	947.1	6.5	89.5	3	220	147.7438097
PAY	2021	12	27	16	0	5.7	1	947.8	6.6	87.9	3.2	222	0
PAY	2021	12	27	17	0	5.6	0	948.4	6.3	89.6	4.5	228	0
PAY	2021	12	27	18	0	5.5	0	949.2	6.5	85.9	4.9	213	0
PAY	2021	12	27	19	0	5.3	0	949.5	6.2	86.8	4.3	216	0
PAY	2021	12	27	20	0	5	0	949.4	5.5	88.4	1.9	223	0
PAY	2021	12	27	21	0	5.1	0	949.4	6.3	88.7	3.2	202	0
PAY	2021	12	27	22	0	5.5	0	949.3	6.4	88.7	3.8	212	0
PAY	2021	12	27	23	0	5.4	0	948.8	6.3	87.2	3.2	219	0
PAY	2021	12	28	0	0	5.3	0	948	5.9	89.1	3	213	0
PAY	2021	12	28	1	0	5	0	946.8	5.8	84.4	3.1	221	0
PAY	2021	12	28	2	0	5.1	0	946.4	6.4	86	3.1	217	0
PAY	2021	12	28	3	0	5.4	0	946.4	6.2	91.9	3.5	225	0
PAY	2021	12	28	4	0	5.7	0	946.6	6.6	90.4	3.5	221	0
PAY	2021	12	28	5	0	6	0	946.8	6.7	89.9	4.4	221	0
PAY	2021	12	28	6	0	5.9	0	946.8	6.9	86.3	4.8	233	0
PAY	2021	12	28	7	0	5.9	0	947	6.7	88.6	4.8	235	0
PAY	2021	12	28	8	0	6	4	947.6	7	88.3	5.7	231	46.31260613
PAY	2021	12	28	9	0	6.6	31	948	7.9	88.2	5.4	225	151.7340974
PAY	2021	12	28	10	0	7.3	59	948.3	8.9	84.4	6.2	218	204.3541567
PAY	2021	12	28	11	0	8	75	948.5	9.6	83.3	7.5	220	224.6518408
PAY	2021	12	28	12	0	8.5	109	948.5	10.6	79.4	8.9	220	323.7906478
PAY	2021	12	28	13	0	8.7	53	949.1	10.2	78.2	8.3	223	178.5191056
PAY	2021	12	28	14	0	8.1	37	949.7	9.9	76.1	6.4	216	170.2660567
PAY	2021	12	28	15	0	7.7	23	949.1	9.3	79	5.4	217	222.6135823
PAY	2021	12	28	16	0	7.1	3	950.1	7.9	82	6.1	226	0
PAY	2021	12	28	17	0	6.9	0	950.7	8.3	83.4	5.4	231	0
PAY	2021	12	28	18	0	6.8	0	951.1	7.8	83.3	7.2	223	0
PAY	2021	12	28	19	0	6.6	0	951.4	8.2	76.4	6.3	208	0
PAY	2021	12	28	20	0	6.1	0	951.6	7.3	81.3	6.3	214	0
PAY	2021	12	28	21	0	5.8	0	951.3	7.4	79.8	5.7	221	0
PAY	2021	12	28	22	0	6.1	0	952.3	8.3	73	6.6	221	0
PAY	2021	12	28	23	0	6.3	0	953.5	8.1	80.9	6.1	222	0
PAY	2021	12	29	0	0	6.5	0	953.6	6.9	93.5	4.6	221	0
PAY	2021	12	29	1	0	6.3	0	953.9	7.1	88.2	4.4	218	0
PAY	2021	12	29	2	0	6.2	0	954.9	7.6	81.1	4.3	213	0
PAY	2021	12	29	3	0	6	0	955	7.6	77.4	3.8	212	0
PAY	2021	12	29	4	0	5.8	0	955.3	7.2	81.4	3.5	224	0
PAY	2021	12	29	5	0	5.9	0	955.3	7.3	81.1	3.5	211	0
PAY	2021	12	29	6	0	5.9	0	956	8	73.9	3.8	223	0
PAY	2021	12	29	7	0	5.6	0	957	6.5	83.4	4.9	209	0
PAY	2021	12	29	8	0	5.2	1	957.1	5.7	93.4	2.3	210	11.61348971
PAY	2021	12	29	9	0	5.3	15	957	5.8	92.8	2.4	221	73.40737384
PAY	2021	12	29	10	0	5.4	30	956.8	6.1	92.2	2.6	225	103.7742972
PAY	2021	12	29	11	0	5.8	38	956.7	6.5	94	2.2	233	113.573775
PAY	2021	12	29	12	0	6.3	57	956.7	7	93.4	1.8	227	168.7754412
PAY	2021	12	29	13	0	6.9	63	956.7	7.7	94.1	2.7	228	211.1946511
PAY	2021	12	29	14	0	7.6	74	956.6	8.7	89.5	3.7	231	337.9019398
PAY	2021	12	29	15	0	8.1	24	957.1	8.9	91.3	4	231	228.1035659
PAY	2021	12	29	16	0	8.5	1	958	9.2	93.5	3.3	227	0
PAY	2021	12	29	17	0	8.9	0	958.1	9.7	91.2	4.5	216	0
PAY	2021	12	29	18	0	9.2	0	958.6	10.1	91.4	4.8	216	0
PAY	2021	12	29	19	0	9.7	0	959.5	10.9	88.5	4.7	214	0
PAY	2021	12	29	20	0	10.2	0	960.6	10.9	92.4	4.8	218	0
PAY	2021	12	29	21	0	10.3	0	961.3	11.1	90.8	4.4	217	0
PAY	2021	12	29	22	0	10.5	0	962.2	11.5	88	4.7	222	0
PAY	2021	12	29	23	0	10.4	0	962.9	11.9	85.3	4	224	0
PAY	2021	12	30	0	0	10.6	0	963.1	11.9	85.7	3.8	221	0
PAY	2021	12	30	1	0	10.6	0	963.4	11.8	86.1	3.1	212	0
PAY	2021	12	30	2	0	10.6	0	963.9	11.7	86.8	3.7	217	0
PAY	2021	12	30	3	0	10.6	0	963.9	11.9	85.1	3.7	214	0
PAY	2021	12	30	4	0	10.6	0	964.3	11.6	86.7	3.6	217	0
PAY	2021	12	30	5	0	10.4	0	964.7	11.5	86.5	3.1	221	0
PAY	2021	12	30	6	0	10.3	0	965.1	11.5	86.4	2.3	212	0
PAY	2021	12	30	7	0	10.2	0	965.8	10.9	89.1	1.7	220	0
PAY	2021	12	30	8	0	10.1	3	966.3	11.1	90.9	1.3	185	34.89950936
PAY	2021	12	30	9	0	10.4	28	966.8	10.6	96	0.8	225	136.922381
PAY	2021	12	30	10	0	10.2	110	967	11.1	96.4	0.6	53	379.8500961
PAY	2021	12	30	11	0	10.6	148	966.8	11.3	94.6	0.5	14	441.2069525
PAY	2021	12	30	12	0	11.6	290	966.4	13.2	88.1	0.8	239	855.6104721
PAY	2021	12	30	13	0	12.5	329	966	14.6	80.4	0.9	263	1000
PAY	2021	12	30	14	0	12.5	235	965.8	15.5	71.2	1.5	236	1000
PAY	2021	12	30	15	0	12.5	139	966.2	14.9	76.6	1.6	232	1000
PAY	2021	12	30	16	0	11.7	31	966.8	12.2	90.4	1	360	0
PAY	2021	12	30	17	0	10.4	0	967	10.3	96.5	0.5	117	0
PAY	2021	12	30	18	0	9.5	0	967.2	9.4	96.5	0.3	207	0
PAY	2021	12	30	19	0	8.6	0	967.5	7.5	98.9	0.7	189	0
PAY	2021	12	30	20	0	7.6	0	967.5	7.8	98.4	0.4	180	0
PAY	2021	12	30	21	0	7.4	0	967.8	6.8	99.6	0.8	198	0
PAY	2021	12	30	22	0	6.2	0	968	6.1	98.2	1.6	198	0
PAY	2021	12	30	23	0	5.4	0	968.4	5.2	98.1	1.3	200	0
PAY	2021	12	31	0	0	4.7	0	968.1	4.2	99.1	0.7	207	0
PAY	2021	12	31	1	0	4	0	968.2	3.8	99.6	0.5	191	0
PAY	2021	12	31	2	0	5.1	0	968.3	5.5	97.9	1.7	198	0
PAY	2021	12	31	3	0	5.4	0	968.1	5.2	99.3	2	200	0
PAY	2021	12	31	4	0	5.2	0	967.6	5.7	96.1	1.8	207	0
PAY	2021	12	31	5	0	6	0	967.7	6.4	96.6	1.6	202	0
PAY	2021	12	31	6	0	6.2	0	967.9	6.5	96.8	1.1	202	0
PAY	2021	12	31	7	0	6.3	0	967.9	6.3	97	1.3	209	0
PAY	2021	12	31	8	0	5.8	11	968.3	5.9	97.5	1.8	207	128.0063268
PAY	2021	12	31	9	0	5.6	71	968.7	5.8	97.3	1.6	207	346.723778
PAY	2021	12	31	10	0	5.9	229	969.1	6.8	92.7	1.5	216	789.0798579
PAY	2021	12	31	11	0	7.3	316	968.6	9	86	0.7	261	939.2821115
PAY	2021	12	31	12	0	8.2	346	967.8	10	81.2	0.8	360	1000
PAY	2021	12	31	13	0	8.8	325	968.1	10.9	77.9	0.9	337	1000
PAY	2021	12	31	14	0	9.4	255	968.4	11	80.7	1.6	51	1000
PAY	2021	12	31	15	0	9.3	149	968.2	10.4	84.1	1.5	53	1000
PAY	2021	12	31	16	0	8.2	32	968.5	7.8	93.4	1.4	63	0
PAY	2021	12	31	17	0	6.8	0	968.5	7.2	93.4	0.8	153	0
PAY	2021	12	31	18	0	5.9	0	969.2	5.3	97.8	0.4	243	0
PAY	2021	12	31	19	0	5.3	0	969.9	4.8	96.4	0.9	225	0
PAY	2021	12	31	20	0	4	0	970.4	4.9	94.1	1.1	63	0
PAY	2021	12	31	21	0	4	0	970.5	4.2	96.2	0.8	214	0
PAY	2021	12	31	22	0	3.1	0	970.8	2.3	98.5	0.9	72	0
PAY	2021	12	31	23	0	2.9	0	970.7	2.4	92	0.7	189	0
