time.yy;time.mm;time.dd;time.hh;tre200h0;gls;str.diffus;Rel_Hum;wind_speed;pressure;ground_temp
2021;1;1;0;-0.2;0.0;0;99.7;-0.26;94.77;11.212383833599244
2021;1;1;1;-0.2;0.0;0;99.3;-0.34;94.77;11.210439513774318
2021;1;1;2;-0.3;0.0;0;100.0;-0.3;94.79;11.208492479134064
2021;1;1;3;-0.2;0.0;0;100.0;-0.2;94.8;11.206542730680155
2021;1;1;4;-0.3;0.0;0;100.0;-0.3;94.81;11.204590269415657
2021;1;1;5;-0.3;0.0;0;100.0;-0.3;94.82;11.202635096345034
2021;1;1;6;0.0;0.0;0;98.1;-0.38;94.85;11.200677212474147
2021;1;1;7;-0.2;0.0;0;99.3;-0.34;94.88;11.198716618810241
2021;1;1;8;-0.4;0.0;23;99.6;-0.48;94.93;11.19675331636197
2021;1;1;9;0.2;160.756807;39;98.1;-0.18;94.95;11.194787306139375
2021;1;1;10;0.5;329.7165659;45;96.9;-0.12;94.97;11.192818589153882
2021;1;1;11;0.8;364.0842374;47;96.4;0.08;94.95;11.190847166418322
2021;1;1;12;1.0;429.6678987;47;95.8;0.16;94.91;11.188873038946912
2021;1;1;13;1.3;421.4132426;44;94.1;0.12;94.89;11.186896207755261
2021;1;1;14;1.3;88.7726498;88;95.0;0.3;94.9;11.184916673860371
2021;1;1;15;1.3;222.949498;32;93.7;0.04;94.92;11.182934438280633
2021;1;1;16;1.1;0.0;0;95.0;0.1;94.96;11.180949502035823
2021;1;1;17;1.4;0.0;0;84.4;-1.72;94.98;11.178961866147116
2021;1;1;18;1.4;0.0;0;83.3;-1.94;94.99;11.176971531637067
2021;1;1;19;0.9;0.0;0;87.8;-1.54;95.01;11.174978499529626
2021;1;1;20;0.9;0.0;0;88.2;-1.46;95.05;11.17298277085013
2021;1;1;21;0.9;0.0;0;89.3;-1.24;95.06;11.170984346625293
2021;1;1;22;0.6;0.0;0;90.5;-1.3;95.08;11.168983227883235
2021;1;1;23;0.5;0.0;0;92.3;-1.04;95.08;11.166979415653444
2021;1;2;0;0.5;0.0;0;91.6;-1.18;95.1;11.164972910966803
2021;1;2;1;0.9;0.0;0;86.2;-1.86;95.1;11.162963714855579
2021;1;2;2;1.0;0.0;0;85.6;-1.88;95.09;11.16095182835342
2021;1;2;3;0.7;0.0;0;89.5;-1.4;95.07;11.158937252495365
2021;1;2;4;0.8;0.0;0;89.0;-1.4;95.05;11.156919988317828
2021;1;2;5;0.8;0.0;0;88.8;-1.44;95.04;11.154900036858615
2021;1;2;6;1.0;0.0;0;87.7;-1.46;95.04;11.152877399156907
2021;1;2;7;1.0;0.0;0;86.0;-1.8;95.03;11.150852076253269
2021;1;2;8;1.1;0.0;41;83.5;-2.2;95.04;11.148824069189653
2021;1;2;9;1.1;0.0;90;85.2;-1.86;95.04;11.146793379009381
2021;1;2;10;1.1;0.0;109;84.7;-1.96;95.05;11.144760006757167
2021;1;2;11;1.2;0.0;127;81.9;-2.42;95.02;11.142723953479097
2021;1;2;12;1.2;0.0;79;82.7;-2.26;94.97;11.140685220222638
2021;1;2;13;1.3;0.0;104;81.7;-2.36;94.96;11.138643808036637
2021;1;2;14;1.0;0.0;77;84.4;-2.12;94.98;11.136599717971322
2021;1;2;15;0.7;0.0;32;87.9;-1.72;95.01;11.134552951078291
2021;1;2;16;0.7;0.0;0;86.5;-2.0;95.0;11.132503508410522
2021;1;2;17;0.5;0.0;0;86.9;-2.12;94.99;11.13045139102238
2021;1;2;18;0.5;0.0;0;84.4;-2.62;95.0;11.128396599969586
2021;1;2;19;0.5;0.0;0;83.9;-2.72;95.02;11.126339136309253
2021;1;2;20;0.6;0.0;0;79.8;-3.44;95.05;11.124279001099865
2021;1;2;21;0.2;0.0;0;86.0;-2.6;95.06;11.122216195401274
2021;1;2;22;0.1;0.0;0;86.3;-2.64;95.06;11.120150720274715
2021;1;2;23;-0.2;0.0;0;88.4;-2.52;95.05;11.11808257678279
2021;1;3;0;-0.2;0.0;0;89.0;-2.4;95.05;11.116011765989478
2021;1;3;1;-0.4;0.0;0;93.1;-1.78;95.05;11.113938288960124
2021;1;3;2;-0.2;0.0;0;89.3;-2.34;95.06;11.111862146761453
2021;1;3;3;-0.3;0.0;0;89.3;-2.44;95.05;11.109783340461554
2021;1;3;4;-0.2;0.0;0;86.4;-2.92;95.04;11.107701871129894
2021;1;3;5;-0.3;0.0;0;86.7;-2.96;95.06;11.1056177398373
2021;1;3;6;-0.1;0.0;0;84.3;-3.24;95.07;11.103530947655976
2021;1;3;7;-0.3;0.0;0;86.4;-3.02;95.09;11.101441495659493
2021;1;3;8;-0.3;0.0;24;86.0;-3.1;95.13;11.099349384922789
2021;1;3;9;-0.1;0.0;38;83.5;-3.4;95.15;11.097254616522171
2021;1;3;10;0.3;85.29696851;44;81.5;-3.4;95.18;11.095157191535318
2021;1;3;11;0.5;111.6071111;45;80.3;-3.44;95.17;11.093057111041261
2021;1;3;12;0.6;31.84241174;93;76.7;-4.06;95.16;11.090954376120418
2021;1;3;13;1.0;221.0166511;53;77.3;-3.54;95.16;11.088848987854558
2021;1;3;14;1.1;287.3210984;37;77.2;-3.46;95.18;11.086740947326817
2021;1;3;15;0.9;453.4579189;20;76.4;-3.82;95.2;11.084630255621697
2021;1;3;16;0.4;0.0;0;83.4;-2.92;95.22;11.082516913825065
2021;1;3;17;0.0;0.0;0;85.8;-2.84;95.24;11.08040092302415
2021;1;3;18;-0.4;0.0;0;90.2;-2.36;95.26;11.078282284307548
2021;1;3;19;-0.8;0.0;0;92.1;-2.38;95.29;11.07616099876521
2021;1;3;20;-1.3;0.0;0;92.5;-2.8;95.29;11.074037067488456
2021;1;3;21;-0.9;0.0;0;89.5;-3.0;95.32;11.071910491569957
2021;1;3;22;-2.1;0.0;0;94.6;-3.18;95.33;11.069781272103755
2021;1;3;23;-2.5;0.0;0;94.1;-3.68;95.32;11.067649410185247
2021;1;4;0;-2.4;0.0;0;94.1;-3.58;95.31;11.065514906911194
2021;1;4;1;-1.7;0.0;0;92.6;-3.18;95.29;11.063377763379707
2021;1;4;2;-1.4;0.0;0;92.2;-2.96;95.31;11.061237980690262
2021;1;4;3;-1.3;0.0;0;90.0;-3.3;95.3;11.059095559943692
2021;1;4;4;-1.1;0.0;0;90.0;-3.1;95.27;11.056950502242188
2021;1;4;5;-1.1;0.0;0;88.8;-3.34;95.26;11.054802808689296
2021;1;4;6;-1.1;0.0;0;84.3;-4.24;95.27;11.052652480389916
2021;1;4;7;-1.2;0.0;0;84.3;-4.34;95.28;11.050499518450305
2021;1;4;8;-1.2;0.0;24;87.3;-3.74;95.29;11.048343923978077
2021;1;4;9;-1.2;0.0;68;85.0;-4.2;95.3;11.046185698082201
2021;1;4;10;-1.2;0.0;133;83.3;-4.54;95.29;11.044024841872996
2021;1;4;11;-1.0;0.0;155;83.0;-4.4;95.21;11.041861356462134
2021;1;4;12;-0.7;0.0;126;81.4;-4.42;95.15;11.039695242962642
2021;1;4;13;-0.6;0.0;118;80.5;-4.5;95.08;11.0375265024889
2021;1;4;14;-0.4;0.0;75;78.9;-4.62;95.06;11.035355136156639
2021;1;4;15;-0.2;0.0;33;78.1;-4.58;95.05;11.033181145082935
2021;1;4;16;-0.2;0.0;0;78.4;-4.52;95.05;11.031004530386223
2021;1;4;17;-0.3;0.0;0;78.0;-4.7;95.04;11.028825293186284
2021;1;4;18;-0.3;0.0;0;78.8;-4.54;95.04;11.026643434604246
2021;1;4;19;-0.3;0.0;0;78.5;-4.6;95.06;11.02445895576259
2021;1;4;20;-0.4;0.0;0;79.3;-4.54;95.05;11.022271857785142
2021;1;4;21;-0.4;0.0;0;78.4;-4.72;95.07;11.020082141797076
2021;1;4;22;-0.6;0.0;0;81.5;-4.3;95.08;11.017889808924911
2021;1;4;23;-0.7;0.0;0;81.8;-4.34;95.09;11.015694860296517
2021;1;5;0;-0.8;0.0;0;83.4;-4.12;95.11;11.013497297041107
2021;1;5;1;-0.8;0.0;0;80.9;-4.62;95.16;11.011297120289237
2021;1;5;2;-0.6;0.0;0;84.9;-3.62;95.21;11.009094331172811
2021;1;5;3;-0.9;0.0;0;88.1;-3.28;95.21;11.006888930825074
2021;1;5;4;-0.9;0.0;0;85.3;-3.84;95.22;11.00468092038062
2021;1;5;5;-1.0;0.0;0;89.1;-3.18;95.2;11.002470300975379
2021;1;5;6;-1.0;0.0;0;86.7;-3.66;95.22;11.000257073746624
2021;1;5;7;-1.0;0.0;0;87.7;-3.46;95.23;10.998041239832975
2021;1;5;8;-0.9;0.0;31;85.4;-3.82;95.27;10.99582280037439
2021;1;5;9;-0.8;0.0;67;86.5;-3.5;95.26;10.993601756512163
2021;1;5;10;-0.6;0.0;65;85.1;-3.58;95.28;10.991378109388936
2021;1;5;11;-0.5;0.0;78;84.3;-3.64;95.26;10.989151860148684
2021;1;5;12;-0.4;0.0;65;83.5;-3.7;95.23;10.986923009936724
2021;1;5;13;-0.3;3.204645478;59;83.4;-3.62;95.18;10.984691559899709
2021;1;5;14;-0.2;4.263647718;38;80.8;-4.04;95.19;10.98245751118563
2021;1;5;15;-0.4;0.0;35;84.6;-3.48;95.23;10.98022086494382
2021;1;5;16;-0.5;0.0;0;86.2;-3.26;95.25;10.977981622324936
2021;1;5;17;-0.5;0.0;0;83.9;-3.72;95.26;10.975739784480986
2021;1;5;18;-0.5;0.0;0;82.8;-3.94;95.26;10.973495352565301
2021;1;5;19;-0.6;0.0;0;82.8;-4.04;95.25;10.971248327732551
2021;1;5;20;-0.7;0.0;0;83.3;-4.04;95.27;10.968998711138743
2021;1;5;21;-0.9;0.0;0;79.3;-5.04;95.28;10.966746503941213
2021;1;5;22;-1.0;0.0;0;80.3;-4.94;95.29;10.964491707298631
2021;1;5;23;-1.2;0.0;0;79.5;-5.3;95.29;10.962234322371
2021;1;6;0;-1.3;0.0;0;82.1;-4.88;95.29;10.959974350319653
2021;1;6;1;-1.3;0.0;0;81.6;-4.98;95.3;10.957711792307258
2021;1;6;2;-1.3;0.0;0;80.5;-5.2;95.35;10.955446649497805
2021;1;6;3;-1.2;0.0;0;77.2;-5.76;95.36;10.953178923056623
2021;1;6;4;-1.1;0.0;0;73.6;-6.38;95.34;10.950908614150364
2021;1;6;5;-1.3;0.0;0;81.1;-5.08;95.34;10.948635723947014
2021;1;6;6;-1.4;0.0;0;81.4;-5.12;95.35;10.946360253615879
2021;1;6;7;-1.4;0.0;0;83.6;-4.68;95.39;10.9440822043276
2021;1;6;8;-1.4;0.0;30;82.9;-4.82;95.44;10.941801577254143
2021;1;6;9;-1.0;0.0;87;81.8;-4.64;95.49;10.939518373568799
2021;1;6;10;-0.6;0.0;131;75.2;-5.56;95.55;10.937232594446185
2021;1;6;11;-0.2;0.0;171;75.3;-5.14;95.54;10.934944241062238
2021;1;6;12;0.1;0.0;158;68.9;-6.12;95.5;10.93265331459423
2021;1;6;13;0.3;0.0;140;68.2;-6.06;95.48;10.930359816220745
2021;1;6;14;0.4;0.0;97;65.3;-6.54;95.51;10.928063747121701
2021;1;6;15;0.4;112.2525576;37;66.8;-6.24;95.53;10.925765108478334
2021;1;6;16;0.1;0.0;0;73.5;-5.2;95.55;10.923463901473195
2021;1;6;17;0.2;0.0;0;69.4;-5.92;95.59;10.921160127290168
2021;1;6;18;-0.1;0.0;0;73.3;-5.44;95.62;10.918853787114449
2021;1;6;19;-0.3;0.0;0;77.1;-4.88;95.64;10.91654488213256
2021;1;6;20;-0.3;0.0;0;78.0;-4.7;95.67;10.91423341353234
2021;1;6;21;-0.5;0.0;0;81.4;-4.22;95.68;10.911919382502946
2021;1;6;22;-0.5;0.0;0;78.7;-4.76;95.69;10.909602790234853
2021;1;6;23;-0.7;0.0;0;81.8;-4.34;95.68;10.907283637919857
2021;1;7;0;-0.8;0.0;0;81.9;-4.42;95.7;10.904961926751067
2021;1;7;1;-0.8;0.0;0;81.9;-4.42;95.71;10.902637657922913
2021;1;7;2;-0.7;0.0;0;79.8;-4.74;95.71;10.900310832631131
2021;1;7;3;-1.0;0.0;0;83.5;-4.3;95.7;10.897981452072791
2021;1;7;4;-0.8;0.0;0;79.3;-4.94;95.66;10.895649517446255
2021;1;7;5;-1.2;0.0;0;83.8;-4.44;95.66;10.893315029951214
2021;1;7;6;-1.4;0.0;0;86.7;-4.06;95.63;10.89097799078867
2021;1;7;7;-1.2;0.0;0;80.2;-5.16;95.65;10.888638401160932
2021;1;7;8;-1.0;0.0;25;79.0;-5.2;95.67;10.886296262271625
2021;1;7;9;-0.6;0.0;99;75.1;-5.58;95.7;10.883951575325689
2021;1;7;10;0.6;127.329618;122;71.2;-5.16;95.7;10.881604341529371
2021;1;7;11;1.6;679.6711772;157;68.7;-4.66;95.66;10.879254562090226
2021;1;7;12;1.5;489.3768602;170;69.3;-4.64;95.61;10.876902238217124
2021;1;7;13;1.7;609.0957514;142;67.7;-4.76;95.57;10.874547371120237
2021;1;7;14;2.1;704.8089433;98;66.1;-4.68;95.56;10.872189962011056
2021;1;7;15;1.9;1000.0;22;62.8;-5.54;95.57;10.869830012102366
2021;1;7;16;1.6;0.0;0;64.1;-5.58;95.6;10.867467522608273
2021;1;7;17;0.0;0.0;0;78.0;-4.4;95.63;10.865102494744178
2021;1;7;18;-1.2;0.0;0;81.4;-4.92;95.65;10.862734929726798
2021;1;7;19;-1.5;0.0;0;83.7;-4.76;95.68;10.860364828774147
2021;1;7;20;-1.1;0.0;0;80.8;-4.94;95.69;10.857992193105545
2021;1;7;21;-1.4;0.0;0;84.6;-4.48;95.7;10.855617023941623
2021;1;7;22;-1.2;0.0;0;83.8;-4.44;95.7;10.853239322504304
2021;1;7;23;-1.5;0.0;0;85.6;-4.38;95.7;10.850859090016824
2021;1;8;0;-1.3;0.0;0;79.7;-5.36;95.7;10.848476327703718
2021;1;8;1;-1.4;0.0;0;82.5;-4.9;95.69;10.84609103679082
2021;1;8;2;-1.4;0.0;0;79.3;-5.54;95.73;10.843703218505265
2021;1;8;3;-1.4;0.0;0;75.7;-6.26;95.74;10.841312874075491
2021;1;8;4;-1.8;0.0;0;78.2;-6.16;95.72;10.838920004731238
2021;1;8;5;-2.3;0.0;0;78.1;-6.68;95.69;10.836524611703535
2021;1;8;6;-2.2;0.0;0;78.8;-6.44;95.71;10.83412669622472
2021;1;8;7;-2.3;0.0;0;76.7;-6.96;95.74;10.83172625952842
2021;1;8;8;-2.6;0.0;40;75.4;-7.52;95.77;10.829323302849566
2021;1;8;9;-1.8;23.61176706;100;72.5;-7.3;95.83;10.826917827424385
2021;1;8;10;-0.5;293.2565842;139;65.9;-7.32;95.84;10.824509834490396
2021;1;8;11;0.9;455.3114485;170;65.8;-5.94;95.81;10.82209932528641
2021;1;8;12;1.2;629.5456355;138;63.8;-6.04;95.74;10.819686301052544
2021;1;8;13;1.9;673.0698119;129;61.9;-5.72;95.71;10.817270763030198
2021;1;8;14;2.2;787.4658326;85;57.7;-6.26;95.71;10.814852712462073
2021;1;8;15;1.9;1000.0;34;57.1;-6.68;95.72;10.812432150592155
2021;1;8;16;-0.2;0.0;0;71.8;-5.84;95.75;10.810009078665729
2021;1;8;17;-0.3;0.0;0;67.0;-6.9;95.77;10.807583497929368
2021;1;8;18;-1.2;0.0;0;72.8;-6.64;95.79;10.805155409630931
2021;1;8;19;-1.6;0.0;0;73.4;-6.92;95.83;10.80272481501958
2021;1;8;20;-1.9;0.0;0;76.4;-6.62;95.84;10.800291715345754
2021;1;8;21;-1.8;0.0;0;74.3;-6.94;95.88;10.797856111861186
2021;1;8;22;-3.4;0.0;0;81.9;-7.02;95.88;10.795418005818894
2021;1;8;23;-3.9;0.0;0;83.9;-7.12;95.87;10.792977398473187
2021;1;9;0;-3.9;0.0;0;82.6;-7.38;95.86;10.790534291079663
2021;1;9;1;-4.9;0.0;0;87.2;-7.46;95.85;10.788088684895197
2021;1;9;2;-3.6;0.0;0;83.8;-6.84;95.87;10.785640581177958
2021;1;9;3;-4.2;0.0;0;85.7;-7.06;95.86;10.783189981187398
2021;1;9;4;-4.8;0.0;0;89.3;-6.94;95.86;10.78073688618425
2021;1;9;5;-4.7;0.0;0;90.1;-6.68;95.83;10.778281297430539
2021;1;9;6;-4.1;0.0;0;86.6;-6.78;95.83;10.775823216189558
2021;1;9;7;-3.8;0.0;0;81.0;-7.6;95.87;10.773362643725896
2021;1;9;8;-4.0;0.0;45;81.7;-7.66;95.9;10.77089958130542
2021;1;9;9;-3.0;0.0;98;78.4;-7.32;95.93;10.768434030195277
2021;1;9;10;-2.3;318.0498811;112;75.4;-7.22;95.94;10.76596599166389
2021;1;9;11;-0.9;535.1345;130;69.6;-6.98;95.87;10.763495466980967
2021;1;9;12;-0.7;505.2682842;127;69.1;-6.88;95.82;10.761022457417495
2021;1;9;13;-0.6;878.5935101;0;73.1;-5.98;95.78;10.758546964245738
2021;1;9;14;-0.6;802.7190553;0;69.0;-6.8;95.78;10.756068988739239
2021;1;9;15;-0.8;494.8207481;39;71.4;-6.52;95.81;10.753588532172813
2021;1;9;16;-0.9;0.0;0;70.8;-6.74;95.83;10.751105595822562
2021;1;9;17;-0.7;0.0;0;69.9;-6.72;95.87;10.748620180965851
2021;1;9;18;-0.7;0.0;0;72.1;-6.28;95.9;10.746132288881327
2021;1;9;19;-0.7;0.0;0;70.9;-6.52;95.92;10.743641920848916
2021;1;9;20;-0.9;0.0;0;72.3;-6.44;95.91;10.741149078149807
2021;1;9;21;-1.1;0.0;0;73.0;-6.5;95.92;10.73865376206647
2021;1;9;22;-1.2;0.0;0;73.6;-6.48;95.93;10.736155973882642
2021;1;9;23;-1.3;0.0;0;73.9;-6.52;95.92;10.733655714883339
2021;1;10;0;-1.4;0.0;0;74.1;-6.58;95.94;10.731152986354843
2021;1;10;1;-1.5;0.0;0;72.5;-7.0;95.95;10.728647789584702
2021;1;10;2;-1.6;0.0;0;70.6;-7.48;95.98;10.726140125861747
2021;1;10;3;-1.6;0.0;0;70.9;-7.42;95.95;10.723629996476063
2021;1;10;4;-1.7;0.0;0;70.3;-7.64;95.93;10.721117402719019
2021;1;10;5;-1.8;0.0;0;70.3;-7.74;95.92;10.718602345883237
2021;1;10;6;-2.0;0.0;0;72.0;-7.6;95.91;10.716084827262616
2021;1;10;7;-2.0;0.0;0;69.0;-8.2;95.93;10.713564848152316
2021;1;10;8;-2.0;0.0;24;68.9;-8.22;95.93;10.711042409848769
2021;1;10;9;-1.8;83.83548119;38;70.1;-7.78;95.96;10.708517513649666
2021;1;10;10;-1.1;79.02014044;144;67.6;-7.58;95.99;10.705990160853963
2021;1;10;11;-0.3;825.9514357;144;62.8;-7.74;95.98;10.703460352761883
2021;1;10;12;-1.1;681.9138365;115;63.2;-8.46;95.91;10.700928090674912
2021;1;10;13;-0.5;698.7136279;132;60.2;-8.46;95.87;10.698393375895796
2021;1;10;14;-0.3;781.0727012;94;59.0;-8.5;95.88;10.695856209728543
2021;1;10;15;-0.6;1000.0;22;60.8;-8.44;95.93;10.693316593478427
2021;1;10;16;-1.3;0.0;0;64.0;-8.5;95.99;10.690774528451975
2021;1;10;17;-1.9;0.0;0;67.6;-8.38;96.03;10.688230015956977
2021;1;10;18;-2.1;0.0;0;67.3;-8.64;96.06;10.685683057302485
2021;1;10;19;-2.9;0.0;0;74.5;-8.0;96.12;10.683133653798809
2021;1;10;20;-2.9;0.0;0;72.4;-8.42;96.12;10.680581806757509
2021;1;10;21;-3.4;0.0;0;74.6;-8.48;96.16;10.67802751749141
2021;1;10;22;-2.5;0.0;0;68.5;-8.8;96.18;10.675470787314593
2021;1;10;23;-2.5;0.0;0;69.1;-8.68;96.19;10.672911617542393
2021;1;11;0;-2.7;0.0;0;70.5;-8.6;96.18;10.6703500094914
2021;1;11;1;-2.8;0.0;0;70.5;-8.7;96.19;10.667785964479458
2021;1;11;2;-2.8;0.0;0;70.2;-8.76;96.23;10.665219483825664
2021;1;11;3;-2.9;0.0;0;70.1;-8.88;96.24;10.66265056885037
2021;1;11;4;-3.0;0.0;0;70.8;-8.84;96.23;10.660079220875183
2021;1;11;5;-3.1;0.0;0;70.7;-8.96;96.24;10.657505441222954
2021;1;11;6;-3.6;0.0;0;69.9;-9.62;96.28;10.654929231217789
2021;1;11;7;-3.5;0.0;0;72.3;-9.04;96.32;10.65235059218505
2021;1;11;8;-3.7;0.0;42;71.5;-9.4;96.37;10.649769525451337
2021;1;11;9;-3.6;0.0;104;70.0;-9.6;96.41;10.64718603234451
2021;1;11;10;-3.5;0.0;147;69.6;-9.58;96.46;10.64460011419367
2021;1;11;11;-3.1;53.39107984;122;68.0;-9.5;96.43;10.64201177232917
2021;1;11;12;-2.7;602.6712619;45;65.9;-9.52;96.34;10.639421008082605
2021;1;11;13;-2.3;1000.0;43;64.8;-9.34;96.28;10.63682782278682
2021;1;11;14;-2.1;978.4048387;37;64.4;-9.22;96.28;10.63423221777591
2021;1;11;15;-1.9;1000.0;23;63.2;-9.26;96.3;10.631634194385205
2021;1;11;16;-2.5;0.0;0;66.4;-9.22;96.33;10.629033753951283
2021;1;11;17;-4.1;0.0;0;76.6;-8.78;96.34;10.626430897811966
2021;1;11;18;-5.2;0.0;0;81.0;-9.0;96.4;10.62382562730632
2021;1;11;19;-5.2;0.0;0;79.8;-9.24;96.42;10.621217943774656
2021;1;11;20;-6.1;0.0;0;82.6;-9.58;96.42;10.618607848558518
2021;1;11;21;-5.8;0.0;0;78.1;-10.18;96.42;10.615995343000696
2021;1;11;22;-6.6;0.0;0;82.1;-10.18;96.43;10.61338042844522
2021;1;11;23;-6.8;0.0;0;80.3;-10.74;96.43;10.610763106237357
2021;1;12;0;-6.2;0.0;0;79.5;-10.3;96.43;10.608143377723618
2021;1;12;1;-6.1;0.0;0;84.2;-9.26;96.46;10.605521244251745
2021;1;12;2;-5.4;0.0;0;83.2;-8.76;96.47;10.602896707170721
2021;1;12;3;-3.7;0.0;0;82.3;-7.24;96.44;10.600269767830767
2021;1;12;4;-3.3;0.0;0;81.7;-6.96;96.4;10.597640427583334
2021;1;12;5;-2.7;0.0;0;81.4;-6.42;96.39;10.595008687781117
2021;1;12;6;-2.2;0.0;0;79.8;-6.24;96.35;10.592374549778034
2021;1;12;7;-2.1;0.0;0;80.5;-6.0;96.35;10.58973801492925
2021;1;12;8;-1.6;0.0;34;77.9;-6.02;96.34;10.58709908459115
2021;1;12;9;-1.1;0.0;52;77.6;-5.58;96.36;10.584457760121364
2021;1;12;10;-0.3;0.0;60;75.1;-5.28;96.31;10.581814042878744
2021;1;12;11;0.3;2.790869378;89;72.8;-5.14;96.26;10.579167934223378
2021;1;12;12;0.6;322.2966717;0;75.3;-4.34;96.13;10.576519435516579
2021;1;12;13;0.2;250.9530736;0;85.9;-2.62;96.05;10.573868548120897
2021;1;12;14;0.1;0.0;39;93.3;-1.24;96.0;10.571215273400108
2021;1;12;15;0.3;0.0;45;94.7;-0.76;95.97;10.568559612719213
2021;1;12;16;0.4;0.0;0;94.9;-0.62;95.96;10.565901567444442
2021;1;12;17;0.7;0.0;0;94.2;-0.46;95.94;10.563241138943258
2021;1;12;18;1.1;0.0;0;91.7;-0.56;95.95;10.560578328584338
2021;1;12;19;1.3;0.0;0;91.1;-0.48;95.96;10.557913137737593
2021;1;12;20;1.3;0.0;0;92.5;-0.2;95.97;10.555245567774161
2021;1;12;21;1.6;0.0;0;91.6;-0.08;95.97;10.552575620066394
2021;1;12;22;1.7;0.0;0;90.6;-0.18;96.0;10.549903295987875
2021;1;12;23;2.0;0.0;0;89.9;-0.02;96.02;10.547228596913408
2021;1;13;0;2.0;0.0;0;89.7;-0.06;96.06;10.54455152421902
2021;1;13;1;2.0;0.0;0;91.1;0.22;96.08;10.541872079281955
2021;1;13;2;2.3;0.0;0;89.4;0.18;96.13;10.539190263480679
2021;1;13;3;2.4;0.0;0;89.0;0.2;96.16;10.53650607819488
2021;1;13;4;2.3;0.0;0;89.8;0.26;96.18;10.533819524805466
2021;1;13;5;2.4;0.0;0;89.9;0.38;96.21;10.531130604694559
2021;1;13;6;2.6;0.0;0;88.4;0.28;96.22;10.5284393192455
2021;1;13;7;2.4;0.0;0;89.6;0.32;96.26;10.525745669842845
2021;1;13;8;2.8;0.0;28;87.9;0.38;96.33;10.523049657872374
2021;1;13;9;2.4;0.0;102;91.2;0.64;96.39;10.520351284721071
2021;1;13;10;3.4;0.0;149;87.7;0.94;96.42;10.517650551777148
2021;1;13;11;3.8;0.0;133;87.2;1.24;96.41;10.514947460430015
2021;1;13;12;4.0;37.94366083;101;86.3;1.26;96.38;10.512242012070312
2021;1;13;13;4.1;20.96971851;72;85.1;1.12;96.33;10.509534208089878
2021;1;13;14;3.9;0.0;72;86.4;1.18;96.32;10.506824049881773
2021;1;13;15;4.2;0.0;24;83.4;0.88;96.28;10.504111538840263
2021;1;13;16;3.3;0.0;0;83.9;0.08;96.3;10.501396676360827
2021;1;13;17;2.5;0.0;0;90.4;0.58;96.28;10.49867946384015
2021;1;13;18;2.5;0.0;0;91.1;0.72;96.25;10.495959902676132
2021;1;13;19;2.5;0.0;0;92.4;0.98;96.25;10.49323799426788
2021;1;13;20;2.7;0.0;0;93.0;1.3;96.27;10.4905137400157
2021;1;13;21;3.2;0.0;0;91.3;1.46;96.25;10.487787141321117
2021;1;13;22;3.8;0.0;0;90.4;1.88;96.22;10.485058199586854
2021;1;13;23;4.1;0.0;0;89.7;2.04;96.23;10.482326916216842
2021;1;14;0;4.6;0.0;0;85.8;1.76;96.21;10.479593292616222
2021;1;14;1;4.5;0.0;0;88.1;2.12;96.19;10.476857330191326
2021;1;14;2;4.7;0.0;0;86.4;1.98;96.2;10.474119030349698
2021;1;14;3;4.5;0.0;0;87.8;2.06;96.2;10.47137839450009
2021;1;14;4;4.4;0.0;0;87.4;1.88;96.16;10.46863542405244
2021;1;14;5;4.8;0.0;0;83.5;1.5;96.14;10.465890120417903
2021;1;14;6;4.9;0.0;0;81.3;1.16;96.08;10.463142485008827
2021;1;14;7;4.7;0.0;0;83.2;1.34;96.09;10.460392519238756
2021;1;14;8;4.8;0.0;24;83.1;1.42;96.03;10.45764022452244
2021;1;14;9;4.9;0.0;37;82.2;1.34;96.06;10.454885602275827
2021;1;14;10;5.3;0.0;110;77.8;0.86;96.07;10.452128653916056
2021;1;14;11;5.1;0.0;138;81.7;1.44;96.04;10.449369380861464
2021;1;14;12;5.0;0.0;167;83.6;1.72;96.0;10.44660778453159
2021;1;14;13;5.0;0.0;144;84.6;1.92;95.97;10.443843866347162
2021;1;14;14;4.8;0.0;113;86.7;2.14;95.94;10.441077627730108
2021;1;14;15;4.2;6.688653315;24;93.3;2.86;95.94;10.438309070103546
2021;1;14;16;4.2;0.0;0;89.8;2.16;95.91;10.435538194891787
2021;1;14;17;3.8;0.0;0;92.6;2.32;95.84;10.432765003520334
2021;1;14;18;4.0;0.0;0;89.9;1.98;95.77;10.429989497415884
2021;1;14;19;3.7;0.0;0;91.8;2.06;95.71;10.427211678006325
2021;1;14;20;3.9;0.0;0;90.3;1.96;95.67;10.42443154672073
2021;1;14;21;3.9;0.0;0;91.5;2.2;95.64;10.421649104989367
2021;1;14;22;3.8;0.0;0;92.7;2.34;95.62;10.418864354243693
2021;1;14;23;3.8;0.0;0;91.3;2.06;95.62;10.416077295916345
2021;1;15;0;3.8;0.0;0;88.7;1.54;95.63;10.41328793144116
2021;1;15;1;3.4;0.0;0;89.6;1.32;95.62;10.410496262253146
2021;1;15;2;3.5;0.0;0;90.7;1.64;95.63;10.40770228978851
2021;1;15;3;3.8;0.0;0;89.3;1.66;95.65;10.404906015484636
2021;1;15;4;3.9;0.0;0;87.4;1.38;95.65;10.402107440780096
2021;1;15;5;3.9;0.0;0;86.3;1.16;95.66;10.39930656711465
2021;1;15;6;3.6;0.0;0;89.4;1.48;95.71;10.396503395929223
2021;1;15;7;3.8;0.0;0;86.8;1.16;95.74;10.393697928665944
2021;1;15;8;3.8;0.0;25;88.8;1.56;95.8;10.39089016676811
2021;1;15;9;3.6;0.0;48;90.1;1.62;95.89;10.388080111680203
2021;1;15;10;3.1;0.0;125;85.7;0.24;96.01;10.385267764847882
2021;1;15;11;0.7;0.0;84;94.5;-0.4;96.08;10.382453127717985
2021;1;15;12;-0.1;82.67331596;45;95.8;-0.94;96.12;10.379636201738535
2021;1;15;13;-0.2;0.0;158;97.6;-0.68;96.15;10.376816988358723
2021;1;15;14;0.5;139.8711297;38;86.1;-2.28;96.23;10.373995489028923
2021;1;15;15;-0.2;0.0;25;89.7;-2.26;96.33;10.371171705200684
2021;1;15;16;-0.3;0.0;0;86.1;-3.08;96.44;10.368345638326726
2021;1;15;17;-0.6;0.0;0;74.0;-5.8;96.51;10.36551728986095
2021;1;15;18;-0.9;0.0;0;77.6;-5.38;96.58;10.362686661258428
2021;1;15;19;-1.1;0.0;0;75.0;-6.1;96.64;10.359853753975404
2021;1;15;20;-1.3;0.0;0;73.9;-6.52;96.67;10.357018569469293
2021;1;15;21;-1.6;0.0;0;74.1;-6.78;96.69;10.354181109198688
2021;1;15;22;-2.3;0.0;0;76.1;-7.08;96.73;10.351341374623345
2021;1;15;23;-3.4;0.0;0;84.1;-6.58;96.78;10.348499367204194
2021;1;16;0;-3.7;0.0;0;83.5;-7.0;96.81;10.345655088403337
2021;1;16;1;-3.7;0.0;0;84.1;-6.88;96.8;10.342808539684036
2021;1;16;2;-4.3;0.0;0;88.6;-6.58;96.82;10.33995972251073
2021;1;16;3;-5.0;0.0;0;93.4;-6.32;96.85;10.337108638349019
2021;1;16;4;-5.0;0.0;0;92.6;-6.48;96.85;10.334255288665672
2021;1;16;5;-5.2;0.0;0;93.7;-6.46;96.86;10.331399674928624
2021;1;16;6;-5.2;0.0;0;92.5;-6.7;96.87;10.328541798606974
2021;1;16;7;-5.2;0.0;0;92.3;-6.74;96.87;10.325681661170982
2021;1;16;8;-4.4;0.0;33;89.3;-6.54;96.88;10.322819264092075
2021;1;16;9;-4.2;70.66471415;39;85.8;-7.04;96.9;10.319954608842842
2021;1;16;10;-3.6;245.696354;44;82.3;-7.14;96.9;10.317087696897035
2021;1;16;11;-3.1;232.9321017;47;81.4;-6.82;96.83;10.314218529729562
2021;1;16;12;-2.3;0.0;161;77.5;-6.8;96.76;10.311347108816495
2021;1;16;13;-2.1;171.7075696;85;78.5;-6.4;96.7;10.308473435635065
2021;1;16;14;-1.7;369.3821177;28;76.5;-6.4;96.65;10.305597511663667
2021;1;16;15;-1.5;166.1367609;39;75.1;-6.48;96.64;10.302719338381841
2021;1;16;16;-1.1;0.0;0;75.1;-6.08;96.62;10.299838917270293
2021;1;16;17;-1.3;0.0;0;78.2;-5.66;96.61;10.296956249810883
2021;1;16;18;-1.2;0.0;0;77.7;-5.66;96.58;10.294071337486631
2021;1;16;19;-1.0;0.0;0;80.7;-4.86;96.52;10.291184181781711
2021;1;16;20;-0.6;0.0;0;80.9;-4.42;96.47;10.288294784181442
2021;1;16;21;-0.8;0.0;0;87.8;-3.24;96.38;10.285403146172309
2021;1;16;22;-1.0;0.0;0;91.8;-2.64;96.28;10.282509269241938
2021;1;16;23;-1.0;0.0;0;95.9;-1.82;96.21;10.279613154879119
2021;1;17;0;-0.4;0.0;0;85.1;-3.38;96.14;10.276714804573782
2021;1;17;1;-0.3;0.0;0;90.7;-2.16;96.03;10.273814219817012
2021;1;17;2;0.2;0.0;0;84.7;-2.86;95.95;10.270911402101047
2021;1;17;3;0.1;0.0;0;85.6;-2.78;96.07;10.268006352919267
2021;1;17;4;0.5;0.0;0;85.0;-2.5;96.01;10.265099073766205
2021;1;17;5;0.9;0.0;0;86.5;-1.8;96.04;10.26218956613754
2021;1;17;6;1.4;0.0;0;83.8;-1.84;96.06;10.259277831530094
2021;1;17;7;1.4;0.0;0;85.0;-1.6;96.08;10.256363871441838
2021;1;17;8;1.8;0.0;43;84.1;-1.38;96.13;10.253447687371889
2021;1;17;9;2.0;0.0;74;82.4;-1.52;96.17;10.250529280820507
2021;1;17;10;2.3;0.0;115;83.1;-1.08;96.25;10.247608653289095
2021;1;17;11;2.4;0.0;135;84.6;-0.68;96.24;10.244685806280199
2021;1;17;12;2.3;0.0;181;85.8;-0.54;96.19;10.241760741297504
2021;1;17;13;2.1;0.0;159;90.4;0.18;96.19;10.23883345984584
2021;1;17;14;2.1;0.0;107;89.7;0.04;96.26;10.235903963431179
2021;1;17;15;2.1;93.69139124;42;88.6;-0.18;96.36;10.232972253560625
2021;1;17;16;1.9;0.0;0;88.3;-0.44;96.45;10.230038331742424
2021;1;17;17;1.8;0.0;0;88.6;-0.48;96.56;10.227102199485966
2021;1;17;18;1.8;0.0;0;88.9;-0.42;96.65;10.224163858301772
2021;1;17;19;1.3;0.0;0;89.0;-0.9;96.68;10.221223309701497
2021;1;17;20;1.2;0.0;0;89.7;-0.86;96.7;10.21828055519794
2021;1;17;21;1.7;0.0;0;86.7;-0.96;96.75;10.215335596305025
2021;1;17;22;0.6;0.0;0;90.3;-1.34;96.75;10.212388434537818
2021;1;17;23;1.2;0.0;0;87.8;-1.24;96.79;10.209439071412516
2021;1;18;0;0.6;0.0;0;89.1;-1.58;96.8;10.20648750844645
2021;1;18;1;0.0;0.0;0;91.9;-1.62;96.8;10.203533747158076
2021;1;18;2;-0.6;0.0;0;92.5;-2.1;96.83;10.200577789066987
2021;1;18;3;0.1;0.0;0;89.5;-2.0;96.86;10.197619635693908
2021;1;18;4;0.4;0.0;0;85.3;-2.54;96.84;10.194659288560684
2021;1;18;5;0.4;0.0;0;85.3;-2.54;96.87;10.191696749190303
2021;1;18;6;0.1;0.0;0;90.4;-1.82;96.91;10.188732019106869
2021;1;18;7;0.0;0.0;0;89.2;-2.16;96.93;10.185765099835612
2021;1;18;8;0.8;0.0;26;81.5;-2.9;96.94;10.182795992902896
2021;1;18;9;1.9;415.1063492;46;77.2;-2.66;96.96;10.17982469983621
2021;1;18;10;3.0;863.8875718;81;67.9;-3.42;96.98;10.176851222164165
2021;1;18;11;3.5;754.0669431;107;70.1;-2.48;96.99;10.173875561416493
2021;1;18;12;3.8;805.7783436;95;60.6;-4.08;96.91;10.170897719124053
2021;1;18;13;3.5;393.6248264;132;61.7;-4.16;96.83;10.167917696818824
2021;1;18;14;4.2;512.3075067;67;53.9;-5.02;96.82;10.164935496033912
2021;1;18;15;4.0;854.8511393;28;55.9;-4.82;96.83;10.161951118303536
2021;1;18;16;2.9;0.0;0;67.7;-3.56;96.82;10.15896456516304
2021;1;18;17;1.3;0.0;0;73.6;-3.98;96.84;10.155975838148883
2021;1;18;18;-0.3;0.0;0;84.3;-3.44;96.84;10.15298493879865
2021;1;18;19;-0.4;0.0;0;85.9;-3.22;96.83;10.149991868651039
2021;1;18;20;-0.3;0.0;0;83.1;-3.68;96.84;10.146996629245859
2021;1;18;21;-1.0;0.0;0;88.0;-3.4;96.84;10.143999222124044
2021;1;18;22;-1.9;0.0;0;92.5;-3.4;96.83;10.140999648827638
2021;1;18;23;-1.4;0.0;0;88.7;-3.66;96.82;10.1379979108998
2021;1;19;0;-1.9;0.0;0;89.1;-4.08;96.75;10.13499400988481
2021;1;19;1;-2.0;0.0;0;86.2;-4.76;96.7;10.131987947328048
2021;1;19;2;-2.0;0.0;0;83.4;-5.32;96.67;10.128979724776014
2021;1;19;3;-2.3;0.0;0;82.2;-5.86;96.63;10.125969343776319
2021;1;19;4;-2.1;0.0;0;80.3;-6.04;96.59;10.122956805877685
2021;1;19;5;-3.3;0.0;0;86.7;-5.96;96.56;10.11994211262994
2021;1;19;6;-3.7;0.0;0;87.5;-6.2;96.51;10.116925265584019
2021;1;19;7;-2.7;0.0;0;82.6;-6.18;96.48;10.113906266291973
2021;1;19;8;-2.9;0.0;28;84.8;-5.94;96.46;10.110885116306955
2021;1;19;9;-0.7;478.9181081;42;76.2;-5.46;96.43;10.107861817183228
2021;1;19;10;1.1;699.6637672;47;66.4;-5.62;96.43;10.104836370476157
2021;1;19;11;2.6;676.3546646;83;62.5;-4.9;96.35;10.101808777742207
2021;1;19;12;4.0;731.6499057;181;54.8;-5.04;96.27;10.09877904053896
2021;1;19;13;5.0;677.5697918;157;50.4;-4.92;96.19;10.095747160425091
2021;1;19;14;5.6;767.1755841;118;46.9;-5.02;96.13;10.09271313896038
2021;1;19;15;5.8;1000.0;55;46.0;-5.0;96.11;10.089676977705714
2021;1;19;16;4.4;0.0;0;52.7;-5.06;96.07;10.086638678223071
2021;1;19;17;2.4;0.0;0;60.4;-5.52;96.04;10.083598242075535
2021;1;19;18;2.0;0.0;0;63.8;-5.24;96.04;10.080555670827291
2021;1;19;19;2.1;0.0;0;62.6;-5.38;96.01;10.07751096604362
2021;1;19;20;1.7;0.0;0;65.9;-5.12;96.01;10.074464129290895
2021;1;19;21;1.0;0.0;0;71.9;-4.62;95.96;10.071415162136596
2021;1;19;22;0.4;0.0;0;74.8;-4.64;95.93;10.068364066149293
2021;1;19;23;1.7;0.0;0;66.3;-5.04;95.9;10.065310842898656
2021;1;20;0;0.1;0.0;0;75.6;-4.78;95.81;10.062255493955442
2021;1;20;1;-0.2;0.0;0;75.9;-5.02;95.75;10.059198020891504
2021;1;20;2;-1.2;0.0;0;82.1;-4.78;95.71;10.05613842527979
2021;1;20;3;-1.1;0.0;0;81.9;-4.72;95.68;10.053076708694341
2021;1;20;4;1.3;0.0;0;69.5;-4.8;95.64;10.050012872710287
2021;1;20;5;0.6;0.0;0;74.2;-4.56;95.6;10.04694691890385
2021;1;20;6;-0.5;0.0;0;79.1;-4.68;95.57;10.043878848852334
2021;1;20;7;-1.8;0.0;0;85.7;-4.66;95.54;10.040808664134145
2021;1;20;8;-1.4;0.0;53;85.6;-4.28;95.49;10.037736366328767
2021;1;20;9;0.3;0.0;109;79.4;-3.82;95.46;10.034661957016777
2021;1;20;10;1.7;66.89143477;142;75.1;-3.28;95.42;10.031585437779828
2021;1;20;11;2.7;5.238313077;189;71.5;-3.0;95.34;10.028506810200671
2021;1;20;12;4.3;587.1852936;49;62.2;-3.26;95.23;10.025426075863137
2021;1;20;13;4.8;860.5519124;0;61.9;-2.82;95.12;10.022343236352139
2021;1;20;14;5.4;841.766084;43;62.6;-2.08;95.03;10.019258293253674
2021;1;20;15;5.2;653.7829356;53;62.6;-2.28;94.99;10.01617124815482
2021;1;20;16;4.4;0.0;0;67.3;-2.14;94.93;10.01308210264374
2021;1;20;17;1.4;0.0;0;84.1;-1.78;94.89;10.009990858309672
2021;1;20;18;1.2;0.0;0;84.2;-1.96;94.86;10.006897516742942
2021;1;20;19;0.9;0.0;0;85.0;-2.1;94.85;10.00380207953495
2021;1;20;20;0.3;0.0;0;86.6;-2.38;94.83;10.000704548278168
2021;1;20;21;-0.5;0.0;0;93.5;-1.8;94.79;9.997604924566158
2021;1;20;22;0.4;0.0;0;87.0;-2.2;94.79;9.994503209993546
2021;1;20;23;-0.2;0.0;0;89.6;-2.28;94.79;9.991399406156045
2021;1;21;0;0.8;0.0;0;84.7;-2.26;94.76;9.98829351465044
2021;1;21;1;0.7;0.0;0;87.8;-1.74;94.72;9.985185537074582
2021;1;21;2;0.5;0.0;0;88.2;-1.86;94.77;9.982075475027399
2021;1;21;3;0.9;0.0;0;89.9;-1.12;94.77;9.978963330108897
2021;1;21;4;5.0;0.0;0;69.1;-1.18;94.78;9.975849103920147
2021;1;21;5;4.7;0.0;0;69.4;-1.42;94.81;9.972732798063301
2021;1;21;6;5.7;0.0;0;68.8;-0.54;94.82;9.969614414141564
2021;1;21;7;6.0;0.0;0;71.4;0.28;94.83;9.966493953759223
2021;1;21;8;6.4;0.0;56;70.2;0.44;94.84;9.963371418521628
2021;1;21;9;7.9;0.0;117;62.6;0.42;94.89;9.960246810035201
2021;1;21;10;8.0;0.0;73;65.2;1.04;94.9;9.95712012990743
2021;1;21;11;8.8;228.4501621;68;60.9;0.98;94.86;9.95399137974686
2021;1;21;12;9.4;15.17737351;191;59.0;1.2;94.8;9.950860561163108
2021;1;21;13;9.7;362.1847655;71;57.7;1.24;94.71;9.94772767576686
2021;1;21;14;9.6;244.2394702;69;59.9;1.58;94.64;9.944592725169857
2021;1;21;15;9.3;182.6747079;56;61.0;1.5;94.62;9.941455710984904
2021;1;21;16;8.6;1000.0;0;64.6;1.52;94.53;9.93831663482587
2021;1;21;17;8.9;0.0;0;57.4;0.38;94.48;9.935175498307682
2021;1;21;18;7.3;0.0;0;64.0;0.1;94.46;9.93203230304633
2021;1;21;19;8.9;0.0;0;65.5;2.0;94.49;9.928887050658867
2021;1;21;20;8.7;0.0;0;70.8;2.86;94.45;9.92573974276339
2021;1;21;21;7.6;0.0;0;76.4;2.88;94.4;9.922590380979067
2021;1;21;22;7.7;0.0;0;77.0;3.1;94.4;9.91943896692612
2021;1;21;23;7.1;0.0;0;88.4;4.78;94.45;9.91628550222582
2021;1;22;0;6.4;0.0;0;83.8;3.16;94.52;9.913129988500504
2021;1;22;1;6.3;0.0;0;85.5;3.4;94.44;9.909972427373553
2021;1;22;2;6.2;0.0;0;87.4;3.68;94.39;9.906812820469408
2021;1;22;3;5.8;0.0;0;90.1;3.82;94.38;9.903651169413559
2021;1;22;4;5.9;0.0;0;86.4;3.18;94.34;9.900487475832549
2021;1;22;5;6.0;0.0;0;88.1;3.62;94.26;9.897321741353972
2021;1;22;6;5.7;0.0;0;83.9;2.48;94.14;9.894153967606467
2021;1;22;7;2.7;0.0;0;96.7;2.04;94.09;9.89098415621973
2021;1;22;8;3.3;0.0;30;94.8;2.26;94.05;9.887812308824502
2021;1;22;9;4.5;156.8191752;44;91.3;2.76;93.98;9.884638427052572
2021;1;22;10;7.1;292.3192207;132;81.0;3.3;93.9;9.881462512536773
2021;1;22;11;8.4;324.1541837;173;76.5;3.7;93.78;9.878284566910985
2021;1;22;12;8.1;65.15635984;178;77.9;3.68;93.74;9.875104591810135
2021;1;22;13;7.3;248.9352816;46;84.3;4.16;93.68;9.871922588870191
2021;1;22;14;8.2;265.0252913;88;79.2;4.04;93.65;9.868738559728172
2021;1;22;15;8.0;290.3423501;36;81.5;4.3;93.58;9.865552506022123
2021;1;22;16;7.2;798.2441413;0;86.3;4.46;93.49;9.862364429391146
2021;1;22;17;6.0;0.0;0;93.7;4.74;93.54;9.859174331475382
2021;1;22;18;6.2;0.0;0;93.1;4.82;93.6;9.855982213916002
2021;1;22;19;5.8;0.0;0;95.8;4.96;93.66;9.852788078355227
2021;1;22;20;5.2;0.0;0;87.7;2.74;93.77;9.84959192643631
2021;1;22;21;3.5;0.0;0;82.7;0.04;93.97;9.846393759803542
2021;1;22;22;3.5;0.0;0;69.0;-2.7;94.17;9.84319358010225
2021;1;22;23;1.9;0.0;0;86.3;-0.84;94.37;9.839991388978802
2021;1;23;0;1.8;0.0;0;88.8;-0.44;94.47;9.836787188080597
2021;1;23;1;2.0;0.0;0;86.8;-0.64;94.52;9.833580979056062
2021;1;23;2;2.0;0.0;0;87.9;-0.42;94.55;9.830372763554669
2021;1;23;3;2.0;0.0;0;86.6;-0.68;94.58;9.827162543226914
2021;1;23;4;1.6;0.0;0;86.1;-1.18;94.56;9.823950319724325
2021;1;23;5;1.2;0.0;0;87.1;-1.38;94.56;9.820736094699466
2021;1;23;6;1.5;0.0;0;85.5;-1.4;94.53;9.817519869805922
2021;1;23;7;1.1;0.0;0;87.6;-1.38;94.5;9.814301646698315
2021;1;23;8;1.1;0.0;40;85.2;-1.86;94.44;9.81108142703229
2021;1;23;9;1.4;77.43842683;66;85.9;-1.42;94.37;9.807859212464521
2021;1;23;10;2.7;186.0684958;123;78.9;-1.52;94.33;9.80463500465271
2021;1;23;11;3.8;581.1893942;150;68.2;-2.56;94.23;9.80140880525558
2021;1;23;12;3.8;402.1433988;112;71.1;-1.98;94.12;9.798180615932882
2021;1;23;13;3.9;211.0979767;64;70.3;-2.04;94.01;9.794950438345388
2021;1;23;14;4.5;319.1420335;82;68.5;-1.8;93.91;9.791718274154901
2021;1;23;15;3.8;109.2412703;42;74.3;-1.34;93.84;9.788484125024233
2021;1;23;16;3.2;327.7252788;0;83.0;-0.2;93.84;9.785247992617226
2021;1;23;17;2.6;0.0;0;87.2;0.04;93.86;9.78200987859874
2021;1;23;18;2.7;0.0;0;85.8;-0.14;93.86;9.778769784634656
2021;1;23;19;2.7;0.0;0;88.3;0.36;93.76;9.775527712391874
2021;1;23;20;3.0;0.0;0;87.6;0.52;93.81;9.772283663538309
2021;1;23;21;2.9;0.0;0;87.4;0.38;93.89;9.76903763974289
2021;1;23;22;3.2;0.0;0;84.3;0.06;93.97;9.765789642675568
2021;1;23;23;2.8;0.0;0;85.5;-0.1;94.07;9.762539674007309
2021;1;24;0;2.6;0.0;0;80.6;-1.28;94.1;9.759287735410092
2021;1;24;1;3.2;0.0;0;70.6;-2.68;94.2;9.756033828556905
2021;1;24;2;2.6;0.0;0;76.5;-2.1;94.27;9.752777955121754
2021;1;24;3;1.5;0.0;0;71.6;-4.18;94.31;9.749520116779658
2021;1;24;4;1.4;0.0;0;72.6;-4.08;94.36;9.746260315206642
2021;1;24;5;0.3;0.0;0;75.9;-4.52;94.38;9.742998552079744
2021;1;24;6;-1.8;0.0;0;89.1;-3.98;94.43;9.739734829077008
2021;1;24;7;-1.4;0.0;0;86.9;-4.02;94.5;9.736469147877491
2021;1;24;8;-2.2;0.0;58;93.4;-3.52;94.61;9.733201510161253
2021;1;24;9;0.1;124.7471731;113;83.6;-3.18;94.68;9.729931917609367
2021;1;24;10;1.5;587.6824866;130;62.5;-6.0;94.73;9.726660371903902
2021;1;24;11;3.0;517.6931075;197;63.9;-4.22;94.74;9.723386874727936
2021;1;24;12;3.6;867.9040551;89;59.9;-4.42;94.67;9.720111427765556
2021;1;24;13;4.6;937.0539593;74;50.3;-5.34;94.63;9.716834032701845
2021;1;24;14;4.8;951.0862745;72;56.7;-3.86;94.58;9.713554691222896
2021;1;24;15;3.6;662.6803113;47;47.3;-6.94;94.61;9.710273405015794
2021;1;24;16;2.4;1000.0;0;66.3;-4.34;94.55;9.706990175768631
2021;1;24;17;2.2;0.0;0;71.9;-3.42;94.56;9.703705005170495
2021;1;24;18;2.2;0.0;0;73.1;-3.18;94.55;9.700417894911475
2021;1;24;19;2.5;0.0;0;70.9;-3.32;94.51;9.697128846682661
2021;1;24;20;0.8;0.0;0;81.0;-3.0;94.52;9.693837862176132
2021;1;24;21;0.4;0.0;0;84.3;-2.74;94.49;9.690544943084966
2021;1;24;22;-0.3;0.0;0;95.9;-1.12;94.4;9.687250091103243
2021;1;24;23;0.1;0.0;0;93.0;-1.3;94.37;9.68395330792603
2021;1;25;0;0.4;0.0;0;89.4;-1.72;94.32;9.68065459524939
2021;1;25;1;0.4;0.0;0;88.7;-1.86;94.31;9.677353954770377
2021;1;25;2;0.8;0.0;0;88.7;-1.46;94.31;9.674051388187038
2021;1;25;3;0.3;0.0;0;95.5;-0.6;94.36;9.670746897198411
2021;1;25;4;1.4;0.0;0;77.1;-3.18;94.39;9.667440483504524
2021;1;25;5;1.1;0.0;0;77.4;-3.42;94.46;9.664132148806399
2021;1;25;6;0.7;0.0;0;74.0;-4.5;94.48;9.660821894806034
2021;1;25;7;-0.3;0.0;0;92.3;-1.84;94.55;9.657509723206424
2021;1;25;8;0.0;0.0;45;83.4;-3.32;94.63;9.65419563571155
2021;1;25;9;0.8;123.1356388;95;76.2;-3.96;94.7;9.650879634026381
2021;1;25;10;1.5;329.9018179;144;76.1;-3.28;94.77;9.647561719856858
2021;1;25;11;1.5;300.1745245;170;73.5;-3.8;94.84;9.64424189490992
2021;1;25;12;0.9;426.1072556;141;81.6;-2.78;94.86;9.640920160893485
2021;1;25;13;2.0;272.7770745;161;68.6;-4.28;94.88;9.637596519516446
2021;1;25;14;1.9;422.812351;100;71.0;-3.9;94.95;9.634270972488688
2021;1;25;15;1.9;575.282211;39;70.6;-3.98;95.02;9.630943521521072
2021;1;25;16;0.1;533.3000751;0;89.5;-2.0;95.16;9.627614168325435
2021;1;25;17;0.8;0.0;0;71.0;-5.0;95.24;9.624282914614597
2021;1;25;18;0.3;0.0;0;76.8;-4.34;95.35;9.620949762102352
2021;1;25;19;0.2;0.0;0;84.0;-3.0;95.46;9.61761471250348
2021;1;25;20;0.1;0.0;0;78.3;-4.24;95.56;9.614277767533721
2021;1;25;21;0.2;0.0;0;73.6;-5.08;95.67;9.610938928909807
2021;1;25;22;-0.2;0.0;0;76.2;-4.96;95.74;9.607598198349432
2021;1;25;23;-0.9;0.0;0;81.0;-4.7;95.82;9.60425557757127
2021;1;26;0;-0.5;0.0;0;80.5;-4.4;95.9;9.600911068294964
2021;1;26;1;-0.5;0.0;0;79.0;-4.7;95.96;9.597564672241132
2021;1;26;2;-1.0;0.0;0;81.4;-4.72;96.03;9.594216391131358
2021;1;26;3;-1.6;0.0;0;81.3;-5.34;96.09;9.590866226688197
2021;1;26;4;-2.4;0.0;0;80.9;-6.22;96.14;9.587514180635178
2021;1;26;5;-2.8;0.0;0;80.8;-6.64;96.24;9.584160254696792
2021;1;26;6;-2.9;0.0;0;76.9;-7.52;96.32;9.5808044505985
2021;1;26;7;-3.7;0.0;0;80.9;-7.52;96.41;9.577446770066729
2021;1;26;8;-3.4;0.0;63;79.5;-7.5;96.46;9.574087214828868
2021;1;26;9;-1.8;301.828978;119;74.1;-6.98;96.49;9.570725786613275
2021;1;26;10;-0.5;111.686771;147;65.9;-7.32;96.54;9.567362487149275
2021;1;26;11;0.8;44.59456203;199;56.5;-7.9;96.57;9.563997318167143
2021;1;26;12;1.5;446.0600625;180;53.1;-7.88;96.53;9.560630281398126
2021;1;26;13;2.1;667.9686572;181;45.0;-8.9;96.49;9.55726137857443
2021;1;26;14;2.4;755.887377;131;43.5;-8.9;96.44;9.553890611429223
2021;1;26;15;1.8;527.2485635;71;52.5;-7.7;96.47;9.550517981696625
2021;1;26;16;0.6;841.7141583;0;57.0;-8.0;96.44;9.547143491111719
2021;1;26;17;-0.7;0.0;0;68.1;-7.08;96.44;9.543767141410546
2021;1;26;18;-1.0;0.0;0;64.6;-8.08;96.45;9.540388934330103
2021;1;26;19;-1.8;0.0;0;73.3;-7.14;96.46;9.537008871608343
2021;1;26;20;-1.9;0.0;0;69.5;-8.0;96.45;9.533626954984172
2021;1;26;21;-2.3;0.0;0;77.3;-6.84;96.49;9.530243186197447
2021;1;26;22;-2.7;0.0;0;77.7;-7.16;96.46;9.526857566988983
2021;1;26;23;-3.1;0.0;0;78.8;-7.34;96.4;9.52347009910055
2021;1;27;0;-3.5;0.0;0;79.2;-7.66;96.34;9.520080784274858
2021;1;27;1;-3.7;0.0;0;78.0;-8.1;96.27;9.516689624255577
2021;1;27;2;-3.8;0.0;0;76.4;-8.52;96.23;9.51329662078732
2021;1;27;3;-3.4;0.0;0;76.1;-8.18;96.17;9.509901775615655
2021;1;27;4;-3.0;0.0;0;81.7;-6.66;96.19;9.506505090487092
2021;1;27;5;-2.7;0.0;0;78.4;-7.02;96.19;9.503106567149088
2021;1;27;6;-2.7;0.0;0;84.4;-5.82;96.12;9.499706207350046
2021;1;27;7;-2.6;0.0;0;89.6;-4.68;96.01;9.496304012839316
2021;1;27;8;-2.0;0.0;62;85.4;-4.92;96.05;9.492899985367192
2021;1;27;9;-1.0;0.0;130;80.1;-4.98;95.98;9.489494126684907
2021;1;27;10;0.1;53.83656861;102;78.2;-4.26;95.98;9.48608643854464
2021;1;27;11;1.0;85.86996858;109;74.0;-4.2;95.97;9.482676922699511
2021;1;27;12;1.3;0.0;207;73.1;-4.08;95.96;9.479265580903576
2021;1;27;13;1.8;0.0;120;68.3;-4.54;95.9;9.475852414911836
2021;1;27;14;2.2;0.0;123;66.5;-4.5;95.88;9.47243742648023
2021;1;27;15;2.6;60.13630085;47;68.7;-3.66;95.92;9.469020617365626
2021;1;27;16;2.5;374.6901701;0;75.3;-2.44;95.89;9.46560198932584
2021;1;27;17;2.0;0.0;0;84.0;-1.2;95.88;9.46218154411962
2021;1;27;18;2.0;0.0;0;91.3;0.26;95.91;9.458759283506641
2021;1;27;19;1.7;0.0;0;94.7;0.64;95.9;9.455335209247526
2021;1;27;20;1.3;0.0;0;98.0;0.9;95.91;9.451909323103823
2021;1;27;21;1.7;0.0;0;97.0;1.1;95.91;9.44848162683801
2021;1;27;22;2.0;0.0;0;95.6;1.12;95.92;9.445052122213498
2021;1;27;23;2.5;0.0;0;94.7;1.44;95.91;9.441620810994634
2021;1;28;0;3.7;0.0;0;91.1;1.92;95.9;9.438187694946688
2021;1;28;1;3.7;0.0;0;91.2;1.94;95.86;9.43475277583586
2021;1;28;2;3.9;0.0;0;90.2;1.94;95.8;9.431316055429276
2021;1;28;3;4.1;0.0;0;89.9;2.08;95.75;9.427877535494995
2021;1;28;4;4.1;0.0;0;91.3;2.36;95.68;9.424437217801994
2021;1;28;5;4.0;0.0;0;91.6;2.32;95.59;9.420995104120184
2021;1;28;6;4.0;0.0;0;93.0;2.6;95.51;9.417551196220387
2021;1;28;7;4.4;0.0;0;91.3;2.66;95.48;9.41410549587436
2021;1;28;8;5.2;0.0;66;89.4;3.08;95.51;9.410658004854774
2021;1;28;9;6.2;0.0;127;88.8;3.96;95.47;9.407208724935229
2021;1;28;10;7.1;0.0;152;89.6;5.02;95.42;9.40375765789024
2021;1;28;11;7.3;0.0;191;91.1;5.52;95.42;9.40030480549524
2021;1;28;12;8.1;0.0;197;89.8;6.06;95.4;9.396850169526585
2021;1;28;13;8.6;48.68436211;70;90.8;6.76;95.42;9.393393751761547
2021;1;28;14;9.4;136.3023464;51;85.6;6.52;95.41;9.389935553978312
2021;1;28;15;9.8;117.7698734;34;82.5;6.3;95.4;9.386475577955988
2021;1;28;16;9.8;302.4476212;2;82.5;6.3;95.42;9.383013825474588
2021;1;28;17;10.3;0.0;0;78.3;5.96;95.45;9.37955029831505
2021;1;28;18;10.1;0.0;0;78.3;5.76;95.46;9.376084998259218
2021;1;28;19;9.9;0.0;0;80.8;6.06;95.48;9.37261792708985
2021;1;28;20;10.0;0.0;0;81.0;6.2;95.42;9.369149086590616
2021;1;28;21;9.8;0.0;0;81.2;6.04;95.45;9.36567847854609
2021;1;28;22;8.9;0.0;0;89.2;6.74;95.39;9.362206104741768
2021;1;28;23;9.3;0.0;0;82.6;5.82;95.34;9.35873196696404
2021;1;29;0;9.1;0.0;0;84.6;6.02;95.24;9.355256067000218
2021;1;29;1;8.4;0.0;0;91.6;6.72;95.2;9.351778406638505
2021;1;29;2;8.6;0.0;0;89.7;6.54;95.12;9.348298987668024
2021;1;29;3;7.8;0.0;0;91.7;6.14;95.04;9.344817811878793
2021;1;29;4;7.9;0.0;0;91.4;6.18;95.0;9.341334881061737
2021;1;29;5;8.1;0.0;0;90.3;6.16;94.92;9.33785019700869
2021;1;29;6;9.6;0.0;0;83.2;6.24;94.93;9.334363761512373
2021;1;29;7;10.4;0.0;0;75.1;5.42;94.91;9.330875576366424
2021;1;29;8;8.8;0.0;51;86.8;6.16;94.96;9.327385643365371
2021;1;29;9;9.4;0.0;94;73.9;4.18;95.1;9.323893964304649
2021;1;29;10;9.5;0.0;173;59.3;1.36;95.07;9.32040054098058
2021;1;29;11;10.1;144.3145508;176;61.9;2.48;95.13;9.316905375190395
2021;1;29;12;10.1;210.6040306;94;61.3;2.36;95.1;9.313408468732213
2021;1;29;13;9.1;0.0;183;67.9;2.68;95.08;9.309909823405054
2021;1;29;14;9.1;175.0915324;64;65.9;2.28;95.04;9.306409441008832
2021;1;29;15;8.3;398.8973944;41;74.5;3.2;95.01;9.302907323344353
2021;1;29;16;7.9;1000.0;8;75.2;2.94;94.99;9.299403472213314
2021;1;29;17;8.1;0.0;0;69.0;1.9;94.94;9.295897889418304
2021;1;29;18;6.7;0.0;0;81.3;2.96;95.05;9.29239057676281
2021;1;29;19;6.2;0.0;0;85.3;3.26;95.16;9.288881536051202
2021;1;29;20;6.2;0.0;0;85.2;3.24;95.23;9.285370769088738
2021;1;29;21;6.7;0.0;0;80.4;2.78;95.26;9.281858277681568
2021;1;29;22;5.7;0.0;0;90.0;3.7;95.26;9.278344063636728
2021;1;29;23;5.7;0.0;0;88.9;3.48;95.28;9.274828128762143
2021;1;30;0;5.9;0.0;0;83.8;2.66;95.28;9.271310474866617
2021;1;30;1;5.7;0.0;0;86.2;2.94;95.24;9.267791103759844
2021;1;30;2;5.6;0.0;0;86.9;2.98;95.16;9.264270017252395
2021;1;30;3;5.9;0.0;0;82.9;2.48;95.08;9.26074721715573
2021;1;30;4;5.6;0.0;0;83.1;2.22;94.98;9.25722270528219
2021;1;30;5;5.1;0.0;0;83.6;1.82;94.86;9.253696483444996
2021;1;30;6;5.4;0.0;0;80.6;1.52;94.76;9.250168553458241
2021;1;30;7;5.4;0.0;0;82.0;1.8;94.69;9.24663891713691
2021;1;30;8;6.1;0.0;45;76.2;1.34;94.63;9.243107576296858
2021;1;30;9;6.2;0.0;64;77.3;1.66;94.58;9.239574532754816
2021;1;30;10;5.7;10.96910498;62;83.3;2.36;94.51;9.236039788328394
2021;1;30;11;5.5;0.0;71;89.0;3.3;94.47;9.232503344836077
2021;1;30;12;5.4;20.84843399;58;91.0;3.6;94.39;9.228965204097225
2021;1;30;13;5.6;2.506032499;61;91.1;3.82;94.3;9.225425367932065
2021;1;30;14;5.9;0.0;68;92.1;4.32;94.22;9.221883838161702
2021;1;30;15;5.9;4.708015743;45;91.7;4.24;94.19;9.218340616608113
2021;1;30;16;6.1;56.22099342;9;92.0;4.5;94.16;9.214795705094142
2021;1;30;17;6.0;0.0;0;90.1;4.02;94.17;9.211249105443502
2021;1;30;18;5.5;0.0;0;93.3;4.16;94.19;9.20770081948078
2021;1;30;19;5.5;0.0;0;91.9;3.88;94.2;9.204150849031425
2021;1;30;20;5.6;0.0;0;89.4;3.48;94.21;9.200599195921754
2021;1;30;21;5.2;0.0;0;90.6;3.32;94.19;9.197045861978948
2021;1;30;22;5.2;0.0;0;89.5;3.1;94.17;9.193490849031058
2021;1;30;23;3.6;0.0;0;97.8;3.16;94.17;9.189934158906993
2021;1;31;0;4.3;0.0;0;95.9;3.48;94.16;9.186375793436534
2021;1;31;1;4.7;0.0;0;94.0;3.5;94.17;9.182815754450306
2021;1;31;2;5.0;0.0;0;94.6;3.92;94.19;9.179254043779817
2021;1;31;3;5.1;0.0;0;92.5;3.6;94.18;9.175690663257416
2021;1;31;4;4.3;0.0;0;96.2;3.54;94.18;9.172125614716325
2021;1;31;5;4.5;0.0;0;94.2;3.34;94.21;9.168558899990616
2021;1;31;6;4.0;0.0;0;96.7;3.34;94.21;9.164990520915218
2021;1;31;7;4.8;0.0;0;92.9;3.38;94.24;9.161420479325923
2021;1;31;8;4.1;0.0;49;97.1;3.52;94.28;9.157848777059373
2021;1;31;9;5.1;106.0740993;70;89.8;3.06;94.35;9.154275415953064
2021;1;31;10;6.3;246.7785577;86;87.2;3.74;94.4;9.15070039784535
2021;1;31;11;7.1;311.1399362;70;84.7;4.04;94.43;9.147123724575431
2021;1;31;12;7.8;431.0930992;54;80.5;3.9;94.38;9.143545397983363
2021;1;31;13;7.9;260.2161112;62;71.9;2.28;94.32;9.139965419910052
2021;1;31;14;7.7;15.21136309;86;77.6;3.22;94.27;9.136383792197256
2021;1;31;15;8.0;166.0701365;76;65.8;1.16;94.24;9.132800516687574
2021;1;31;16;7.5;796.1151471;9;73.9;2.28;94.21;9.129215595224457
2021;1;31;17;6.8;0.0;0;77.5;2.3;94.19;9.125629029652206
2021;1;31;18;6.6;0.0;0;78.0;2.2;94.13;9.122040821815965
2021;1;31;19;6.4;0.0;0;79.7;2.34;94.07;9.11845097356172
2021;1;31;20;5.6;0.0;0;84.8;2.56;93.98;9.114859486736309
2021;1;31;21;5.0;0.0;0;88.8;2.76;93.93;9.111266363187404
2021;1;31;22;5.6;0.0;0;83.0;2.2;93.83;9.107671604763523
2021;1;31;23;5.2;0.0;0;87.7;2.74;93.83;9.104075213314026
2021;2;1;0;5.0;0.0;0;93.7;3.74;93.81;9.100477190689114
2021;2;1;1;5.0;0.0;0;94.7;3.94;93.77;9.096877538739822
2021;2;1;2;5.0;0.0;0;91.8;3.36;93.7;9.093276259318026
2021;2;1;3;4.7;0.0;0;94.2;3.54;93.67;9.089673354276442
2021;2;1;4;4.8;0.0;0;91.3;3.06;93.65;9.086068825468622
2021;2;1;5;4.9;0.0;0;93.7;3.64;93.67;9.082462674748948
2021;2;1;6;5.2;0.0;0;92.6;3.72;93.7;9.07885490397264
2021;2;1;7;5.6;0.0;0;87.3;3.06;93.74;9.07524551499575
2021;2;1;8;5.8;0.0;65;88.0;3.4;93.81;9.071634509675167
2021;2;1;9;5.8;0.0;102;90.6;3.92;93.87;9.068021889868609
2021;2;1;10;6.2;0.0;82;90.1;4.22;93.92;9.064407657434622
2021;2;1;11;6.3;0.0;85;89.5;4.2;93.97;9.060791814232582
2021;2;1;12;6.9;0.0;81;89.1;4.72;94.0;9.057174362122698
2021;2;1;13;7.3;63.71904838;78;86.5;4.6;94.06;9.053555302966002
2021;2;1;14;7.5;120.0448008;75;84.5;4.4;94.12;9.049934638624357
2021;2;1;15;7.4;171.7993501;62;87.1;4.82;94.18;9.046312370960447
2021;2;1;16;7.4;188.3983343;11;85.4;4.48;94.26;9.042688501837784
2021;2;1;17;6.9;0.0;0;90.9;5.08;94.37;9.039063033120703
2021;2;1;18;6.9;0.0;0;90.5;5.0;94.47;9.035435966674365
2021;2;1;19;7.2;0.0;0;88.5;4.9;94.58;9.031807304364747
2021;2;1;20;6.9;0.0;0;93.8;5.66;94.67;9.028177048058653
2021;2;1;21;7.0;0.0;0;92.4;5.48;94.77;9.024545199623699
2021;2;1;22;7.2;0.0;0;90.0;5.2;94.84;9.02091176092833
2021;2;1;23;7.3;0.0;0;88.7;5.04;94.94;9.017276733841802
2021;2;2;0;7.3;0.0;0;88.3;4.96;94.99;9.013640120234195
2021;2;2;1;7.1;0.0;0;88.1;4.72;95.06;9.010001921976395
2021;2;2;2;6.9;0.0;0;87.9;4.48;95.1;9.00636214094011
2021;2;2;3;6.7;0.0;0;84.7;3.64;95.11;9.002720778997865
2021;2;2;4;6.3;0.0;0;86.6;3.62;95.12;8.999077838022991
2021;2;2;5;6.6;0.0;0;85.4;3.68;95.11;8.995433319889639
2021;2;2;6;6.7;0.0;0;84.1;3.52;95.15;8.99178722647276
2021;2;2;7;6.5;0.0;0;87.5;4.0;95.13;8.988139559648133
2021;2;2;8;6.9;0.0;71;84.7;3.84;95.12;8.984490321292325
2021;2;2;9;7.3;0.0;113;85.8;4.46;95.18;8.98083951328273
2021;2;2;10;7.8;0.0;120;85.6;4.92;95.15;8.977187137497543
2021;2;2;11;9.0;20.78333812;191;83.3;5.66;95.15;8.973533195815758
2021;2;2;12;8.9;65.15020588;128;82.7;5.44;95.18;8.969877690117189
2021;2;2;13;9.3;247.1969649;84;80.4;5.38;95.16;8.96622062228244
2021;2;2;14;8.9;85.85925325;77;88.1;6.52;95.16;8.962561994192932
2021;2;2;15;9.0;217.1609991;51;86.3;6.26;95.13;8.95890180773088
2021;2;2;16;9.1;345.6334656;16;85.2;6.14;95.16;8.955240064779302
2021;2;2;17;9.4;0.0;0;85.6;6.52;95.2;8.951576767222017
2021;2;2;18;9.1;0.0;0;91.7;7.44;95.3;8.947911916943646
2021;2;2;19;8.9;0.0;0;90.2;6.94;95.27;8.94424551582961
2021;2;2;20;9.2;0.0;0;88.7;6.94;95.25;8.940577565766123
2021;2;2;21;9.5;0.0;0;89.5;7.4;95.25;8.936908068640196
2021;2;2;22;9.2;0.0;0;90.4;7.28;95.24;8.93323702633964
2021;2;2;23;9.4;0.0;0;88.4;7.08;95.24;8.929564440753058
2021;2;3;0;9.3;0.0;0;87.5;6.8;95.22;8.925890313769852
2021;2;3;1;9.6;0.0;0;85.0;6.6;95.23;8.922214647280207
2021;2;3;2;9.9;0.0;0;84.0;6.7;95.17;8.918537443175108
2021;2;3;3;9.6;0.0;0;84.4;6.48;95.07;8.91485870334633
2021;2;3;4;9.0;0.0;0;88.7;6.74;94.99;8.911178429686435
2021;2;3;5;9.5;0.0;0;89.2;7.34;94.94;8.90749662408878
2021;2;3;6;9.1;0.0;0;90.0;7.1;94.87;8.903813288447504
2021;2;3;7;9.0;0.0;7;88.8;6.76;94.81;8.900128424657535
2021;2;3;8;9.1;0.0;76;85.2;6.14;94.82;8.896442034614585
2021;2;3;9;9.6;0.0;123;85.1;6.62;94.81;8.89275412021516
2021;2;3;10;11.1;0.0;189;74.7;6.04;94.83;8.889064683356542
2021;2;3;11;11.4;0.0;213;74.3;6.26;94.85;8.885373725936795
2021;2;3;12;11.0;0.0;177;77.3;6.46;94.85;8.881681249854768
2021;2;3;13;12.3;0.0;193;70.6;6.42;94.84;8.877987257010094
2021;2;3;14;8.6;0.0;140;82.0;5.0;95.0;8.874291749303186
2021;2;3;15;9.0;0.0;86;80.0;5.0;95.04;8.870594728635233
2021;2;3;16;9.5;90.68185586;13;73.3;4.16;95.1;8.8668961969082
2021;2;3;17;9.0;0.0;0;83.7;5.74;95.16;8.86319615602484
2021;2;3;18;9.4;0.0;0;74.8;4.36;95.18;8.85949460788867
2021;2;3;19;9.4;0.0;0;74.1;4.22;95.27;8.855791554403993
2021;2;3;20;10.0;0.0;0;69.4;3.88;95.35;8.852086997475876
2021;2;3;21;10.1;0.0;0;66.7;3.44;95.45;8.848380939010166
2021;2;3;22;10.4;0.0;0;57.9;1.98;95.54;8.844673380913484
2021;2;3;23;9.7;0.0;0;60.3;1.76;95.62;8.840964325093221
2021;2;4;0;9.2;0.0;0;64.6;2.12;95.67;8.837253773457531
2021;2;4;1;8.7;0.0;0;64.0;1.5;95.7;8.833541727915351
2021;2;4;2;6.7;0.0;0;75.8;1.86;95.72;8.829828190376375
2021;2;4;3;5.3;0.0;0;81.8;1.66;95.69;8.82611316275107
2021;2;4;4;3.5;0.0;0;91.2;1.74;95.69;8.822396646950668
2021;2;4;5;4.4;0.0;0;85.8;1.56;95.7;8.818678644887171
2021;2;4;6;3.3;0.0;0;90.5;1.4;95.7;8.814959158473338
2021;2;4;7;3.2;0.0;8;90.4;1.28;95.72;8.811238189622696
2021;2;4;8;3.4;0.0;56;90.2;1.44;95.78;8.807515740249533
2021;2;4;9;4.2;0.0;87;90.3;2.26;95.84;8.803791812268903
2021;2;4;10;5.7;62.18465581;145;86.1;2.92;95.84;8.800066407596619
2021;2;4;11;6.8;153.8047969;167;79.1;2.62;95.84;8.796339528149247
2021;2;4;12;7.4;206.8672266;123;80.0;3.4;95.83;8.79261117584412
2021;2;4;13;7.8;400.5195314;78;76.2;3.04;95.75;8.788881352599326
2021;2;4;14;8.3;570.609077;78;74.1;3.12;95.72;8.785150060333704
2021;2;4;15;8.0;311.1038639;87;76.7;3.34;95.71;8.781417300966863
2021;2;4;16;7.7;529.3480372;19;83.4;4.38;95.72;8.777683076419152
2021;2;4;17;6.7;0.0;0;89.5;4.6;95.69;8.77394738861168
2021;2;4;18;6.3;0.0;0;92.4;4.78;95.7;8.770210239466309
2021;2;4;19;6.0;0.0;0;92.5;4.5;95.67;8.766471630905656
2021;2;4;20;5.7;0.0;0;92.5;4.2;95.63;8.762731564853079
2021;2;4;21;5.4;0.0;0;94.1;4.22;95.59;8.758990043232695
2021;2;4;22;5.3;0.0;0;93.3;3.96;95.58;8.755247067969366
2021;2;4;23;4.5;0.0;0;95.4;3.58;95.57;8.751502640988704
2021;2;5;0;4.0;0.0;0;96.1;3.22;95.55;8.747756764217067
2021;2;5;1;4.0;0.0;0;95.2;3.04;95.52;8.744009439581555
2021;2;5;2;4.2;0.0;0;94.5;3.1;95.51;8.74026066901002
2021;2;5;3;3.4;0.0;0;96.9;2.78;95.55;8.73651045443105
2021;2;5;4;4.6;0.0;0;90.5;2.7;95.62;8.732758797773982
2021;2;5;5;4.4;0.0;0;91.1;2.62;95.67;8.729005700968894
2021;2;5;6;4.6;0.0;0;91.6;2.92;95.64;8.725251165946602
2021;2;5;7;4.5;0.0;8;92.8;3.06;95.66;8.721495194638663
2021;2;5;8;4.6;0.0;46;94.4;3.48;95.7;8.717737788977374
2021;2;5;9;5.0;23.80938112;74;91.7;3.34;95.72;8.71397895089577
2021;2;5;10;6.1;184.4059097;82;88.2;3.74;95.68;8.710218682327625
2021;2;5;11;7.0;315.6053973;87;83.2;3.64;95.66;8.706456985207442
2021;2;5;12;7.8;341.9576934;92;79.7;3.74;95.64;8.702693861470465
2021;2;5;13;8.4;292.9542942;87;80.9;4.58;95.59;8.69892931305267
2021;2;5;14;8.9;332.6928418;81;81.4;5.18;95.54;8.695163341890767
2021;2;5;15;8.3;0.0;55;83.6;5.02;95.53;8.691395949922196
2021;2;5;16;7.9;412.6232047;21;86.5;5.2;95.47;8.687627139085128
2021;2;5;17;7.1;0.0;0;88.5;4.8;95.4;8.683856911318466
2021;2;5;18;6.0;0.0;0;94.2;4.84;95.34;8.680085268561841
2021;2;5;19;5.3;0.0;0;95.4;4.38;95.31;8.676312212755612
2021;2;5;20;4.8;0.0;0;95.5;3.9;95.25;8.672537745840867
2021;2;5;21;4.2;0.0;0;97.6;3.72;95.26;8.668761869759413
2021;2;5;22;3.3;0.0;0;96.8;2.66;95.26;8.664984586453787
2021;2;5;23;4.0;0.0;0;96.7;3.34;95.24;8.661205897867255
2021;2;6;0;2.4;0.0;0;98.8;2.16;95.25;8.657425805943799
2021;2;6;1;2.1;0.0;0;99.4;1.98;95.21;8.653644312628119
2021;2;6;2;2.4;0.0;0;98.0;2.0;95.19;8.649861419865648
2021;2;6;3;2.6;0.0;0;98.4;2.28;95.14;8.646077129602528
2021;2;6;4;2.6;0.0;0;98.9;2.38;95.1;8.64229144378563
2021;2;6;5;2.6;0.0;0;98.3;2.26;95.09;8.638504364362532
2021;2;6;6;2.2;0.0;0;97.4;1.68;95.07;8.63471589328154
2021;2;6;7;2.1;0.0;8;99.0;1.9;95.05;8.630926032491663
2021;2;6;8;2.2;0.0;39;98.2;1.84;95.05;8.627134783942637
2021;2;6;9;3.2;0.0;75;98.7;2.94;95.03;8.623342149584905
2021;2;6;10;3.7;0.0;77;96.8;3.06;95.0;8.61954813136963
2021;2;6;11;3.9;0.0;104;97.7;3.44;94.89;8.615752731248676
2021;2;6;12;5.2;116.4045624;101;94.8;4.16;94.74;8.611955951174627
2021;2;6;13;5.1;0.0;108;94.5;4.0;94.67;8.608157793100773
2021;2;6;14;5.5;0.0;96;93.8;4.26;94.57;8.604358258981119
2021;2;6;15;5.8;242.0134012;51;92.2;4.24;94.48;8.600557350770364
2021;2;6;16;5.7;483.5167463;24;93.8;4.46;94.38;8.596755070423928
2021;2;6;17;4.9;0.0;0;96.3;4.16;94.35;8.592951419897933
2021;2;6;18;4.9;0.0;0;96.1;4.12;94.38;8.5891464011492
2021;2;6;19;5.2;0.0;0;94.2;4.04;94.36;8.585340016135262
2021;2;6;20;5.1;0.0;0;93.8;3.86;94.29;8.581532266814353
2021;2;6;21;5.8;0.0;0;90.5;3.9;94.41;8.577723155145403
2021;2;6;22;5.7;0.0;0;92.2;4.14;94.36;8.573912683088047
2021;2;6;23;6.4;0.0;0;88.9;4.18;94.31;8.570100852602621
2021;2;7;0;5.4;0.0;0;92.7;3.94;94.25;8.566287665650162
2021;2;7;1;4.9;0.0;0;95.4;3.98;94.18;8.562473124192397
2021;2;7;2;4.0;0.0;0;98.3;3.66;94.18;8.55865723019176
2021;2;7;3;3.1;0.0;0;98.3;2.76;94.12;8.554839985611366
2021;2;7;4;3.4;0.0;0;97.9;2.98;94.07;8.551021392415045
2021;2;7;5;6.7;0.0;0;84.3;3.56;94.07;8.547201452567304
2021;2;7;6;7.4;0.0;0;85.6;4.52;94.03;8.54338016803335
2021;2;7;7;7.5;0.0;12;85.7;4.64;94.02;8.539557540779082
2021;2;7;8;7.1;0.0;48;89.3;4.96;94.06;8.535733572771084
2021;2;7;9;6.9;0.0;69;80.8;3.06;94.09;8.531908265976638
2021;2;7;10;6.9;0.0;75;77.5;2.4;94.12;8.528081622363711
2021;2;7;11;6.8;0.0;82;74.2;1.64;94.14;8.524253643900954
2021;2;7;12;6.8;27.73452261;84;67.1;0.22;94.1;8.52042433255771
2021;2;7;13;6.2;128.354024;76;69.3;0.06;94.07;8.516593690304008
2021;2;7;14;5.5;149.5259539;69;70.8;-0.34;94.06;8.512761719110557
2021;2;7;15;5.0;48.30881764;51;67.0;-1.6;94.08;8.508928420948756
2021;2;7;16;4.3;160.7334417;24;78.4;-0.02;94.12;8.50509379779068
2021;2;7;17;4.0;0.0;0;63.6;-3.28;94.17;8.50125785160909
2021;2;7;18;3.5;0.0;0;66.7;-3.16;94.2;8.497420584377423
2021;2;7;19;3.1;0.0;0;67.2;-3.46;94.2;8.493581998069807
2021;2;7;20;3.6;0.0;0;64.6;-3.48;94.17;8.489742094661032
2021;2;7;21;3.3;0.0;0;69.4;-2.82;94.15;8.485900876126582
2021;2;7;22;2.7;0.0;0;76.7;-1.96;94.1;8.482058344442601
2021;2;7;23;3.2;0.0;0;72.6;-2.28;94.07;8.478214501585922
2021;2;8;0;2.7;0.0;0;75.9;-2.12;94.05;8.474369349534049
2021;2;8;1;2.3;0.0;0;80.2;-1.66;94.0;8.47052289026516
2021;2;8;2;2.3;0.0;0;81.7;-1.36;93.98;8.466675125758098
2021;2;8;3;3.0;0.0;0;77.5;-1.5;93.93;8.462826057992388
2021;2;8;4;2.8;0.0;0;78.1;-1.58;93.9;8.458975688948218
2021;2;8;5;2.7;0.0;0;76.1;-2.08;93.89;8.455124020606451
2021;2;8;6;2.8;0.0;0;76.0;-2.0;93.88;8.451271054948615
2021;2;8;7;2.6;0.0;13;75.7;-2.26;93.88;8.447416793956906
2021;2;8;8;3.3;56.59312356;49;70.7;-2.56;93.88;8.443561239614185
2021;2;8;9;5.2;501.0139416;71;64.2;-1.96;93.87;8.439704393903986
2021;2;8;10;5.5;620.7254816;75;61.9;-2.12;93.86;8.435846258810496
2021;2;8;11;7.1;1000.0;82;50.0;-2.9;93.82;8.431986836318568
2021;2;8;12;7.4;1000.0;79;50.3;-2.54;93.77;8.428126128413727
2021;2;8;13;7.3;884.0366657;76;39.7;-4.76;93.75;8.424264137082146
2021;2;8;14;7.1;347.0664852;69;47.9;-3.32;93.74;8.420400864310668
2021;2;8;15;7.0;363.5761656;55;49.0;-3.2;93.76;8.416536312086794
2021;2;8;16;6.6;317.5703819;20;55.1;-2.38;93.78;8.412670482398674
2021;2;8;17;6.0;0.0;0;58.0;-2.4;93.8;8.408803377235131
2021;2;8;18;5.1;0.0;0;63.6;-2.18;93.85;8.404934998585627
2021;2;8;19;4.4;0.0;0;67.5;-2.1;93.87;8.401065348440294
2021;2;8;20;3.4;0.0;0;71.9;-2.22;93.9;8.397194428789911
2021;2;8;21;4.5;0.0;0;64.5;-2.6;93.94;8.393322241625906
2021;2;8;22;3.1;0.0;0;76.6;-1.58;93.94;8.389448788940369
2021;2;8;23;1.5;0.0;0;85.6;-1.38;93.97;8.385574072726037
2021;2;9;0;0.7;0.0;0;93.2;-0.66;94.01;8.381698094976288
2021;2;9;1;0.3;0.0;0;93.8;-0.94;94.02;8.377820857685164
2021;2;9;2;-0.1;0.0;0;96.2;-0.86;94.03;8.373942362847346
2021;2;9;3;-0.2;0.0;0;97.3;-0.74;94.02;8.370062612458165
2021;2;9;4;-0.2;0.0;0;98.7;-0.46;94.08;8.366181608513596
2021;2;9;5;-0.4;0.0;0;100.0;-0.4;94.13;8.36229935301026
2021;2;9;6;-0.1;0.0;0;98.2;-0.46;94.21;8.358415847945418
2021;2;9;7;-0.1;0.0;15;98.1;-0.48;94.28;8.354531095316982
2021;2;9;8;-0.1;0.0;55;98.4;-0.42;94.31;8.350645097123502
2021;2;9;9;0.3;32.05228145;72;96.8;-0.34;94.35;8.346757855364165
2021;2;9;10;1.3;117.3182389;77;92.1;-0.28;94.37;8.342869372038802
2021;2;9;11;2.7;405.6247408;82;84.3;-0.44;94.41;8.338979649147886
2021;2;9;12;4.2;936.1850736;79;74.2;-0.96;94.42;8.335088688692515
2021;2;9;13;3.9;636.6840603;81;78.5;-0.4;94.39;8.33119649267444
2021;2;9;14;4.0;285.9168808;70;77.8;-0.44;94.41;8.327303063096034
2021;2;9;15;3.8;263.8665013;56;79.8;-0.24;94.39;8.323408401960311
2021;2;9;16;3.2;209.2802123;27;79.2;-0.96;94.34;8.319512511270922
2021;2;9;17;2.2;0.0;0;80.8;-1.64;94.31;8.315615393032143
2021;2;9;18;1.1;0.0;0;86.1;-1.68;94.32;8.311717049248886
2021;2;9;19;0.8;0.0;0;89.6;-1.28;94.31;8.307817481926689
2021;2;9;20;0.7;0.0;0;89.0;-1.5;94.3;8.303916693071727
2021;2;9;21;0.6;0.0;0;89.4;-1.52;94.3;8.300014684690797
2021;2;9;22;0.6;0.0;0;88.5;-1.7;94.27;8.29611145879133
2021;2;9;23;0.1;0.0;0;95.0;-0.9;94.26;8.292207017381372
2021;2;10;0;-0.2;0.0;0;97.7;-0.66;94.21;8.288301362469609
2021;2;10;1;-0.3;0.0;0;97.6;-0.78;94.15;8.28439449606534
2021;2;10;2;-0.5;0.0;0;99.4;-0.62;94.13;8.280486420178493
2021;2;10;3;-0.3;0.0;0;99.1;-0.48;94.13;8.276577136819611
2021;2;10;4;-0.2;0.0;0;97.7;-0.66;94.15;8.272666647999866
2021;2;10;5;-0.1;0.0;0;98.2;-0.46;94.18;8.268754955731051
2021;2;10;6;0.0;0.0;0;96.6;-0.68;94.16;8.26484206202557
2021;2;10;7;0.0;0.0;16;98.3;-0.34;94.18;8.260927968896455
2021;2;10;8;0.1;0.0;52;98.2;-0.26;94.23;8.257012678357345
2021;2;10;9;0.5;59.99789497;72;96.3;-0.24;94.3;8.253096192422504
2021;2;10;10;1.3;270.5404971;78;93.3;-0.04;94.36;8.249178513106802
2021;2;10;11;2.1;339.7838944;80;90.7;0.24;94.43;8.24525964242573
2021;2;10;12;2.3;399.1643224;86;91.0;0.5;94.47;8.241339582395389
2021;2;10;13;3.8;323.7253358;82;88.5;1.5;94.51;8.237418335032494
2021;2;10;14;6.6;213.0050668;82;77.3;2.06;94.55;8.23349590235437
2021;2;10;15;6.4;213.4209485;53;80.1;2.42;94.64;8.229572286378954
2021;2;10;16;6.0;0.0;28;82.8;2.56;94.71;8.225647489124782
2021;2;10;17;4.6;0.0;0;79.3;0.46;94.84;8.221721512611007
2021;2;10;18;4.5;0.0;0;69.3;-1.64;94.98;8.217794358857386
2021;2;10;19;3.2;0.0;0;69.2;-2.96;95.12;8.213866029884285
2021;2;10;20;2.3;0.0;0;76.4;-2.42;95.23;8.209936527712669
2021;2;10;21;1.5;0.0;0;74.5;-3.6;95.36;8.206005854364113
2021;2;10;22;-0.2;0.0;0;81.3;-3.94;95.46;8.202074011860786
2021;2;10;23;-0.4;0.0;0;82.3;-3.94;95.58;8.198141002225466
2021;2;11;0;-1.2;0.0;0;77.8;-5.64;95.7;8.194206827481526
2021;2;11;1;-1.4;0.0;0;78.8;-5.64;95.77;8.190271489652943
2021;2;11;2;-1.7;0.0;0;79.5;-5.8;95.86;8.18633499076429
2021;2;11;3;-2.1;0.0;0;77.6;-6.58;95.91;8.182397332840736
2021;2;11;4;-2.6;0.0;0;77.9;-7.02;95.97;8.178458517908053
2021;2;11;5;-2.9;0.0;0;76.9;-7.52;96.04;8.174518547992603
2021;2;11;6;-3.6;0.0;0;78.8;-7.84;96.1;8.170577425121335
2021;2;11;7;-3.9;0.0;19;82.6;-7.38;96.18;8.166635151321803
2021;2;11;8;-4.2;0.0;91;80.8;-8.04;96.23;8.162691728622148
2021;2;11;9;-4.4;27.99927275;56;80.2;-8.36;96.25;8.158747159051103
2021;2;11;10;-3.8;245.88752;80;75.1;-8.78;96.29;8.154801444637993
2021;2;11;11;-3.4;567.3708843;82;75.6;-8.28;96.28;8.15085458741273
2021;2;11;12;-3.6;296.8120934;85;75.6;-8.48;96.29;8.146906589405809
2021;2;11;13;-3.6;219.3121087;81;77.2;-8.16;96.32;8.142957452648321
2021;2;11;14;-3.5;226.0515558;71;76.4;-8.22;96.34;8.139007179171934
2021;2;11;15;-3.6;183.4531045;55;75.3;-8.54;96.39;8.135055771008908
2021;2;11;16;-3.9;218.3295723;30;75.6;-8.78;96.39;8.131103230192084
2021;2;11;17;-4.1;0.0;0;76.1;-8.88;96.45;8.127149558754885
2021;2;11;18;-4.6;0.0;0;76.0;-9.4;96.47;8.12319475873132
2021;2;11;19;-5.0;0.0;0;74.7;-10.06;96.51;8.119238832155968
2021;2;11;20;-5.4;0.0;0;74.8;-10.44;96.48;8.115281781063999
2021;2;11;21;-5.3;0.0;0;76.6;-9.98;96.5;8.111323607491155
2021;2;11;22;-5.3;0.0;0;73.8;-10.54;96.5;8.10736431347376
2021;2;11;23;-5.5;0.0;0;75.6;-10.38;96.49;8.103403901048708
2021;2;12;0;-5.5;0.0;0;77.6;-9.98;96.46;8.099442372253476
2021;2;12;1;-5.7;0.0;0;76.6;-10.38;96.46;8.09547972912611
2021;2;12;2;-5.7;0.0;0;77.8;-10.14;96.47;8.091515973705233
2021;2;12;3;-5.8;0.0;0;77.5;-10.3;96.45;8.087551108030034
2021;2;12;4;-6.0;0.0;0;78.7;-10.26;96.44;8.083585134140282
2021;2;12;5;-6.3;0.0;0;79.1;-10.48;96.42;8.079618054076306
2021;2;12;6;-6.3;0.0;0;81.2;-10.06;96.39;8.075649869879014
2021;2;12;7;-6.4;0.0;19;81.3;-10.14;96.41;8.071680583589878
2021;2;12;8;-6.3;0.0;51;82.4;-9.82;96.42;8.067710197250932
2021;2;12;9;-6.2;0.0;74;81.2;-9.96;96.41;8.063738712904783
2021;2;12;10;-6.0;28.31156858;82;80.2;-9.96;96.38;8.0597661325946
2021;2;12;11;-5.8;31.19019559;81;79.1;-9.98;96.41;8.055792458364117
2021;2;12;12;-5.7;46.59845618;96;77.9;-10.12;96.39;8.051817692257629
2021;2;12;13;-5.0;164.8685355;78;74.9;-10.02;96.36;8.047841836319993
2021;2;12;14;-5.0;220.5880859;69;73.8;-10.24;96.36;8.04386489259663
2021;2;12;15;-4.8;0.0;96;75.3;-9.74;96.37;8.039886863133514
2021;2;12;16;-5.0;0.0;29;76.4;-9.72;96.38;8.035907749977188
2021;2;12;17;-4.7;0.0;0;71.4;-10.42;96.4;8.03192755517474
2021;2;12;18;-4.8;0.0;0;68.2;-11.16;96.43;8.027946280773824
2021;2;12;19;-4.8;0.0;0;66.0;-11.6;96.44;8.023963928822642
2021;2;12;20;-4.8;0.0;0;67.8;-11.24;96.46;8.019980501369956
2021;2;12;21;-4.8;0.0;0;67.0;-11.4;96.49;8.015996000465083
2021;2;12;22;-5.2;0.0;0;66.6;-11.88;96.51;8.012010428157884
2021;2;12;23;-5.5;0.0;0;66.0;-12.3;96.56;8.008023786498779
2021;2;13;0;-5.7;0.0;0;65.1;-12.68;96.62;8.004036077538736
2021;2;13;1;-5.8;0.0;0;65.8;-12.64;96.64;8.000047303329264
2021;2;13;2;-6.1;0.0;0;66.8;-12.74;96.66;7.996057465922436
2021;2;13;3;-6.4;0.0;0;66.8;-13.04;96.69;7.992066567370859
2021;2;13;4;-6.6;0.0;0;69.0;-12.8;96.74;7.988074609727692
2021;2;13;5;-6.7;0.0;0;69.1;-12.88;96.77;7.984081595046636
2021;2;13;6;-7.0;0.0;0;68.1;-13.38;96.79;7.980087525381938
2021;2;13;7;-7.3;0.0;17;70.0;-13.3;96.87;7.9760924027883835
2021;2;13;8;-7.3;0.0;80;70.8;-13.14;96.86;7.972096229321309
2021;2;13;9;-7.2;0.0;145;70.3;-13.14;96.94;7.968099007036576
2021;2;13;10;-6.8;55.96017137;99;68.7;-13.06;96.99;7.964100737990602
2021;2;13;11;-6.4;133.7425241;101;65.8;-13.24;97.03;7.960101424240334
2021;2;13;12;-5.9;216.5762409;103;63.5;-13.2;97.02;7.956101067843261
2021;2;13;13;-5.3;283.2595713;101;64.0;-12.5;97.02;7.952099670857401
2021;2;13;14;-5.4;225.5000208;78;63.1;-12.78;97.07;7.948097235341317
2021;2;13;15;-4.9;159.0967069;60;62.7;-12.36;97.1;7.944093763354097
2021;2;13;16;-5.2;150.7015137;29;63.6;-12.48;97.12;7.940089256955368
2021;2;13;17;-5.1;0.0;0;65.3;-12.04;97.17;7.936083718205289
2021;2;13;18;-5.2;0.0;0;64.0;-12.4;97.22;7.932077149164549
2021;2;13;19;-5.2;0.0;0;65.4;-12.12;97.28;7.928069551894366
2021;2;13;20;-5.3;0.0;0;63.3;-12.64;97.33;7.924060928456488
2021;2;13;21;-5.4;0.0;0;62.5;-12.9;97.36;7.920051280913194
2021;2;13;22;-5.8;0.0;0;64.1;-12.98;97.36;7.916040611327283
2021;2;13;23;-6.2;0.0;0;62.1;-13.78;97.39;7.9120289217620865
2021;2;14;0;-6.3;0.0;0;61.4;-14.02;97.4;7.908016214281454
2021;2;14;1;-6.5;0.0;0;61.6;-14.18;97.41;7.904002490949764
2021;2;14;2;-6.7;0.0;0;64.7;-13.76;97.43;7.899987753831919
2021;2;14;3;-6.8;0.0;0;69.4;-12.92;97.46;7.895972004993336
2021;2;14;4;-7.0;0.0;0;65.8;-13.84;97.51;7.89195524649996
2021;2;14;5;-6.9;0.0;0;67.0;-13.5;97.52;7.887937480418248
2021;2;14;6;-6.9;0.0;0;68.4;-13.22;97.55;7.883918708815184
2021;2;14;7;-7.1;0.0;25;70.8;-12.94;97.55;7.879898933758261
2021;2;14;8;-6.8;0.0;75;68.7;-13.06;97.62;7.875878157315493
2021;2;14;9;-5.7;110.0794104;79;66.6;-12.38;97.68;7.87185638155541
2021;2;14;10;-5.2;294.9631099;96;67.6;-11.68;97.75;7.867833608547053
2021;2;14;11;-3.5;337.9884865;245;64.4;-10.62;97.74;7.863809840359979
2021;2;14;12;-2.9;893.2199817;86;63.5;-10.2;97.7;7.859785079064252
2021;2;14;13;-2.0;929.8183706;85;60.0;-10.0;97.68;7.855759326730453
2021;2;14;14;-0.9;688.3065529;175;60.9;-8.72;97.63;7.851732585429667
2021;2;14;15;-1.3;799.8168535;112;60.8;-9.14;97.62;7.847704857233492
2021;2;14;16;-1.2;1000.0;39;62.6;-8.68;97.61;7.843676144214037
2021;2;14;17;-1.6;0.0;0;65.8;-8.44;97.6;7.839646448443905
2021;2;14;18;-2.5;0.0;0;80.0;-6.5;97.64;7.835615771996219
2021;2;14;19;-2.7;0.0;0;74.7;-7.76;97.62;7.831584116944599
2021;2;14;20;-3.3;0.0;0;77.1;-7.88;97.6;7.827551485363168
2021;2;14;21;-3.3;0.0;0;80.8;-7.14;97.63;7.823517879326554
2021;2;14;22;-3.8;0.0;0;81.4;-7.52;97.63;7.8194833009098845
2021;2;14;23;-3.8;0.0;0;80.2;-7.76;97.63;7.815447752188791
2021;2;15;0;-3.9;0.0;0;83.3;-7.24;97.62;7.811411235239399
2021;2;15;1;-3.5;0.0;0;80.8;-7.34;97.63;7.8073737521383375
2021;2;15;2;-3.6;0.0;0;85.3;-6.54;97.58;7.803335304962728
2021;2;15;3;-3.1;0.0;0;81.7;-6.76;97.53;7.799295895790186
2021;2;15;4;-2.9;0.0;0;80.7;-6.76;97.52;7.795255526698828
2021;2;15;5;-3.2;0.0;0;85.5;-6.1;97.52;7.791214199767262
2021;2;15;6;-3.2;0.0;0;87.7;-5.66;97.49;7.7871719170745894
2021;2;15;7;-3.0;0.0;10;87.2;-5.56;97.49;7.783128680700403
2021;2;15;8;-1.8;162.5468483;31;84.9;-4.82;97.52;7.779084492724783
2021;2;15;9;-1.2;143.6346648;87;84.6;-4.28;97.54;7.775039355228304
2021;2;15;10;0.7;471.4394137;147;70.7;-5.16;97.53;7.770993270292024
2021;2;15;11;2.4;640.721683;101;67.3;-4.14;97.48;7.766946239997495
2021;2;15;12;4.9;404.7525856;82;45.3;-6.04;97.4;7.762898266426748
2021;2;15;13;5.2;340.2366677;133;50.5;-4.7;97.35;7.758849351662306
2021;2;15;14;5.3;0.0;154;50.0;-4.7;97.3;7.754799497787173
2021;2;15;15;4.8;0.0;90;55.3;-4.14;97.27;7.750748706884833
2021;2;15;16;4.6;7.05199132;25;54.2;-4.56;97.25;7.746696981039265
2021;2;15;17;3.9;0.0;0;57.7;-4.56;97.24;7.742644322334907
2021;2;15;18;3.1;0.0;0;63.4;-4.22;97.25;7.738590732856694
2021;2;15;19;4.3;0.0;0;60.1;-3.68;97.23;7.734536214690036
2021;2;15;20;4.8;0.0;0;56.9;-3.82;97.21;7.730480769920819
2021;2;15;21;4.0;0.0;0;64.7;-3.06;97.15;7.72642440063541
2021;2;15;22;4.5;0.0;0;61.0;-3.3;97.16;7.7223671089206425
2021;2;15;23;4.4;0.0;0;62.9;-3.02;97.12;7.718308896863836
2021;2;16;0;4.2;0.0;0;63.3;-3.14;97.12;7.714249766552772
2021;2;16;1;4.0;0.0;0;64.7;-3.06;97.07;7.7101897200757135
2021;2;16;2;3.1;0.0;0;72.4;-2.42;97.0;7.706128759521391
2021;2;16;3;2.6;0.0;0;77.1;-1.98;96.95;7.702066886979006
2021;2;16;4;2.8;0.0;0;75.8;-2.04;96.92;7.698004104538228
2021;2;16;5;2.3;0.0;0;79.3;-1.84;96.87;7.693940414289202
2021;2;16;6;1.4;0.0;0;86.8;-1.24;96.8;7.689875818322522
2021;2;16;7;1.1;0.0;26;85.7;-1.76;96.76;7.685810318729266
2021;2;16;8;2.3;0.0;101;81.1;-1.48;96.74;7.68174391760097
2021;2;16;9;4.7;239.7283131;148;71.3;-1.04;96.67;7.6776766170296336
2021;2;16;10;6.0;468.1957706;126;60.1;-1.98;96.6;7.67360841910772
2021;2;16;11;7.5;566.268416;196;54.3;-1.64;96.54;7.669539325928157
2021;2;16;12;10.1;643.7934877;198;50.5;0.2;96.46;7.665469339584323
2021;2;16;13;9.3;571.4409816;125;56.1;0.52;96.37;7.661398462170068
2021;2;16;14;9.7;390.0486937;74;52.2;0.14;96.28;7.657326695779694
2021;2;16;15;9.7;464.1508952;68;49.4;-0.42;96.19;7.6532540425079585
2021;2;16;16;8.5;901.8722988;13;59.2;0.34;96.13;7.649180504450081
2021;2;16;17;6.4;0.0;0;68.0;0.0;96.12;7.645106083701734
2021;2;16;18;6.8;0.0;0;64.2;-0.36;96.16;7.641030782359043
2021;2;16;19;4.9;0.0;0;73.8;-0.34;96.16;7.636954602518587
2021;2;16;20;7.3;0.0;0;66.7;0.64;96.17;7.632877546277395
2021;2;16;21;9.2;0.0;0;61.6;1.52;96.22;7.628799615732948
2021;2;16;22;9.5;0.0;0;61.6;1.82;96.26;7.624720812983181
2021;2;16;23;9.3;0.0;0;65.2;2.34;96.31;7.620641140126473
2021;2;17;0;8.8;0.0;0;69.1;2.62;96.37;7.616560599261652
2021;2;17;1;7.9;0.0;0;80.4;3.98;96.42;7.612479192487992
2021;2;17;2;7.6;0.0;0;80.5;3.7;96.42;7.608396921905217
2021;2;17;3;7.6;0.0;0;79.2;3.44;96.46;7.604313789613485
2021;2;17;4;6.4;0.0;0;84.8;3.36;96.48;7.600229797713409
2021;2;17;5;6.0;0.0;0;85.7;3.14;96.52;7.596144948306035
2021;2;17;6;4.9;0.0;0;89.1;2.72;96.49;7.592059243492855
2021;2;17;7;3.8;0.0;30;89.0;1.6;96.52;7.587972685375801
2021;2;17;8;5.3;0.0;80;87.2;2.74;96.57;7.583885276057247
2021;2;17;9;7.7;142.3023895;168;74.9;2.68;96.6;7.579797017639995
2021;2;17;10;9.7;349.2899075;227;53.7;0.44;96.56;7.5757079122272915
2021;2;17;11;10.5;538.6961343;241;52.6;1.02;96.54;7.571617961922817
2021;2;17;12;10.9;752.8581351;153;52.3;1.36;96.48;7.567527168830688
2021;2;17;13;11.7;803.9336133;143;48.4;1.38;96.43;7.5634355350554525
2021;2;17;14;11.4;924.2790913;87;48.2;1.04;96.38;7.5593430627020926
2021;2;17;15;11.6;960.6403299;65;48.4;1.28;96.33;7.55524975387602
2021;2;17;16;11.2;934.2279741;44;49.5;1.1;96.29;7.551155610683082
2021;2;17;17;8.4;0.0;0;64.2;1.24;96.27;7.5470606352295455
2021;2;17;18;5.6;0.0;0;73.6;0.32;96.29;7.5429648296221155
2021;2;17;19;5.7;0.0;0;71.1;-0.08;96.29;7.538868195967915
2021;2;17;20;2.7;0.0;0;85.4;-0.22;96.3;7.534770736374499
2021;2;17;21;2.2;0.0;0;86.2;-0.56;96.31;7.530672452949851
2021;2;17;22;1.9;0.0;0;85.6;-0.98;96.3;7.5265733478023655
2021;2;17;23;0.7;0.0;0;90.2;-1.26;96.27;7.522473423040873
2021;2;18;0;0.2;0.0;0;91.3;-1.54;96.27;7.51837268077462
2021;2;18;1;-0.8;0.0;0;95.3;-1.74;96.25;7.5142711231132715
2021;2;18;2;-0.7;0.0;0;93.2;-2.06;96.21;7.510168752166914
2021;2;18;3;-1.2;0.0;0;95.3;-2.14;96.18;7.506065570046054
2021;2;18;4;-1.4;0.0;0;95.8;-2.24;96.18;7.501961578861616
2021;2;18;5;-1.7;0.0;0;96.4;-2.42;96.16;7.497856780724936
2021;2;18;6;-1.5;0.0;0;95.5;-2.4;96.12;7.493751177747772
2021;2;18;7;-1.9;0.0;34;96.8;-2.54;96.1;7.489644772042285
2021;2;18;8;0.0;84.75867866;92;91.7;-1.66;96.12;7.485537565721062
2021;2;18;9;1.6;291.6774655;134;85.6;-1.28;96.09;7.481429560897094
2021;2;18;10;2.3;169.3228954;160;85.0;-0.7;96.07;7.477320759683783
2021;2;18;11;4.1;236.2988021;141;82.9;0.68;96.08;7.473211164194944
2021;2;18;12;5.4;482.2788407;80;76.3;0.66;96.01;7.469100776544801
2021;2;18;13;5.7;380.472688;74;76.9;1.08;95.93;7.464989598847978
2021;2;18;14;6.4;298.7728587;71;73.7;1.14;95.88;7.460877633219518
2021;2;18;15;6.9;386.1200672;57;74.5;1.8;95.84;7.4567648817748555
2021;2;18;16;6.5;443.7410005;40;74.0;1.3;95.81;7.452651346629839
2021;2;18;17;4.9;0.0;0;83.4;1.58;95.84;7.4485370299007165
2021;2;18;18;2.7;0.0;0;92.6;1.22;95.85;7.44442193370414
2021;2;18;19;4.5;0.0;0;81.6;0.82;95.88;7.440306060157162
2021;2;18;20;4.2;0.0;0;83.8;0.96;95.93;7.436189411377232
2021;2;18;21;5.6;0.0;0;79.2;1.44;96.0;7.432071989482205
2021;2;18;22;9.3;0.0;0;66.1;2.52;96.03;7.427953796590324
2021;2;18;23;9.8;0.0;0;63.3;2.46;96.04;7.423834834820239
2021;2;19;0;10.1;0.0;0;61.7;2.44;96.09;7.419715106290985
2021;2;19;1;9.3;0.0;0;67.6;2.82;96.06;7.415594613122
2021;2;19;2;9.4;0.0;0;66.1;2.62;96.06;7.411473357433113
2021;2;19;3;8.7;0.0;0;69.5;2.6;96.06;7.407351341344544
2021;2;19;4;9.0;0.0;0;66.7;2.34;96.09;7.403228566976906
2021;2;19;5;9.4;0.0;0;64.9;2.38;96.13;7.399105036451197
2021;2;19;6;8.3;0.0;0;69.1;2.12;96.15;7.394980751888811
2021;2;19;7;7.5;0.0;35;72.1;1.92;96.19;7.390855715411527
2021;2;19;8;6.5;0.0;71;81.3;2.76;96.22;7.386729929141509
2021;2;19;9;8.1;182.4192039;91;75.7;3.24;96.26;7.382603395201311
2021;2;19;10;9.4;373.8616663;82;69.8;3.36;96.25;7.378476115713869
2021;2;19;11;10.8;554.7187272;166;61.3;3.06;96.23;7.374348092802503
2021;2;19;12;12.7;596.3913438;216;58.3;4.36;96.16;7.370219328590911
2021;2;19;13;14.2;577.8796439;224;43.9;2.98;96.12;7.366089825203182
2021;2;19;14;14.3;621.3979903;192;48.3;3.96;96.08;7.361959584763775
2021;2;19;15;14.1;717.5210045;119;48.0;3.7;96.05;7.357828609397535
2021;2;19;16;13.9;737.183184;49;50.0;3.9;96.05;7.353696901229685
2021;2;19;17;10.8;0.0;0;69.2;4.64;96.05;7.349564462385819
2021;2;19;18;7.3;0.0;0;80.9;3.48;96.07;7.345431294991913
2021;2;19;19;6.6;0.0;0;81.3;2.86;96.13;7.3412974011743195
2021;2;19;20;4.6;0.0;0;87.6;2.12;96.16;7.337162783059753
2021;2;19;21;4.5;0.0;0;86.6;1.82;96.18;7.333027442775315
2021;2;19;22;4.6;0.0;0;85.5;1.7;96.19;7.328891382448469
2021;2;19;23;2.6;0.0;0;93.1;1.22;96.19;7.324754604207053
2021;2;20;0;2.3;0.0;0;93.7;1.04;96.19;7.320617110179274
2021;2;20;1;2.6;0.0;0;91.6;0.92;96.2;7.316478902493709
2021;2;20;2;2.4;0.0;0;90.3;0.46;96.21;7.312339983279297
2021;2;20;3;1.7;0.0;0;92.9;0.28;96.16;7.308200354665344
2021;2;20;4;0.5;0.0;0;95.1;-0.48;96.14;7.304060018781523
2021;2;20;5;0.5;0.0;0;94.9;-0.52;96.16;7.299918977757874
2021;2;20;6;0.9;0.0;0;95.4;-0.02;96.18;7.2957772337247935
2021;2;20;7;0.2;0.0;13;95.6;-0.68;96.23;7.291634788813047
2021;2;20;8;1.8;430.7489916;20;93.8;0.56;96.28;7.287491645153751
2021;2;20;9;5.0;555.708158;72;83.9;1.78;96.29;7.2833478048783915
2021;2;20;10;7.5;642.4401303;108;76.1;2.72;96.27;7.279203270118802
2021;2;20;11;8.9;740.3525014;133;69.7;2.84;96.22;7.275058043007183
2021;2;20;12;10.9;934.3460679;73;68.7;4.64;96.17;7.270912125676087
2021;2;20;13;12.3;886.7999599;114;61.2;4.54;96.1;7.2667655202584225
2021;2;20;14;13.0;983.4917356;73;57.9;4.58;96.05;7.262618228887451
2021;2;20;15;13.0;970.9270591;72;56.8;4.36;96.01;7.258470253696789
2021;2;20;16;13.1;1000.0;48;56.0;4.3;96.0;7.254321596820406
2021;2;20;17;9.5;0.0;0;70.2;3.54;96.0;7.250172260392611
2021;2;20;18;7.8;0.0;0;77.6;3.32;96.04;7.246022246548075
2021;2;20;19;4.8;0.0;0;90.0;2.8;96.08;7.241871557421815
2021;2;20;20;4.8;0.0;0;90.1;2.82;96.1;7.237720195149193
2021;2;20;21;3.7;0.0;0;92.6;2.22;96.11;7.2335681618659216
2021;2;20;22;4.3;0.0;0;89.0;2.1;96.13;7.22941545970805
2021;2;20;23;4.0;0.0;0;85.3;1.06;96.15;7.225262090811981
2021;2;21;0;1.0;0.0;0;95.3;0.06;96.16;7.221108057314452
2021;2;21;1;0.3;0.0;0;95.3;-0.64;96.16;7.216953361352549
2021;2;21;2;0.6;0.0;0;92.6;-0.88;96.14;7.212798005063696
2021;2;21;3;0.2;0.0;0;87.3;-2.34;96.14;7.208641990585658
2021;2;21;4;-0.5;0.0;0;90.5;-2.4;96.15;7.204485320056536
2021;2;21;5;0.1;0.0;0;86.7;-2.56;96.17;7.200327995614777
2021;2;21;6;-0.1;0.0;0;86.1;-2.88;96.15;7.196170019399146
2021;2;21;7;-1.4;0.0;34;91.8;-3.04;96.18;7.1920113935487615
2021;2;21;8;0.8;133.4911903;102;87.6;-1.68;96.2;7.187852120203068
2021;2;21;9;3.1;370.5284705;155;86.9;0.48;96.19;7.183692201501847
2021;2;21;10;6.9;407.8171901;235;66.8;0.26;96.15;7.179531639585207
2021;2;21;11;8.5;547.2501407;255;62.9;1.08;96.11;7.175370436593595
2021;2;21;12;10.5;621.7260787;254;57.5;2.0;96.06;7.171208594667776
2021;2;21;13;12.6;1000.0;45;51.3;2.86;95.97;7.167046115948855
2021;2;21;14;13.4;974.3826431;85;52.5;3.9;95.91;7.162883002578262
2021;2;21;15;13.6;822.7201891;125;52.1;4.02;95.88;7.158719256697745
2021;2;21;16;13.5;1000.0;51;47.3;2.96;95.86;7.15455488044939
2021;2;21;17;10.6;0.0;0;63.0;3.2;95.85;7.150389875975599
2021;2;21;18;7.8;0.0;0;70.1;1.82;95.88;7.146224245419104
2021;2;21;19;5.8;0.0;0;80.7;1.94;95.9;7.14205799092295
2021;2;21;20;4.3;0.0;0;87.1;1.72;95.92;7.137891114630507
2021;2;21;21;4.0;0.0;0;86.9;1.38;95.99;7.133723618685467
2021;2;21;22;2.9;0.0;0;89.6;0.82;96.05;7.129555505231841
2021;2;21;23;1.7;0.0;0;91.0;-0.1;96.09;7.125386776413954
2021;2;22;0;1.3;0.0;0;93.0;-0.1;96.13;7.121217434376453
2021;2;22;1;1.0;0.0;0;90.3;-0.94;96.2;7.117047481264294
2021;2;22;2;1.0;0.0;0;88.3;-1.34;96.22;7.112876919222753
2021;2;22;3;0.7;0.0;0;89.9;-1.32;96.23;7.108705750397414
2021;2;22;4;0.6;0.0;0;89.5;-1.5;96.26;7.10453397693418
2021;2;22;5;-0.2;0.0;0;92.8;-1.64;96.32;7.100361600979255
2021;2;22;6;-0.3;0.0;0;92.5;-1.8;96.32;7.096188624679163
2021;2;22;7;-0.4;0.0;34;93.3;-1.74;96.37;7.092015050180732
2021;2;22;8;1.6;0.0;71;85.5;-1.3;96.45;7.087840879631102
2021;2;22;9;2.4;0.0;166;86.8;-0.24;96.48;7.083666115177714
2021;2;22;10;4.0;0.0;216;82.5;0.5;96.48;7.079490758968312
2021;2;22;11;5.0;0.0;251;73.3;-0.34;96.5;7.075314813150953
2021;2;22;12;6.2;0.0;273;76.5;1.5;96.5;7.071138279873995
2021;2;22;13;8.8;193.3017295;206;63.3;1.46;96.48;7.066961161286094
2021;2;22;14;8.9;190.7969133;196;64.6;1.82;96.51;7.062783459536212
2021;2;22;15;9.3;294.1130616;108;66.4;2.58;96.59;7.058605176773609
2021;2;22;16;8.8;138.09571;57;67.1;2.22;96.63;7.054426315147845
2021;2;22;17;8.1;0.0;0;72.8;2.66;96.74;7.050246876808772
2021;2;22;18;5.7;0.0;0;83.1;2.32;96.87;7.046066863906549
2021;2;22;19;5.2;0.0;0;84.8;2.16;96.96;7.041886278591619
2021;2;22;20;4.0;0.0;0;87.9;1.58;97.02;7.037705123014729
2021;2;22;21;3.8;0.0;0;88.0;1.4;97.1;7.033523399326917
2021;2;22;22;3.2;0.0;0;88.2;0.84;97.17;7.029341109679509
2021;2;22;23;2.4;0.0;0;91.1;0.62;97.24;7.025158256224125
2021;2;23;0;2.7;0.0;0;88.5;0.4;97.29;7.020974841112679
2021;2;23;1;2.1;0.0;0;88.9;-0.12;97.33;7.016790866497366
2021;2;23;2;1.9;0.0;0;87.5;-0.6;97.38;7.012606334530674
2021;2;23;3;1.3;0.0;0;87.9;-1.12;97.39;7.008421247365378
2021;2;23;4;1.4;0.0;0;88.2;-0.96;97.46;7.004235607154538
2021;2;23;5;0.3;0.0;0;91.8;-1.34;97.5;7.000049416051495
2021;2;23;6;0.5;0.0;0;89.7;-1.56;97.54;6.995862676209883
2021;2;23;7;-0.1;0.0;42;92.5;-1.6;97.6;6.9916753897836035
2021;2;23;8;2.4;0.0;123;85.8;-0.44;97.67;6.98748755892685
2021;2;23;9;5.8;198.3018731;170;79.3;1.66;97.69;6.983299185794098
2021;2;23;10;7.6;319.7210323;222;69.9;1.58;97.72;6.97911027254009
2021;2;23;11;8.9;436.0692752;245;64.0;1.7;97.76;6.974920821319858
2021;2;23;12;10.6;782.1187668;91;57.3;2.06;97.75;6.970730834288709
2021;2;23;13;13.0;852.4445119;70;55.2;4.04;97.71;6.966540313602217
2021;2;23;14;13.6;859.0530803;71;48.8;3.36;97.66;6.962349261416243
2021;2;23;15;14.3;727.500573;97;49.4;4.18;97.64;6.9581576798869085
2021;2;23;16;14.0;790.5153011;44;47.4;3.48;97.66;6.9539655711706185
2021;2;23;17;11.0;0.0;0;66.3;4.26;97.67;6.949772937424044
2021;2;23;18;8.8;0.0;0;68.5;2.5;97.73;6.945579780804126
2021;2;23;19;7.8;0.0;0;71.7;2.14;97.76;6.9413861034680755
2021;2;23;20;6.3;0.0;0;79.8;2.26;97.78;6.9371919075733715
2021;2;23;21;5.3;0.0;0;81.8;1.66;97.82;6.932997195277763
2021;2;23;22;5.3;0.0;0;83.2;1.94;97.84;6.928801968739255
2021;2;23;23;3.8;0.0;0;90.1;1.82;97.84;6.924606230116129
2021;2;24;0;3.1;0.0;0;92.0;1.5;97.85;6.920409981566918
2021;2;24;1;3.0;0.0;0;91.5;1.3;97.86;6.916213225250426
2021;2;24;2;2.7;0.0;0;92.7;1.24;97.84;6.91201596332572
2021;2;24;3;1.4;0.0;0;93.9;0.18;97.82;6.907818197952116
2021;2;24;4;2.1;0.0;0;92.7;0.64;97.8;6.903619931289201
2021;2;24;5;1.1;0.0;0;94.2;-0.06;97.79;6.899421165496812
2021;2;24;6;1.0;0.0;0;92.5;-0.5;97.78;6.895221902735045
2021;2;24;7;1.9;0.0;48;90.5;0.0;97.78;6.8910221451642535
2021;2;24;8;3.4;0.0;107;92.7;1.94;97.79;6.886821894945045
2021;2;24;9;5.8;282.980141;141;79.3;1.66;97.78;6.882621154238278
2021;2;24;10;8.0;418.7629367;180;69.1;1.82;97.75;6.8784199252050655
2021;2;24;11;10.6;698.0937412;107;61.2;2.84;97.71;6.8742182100067755
2021;2;24;12;12.1;866.2809756;51;57.1;3.52;97.61;6.870016010805014
2021;2;24;13;14.0;836.328653;93;51.7;4.34;97.51;6.865813329761652
2021;2;24;14;15.3;635.9269711;195;54.1;6.12;97.43;6.8616101690387925
2021;2;24;15;15.4;677.4243829;136;52.5;5.9;97.37;6.857406530798797
2021;2;24;16;15.2;956.6311306;36;50.9;5.38;97.35;6.853202417204272
2021;2;24;17;13.1;0.0;0;59.9;5.08;97.34;6.848997830418058
2021;2;24;18;9.7;0.0;0;75.0;4.7;97.35;6.84479277260325
2021;2;24;19;7.5;0.0;0;83.1;4.12;97.37;6.840587245923183
2021;2;24;20;5.4;0.0;0;89.1;3.22;97.37;6.836381252541428
2021;2;24;21;6.3;0.0;0;86.1;3.52;97.39;6.832174794621802
2021;2;24;22;5.5;0.0;0;89.9;3.48;97.38;6.827967874328359
2021;2;24;23;4.2;0.0;0;91.4;2.48;97.38;6.82376049382539
2021;2;25;0;3.8;0.0;0;91.4;2.08;97.37;6.819552655277424
2021;2;25;1;3.8;0.0;0;92.3;2.26;97.39;6.8153443608492275
2021;2;25;2;2.4;0.0;0;91.4;0.68;97.36;6.811135612705794
2021;2;25;3;1.9;0.0;0;94.0;0.7;97.33;6.806926413012359
2021;2;25;4;1.5;0.0;0;91.6;-0.18;97.33;6.802716763934385
2021;2;25;5;1.2;0.0;0;94.4;0.08;97.33;6.798506667637568
2021;2;25;6;0.3;0.0;0;93.5;-1.0;97.31;6.794296126287834
2021;2;25;7;0.2;0.0;49;94.2;-0.96;97.33;6.790085142051339
2021;2;25;8;3.0;42.1144918;128;87.2;0.44;97.34;6.7858737170944625
2021;2;25;9;6.4;276.4942857;193;70.0;0.4;97.33;6.781661853583818
2021;2;25;10;8.5;385.6661663;248;69.4;2.38;97.31;6.777449553686234
2021;2;25;11;11.4;585.6782877;230;63.1;4.02;97.28;6.7732368195687735
2021;2;25;12;13.1;647.9826878;233;56.2;4.34;97.22;6.769023653398718
2021;2;25;13;15.6;699.2489319;212;51.3;5.86;97.13;6.764810057343574
2021;2;25;14;15.5;713.306945;193;49.2;5.34;97.1;6.760596033571067
2021;2;25;15;15.4;790.4840331;130;48.7;5.14;97.07;6.756381584249143
2021;2;25;16;15.2;965.3420331;55;47.8;4.76;97.07;6.752166711545971
2021;2;25;17;12.5;0.0;0;63.1;5.12;97.11;6.747951417629926
2021;2;25;18;8.2;0.0;0;81.2;4.44;97.17;6.743735704669611
2021;2;25;19;8.6;0.0;0;71.0;2.8;97.21;6.739519574833841
2021;2;25;20;6.4;0.0;0;83.3;3.06;97.24;6.735303030291647
2021;2;25;21;6.4;0.0;0;83.5;3.1;97.3;6.731086073212273
2021;2;25;22;5.3;0.0;0;86.9;2.68;97.33;6.72686870576517
2021;2;25;23;4.4;0.0;0;88.0;2.0;97.33;6.722650930120009
2021;2;26;0;5.7;0.0;0;75.5;0.8;97.34;6.718432748446663
2021;2;26;1;4.0;0.0;0;82.0;0.4;97.34;6.7142141629152166
2021;2;26;2;4.1;0.0;0;81.3;0.36;97.33;6.7099951756959655
2021;2;26;3;3.1;0.0;0;86.1;0.32;97.29;6.705775788959407
2021;2;26;4;1.4;0.0;0;93.5;0.1;97.3;6.701556004876249
2021;2;26;5;2.7;0.0;0;84.9;-0.32;97.29;6.697335825617404
2021;2;26;6;1.9;0.0;0;87.7;-0.56;97.27;6.693115253353975
2021;2;26;7;1.8;64.81211019;9;86.4;-0.92;97.29;6.6888942902572825
2021;2;26;8;3.3;311.2382793;50;85.5;0.4;97.3;6.684672938498843
2021;2;26;9;7.2;502.8062416;75;67.7;0.74;97.29;6.680451200250372
2021;2;26;10;8.6;377.3720833;223;66.7;1.94;97.27;6.676229077683785
2021;2;26;11;10.1;457.4483874;270;56.7;1.44;97.25;6.672006572971196
2021;2;26;12;12.4;631.2921957;197;51.4;2.68;97.17;6.667783688284911
2021;2;26;13;13.7;613.6288467;232;47.6;3.22;97.09;6.663560425797436
2021;2;26;14;13.8;389.0035141;153;47.6;3.32;97.05;6.659336787681473
2021;2;26;15;13.5;194.8335137;129;53.0;4.1;97.05;6.655112776109909
2021;2;26;16;13.5;98.92857362;65;50.4;3.58;97.05;6.650888393255831
2021;2;26;17;11.9;0.0;0;60.0;3.9;97.05;6.646663641292514
2021;2;26;18;11.9;0.0;0;61.7;4.24;97.06;6.642438522393425
2021;2;26;19;10.7;0.0;0;67.8;4.26;97.04;6.638213038732221
2021;2;26;20;10.3;0.0;0;65.5;3.4;97.02;6.633987192482736
2021;2;26;21;7.8;0.0;0;77.3;3.26;97.03;6.629760985819002
2021;2;26;22;8.1;0.0;0;78.0;3.7;97.07;6.6255344209152325
2021;2;26;23;8.5;0.0;0;76.1;3.72;97.1;6.621307499945826
2021;2;27;0;7.9;0.0;0;78.7;3.64;97.15;6.617080225085363
2021;2;27;1;7.2;0.0;0;83.9;3.98;97.19;6.612852598508609
2021;2;27;2;6.8;0.0;0;84.2;3.64;97.15;6.608624622390508
2021;2;27;3;6.1;0.0;0;84.8;3.06;97.13;6.604396298906181
2021;2;27;4;5.8;0.0;0;84.6;2.72;97.12;6.600167630230935
2021;2;27;5;5.9;0.0;0;80.0;1.9;97.12;6.595938618540244
2021;2;27;6;5.6;0.0;0;73.5;0.3;97.15;6.5917092660097705
2021;2;27;7;5.3;0.0;9;71.2;-0.46;97.19;6.587479574815344
2021;2;27;8;5.2;0.0;54;72.6;-0.28;97.23;6.583249547132974
2021;2;27;9;5.2;0.0;83;74.3;0.06;97.22;6.579019185138838
2021;2;27;10;5.6;0.0;204;74.1;0.42;97.2;6.574788491009285
2021;2;27;11;5.7;32.10106111;154;74.0;0.5;97.19;6.570557466920839
2021;2;27;12;5.8;110.0549107;53;72.1;0.22;97.18;6.5663261150501935
2021;2;27;13;6.0;0.0;157;70.2;0.04;97.16;6.562094437574208
2021;2;27;14;6.5;308.6993995;69;68.8;0.26;97.15;6.557862436669911
2021;2;27;15;6.8;748.1340155;137;65.0;-0.2;97.14;6.5536301145144975
2021;2;27;16;6.8;803.6169048;68;64.0;-0.4;97.15;6.54939747328533
2021;2;27;17;6.6;0.0;0;61.6;-1.08;97.16;6.545164515159927
2021;2;27;18;6.2;0.0;0;62.8;-1.24;97.18;6.540931242315981
2021;2;27;19;5.8;0.0;0;64.8;-1.24;97.19;6.536697656931336
2021;2;27;20;5.4;0.0;0;63.3;-1.94;97.2;6.532463761184005
2021;2;27;21;5.0;0.0;0;65.0;-2.0;97.21;6.528229557252155
2021;2;27;22;4.7;0.0;0;65.8;-2.14;97.23;6.523995047314119
2021;2;27;23;4.4;0.0;0;68.1;-1.98;97.23;6.519760233548377
2021;2;28;0;4.1;0.0;0;68.3;-2.24;97.24;6.515525118133575
2021;2;28;1;3.9;0.0;0;68.3;-2.44;97.23;6.511289703248506
2021;2;28;2;3.5;0.0;0;70.5;-2.4;97.19;6.507053991072122
2021;2;28;3;3.3;0.0;0;70.5;-2.6;97.17;6.502817983783529
2021;2;28;4;3.0;0.0;0;73.8;-2.24;97.18;6.49858168356198
2021;2;28;5;2.9;0.0;0;73.0;-2.5;97.2;6.494345092586884
2021;2;28;6;2.6;0.0;0;74.5;-2.5;97.2;6.490108213037798
2021;2;28;7;2.5;0.0;45;75.4;-2.42;97.22;6.485871047094423
2021;2;28;8;2.7;0.0;62;76.2;-2.06;97.25;6.481633596936612
2021;2;28;9;3.2;0.0;175;75.7;-1.66;97.27;6.4773958647443655
2021;2;28;10;3.6;0.0;259;75.2;-1.36;97.29;6.473157852697823
2021;2;28;11;4.1;261.3856271;119;72.5;-1.4;97.3;6.468919562977272
2021;2;28;12;5.0;598.8299107;0;69.9;-1.02;97.27;6.464680997763148
2021;2;28;13;5.9;1000.0;0;66.5;-0.8;97.2;6.460442159236015
2021;2;28;14;6.3;939.8410768;82;64.3;-0.84;97.16;6.456203049576592
2021;2;28;15;6.8;996.3155114;53;65.2;-0.16;97.14;6.451963670965725
2021;2;28;16;6.2;850.0799857;70;66.0;-0.6;97.13;6.447724025584407
2021;2;28;17;5.4;0.0;0;69.8;-0.64;97.15;6.4434841156137646
2021;2;28;18;4.0;0.0;0;76.1;-0.78;97.19;6.439243943235062
2021;2;28;19;1.7;0.0;0;86.2;-1.06;97.21;6.4350035106296986
2021;2;28;20;1.5;0.0;0;86.8;-1.14;97.22;6.430762819979205
2021;2;28;21;0.3;0.0;0;92.9;-1.12;97.23;6.4265218734652505
2021;2;28;22;-0.6;0.0;0;94.7;-1.66;97.24;6.422280673269626
2021;2;28;23;-0.4;0.0;0;93.6;-1.68;97.21;6.418039221574264
2021;3;1;0;-1.1;0.0;0;95.7;-1.96;97.22;6.413797520561216
2021;3;1;1;-1.0;0.0;0;94.5;-2.1;97.21;6.40955557241267
2021;3;1;2;-2.0;0.0;0;98.1;-2.38;97.19;6.405313379310941
2021;3;1;3;-2.0;0.0;0;96.7;-2.66;97.19;6.4010709434384605
2021;3;1;4;-2.2;0.0;0;97.5;-2.7;97.17;6.396828266977798
2021;3;1;5;-2.5;0.0;0;97.5;-3.0;97.17;6.3925853521116345
2021;3;1;6;-2.0;0.0;0;95.7;-2.86;97.17;6.388342201022782
2021;3;1;7;-2.6;0.0;62;96.9;-3.22;97.2;6.3840988158941725
2021;3;1;8;-0.3;7.058139007;144;92.8;-1.74;97.23;6.379855198908856
2021;3;1;9;1.9;396.1269594;137;86.5;-0.8;97.22;6.3756113522500035
2021;3;1;10;3.9;369.0188608;254;80.3;-0.04;97.2;6.371367278100904
2021;3;1;11;5.7;713.6561443;157;73.4;0.38;97.18;6.367122978644966
2021;3;1;12;7.1;696.2252857;210;67.0;0.5;97.14;6.362878456065706
2021;3;1;13;9.1;871.5769937;122;62.2;1.54;97.07;6.358633712546766
2021;3;1;14;9.7;878.8340796;121;57.7;1.24;97.01;6.354388750271891
2021;3;1;15;10.1;733.6373952;153;58.2;1.74;96.99;6.350143571424946
2021;3;1;16;10.3;870.2146438;75;54.0;1.1;96.98;6.345898178189905
2021;3;1;17;8.3;1000.0;0;57.9;-0.12;97.0;6.341652572750855
2021;3;1;18;6.3;0.0;0;64.1;-0.88;97.05;6.337406757291985
2021;3;1;19;4.3;0.0;0;76.7;-0.36;97.08;6.333160733997602
2021;3;1;20;2.9;0.0;0;83.0;-0.5;97.1;6.328914505052109
2021;3;1;21;2.3;0.0;0;85.7;-0.56;97.12;6.324668072640023
2021;3;1;22;1.6;0.0;0;88.3;-0.74;97.14;6.320421438945963
2021;3;1;23;0.4;0.0;0;91.8;-1.24;97.17;6.316174606154651
2021;3;2;0;0.8;0.0;0;90.1;-1.18;97.2;6.3119275764509135
2021;3;2;1;0.2;0.0;0;91.4;-1.52;97.22;6.307680352019679
2021;3;2;2;-0.4;0.0;0;93.5;-1.7;97.22;6.303432935045969
2021;3;2;3;-0.9;0.0;0;94.7;-1.96;97.22;6.299185327714913
2021;3;2;4;-1.3;0.0;0;93.8;-2.54;97.24;6.294937532211731
2021;3;2;5;-1.0;0.0;0;94.1;-2.18;97.25;6.290689550721744
2021;3;2;6;-2.1;0.0;0;95.8;-2.94;97.27;6.28644138543037
2021;3;2;7;-1.2;0.0;50;95.4;-2.12;97.32;6.282193038523122
2021;3;2;8;1.1;131.4921704;132;87.1;-1.48;97.37;6.277944512185598
2021;3;2;9;3.4;277.1369556;209;81.4;-0.32;97.41;6.273695808603499
2021;3;2;10;7.1;390.0293737;261;71.6;1.42;97.4;6.269446929962608
2021;3;2;11;9.0;564.7966762;251;58.8;0.76;97.38;6.265197878448805
2021;3;2;12;10.6;608.3335849;257;53.1;1.22;97.31;6.260948656248057
2021;3;2;13;12.2;708.0972426;207;45.6;1.32;97.27;6.256699265546418
2021;3;2;14;13.6;996.0016067;61;46.1;2.82;97.23;6.252449708530029
2021;3;2;15;13.8;846.8964258;44;41.7;2.14;97.21;6.248199987385116
2021;3;2;16;12.8;856.2176656;34;41.7;1.14;97.18;6.243950104297997
2021;3;2;17;10.6;945.1808842;0;57.5;2.1;97.21;6.2397000614550535
2021;3;2;18;7.6;0.0;0;67.9;1.18;97.26;6.235449861042769
2021;3;2;19;6.2;0.0;0;70.1;0.22;97.27;6.2311995052477
2021;3;2;20;5.6;0.0;0;74.3;0.46;97.28;6.226948996256485
2021;3;2;21;4.3;0.0;0;82.4;0.78;97.33;6.222698336255841
2021;3;2;22;4.3;0.0;0;81.4;0.58;97.32;6.218447527432559
2021;3;2;23;3.3;0.0;0;85.7;0.44;97.32;6.214196571973513
2021;3;3;0;4.1;0.0;0;79.4;-0.02;97.32;6.209945472065646
2021;3;3;1;3.0;0.0;0;84.1;-0.18;97.33;6.205694229895979
2021;3;3;2;3.5;0.0;0;80.6;-0.38;97.3;6.201442847651606
2021;3;3;3;3.6;0.0;0;79.8;-0.44;97.29;6.197191327519693
2021;3;3;4;3.8;0.0;0;75.4;-1.12;97.3;6.192939671687476
2021;3;3;5;2.4;0.0;0;83.7;-0.86;97.33;6.188687882342267
2021;3;3;6;2.0;0.0;0;84.0;-1.2;97.31;6.18443596167143
2021;3;3;7;1.4;0.0;64;85.9;-1.42;97.35;6.180183911862413
2021;3;3;8;2.6;0.0;83;83.9;-0.62;97.37;6.175931735102725
2021;3;3;9;4.5;0.0;163;82.1;0.92;97.37;6.17167943357994
2021;3;3;10;5.5;163.4735908;119;72.1;-0.08;97.35;6.167427009481698
2021;3;3;11;7.1;164.7514691;141;65.1;0.12;97.31;6.1631744649956985
2021;3;3;12;7.6;144.8210166;159;65.7;0.74;97.27;6.158921802309709
2021;3;3;13;8.5;0.0;250;63.1;1.12;97.19;6.1546690236115476
2021;3;3;14;8.5;145.8804498;116;65.2;1.54;97.14;6.150416131089105
2021;3;3;15;8.7;193.0998724;82;65.8;1.86;97.1;6.1461631269303165
2021;3;3;16;8.3;111.7586564;79;69.6;2.22;97.04;6.141910013323186
2021;3;3;17;7.5;771.6078141;0;73.3;2.16;97.01;6.13765679245577
2021;3;3;18;6.0;0.0;0;82.3;2.46;97.03;6.133403466516179
2021;3;3;19;5.8;0.0;0;79.6;1.72;97.01;6.129150037692585
2021;3;3;20;4.7;0.0;0;85.6;1.82;96.99;6.124896508173195
2021;3;3;21;4.8;0.0;0;83.9;1.58;96.97;6.120642880146284
2021;3;3;22;4.4;0.0;0;86.9;1.78;96.94;6.1163891558001735
2021;3;3;23;4.2;0.0;0;86.4;1.48;96.88;6.112135337323235
2021;3;4;0;4.9;0.0;0;78.6;0.62;96.84;6.107881426903886
2021;3;4;1;4.4;0.0;0;83.1;1.02;96.8;6.103627426730593
2021;3;4;2;4.3;0.0;0;85.5;1.4;96.74;6.099373338991873
2021;3;4;3;3.6;0.0;0;87.7;1.14;96.68;6.095119165876275
2021;3;4;4;3.6;0.0;0;88.2;1.24;96.64;6.0908649095724074
2021;3;4;5;3.8;0.0;0;86.9;1.18;96.6;6.086610572268908
2021;3;4;6;3.3;0.0;0;90.8;1.46;96.58;6.082356156154467
2021;3;4;7;2.8;0.0;57;92.2;1.24;96.54;6.07810166341781
2021;3;4;8;5.5;279.6862142;76;77.7;1.04;96.53;6.073847096247705
2021;3;4;9;8.0;237.5940155;197;65.1;1.02;96.48;6.069592456832953
2021;3;4;10;8.6;370.515217;113;65.9;1.78;96.42;6.065337747362394
2021;3;4;11;12.1;256.7186141;168;45.9;1.28;96.37;6.0610829700249065
2021;3;4;12;14.1;562.441661;245;38.2;1.74;96.3;6.056828127009403
2021;3;4;13;14.3;847.6736809;91;32.5;0.8;96.19;6.052573220504831
2021;3;4;14;13.6;338.2992638;163;36.5;0.9;96.14;6.048318252700168
2021;3;4;15;13.3;32.67762259;116;38.5;1.0;96.09;6.0440632257844245
2021;3;4;16;12.5;364.8631455;41;45.1;1.52;96.05;6.039808141946643
2021;3;4;17;10.9;764.8967663;0;60.4;2.98;96.08;6.035553003375888
2021;3;4;18;9.6;0.0;0;64.4;2.48;96.13;6.031297812261264
2021;3;4;19;7.8;0.0;0;83.2;4.44;96.13;6.027042570791891
2021;3;4;20;8.0;0.0;0;80.8;4.16;96.12;6.022787281156921
2021;3;4;21;7.6;0.0;0;83.3;4.26;96.14;6.018531945545531
2021;3;4;22;5.6;0.0;0;94.1;4.42;96.14;6.014276566146922
2021;3;4;23;5.3;0.0;0;94.4;4.18;96.12;6.010021145150312
2021;3;5;0;6.3;0.0;0;87.4;3.78;96.11;6.005765684744949
2021;3;5;1;5.3;0.0;0;94.7;4.24;96.13;6.0015101871200915
2021;3;5;2;5.3;0.0;0;96.5;4.6;96.12;5.997254654465024
2021;3;5;3;5.8;0.0;0;92.7;4.34;96.08;5.992999088969048
2021;3;5;4;5.0;0.0;0;96.6;4.32;96.1;5.988743492821482
2021;3;5;5;4.1;0.0;0;97.9;3.68;96.1;5.984487868211659
2021;3;5;6;4.3;0.0;0;96.6;3.62;96.1;5.9802322173289255
2021;3;5;7;5.2;0.0;27;92.6;3.72;96.12;5.975976542362647
2021;3;5;8;5.5;39.20961625;69;92.6;4.02;96.18;5.971720845502193
2021;3;5;9;7.5;334.6955051;53;83.1;4.12;96.18;5.9674651289369525
2021;3;5;10;8.9;359.1962403;141;65.1;1.92;96.19;5.9632093948563165
2021;3;5;11;8.6;74.11313652;250;63.1;1.22;96.19;5.958953645449692
2021;3;5;12;8.8;324.2342151;124;72.9;3.38;96.2;5.954697882906494
2021;3;5;13;7.2;0.0;248;73.2;1.84;96.23;5.950442109416136
2021;3;5;14;6.3;0.0;171;77.4;1.78;96.26;5.946186327168049
2021;3;5;15;6.6;29.57569224;105;74.3;1.46;96.29;5.941930538351655
2021;3;5;16;6.3;384.3376026;64;75.5;1.4;96.34;5.93767474515639
2021;3;5;17;5.1;1000.0;0;75.2;0.14;96.41;5.93341894977169
2021;3;5;18;4.5;0.0;0;77.5;0.0;96.5;5.929163154386989
2021;3;5;19;4.2;0.0;0;79.7;0.14;96.56;5.924907361191725
2021;3;5;20;3.6;0.0;0;80.0;-0.4;96.57;5.9206515723753315
2021;3;5;21;2.9;0.0;0;82.7;-0.56;96.6;5.916395790127246
2021;3;5;22;2.5;0.0;0;81.8;-1.14;96.62;5.912140016636888
2021;3;5;23;2.4;0.0;0;81.9;-1.22;96.64;5.907884254093688
2021;3;6;0;2.2;0.0;0;82.9;-1.22;96.64;5.903628504687063
2021;3;6;1;2.3;0.0;0;78.7;-1.96;96.65;5.899372770606428
2021;3;6;2;2.2;0.0;0;79.6;-1.88;96.64;5.895117054041185
2021;3;6;3;2.0;0.0;0;78.5;-2.3;96.63;5.8908613571807305
2021;3;6;4;1.7;0.0;0;77.3;-2.84;96.64;5.886605682214455
2021;3;6;5;1.4;0.0;0;77.2;-3.16;96.68;5.882350031331722
2021;3;6;6;1.0;0.0;0;78.2;-3.36;96.71;5.878094406721898
2021;3;6;7;0.9;0.0;59;78.0;-3.5;96.76;5.873838810574331
2021;3;6;8;1.2;0.0;131;78.0;-3.2;96.81;5.869583245078356
2021;3;6;9;1.7;0.0;226;77.3;-2.84;96.84;5.865327712423289
2021;3;6;10;2.4;0.0;205;74.6;-2.68;96.85;5.861072214798434
2021;3;6;11;3.5;30.04123485;272;71.8;-2.14;96.85;5.856816754393068
2021;3;6;12;4.0;282.051114;85;70.3;-1.94;96.84;5.85256133339646
2021;3;6;13;4.0;142.8211606;122;69.6;-2.08;96.83;5.8483059539978495
2021;3;6;14;4.4;28.3057888;204;67.7;-2.06;96.81;5.84405061838646
2021;3;6;15;4.6;366.4215382;139;67.9;-1.82;96.8;5.83979532875149
2021;3;6;16;4.7;573.9281683;83;67.6;-1.78;96.79;5.835540087282116
2021;3;6;17;4.1;1000.0;7;66.7;-2.56;96.79;5.831284896167492
2021;3;6;18;2.7;0.0;0;74.4;-2.42;96.81;5.827029757596738
2021;3;6;19;2.3;0.0;0;75.4;-2.62;96.82;5.822774673758956
2021;3;6;20;1.3;0.0;0;79.4;-2.82;96.8;5.818519646843212
2021;3;6;21;-0.3;0.0;0;87.3;-2.84;96.82;5.814264679038549
2021;3;6;22;-0.2;0.0;0;87.1;-2.78;96.82;5.810009772533976
2021;3;6;23;0.3;0.0;0;86.6;-2.38;96.8;5.805754929518474
2021;3;7;0;0.4;0.0;0;91.4;-1.32;96.77;5.8015001521809895
2021;3;7;1;1.1;0.0;0;85.6;-1.78;96.73;5.79724544271043
2021;3;7;2;0.8;0.0;0;86.4;-1.92;96.68;5.7929908032956785
2021;3;7;3;0.3;0.0;0;91.7;-1.36;96.63;5.788736236125571
2021;3;7;4;1.0;0.0;0;86.8;-1.64;96.61;5.784481743388913
2021;3;7;5;1.3;0.0;0;87.4;-1.22;96.58;5.7802273272744715
2021;3;7;6;1.2;0.0;0;88.3;-1.14;96.58;5.775972989970973
2021;3;7;7;1.5;0.0;71;88.2;-0.86;96.58;5.771718733667106
2021;3;7;8;2.3;0.0;162;87.5;-0.2;96.59;5.767464560551508
2021;3;7;9;3.0;15.53402582;195;79.6;-1.08;96.57;5.763210472812786
2021;3;7;10;4.9;167.713471;277;76.7;0.24;96.53;5.758956472639494
2021;3;7;11;7.3;368.8029678;305;68.2;0.94;96.46;5.754702562220145
2021;3;7;12;8.2;728.309606;208;68.3;1.86;96.39;5.750448743743206
2021;3;7;13;8.8;564.527816;141;67.0;2.2;96.28;5.7461950193970965
2021;3;7;14;8.7;112.1158601;216;75.9;3.88;96.22;5.741941391370188
2021;3;7;15;9.8;0.0;167;59.9;1.78;96.15;5.737687861850798
2021;3;7;16;8.9;214.8419329;89;72.6;3.42;96.1;5.733434433027201
2021;3;7;17;8.9;797.510129;2;62.0;1.3;96.08;5.72918110708761
2021;3;7;18;7.7;0.0;0;71.2;1.94;96.11;5.724927886220194
2021;3;7;19;6.8;0.0;0;75.0;1.8;96.11;5.720674772613064
2021;3;7;20;4.5;0.0;0;87.4;1.98;96.1;5.716421768454276
2021;3;7;21;5.0;0.0;0;86.8;2.36;96.1;5.712168875931832
2021;3;7;22;4.8;0.0;0;89.2;2.64;96.09;5.707916097233671
2021;3;7;23;4.8;0.0;0;88.8;2.56;96.08;5.703663434547682
2021;3;8;0;4.6;0.0;0;88.8;2.36;96.04;5.6994108900616824
2021;3;8;1;4.2;0.0;0;91.7;2.54;96.03;5.6951584659634396
2021;3;8;2;4.0;0.0;0;93.3;2.66;96.0;5.690906164440655
2021;3;8;3;4.2;0.0;0;93.8;2.96;95.95;5.686653987680967
2021;3;8;4;4.2;0.0;0;96.6;3.52;95.96;5.682401937871953
2021;3;8;5;4.3;0.0;0;95.7;3.44;95.97;5.678150017201116
2021;3;8;6;4.3;0.0;0;96.8;3.66;95.99;5.673898227855902
2021;3;8;7;4.2;36.56397977;0;92.7;2.74;96.0;5.669646572023687
2021;3;8;8;4.5;0.0;145;94.9;3.48;96.04;5.665395051891774
2021;3;8;9;5.2;0.0;192;86.2;2.44;96.05;5.661143669647401
2021;3;8;10;6.6;252.627828;273;80.5;2.7;96.04;5.656892427477734
2021;3;8;11;8.4;609.7040379;181;69.2;2.24;96.01;5.652641327569866
2021;3;8;12;9.6;897.789514;73;57.3;1.06;95.97;5.648390372110821
2021;3;8;13;9.9;881.3549069;109;50.5;0.0;95.9;5.644139563287539
2021;3;8;14;10.2;919.997487;105;46.9;-0.42;95.85;5.639888903286896
2021;3;8;15;10.6;803.2279621;133;49.0;0.4;95.83;5.635638394295681
2021;3;8;16;9.8;1000.0;27;48.5;-0.5;95.79;5.631388038500612
2021;3;8;17;8.2;1000.0;10;54.5;-0.9;95.82;5.627137838088327
2021;3;8;18;5.8;0.0;0;67.6;-0.68;95.86;5.622887795245384
2021;3;8;19;5.0;0.0;0;68.9;-1.22;95.9;5.6186379121582615
2021;3;8;20;3.1;0.0;0;77.6;-1.38;95.9;5.614388191013348
2021;3;8;21;3.7;0.0;0;69.2;-2.46;95.91;5.6101386339969626
2021;3;8;22;1.4;0.0;0;82.2;-2.16;95.94;5.605889243295323
2021;3;8;23;1.1;0.0;0;80.7;-2.76;95.92;5.601640021094575
2021;3;9;0;0.7;0.0;0;80.9;-3.12;95.9;5.597390969580772
2021;3;9;1;-0.1;0.0;0;85.0;-3.1;95.91;5.593142090939882
2021;3;9;2;-0.9;0.0;0;86.0;-3.7;95.88;5.588893387357783
2021;3;9;3;-1.3;0.0;0;87.4;-3.82;95.85;5.584644861020259
2021;3;9;4;-0.5;0.0;0;83.2;-3.86;95.85;5.580396514113009
2021;3;9;5;-1.4;0.0;0;87.4;-3.92;95.86;5.5761483488216355
2021;3;9;6;-1.9;0.0;5;89.0;-4.1;95.88;5.57190036733165
2021;3;9;7;-1.4;282.5580223;0;90.2;-3.36;95.91;5.567652571828467
2021;3;9;8;0.6;0.0;156;82.3;-2.94;95.95;5.563404964497409
2021;3;9;9;2.7;324.6265875;197;67.7;-3.76;95.96;5.559157547523701
2021;3;9;10;3.5;244.7342752;218;63.3;-3.84;95.96;5.5549103230924635
2021;3;9;11;5.0;425.6053557;192;60.5;-2.9;95.95;5.550663293388729
2021;3;9;12;6.7;584.9583653;215;55.6;-2.18;95.94;5.546416460597418
2021;3;9;13;8.9;607.4074147;153;51.3;-0.84;95.88;5.542169826903358
2021;3;9;14;7.2;424.1992163;128;54.5;-1.9;95.85;5.537923394491272
2021;3;9;15;7.3;471.0951156;110;53.2;-2.06;95.85;5.533677165545779
2021;3;9;16;7.8;471.7684763;60;58.2;-0.56;95.86;5.529431142251395
2021;3;9;17;7.2;1000.0;10;54.8;-1.84;95.91;5.525185326792525
2021;3;9;18;5.7;0.0;0;49.0;-4.5;96.0;5.520939721353476
2021;3;9;19;4.9;0.0;0;51.3;-4.84;96.07;5.516694328118435
2021;3;9;20;3.8;0.0;0;56.1;-4.98;96.09;5.5124491492714895
2021;3;9;21;1.8;0.0;0;65.8;-5.04;96.11;5.508204186996614
2021;3;9;22;0.6;0.0;0;73.8;-4.64;96.15;5.5039594434776715
2021;3;9;23;-0.1;0.0;0;77.9;-4.52;96.15;5.4997149208984135
2021;3;10;0;-0.4;0.0;0;80.1;-4.38;96.14;5.495470621442474
2021;3;10;1;-1.5;0.0;0;84.8;-4.54;96.18;5.491226547293377
2021;3;10;2;-2.3;0.0;0;87.7;-4.76;96.15;5.486982700634524
2021;3;10;3;-1.6;0.0;0;85.3;-4.54;96.15;5.482739083649208
2021;3;10;4;-2.5;0.0;0;88.8;-4.74;96.19;5.4784956985205975
2021;3;10;5;-2.5;0.0;0;90.1;-4.48;96.26;5.474252547431745
2021;3;10;6;-2.3;0.0;8;88.3;-4.64;96.28;5.470009632565582
2021;3;10;7;-1.9;0.0;64;87.8;-4.34;96.33;5.465766956104919
2021;3;10;8;0.9;319.5250655;102;79.4;-3.22;96.37;5.461524520232442
2021;3;10;9;3.0;410.4353053;127;70.2;-2.96;96.4;5.457282327130709
2021;3;10;10;5.5;672.0905474;133;64.3;-1.64;96.37;5.4530403789821635
2021;3;10;11;7.4;817.9804856;117;53.8;-1.84;96.31;5.448798677969116
2021;3;10;12;8.3;730.6562258;178;46.1;-2.48;96.25;5.444557226273751
2021;3;10;13;8.9;607.303105;291;42.0;-2.7;96.2;5.440316026078127
2021;3;10;14;9.5;813.2004742;158;42.0;-2.1;96.13;5.4360750795641755
2021;3;10;15;10.3;835.0283035;125;42.0;-1.3;96.06;5.431834388913682
2021;3;10;16;10.4;727.4086058;68;42.6;-1.08;96.0;5.427593956308318
2021;3;10;17;8.6;1000.0;12;51.5;-1.1;96.02;5.423353783929616
2021;3;10;18;7.6;0.0;0;48.0;-2.8;96.0;5.419113873958974
2021;3;10;19;7.5;0.0;0;47.7;-2.96;96.02;5.414874228577656
2021;3;10;20;5.8;0.0;0;56.8;-2.84;96.03;5.4106348499667885
2021;3;10;21;6.6;0.0;0;54.5;-2.5;96.01;5.406395740307367
2021;3;10;22;7.9;0.0;0;45.5;-3.0;95.97;5.402156901780235
2021;3;10;23;8.4;0.0;0;43.5;-2.9;95.9;5.397918336566107
2021;3;11;0;8.2;0.0;0;45.8;-2.64;95.86;5.3936800468455575
2021;3;11;1;8.0;0.0;0;48.3;-2.34;95.83;5.389442034799014
2021;3;11;2;8.0;0.0;0;48.2;-2.36;95.77;5.385204302606766
2021;3;11;3;8.8;0.0;0;45.8;-2.04;95.73;5.380966852448955
2021;3;11;4;9.1;0.0;0;47.8;-1.34;95.71;5.376729686505582
2021;3;11;5;9.2;0.0;0;47.1;-1.38;95.7;5.372492806956497
2021;3;11;6;8.9;0.0;9;49.0;-1.3;95.72;5.3682562159814005
2021;3;11;7;9.6;0.0;75;45.6;-1.28;95.75;5.364019915759852
2021;3;11;8;10.5;20.54758388;73;45.2;-0.46;95.77;5.3597839084712575
2021;3;11;9;11.0;215.4071534;81;46.7;0.34;95.78;5.355548196294874
2021;3;11;10;11.4;71.80383867;110;48.1;1.02;95.72;5.351312781409807
2021;3;11;11;12.4;90.98544973;140;51.3;2.66;95.63;5.347077665995003
2021;3;11;12;12.4;67.59166601;127;57.5;3.9;95.58;5.342842852229263
2021;3;11;13;12.9;0.0;200;57.7;4.44;95.47;5.338608342291225
2021;3;11;14;13.2;19.27455197;82;57.6;4.72;95.36;5.334374138359376
2021;3;11;15;13.3;10.00519734;74;58.0;4.9;95.29;5.330140242612044
2021;3;11;16;13.3;95.80917281;98;58.9;5.08;95.23;5.325906657227399
2021;3;11;17;12.1;320.4807208;15;66.9;5.48;95.25;5.321673384383454
2021;3;11;18;9.6;0.0;0;80.4;5.68;95.45;5.317440426258051
2021;3;11;19;9.5;0.0;0;81.4;5.78;95.57;5.313207785028883
2021;3;11;20;9.9;0.0;0;66.7;3.24;95.62;5.3089754628734696
2021;3;11;21;8.7;0.0;0;78.9;4.48;95.68;5.3047434619691725
2021;3;11;22;9.7;0.0;0;61.4;1.98;95.77;5.300511784493187
2021;3;11;23;9.2;0.0;0;60.8;1.36;95.82;5.296280432622541
2021;3;12;0;7.6;0.0;0;71.3;1.86;95.88;5.292049408534098
2021;3;12;1;8.0;0.0;0;62.6;0.52;95.93;5.287818714404544
2021;3;12;2;7.4;0.0;0;54.6;-1.68;95.91;5.283588352410408
2021;3;12;3;6.3;0.0;0;58.7;-1.96;95.92;5.279358324728037
2021;3;12;4;5.7;0.0;0;58.8;-2.54;95.94;5.27512863353361
2021;3;12;5;4.4;0.0;0;64.9;-2.62;95.98;5.270899281003135
2021;3;12;6;3.4;0.0;12;72.6;-2.08;96.0;5.266670269312446
2021;3;12;7;4.5;0.0;85;67.5;-2.0;95.99;5.2624416006371995
2021;3;12;8;6.3;193.3737993;163;63.9;-0.92;95.99;5.258213277152872
2021;3;12;9;8.1;335.9454357;243;55.2;-0.86;95.99;5.2539853010347715
2021;3;12;10;7.9;483.8803471;222;54.9;-1.12;95.95;5.249757674458016
2021;3;12;11;9.1;303.8513661;257;53.5;-0.2;95.91;5.245530399597555
2021;3;12;12;8.7;254.1379404;123;49.4;-1.42;95.88;5.241303478628148
2021;3;12;13;8.6;86.02971685;126;51.7;-1.06;95.86;5.237076913724378
2021;3;12;14;9.4;194.8072155;192;50.2;-0.56;95.81;5.2328507070606465
2021;3;12;15;10.0;170.6373916;138;42.8;-1.44;95.76;5.228624860811161
2021;3;12;16;9.5;604.1591076;81;39.3;-2.64;95.73;5.224399377149956
2021;3;12;17;9.1;690.8731972;15;46.3;-1.64;95.72;5.220174258250866
2021;3;12;18;7.8;0.0;0;52.2;-1.76;95.74;5.21594950628755
2021;3;12;19;6.7;0.0;0;55.7;-2.16;95.76;5.211725123433472
2021;3;12;20;6.6;0.0;0;54.6;-2.48;95.79;5.207501111861907
2021;3;12;21;6.9;0.0;0;53.2;-2.46;95.81;5.203277473745944
2021;3;12;22;7.1;0.0;0;54.5;-2.0;95.84;5.199054211258469
2021;3;12;23;7.3;0.0;0;56.8;-1.34;95.85;5.194831326572183
2021;3;13;0;6.6;0.0;0;66.0;-0.2;95.84;5.190608821859596
2021;3;13;1;6.5;0.0;0;66.3;-0.24;95.81;5.186386699293008
2021;3;13;2;5.8;0.0;0;69.9;-0.22;95.73;5.1821649610445375
2021;3;13;3;5.5;0.0;0;71.7;-0.16;95.66;5.177943609286098
2021;3;13;4;6.1;0.0;0;63.8;-1.14;95.62;5.173722646189408
2021;3;13;5;6.3;0.0;0;61.2;-1.46;95.61;5.16950207392598
2021;3;13;6;6.4;0.0;7;59.5;-1.7;95.58;5.165281894667129
2021;3;13;7;7.0;176.0021883;23;55.5;-1.9;95.58;5.1610621105839725
2021;3;13;8;7.7;289.5349227;68;55.3;-1.24;95.61;5.156842723847415
2021;3;13;9;9.5;548.4972397;120;46.5;-1.2;95.54;5.152623736628163
2021;3;13;10;9.4;276.5544403;155;46.6;-1.28;95.44;5.148405151096718
2021;3;13;11;10.1;147.5014356;199;46.5;-0.6;95.41;5.14418696942337
2021;3;13;12;11.8;918.6934397;101;40.6;-0.08;95.3;5.13996919377821
2021;3;13;13;10.6;270.7541551;126;44.7;-0.46;95.25;5.1357518263311075
2021;3;13;14;11.5;372.8628886;186;43.5;0.2;95.14;5.131534869251734
2021;3;13;15;10.6;347.2586093;96;44.3;-0.54;95.12;5.127318324709539
2021;3;13;16;10.4;219.8365623;76;45.3;-0.54;95.1;5.12310219487377
2021;3;13;17;5.9;0.0;17;82.8;2.46;95.29;5.118886481913455
2021;3;13;18;5.1;0.0;0;87.1;2.52;95.32;5.114671187997409
2021;3;13;19;5.5;0.0;0;83.8;2.26;95.27;5.110456315294235
2021;3;13;20;5.7;0.0;0;78.7;1.44;95.31;5.106241865972311
2021;3;13;21;6.1;0.0;0;70.3;0.16;95.32;5.102027842199806
2021;3;13;22;5.9;0.0;0;74.0;0.7;95.32;5.097814246144662
2021;3;13;23;3.7;0.0;0;85.9;0.88;95.24;5.093601079974607
2021;3;14;0;2.6;0.0;0;89.1;0.42;95.32;5.089388345857146
2021;3;14;1;3.4;0.0;0;85.3;0.46;95.32;5.085176045959562
2021;3;14;2;3.5;0.0;0;81.5;-0.2;95.33;5.080964182448917
2021;3;14;3;3.3;0.0;0;74.5;-1.8;95.46;5.076752757492041
2021;3;14;4;3.2;0.0;0;66.9;-3.42;95.6;5.072541773255547
2021;3;14;5;2.9;0.0;0;68.3;-3.44;95.65;5.0683312319058125
2021;3;14;6;1.2;0.0;15;88.7;-1.06;95.75;5.064121135608995
2021;3;14;7;2.4;0.0;95;72.7;-3.06;95.78;5.05991148653102
2021;3;14;8;4.1;293.2143131;172;54.4;-5.02;95.82;5.055702286837584
2021;3;14;9;3.6;0.0;210;69.2;-2.56;95.87;5.051493538694153
2021;3;14;10;5.0;411.7586223;229;67.9;-1.42;95.85;5.047285244265954
2021;3;14;11;4.1;0.0;309;67.0;-2.5;95.9;5.04307740571799
2021;3;14;12;3.9;0.0;260;73.3;-1.44;95.9;5.0388700252150205
2021;3;14;13;3.4;0.0;293;81.1;-0.38;95.9;5.034663104921577
2021;3;14;14;4.4;0.0;235;73.7;-0.86;95.92;5.030456647001952
2021;3;14;15;4.3;0.0;175;82.8;0.86;95.98;5.026250653620197
2021;3;14;16;4.7;83.44445436;104;77.5;0.2;95.99;5.022045126940131
2021;3;14;17;4.8;95.83909701;21;73.5;-0.5;96.01;5.017840069125323
2021;3;14;18;3.1;0.0;0;88.4;0.78;96.08;5.013635482339112
2021;3;14;19;2.3;0.0;0;90.9;0.48;96.13;5.009431368744583
2021;3;14;20;3.2;0.0;0;84.9;0.18;96.16;5.005227730504587
2021;3;14;21;2.7;0.0;0;89.4;0.58;96.17;5.001024569781729
2021;3;14;22;2.5;0.0;0;91.0;0.7;96.15;4.9968218887383635
2021;3;14;23;2.8;0.0;0;90.8;0.96;96.16;4.992619689536605
2021;3;15;0;3.5;0.0;0;83.6;0.22;96.11;4.9884179743383115
2021;3;15;1;3.2;0.0;0;85.0;0.2;96.12;4.984216745305103
2021;3;15;2;3.2;0.0;0;82.9;-0.22;96.07;4.980016004598336
2021;3;15;3;2.7;0.0;0;88.6;0.42;95.98;4.975815754379127
2021;3;15;4;2.5;0.0;0;92.1;0.92;95.93;4.971615996808335
2021;3;15;5;2.5;0.0;0;89.8;0.46;95.91;4.9674167340465685
2021;3;15;6;2.5;0.0;19;90.2;0.54;95.86;4.963217968254178
2021;3;15;7;2.0;0.0;75;91.5;0.3;95.83;4.959019701591265
2021;3;15;8;2.1;0.0;120;91.5;0.4;95.85;4.954821936217663
2021;3;15;9;2.7;0.0;238;91.7;1.04;95.89;4.950624674292954
2021;3;15;10;3.0;0.0;205;90.7;1.14;95.89;4.946427917976463
2021;3;15;11;3.8;13.88885204;188;87.0;1.2;95.88;4.942231669427252
2021;3;15;12;4.5;207.0447092;161;84.0;1.3;95.89;4.938035930804123
2021;3;15;13;5.3;314.8935967;239;81.1;1.52;95.84;4.933840704265615
2021;3;15;14;4.5;284.5130851;168;83.3;1.16;95.81;4.9296459919700055
2021;3;15;15;4.1;0.0;85;86.3;1.36;95.85;4.925451796075305
2021;3;15;16;4.1;212.6916156;52;89.3;1.96;95.93;4.921258118739255
2021;3;15;17;4.4;417.7571137;6;87.3;1.86;95.99;4.917064962119337
2021;3;15;18;4.2;0.0;0;87.2;1.64;96.09;4.912872328372762
2021;3;15;19;3.4;0.0;0;90.3;1.46;96.16;4.908680219656471
2021;3;15;20;3.3;0.0;0;87.5;0.8;96.19;4.9044886381271375
2021;3;15;21;1.7;0.0;0;94.4;0.58;96.27;4.900297585941166
2021;3;15;22;1.5;0.0;0;92.9;0.08;96.26;4.896107065254673
2021;3;15;23;1.6;0.0;0;95.3;0.66;96.3;4.891917078223521
2021;3;16;0;2.1;0.0;0;90.2;0.14;96.37;4.88772762700329
2021;3;16;1;1.9;0.0;0;89.9;-0.12;96.42;4.8835387137492825
2021;3;16;2;1.7;0.0;0;89.3;-0.44;96.43;4.8793503406165275
2021;3;16;3;1.1;0.0;0;93.3;-0.24;96.46;4.875162509759774
2021;3;16;4;1.3;0.0;0;91.7;-0.36;96.51;4.870975223333498
2021;3;16;5;1.0;0.0;0;93.7;-0.26;96.58;4.866788483491884
2021;3;16;6;1.3;0.0;22;91.8;-0.34;96.63;4.862602292388843
2021;3;16;7;1.7;0.0;91;88.9;-0.52;96.68;4.858416652178002
2021;3;16;8;2.7;0.0;67;81.7;-0.96;96.75;4.854231565012706
2021;3;16;9;3.8;0.0;191;73.9;-1.42;96.82;4.850047033046015
2021;3;16;10;4.6;233.8069635;136;64.5;-2.5;96.84;4.845863058430702
2021;3;16;11;5.0;64.28668116;209;59.3;-3.14;96.82;4.841679643319256
2021;3;16;12;4.8;0.0;194;59.2;-3.36;96.84;4.8374967898638745
2021;3;16;13;5.5;73.70199105;261;60.7;-2.36;96.79;4.833314500216465
2021;3;16;14;5.9;291.2844234;237;55.2;-3.06;96.75;4.829132776528652
2021;3;16;15;5.9;729.1306526;64;55.7;-2.96;96.72;4.824951620951761
2021;3;16;16;5.5;205.6416652;97;61.2;-2.26;96.69;4.820771035636831
2021;3;16;17;5.1;263.7600001;18;56.2;-3.66;96.68;4.816591022734608
2021;3;16;18;4.4;0.0;0;64.3;-2.74;96.69;4.8124115843955355
2021;3;16;19;3.2;0.0;0;76.9;-1.42;96.69;4.808232722769771
2021;3;16;20;2.4;0.0;0;87.3;-0.14;96.66;4.804054440007167
2021;3;16;21;1.9;0.0;0;92.2;0.34;96.62;4.799876738257286
2021;3;16;22;1.8;0.0;0;92.5;0.3;96.58;4.795699619669386
2021;3;16;23;1.4;0.0;0;94.3;0.26;96.5;4.791523086392427
2021;3;17;0;1.2;0.0;0;94.6;0.12;96.44;4.787347140575071
2021;3;17;1;1.2;0.0;0;94.6;0.12;96.36;4.78317178436567
2021;3;17;2;1.4;0.0;0;93.7;0.14;96.29;4.77899701991228
2021;3;17;3;1.5;0.0;0;93.3;0.16;96.26;4.774822849362648
2021;3;17;4;1.4;0.0;0;92.9;-0.02;96.27;4.770649274864217
2021;3;17;5;1.5;0.0;0;93.3;0.16;96.26;4.766476298564125
2021;3;17;6;1.5;0.0;23;92.9;0.08;96.29;4.762303922609201
2021;3;17;7;1.9;0.0;65;93.1;0.52;96.33;4.7581321491459665
2021;3;17;8;2.1;0.0;86;90.0;0.1;96.38;4.7539609803206275
2021;3;17;9;2.8;3.939146832;104;91.3;1.06;96.4;4.749790418279087
2021;3;17;10;3.8;167.1403187;108;82.4;0.28;96.42;4.745620465166928
2021;3;17;11;4.3;242.9331828;98;78.9;0.08;96.4;4.741451123129425
2021;3;17;12;4.7;245.8634544;111;78.1;0.32;96.41;4.737282394311539
2021;3;17;13;4.7;141.498681;100;78.7;0.44;96.41;4.733114280857913
2021;3;17;14;6.4;632.4733374;99;68.0;0.0;96.37;4.728946784912877
2021;3;17;15;6.9;927.6845803;84;60.8;-0.94;96.36;4.724779908620433
2021;3;17;16;5.8;871.2254721;64;60.7;-2.06;96.36;4.720613654124279
2021;3;17;17;5.0;412.8560461;22;64.7;-2.06;96.38;4.716448023567781
2021;3;17;18;4.3;0.0;0;68.8;-1.94;96.41;4.71228301909399
2021;3;17;19;2.6;0.0;0;78.7;-1.66;96.41;4.708118642845634
2021;3;17;20;2.5;0.0;0;86.3;-0.24;96.41;4.703954896965119
2021;3;17;21;2.7;0.0;0;84.2;-0.46;96.4;4.6997917835945255
2021;3;17;22;2.5;0.0;0;87.7;0.04;96.43;4.695629304875604
2021;3;17;23;2.1;0.0;0;89.3;-0.04;96.44;4.6914674629497854
2021;3;18;0;1.7;0.0;0;93.6;0.42;96.45;4.687306259958173
2021;3;18;1;1.8;0.0;0;95.5;0.9;96.45;4.683145698041534
2021;3;18;2;1.3;0.0;0;82.1;-2.28;96.41;4.678985779340311
2021;3;18;3;0.6;0.0;0;93.5;-0.7;96.38;4.674826505994618
2021;3;18;4;0.6;0.0;0;95.0;-0.4;96.4;4.670667880144234
2021;3;18;5;0.8;0.0;0;90.8;-1.04;96.43;4.666509903928606
2021;3;18;6;0.5;0.0;24;87.6;-1.98;96.42;4.662352579486842
2021;3;18;7;0.5;0.0;66;86.6;-2.18;96.42;4.6581959089577225
2021;3;18;8;2.2;514.0300901;89;67.7;-4.26;96.42;4.654039894479684
2021;3;18;9;1.8;375.9422569;108;65.8;-5.04;96.4;4.649884538190832
2021;3;18;10;3.8;770.7999238;112;60.0;-4.2;96.35;4.645729842228929
2021;3;18;11;3.6;1000.0;102;60.1;-4.38;96.29;4.6415758087314
2021;3;18;12;2.8;166.6479929;116;61.5;-4.9;96.3;4.637422439835331
2021;3;18;13;4.5;514.3631008;108;54.5;-4.6;96.25;4.633269737677458
2021;3;18;14;4.4;866.4754323;98;46.4;-6.32;96.2;4.6291177043941865
2021;3;18;15;5.0;983.0979782;86;49.9;-5.02;96.15;4.624966342121565
2021;3;18;16;3.8;825.906648;67;46.6;-6.88;96.11;4.620815652995304
2021;3;18;17;2.6;1000.0;24;60.0;-5.4;96.1;4.616665639150769
2021;3;18;18;1.3;0.0;0;65.9;-5.52;96.1;4.612516302722974
2021;3;18;19;0.1;0.0;0;73.6;-5.18;96.07;4.608367645846589
2021;3;18;20;0.1;0.0;0;70.6;-5.78;96.05;4.604219670655926
2021;3;18;21;-1.2;0.0;0;81.7;-4.86;96.01;4.600072379284957
2021;3;18;22;-1.5;0.0;0;82.9;-4.92;95.96;4.595925773867293
2021;3;18;23;-1.6;0.0;0;86.4;-4.32;95.91;4.591779856536197
2021;3;19;0;-1.6;0.0;0;87.4;-4.12;95.87;4.587634629424578
2021;3;19;1;-1.5;0.0;0;89.2;-3.66;95.85;4.583490094664989
2021;3;19;2;-1.9;0.0;0;90.1;-3.88;95.8;4.579346254389629
2021;3;19;3;-1.8;0.0;0;87.3;-4.34;95.78;4.575203110730333
2021;3;19;4;-2.2;0.0;0;91.1;-3.98;95.73;4.571060665818586
2021;3;19;5;-2.8;0.0;0;92.4;-4.32;95.68;4.566918921785507
2021;3;19;6;-3.3;0.0;26;94.4;-4.42;95.71;4.562777880761857
2021;3;19;7;-1.4;170.7608947;67;81.2;-5.16;95.74;4.558637544878037
2021;3;19;8;0.1;498.6078766;91;80.4;-3.82;95.79;4.554497916264083
2021;3;19;9;2.3;660.8744426;108;64.8;-4.74;95.78;4.550358997049671
2021;3;19;10;3.8;807.8635737;116;54.9;-5.22;95.76;4.546220789364104
2021;3;19;11;4.8;893.7198672;111;53.4;-4.52;95.75;4.542083295336327
2021;3;19;12;4.5;521.3570414;124;46.7;-6.16;95.77;4.537946517094912
2021;3;19;13;6.0;795.5262801;108;38.6;-6.28;95.75;4.533810456768066
2021;3;19;14;6.7;803.6261605;105;41.0;-5.1;95.74;4.529675116483626
2021;3;19;15;5.0;667.9193271;93;44.5;-6.1;95.76;4.525540498369061
2021;3;19;16;5.1;732.9156943;69;47.4;-5.42;95.79;4.521406604551467
2021;3;19;17;3.7;974.3461162;26;59.7;-4.36;95.89;4.517273437157561
2021;3;19;18;1.9;0.0;0;79.6;-2.18;95.98;4.513140998313695
2021;3;19;19;1.7;0.0;0;74.5;-3.4;96.07;4.509009290145846
2021;3;19;20;1.6;0.0;0;72.2;-3.96;96.14;4.504878314779606
2021;3;19;21;0.8;0.0;0;75.4;-4.12;96.2;4.500748074340198
2021;3;19;22;0.7;0.0;0;73.3;-4.64;96.23;4.496618570952466
2021;3;19;23;0.9;0.0;0;74.1;-4.28;96.27;4.492489806740875
2021;3;20;0;1.2;0.0;0;70.2;-4.76;96.29;4.488361783829509
2021;3;20;1;0.4;0.0;0;73.9;-4.82;96.31;4.484234504342068
2021;3;20;2;0.0;0.0;0;75.0;-5.0;96.32;4.48010797040187
2021;3;20;3;0.0;0.0;0;72.7;-5.46;96.31;4.475982184131853
2021;3;20;4;-0.6;0.0;0;71.5;-6.3;96.36;4.471857147654569
2021;3;20;5;-1.3;0.0;0;74.7;-6.36;96.37;4.467732863092183
2021;3;20;6;-1.3;0.0;31;72.8;-6.74;96.42;4.463609332566475
2021;3;20;7;-0.7;4.26886384;86;69.1;-6.88;96.47;4.4594865581988365
2021;3;20;8;0.5;356.3786791;120;63.3;-6.84;96.49;4.455364542110269
2021;3;20;9;1.7;463.1926757;178;56.5;-7.0;96.52;4.451243286421381
2021;3;20;10;1.9;433.436981;145;57.8;-6.54;96.56;4.447122793252396
2021;3;20;11;2.6;409.305977;121;49.2;-7.56;96.55;4.4430030647231415
2021;3;20;12;3.5;721.3578704;122;43.0;-7.9;96.52;4.438884102953053
2021;3;20;13;3.8;783.44533;133;41.5;-7.9;96.46;4.434765910061172
2021;3;20;14;4.0;625.9324094;260;40.9;-7.82;96.49;4.430648488166145
2021;3;20;15;3.8;761.2883334;193;41.4;-7.92;96.49;4.426531839386219
2021;3;20;16;3.4;839.673562;115;40.4;-8.52;96.49;4.42241596583924
2021;3;20;17;2.7;1000.0;31;43.4;-8.62;96.49;4.418300869642664
2021;3;20;18;1.5;0.0;0;46.7;-9.16;96.5;4.414186552913542
2021;3;20;19;0.9;0.0;0;48.5;-9.4;96.55;4.410073017768525
2021;3;20;20;0.2;0.0;0;51.9;-9.42;96.55;4.405960266323862
2021;3;20;21;-0.8;0.0;0;59.3;-8.94;96.58;4.401848300695401
2021;3;20;22;-0.7;0.0;0;55.4;-9.62;96.56;4.397737122998581
2021;3;20;23;-1.4;0.0;0;62.0;-9.0;96.54;4.393626735348436
2021;3;21;0;-1.1;0.0;0;62.5;-8.6;96.52;4.3895171398595965
2021;3;21;1;-0.4;0.0;0;57.8;-8.84;96.51;4.385408338646286
2021;3;21;2;-0.6;0.0;0;57.5;-9.1;96.46;4.381300333822316
2021;3;21;3;-1.5;0.0;0;68.0;-7.9;96.42;4.3771931275010925
2021;3;21;4;-2.9;0.0;0;76.5;-7.6;96.38;4.373086721795609
2021;3;21;5;-1.9;0.0;0;64.0;-9.1;96.37;4.368981118818445
2021;3;21;6;-2.2;0.0;33;65.3;-9.14;96.38;4.3648763206817645
2021;3;21;7;-1.9;0.0;93;68.5;-8.2;96.39;4.360772329497325
2021;3;21;8;0.3;195.6914353;194;57.9;-8.12;96.38;4.356669147376467
2021;3;21;9;2.9;305.5418873;270;46.1;-7.88;96.35;4.352566776430109
2021;3;21;10;3.9;562.293284;282;42.1;-7.68;96.35;4.34846521876876
2021;3;21;11;5.4;535.7072552;340;44.0;-5.8;96.33;4.344364476502507
2021;3;21;12;6.4;675.4225126;264;45.8;-4.44;96.31;4.340264551741017
2021;3;21;13;6.9;493.8148087;164;49.1;-3.28;96.23;4.336165446593532
2021;3;21;14;5.8;206.9832348;113;50.1;-4.18;96.22;4.3320671631688805
2021;3;21;15;5.6;211.5328474;97;51.3;-4.14;96.18;4.327969703575466
2021;3;21;16;5.6;340.5876576;76;52.1;-3.98;96.16;4.323873069921265
2021;3;21;17;5.1;486.7704049;28;54.5;-4.0;96.16;4.319777264313835
2021;3;21;18;4.5;0.0;0;56.9;-4.12;96.18;4.315682288860298
2021;3;21;19;3.3;0.0;0;64.2;-3.86;96.2;4.3115881456673595
2021;3;21;20;3.6;0.0;0;63.9;-3.62;96.24;4.307494836841288
2021;3;21;21;3.3;0.0;0;65.1;-3.68;96.22;4.303402364487928
2021;3;21;22;3.3;0.0;0;65.3;-3.64;96.21;4.299310730712692
2021;3;21;23;2.8;0.0;0;70.5;-3.1;96.18;4.295219937620563
2021;3;22;0;2.8;0.0;0;70.2;-3.16;96.16;4.291129987316092
2021;3;22;1;2.7;0.0;0;72.2;-2.86;96.15;4.287040881903387
2021;3;22;2;2.9;0.0;0;72.7;-2.56;96.11;4.282952623486136
2021;3;22;3;2.8;0.0;0;73.5;-2.5;96.08;4.2788652141675785
2021;3;22;4;1.8;0.0;0;75.3;-3.14;96.1;4.274778656050525
2021;3;22;5;1.9;0.0;0;77.2;-2.66;96.13;4.270692951237345
2021;3;22;6;0.9;0.0;34;83.0;-2.5;96.16;4.266608101829971
2021;3;22;7;2.6;138.2352362;84;76.7;-2.06;96.2;4.262524109929895
2021;3;22;8;3.7;405.6257005;115;71.6;-1.98;96.23;4.2584409776381635
2021;3;22;9;4.3;61.59421469;185;67.6;-2.18;96.27;4.254358707055388
2021;3;22;10;4.8;253.4203715;180;62.1;-2.78;96.28;4.250277300281729
2021;3;22;11;6.2;639.7877776;154;54.0;-3.0;96.29;4.246196759416907
2021;3;22;12;6.1;750.1421774;117;54.4;-3.02;96.31;4.242117086560199
2021;3;22;13;6.7;764.538124;118;53.4;-2.62;96.29;4.238038283810432
2021;3;22;14;6.1;566.9380462;110;53.7;-3.16;96.27;4.233960353265989
2021;3;22;15;6.6;735.49666;97;52.1;-2.98;96.29;4.229883297024795
2021;3;22;16;5.7;466.7595866;70;54.9;-3.32;96.3;4.2258071171843365
2021;3;22;17;5.1;447.4332547;29;56.2;-3.66;96.37;4.221731815841647
2021;3;22;18;3.7;0.0;0;62.2;-3.86;96.45;4.2176573950932985
2021;3;22;19;3.1;0.0;0;65.8;-3.74;96.5;4.213583857035421
2021;3;22;20;2.6;0.0;0;69.1;-3.58;96.54;4.209511203763686
2021;3;22;21;1.7;0.0;0;74.1;-3.48;96.55;4.205439437373313
2021;3;22;22;1.5;0.0;0;71.2;-4.26;96.55;4.201368559959057
2021;3;22;23;0.6;0.0;0;74.5;-4.5;96.54;4.197298573615224
2021;3;23;0;0.3;0.0;0;76.4;-4.42;96.54;4.19322948043566
2021;3;23;1;0.5;0.0;0;76.4;-4.22;96.52;4.189161282513746
2021;3;23;2;-0.1;0.0;0;79.9;-4.12;96.51;4.18509398194241
2021;3;23;3;-0.8;0.0;0;82.3;-4.34;96.52;4.1810275808141135
2021;3;23;4;-1.6;0.0;0;85.1;-4.58;96.54;4.176962081220857
2021;3;23;5;-2.1;0.0;0;87.3;-4.64;96.56;4.172897485254181
2021;3;23;6;-1.9;0.0;31;87.1;-4.48;96.59;4.168833795005149
2021;3;23;7;0.2;107.2319209;110;80.5;-3.7;96.63;4.164771012564374
2021;3;23;8;2.3;263.4024451;207;71.8;-3.34;96.65;4.160709140021989
2021;3;23;9;4.6;386.111311;275;64.4;-2.52;96.66;4.156648179467666
2021;3;23;10;6.3;466.4813307;329;54.6;-2.78;96.65;4.1525881329906085
2021;3;23;11;8.0;591.5702998;321;47.0;-2.6;96.61;4.148529002679544
2021;3;23;12;9.0;587.0363815;355;46.6;-1.68;96.61;4.144470790622737
2021;3;23;13;9.9;772.8498218;233;44.5;-1.2;96.57;4.140413498907971
2021;3;23;14;10.4;677.5179168;277;42.2;-1.16;96.53;4.136357129622562
2021;3;23;15;10.7;748.4338309;201;42.2;-0.86;96.53;4.132301684853345
2021;3;23;16;10.8;904.0910283;113;42.1;-0.78;96.53;4.128247166686687
2021;3;23;17;10.7;1000.0;34;41.9;-0.92;96.55;4.124193577208473
2021;3;23;18;9.3;0.0;0;49.0;-0.9;96.61;4.120140918504115
2021;3;23;19;6.5;0.0;0;62.9;-0.92;96.65;4.116089192658544
2021;3;23;20;4.7;0.0;0;74.5;-0.4;96.67;4.112038401756205
2021;3;23;21;3.0;0.0;0;79.5;-1.1;96.68;4.107988547881074
2021;3;23;22;2.3;0.0;0;79.5;-1.8;96.7;4.103939633116632
2021;3;23;23;0.7;0.0;0;84.2;-2.46;96.7;4.099891659545886
2021;3;24;0;1.2;0.0;0;82.4;-2.32;96.69;4.0958446292513555
2021;3;24;1;-0.7;0.0;0;88.0;-3.1;96.7;4.0917985443150755
2021;3;24;2;-0.9;0.0;0;90.8;-2.74;96.69;4.087753406818598
2021;3;24;3;-1.3;0.0;0;92.6;-2.78;96.7;4.083709218842976
2021;3;24;4;-2.0;0.0;0;91.4;-3.72;96.7;4.079665982468791
2021;3;24;5;-1.5;0.0;0;91.3;-3.24;96.71;4.075623699776118
2021;3;24;6;-1.8;0.0;34;94.4;-2.92;96.72;4.071582372844552
2021;3;24;7;0.8;236.7938002;72;85.6;-2.08;96.73;4.067542003753195
2021;3;24;8;3.5;531.6330131;95;77.9;-0.92;96.75;4.063502594580652
2021;3;24;9;6.2;504.7608477;213;67.7;-0.26;96.75;4.059464147405042
2021;3;24;10;8.0;523.3937297;298;62.0;0.4;96.74;4.055426664303979
2021;3;24;11;9.2;830.5297054;154;48.3;-1.14;96.69;4.051390147354587
2021;3;24;12;11.2;930.8230993;118;46.1;0.42;96.63;4.047354598633495
2021;3;24;13;12.7;959.369792;107;39.7;0.64;96.56;4.043320020216827
2021;3;24;14;13.9;931.6480632;139;30.7;0.04;96.51;4.0392864141802125
2021;3;24;15;14.7;916.4815574;136;25.9;-0.12;96.46;4.035253782598781
2021;3;24;16;13.7;914.7383312;100;35.8;0.86;96.44;4.031222127547162
2021;3;24;17;13.3;1000.0;32;34.7;0.24;96.45;4.027191451099474
2021;3;24;18;10.3;0.0;0;48.8;0.06;96.47;4.023161755329344
2021;3;24;19;7.7;0.0;0;59.5;-0.4;96.48;4.019133042309887
2021;3;24;20;5.5;0.0;0;66.6;-1.18;96.5;4.015105314113713
2021;3;24;21;4.4;0.0;0;71.1;-1.38;96.53;4.011078572812927
2021;3;24;22;3.2;0.0;0;76.0;-1.6;96.53;4.007052820479126
2021;3;24;23;2.7;0.0;0;76.5;-2.0;96.54;4.003028059183398
2021;3;25;0;2.4;0.0;0;76.6;-2.28;96.54;3.999004290996325
2021;3;25;1;1.4;0.0;0;82.1;-2.18;96.52;3.9949815179879677
2021;3;25;2;0.1;0.0;0;86.4;-2.62;96.5;3.9909597422278864
2021;3;25;3;0.8;0.0;0;83.4;-2.52;96.47;3.9869389657851197
2021;3;25;4;0.2;0.0;0;83.9;-3.02;96.47;3.9829191907281967
2021;3;25;5;-0.2;0.0;0;84.9;-3.22;96.47;3.9789004191251314
2021;3;25;6;0.0;0.0;23;85.2;-2.96;96.5;3.97488265304342
2021;3;25;7;1.6;288.5266879;49;82.2;-1.96;96.53;3.9708658945500446
2021;3;25;8;5.4;344.1277035;179;68.2;-0.96;96.55;3.9668501457114633
2021;3;25;9;7.9;320.5016746;283;60.5;0.0;96.55;3.9628354085936164
2021;3;25;10;10.0;503.7018353;259;54.4;0.88;96.54;3.9588216852619267
2021;3;25;11;12.5;814.5846498;131;50.3;2.56;96.47;3.954808977781294
2021;3;25;12;15.2;822.6006989;133;39.7;3.14;96.43;3.950797288216095
2021;3;25;13;15.0;759.2619047;185;37.8;2.56;96.38;3.946786618630183
2021;3;25;14;16.0;495.7996241;180;41.5;4.3;96.33;3.9427769710868894
2021;3;25;15;16.0;786.7563185;110;34.6;2.92;96.3;3.938768347649015
2021;3;25;16;15.2;525.4493222;122;36.2;2.44;96.3;3.9347607503788318
2021;3;25;17;14.5;851.9044512;40;40.2;2.54;96.32;3.930754181338091
2021;3;25;18;12.9;0.0;0;43.9;1.68;96.36;3.926748642588012
2021;3;25;19;10.6;0.0;0;56.6;1.92;96.42;3.9227441361892836
2021;3;25;20;7.7;0.0;0;75.3;2.76;96.47;3.9187406642020632
2021;3;25;21;7.2;0.0;0;76.7;2.54;96.51;3.914738228685979
2021;3;25;22;6.0;0.0;0;81.4;2.28;96.5;3.910736831700121
2021;3;25;23;4.3;0.0;0;87.0;1.7;96.5;3.906736475303046
2021;3;26;0;3.8;0.0;0;87.0;1.2;96.5;3.9027371615527775
2021;3;26;1;3.3;0.0;0;88.9;1.08;96.48;3.8987388925068034
2021;3;26;2;2.0;0.0;0;92.9;0.58;96.43;3.894741670222072
2021;3;26;3;1.7;0.0;0;89.9;-0.32;96.42;3.8907454967549935
2021;3;26;4;0.9;0.0;0;90.8;-0.94;96.41;3.886750374161442
2021;3;26;5;-0.2;0.0;0;91.9;-1.82;96.42;3.882756304496745
2021;3;26;6;1.4;0.0;36;88.5;-0.9;96.43;3.8787632898156885
2021;3;26;7;3.4;260.0438425;67;86.4;0.68;96.44;3.874771332172521
2021;3;26;8;5.9;538.6652067;89;76.0;1.1;96.45;3.870780433620944
2021;3;26;9;8.1;611.451455;116;70.9;2.28;96.45;3.8667905962141154
2021;3;26;10;9.6;675.95313;124;64.1;2.42;96.4;3.8628018220046454
2021;3;26;11;11.3;683.9735117;141;59.6;3.22;96.33;3.8588141130446023
2021;3;26;12;12.6;751.034288;118;56.7;3.94;96.25;3.8548274713854984
2021;3;26;13;13.3;603.6322824;112;55.1;4.32;96.18;3.8508418990782993
2021;3;26;14;16.6;810.612387;112;33.8;3.36;96.07;3.846857398173424
2021;3;26;15;16.6;758.2265018;93;36.9;3.98;96.05;3.8428739707207384
2021;3;26;16;16.4;556.7978187;67;35.6;3.52;96.03;3.8388916187695563
2021;3;26;17;15.6;827.8257093;34;35.9;2.78;96.04;3.8349103443686383
2021;3;26;18;14.4;0.0;0;40.0;2.4;96.03;3.8309301495661914
2021;3;26;19;12.7;0.0;0;49.3;2.56;96.05;3.8269510364098656
2021;3;26;20;13.4;0.0;0;49.4;3.28;96.14;3.822973006946751
2021;3;26;21;13.5;0.0;0;47.4;2.98;96.15;3.818996063223387
2021;3;26;22;12.2;0.0;0;56.8;3.56;96.22;3.8150202072857513
2021;3;26;23;10.9;0.0;0;69.9;4.88;96.26;3.811045441179263
2021;3;27;0;9.2;0.0;0;91.2;7.44;96.3;3.807071766948782
2021;3;27;1;8.8;0.0;0;84.9;5.78;96.27;3.8030991866385984
2021;3;27;2;8.8;0.0;0;91.7;7.14;96.34;3.7991277022924512
2021;3;27;3;7.8;0.0;0;85.8;4.96;96.4;3.795157315953505
2021;3;27;4;8.1;0.0;0;77.9;3.68;96.49;3.791188029664366
2021;3;27;5;7.0;0.0;0;68.2;0.64;96.63;3.787219845467073
2021;3;27;6;6.6;0.0;47;64.7;-0.46;96.73;3.783252765403098
2021;3;27;7;6.7;130.9375782;48;68.1;0.32;96.81;3.779286791513346
2021;3;27;8;8.1;254.29033;191;55.0;-0.9;96.86;3.775321925838147
2021;3;27;9;8.6;701.4962035;95;48.4;-1.72;96.93;3.7713581704172703
2021;3;27;10;9.0;827.2835055;110;45.3;-1.94;96.97;3.7673955272899042
2021;3;27;11;9.4;760.9668304;143;48.4;-0.92;96.98;3.763433998494672
2021;3;27;12;9.2;142.5183154;288;42.1;-2.38;97.0;3.759473586069621
2021;3;27;13;10.8;583.3607568;330;40.6;-1.08;97.0;3.7555142920522244
2021;3;27;14;10.6;576.5150593;225;39.4;-1.52;96.99;3.751556118479383
2021;3;27;15;10.9;836.7061301;136;36.4;-1.82;97.01;3.7475990673874136
2021;3;27;16;10.5;983.1702907;84;36.3;-2.24;97.03;3.743643140812061
2021;3;27;17;9.8;1000.0;43;42.2;-1.76;97.07;3.7396883407884953
2021;3;27;18;8.3;0.0;0;46.3;-2.44;97.1;3.7357346693512965
2021;3;27;19;5.1;0.0;0;67.1;-1.48;97.13;3.731782128534472
2021;3;27;20;4.7;0.0;0;63.9;-2.52;97.16;3.727830720371446
2021;3;27;21;2.8;0.0;0;75.9;-2.02;97.18;3.7238804468950595
2021;3;27;22;1.7;0.0;0;82.7;-1.76;97.24;3.719931310137572
2021;3;27;23;1.4;0.0;0;80.0;-2.6;97.26;3.7159833121306503
2021;3;28;0;1.5;0.0;0;77.7;-2.96;97.25;3.712036454905387
2021;3;28;1;-0.1;0.0;0;86.8;-2.74;97.25;3.708090740492276
2021;3;28;2;-0.7;0.0;0;88.6;-2.98;97.2;3.704146170921232
2021;3;28;3;-0.6;0.0;0;89.8;-2.64;97.19;3.7002027482215776
2021;3;28;4;-0.9;0.0;0;89.3;-3.04;97.18;3.6962604744220453
2021;3;28;5;-1.6;0.0;0;92.9;-3.02;97.23;3.6923193515507795
2021;3;28;6;-1.6;0.0;53;91.3;-3.34;97.28;3.688379381635325
2021;3;28;7;1.7;210.2119873;102;81.8;-1.94;97.35;3.684440566702643
2021;3;28;8;4.0;376.5935697;181;74.5;-1.1;97.41;3.6805029087790904
2021;3;28;9;6.9;631.5580359;160;61.8;-0.74;97.39;3.6765664098904374
2021;3;28;10;7.4;596.0537755;254;59.4;-0.72;97.41;3.6726310720618534
2021;3;28;11;9.4;544.4400463;365;54.7;0.34;97.39;3.668696897317914
2021;3;28;12;11.2;735.7742868;255;51.6;1.52;97.33;3.6647638876825943
2021;3;28;13;12.7;633.9990808;335;51.0;2.9;97.28;3.6608320451792666
2021;3;28;14;13.6;726.851246;255;45.9;2.78;97.22;3.656901371830711
2021;3;28;15;14.3;736.5906647;206;48.6;4.02;97.2;3.6529718696590954
2021;3;28;16;13.6;983.2730716;73;48.1;3.22;97.19;3.6490435406859936
2021;3;28;17;13.0;1000.0;37;52.4;3.48;97.21;3.645116386932374
2021;3;28;18;10.5;0.0;0;65.8;3.66;97.24;3.6411904104185986
2021;3;28;19;9.1;0.0;0;67.9;2.68;97.27;3.6372656131644283
2021;3;28;20;8.0;0.0;0;72.9;2.58;97.34;3.6333419971890075
2021;3;28;21;5.4;0.0;0;75.5;0.5;97.38;3.6294195645108855
2021;3;28;22;4.3;0.0;0;76.1;-0.48;97.41;3.6254983171479913
2021;3;28;23;3.8;0.0;0;75.1;-1.18;97.44;3.621578257117651
2021;3;29;0;3.0;0.0;0;80.0;-1.0;97.46;3.617659386436579
2021;3;29;1;2.6;0.0;0;79.5;-1.5;97.47;3.6137417071208766
2021;3;29;2;1.8;0.0;0;81.9;-1.82;97.46;3.609825221186035
2021;3;29;3;1.5;0.0;0;81.6;-2.18;97.47;3.6059099306469244
2021;3;29;4;0.7;0.0;0;87.1;-1.88;97.45;3.60199583751781
2021;3;29;5;0.9;0.0;0;82.8;-2.54;97.5;3.5980829438123294
2021;3;29;6;0.6;0.0;57;86.6;-2.08;97.53;3.594171251543513
2021;3;29;7;3.7;150.155613;117;76.3;-1.04;97.56;3.5902607627237693
2021;3;29;8;7.3;288.5064521;226;66.4;0.58;97.58;3.5863514793648874
2021;3;29;9;9.1;346.8424952;291;52.4;-0.42;97.58;3.5824434034780395
2021;3;29;10;11.1;473.2206394;331;50.9;1.28;97.59;3.578536537073769
2021;3;29;11;13.7;565.8118296;338;44.4;2.58;97.54;3.5746308821620048
2021;3;29;12;15.2;555.9272896;364;39.5;3.1;97.5;3.570726440752051
2021;3;29;13;16.2;571.4850398;340;38.5;3.9;97.45;3.566823214852582
2021;3;29;14;17.6;918.4621329;116;34.4;4.48;97.39;3.562921206471653
2021;3;29;15;17.9;929.1098878;103;31.7;4.24;97.36;3.559020417616691
2021;3;29;16;17.5;1000.0;47;30.4;3.58;97.34;3.5551208502944944
2021;3;29;17;16.7;1000.0;34;33.0;3.3;97.33;3.551222506511238
2021;3;29;18;14.2;0.0;0;36.8;1.56;97.33;3.547325388272457
2021;3;29;19;10.1;0.0;0;53.0;0.7;97.37;3.5434294975830682
2021;3;29;20;9.1;0.0;0;51.3;-0.64;97.39;3.539534836447346
2021;3;29;21;6.3;0.0;0;72.7;0.84;97.39;3.535641406868939
2021;3;29;22;5.8;0.0;0;77.7;1.34;97.41;3.5317492108508617
2021;3;29;23;6.3;0.0;0;74.2;1.14;97.43;3.5278582503954916
2021;3;30;0;5.0;0.0;0;81.2;1.24;97.44;3.5239685275045747
2021;3;30;1;4.6;0.0;0;82.1;1.02;97.44;3.5200800441792124
2021;3;30;2;5.0;0.0;0;79.7;0.94;97.42;3.5161928024198783
2021;3;30;3;4.5;0.0;0;81.1;0.72;97.4;3.5123068042263967
2021;3;30;4;3.2;0.0;0;86.1;0.42;97.42;3.508422051597962
2021;3;30;5;2.2;0.0;0;91.0;0.4;97.43;3.504538546533121
2021;3;30;6;4.3;0.0;31;79.8;0.26;97.45;3.5006562910297836
2021;3;30;7;6.0;263.6631138;86;78.7;1.74;97.46;3.4967752870852156
2021;3;30;8;8.9;347.3206786;193;60.8;1.06;97.44;3.4928955366960355
2021;3;30;9;11.7;563.0239614;191;52.4;2.18;97.41;3.489017041858217
2021;3;30;10;13.4;496.4398063;322;52.1;3.82;97.39;3.4851398045670923
2021;3;30;11;16.5;527.5536668;365;47.8;6.06;97.34;3.481263826817344
2021;3;30;12;16.9;819.7927094;184;36.6;4.22;97.27;3.4773891106030086
2021;3;30;13;18.8;827.8766619;192;32.0;5.2;97.2;3.4735156579174706
2021;3;30;14;19.3;662.1731582;287;33.3;5.96;97.14;3.4696434707534687
2021;3;30;15;19.5;717.9681823;216;28.4;5.18;97.07;3.465772551103086
2021;3;30;16;19.9;789.988333;135;33.4;6.58;97.02;3.461902900957752
2021;3;30;17;18.5;1000.0;49;35.0;5.5;97.0;3.45803452230825
2021;3;30;18;15.2;0.0;0;52.8;5.76;96.99;3.4541674171447045
2021;3;30;19;11.2;0.0;0;67.4;4.68;96.99;3.4503015874565865
2021;3;30;20;9.1;0.0;0;69.8;3.06;96.99;3.44643703523271
2021;3;30;21;9.1;0.0;0;69.9;3.08;97.0;3.442573762461235
2021;3;30;22;7.7;0.0;0;77.6;3.22;97.0;3.438711771129657
2021;3;30;23;7.0;0.0;0;79.7;2.94;96.99;3.434851063224814
2021;3;31;0;6.1;0.0;0;84.1;2.92;97.0;3.4309916407328873
2021;3;31;1;6.4;0.0;0;82.9;2.98;96.97;3.4271335056393943
2021;3;31;2;5.5;0.0;0;85.3;2.56;96.94;3.4232766599291917
2021;3;31;3;5.2;0.0;0;86.5;2.5;96.93;3.419421105586472
2021;3;31;4;5.1;0.0;0;87.1;2.52;96.94;3.415566844594765
2021;3;31;5;4.7;0.0;0;87.6;2.22;96.93;3.41171387893693
2021;3;31;6;5.0;0.0;61;83.6;1.72;96.92;3.407862210595163
2021;3;31;7;7.4;70.54651573;146;77.2;2.84;96.93;3.404011841550993
2021;3;31;8;10.2;312.3617238;210;65.2;3.24;96.91;3.400162773785282
2021;3;31;9;13.5;393.6738871;291;53.4;4.18;96.89;3.3963150092782204
2021;3;31;10;15.1;461.8098478;343;53.7;5.84;96.83;3.3924685500093283
2021;3;31;11;17.0;544.7130938;349;49.7;6.94;96.79;3.3886233979574576
2021;3;31;12;18.6;670.3526313;289;45.8;7.76;96.7;3.3847795551007813
2021;3;31;13;20.3;649.5482849;312;40.8;8.46;96.61;3.3809370234168012
2021;3;31;14;21.0;754.7017803;228;28.2;6.64;96.54;3.3770958048823476
2021;3;31;15;21.3;759.3829918;192;37.9;8.88;96.47;3.373255901473573
2021;3;31;16;21.1;768.6740896;136;33.5;7.8;96.41;3.3694173151659537
2021;3;31;17;19.7;750.9124393;44;31.5;6.0;96.39;3.3655800479342886
2021;3;31;18;16.4;0.0;0;44.5;5.3;96.38;3.3617441017527
2021;3;31;19;14.1;0.0;0;43.2;2.74;96.39;3.3579094785946255
2021;3;31;20;11.8;0.0;0;53.6;2.52;96.42;3.354076180432823
2021;3;31;21;10.4;0.0;0;63.3;3.06;96.43;3.3502442092393725
2021;3;31;22;9.5;0.0;0;68.3;3.16;96.44;3.3464135669856696
2021;3;31;23;10.0;0.0;0;70.5;4.1;96.45;3.342584255642427
2021;4;1;0;8.9;0.0;0;75.5;4.0;96.46;3.3387562771796717
2021;4;1;1;6.9;0.0;0;84.1;3.72;96.44;3.334929633566743
2021;4;1;2;7.0;0.0;0;81.9;3.38;96.43;3.3311043267722984
2021;4;1;3;6.3;0.0;0;86.5;3.6;96.41;3.3272803587643005
2021;4;1;4;7.0;0.0;0;79.3;2.86;96.4;3.32345773151003
2021;4;1;5;5.6;0.0;0;85.2;2.64;96.41;3.3196364469760753
2021;4;1;6;5.6;0.0;50;85.9;2.78;96.44;3.3158165071283334
2021;4;1;7;9.0;280.2717972;85;76.5;4.3;96.46;3.311997913932013
2021;4;1;8;11.6;523.9042768;110;66.9;4.98;96.43;3.308180669351622
2021;4;1;9;14.1;658.2778107;132;59.4;5.98;96.4;3.3043647753509817
2021;4;1;10;15.7;739.7143173;149;51.3;5.96;96.36;3.3005502338932198
2021;4;1;11;17.3;824.8118627;139;46.2;6.54;96.3;3.296737046940759
2021;4;1;12;19.4;883.0113936;129;39.7;7.34;96.23;3.292925216455334
2021;4;1;13;20.8;889.495554;141;40.1;8.82;96.15;3.289114744397978
2021;4;1;14;22.0;877.0746773;147;39.1;9.82;96.08;3.285305632729029
2021;4;1;15;21.1;759.3501312;121;36.0;8.3;96.02;3.2814978834081168
2021;4;1;16;21.8;798.1706079;89;33.9;8.58;95.99;3.2776914983941787
2021;4;1;17;20.0;739.1590213;46;36.4;7.28;95.99;3.2738864796454483
2021;4;1;18;16.5;0.0;0;55.4;7.58;96.01;3.2700828291194517
2021;4;1;19;14.4;0.0;0;57.6;5.92;96.03;3.266280548773016
2021;4;1;20;12.8;0.0;0;60.5;4.9;96.07;3.262479640562262
2021;4;1;21;11.7;0.0;0;64.7;4.64;96.09;3.258680106442604
2021;4;1;22;10.4;0.0;0;71.2;4.64;96.09;3.254881948368753
2021;4;1;23;10.4;0.0;0;71.1;4.62;96.09;3.251085168294704
2021;4;2;0;8.0;0.0;0;83.0;4.6;96.08;3.2472897681737525
2021;4;2;1;7.9;0.0;0;80.7;4.04;96.05;3.243495749958475
2021;4;2;2;6.8;0.0;0;85.6;3.92;96.03;3.239703115600744
2021;4;2;3;7.1;0.0;0;83.5;3.8;96.01;3.2359118670517173
2021;4;2;4;5.7;0.0;0;88.1;3.32;96.02;3.2321220062618408
2021;4;2;5;5.8;0.0;0;88.5;3.5;96.02;3.2283335351808478
2021;4;2;6;6.0;0.0;57;85.9;3.18;96.04;3.2245464557577495
2021;4;2;7;8.7;207.2268283;93;82.1;5.12;96.06;3.2207607699408514
2021;4;2;8;11.2;442.6583309;125;68.7;4.94;96.06;3.2169764796777325
2021;4;2;9;13.6;588.6853754;151;64.1;6.42;96.04;3.213193586915261
2021;4;2;10;15.4;698.1080236;156;57.3;6.86;95.97;3.209412093599582
2021;4;2;11;17.2;753.2593936;177;54.3;8.06;95.91;3.205632001676123
2021;4;2;12;18.9;797.0137125;183;44.8;7.86;95.85;3.201853313089592
2021;4;2;13;19.7;841.3987705;162;39.1;7.52;95.8;3.1980760297839677
2021;4;2;14;20.0;853.484166;148;37.3;7.46;95.74;3.1943001537025157
2021;4;2;15;19.7;743.1696506;155;37.9;7.28;95.74;3.190525686787768
2021;4;2;16;18.4;797.8272681;115;38.8;6.16;95.74;3.186752630981539
2021;4;2;17;16.8;1000.0;19;45.5;5.9;95.78;3.1829809882249136
2021;4;2;18;15.1;0.0;0;48.8;4.86;95.83;3.179210760458252
2021;4;2;19;12.8;0.0;0;56.2;4.04;95.9;3.175441949621186
2021;4;2;20;11.8;0.0;0;57.1;3.22;95.97;3.1716745576526133
2021;4;2;21;10.0;0.0;0;54.2;0.84;96.01;3.1679085864907113
2021;4;2;22;8.8;0.0;0;54.8;-0.24;96.01;3.1641440380729153
2021;4;2;23;7.3;0.0;0;60.8;-0.54;96.02;3.1603809143359376
2021;4;3;0;6.4;0.0;0;60.6;-1.48;96.02;3.1566192172157543
2021;4;3;1;6.0;0.0;0;59.4;-2.12;96.01;3.152858948647607
2021;4;3;2;5.6;0.0;0;66.7;-1.06;96.02;3.149100110566006
2021;4;3;3;5.9;0.0;0;63.1;-1.48;96.02;3.1453427049047176
2021;4;3;4;5.2;0.0;0;66.2;-1.56;96.02;3.141586733596778
2021;4;3;5;4.2;0.0;0;73.2;-1.16;96.03;3.1378321985744875
2021;4;3;6;4.2;0.0;56;73.1;-1.18;96.09;3.134079101769398
2021;4;3;7;5.1;286.2927728;95;69.3;-1.04;96.14;3.13032744511233
2021;4;3;8;5.2;420.662012;114;69.3;-0.94;96.15;3.1265772305333597
2021;4;3;9;6.8;647.0731642;133;65.2;-0.16;96.17;3.122828459961825
2021;4;3;10;6.3;506.9347638;143;63.0;-1.1;96.17;3.119081135326313
2021;4;3;11;7.6;360.8466345;147;59.0;-0.6;96.17;3.115335258554674
2021;4;3;12;9.9;741.5216708;155;48.6;-0.38;96.18;3.1115908315740137
2021;4;3;13;10.2;867.6473857;142;47.9;-0.22;96.17;3.107847856310685
2021;4;3;14;9.9;980.1848339;127;44.8;-1.14;96.16;3.1041063346903015
2021;4;3;15;9.4;956.3321352;114;44.8;-1.64;96.13;3.1003662686377247
2021;4;3;16;9.3;965.1528129;90;42.4;-2.22;96.11;3.096627660077069
2021;4;3;17;8.3;1000.0;49;43.7;-2.96;96.15;3.0928905109317006
2021;4;3;18;7.1;0.0;0;43.7;-4.16;96.19;3.0891548231242285
2021;4;3;19;6.3;0.0;0;46.4;-4.42;96.24;3.0854205985765186
2021;4;3;20;5.5;0.0;0;48.5;-4.8;96.27;3.081687839209675
2021;4;3;21;5.1;0.0;0;49.3;-5.04;96.26;3.0779565469440553
2021;4;3;22;4.3;0.0;0;52.6;-5.18;96.24;3.074226723699259
2021;4;3;23;3.6;0.0;0;55.9;-5.22;96.25;3.070498371394131
2021;4;4;0;3.3;0.0;0;58.9;-4.92;96.26;3.066771491946761
2021;4;4;1;3.0;0.0;0;56.4;-5.72;96.23;3.0630460872744742
2021;4;4;2;0.9;0.0;0;67.0;-5.7;96.22;3.0593221592938464
2021;4;4;3;1.7;0.0;0;63.5;-5.6;96.23;3.055599709920685
2021;4;4;4;0.9;0.0;0;69.0;-5.3;96.22;3.0518787410700425
2021;4;4;5;1.3;0.0;0;70.4;-4.62;96.22;3.0481592546562086
2021;4;4;6;0.7;0.0;57;73.6;-4.58;96.28;3.04444125259271
2021;4;4;7;3.6;334.5377012;92;61.5;-4.1;96.29;3.0407247367923103
2021;4;4;8;6.1;584.0887099;112;56.0;-2.7;96.27;3.037009709167005
2021;4;4;9;7.6;717.7717068;129;49.7;-2.46;96.26;3.0332961716280304
2021;4;4;10;9.3;780.3008825;158;45.0;-1.7;96.25;3.0295841260858487
2021;4;4;11;10.1;859.1889496;148;39.0;-2.1;96.21;3.0258735744501597
2021;4;4;12;11.5;886.3447542;156;33.1;-1.88;96.17;3.0221645186298938
2021;4;4;13;12.4;902.1061237;163;30.3;-1.54;96.13;3.0184569605332117
2021;4;4;14;13.1;933.9299578;143;27.6;-1.38;96.08;3.0147509020675045
2021;4;4;15;13.3;954.9340986;119;29.4;-0.82;96.05;3.01104634513939
2021;4;4;16;13.3;980.2438735;88;25.5;-1.6;96.01;3.00734329165471
2021;4;4;17;12.3;1000.0;47;29.0;-1.9;96.0;3.00364174351854
2021;4;4;18;10.6;0.0;0;32.9;-2.82;96.01;2.9999417026351782
2021;4;4;19;8.8;0.0;0;37.5;-3.7;96.02;2.996243170908147
2021;4;4;20;6.2;0.0;0;48.5;-4.1;96.04;2.9925461502401927
2021;4;4;21;6.2;0.0;0;46.1;-4.58;96.05;2.988850642533286
2021;4;4;22;2.8;0.0;0;65.0;-4.2;96.04;2.9851566496886144
2021;4;4;23;1.3;0.0;0;72.2;-4.26;96.02;2.9814641736065886
2021;4;5;0;0.7;0.0;0;76.2;-4.06;95.97;2.97777321618684
2021;4;5;1;0.7;0.0;0;75.1;-4.28;95.93;2.974083779328219
2021;4;5;2;1.5;0.0;0;73.8;-3.74;95.88;2.9703958649287925
2021;4;5;3;0.3;0.0;0;80.0;-3.7;95.88;2.9667094748858442
2021;4;5;4;1.1;0.0;0;75.6;-3.78;95.81;2.963024611095876
2021;4;5;5;0.3;0.0;0;80.3;-3.64;95.81;2.959341275454601
2021;4;5;6;2.5;0.0;59;70.8;-3.34;95.81;2.955659469856945
2021;4;5;7;6.5;202.9016499;95;62.9;-0.92;95.77;2.951979196197051
2021;4;5;8;9.6;471.7632012;119;46.2;-1.16;95.72;2.9483004563682726
2021;4;5;9;12.0;623.3376098;141;39.9;-0.02;95.67;2.944623252263174
2021;4;5;10;13.1;631.1602984;144;32.5;-0.4;95.58;2.9409475857735288
2021;4;5;11;14.4;743.6674293;156;31.0;0.6;95.51;2.937273458790322
2021;4;5;12;14.2;526.7081149;163;32.6;0.72;95.44;2.9336008732037424
2021;4;5;13;14.6;431.6757691;149;31.7;0.94;95.4;2.929929830903186
2021;4;5;14;15.0;471.2213605;138;32.5;1.5;95.33;2.926260333777259
2021;4;5;15;15.9;896.2465917;115;31.4;2.18;95.24;2.922592383713769
2021;4;5;16;13.9;562.5596368;85;33.7;0.64;95.26;2.918925982599731
2021;4;5;17;12.9;109.0451965;48;35.2;-0.06;95.23;2.9152611323213606
2021;4;5;18;9.1;0.0;0;65.2;2.14;95.28;2.9115978347640787
2021;4;5;19;7.2;0.0;0;76.5;2.5;95.38;2.907936091812502
2021;4;5;20;6.3;0.0;0;84.3;3.16;95.43;2.904275905350448
2021;4;5;21;3.8;0.0;0;69.3;-2.34;95.59;2.9006172772609395
2021;4;5;22;2.8;0.0;0;64.9;-4.22;95.66;2.896960209426192
2021;4;5;23;2.0;0.0;0;64.3;-5.14;95.72;2.893304703727621
2021;4;6;0;0.9;0.0;0;82.7;-2.56;95.72;2.8896507620458376
2021;4;6;1;-0.2;0.0;0;83.5;-3.5;95.74;2.88599838626065
2021;4;6;2;-0.8;0.0;0;83.3;-4.14;95.77;2.8823475782510566
2021;4;6;3;-0.9;0.0;0;79.8;-4.94;95.76;2.8786983398952506
2021;4;6;4;-1.2;0.0;0;82.8;-4.64;95.76;2.8750506730706196
2021;4;6;5;-2.1;0.0;0;89.2;-4.26;95.75;2.8714045796537424
2021;4;6;6;-2.0;0.0;57;84.6;-5.08;95.77;2.8677600615203875
2021;4;6;7;-0.1;384.0680742;91;61.2;-7.86;95.8;2.8641171205455156
2021;4;6;8;0.6;546.9420767;113;56.7;-8.06;95.81;2.860475758603269
2021;4;6;9;0.6;222.9314248;127;49.4;-9.52;95.8;2.8568359775669854
2021;4;6;10;2.5;768.5335708;138;46.1;-8.28;95.78;2.8531977793091867
2021;4;6;11;4.1;956.2377052;142;42.4;-7.42;95.76;2.8495611657015774
2021;4;6;12;4.1;394.8303696;132;47.0;-6.5;95.74;2.8459261386150496
2021;4;6;13;4.9;826.4832999;137;36.7;-7.76;95.68;2.84229269991968
2021;4;6;14;4.3;751.5537249;133;40.7;-7.56;95.64;2.838660851484727
2021;4;6;15;4.9;820.8268595;113;41.9;-6.72;95.59;2.8350305951786328
2021;4;6;16;2.6;718.7988307;88;58.4;-5.72;95.59;2.831401932869015
2021;4;6;17;2.6;395.1361179;50;49.5;-7.5;95.61;2.8277748664226774
2021;4;6;18;1.7;0.0;0;51.0;-8.1;95.66;2.824149397705597
2021;4;6;19;1.0;0.0;0;55.5;-7.9;95.7;2.820525528582934
2021;4;6;20;0.8;0.0;0;51.0;-9.0;95.71;2.816903260919023
2021;4;6;21;0.3;0.0;0;58.7;-7.96;95.69;2.813282596577377
2021;4;6;22;0.4;0.0;0;58.8;-7.84;95.68;2.809663537420683
2021;4;6;23;-0.2;0.0;0;61.2;-7.96;95.67;2.806046085310798
2021;4;7;0;0.3;0.0;0;58.8;-7.94;95.67;2.8024302421087603
2021;4;7;1;-1.3;0.0;0;86.1;-4.08;95.79;2.7988160096747716
2021;4;7;2;-1.1;0.0;0;80.2;-5.06;95.79;2.795203389868212
2021;4;7;3;-0.5;0.0;0;61.6;-8.18;95.88;2.7915923845476294
2021;4;7;4;-0.8;0.0;0;59.6;-8.88;95.97;2.78798299557074
2021;4;7;5;-0.9;0.0;0;58.2;-9.26;96.08;2.784375224794434
2021;4;7;6;-1.4;0.0;63;57.3;-9.94;96.2;2.780769074074758
2021;4;7;7;-1.0;2.976086375;102;56.4;-9.72;96.3;2.7771645452669382
2021;4;7;8;0.5;179.0606592;121;47.7;-9.96;96.38;2.7735616402253545
2021;4;7;9;0.7;295.4474934;148;47.2;-9.86;96.46;2.7699603608035592
2021;4;7;10;1.9;791.6852996;153;44.5;-9.2;96.5;2.766360708854266
2021;4;7;11;2.8;794.2774393;165;40.0;-9.2;96.52;2.7627626862293524
2021;4;7;12;3.7;729.1056493;165;36.9;-8.92;96.55;2.7591662947798574
2021;4;7;13;3.5;711.0693943;164;33.2;-9.86;96.58;2.7555715363559763
2021;4;7;14;4.3;451.3637404;145;36.2;-8.46;96.57;2.7519784128070732
2021;4;7;15;4.6;467.8280571;125;33.4;-8.72;96.59;2.74838692598166
2021;4;7;16;4.0;384.7063673;98;34.1;-9.18;96.61;2.744797077727416
2021;4;7;17;4.0;580.771458;54;37.2;-8.56;96.61;2.741208869891174
2021;4;7;18;3.5;0.0;0;39.9;-8.52;96.64;2.7376223043189225
2021;4;7;19;0.9;0.0;0;54.9;-8.12;96.68;2.734037382855808
2021;4;7;20;-0.1;0.0;0;57.5;-8.6;96.72;2.730454107346125
2021;4;7;21;-0.7;0.0;0;60.4;-8.62;96.73;2.7268724796333252
2021;4;7;22;-1.6;0.0;0;66.5;-8.3;96.76;2.723292501560016
2021;4;7;23;-1.7;0.0;0;65.6;-8.58;96.76;2.7197141749679483
2021;4;8;0;-2.2;0.0;0;67.7;-8.66;96.77;2.7161375016980296
2021;4;8;1;-2.2;0.0;0;66.9;-8.82;96.76;2.7125624835903133
2021;4;8;2;-2.7;0.0;0;68.0;-9.1;96.76;2.7089891224840077
2021;4;8;3;-3.3;0.0;0;69.7;-9.36;96.77;2.705417420217457
2021;4;8;4;-3.9;0.0;0;71.8;-9.54;96.77;2.701847378628161
2021;4;8;5;-4.0;0.0;0;74.0;-9.2;96.75;2.698278999552766
2021;4;8;6;-3.3;0.0;62;75.3;-8.24;96.78;2.6947122848270553
2021;4;8;7;-0.3;386.7537818;96;66.1;-7.08;96.8;2.6911472362859628
2021;4;8;8;2.5;614.285781;118;51.8;-7.14;96.81;2.687583855763562
2021;4;8;9;4.3;752.9613719;129;43.6;-6.98;96.8;2.684022145093073
2021;4;8;10;6.1;841.1543993;136;36.4;-6.62;96.75;2.6804621061068463
2021;4;8;11;7.8;906.1980611;134;30.4;-6.12;96.7;2.6769037406363836
2021;4;8;12;8.8;937.4693727;138;32.8;-4.64;96.64;2.673347050512322
2021;4;8;13;8.8;967.8084876;130;31.2;-4.96;96.56;2.6697920375644317
2021;4;8;14;11.0;975.5565215;127;28.4;-3.32;96.49;2.666238703621627
2021;4;8;15;11.6;994.6973355;112;22.9;-3.82;96.42;2.6626870505119546
2021;4;8;16;12.2;1000.0;90;14.9;-4.82;96.39;2.659137080062601
2021;4;8;17;11.7;1000.0;54;15.8;-5.14;96.37;2.655588794099878
2021;4;8;18;10.2;0.0;0;23.7;-5.06;96.34;2.6520421944492387
2021;4;8;19;5.8;0.0;0;40.5;-6.1;96.34;2.6484972829352693
2021;4;8;20;5.2;0.0;0;36.1;-7.58;96.37;2.644954061381679
2021;4;8;21;3.0;0.0;0;46.2;-7.76;96.37;2.641412531611316
2021;4;8;22;0.5;0.0;0;58.4;-7.82;96.36;2.6378726954461555
2021;4;8;23;0.9;0.0;0;51.8;-8.74;96.35;2.6343345547073027
2021;4;9;0;0.3;0.0;0;58.7;-7.96;96.33;2.630798111214985
2021;4;9;1;0.0;0.0;0;61.0;-7.8;96.32;2.6272633667885636
2021;4;9;2;-0.2;0.0;0;64.4;-7.32;96.31;2.623730323246523
2021;4;9;3;-0.3;0.0;0;62.5;-7.8;96.28;2.6201989824064693
2021;4;9;4;-0.3;0.0;0;65.7;-7.16;96.26;2.616669346085138
2021;4;9;5;0.2;0.0;2;69.1;-5.98;96.26;2.6131414160983844
2021;4;9;6;0.6;0.0;87;74.7;-4.46;96.27;2.60961519426119
2021;4;9;7;3.5;124.0835682;99;60.1;-4.48;96.27;2.6060906823876495
2021;4;9;8;6.1;227.3122735;113;59.7;-1.96;96.24;2.6025678822909857
2021;4;9;9;10.5;434.0600573;133;44.3;-0.64;96.23;2.599046795783539
2021;4;9;10;11.1;629.0223692;140;39.4;-1.02;96.2;2.5955274246767632
2021;4;9;11;13.5;845.287608;135;36.2;0.74;96.1;2.592009770781236
2021;4;9;12;14.1;948.1304082;129;29.5;0.0;96.03;2.588493835906649
2021;4;9;13;16.3;833.7881344;135;28.9;2.08;95.98;2.5849796218618093
2021;4;9;14;15.8;937.2436618;127;28.9;1.58;95.91;2.5814671304546426
2021;4;9;15;14.8;230.5760924;115;31.5;1.1;95.89;2.5779563634921803
2021;4;9;16;14.8;203.3738127;91;30.4;0.88;95.87;2.5744473227805704
2021;4;9;17;14.2;166.0283268;54;32.3;0.66;95.88;2.5709400101250757
2021;4;9;18;13.7;0.0;0;33.8;0.46;95.87;2.5674344273300673
2021;4;9;19;12.1;0.0;0;41.5;0.4;95.88;2.563930576199027
2021;4;9;20;11.7;0.0;0;45.2;0.74;95.88;2.5604284585345463
2021;4;9;21;11.1;0.0;0;50.3;1.16;95.9;2.556928076138326
2021;4;9;22;11.1;0.0;0;50.8;1.26;95.91;2.5534294308111694
2021;4;9;23;10.7;0.0;0;53.2;1.34;95.94;2.549932524352988
2021;4;10;0;10.5;0.0;0;54.7;1.44;95.94;2.546437358562801
2021;4;10;1;9.7;0.0;0;56.8;1.06;95.94;2.5429439352387324
2021;4;10;2;9.8;0.0;0;51.0;0.0;95.93;2.5394522561780066
2021;4;10;3;8.5;0.0;0;61.0;0.7;95.94;2.535962323176954
2021;4;10;4;6.4;0.0;0;82.3;2.86;95.98;2.532474138031006
2021;4;10;5;6.5;0.0;5;79.2;2.34;95.94;2.5289877025346907
2021;4;10;6;7.0;0.0;66;77.1;2.42;95.95;2.525503018481642
2021;4;10;7;8.2;210.3918708;100;70.0;2.2;95.94;2.5220200876645875
2021;4;10;8;9.1;363.3093265;127;67.7;2.64;95.92;2.5185389118753565
2021;4;10;9;11.0;462.4166142;144;45.6;0.12;95.91;2.515059492904874
2021;4;10;10;13.6;670.7275686;154;41.3;1.86;95.86;2.511581832543162
2021;4;10;11;13.4;585.9182044;167;38.9;1.18;95.82;2.508105932579339
2021;4;10;12;13.6;453.6018916;158;38.4;1.28;95.76;2.504631794801613
2021;4;10;13;13.6;270.1213548;145;39.0;1.4;95.69;2.5011594209972903
2021;4;10;14;13.8;373.9915165;130;38.4;1.48;95.65;2.4976888129527657
2021;4;10;15;14.3;534.2542237;114;39.9;2.28;95.58;2.4942199724535294
2021;4;10;16;13.7;327.5439008;93;40.8;1.86;95.52;2.49075290128416
2021;4;10;17;13.1;533.2055524;52;45.4;2.18;95.53;2.4872876012283274
2021;4;10;18;12.1;0.0;0;47.9;1.68;95.52;2.483824074068791
2021;4;10;19;10.8;0.0;0;53.6;1.52;95.52;2.4803623215873922
2021;4;10;20;9.5;0.0;0;60.4;1.58;95.54;2.476902345565068
2021;4;10;21;8.4;0.0;0;66.7;1.74;95.52;2.4734441477818336
2021;4;10;22;7.5;0.0;0;72.1;1.92;95.52;2.4699877300167947
2021;4;10;23;9.2;0.0;0;61.4;1.48;95.53;2.466533094048139
2021;4;11;0;7.7;0.0;0;76.5;3.0;95.51;2.4630802416531394
2021;4;11;1;8.1;0.0;0;70.5;2.2;95.43;2.4596291746081507
2021;4;11;2;7.9;0.0;0;70.9;2.08;95.38;2.456179894688605
2021;4;11;3;6.9;0.0;0;79.6;2.82;95.35;2.4527324036690223
2021;4;11;4;6.7;0.0;0;79.7;2.64;95.35;2.4492867033229935
2021;4;11;5;6.3;0.0;9;83.6;3.02;95.34;2.4458427954231965
2021;4;11;6;7.2;0.0;63;80.1;3.22;95.37;2.442400681741383
2021;4;11;7;9.5;294.2391827;95;69.2;3.34;95.37;2.4389603640483832
2021;4;11;8;11.5;561.2722572;114;59.9;3.48;95.36;2.4355218441141036
2021;4;11;9;14.6;759.8922894;121;49.5;4.5;95.34;2.4320851237075205
2021;4;11;10;15.4;838.1970922;132;45.5;4.5;95.31;2.4286502045966936
2021;4;11;11;17.0;894.1643773;134;42.2;5.44;95.28;2.4252170885487465
2021;4;11;12;17.8;857.780194;134;38.3;5.46;95.24;2.421785777329881
2021;4;11;13;17.4;864.6019125;125;42.0;5.8;95.25;2.4183562727053705
2021;4;11;14;16.6;318.1055905;123;47.1;6.02;95.28;2.414928576439559
2021;4;11;15;15.4;576.0649804;110;49.9;5.38;95.33;2.411502690295853
2021;4;11;16;11.8;47.85571347;90;67.2;5.24;95.41;2.4080786160367373
2021;4;11;17;11.2;0.0;54;76.8;6.56;95.46;2.4046563554237625
2021;4;11;18;9.9;0.0;0;85.8;7.06;95.59;2.4012359102175402
2021;4;11;19;9.3;0.0;0;89.7;7.24;95.65;2.397817282177754
2021;4;11;20;8.6;0.0;0;92.4;7.08;95.79;2.39440047306315
2021;4;11;21;8.1;0.0;0;93.2;6.74;95.83;2.3909854846315435
2021;4;11;22;7.0;0.0;0;86.7;4.34;95.93;2.3875723186398035
2021;4;11;23;6.0;0.0;0;90.6;4.12;96.05;2.384160976843869
2021;4;12;0;4.6;0.0;0;89.4;2.48;96.15;2.380751460998739
2021;4;12;1;3.8;0.0;0;91.3;2.06;96.19;2.3773437728584734
2021;4;12;2;3.2;0.0;0;90.7;1.34;96.27;2.3739379141761887
2021;4;12;3;2.3;0.0;0;91.7;0.64;96.34;2.370533886704064
2021;4;12;4;1.9;0.0;0;93.9;0.68;96.38;2.3671316921933365
2021;4;12;5;1.7;0.0;11;93.6;0.42;96.45;2.3637313323942943
2021;4;12;6;2.0;0.0;66;93.5;0.7;96.55;2.3603328090562887
2021;4;12;7;2.0;0.0;96;91.5;0.3;96.62;2.356936123927724
2021;4;12;8;2.5;0.0;113;90.1;0.52;96.7;2.353541278756059
2021;4;12;9;4.0;189.792929;130;83.4;0.68;96.74;2.3501482752878027
2021;4;12;10;4.3;317.7669025;137;73.0;-1.1;96.76;2.3467571152685207
2021;4;12;11;5.3;444.1213487;135;71.0;-0.5;96.75;2.3433678004428287
2021;4;12;12;5.1;487.3861271;130;64.0;-2.1;96.77;2.3399803325543957
2021;4;12;13;5.7;324.1246864;181;61.1;-2.08;96.78;2.3365947133459333
2021;4;12;14;6.6;302.5963308;315;53.3;-2.74;96.8;2.3332109445592084
2021;4;12;15;7.2;931.6685935;132;43.2;-4.16;96.81;2.3298290279350375
2021;4;12;16;7.2;471.3464847;154;42.8;-4.24;96.83;2.326448965213276
2021;4;12;17;6.2;571.2687746;73;51.3;-3.54;96.84;2.3230707581328334
2021;4;12;18;4.6;0.0;0;60.7;-3.26;96.86;2.3196944084316606
2021;4;12;19;3.2;0.0;0;72.9;-2.22;96.91;2.316319917846757
2021;4;12;20;2.5;0.0;0;78.8;-1.74;96.94;2.3129472881141573
2021;4;12;21;1.8;0.0;0;78.2;-2.56;96.94;2.309576520968948
2021;4;12;22;-0.2;0.0;0;92.2;-1.76;96.94;2.306207618145254
2021;4;12;23;-0.6;0.0;0;90.9;-2.42;96.96;2.3028405813762376
2021;4;13;0;-0.9;0.0;0;93.9;-2.12;96.97;2.2994754123941052
2021;4;13;1;-1.5;0.0;0;94.4;-2.62;96.94;2.2961121129301025
2021;4;13;2;-2.0;0.0;0;94.5;-3.1;96.94;2.292750684714513
2021;4;13;3;-2.1;0.0;0;93.2;-3.46;96.96;2.2893911294766522
2021;4;13;4;-2.1;0.0;0;93.9;-3.32;96.95;2.28603344894488
2021;4;13;5;-2.0;0.0;14;93.2;-3.36;96.97;2.282677644846589
2021;4;13;6;-1.5;25.53265064;68;91.5;-3.2;96.98;2.2793237189082025
2021;4;13;7;1.3;384.2659717;103;79.7;-2.76;96.98;2.275971672855183
2021;4;13;8;4.1;610.4604139;122;74.9;-0.92;96.97;2.2726215084120223
2021;4;13;9;6.2;752.3570726;135;53.9;-3.02;96.94;2.2692732273022496
2021;4;13;10;7.8;904.4380121;149;50.9;-2.02;96.95;2.2659268312484153
2021;4;13;11;6.6;659.6098106;176;48.6;-3.68;96.93;2.2625823219721095
2021;4;13;12;6.4;540.9052445;209;46.2;-4.36;96.92;2.259239701193948
2021;4;13;13;7.2;361.5080503;297;39.6;-4.88;96.91;2.2558989706335733
2021;4;13;14;8.0;752.3911348;236;38.8;-4.24;96.87;2.2525601320096578
2021;4;13;15;8.1;796.4783787;218;47.3;-2.44;96.85;2.2492231870399
2021;4;13;16;7.8;889.4890868;152;45.3;-3.14;96.84;2.2458881374410273
2021;4;13;17;5.6;561.3231244;74;55.9;-3.22;96.87;2.2425549849287836
2021;4;13;18;4.4;1000.0;0;63.2;-2.96;96.88;2.2392237312179453
2021;4;13;19;3.4;0.0;0;67.0;-3.2;96.93;2.2358943780223077
2021;4;13;20;2.1;0.0;0;73.4;-3.22;96.97;2.232566927054692
2021;4;13;21;1.8;0.0;0;72.7;-3.66;96.93;2.229241380026933
2021;4;13;22;0.9;0.0;0;82.2;-2.66;96.89;2.2259177386498954
2021;4;13;23;0.6;0.0;0;81.8;-3.04;96.86;2.22259600463346
2021;4;14;0;0.2;0.0;0;87.8;-2.24;96.81;2.2192761796865215
2021;4;14;1;0.1;0.0;0;83.7;-3.16;96.78;2.2159582655169996
2021;4;14;2;-0.3;0.0;0;87.4;-2.82;96.73;2.212642263831829
2021;4;14;3;-0.9;0.0;0;86.6;-3.58;96.7;2.2093281763369554
2021;4;14;4;-0.5;0.0;0;82.6;-3.98;96.66;2.206016004737346
2021;4;14;5;-1.3;0.0;8;86.1;-4.08;96.68;2.202705750736982
2021;4;14;6;-0.4;0.0;84;82.5;-3.9;96.7;2.199397416038853
2021;4;14;7;1.8;306.5481266;137;75.6;-3.08;96.72;2.1960910023449696
2021;4;14;8;4.2;614.5209437;125;61.5;-3.5;96.7;2.1927865113563425
2021;4;14;9;5.4;764.1237977;133;50.5;-4.5;96.68;2.189483944773005
2021;4;14;10;6.0;811.7116988;136;44.3;-5.14;96.67;2.1861833042939907
2021;4;14;11;6.3;802.0316062;139;46.0;-4.5;96.63;2.1828845916173494
2021;4;14;12;7.5;877.0299512;133;39.8;-4.54;96.6;2.179587808440135
2021;4;14;13;8.3;850.6051033;135;36.8;-4.34;96.58;2.1762929564584113
2021;4;14;14;8.6;910.1584595;123;35.3;-4.34;96.54;2.173000037367249
2021;4;14;15;8.5;711.4107804;110;37.3;-4.04;96.51;2.1697090528607195
2021;4;14;16;8.0;721.0431441;86;29.3;-6.14;96.49;2.166420004631905
2021;4;14;17;7.8;1000.0;54;32.0;-5.8;96.5;2.163132894372885
2021;4;14;18;5.8;1000.0;0;42.3;-5.74;96.52;2.1598477237747495
2021;4;14;19;4.1;0.0;0;55.0;-4.9;96.57;2.1565644945275855
2021;4;14;20;3.2;0.0;0;59.7;-4.86;96.61;2.153283208320483
2021;4;14;21;2.8;0.0;0;61.8;-4.84;96.62;2.1500038668415336
2021;4;14;22;2.2;0.0;0;63.1;-5.18;96.6;2.146726471777826
2021;4;14;23;1.5;0.0;0;66.7;-5.16;96.6;2.1434510248154455
2021;4;15;0;1.1;0.0;0;69.7;-4.96;96.59;2.1401775276394805
2021;4;15;1;0.4;0.0;0;75.1;-4.58;96.54;2.1369059819340137
2021;4;15;2;0.5;0.0;0;74.2;-4.66;96.52;2.133636389382124
2021;4;15;3;-1.6;0.0;0;87.2;-4.16;96.51;2.1303687516658862
2021;4;15;4;-1.8;0.0;0;86.7;-4.46;96.51;2.1271030704663705
2021;4;15;5;-2.1;0.0;20;86.8;-4.74;96.51;2.123839347463635
2021;4;15;6;-0.4;67.92122449;64;82.9;-3.82;96.55;2.1205775843367376
2021;4;15;7;1.9;395.4670885;95;73.1;-3.48;96.54;2.117317782763721
2021;4;15;8;4.2;635.5594351;118;63.3;-3.14;96.52;2.114059944421624
2021;4;15;9;5.4;777.3344415;139;54.8;-3.64;96.52;2.1108040709864744
2021;4;15;10;6.2;732.1533781;141;48.8;-4.04;96.5;2.107550164133288
2021;4;15;11;7.2;871.2467914;144;44.5;-3.9;96.48;2.1042982255360707
2021;4;15;12;8.1;830.2014591;151;40.8;-3.74;96.43;2.1010482568678115
2021;4;15;13;8.1;690.8493942;145;37.6;-4.38;96.4;2.097800259800492
2021;4;15;14;8.1;622.6507344;130;40.3;-3.84;96.36;2.094554236005073
2021;4;15;15;7.3;911.7051679;115;41.0;-4.5;96.32;2.0913101871515054
2021;4;15;16;7.3;706.8178749;91;38.3;-5.04;96.3;2.088068114908721
2021;4;15;17;6.3;492.8666521;56;46.3;-4.44;96.32;2.0848280209446375
2021;4;15;18;5.9;1000.0;0;44.3;-5.24;96.31;2.0815899069261543
2021;4;15;19;5.0;0.0;0;47.7;-5.46;96.37;2.0783537745191474
2021;4;15;20;3.6;0.0;0;56.7;-5.06;96.4;2.0751196253884814
2021;4;15;21;3.2;0.0;0;56.2;-5.56;96.38;2.0718874611979907
2021;4;15;22;2.9;0.0;0;58.5;-5.4;96.35;2.068657283610499
2021;4;15;23;2.4;0.0;0;60.8;-5.44;96.32;2.0654290942878
2021;4;16;0;1.7;0.0;0;64.7;-5.36;96.27;2.0622028948906697
2021;4;16;1;1.2;0.0;0;67.5;-5.3;96.23;2.058978687078859
2021;4;16;2;0.9;0.0;0;69.7;-5.16;96.23;2.0557564725110895
2021;4;16;3;0.9;0.0;0;69.5;-5.2;96.21;2.0525362528450666
2021;4;16;4;0.1;0.0;0;72.7;-5.36;96.2;2.0493180297374582
2021;4;16;5;-1.4;0.0;9;82.4;-4.92;96.22;2.0461018048439144
2021;4;16;6;0.4;61.55924954;69;71.1;-5.38;96.24;2.042887579819053
2021;4;16;7;2.3;414.0546793;97;62.7;-5.16;96.23;2.0396753563164642
2021;4;16;8;3.8;594.6108919;127;58.3;-4.54;96.24;2.0364651359887103
2021;4;16;9;4.9;732.9088849;127;54.7;-4.16;96.23;2.0332569204873163
2021;4;16;10;7.0;828.2407031;133;49.8;-3.04;96.22;2.0300507114627844
2021;4;16;11;7.8;828.1844595;146;45.1;-3.18;96.18;2.0268465105645777
2021;4;16;12;8.3;869.0095222;135;39.6;-3.78;96.14;2.0236443194411287
2021;4;16;13;9.2;865.194927;140;40.9;-2.62;96.12;2.0204441397398383
2021;4;16;14;9.4;933.6703103;128;37.6;-3.08;96.07;2.0172459731070718
2021;4;16;15;9.9;960.9758442;115;35.2;-3.06;96.04;2.014049821188153
2021;4;16;16;9.3;926.4076266;109;35.9;-3.52;96.05;2.0108556856273774
2021;4;16;17;8.4;934.1357389;77;37.2;-4.16;96.07;2.0076635680679997
2021;4;16;18;7.3;1000.0;0;40.3;-4.64;96.1;2.004473470152233
2021;4;16;19;5.0;0.0;0;54.3;-4.14;96.15;2.001285393521257
2021;4;16;20;4.1;0.0;0;58.3;-4.24;96.21;1.9980993398152092
2021;4;16;21;3.9;0.0;0;58.3;-4.44;96.19;1.9949153106731883
2021;4;16;22;3.4;0.0;0;59.5;-4.7;96.2;1.991733307733245
2021;4;16;23;2.7;0.0;0;62.0;-4.9;96.21;1.9885533326323945
2021;4;17;0;2.0;0.0;0;65.6;-4.88;96.21;1.9853753870066067
2021;4;17;1;1.3;0.0;0;68.7;-4.96;96.18;1.9821994724908087
2021;4;17;2;0.9;0.0;0;70.8;-4.94;96.17;1.9790255907188774
2021;4;17;3;0.1;0.0;0;75.3;-4.84;96.17;1.9758537433236496
2021;4;17;4;-1.1;0.0;0;81.3;-4.84;96.17;1.9726839319369143
2021;4;17;5;-1.8;0.0;24;87.0;-4.4;96.17;1.9695161581894105
2021;4;17;6;0.0;0.0;87;81.7;-3.66;96.18;1.9663504237108311
2021;4;17;7;2.0;289.8935522;100;74.3;-3.14;96.18;1.9631867301298191
2021;4;17;8;3.6;411.6466726;128;67.8;-2.84;96.15;1.9600250790739708
2021;4;17;9;5.1;579.2890257;148;62.8;-2.34;96.14;1.956865472169825
2021;4;17;10;7.0;724.3762928;134;56.8;-1.64;96.1;1.9537079110428746
2021;4;17;11;8.4;820.5646552;142;51.5;-1.3;96.05;1.9505523973175576
2021;4;17;12;9.6;858.9153402;142;48.6;-0.68;96.01;1.947398932617261
2021;4;17;13;9.4;804.5528999;143;42.2;-2.16;95.99;1.9442475185643118
2021;4;17;14;9.8;378.136132;323;41.8;-1.84;95.95;1.9410981567799892
2021;4;17;15;9.8;415.5440499;244;40.2;-2.16;95.92;1.9379508488845145
2021;4;17;16;9.4;493.1107123;134;42.2;-2.16;95.93;1.9348055964970476
2021;4;17;17;8.6;871.1496617;80;47.7;-1.86;95.97;1.9316624012356964
2021;4;17;18;7.8;1000.0;0;49.5;-2.3;96.0;1.9285212647175092
2021;4;17;19;6.3;0.0;0;55.6;-2.58;96.05;1.9253821885584763
2021;4;17;20;4.9;0.0;0;63.3;-2.44;96.08;1.922245174373523
2021;4;17;21;5.8;0.0;0;60.7;-2.06;96.09;1.919110223776518
2021;4;17;22;4.9;0.0;0;65.7;-1.96;96.09;1.9159773383802703
2021;4;17;23;4.0;0.0;0;69.5;-2.1;96.08;1.9128465197965205
2021;4;18;0;2.9;0.0;0;73.6;-2.38;96.07;1.9097177696359502
2021;4;18;1;3.4;0.0;0;68.5;-2.9;96.04;1.9065910895081757
2021;4;18;2;0.2;0.0;0;85.6;-2.68;96.03;1.9034664810217512
2021;4;18;3;0.8;0.0;0;81.8;-2.84;96.02;1.900343945784157
2021;4;18;4;0.6;0.0;0;85.1;-2.38;96.02;1.897223485401816
2021;4;18;5;0.6;0.0;26;88.1;-1.78;96.03;1.894105101480081
2021;4;18;6;1.3;0.0;72;83.7;-1.96;96.08;1.8909887956232305
2021;4;18;7;3.0;56.26052253;111;78.6;-1.28;96.1;1.8878745694344827
2021;4;18;8;5.4;143.4556388;119;71.9;-0.22;96.11;1.8847624245159809
2021;4;18;9;7.1;478.494626;137;65.6;0.22;96.1;1.8816523624688006
2021;4;18;10;8.3;587.3391154;144;59.5;0.2;96.09;1.8785443848929404
2021;4;18;11;7.8;395.3509751;155;59.8;-0.24;96.09;1.8754384933873318
2021;4;18;12;9.3;527.504727;147;54.8;0.26;96.06;1.8723346895498327
2021;4;18;13;10.4;714.30962;191;50.7;0.54;96.06;1.8692329749772227
2021;4;18;14;10.9;394.0414047;302;49.6;0.82;96.04;1.8661333512652112
2021;4;18;15;9.7;429.3172464;210;51.1;-0.08;96.03;1.86303582000843
2021;4;18;16;9.3;399.0751206;168;51.4;-0.42;96.06;1.8599403828004375
2021;4;18;17;8.7;241.3421542;71;55.9;-0.12;96.11;1.8568470412337064
2021;4;18;18;7.8;966.7341675;0;59.5;-0.3;96.14;1.85375579689964
2021;4;18;19;7.0;0.0;0;63.2;-0.36;96.19;1.8506666513885586
2021;4;18;20;6.0;0.0;0;68.3;-0.34;96.23;1.847579606289707
2021;4;18;21;4.7;0.0;0;77.5;0.2;96.23;1.8444946631912407
2021;4;18;22;4.5;0.0;0;78.3;0.16;96.22;1.8414118236802404
2021;4;18;23;4.4;0.0;0;76.2;-0.36;96.2;1.8383310893427076
2021;4;19;0;1.3;0.0;0;89.3;-0.84;96.16;1.8352524617635515
2021;4;19;1;0.9;0.0;0;90.8;-0.94;96.14;1.8321759425266038
2021;4;19;2;0.3;0.0;0;91.0;-1.5;96.13;1.8291015332146126
2021;4;19;3;-0.4;0.0;0;94.9;-1.42;96.14;1.8260292354092345
2021;4;19;4;-0.3;0.0;0;95.0;-1.3;96.13;1.8229590506910451
2021;4;19;5;-1.1;0.0;26;95.0;-2.1;96.16;1.8198909806395314
2021;4;19;6;0.1;0.0;108;93.6;-1.18;96.17;1.8168250268330919
2021;4;19;7;2.5;176.9202848;192;84.3;-0.64;96.18;1.8137611908490392
2021;4;19;8;6.4;324.7722989;275;73.5;1.1;96.15;1.8106994742635898
2021;4;19;9;8.3;422.085094;342;63.3;0.96;96.13;1.8076398786518784
2021;4;19;10;9.7;496.3961243;386;50.7;-0.16;96.1;1.80458240558794
2021;4;19;11;11.4;547.0535454;406;48.6;1.12;96.06;1.8015270566447228
2021;4;19;12;12.1;621.6580425;382;43.3;0.76;96.02;1.798473833394083
2021;4;19;13;12.5;397.431664;356;39.0;0.3;96.0;1.7954227374067804
2021;4;19;14;13.1;524.8023721;297;36.0;0.3;95.97;1.7923737702524836
2021;4;19;15;12.5;356.524262;207;34.4;-0.62;95.95;1.7893269334997601
2021;4;19;16;11.8;9.892523451;160;40.6;-0.08;95.95;1.7862822287160887
2021;4;19;17;11.4;190.99194;78;40.4;-0.52;95.97;1.7832396574678437
2021;4;19;18;9.6;741.63254;1;53.4;0.28;95.97;1.7801992213203084
2021;4;19;19;7.7;0.0;0;61.4;-0.02;96.0;1.777160921837666
2021;4;19;20;5.9;0.0;0;66.8;-0.74;96.02;1.774124760582998
2021;4;19;21;5.2;0.0;0;67.6;-1.28;96.0;1.7710907391182893
2021;4;19;22;4.1;0.0;0;77.8;-0.34;95.98;1.7680588590044204
2021;4;19;23;3.6;0.0;0;79.9;-0.42;95.99;1.7650291218011747
2021;4;20;0;2.5;0.0;0;82.3;-1.04;95.97;1.7620015290672253
2021;4;20;1;1.3;0.0;0;87.2;-1.26;95.94;1.7589760823601512
2021;4;20;2;0.7;0.0;0;88.3;-1.64;95.93;1.7559527832364221
2021;4;20;3;0.3;0.0;0;89.0;-1.9;95.92;1.7529316332514053
2021;4;20;4;0.1;0.0;0;90.7;-1.76;95.91;1.7499126339593616
2021;4;20;5;0.3;0.0;24;87.6;-2.18;95.92;1.7468957869134414
2021;4;20;6;1.0;0.0;78;87.9;-1.42;95.94;1.7438810936656965
2021;4;20;7;5.1;499.7392908;109;73.0;-0.3;95.95;1.7408685557670607
2021;4;20;8;7.3;568.4709063;145;65.4;0.38;95.93;1.7378581747673651
2021;4;20;9;8.9;568.7986661;236;58.8;0.66;95.9;1.734849952215332
2021;4;20;10;11.4;648.1505382;265;52.0;1.8;95.87;1.7318438896585722
2021;4;20;11;12.8;757.8405086;235;45.6;1.92;95.8;1.7288399886435792
2021;4;20;12;13.7;871.3697187;178;41.3;1.96;95.74;1.7258382507157428
2021;4;20;13;14.3;932.0543473;144;35.6;1.42;95.7;1.722838677419337
2021;4;20;14;15.1;940.4348998;147;31.5;1.4;95.65;1.7198412702975219
2021;4;20;15;16.0;819.8394902;207;34.4;2.88;95.62;1.7168460308923414
2021;4;20;16;15.7;929.5308077;136;32.7;2.24;95.61;1.7138529607447275
2021;4;20;17;14.7;1000.0;81;37.4;2.18;95.61;1.7108620613944936
2021;4;20;18;13.4;1000.0;1;40.5;1.5;95.63;1.7078733343803396
2021;4;20;19;10.4;0.0;0;54.7;1.34;95.68;1.7048867812398436
2021;4;20;20;9.3;0.0;0;57.7;0.84;95.72;1.701902403509469
2021;4;20;21;7.9;0.0;0;63.0;0.5;95.73;1.6989202027245556
2021;4;20;22;5.8;0.0;0;73.6;0.52;95.74;1.6959401804193277
2021;4;20;23;4.3;0.0;0;78.3;-0.04;95.76;1.692962338126887
2021;4;21;0;3.7;0.0;0;81.3;-0.04;95.77;1.6899866773792143
2021;4;21;1;2.5;0.0;0;85.5;-0.4;95.75;1.6870131997071685
2021;4;21;2;2.7;0.0;0;85.4;-0.22;95.75;1.6840419066404824
2021;4;21;3;3.0;0.0;0;84.1;-0.18;95.77;1.6810727997077706
2021;4;21;4;2.1;0.0;0;87.0;-0.5;95.77;1.6781058804365134
2021;4;21;5;2.0;0.0;11;88.5;-0.3;95.8;1.6751411503530766
2021;4;21;6;4.3;343.9440852;30;84.5;1.2;95.85;1.6721786109826926
2021;4;21;7;7.4;360.772319;120;70.4;1.48;95.88;1.669218263849471
2021;4;21;8;9.1;409.6527046;229;64.5;2.0;95.9;1.6662601104763919
2021;4;21;9;10.5;114.569675;305;59.5;2.4;95.92;1.6633041523853036
2021;4;21;10;13.1;208.0757116;332;52.6;3.62;95.9;1.660350391096931
2021;4;21;11;13.4;116.5639695;370;48.9;3.18;95.86;1.6573988281308631
2021;4;21;12;15.4;628.798232;380;46.8;4.76;95.8;1.6544494650055608
2021;4;21;13;16.0;374.6304071;367;40.4;4.08;95.77;1.6515023032383551
2021;4;21;14;14.4;0.0;305;44.7;3.34;95.76;1.6485573443454404
2021;4;21;15;12.5;0.0;242;52.8;3.06;95.8;1.645614589841884
2021;4;21;16;9.9;0.0;172;79.1;5.72;95.87;1.6426740412416088
2021;4;21;17;10.3;0.0;85;71.0;4.5;95.89;1.6397357000574129
2021;4;21;18;10.5;1000.0;2;68.1;4.12;95.89;1.6367995678009555
2021;4;21;19;9.1;0.0;0;74.9;4.08;95.95;1.6338656459827563
2021;4;21;20;6.9;0.0;0;85.6;4.02;96.01;1.6309339361122008
2021;4;21;21;6.5;0.0;0;87.6;4.02;96.0;1.6280044396975377
2021;4;21;22;5.2;0.0;0;92.3;3.66;96.03;1.625077158245876
2021;4;21;23;4.3;0.0;0;91.9;2.68;96.06;1.622152093263181
2021;4;22;0;4.3;0.0;0;91.6;2.62;96.07;1.6192292462542834
2021;4;22;1;3.1;0.0;0;95.3;2.16;96.06;1.6163086187228721
2021;4;22;2;3.0;0.0;0;93.8;1.76;96.08;1.613390212171491
2021;4;22;3;3.5;0.0;0;93.6;2.22;96.1;1.6104740281015415
2021;4;22;4;3.8;0.0;0;93.8;2.56;96.12;1.607560068013286
2021;4;22;5;3.7;0.0;30;92.7;2.24;96.13;1.6046483334058408
2021;4;22;6;4.7;49.96587247;84;91.5;3.0;96.2;1.6017388257771739
2021;4;22;7;7.1;383.7756693;113;83.2;3.74;96.2;1.598831546624111
2021;4;22;8;9.8;608.1624939;120;76.3;5.06;96.21;1.5959264974423322
2021;4;22;9;11.1;736.1111983;125;65.1;4.12;96.22;1.5930236797263664
2021;4;22;10;14.2;814.1574833;135;53.2;4.84;96.2;1.5901230949695968
2021;4;22;11;15.4;877.2950959;136;48.7;5.14;96.19;1.58722474466426
2021;4;22;12;16.4;810.6352367;126;41.4;4.68;96.15;1.5843286303014406
2021;4;22;13;17.3;948.8699436;124;38.5;5.0;96.12;1.581434753371071
2021;4;22;14;17.5;972.4399171;127;37.2;4.94;96.11;1.5785431153619367
2021;4;22;15;17.6;927.2732546;115;32.9;4.18;96.09;1.5756537177616705
2021;4;22;16;17.4;926.6199317;95;33.0;4.0;96.09;1.5727665620567466
2021;4;22;17;16.4;853.0266329;63;37.3;3.86;96.12;1.5698816497324959
2021;4;22;18;14.5;1000.0;8;48.7;4.24;96.17;1.5669989822730876
2021;4;22;19;13.1;0.0;0;49.7;3.04;96.25;1.564118561161541
2021;4;22;20;11.7;0.0;0;51.5;2.0;96.32;1.5612403878797139
2021;4;22;21;8.9;0.0;0;62.6;1.42;96.36;1.5583644639083118
2021;4;22;22;9.0;0.0;0;59.2;0.84;96.36;1.5554907907268847
2021;4;22;23;7.5;0.0;0;65.2;0.54;96.4;1.5526193698138178
2021;4;23;0;5.9;0.0;0;70.7;0.04;96.41;1.5497502026463446
2021;4;23;1;6.0;0.0;0;70.7;0.14;96.42;1.5468832907005359
2021;4;23;2;5.2;0.0;0;75.5;0.3;96.43;1.5440186354513052
2021;4;23;3;4.3;0.0;0;81.8;0.66;96.46;1.5411562383723982
2021;4;23;4;3.4;0.0;0;84.4;0.28;96.47;1.5382961009364058
2021;4;23;5;2.7;0.0;34;84.4;-0.42;96.53;1.535438224614757
2021;4;23;6;5.0;175.6876737;69;77.9;0.58;96.6;1.5325826108777072
2021;4;23;7;7.4;461.9946051;103;55.7;-1.46;96.64;1.529729261194361
2021;4;23;8;9.1;644.5133874;121;47.4;-1.42;96.64;1.5268781770326498
2021;4;23;9;12.4;758.1956135;137;44.5;1.3;96.6;1.5240293598593446
2021;4;23;10;13.9;834.9066333;143;43.2;2.54;96.57;1.5211828111400436
2021;4;23;11;15.8;888.3145385;146;34.4;2.68;96.55;1.5183385323391843
2021;4;23;12;16.8;947.3197794;129;33.4;3.48;96.5;1.5154965249200352
2021;4;23;13;18.1;970.7719555;127;29.2;3.94;96.48;1.5126567903446926
2021;4;23;14;18.5;968.0611639;133;25.0;3.5;96.44;1.5098193300740856
2021;4;23;15;18.4;978.4160795;119;21.7;2.74;96.38;1.5069841455679756
2021;4;23;16;18.5;981.5680826;97;22.2;2.94;96.37;1.504151238284952
2021;4;23;17;17.4;1000.0;62;23.5;2.1;96.37;1.5013206096824288
2021;4;23;18;15.8;1000.0;11;25.4;0.88;96.39;1.4984922612166525
2021;4;23;19;13.0;0.0;0;32.9;-0.42;96.45;1.4956661943426974
2021;4;23;20;11.0;0.0;0;36.6;-1.68;96.49;1.4928424105144567
2021;4;23;21;7.8;0.0;0;54.5;-1.3;96.5;1.490020911184656
2021;4;23;22;6.8;0.0;0;59.8;-1.24;96.5;1.487201697804844
2021;4;23;23;5.4;0.0;0;67.9;-1.02;96.5;1.4843847718253924
2021;4;24;0;4.5;0.0;0;63.3;-2.84;96.5;1.4815701346954988
2021;4;24;1;3.6;0.0;0;67.6;-2.88;96.47;1.4787577878631764
2021;4;24;2;2.8;0.0;0;73.1;-2.58;96.46;1.4759477327752704
2021;4;24;3;2.2;0.0;0;77.5;-2.3;96.47;1.473139970877436
2021;4;24;4;2.2;0.0;0;76.7;-2.46;96.49;1.470334503614156
2021;4;24;5;0.9;0.0;37;84.1;-2.28;96.52;1.4675313324287318
2021;4;24;6;4.6;176.5171227;75;68.7;-1.66;96.57;1.464730458763282
2021;4;24;7;8.4;356.7316973;150;55.9;-0.42;96.58;1.4619318840587434
2021;4;24;8;10.3;485.2718848;213;44.2;-0.86;96.54;1.4591356097548704
2021;4;24;9;12.7;749.7829442;134;38.4;0.38;96.52;1.4563416372902358
2021;4;24;10;15.1;805.5194444;151;40.0;3.1;96.46;1.4535499681022221
2021;4;24;11;17.3;808.4145213;196;37.4;4.78;96.38;1.4507606036270335
2021;4;24;12;18.5;820.1389366;209;37.2;5.94;96.3;1.4479735452996865
2021;4;24;13;20.5;818.3862418;218;30.5;6.6;96.25;1.445188794554011
2021;4;24;14;20.8;788.0274288;235;34.2;7.64;96.19;1.4424063528226512
2021;4;24;15;21.1;752.5451123;229;29.9;7.08;96.15;1.4396262215370568
2021;4;24;16;20.5;719.7903195;154;32.4;6.98;96.12;1.436848402127496
2021;4;24;17;20.4;620.3263035;73;29.8;6.36;96.11;1.4340728960230464
2021;4;24;18;19.3;1000.0;11;35.0;6.3;96.09;1.4312997046515932
2021;4;24;19;16.1;0.0;0;54.6;7.02;96.12;1.4285288294398333
2021;4;24;20;14.5;0.0;0;52.9;5.08;96.15;1.42576027181327
2021;4;24;21;11.6;0.0;0;59.6;3.52;96.17;1.4229940331962148
2021;4;24;22;10.2;0.0;0;64.4;3.08;96.15;1.4202301150117922
2021;4;24;23;9.0;0.0;0;67.5;2.5;96.17;1.4174685186819174
2021;4;25;0;7.5;0.0;0;78.1;3.12;96.16;1.4147092456273258
2021;4;25;1;7.3;0.0;0;78.6;3.02;96.14;1.4119522972675522
2021;4;25;2;7.2;0.0;0;78.4;2.88;96.15;1.4091976750209367
2021;4;25;3;4.9;0.0;0;88.5;2.6;96.16;1.4064453803046213
2021;4;25;4;5.5;0.0;0;83.4;2.18;96.16;1.403695414534555
2021;4;25;5;5.0;0.0;35;85.3;2.06;96.17;1.4009477791254774
2021;4;25;6;7.6;3.941544332;123;80.1;3.62;96.19;1.3982024754909403
2021;4;25;7;10.5;426.6815605;119;69.1;4.32;96.2;1.3954595050432923
2021;4;25;8;12.4;366.7078259;277;51.2;2.64;96.19;1.392718869193681
2021;4;25;9;14.3;523.1016137;288;49.3;4.16;96.17;1.3899805693520548
2021;4;25;10;16.9;537.6502778;359;43.0;5.5;96.13;1.3872446069271582
2021;4;25;11;18.4;854.7658761;160;38.0;6.0;96.07;1.3845109833265354
2021;4;25;12;19.4;595.0078674;408;34.0;6.2;96.02;1.3817796999565237
2021;4;25;13;19.9;734.8571231;295;28.7;5.64;96.0;1.379050758222264
2021;4;25;14;20.3;994.0341411;99;21.5;4.6;95.92;1.3763241595276803
2021;4;25;15;20.3;718.9052448;244;26.5;5.6;95.82;1.3735999052755012
2021;4;25;16;19.7;886.415788;82;26.9;5.08;95.77;1.3708779968672467
2021;4;25;17;19.1;760.2162174;81;25.2;4.14;95.77;1.3681584357032284
2021;4;25;18;16.6;856.4063359;4;35.5;3.7;95.79;1.3654412231825521
2021;4;25;19;15.2;0.0;0;36.8;2.56;95.83;1.3627263607031184
2021;4;25;20;13.8;0.0;0;39.5;1.7;95.85;1.360013849661608
2021;4;25;21;12.2;0.0;0;46.9;1.58;95.84;1.3573036914535024
2021;4;25;22;11.7;0.0;0;50.0;1.7;95.82;1.3545958874730681
2021;4;25;23;11.6;0.0;0;51.0;1.8;95.79;1.3518904391133635
2021;4;26;0;10.8;0.0;0;50.9;0.98;95.78;1.3491873477662324
2021;4;26;1;10.1;0.0;0;50.4;0.18;95.75;1.3464866148223065
2021;4;26;2;9.8;0.0;0;48.8;-0.44;95.74;1.343788241671005
2021;4;26;3;9.2;0.0;0;49.2;-0.96;95.71;1.3410922297005357
2021;4;26;4;9.0;0.0;0;46.9;-1.62;95.7;1.3383985802978815
2021;4;26;5;8.1;0.0;43;55.7;-0.76;95.7;1.3357072948488211
2021;4;26;6;8.4;0.0;86;54.3;-0.74;95.72;1.3330183747379127
2021;4;26;7;8.8;0.0;212;50.4;-1.12;95.71;1.330331821348497
2021;4;26;8;9.5;0.0;289;46.6;-1.18;95.7;1.3276476360626992
2021;4;26;9;10.4;137.2558621;353;43.7;-0.86;95.69;1.3249658202614265
2021;4;26;10;12.0;601.4891298;217;43.9;0.78;95.63;1.322286375324361
2021;4;26;11;14.3;488.2996799;305;46.3;3.56;95.52;1.3196093026299716
2021;4;26;12;15.6;800.8736146;155;41.3;3.86;95.42;1.316934603555505
2021;4;26;13;17.4;922.731314;83;42.8;5.96;95.35;1.3142622794769858
2021;4;26;14;16.9;762.7101267;61;41.1;5.12;95.27;1.3115923317692193
2021;4;26;15;17.2;464.0399604;234;39.7;5.14;95.19;1.308924761805784
2021;4;26;16;16.5;425.8587296;114;40.3;4.56;95.16;1.3062595709590408
2021;4;26;17;15.9;577.1645635;21;42.2;4.34;95.13;1.303596760600123
2021;4;26;18;15.0;612.5476155;11;41.5;3.3;95.12;1.3009363320989369
2021;4;26;19;13.9;0.0;0;42.1;2.32;95.1;1.298278286824166
2021;4;26;20;12.6;0.0;0;45.4;1.68;95.11;1.2956226261432713
2021;4;26;21;11.4;0.0;0;49.7;1.34;95.09;1.2929693514224807
2021;4;26;22;10.5;0.0;0;50.0;0.5;95.07;1.2903184640267993
2021;4;26;23;10.2;0.0;0;45.8;-0.64;95.04;1.2876699653200046
2021;4;27;0;9.1;0.0;0;49.5;-1.0;95.0;1.2850238566646368
2021;4;27;1;6.7;0.0;0;68.3;0.36;94.98;1.282380139422017
2021;4;27;2;5.9;0.0;0;66.6;-0.78;94.97;1.2797388149522302
2021;4;27;3;4.9;0.0;0;75.5;0.0;94.96;1.277099884614131
2021;4;27;4;5.2;0.0;0;70.3;-0.74;94.94;1.2744633497653446
2021;4;27;5;4.5;0.0;37;74.1;-0.68;94.97;1.271829211762264
2021;4;27;6;7.0;22.86961296;125;68.7;0.74;95.01;1.2691974719600445
2021;4;27;7;8.6;132.5629435;208;51.7;-1.06;95.0;1.2665681317126145
2021;4;27;8;10.1;482.5510723;216;48.3;-0.24;94.99;1.2639411923726582
2021;4;27;9;11.8;741.1913919;139;43.7;0.54;94.97;1.2613166552916342
2021;4;27;10;13.2;854.8034999;120;42.1;1.62;94.93;1.258694521819761
2021;4;27;11;14.2;920.2556699;110;39.9;2.18;94.88;1.25607479330602
2021;4;27;12;16.6;963.3769075;100;42.5;5.1;94.81;1.2534574710981579
2021;4;27;13;17.4;983.9036929;101;35.5;4.5;94.75;1.2508425565426853
2021;4;27;14;17.9;971.4594384;107;35.2;4.94;94.71;1.248230050984863
2021;4;27;15;19.0;937.0422805;116;33.3;5.66;94.66;1.2456199557687242
2021;4;27;16;18.9;805.9818185;146;33.1;5.52;94.63;1.243012272237058
2021;4;27;17;17.8;980.0637149;49;38.4;5.48;94.62;1.2404070017314135
2021;4;27;18;17.1;1000.0;3;38.7;4.84;94.64;1.2378041455920972
2021;4;27;19;15.0;0.0;0;52.2;5.44;94.67;1.2352037051581748
2021;4;27;20;13.4;0.0;0;54.5;4.3;94.72;1.2326056817674678
2021;4;27;21;10.8;0.0;0;72.0;5.2;94.74;1.2300100767565576
2021;4;27;22;11.7;0.0;0;66.3;4.96;94.77;1.2274168914607753
2021;4;27;23;11.4;0.0;0;70.5;5.5;94.77;1.224826127214211
2021;4;28;0;11.0;0.0;0;64.7;3.94;94.76;1.2222377853497086
2021;4;28;1;11.2;0.0;0;63.0;3.8;94.75;1.219651867198869
2021;4;28;2;10.6;0.0;0;71.9;4.98;94.75;1.2170683740920412
2021;4;28;3;9.8;0.0;0;81.8;6.16;94.75;1.2144873073583318
2021;4;28;4;10.4;0.0;0;71.9;4.78;94.77;1.2119086683255915
2021;4;28;5;10.4;0.0;25;75.4;5.48;94.82;1.2093324583204277
2021;4;28;6;11.1;60.02328268;39;73.7;5.84;94.82;1.2067586786681979
2021;4;28;7;12.8;112.9222285;85;70.5;6.9;94.84;1.2041873306930082
2021;4;28;8;14.3;0.0;283;61.4;6.58;94.86;1.2016184157177152
2021;4;28;9;15.8;404.9012296;307;52.2;6.24;94.85;1.1990519350639213
2021;4;28;10;17.6;761.8016108;183;47.1;7.02;94.81;1.1964878900519782
2021;4;28;11;18.0;820.2208925;215;44.0;6.8;94.77;1.1939262820009837
2021;4;28;12;19.0;628.0761925;273;35.3;6.06;94.74;1.1913671122287868
2021;4;28;13;16.4;663.6581667;112;56.0;7.6;94.76;1.1888103820519698
2021;4;28;14;14.8;252.1416616;105;62.7;7.34;94.79;1.1862560927858716
2021;4;28;15;16.0;620.3667862;54;57.1;7.42;94.75;1.183704245744572
2021;4;28;16;14.8;348.2011952;59;61.5;7.1;94.76;1.1811548422408933
2021;4;28;17;13.7;67.52277038;40;70.2;7.74;94.76;1.178607883586401
2021;4;28;18;13.0;437.6355419;4;76.1;8.22;94.75;1.1760633710914066
2021;4;28;19;12.6;0.0;0;77.8;8.16;94.78;1.1735213060649548
2021;4;28;20;11.9;0.0;0;87.2;9.34;94.84;1.1709816898148357
2021;4;28;21;11.9;0.0;0;85.7;9.04;94.86;1.168444523647584
2021;4;28;22;11.2;0.0;0;89.1;9.02;94.9;1.1659098088684674
2021;4;28;23;11.1;0.0;0;90.0;9.1;94.95;1.1633775467814962
2021;4;29;0;10.7;0.0;0;90.8;8.86;94.97;1.1608477386894158
2021;4;29;1;10.3;0.0;0;91.6;8.62;94.99;1.1583203858937159
2021;4;29;2;9.8;0.0;0;93.2;8.44;95.04;1.1557954896946114
2021;4;29;3;9.8;0.0;0;91.4;8.08;95.05;1.1532730513910625
2021;4;29;4;9.4;0.0;0;93.6;8.12;95.05;1.1507530722807626
2021;4;29;5;9.5;0.0;39;91.2;7.74;95.07;1.1482355536601414
2021;4;29;6;9.7;0.0;132;89.9;7.68;95.08;1.1457204968243593
2021;4;29;7;11.4;258.1155285;118;80.2;7.44;95.08;1.1432079030673137
2021;4;29;8;12.1;110.6344557;263;74.3;6.96;95.09;1.1406977736816346
2021;4;29;9;12.7;88.7709653;345;68.5;6.4;95.1;1.1381901099586784
2021;4;29;10;13.2;55.27721446;270;65.9;6.38;95.13;1.1356849131885394
2021;4;29;11;14.2;61.86481606;274;62.8;6.76;95.11;1.1331821846600407
2021;4;29;12;14.7;301.0710664;218;50.5;4.8;95.1;1.1306819256607366
2021;4;29;13;15.6;81.72084879;369;49.6;5.52;95.1;1.128184137476909
2021;4;29;14;14.6;0.0;322;53.1;5.22;95.1;1.1256888213935712
2021;4;29;15;15.2;119.3594966;238;53.8;5.96;95.09;1.123195978694464
2021;4;29;16;14.0;190.0394748;89;62.7;6.54;95.12;1.1207056106620517
2021;4;29;17;12.7;0.0;64;68.5;6.4;95.14;1.1182177185775286
2021;4;29;18;12.3;0.0;20;70.0;6.3;95.18;1.1157323037208187
2021;4;29;19;11.8;0.0;0;74.7;6.74;95.22;1.1132493673705657
2021;4;29;20;11.5;0.0;0;77.5;7.0;95.26;1.1107689108041408
2021;4;29;21;11.1;0.0;0;80.9;7.28;95.29;1.108290935297644
2021;4;29;22;10.7;0.0;0;85.2;7.74;95.32;1.1058154421258868
2021;4;29;23;10.2;0.0;0;69.9;4.18;95.33;1.1033424325624148
2021;4;30;0;9.9;0.0;0;73.9;4.68;95.33;1.1008719078794913
2021;4;30;1;9.5;0.0;0;81.7;5.84;95.29;1.098403869348104
2021;4;30;2;9.4;0.0;0;77.5;4.9;95.25;1.095938318237958
2021;4;30;3;8.9;0.0;0;83.0;5.5;95.24;1.0934752558174807
2021;4;30;4;8.9;0.0;0;84.7;5.84;95.23;1.0910146833538192
2021;4;30;5;8.8;107.9589344;8;88.2;6.44;95.19;1.08855660211284
2021;4;30;6;9.3;131.0363836;23;86.1;6.52;95.18;1.0861010133591282
2021;4;30;7;10.1;115.4975197;106;84.4;6.98;95.14;1.0836479183559815
2021;4;30;8;10.7;204.7253293;105;82.3;7.16;95.14;1.0811973183654215
2021;4;30;9;10.7;112.208071;120;82.6;7.22;95.21;1.078749214648183
2021;4;30;10;9.1;0.0;142;92.6;7.62;95.32;1.076303608463717
2021;4;30;11;9.4;0.0;140;90.8;7.56;95.35;1.0738605010701914
2021;4;30;12;8.9;0.0;158;89.2;6.74;95.38;1.0714198937244879
2021;4;30;13;8.6;0.0;187;89.4;6.48;95.37;1.0689817876821959
2021;4;30;14;8.9;0.0;110;90.4;6.98;95.36;1.0665461841976258
2021;4;30;15;9.0;0.0;126;93.5;7.7;95.36;1.0641130845237985
2021;4;30;16;9.1;0.0;187;92.1;7.52;95.39;1.061682489912446
2021;4;30;17;8.9;7.322047706;27;91.5;7.2;95.4;1.0592544016140106
2021;4;30;18;8.8;109.1915002;19;94.7;7.74;95.42;1.0568288208776488
2021;4;30;19;8.5;0.0;0;96.5;7.8;95.46;1.054405748951221
2021;4;30;20;8.0;0.0;0;93.8;6.76;95.53;1.051985187081307
2021;4;30;21;7.7;0.0;0;95.6;6.82;95.52;1.049567136513181
2021;4;30;22;7.8;0.0;0;97.2;7.24;95.53;1.047151598490835
2021;4;30;23;7.5;0.0;0;96.9;6.88;95.53;1.0447385742569688
2021;5;1;0;7.1;0.0;0;96.6;6.42;95.52;1.0423280650529847
2021;5;1;1;6.9;0.0;0;97.1;6.32;95.48;1.0399200721189938
2021;5;1;2;7.0;0.0;0;97.5;6.5;95.41;1.0375145966938142
2021;5;1;3;6.6;0.0;0;95.4;5.68;95.37;1.0351116400149607
2021;5;1;4;6.3;0.0;0;96.5;5.6;95.32;1.0327112033186614
2021;5;1;5;6.5;0.0;22;96.0;5.7;95.33;1.0303132878398449
2021;5;1;6;6.3;0.0;23;95.6;5.42;95.33;1.0279178948121412
2021;5;1;7;6.6;8.983426035;56;94.1;5.42;95.31;1.0255250254678856
2021;5;1;8;7.0;0.0;120;94.9;5.98;95.34;1.0231346810381128
2021;5;1;9;7.2;0.0;148;93.7;5.94;95.35;1.0207468627525582
2021;5;1;10;8.1;47.37951636;129;89.7;6.04;95.3;1.0183615718396624
2021;5;1;11;8.1;64.99087335;100;91.9;6.48;95.29;1.0159788095265556
2021;5;1;12;8.4;0.0;168;89.8;6.36;95.28;1.0135985770390752
2021;5;1;13;8.6;0.0;145;94.3;7.46;95.24;1.0112208756017589
2021;5;1;14;8.9;109.1905927;85;89.3;6.76;95.2;1.0088457064378344
2021;5;1;15;8.0;0.0;108;93.5;6.7;95.23;1.0064730707692329
2021;5;1;16;7.7;112.9071665;46;94.4;6.58;95.23;1.004102969816583
2021;5;1;17;7.1;0.0;74;95.2;6.14;95.25;1.0017354047992022
2021;5;1;18;6.6;134.3225665;4;94.8;5.56;95.31;0.9993703769351079
2021;5;1;19;6.4;0.0;0;95.3;5.46;95.38;0.9970078874410131
2021;5;1;20;6.2;0.0;0;95.6;5.32;95.47;0.9946479375323243
2021;5;1;21;5.8;0.0;0;90.8;3.96;95.53;0.9922905284231405
2021;5;1;22;5.5;0.0;0;95.2;4.54;95.59;0.9899356613262542
2021;5;1;23;5.5;0.0;0;93.3;4.16;95.64;0.9875833374531515
2021;5;2;0;5.3;0.0;0;94.3;4.16;95.66;0.9852335580140092
2021;5;2;1;5.4;0.0;0;94.2;4.24;95.69;0.9828863242176897
2021;5;2;2;5.3;0.0;0;94.9;4.28;95.73;0.9805416372717533
2021;5;2;3;5.3;0.0;0;94.9;4.28;95.76;0.9781994983824482
2021;5;2;4;5.2;0.0;0;95.6;4.32;95.8;0.9758599087547104
2021;5;2;5;5.2;0.0;50;95.3;4.26;95.86;0.9735228695921636
2021;5;2;6;5.1;0.0;76;94.1;3.92;95.91;0.971188382097127
2021;5;2;7;6.3;207.1836685;125;85.2;3.34;95.97;0.968856447470591
2021;5;2;8;7.7;485.0931373;110;73.3;2.36;96.01;0.9665270669122465
2021;5;2;9;8.1;193.2517434;142;70.6;2.22;96.03;0.9642002416204676
2021;5;2;10;9.4;480.7752922;274;56.8;0.76;96.03;0.9618759727923116
2021;5;2;11;8.7;615.9898314;171;66.7;2.04;96.04;0.9595542616235218
2021;5;2;12;8.1;124.9190688;138;72.5;2.6;96.1;0.9572351093085247
2021;5;2;13;8.3;261.3477208;127;63.9;1.08;96.12;0.954918517040432
2021;5;2;14;7.7;171.5342411;85;78.8;3.46;96.11;0.9526044860110403
2021;5;2;15;10.1;862.1106829;67;65.7;3.24;96.09;0.9502930174108197
2021;5;2;16;5.4;85.23282424;43;87.2;2.84;96.21;0.947984112428931
2021;5;2;17;7.4;590.1262176;17;82.9;3.98;96.19;0.9456777722532124
2021;5;2;18;6.4;891.493494;16;80.7;2.54;96.23;0.943373998070185
2021;5;2;19;5.7;0.0;0;86.2;2.94;96.3;0.9410727910650465
2021;5;2;20;4.8;0.0;0;90.5;2.9;96.38;0.9387741524216793
2021;5;2;21;3.9;0.0;0;94.4;2.78;96.43;0.9364780833226343
2021;5;2;22;3.0;0.0;0;94.5;1.9;96.46;0.9341845849491506
2021;5;2;23;2.6;0.0;0;93.4;1.28;96.51;0.9318936584811413
2021;5;3;0;2.3;0.0;0;94.9;1.28;96.51;0.929605305097196
2021;5;3;1;1.6;0.0;0;98.0;1.2;96.49;0.9273195259745792
2021;5;3;2;1.5;0.0;0;94.8;0.46;96.5;0.9250363222892339
2021;5;3;3;0.7;0.0;0;98.2;0.34;96.49;0.9227556952157769
2021;5;3;4;0.8;0.0;0;95.5;-0.1;96.5;0.9204776459275026
2021;5;3;5;0.0;61.25924123;15;98.2;-0.36;96.53;0.9182021755963685
2021;5;3;6;2.2;45.397228;140;93.0;0.8;96.58;0.915929285393017
2021;5;3;7;4.8;282.9322696;212;85.7;1.94;96.6;0.913658976486758
2021;5;3;8;5.8;404.2626367;287;85.0;2.8;96.6;0.9113912500455745
2021;5;3;9;8.5;563.4725641;297;76.2;3.74;96.58;0.9091261072361219
2021;5;3;10;10.0;522.4107481;414;55.3;1.06;96.55;0.9068635492237282
2021;5;3;11;11.2;595.2505188;414;45.3;0.26;96.48;0.9046035771723799
2021;5;3;12;11.8;667.3149141;377;43.9;0.58;96.41;0.9023461922447487
2021;5;3;13;12.8;687.2270432;361;40.6;0.92;96.33;0.9000913956021659
2021;5;3;14;13.9;705.8249903;324;43.1;2.52;96.24;0.8978391884046362
2021;5;3;15;14.7;1000.0;102;40.3;2.76;96.15;0.8955895718108273
2021;5;3;16;14.5;862.2987143;147;37.6;2.02;96.08;0.8933425469780776
2021;5;3;17;14.1;898.2159788;95;39.7;2.04;96.05;0.8910981150623929
2021;5;3;18;13.4;1000.0;5;41.5;1.7;96.05;0.8888562772184407
2021;5;3;19;11.2;0.0;0;50.0;1.2;96.04;0.8866170345995608
2021;5;3;20;7.8;0.0;0;58.9;-0.42;96.04;0.8843803883577488
2021;5;3;21;6.7;0.0;0;65.9;-0.12;96.02;0.8821463396436702
2021;5;3;22;5.5;0.0;0;72.3;-0.04;96.0;0.8799148896066553
2021;5;3;23;6.2;0.0;0;66.9;-0.42;96.01;0.8776860393946944
2021;5;4;0;7.8;0.0;0;62.1;0.22;95.96;0.8754597901544416
2021;5;4;1;7.5;0.0;0;64.8;0.46;95.88;0.8732361430312165
2021;5;4;2;6.8;0.0;0;69.8;0.76;95.83;0.8710150991689911
2021;5;4;3;5.9;0.0;0;72.7;0.44;95.76;0.8687966597104033
2021;5;4;4;6.8;0.0;0;67.4;0.28;95.74;0.8665808257967544
2021;5;4;5;7.4;93.04280245;18;66.5;0.7;95.72;0.8643675985680002
2021;5;4;6;9.1;227.5346415;45;62.7;1.64;95.74;0.8621569791627586
2021;5;4;7;10.4;256.6646443;52;58.2;2.04;95.75;0.8599489687183031
2021;5;4;8;11.8;231.679528;77;52.4;2.28;95.74;0.8577435683705703
2021;5;4;9;14.8;472.9296109;113;44.0;3.6;95.7;0.8555407792541434
2021;5;4;10;15.0;587.2445072;116;46.8;4.36;95.67;0.8533406025022741
2021;5;4;11;14.6;437.7445873;114;46.1;3.82;95.64;0.8511430392468631
2021;5;4;12;15.9;951.1118069;109;39.7;3.84;95.56;0.8489480906184683
2021;5;4;13;16.2;953.3831567;133;40.0;4.2;95.47;0.8467557577463038
2021;5;4;14;16.4;901.2267182;63;41.6;4.72;95.37;0.8445660417582372
2021;5;4;15;17.3;915.7695331;53;36.1;4.52;95.32;0.8423789437807905
2021;5;4;16;16.4;743.8077635;34;39.4;4.28;95.27;0.8401944649391337
2021;5;4;17;15.4;0.0;106;43.3;4.06;95.27;0.8380126063570961
2021;5;4;18;14.2;113.5262795;27;47.8;3.76;95.22;0.8358333691571564
2021;5;4;19;14.2;0.0;0;47.7;3.74;95.21;0.8336567544604447
2021;5;4;20;14.0;0.0;0;49.0;3.8;95.23;0.8314827633867417
2021;5;4;21;12.7;0.0;0;55.7;3.84;95.26;0.8293113970544788
2021;5;4;22;11.7;0.0;0;73.4;6.38;95.23;0.8271426565807358
2021;5;4;23;11.5;0.0;0;72.0;5.9;95.18;0.824976543081247
2021;5;5;0;12.0;0.0;0;72.1;6.42;95.09;0.8228130576703849
2021;5;5;1;11.8;0.0;0;69.6;5.72;94.98;0.8206522014611775
2021;5;5;2;10.3;0.0;0;82.3;6.76;94.96;0.8184939755653007
2021;5;5;3;10.1;0.0;0;80.4;6.18;94.94;0.8163383810930736
2021;5;5;4;9.1;0.0;0;87.1;6.52;94.99;0.8141854191534632
2021;5;5;5;9.3;0.0;20;87.0;6.7;95.12;0.812035090854085
2021;5;5;6;7.9;27.24025511;30;75.7;3.04;95.25;0.8098873973011909
2021;5;5;7;7.0;0.0;121;67.8;0.56;95.35;0.8077423395996863
2021;5;5;8;7.7;103.7226842;55;63.3;0.36;95.43;0.8055999188531171
2021;5;5;9;9.8;330.9765087;128;52.4;0.28;95.5;0.8034601361636726
2021;5;5;10;9.5;409.4605139;112;52.2;-0.06;95.55;0.8013229926321861
2021;5;5;11;11.8;1000.0;80;45.2;0.84;95.59;0.79918848935813
2021;5;5;12;11.3;844.3838828;123;40.2;-0.66;95.61;0.7970566274396225
2021;5;5;13;12.0;835.7889457;98;40.7;0.14;95.62;0.7949274079734234
2021;5;5;14;12.5;1000.0;141;39.2;0.34;95.66;0.7928008320549251
2021;5;5;15;12.4;1000.0;74;36.3;-0.34;95.67;0.790676900778168
2021;5;5;16;11.6;873.2473808;73;38.6;-0.68;95.68;0.7885556152358291
2021;5;5;17;11.1;705.7546035;18;35.5;-1.8;95.7;0.7864369765192265
2021;5;5;18;10.1;755.0196206;4;43.9;-1.12;95.7;0.7843209857183133
2021;5;5;19;9.6;0.0;0;44.1;-1.58;95.73;0.7822076439216836
2021;5;5;20;9.1;0.0;0;46.0;-1.7;95.8;0.7800969522165646
2021;5;5;21;8.2;0.0;0;51.1;-1.58;95.8;0.7779889116888219
2021;5;5;22;7.8;0.0;0;50.9;-2.02;95.79;0.7758835234229604
2021;5;5;23;7.1;0.0;0;54.1;-2.08;95.76;0.7737807885021164
2021;5;6;0;7.0;0.0;0;57.5;-1.5;95.75;0.7716807080080628
2021;5;6;1;5.9;0.0;0;65.9;-0.92;95.68;0.7695832830212073
2021;5;6;2;5.8;0.0;0;67.1;-0.78;95.64;0.7674885146205908
2021;5;6;3;6.3;0.0;0;65.4;-0.62;95.58;0.765396403883889
2021;5;6;4;5.8;0.0;0;69.0;-0.4;95.51;0.7633069518874045
2021;5;6;5;6.2;0.0;45;72.0;0.6;95.5;0.7612201597060801
2021;5;6;6;7.6;0.0;130;63.0;0.2;95.47;0.7591360284134856
2021;5;6;7;8.9;103.7894967;79;62.9;1.48;95.4;0.7570545590818227
2021;5;6;8;9.7;0.0;227;58.3;1.36;95.37;0.7549757527819239
2021;5;6;9;8.9;0.0;213;65.4;1.98;95.41;0.7528996105832562
2021;5;6;10;8.0;0.0;376;78.2;3.64;95.4;0.7508261335539022
2021;5;6;11;8.6;0.0;217;77.0;4.0;95.31;0.7487553227605899
2021;5;6;12;8.6;97.82271042;131;85.6;5.72;95.23;0.7466871792686653
2021;5;6;13;8.6;97.09094439;104;89.4;6.48;95.17;0.7446217041421059
2021;5;6;14;8.9;12.37172395;93;90.1;6.92;95.16;0.7425588984435159
2021;5;6;15;9.6;49.50721484;54;89.8;7.56;95.13;0.7404987632341253
2021;5;6;16;9.9;30.60204718;50;92.3;8.36;95.17;0.7384412995737932
2021;5;6;17;10.1;0.0;30;87.2;7.54;95.18;0.7363865085210026
2021;5;6;18;10.4;0.0;26;82.8;6.96;95.22;0.7343343911328564
2021;5;6;19;10.0;0.0;0;83.0;6.6;95.29;0.7322849484650895
2021;5;6;20;10.1;0.0;0;84.3;6.96;95.39;0.7302381815720578
2021;5;6;21;9.8;0.0;0;84.1;6.62;95.44;0.7281940915067402
2021;5;6;22;9.7;0.0;0;85.1;6.72;95.44;0.72615267932074
2021;5;6;23;9.7;0.0;0;79.2;5.54;95.46;0.7241139460642838
2021;5;7;0;9.2;0.0;0;80.0;5.2;95.41;0.7220778927862135
2021;5;7;1;9.5;0.0;0;80.2;5.54;95.41;0.7200445205339978
2021;5;7;2;9.6;0.0;0;78.3;5.26;95.41;0.7180138303537271
2021;5;7;3;8.7;0.0;0;86.2;5.94;95.45;0.7159858232901097
2021;5;7;4;8.9;0.0;0;82.9;5.48;95.45;0.7139605003864729
2021;5;7;5;8.8;0.0;42;81.0;5.0;95.52;0.7119378626847634
2021;5;7;6;8.5;0.0;107;87.0;5.9;95.56;0.7099179112255491
2021;5;7;7;9.0;0.0;234;83.4;5.68;95.6;0.7079006470480156
2021;5;7;8;8.8;0.0;311;84.2;5.64;95.67;0.7058860711899593
2021;5;7;9;8.9;0.0;374;83.5;5.6;95.83;0.7038741846878018
2021;5;7;10;9.6;0.0;396;69.7;3.54;95.93;0.7018649885765766
2021;5;7;11;10.1;192.5970363;437;68.2;3.74;95.99;0.6998584838899351
2021;5;7;12;10.6;217.1666284;159;62.5;3.1;96.03;0.6978546716601439
2021;5;7;13;11.5;264.6797041;223;59.4;3.38;96.03;0.6958535529180869
2021;5;7;14;11.4;97.2658455;282;57.0;2.8;96.06;0.6938551286932526
2021;5;7;15;12.5;478.1411425;245;63.3;5.16;96.06;0.6918594000137537
2021;5;7;16;11.3;178.1401965;198;64.5;4.2;96.11;0.6898663679063128
2021;5;7;17;11.1;254.0718331;110;66.9;4.48;96.13;0.6878760333962646
2021;5;7;18;11.0;1000.0;25;68.5;4.7;96.14;0.685888397507556
2021;5;7;19;9.8;0.0;0;74.8;4.76;96.15;0.683903461262747
2021;5;7;20;7.8;0.0;0;86.5;5.1;96.18;0.6819212256830065
2021;5;7;21;6.9;0.0;0;86.9;4.28;96.21;0.6799416917881178
2021;5;7;22;6.1;0.0;0;91.0;4.3;96.2;0.6779648605964672
2021;5;7;23;6.2;0.0;0;91.4;4.48;96.22;0.6759907331250572
2021;5;8;0;6.3;0.0;0;92.0;4.7;96.22;0.6740193103894976
2021;5;8;1;4.9;0.0;0;94.2;3.74;96.22;0.6720505934040055
2021;5;8;2;4.6;0.0;0;94.7;3.54;96.19;0.6700845831814073
2021;5;8;3;3.5;0.0;0;95.8;2.66;96.16;0.6681212807331356
2021;5;8;4;2.0;0.0;0;97.3;1.46;96.14;0.6661606870692349
2021;5;8;5;3.7;0.0;63;93.0;2.3;96.15;0.6642028031983447
2021;5;8;6;5.5;62.49939892;139;89.6;3.42;96.19;0.6622476301277223
2021;5;8;7;8.0;351.9974253;208;79.3;3.86;96.21;0.6602951688632253
2021;5;8;8;9.5;256.4072766;313;74.0;4.3;96.19;0.6583454204093151
2021;5;8;9;12.0;480.7653807;345;71.7;6.34;96.16;0.6563983857690614
2021;5;8;10;12.7;533.5377345;377;69.0;6.5;96.11;0.654454065944134
2021;5;8;11;14.9;526.448312;434;66.3;8.16;96.05;0.6525124619348093
2021;5;8;12;15.9;655.5275359;339;55.1;6.92;95.98;0.650573574739961
2021;5;8;13;18.8;648.7941195;366;37.0;6.2;95.89;0.6486374053570714
2021;5;8;14;19.6;845.1580721;211;39.5;7.5;95.84;0.6467039547822209
2021;5;8;15;20.5;567.7330761;273;38.5;8.2;95.78;0.6447732240100921
2021;5;8;16;20.1;675.8770934;195;36.8;7.46;95.72;0.6428452140339704
2021;5;8;17;20.8;536.5323299;114;41.5;9.1;95.68;0.6409199258457372
2021;5;8;18;19.6;1000.0;32;44.5;8.5;95.66;0.6389973604358792
2021;5;8;19;16.7;0.0;0;56.3;7.96;95.67;0.6370775187934754
2021;5;8;20;15.2;0.0;0;62.5;7.7;95.68;0.6351604019062087
2021;5;8;21;12.8;0.0;0;72.7;7.34;95.68;0.6332460107603586
2021;5;8;22;10.3;0.0;0;85.0;7.3;95.68;0.631334346340803
2021;5;8;23;9.0;0.0;0;83.5;5.7;95.67;0.6294254096310175
2021;5;9;0;9.3;0.0;0;79.7;5.24;95.66;0.6275192016130706
2021;5;9;1;8.9;0.0;0;79.4;4.78;95.63;0.6256157232676332
2021;5;9;2;8.0;0.0;0;80.2;4.04;95.6;0.6237149755739688
2021;5;9;3;6.5;0.0;0;88.6;4.22;95.59;0.621816959509931
2021;5;9;4;6.1;0.0;0;89.5;4.0;95.59;0.6199216760519768
2021;5;9;5;6.8;0.0;53;85.4;3.88;95.6;0.6180291261751512
2021;5;9;6;9.8;169.2359356;146;81.5;6.1;95.59;0.6161393108530984
2021;5;9;7;12.4;334.9150172;195;71.2;6.64;95.56;0.6142522310580496
2021;5;9;8;15.3;400.6593317;294;69.2;9.14;95.5;0.6123678877608345
2021;5;9;9;16.7;343.7561491;376;63.2;9.34;95.47;0.6104862819308687
2021;5;9;10;18.5;450.5984929;405;57.4;9.98;95.43;0.6086074145361646
2021;5;9;11;20.3;608.1253822;366;49.0;10.1;95.37;0.6067312865433241
2021;5;9;12;22.0;786.6403894;269;48.2;11.64;95.28;0.6048578989175395
2021;5;9;13;23.6;807.7953444;232;43.4;12.28;95.22;0.6029872526225937
2021;5;9;14;25.3;894.1053019;111;37.7;12.84;95.17;0.601119348620859
2021;5;9;15;25.2;855.3840335;146;34.1;12.02;95.11;0.5992541878732993
2021;5;9;16;25.0;1000.0;43;35.2;12.04;95.05;0.5973917713394608
2021;5;9;17;23.6;949.5493864;34;34.9;10.58;95.04;0.5955320999774845
2021;5;9;18;22.0;541.9423942;27;43.1;10.62;95.01;0.5936751747440967
2021;5;9;19;18.9;0.0;0;45.5;8.0;95.0;0.5918209965946097
2021;5;9;20;17.6;0.0;0;48.7;7.34;95.01;0.5899695664829254
2021;5;9;21;18.1;0.0;0;50.0;8.1;95.04;0.588120885361529
2021;5;9;22;14.4;0.0;0;73.3;9.06;95.01;0.586274954181496
2021;5;9;23;14.0;0.0;0;69.7;7.94;94.98;0.5844317738924785
2021;5;10;0;12.4;0.0;0;74.2;7.24;94.92;0.5825913454427205
2021;5;10;1;12.7;0.0;0;74.7;7.64;94.91;0.5807536697790514
2021;5;10;2;12.4;0.0;0;86.2;9.64;95.01;0.5789187478468794
2021;5;10;3;13.9;0.0;0;75.7;9.04;95.02;0.5770865805901977
2021;5;10;4;11.3;0.0;0;91.6;9.62;94.98;0.5752571689515849
2021;5;10;5;12.5;0.0;29;90.0;10.5;95.06;0.5734305138722
2021;5;10;6;14.1;0.0;62;79.7;10.04;95.17;0.5716066162917803
2021;5;10;7;13.3;0.0;178;90.6;11.42;95.21;0.5697854771486508
2021;5;10;8;13.6;0.0;236;90.1;11.62;95.28;0.5679670973797126
2021;5;10;9;13.9;0.0;365;88.5;11.6;95.31;0.5661514779204504
2021;5;10;10;14.7;146.5436666;0;87.4;12.18;95.35;0.5643386197049285
2021;5;10;11;14.6;0.0;410;86.7;11.94;95.38;0.5625285236657884
2021;5;10;12;14.5;0.0;276;92.1;12.92;95.35;0.5607211907342533
2021;5;10;13;14.1;0.0;398;95.4;13.18;95.35;0.5589166218401207
2021;5;10;14;13.4;0.0;222;94.3;12.26;95.3;0.5571148179117706
2021;5;10;15;13.1;0.0;225;92.6;11.62;95.31;0.5553157798761594
2021;5;10;16;13.1;0.0;202;96.1;12.32;95.3;0.5535195086588178
2021;5;10;17;12.7;0.0;112;96.7;12.04;95.3;0.5517260051838573
2021;5;10;18;12.4;0.0;34;96.1;11.62;95.28;0.5499352703739628
2021;5;10;19;12.4;0.0;0;97.7;11.94;95.3;0.5481473051503958
2021;5;10;20;11.9;0.0;0;97.3;11.36;95.27;0.5463621104329954
2021;5;10;21;11.8;0.0;0;96.9;11.18;95.28;0.5445796871401667
2021;5;10;22;11.9;0.0;0;96.5;11.2;95.27;0.5428000361888978
2021;5;10;23;11.8;0.0;0;96.2;11.04;95.28;0.541023158494748
2021;5;11;0;11.2;0.0;0;91.6;9.52;95.21;0.53924905497185
2021;5;11;1;10.6;0.0;0;92.1;9.02;95.19;0.5374777265329076
2021;5;11;2;10.3;0.0;0;95.4;9.38;95.19;0.5357091740892015
2021;5;11;3;10.3;0.0;0;94.6;9.22;95.12;0.5339433985505755
2021;5;11;4;9.9;0.0;0;97.6;9.42;95.08;0.532180400825454
2021;5;11;5;10.2;0.0;36;96.1;9.42;95.05;0.5304201818208272
2021;5;11;6;10.4;0.0;142;94.7;9.34;95.05;0.5286627424422576
2021;5;11;7;10.0;0.0;177;95.8;9.16;95.12;0.5269080835938782
2021;5;11;8;9.7;0.0;221;92.1;8.12;95.22;0.5251562061783899
2021;5;11;9;10.6;0.0;361;84.9;7.58;95.25;0.523407111097062
2021;5;11;10;11.5;0.0;359;77.9;7.08;95.25;0.5216607992497364
2021;5;11;11;12.4;0.0;410;77.9;7.98;95.27;0.5199172715348181
2021;5;11;12;12.5;79.30140079;147;79.0;8.3;95.28;0.5181765288492821
2021;5;11;13;13.2;190.2510233;74;69.1;7.02;95.3;0.5164385720886724
2021;5;11;14;12.0;10.81823944;85;82.7;8.54;95.31;0.5147034021470969
2021;5;11;15;11.6;0.0;208;91.7;9.94;95.36;0.5129710199172308
2021;5;11;16;10.9;0.0;178;92.6;9.42;95.44;0.5112414262903151
2021;5;11;17;9.8;0.0;95;91.7;8.14;95.51;0.5095146221561597
2021;5;11;18;9.7;0.0;36;92.1;8.12;95.56;0.5077906084031305
2021;5;11;19;9.8;0.0;0;93.4;8.48;95.65;0.5060693859181669
2021;5;11;20;9.6;0.0;0;91.3;7.86;95.74;0.5043509555867676
2021;5;11;21;9.4;0.0;0;87.6;6.92;95.83;0.5026353182929961
2021;5;11;22;9.0;0.0;0;89.1;6.82;95.87;0.5009224749194789
2021;5;11;23;8.5;0.0;0;88.2;6.14;95.88;0.49921242634740626
2021;5;12;0;8.4;0.0;0;86.5;5.7;95.87;0.49750517345653034
2021;5;12;1;8.4;0.0;0;87.6;5.92;95.88;0.49580071712516105
2021;5;12;2;8.2;0.0;0;86.6;5.52;95.84;0.49409905823017386
2021;5;12;3;8.1;0.0;0;86.7;5.44;95.81;0.4924001976470045
2021;5;12;4;7.9;0.0;0;86.7;5.24;95.78;0.4907041362496489
2021;5;12;5;8.1;0.0;52;85.7;5.24;95.78;0.48901087491066253
2021;5;12;6;9.4;28.43616229;125;78.0;5.0;95.75;0.4873204145011618
2021;5;12;7;10.6;381.046059;175;68.1;4.22;95.73;0.4856327558908182
2021;5;12;8;11.2;598.2806287;233;64.5;4.1;95.66;0.48394789994786436
2021;5;12;9;12.3;564.2372456;293;56.8;3.66;95.6;0.4822658475390922
2021;5;12;10;13.0;668.5404009;288;53.2;3.64;95.55;0.4805865995298495
2021;5;12;11;12.9;443.2166011;436;48.5;2.6;95.49;0.4789101567840426
2021;5;12;12;14.1;757.8453032;189;45.6;3.22;95.43;0.4772365201641344
2021;5;12;13;16.0;917.3449375;75;48.5;5.7;95.39;0.47556569053114295
2021;5;12;14;16.3;947.7391239;175;47.4;5.78;95.35;0.47389766874464545
2021;5;12;15;15.9;946.5684071;149;47.6;5.42;95.31;0.47223245566276795
2021;5;12;16;15.7;962.2368577;124;44.5;4.6;95.28;0.4705700521421976
2021;5;12;17;14.3;435.5836593;106;53.8;5.06;95.29;0.46891045903817563
2021;5;12;18;13.5;263.3914633;32;59.4;5.38;95.32;0.4672536772044946
2021;5;12;19;12.4;0.0;0;66.9;5.78;95.37;0.4655997074935021
2021;5;12;20;11.5;0.0;0;71.4;5.78;95.41;0.46394855075610053
2021;5;12;21;9.6;0.0;0;86.5;6.9;95.4;0.46230020784174464
2021;5;12;22;9.6;0.0;0;82.2;6.04;95.36;0.460654679598437
2021;5;12;23;8.0;0.0;0;91.7;6.34;95.36;0.4590119668727386
2021;5;13;0;7.5;0.0;0;90.9;5.68;95.33;0.45737207050975837
2021;5;13;1;7.0;0.0;0;92.0;5.4;95.32;0.4557349913531583
2021;5;13;2;7.5;0.0;0;89.1;5.32;95.28;0.4541007302451474
2021;5;13;3;7.6;0.0;0;88.8;5.36;95.25;0.45246928802649045
2021;5;13;4;7.8;0.0;0;89.9;5.78;95.24;0.45084066553649915
2021;5;13;5;8.2;0.0;28;93.1;6.82;95.25;0.4492148636130313
2021;5;13;6;9.6;0.0;89;79.4;5.48;95.26;0.447591883092497
2021;5;13;7;9.4;0.0;145;79.4;5.28;95.29;0.4459717248098576
2021;5;13;8;7.8;0.0;194;76.7;3.14;95.4;0.44435438959861706
2021;5;13;9;8.5;42.75787197;167;73.6;3.22;95.45;0.4427398782908307
2021;5;13;10;8.8;0.0;371;69.1;2.62;95.48;0.44112819171709905
2021;5;13;11;8.8;0.0;347;70.1;2.82;95.47;0.439519330706573
2021;5;13;12;10.2;116.6693676;411;60.0;2.2;95.44;0.43791329608694163
2021;5;13;13;10.5;374.9243579;160;61.2;2.74;95.41;0.43631008868444887
2021;5;13;14;11.2;329.3035026;149;55.1;2.22;95.36;0.4347097093238794
2021;5;13;15;12.6;758.5138166;77;51.3;2.86;95.3;0.4331121588285658
2021;5;13;16;12.4;942.2892461;87;51.8;2.76;95.26;0.4315174380203812
2021;5;13;17;12.6;872.8628568;45;54.4;3.48;95.25;0.4299255477197468
2021;5;13;18;11.8;954.3673341;6;59.8;3.76;95.24;0.4283364887456296
2021;5;13;19;10.1;0.0;0;76.2;5.34;95.25;0.42675026191553034
2021;5;13;20;8.7;0.0;0;81.1;4.92;95.29;0.4251668680455021
2021;5;13;21;7.0;0.0;0;88.4;4.68;95.3;0.4235863079501385
2021;5;13;22;6.8;0.0;0;88.1;4.42;95.29;0.42200858244257233
2021;5;13;23;7.2;0.0;0;85.9;4.38;95.29;0.42043369233448136
2021;5;14;0;5.4;0.0;0;92.0;3.8;95.27;0.41886163843608326
2021;5;14;1;4.2;0.0;0;95.0;3.2;95.26;0.4172924215561382
2021;5;14;2;4.1;0.0;0;95.6;3.22;95.24;0.4157260425019418
2021;5;14;3;3.1;0.0;0;95.3;2.16;95.23;0.4141625020793347
2021;5;14;4;2.3;0.0;0;95.1;1.32;95.23;0.41260180109269573
2021;5;14;5;3.6;222.4251771;14;93.8;2.36;95.24;0.4110439403449435
2021;5;14;6;6.1;431.4146627;45;90.8;4.26;95.26;0.4094889206375347
2021;5;14;7;8.2;457.28085;188;83.1;4.82;95.27;0.4079367427704641
2021;5;14;8;10.1;313.4944783;280;73.4;4.78;95.27;0.40638740754226443
2021;5;14;9;11.8;239.8134183;371;70.4;5.88;95.29;0.404840915750011
2021;5;14;10;12.3;545.3277291;162;63.9;5.08;95.29;0.4032972681893048
2021;5;14;11;12.4;507.2819653;338;59.0;4.2;95.28;0.40175646565429446
2021;5;14;12;9.6;0.0;127;84.9;6.58;95.36;0.40021850893765976
2021;5;14;13;12.5;256.1437851;75;71.8;6.86;95.37;0.39868339883061843
2021;5;14;14;12.7;582.969765;89;68.8;6.46;95.41;0.39715113612292363
2021;5;14;15;10.6;103.8432443;106;77.6;6.12;95.45;0.3956217216028639
2021;5;14;16;12.4;540.6386736;37;72.1;6.82;95.44;0.394095156057257
2021;5;14;17;11.8;655.9786048;21;63.4;4.48;95.46;0.39257144027146484
2021;5;14;18;11.6;961.9066353;41;64.9;4.58;95.51;0.3910505750293751
2021;5;14;19;9.6;0.0;0;73.5;4.3;95.5;0.3895325611134117
2021;5;14;20;8.5;0.0;0;73.6;3.22;95.6;0.3880173993045348
2021;5;14;21;8.8;0.0;0;73.3;3.46;95.66;0.386505090382232
2021;5;14;22;8.6;0.0;0;74.5;3.5;95.64;0.3849956351245254
2021;5;14;23;8.3;0.0;0;75.8;3.46;95.64;0.38348903430797154
2021;5;15;0;7.3;0.0;0;81.8;3.66;95.6;0.3819852887076527
2021;5;15;1;7.9;0.0;0;76.3;3.16;95.54;0.38048439909718823
2021;5;15;2;7.4;0.0;0;80.3;3.46;95.48;0.37898636624872317
2021;5;15;3;7.3;0.0;0;81.4;3.58;95.43;0.3774911909329379
2021;5;15;4;6.5;0.0;0;88.4;4.18;95.4;0.3759988739190394
2021;5;15;5;7.5;0.0;60;80.8;3.66;95.38;0.3745094159747646
2021;5;15;6;7.8;40.01159938;45;80.2;3.84;95.38;0.3730228178663797
2021;5;15;7;9.1;106.5668951;88;77.5;4.6;95.37;0.37153908035868
2021;5;15;8;10.3;149.874816;130;69.2;4.14;95.34;0.37005820421498825
2021;5;15;9;11.7;223.1993666;138;58.5;3.4;95.31;0.3685801901971555
2021;5;15;10;12.1;375.4393995;168;60.2;4.14;95.28;0.3671050390655619
2021;5;15;11;11.1;315.0728437;131;62.2;3.54;95.25;0.36563275157911335
2021;5;15;12;10.1;178.7725607;117;75.5;5.2;95.26;0.364163328495243
2021;5;15;13;10.2;215.9364767;114;79.3;6.06;95.23;0.3626967705699107
2021;5;15;14;9.6;61.47105723;136;84.7;6.54;95.19;0.3612330785575981
2021;5;15;15;9.3;0.0;152;91.6;7.62;95.17;0.359772253211319
2021;5;15;16;9.3;110.0528537;59;90.4;7.38;95.17;0.35831429528260816
2021;5;15;17;9.3;138.22853;33;92.4;7.78;95.17;0.35685920552152783
2021;5;15;18;8.9;26.74264306;23;94.1;7.72;95.16;0.3554069846766623
2021;5;15;19;8.4;0.0;0;92.9;6.98;95.23;0.35395763349512244
2021;5;15;20;8.1;0.0;0;91.7;6.44;95.24;0.3525111527225393
2021;5;15;21;7.7;0.0;0;92.8;6.26;95.27;0.35106754310306876
2021;5;15;22;6.9;0.0;0;95.2;5.94;95.27;0.3496268053793914
2021;5;15;23;6.1;0.0;0;98.4;5.78;95.31;0.34818894029270897
2021;5;16;0;6.8;0.0;0;95.5;5.9;95.28;0.34675394858274533
2021;5;16;1;6.1;0.0;0;98.4;5.78;95.25;0.3453218309877446
2021;5;16;2;6.1;0.0;0;96.1;5.32;95.21;0.34389258824447566
2021;5;16;3;6.1;0.0;0;97.7;5.64;95.18;0.34246622108822855
2021;5;16;4;7.3;0.0;0;94.5;6.2;95.19;0.3410427302528074
2021;5;16;5;7.9;100.8381882;12;92.3;6.36;95.16;0.33962211647054286
2021;5;16;6;8.3;213.7254826;28;95.7;7.44;95.18;0.33820438047228407
2021;5;16;7;9.4;144.7957592;88;91.0;7.6;95.16;0.3367895229873987
2021;5;16;8;10.4;0.0;271;82.9;6.98;95.12;0.3353775447437748
2021;5;16;9;10.0;0.0;388;92.8;8.56;95.08;0.33396844646781876
2021;5;16;10;9.7;0.0;224;94.6;8.62;95.08;0.3325622288844565
2021;5;16;11;10.1;0.0;434;88.7;7.84;95.01;0.3311588927171263
2021;5;16;12;10.6;0.0;445;91.2;8.84;94.91;0.32975843868779187
2021;5;16;13;10.3;0.0;403;96.7;9.64;94.88;0.3283608675169294
2021;5;16;14;10.5;0.0;264;97.8;10.06;94.9;0.3269661799235317
2021;5;16;15;11.5;0.0;269;93.9;10.28;94.9;0.3255743766251129
2021;5;16;16;12.1;16.52654708;204;91.3;10.36;94.89;0.3241854583376975
2021;5;16;17;11.6;255.4310222;46;94.9;10.58;94.86;0.32279942577583043
2021;5;16;18;11.6;596.6461709;11;95.8;10.76;94.89;0.321416279652567
2021;5;16;19;11.7;0.0;0;91.6;10.02;94.97;0.3200360206794812
2021;5;16;20;11.2;0.0;0;77.8;6.76;95.06;0.3186586495666619
2021;5;16;21;10.5;0.0;0;76.1;5.72;95.13;0.3172841670227111
2021;5;16;22;10.1;0.0;0;65.1;3.12;95.21;0.31591257375474413
2021;5;16;23;9.0;0.0;0;73.1;3.62;95.3;0.31454387046839116
2021;5;17;0;8.8;0.0;0;77.8;4.36;95.32;0.3131780578677956
2021;5;17;1;8.9;0.0;0;73.6;3.62;95.29;0.31181513665561233
2021;5;17;2;8.7;0.0;0;74.8;3.66;95.29;0.3104551075330093
2021;5;17;3;8.2;0.0;0;78.0;3.8;95.3;0.30909797119966864
2021;5;17;4;8.1;0.0;0;78.1;3.72;95.35;0.30774372835378117
2021;5;17;5;8.1;0.0;62;76.2;3.34;95.4;0.30639237969205
2021;5;17;6;7.6;0.0;125;88.0;5.2;95.42;0.30504392590969154
2021;5;17;7;8.6;0.0;237;83.8;5.36;95.48;0.3036983677004317
2021;5;17;8;10.4;172.3709617;318;73.5;5.1;95.51;0.3023557057565025
2021;5;17;9;10.3;113.6550356;218;68.6;4.02;95.56;0.3010159407686528
2021;5;17;10;11.8;140.4540925;354;69.7;5.74;95.57;0.29967907342613564
2021;5;17;11;12.2;368.1251048;417;62.1;4.62;95.57;0.29834510441671735
2021;5;17;12;10.6;555.5957644;89;71.6;4.92;95.62;0.29701403442667207
2021;5;17;13;12.1;0.0;321;74.5;7.0;95.65;0.2956858641407809
2021;5;17;14;13.1;312.3064761;338;65.8;6.26;95.63;0.29436059424233463
2021;5;17;15;12.0;252.8604922;213;67.0;5.4;95.68;0.29303822541313007
2021;5;17;16;11.5;119.2162381;188;73.0;6.1;95.74;0.2917187583334737
2021;5;17;17;10.8;206.9845237;114;71.4;5.08;95.74;0.2904021936821781
2021;5;17;18;9.9;173.7243392;34;81.0;6.1;95.79;0.2890885321365637
2021;5;17;19;9.1;0.0;0;88.2;6.74;95.86;0.2877777743724561
2021;5;17;20;8.2;0.0;0;88.3;5.86;95.94;0.2864699210641879
2021;5;17;21;8.2;0.0;0;92.1;6.62;96.02;0.28516497288459863
2021;5;17;22;8.1;0.0;0;94.1;6.92;96.01;0.28386293050502864
2021;5;17;23;8.1;0.0;0;90.5;6.2;96.0;0.282563794595327
2021;5;18;0;7.9;0.0;0;91.9;6.28;96.01;0.2812675658238497
2021;5;18;1;8.1;0.0;0;89.4;5.98;96.0;0.2799742448574518
2021;5;18;2;7.8;0.0;0;88.2;5.44;95.98;0.2786838323614953
2021;5;18;3;7.7;0.0;0;91.0;5.9;95.99;0.27739632899984823
2021;5;18;4;7.9;0.0;1;90.6;6.02;96.03;0.27611173543487766
2021;5;18;5;7.9;0.0;69;90.5;6.0;96.05;0.27483005232745317
2021;5;18;6;8.9;0.0;145;87.9;6.48;96.08;0.2735512803369522
2021;5;18;7;9.9;94.97645698;183;80.3;5.96;96.06;0.27227542012125117
2021;5;18;8;10.7;324.9070899;162;68.4;4.38;96.07;0.27100247233672814
2021;5;18;9;11.4;0.0;390;62.1;3.82;96.01;0.2697324376382646
2021;5;18;10;13.2;389.5861247;363;54.7;4.14;95.97;0.268465316679241
2021;5;18;11;13.1;374.1781146;256;54.0;3.9;95.9;0.26720111011154213
2021;5;18;12;13.9;122.211075;369;52.0;4.3;95.86;0.2659398185855517
2021;5;18;13;14.8;279.9863862;326;49.8;4.76;95.79;0.2646814427501516
2021;5;18;14;14.3;396.3038046;343;46.2;3.54;95.74;0.26342598325272526
2021;5;18;15;14.6;264.5889143;194;49.8;4.56;95.71;0.2621734407391587
2021;5;18;16;14.7;255.6708862;175;47.3;4.16;95.73;0.2609238158538325
2021;5;18;17;13.3;9.193387245;119;55.2;4.34;95.75;0.2596771092396306
2021;5;18;18;11.3;0.0;47;59.5;3.2;95.81;0.2584333215379342
2021;5;18;19;9.6;0.0;0;72.2;4.04;95.89;0.25719245338861807
2021;5;18;20;8.9;0.0;0;78.3;4.56;96.01;0.25595450543006315
2021;5;18;21;8.4;0.0;0;83.5;5.1;96.08;0.25471947829914043
2021;5;18;22;8.3;0.0;0;78.7;4.04;96.11;0.2534873726312252
2021;5;18;23;7.6;0.0;0;87.7;5.14;96.12;0.2522581890601838
2021;5;19;0;7.3;0.0;0;87.8;4.86;96.16;0.25103192821838416
2021;5;19;1;7.3;0.0;0;86.7;4.64;96.17;0.24980859073668782
2021;5;19;2;6.2;0.0;0;91.4;4.48;96.15;0.24858817724445093
2021;5;19;3;6.4;0.0;0;92.0;4.8;96.17;0.24737068836952858
2021;5;19;4;6.4;0.0;4;94.2;5.24;96.2;0.24615612473826953
2021;5;19;5;7.0;0.0;67;92.7;5.54;96.21;0.24494448697551796
2021;5;19;6;7.9;0.0;162;90.9;6.08;96.25;0.24373577570461435
2021;5;19;7;9.5;54.32771493;191;84.8;6.46;96.29;0.2425299915473902
2021;5;19;8;9.5;0.0;323;79.9;5.48;96.3;0.24132713512417592
2021;5;19;9;10.8;27.61852138;360;68.8;4.56;96.26;0.24012720705378854
2021;5;19;10;8.9;0.0;282;82.7;5.44;96.25;0.2389302079535467
2021;5;19;11;10.6;146.6774896;363;67.2;4.04;96.26;0.23773613843925556
2021;5;19;12;10.2;0.0;442;68.9;3.98;96.24;0.23654499912521754
2021;5;19;13;13.1;521.9079342;279;59.4;4.98;96.21;0.235356790624226
2021;5;19;14;10.3;0.0;363;70.4;4.38;96.26;0.23417151354756616
2021;5;19;15;10.3;0.0;231;72.7;4.84;96.25;0.23298916850501605
2021;5;19;16;7.8;0.0;191;87.9;5.38;96.32;0.23180975610484555
2021;5;19;17;7.9;0.0;83;86.1;5.12;96.34;0.23063327695381286
2021;5;19;18;8.1;329.040164;21;89.2;5.94;96.37;0.22945973165716982
2021;5;19;19;7.9;0.0;0;91.5;6.2;96.38;0.22828912081865926
2021;5;19;20;7.7;0.0;0;88.7;5.44;96.44;0.22712144504051235
2021;5;19;21;7.3;0.0;0;94.2;6.14;96.5;0.2259567049234521
2021;5;19;22;7.0;0.0;0;90.8;5.16;96.52;0.22479490106669342
2021;5;19;23;6.0;0.0;0;90.9;4.18;96.54;0.22363603406793242
2021;5;20;0;6.8;0.0;0;88.4;4.48;96.54;0.22248010452336242
2021;5;20;1;6.7;0.0;0;92.2;5.14;96.56;0.2213271130276624
2021;5;20;2;6.6;0.0;0;92.0;5.0;96.56;0.22017706017400052
2021;5;20;3;6.7;0.0;0;88.6;4.42;96.57;0.2190299465540333
2021;5;20;4;6.4;0.0;4;92.6;4.92;96.58;0.21788577275790377
2021;5;20;5;6.8;0.0;79;89.2;4.64;96.61;0.2167445393742442
2021;5;20;6;8.6;269.9809717;125;82.6;5.12;96.66;0.2156062469901734
2021;5;20;7;8.4;0.0;219;82.3;4.86;96.68;0.21447089619129578
2021;5;20;8;10.1;265.5336145;119;75.3;5.16;96.69;0.21333848756170415
2021;5;20;9;12.0;780.7486745;182;63.3;4.66;96.65;0.2122090216839787
2021;5;20;10;12.8;291.0242921;428;54.0;3.6;96.62;0.21108249913918264
2021;5;20;11;13.1;584.5050126;447;60.8;5.26;96.59;0.20995892050686749
2021;5;20;12;14.5;510.6433807;368;55.4;5.58;96.51;0.2088382863650704
2021;5;20;13;14.6;645.3804424;404;43.6;3.32;96.43;0.20772059729031067
2021;5;20;14;15.7;592.0769164;359;45.8;4.86;96.39;0.206605853857595
2021;5;20;15;15.4;536.615124;288;41.6;3.72;96.33;0.20549405664041487
2021;5;20;16;15.3;526.7661418;151;50.9;5.48;96.29;0.20438520621074474
2021;5;20;17;15.5;473.6941262;127;43.1;4.12;96.25;0.20327930313904385
2021;5;20;18;14.6;433.3798508;49;42.0;3.0;96.21;0.20217634799425444
2021;5;20;19;12.3;0.0;0;59.4;4.18;96.19;0.20107634134380348
2021;5;20;20;11.1;0.0;0;72.9;5.68;96.18;0.19997928375360186
2021;5;20;21;10.3;0.0;0;79.6;6.22;96.18;0.19888517578803722
2021;5;20;22;9.9;0.0;0;71.3;4.16;96.13;0.1977940180099882
2021;5;20;23;9.6;0.0;0;73.0;4.2;96.11;0.1967058109808093
2021;5;21;0;9.1;0.0;0;77.8;4.66;96.03;0.19562055526034072
2021;5;21;1;8.2;0.0;0;83.4;4.88;95.97;0.19453825140690295
2021;5;21;2;9.6;0.0;0;69.4;3.48;95.93;0.1934588999772977
2021;5;21;3;10.0;0.0;0;69.9;3.98;95.88;0.19238250152680791
2021;5;21;4;10.8;0.0;2;70.4;4.88;95.83;0.19130905660919684
2021;5;21;5;10.8;0.0;64;70.2;4.84;95.75;0.19023856577670895
2021;5;21;6;12.0;0.0;165;66.0;5.2;95.77;0.18917102958006993
2021;5;21;7;11.7;0.0;242;75.9;6.88;95.74;0.18810644856848313
2021;5;21;8;11.9;0.0;306;75.3;6.96;95.79;0.18704482328963312
2021;5;21;9;11.4;0.0;387;82.0;7.8;95.85;0.18598615428968301
2021;5;21;10;11.0;0.0;348;84.2;7.84;95.92;0.18493044211327803
2021;5;21;11;11.6;0.0;384;77.4;7.08;95.83;0.1838776873035357
2021;5;21;12;12.5;43.8825886;300;68.8;6.26;95.75;0.18282789040205838
2021;5;21;13;13.1;176.4077472;243;75.8;8.26;95.66;0.18178105194892513
2021;5;21;14;12.2;0.0;161;82.4;8.68;95.62;0.18073717248269094
2021;5;21;15;11.0;0.0;129;85.3;8.06;95.56;0.17969625254039023
2021;5;21;16;10.3;0.0;114;90.8;8.46;95.51;0.17865829265753508
2021;5;21;17;9.9;0.0;96;92.6;8.42;95.45;0.17762329336811522
2021;5;21;18;9.5;0.0;45;93.5;8.2;95.42;0.17659125520459273
2021;5;21;19;9.5;0.0;0;96.3;8.76;95.45;0.17556217869791269
2021;5;21;20;8.1;0.0;0;96.1;7.32;95.55;0.17453606437749336
2021;5;21;21;7.7;0.0;0;90.1;5.72;95.65;0.17351291277122805
2021;5;21;22;7.6;0.0;0;88.5;5.3;95.61;0.17249272440548857
2021;5;21;23;7.4;0.0;0;92.9;5.98;95.65;0.17147549980512
2021;5;22;0;7.3;0.0;0;90.1;5.32;95.66;0.17046123949344594
2021;5;22;1;7.5;0.0;0;91.7;5.84;95.62;0.16944994399225966
2021;5;22;2;7.4;0.0;0;91.7;5.74;95.62;0.16844161382183298
2021;5;22;3;7.0;0.0;0;90.6;5.12;95.59;0.16743624950091096
2021;5;22;4;7.1;0.0;4;92.2;5.54;95.57;0.16643385154671453
2021;5;22;5;7.5;0.0;80;93.5;6.2;95.57;0.16543442047493606
2021;5;22;6;9.2;134.7905959;167;84.3;6.06;95.59;0.16443795679974293
2021;5;22;7;10.3;228.7057453;248;77.0;5.7;95.59;0.16344446103377752
2021;5;22;8;11.6;327.4312869;265;66.3;4.86;95.61;0.1624539336881501
2021;5;22;9;11.9;210.367758;276;63.5;4.6;95.59;0.16146637527244945
2021;5;22;10;12.9;539.8433971;173;58.3;4.56;95.59;0.16048178629473409
2021;5;22;11;14.0;515.1417264;154;56.0;5.2;95.58;0.1595001672615357
2021;5;22;12;15.9;655.9580237;154;49.6;5.82;95.53;0.15852151867785835
2021;5;22;13;15.4;534.0857929;155;50.1;5.42;95.52;0.1575458410471775
2021;5;22;14;16.6;766.3624078;139;47.6;6.12;95.48;0.1565731348714401
2021;5;22;15;16.9;904.7653003;125;38.1;4.52;95.46;0.1556034006510627
2021;5;22;16;16.6;752.9091851;114;44.1;5.42;95.45;0.15463663888493695
2021;5;22;17;16.6;564.8599614;87;43.4;5.28;95.46;0.15367285007042142
2021;5;22;18;15.2;1000.0;44;41.1;3.42;95.48;0.15271203470334793
2021;5;22;19;13.7;0.0;0;49.1;3.52;95.52;0.1517541932780162
2021;5;22;20;12.3;0.0;0;61.0;4.5;95.62;0.15079932628719828
2021;5;22;21;10.6;0.0;0;75.3;5.66;95.73;0.14984743422213587
2021;5;22;22;8.4;0.0;0;85.5;5.5;95.79;0.1488985175725368
2021;5;22;23;8.3;0.0;0;89.2;6.14;95.92;0.14795257682658214
2021;5;23;0;8.4;0.0;0;91.4;6.68;95.91;0.14700961247091904
2021;5;23;1;8.3;0.0;0;94.7;7.24;95.97;0.146069624990667
2021;5;23;2;8.0;0.0;0;92.0;6.4;95.99;0.14513261486940987
2021;5;23;3;7.5;0.0;0;92.8;6.06;96.02;0.14419858258920204
2021;5;23;4;7.6;0.0;8;92.4;6.08;96.08;0.14326752863056846
2021;5;23;5;7.8;0.0;64;92.7;6.34;96.12;0.14233945347249488
2021;5;23;6;8.7;209.7689971;96;87.9;6.28;96.17;0.14141435759244114
2021;5;23;7;9.6;315.0993466;124;73.2;4.24;96.21;0.14049224146633144
2021;5;23;8;10.9;640.9053263;127;63.0;3.5;96.22;0.13957310556855695
2021;5;23;9;10.8;367.7453637;152;67.0;4.2;96.23;0.13865695037197678
2021;5;23;10;12.7;591.8711555;158;51.1;2.92;96.24;0.13774377634791612
2021;5;23;11;14.3;622.9891577;155;50.2;4.34;96.24;0.13683358396616718
2021;5;23;12;14.5;722.1239844;160;44.3;3.36;96.18;0.1359263736949865
2021;5;23;13;16.3;876.2521105;156;46.1;5.52;96.1;0.13502214600109586
2021;5;23;14;17.0;958.3404523;144;37.0;4.4;96.02;0.13412090134968668
2021;5;23;15;16.0;946.9512046;129;42.8;4.56;95.99;0.13322264020441033
2021;5;23;16;16.4;875.570478;114;35.9;3.58;95.95;0.13232736302739045
2021;5;23;17;16.0;711.4203436;89;43.3;4.66;95.91;0.1314350702792071
2021;5;23;18;15.1;750.9555253;45;44.7;4.04;95.96;0.13054576241890992
2021;5;23;19;12.5;0.0;0;69.0;6.3;95.95;0.12965943990401474
2021;5;23;20;10.4;0.0;0;83.5;7.1;95.96;0.12877610319049637
2021;5;23;21;10.5;0.0;0;72.6;5.02;95.96;0.12789575273279663
2021;5;23;22;8.9;0.0;0;78.4;4.58;95.96;0.1270183889838199
2021;5;23;23;8.7;0.0;0;78.0;4.3;95.94;0.12614401239493578
2021;5;24;0;7.2;0.0;0;88.7;4.94;95.88;0.12527262341597556
2021;5;24;1;7.2;0.0;0;85.1;4.22;95.85;0.12440422249523486
2021;5;24;2;6.8;0.0;0;88.3;4.46;95.8;0.12353881007946921
2021;5;24;3;6.9;0.0;0;88.4;4.58;95.77;0.12267638661389935
2021;5;24;4;7.5;0.0;9;81.5;3.8;95.8;0.1218169525422077
2021;5;24;5;7.5;0.0;63;87.2;4.94;95.76;0.12096050830653837
2021;5;24;6;8.3;0.0;96;85.7;5.44;95.77;0.12010705434749802
2021;5;24;7;9.2;0.0;128;81.7;5.54;95.79;0.1192565911041541
2021;5;24;8;10.4;106.0528082;126;74.4;5.28;95.75;0.11840911901403572
2021;5;24;9;11.5;114.54296;147;67.3;4.96;95.71;0.11756463851313459
2021;5;24;10;13.4;449.9346608;152;71.2;7.64;95.63;0.11672315003589961
2021;5;24;11;15.5;501.1929072;155;59.6;7.42;95.58;0.11588465401524495
2021;5;24;12;16.6;296.6615689;154;48.7;6.34;95.58;0.11504915088254197
2021;5;24;13;17.5;569.7436592;150;39.7;5.44;95.52;0.11421664106762286
2021;5;24;14;17.4;591.7284791;144;40.3;5.46;95.51;0.11338712499878323
2021;5;24;15;17.1;224.0587239;132;44.4;5.98;95.56;0.11256060310277416
2021;5;24;16;13.0;31.84861612;116;67.7;6.54;95.65;0.11173707580480574
2021;5;24;17;14.1;340.0739491;91;64.5;7.0;95.61;0.11091654352855418
2021;5;24;18;14.1;642.4761568;48;59.8;6.06;95.64;0.11009900669614758
2021;5;24;19;12.9;0.0;0;63.8;5.66;95.68;0.10928446572817485
2021;5;24;20;9.9;0.0;0;72.9;4.48;95.88;0.10847292104368833
2021;5;24;21;8.3;0.0;0;87.9;5.88;96.01;0.10766437306019228
2021;5;24;22;8.8;0.0;0;88.4;6.48;96.11;0.10685882219365173
2021;5;24;23;7.7;0.0;0;80.9;3.88;96.17;0.10605626885849428
2021;5;25;0;7.9;0.0;0;72.5;2.4;96.16;0.1052567134675968
2021;5;25;1;8.1;0.0;0;68.0;1.7;96.18;0.10446015643230044
2021;5;25;2;8.0;0.0;0;67.0;1.4;96.21;0.10366659816240187
2021;5;25;3;7.9;0.0;0;72.3;2.36;96.25;0.10287603906615495
2021;5;25;4;7.2;0.0;10;77.1;2.62;96.3;0.1020884795502699
2021;5;25;5;7.4;0.0;69;80.1;3.42;96.39;0.10130392001991506
2021;5;25;6;6.2;0.0;100;85.0;3.2;96.49;0.10052236087871602
2021;5;25;7;8.1;139.7947269;126;72.2;2.54;96.52;0.09974380252875115
2021;5;25;8;7.9;0.0;262;74.4;2.78;96.56;0.0989682453705596
2021;5;25;9;10.1;220.8841797;159;59.9;2.08;96.57;0.09819568980313242
2021;5;25;10;11.7;638.0801653;158;53.6;2.42;96.58;0.0974261362239206
2021;5;25;11;11.8;466.9319274;161;54.2;2.64;96.56;0.09665958502882699
2021;5;25;12;13.7;755.5759341;176;54.3;4.56;96.54;0.09589603661221258
2021;5;25;13;13.9;781.4039375;163;46.3;3.16;96.51;0.09513549136689203
2021;5;25;14;13.4;733.797311;175;45.5;2.5;96.49;0.0943779496841346
2021;5;25;15;13.8;642.4971774;151;44.6;2.72;96.44;0.09362341195366497
2021;5;25;16;14.5;600.640323;127;38.3;2.16;96.42;0.0928718785636633
2021;5;25;17;14.3;873.6270914;120;42.8;2.86;96.41;0.09212334990076343
2021;5;25;18;13.4;401.5491813;54;47.3;2.86;96.42;0.09137782635005376
2021;5;25;19;12.2;0.0;0;53.4;2.88;96.44;0.0906353082950746
2021;5;25;20;9.5;0.0;0;72.4;3.98;96.47;0.0898957961178235
2021;5;25;21;8.2;0.0;0;76.1;3.42;96.48;0.08915929019874902
2021;5;25;22;8.5;0.0;0;71.0;2.7;96.44;0.08842579091675251
2021;5;25;23;8.7;0.0;0;70.8;2.86;96.38;0.08769529864919257
2021;5;26;0;9.8;0.0;0;66.2;3.04;96.33;0.08696781377187612
2021;5;26;1;9.9;0.0;0;65.3;2.96;96.28;0.08624333665906558
2021;5;26;2;9.4;0.0;0;67.2;2.84;96.22;0.08552186768347614
2021;5;26;3;9.6;0.0;0;66.2;2.84;96.18;0.084803407216274
2021;5;26;4;9.6;0.0;9;66.4;2.88;96.17;0.08408795562707816
2021;5;26;5;9.9;0.0;63;63.7;2.64;96.14;0.08337551328395953
2021;5;26;6;10.3;0.0;119;64.9;3.28;96.16;0.08266608055344093
2021;5;26;7;12.1;84.41310492;222;62.2;4.54;96.12;0.08195965780049708
2021;5;26;8;13.2;56.62212583;317;58.1;4.82;96.1;0.08125624538855547
2021;5;26;9;15.1;491.6167703;376;52.0;5.5;96.08;0.08055584367949287
2021;5;26;10;15.7;385.3289797;309;39.8;3.66;96.07;0.07985845303363703
2021;5;26;11;15.2;182.9364892;196;47.6;4.72;96.08;0.07916407380976853
2021;5;26;12;17.1;261.1496591;368;45.4;6.18;96.01;0.07847270636511627
2021;5;26;13;17.4;662.7471712;330;45.1;6.42;95.97;0.07778435105536197
2021;5;26;14;17.6;197.6889847;365;46.8;6.96;95.95;0.07709900823463656
2021;5;26;15;18.7;184.3704873;295;45.5;7.8;95.91;0.07641667825552201
2021;5;26;16;18.5;914.1165915;181;46.7;7.84;95.89;0.07573736146904952
2021;5;26;17;18.5;520.7741237;54;45.3;7.56;95.89;0.07506105822469955
2021;5;26;18;16.5;1000.0;9;51.4;6.78;95.92;0.07438776887040444
2021;5;26;19;15.9;0.0;0;54.2;6.74;95.95;0.07371749375254222
2021;5;26;20;14.4;0.0;0;63.1;7.02;96.01;0.07305023321594462
2021;5;26;21;14.3;0.0;0;63.0;6.9;96.06;0.07238598760388992
2021;5;26;22;13.6;0.0;0;66.9;6.98;96.07;0.07172475725810479
2021;5;26;23;13.7;0.0;0;66.1;6.92;96.05;0.07106654251876776
2021;5;27;0;12.5;0.0;0;74.4;7.38;96.07;0.0704113437245022
2021;5;27;1;12.7;0.0;0;70.7;6.84;96.08;0.06975916121238246
2021;5;27;2;12.2;0.0;0;71.9;6.58;96.09;0.0691099953179295
2021;5;27;3;12.1;0.0;0;74.0;6.9;96.06;0.06846384637511349
2021;5;27;4;11.7;0.0;5;76.5;7.0;96.06;0.06782071471635209
2021;5;27;5;11.1;54.43664039;14;83.6;7.82;96.07;0.06718060067251219
2021;5;27;6;11.9;97.09844706;29;81.3;8.16;96.12;0.0665435045729037
2021;5;27;7;13.9;205.5498131;100;69.7;7.84;96.11;0.06590942674529021
2021;5;27;8;14.8;166.4748078;164;59.5;6.7;96.18;0.06527836751587657
2021;5;27;9;12.5;259.0183938;120;64.1;5.32;96.25;0.06465032720931863
2021;5;27;10;12.8;128.6533916;229;68.6;6.52;96.3;0.06402530614871882
2021;5;27;11;15.6;497.9338866;265;63.1;8.22;96.28;0.0634033046556235
2021;5;27;12;15.5;617.3784076;447;59.4;7.38;96.27;0.06278432305002912
2021;5;27;13;15.4;601.912646;380;58.0;7.0;96.27;0.06216836165037609
2021;5;27;14;16.2;870.8835474;181;56.0;7.4;96.27;0.06155542077355314
2021;5;27;15;16.4;864.1672004;167;55.3;7.46;96.26;0.060945500734891134
2021;5;27;16;17.2;816.1401352;206;55.0;8.2;96.26;0.06033860184817197
2021;5;27;17;16.8;894.1106456;84;51.8;7.16;96.24;0.05973472442561878
2021;5;27;18;16.0;963.5133599;48;52.7;6.54;96.26;0.05913386877790394
2021;5;27;19;14.3;0.0;0;60.1;6.32;96.3;0.058536035214142856
2021;5;27;20;12.6;0.0;0;70.1;6.62;96.34;0.0579412240418975
2021;5;27;21;11.3;0.0;0;72.9;5.88;96.36;0.05734943556717287
2021;5;27;22;10.2;0.0;0;77.7;5.74;96.36;0.056760670094422316
2021;5;27;23;7.8;0.0;0;93.5;6.5;96.37;0.05617492792654044
2021;5;28;0;7.6;0.0;0;91.2;5.84;96.36;0.05559220936486753
2021;5;28;1;6.9;0.0;0;94.3;5.76;96.37;0.05501251470919133
2021;5;28;2;5.8;0.0;0;97.3;5.26;96.37;0.05443584425773995
2021;5;28;3;5.1;0.0;0;97.5;4.6;96.32;0.05386219830718719
2021;5;28;4;4.8;0.0;2;97.2;4.24;96.32;0.053291577152652536
2021;5;28;5;6.2;145.6412467;43;95.3;5.26;96.36;0.05272398108769494
2021;5;28;6;8.6;233.1807151;150;89.0;6.4;96.41;0.052159410404321704
2021;5;28;7;10.4;312.3997229;249;78.5;6.1;96.42;0.0515978653929805
2021;5;28;8;12.4;420.7484014;310;68.7;6.14;96.41;0.051039346342564684
2021;5;28;9;15.3;532.7848008;332;61.0;7.5;96.35;0.05048385354040974
2021;5;28;10;16.5;502.2532388;432;60.0;8.5;96.32;0.04993138727229418
2021;5;28;11;18.0;588.5124154;406;51.3;8.26;96.28;0.04938194782243954
2021;5;28;12;18.9;733.3659709;302;45.5;8.0;96.22;0.04883553547351216
2021;5;28;13;19.6;661.7331681;383;41.1;7.82;96.16;0.04829215050661695
2021;5;28;14;20.8;705.9275206;325;39.6;8.72;96.12;0.047751793201304515
2021;5;28;15;21.2;736.5591906;267;37.3;8.66;96.09;0.04721446383556671
2021;5;28;16;21.1;722.9133024;219;31.9;7.48;96.05;0.04668016268583841
2021;5;28;17;20.9;822.9221084;121;28.5;6.6;96.03;0.046148890026996625
2021;5;28;18;19.7;1000.0;18;31.5;6.0;96.06;0.04562064613235872
2021;5;28;19;17.5;0.0;0;45.8;6.66;96.09;0.045095431273685094
2021;5;28;20;13.6;0.0;0;62.4;6.08;96.15;0.04457324572117827
2021;5;28;21;12.1;0.0;0;72.6;6.62;96.2;0.04405408974348113
2021;5;28;22;11.0;0.0;0;82.6;7.52;96.2;0.043537963607679586
2021;5;28;23;9.9;0.0;0;81.7;6.24;96.23;0.04302486757929813
2021;5;29;0;9.5;0.0;0;87.1;6.92;96.24;0.042514801922306056
2021;5;29;1;9.2;0.0;0;88.4;6.88;96.23;0.04200776689911123
2021;5;29;2;9.4;0.0;0;89.6;7.32;96.23;0.04150376277056189
2021;5;29;3;9.4;0.0;0;89.5;7.3;96.24;0.0410027897959484
2021;5;29;4;9.5;0.0;11;91.2;7.74;96.26;0.0405048482330006
2021;5;29;5;10.5;0.0;87;88.8;8.26;96.27;0.04000993833789046
2021;5;29;6;11.9;133.1202635;128;79.1;7.72;96.29;0.039518060365229424
2021;5;29;7;12.6;27.26824643;209;76.8;7.96;96.33;0.039029214568068404
2021;5;29;8;13.8;280.0114511;171;72.5;8.3;96.33;0.038543401197898675
2021;5;29;9;16.3;486.8446189;346;64.2;9.14;96.32;0.038060620504652753
2021;5;29;10;17.6;428.1329634;410;62.3;10.06;96.31;0.037580872736700854
2021;5;29;11;18.7;752.2327494;279;57.5;10.2;96.3;0.03710415814085444
2021;5;29;12;20.3;679.0403246;343;52.2;10.74;96.28;0.036630476962363545
2021;5;29;13;20.4;623.3455612;329;47.9;9.98;96.27;0.03615982944491858
2021;5;29;14;19.9;638.6219557;339;52.6;10.42;96.28;0.03569221583064852
2021;5;29;15;20.6;624.9133126;299;45.0;9.6;96.29;0.035227636360122716
2021;5;29;16;20.2;782.698595;173;43.6;8.92;96.28;0.0347660912723482
2021;5;29;17;19.3;798.1580132;123;41.9;7.68;96.3;0.03430758080477059
2021;5;29;18;18.4;918.3218823;30;41.6;6.72;96.31;0.03385210519327497
2021;5;29;19;16.6;0.0;0;47.1;6.02;96.35;0.0333996646721868
2021;5;29;20;15.0;0.0;0;50.8;5.16;96.41;0.03295025947426833
2021;5;29;21;13.0;0.0;0;61.3;5.26;96.44;0.03250388983071861
2021;5;29;22;10.9;0.0;0;77.6;6.42;96.44;0.03206055597117974
2021;5;29;23;12.0;0.0;0;62.5;4.5;96.44;0.03162025812372704
2021;5;30;0;9.2;0.0;0;79.6;5.12;96.44;0.031182996514877104
2021;5;30;1;9.4;0.0;0;74.3;4.26;96.42;0.03074877136958243
2021;5;30;2;9.0;0.0;0;74.5;3.9;96.4;0.030317582911235874
2021;5;30;3;8.5;0.0;0;75.3;3.56;96.39;0.029889431361664442
2021;5;30;4;7.7;0.0;2;80.4;3.78;96.39;0.029464316941138158
2021;5;30;5;9.6;291.8304244;19;73.1;4.22;96.39;0.02904223986835852
2021;5;30;6;11.2;445.8527087;80;69.3;5.06;96.38;0.02862320036046828
2021;5;30;7;13.3;641.2929195;89;61.0;5.5;96.39;0.028207198633046993
2021;5;30;8;15.6;584.9461834;210;52.5;6.1;96.37;0.027794234900109238
2021;5;30;9;17.0;504.2665479;360;48.4;6.68;96.34;0.02738430937410996
2021;5;30;10;17.9;526.6736116;421;46.1;7.12;96.33;0.026977422265939133
2021;5;30;11;19.0;689.2016266;328;44.7;7.94;96.29;0.026573573784922644
2021;5;30;12;19.7;874.63067;184;41.2;7.94;96.26;0.026172764138825855
2021;5;30;13;20.6;983.730325;103;37.8;8.16;96.24;0.025774993533848267
2021;5;30;14;20.5;861.9335794;202;34.6;7.42;96.21;0.025380262174627966
2021;5;30;15;20.7;956.302358;121;32.7;7.24;96.19;0.024988570264236287
2021;5;30;16;20.1;1000.0;56;35.7;7.24;96.15;0.02459991800418493
2021;5;30;17;19.5;1000.0;45;36.4;6.78;96.13;0.02421430559441884
2021;5;30;18;18.1;1000.0;16;36.7;5.44;96.16;0.023831733233320662
2021;5;30;19;16.5;0.0;0;40.1;4.52;96.18;0.02345220111770896
2021;5;30;20;14.6;0.0;0;47.0;4.0;96.2;0.023075709442837322
2021;5;30;21;13.5;0.0;0;51.0;3.7;96.22;0.02270225840239526
2021;5;30;22;12.4;0.0;0;56.2;3.64;96.22;0.022331848188508197
2021;5;30;23;11.1;0.0;0;61.9;3.48;96.22;0.02196447899173748
2021;5;31;0;9.9;0.0;0;67.7;3.44;96.21;0.021600151001081258
2021;5;31;1;7.6;0.0;0;81.8;3.96;96.18;0.021238864403970048
2021;5;31;2;7.4;0.0;0;83.0;4.0;96.19;0.02088061938627117
2021;5;31;3;6.1;0.0;0;90.5;4.2;96.2;0.020525416132288754
2021;5;31;4;5.5;0.0;2;89.2;3.34;96.21;0.02017325482475929
2021;5;31;5;7.5;0.0;82;84.6;4.42;96.24;0.019824135644856078
2021;5;31;6;10.1;230.5977531;148;71.1;4.32;96.25;0.019478058772186557
2021;5;31;7;12.0;502.261148;168;58.7;3.74;96.24;0.019135024384794086
2021;5;31;8;13.8;509.7341574;280;52.5;4.3;96.22;0.018795032659156163
2021;5;31;9;15.5;435.3855368;391;51.3;5.76;96.2;0.01845808377018443
2021;5;31;10;16.8;527.2586299;411;48.8;6.56;96.18;0.018124177891225557
2021;5;31;11;18.9;531.017164;459;48.2;8.54;96.14;0.017793315194060355
2021;5;31;12;19.5;574.2450679;449;44.4;8.38;96.1;0.017465495848905555
2021;5;31;13;20.3;642.4560297;392;41.7;8.64;96.05;0.01714072002441025
2021;5;31;14;21.9;654.2874609;356;38.8;9.66;96.0;0.016818987887658565
2021;5;31;15;22.8;652.1614018;307;42.3;11.26;95.97;0.016500299604168767
2021;5;31;16;22.3;846.9421962;144;38.4;9.98;95.95;0.01618465533789326
2021;5;31;17;21.4;730.1805479;142;38.6;9.12;95.92;0.015872055251219486
2021;5;31;18;20.6;913.127465;49;39.5;8.5;95.91;0.015562499504965466
2021;5;31;19;18.9;0.0;0;51.3;9.16;95.9;0.015255988258386033
2021;5;31;20;17.9;0.0;0;50.9;8.08;95.94;0.014952521669169272
2021;5;31;21;14.2;0.0;0;71.3;8.46;95.97;0.01465209989343741
2021;5;31;22;15.1;0.0;0;57.0;6.5;95.97;0.014354723085744148
2021;5;31;23;11.2;0.0;0;80.1;7.22;95.98;0.01406039139907822
2021;6;1;0;10.6;0.0;0;80.2;6.64;95.98;0.013769104984860725
2021;6;1;1;9.5;0.0;0;84.7;6.44;95.99;0.013480863992948677
2021;6;1;2;8.0;0.0;0;89.5;5.9;96.01;0.013195668571628794
2021;6;1;3;8.5;0.0;0;88.9;6.28;96.02;0.012913518867623708
2021;6;1;4;7.8;0.0;18;90.5;5.9;96.02;0.012634415026087531
2021;6;1;5;9.4;10.46299975;68;86.5;6.7;96.02;0.012358357190608515
2021;6;1;6;11.5;347.6058802;105;76.7;6.84;96.01;0.01208534550320639
2021;6;1;7;13.3;526.4524964;134;56.7;4.64;95.98;0.011815380104335915
2021;6;1;8;14.8;668.1035937;138;57.9;6.38;95.94;0.011548461132882437
2021;6;1;9;17.0;742.4138663;158;54.5;7.9;95.91;0.011284588726166334
2021;6;1;10;19.5;794.1454623;165;52.2;9.94;95.85;0.011023763019936794
2021;6;1;11;20.5;839.4359238;178;47.8;10.06;95.8;0.010765984148381591
2021;6;1;12;22.5;884.7244374;168;45.7;11.64;95.74;0.010511252244115532
2021;6;1;13;23.4;871.6877078;189;44.9;12.38;95.69;0.010259567438187567
2021;6;1;14;24.4;908.9896408;155;33.0;11.0;95.63;0.010010929860081674
2021;6;1;15;25.0;809.4983108;204;32.3;11.46;95.58;0.00976533963770887
2021;6;1;16;24.6;554.3528367;152;28.4;10.28;95.54;0.00952279689741875
2021;6;1;17;23.7;307.2609301;107;39.8;11.66;95.51;0.009283301763987062
2021;6;1;18;22.7;664.4712452;61;41.9;11.08;95.5;0.009046854360625467
2021;6;1;19;18.8;0.0;0;61.5;11.1;95.54;0.008813454808977106
2021;6;1;20;17.0;0.0;0;71.4;11.28;95.6;0.008583103229115707
2021;6;1;21;16.0;0.0;0;68.4;9.68;95.66;0.008355799739549141
2021;6;1;22;16.6;0.0;0;64.0;9.4;95.74;0.008131544457214979
2021;6;1;23;17.8;0.0;0;62.3;10.26;95.8;0.007910337497484043
2021;6;2;0;17.2;0.0;0;66.0;10.4;95.81;0.007692178974157748
2021;6;2;1;16.0;0.0;0;75.1;11.02;95.82;0.0074770689994707595
2021;6;2;2;14.6;0.0;0;90.3;12.66;95.84;0.0072650076840883315
2021;6;2;3;14.8;0.0;0;86.3;12.06;95.83;0.007055995137107196
2021;6;2;4;13.0;0.0;18;93.3;11.66;95.85;0.00685003146605645
2021;6;2;5;13.4;0.0;70;91.8;11.76;95.86;0.006647116776895778
2021;6;2;6;15.6;343.8036651;110;80.8;11.76;95.86;0.006447251174016344
2021;6;2;7;16.8;442.4442201;139;72.0;11.2;95.9;0.006250434760240786
2021;6;2;8;18.8;426.6836184;147;64.8;11.76;95.94;0.006056667636824997
2021;6;2;9;18.4;309.7696575;166;68.0;12.0;95.98;0.005865949903451906
2021;6;2;10;20.0;340.3548667;183;61.1;12.22;95.98;0.00567828165823947
2021;6;2;11;19.7;200.2483264;196;60.6;11.82;96.02;0.005493662997736237
2021;6;2;12;19.3;212.3639126;177;65.2;12.34;96.04;0.005312094016919566
2021;6;2;13;19.3;275.0855941;180;67.7;12.84;96.05;0.00513357480920007
2021;6;2;14;19.5;247.7185701;170;63.7;12.24;96.07;0.0049581054664189494
2021;6;2;15;19.3;243.0508619;174;62.1;11.72;96.1;0.004785686078847107
2021;6;2;16;19.3;231.0283228;149;60.0;11.3;96.1;0.004616316735189585
2021;6;2;17;18.8;19.45139665;105;60.1;10.82;96.14;0.004449997522577576
2021;6;2;18;18.2;0.0;56;68.9;11.98;96.21;0.004286728526577299
2021;6;2;19;16.8;199.8863469;0;81.2;13.04;96.25;0.004126509831183789
2021;6;2;20;15.9;0.0;0;92.9;14.48;96.33;0.003969341518822667
2021;6;2;21;15.8;0.0;0;93.9;14.58;96.38;0.003815223670351031
2021;6;2;22;15.6;0.0;0;94.7;14.54;96.4;0.00366415636505657
2021;6;2;23;15.5;0.0;0;94.3;14.36;96.42;0.0035161396806566714
2021;6;3;0;15.2;0.0;0;95.4;14.28;96.41;0.0033711736933002
2021;6;3;1;15.1;0.0;0;95.3;14.16;96.42;0.00322925847756661
2021;6;3;2;14.8;0.0;0;96.4;14.08;96.42;0.0030903941064659435
2021;6;3;3;14.9;0.0;0;95.5;14.0;96.43;0.0029545806514379436
2021;6;3;4;14.5;0.0;20;97.7;14.04;96.45;0.002821818182352942
2021;6;3;5;15.0;0.0;75;94.2;13.84;96.49;0.0026921067675118593
2021;6;3;6;15.5;0.0;117;92.6;14.02;96.55;0.0025654464736462046
2021;6;3;7;16.2;0.0;144;90.2;14.24;96.59;0.0024418373659171877
2021;6;3;8;17.3;117.8835959;143;86.5;14.6;96.58;0.0023212795079183834
2021;6;3;9;18.2;287.6468089;167;76.4;13.48;96.59;0.0022037729616704027
2021;6;3;10;20.6;543.1577165;243;69.5;14.5;96.56;0.0020893177876253333
2021;6;3;11;21.9;715.1431506;207;67.0;15.3;96.51;0.001977914044667628
2021;6;3;12;22.1;506.043157;443;60.4;14.18;96.47;0.0018695617901078876
2021;6;3;13;23.2;491.5069318;265;54.9;14.18;96.41;0.0017642610796908542
2021;6;3;14;24.0;483.0938207;354;54.0;14.8;96.37;0.001662011967588306
2021;6;3;15;24.5;929.3928641;55;57.0;15.9;96.34;0.0015628145064034982
2021;6;3;16;24.9;988.367873;93;51.1;15.12;96.3;0.0014666687471702744
2021;6;3;17;23.2;655.2690152;34;55.2;14.24;96.28;0.0013735747393504028
2021;6;3;18;22.5;640.8769942;16;64.0;15.3;96.32;0.0012835325308389045
2021;6;3;19;21.1;916.9771952;0;68.0;14.7;96.36;0.0011965421679560606
2021;6;3;20;18.7;0.0;0;79.6;14.62;96.38;0.0011126036954580698
2021;6;3;21;18.9;0.0;0;74.2;13.74;96.47;0.0010317171565255023
2021;6;3;22;17.5;0.0;0;78.4;13.18;96.51;0.0009538825927730699
2021;6;3;23;16.7;0.0;0;84.4;13.58;96.54;0.0008791000442425201
2021;6;4;0;16.8;0.0;0;85.8;13.96;96.52;0.0008073695494070776
2021;6;4;1;16.6;0.0;0;81.8;12.96;96.49;0.0007386911451687794
2021;6;4;2;15.9;0.0;0;88.2;13.54;96.52;0.0006730648668584749
2021;6;4;3;15.3;0.0;0;93.4;13.98;96.51;0.0006104907482411548
2021;6;4;4;15.6;0.0;3;91.6;13.92;96.56;0.0005509688215070696
2021;6;4;5;15.3;0.0;66;93.6;14.02;96.6;0.0004944991172779467
2021;6;4;6;16.1;0.0;57;89.3;13.96;96.63;0.00044108166460521403
2021;6;4;7;16.0;0.0;99;92.9;14.58;96.68;0.0003907164909691119
2021;6;4;8;17.4;40.76374608;162;84.1;14.22;96.7;0.00034340362228224564
2021;6;4;9;19.2;111.6241499;326;82.5;15.7;96.67;0.00029914308288425673
2021;6;4;10;20.6;612.2942529;201;72.9;15.18;96.66;0.0002579348955453753
2021;6;4;11;22.3;679.1854101;300;68.7;16.04;96.6;0.00021977908146642022
2021;6;4;12;23.0;740.6471769;238;66.4;16.28;96.53;0.00018467566027613458
2021;6;4;13;23.3;861.401076;172;62.8;15.86;96.46;0.000152624650032962
2021;6;4;14;24.6;826.4921557;196;59.3;16.46;96.39;0.0001236260672277112
2021;6;4;15;24.7;910.8851556;114;53.4;15.38;96.31;9.76799267782269e-05
2021;6;4;16;24.4;887.7790533;90;54.9;15.38;96.27;7.47862420329426e-05
2021;6;4;17;21.9;99.05421004;42;62.3;14.36;96.27;5.494502476910412e-05
2021;6;4;18;20.5;161.2140779;10;73.0;15.1;96.32;3.8156285195434236e-05
2021;6;4;19;20.4;1000.0;0;64.6;13.32;96.34;2.4420031946803533e-05
2021;6;4;20;16.3;0.0;0;85.9;13.48;96.57;1.3736272092224056e-05
2021;6;4;21;15.6;0.0;0;93.9;14.38;96.59;6.1050111277438646e-06
2021;6;4;22;15.3;0.0;0;97.1;14.72;96.62;1.526252978223397e-06
2021;6;4;23;15.1;0.0;0;96.3;14.36;96.61;0.0
2021;6;5;0;15.0;0.0;0;97.5;14.5;96.56;1.526252978223397e-06
2021;6;5;1;15.3;0.0;0;92.4;13.78;96.55;6.1050111277438646e-06
2021;6;5;2;15.1;0.0;0;97.6;14.62;96.53;1.3736272092224056e-05
2021;6;5;3;15.2;0.0;0;97.1;14.62;96.48;2.4420031946803533e-05
2021;6;5;4;15.2;0.0;3;91.8;13.56;96.47;3.8156285195434236e-05
2021;6;5;5;14.9;0.0;15;94.2;13.74;96.5;5.494502476910412e-05
2021;6;5;6;14.9;0.0;158;94.5;13.8;96.54;7.47862420329426e-05
2021;6;5;7;14.7;0.0;211;94.3;13.56;96.59;9.76799267782269e-05
2021;6;5;8;14.6;0.0;98;94.3;13.46;96.62;0.0001236260672277112
2021;6;5;9;14.9;0.0;356;91.6;13.22;96.64;0.000152624650032962
2021;6;5;10;16.1;126.307448;121;85.8;13.26;96.63;0.00018467566027613458
2021;6;5;11;17.7;401.6659697;414;71.3;11.96;96.6;0.00021977908146642022
2021;6;5;12;20.1;606.5161255;304;65.9;13.28;96.54;0.0002579348955453753
2021;6;5;13;15.4;0.0;371;81.2;11.64;96.57;0.00029914308288425673
2021;6;5;14;18.9;485.4373642;235;72.3;13.36;96.55;0.00034340362228224564
2021;6;5;15;16.7;120.00297;204;73.9;11.48;96.58;0.0003907164909691119
2021;6;5;16;17.9;539.8801039;164;64.8;10.86;96.56;0.00044108166460521403
2021;6;5;17;16.1;35.60359075;111;76.6;11.42;96.55;0.0004944991172779467
2021;6;5;18;16.5;723.8583405;58;71.7;10.84;96.53;0.0005509688215070696
2021;6;5;19;15.7;1000.0;0;86.5;13.0;96.57;0.0006104907482411548
2021;6;5;20;14.8;0.0;0;91.2;13.04;96.59;0.0006730648668584749
2021;6;5;21;13.4;0.0;0;95.6;12.52;96.6;0.0007386911451687794
2021;6;5;22;12.7;0.0;0;96.1;11.92;96.62;0.0008073695494070776
2021;6;5;23;13.3;0.0;0;95.2;12.34;96.61;0.0008791000442425201
2021;6;6;0;12.5;0.0;0;97.6;12.02;96.59;0.0009538825927730699
2021;6;6;1;11.6;0.0;0;98.2;11.24;96.56;0.0010317171565255023
2021;6;6;2;12.4;0.0;0;96.2;11.64;96.51;0.0011126036954580698
2021;6;6;3;12.7;0.0;0;96.5;12.0;96.47;0.0011965421679560606
2021;6;6;4;12.6;0.0;19;97.6;12.12;96.45;0.0012835325308380163
2021;6;6;5;13.1;45.88415228;15;96.1;12.32;96.43;0.0013735747393504028
2021;6;6;6;13.4;132.9636456;38;94.4;12.28;96.43;0.0014666687471702744
2021;6;6;7;14.8;0.0;230;89.8;12.76;96.44;0.0015628145064034982
2021;6;6;8;16.3;0.0;327;81.0;12.5;96.43;0.001662011967588306
2021;6;6;9;17.8;435.5957388;305;65.2;10.84;96.41;0.0017642610796908542
2021;6;6;10;18.5;230.441888;432;63.3;11.16;96.38;0.0018695617901078876
2021;6;6;11;19.3;627.4108014;131;57.7;10.84;96.34;0.001977914044667628
2021;6;6;12;19.6;466.052395;347;58.1;11.22;96.31;0.0020893177876253333
2021;6;6;13;21.0;894.0954239;128;55.7;12.14;96.27;0.0022037729616704027
2021;6;6;14;20.6;556.1691475;327;62.8;13.16;96.28;0.0023212795079183834
2021;6;6;15;19.7;486.5537278;122;62.8;12.26;96.27;0.0024418373659171877
2021;6;6;16;19.8;513.6265371;165;64.5;12.7;96.25;0.0025654464736462046
2021;6;6;17;18.9;218.1230726;118;66.5;12.2;96.24;0.0026921067675118593
2021;6;6;18;18.5;900.6820247;19;67.6;12.02;96.26;0.002821818182352942
2021;6;6;19;17.3;1000.0;0;74.4;12.18;96.31;0.0029545806514379436
2021;6;6;20;16.7;0.0;0;76.9;12.08;96.36;0.0030903941064659435
2021;6;6;21;16.1;0.0;0;80.4;12.18;96.37;0.00322925847756661
2021;6;6;22;15.8;0.0;0;81.9;12.18;96.37;0.0033711736933002
2021;6;6;23;15.3;0.0;0;84.8;12.26;96.36;0.0035161396806566714
2021;6;7;0;15.4;0.0;0;85.6;12.52;96.33;0.003664156365055682
2021;6;7;1;15.4;0.0;0;83.2;12.04;96.31;0.003815223670351031
2021;6;7;2;15.3;0.0;0;85.3;12.36;96.29;0.003969341518822667
2021;6;7;3;14.9;0.0;0;88.3;12.56;96.28;0.004126509831183789
2021;6;7;4;15.0;0.0;3;87.8;12.56;96.27;0.004286728526577299
2021;6;7;5;15.4;40.63904621;19;86.4;12.68;96.27;0.004449997522577576
2021;6;7;6;15.8;176.9975305;40;86.9;13.18;96.27;0.004616316735188697
2021;6;7;7;16.8;176.6151816;77;80.5;12.9;96.3;0.004785686078847107
2021;6;7;8;16.8;102.4154145;88;78.6;12.52;96.33;0.0049581054664189494
2021;6;7;9;18.1;142.1232544;154;77.6;13.62;96.32;0.00513357480920007
2021;6;7;10;18.7;57.86468166;369;75.3;13.76;96.33;0.005312094016919566
2021;6;7;11;20.1;518.9937301;283;66.8;13.46;96.31;0.005493662997736237
2021;6;7;12;20.6;473.3706505;424;65.4;13.68;96.27;0.00567828165823947
2021;6;7;13;19.8;19.61704412;356;67.0;13.2;96.25;0.005865949903451906
2021;6;7;14;19.7;33.12013489;291;67.2;13.14;96.25;0.006056667636824997
2021;6;7;15;19.7;70.23044831;178;64.8;12.66;96.23;0.006250434760240786
2021;6;7;16;19.9;280.7808228;121;66.2;13.14;96.22;0.006447251174016344
2021;6;7;17;19.1;366.5118971;84;69.9;13.08;96.24;0.00664711677689489
2021;6;7;18;18.4;539.8680954;28;72.4;12.88;96.29;0.00685003146605645
2021;6;7;19;17.8;718.0320648;0;72.8;12.36;96.31;0.007055995137107196
2021;6;7;20;17.3;0.0;0;73.8;12.06;96.37;0.0072650076840883315
2021;6;7;21;16.9;0.0;0;78.0;12.5;96.39;0.0074770689994707595
2021;6;7;22;16.6;0.0;0;80.2;12.64;96.38;0.007692178974157748
2021;6;7;23;16.3;0.0;0;84.3;13.16;96.37;0.007910337497483155
2021;6;8;0;15.9;0.0;0;86.3;13.16;96.36;0.008131544457214979
2021;6;8;1;15.3;0.0;0;92.0;13.7;96.34;0.008355799739549141
2021;6;8;2;15.7;0.0;0;88.3;13.36;96.31;0.008583103229115707
2021;6;8;3;14.3;0.0;0;96.2;13.54;96.33;0.008813454808977106
2021;6;8;4;14.5;0.0;20;95.8;13.66;96.36;0.009046854360625467
2021;6;8;5;15.1;0.0;90;92.6;13.62;96.38;0.009283301763987062
2021;6;8;6;15.5;0.0;178;91.4;13.78;96.41;0.009522796897417862
2021;6;8;7;16.2;0.0;239;87.7;13.74;96.43;0.00976533963770887
2021;6;8;8;16.0;0.0;276;92.0;14.4;96.43;0.010010929860081674
2021;6;8;9;17.7;354.4827674;298;78.6;13.42;96.4;0.010259567438187567
2021;6;8;10;18.5;145.7398459;314;79.8;14.46;96.4;0.010511252244114644
2021;6;8;11;19.1;6.60722527;407;73.3;13.76;96.39;0.010765984148381591
2021;6;8;12;19.8;111.1006018;411;68.0;13.4;96.35;0.011023763019936794
2021;6;8;13;20.1;236.3222444;412;62.1;12.52;96.33;0.011284588726165445
2021;6;8;14;19.5;192.0975095;118;75.6;14.62;96.31;0.011548461132882437
2021;6;8;15;20.0;301.2965028;139;67.4;13.48;96.28;0.011815380104335915
2021;6;8;16;18.0;459.8156034;41;82.9;14.58;96.32;0.01208534550320639
2021;6;8;17;17.2;570.5075143;29;80.2;13.24;96.34;0.012358357190608515
2021;6;8;18;17.0;365.1994171;17;79.5;12.9;96.37;0.012634415026087531
2021;6;8;19;17.3;1000.0;0;79.3;13.16;96.36;0.012913518867623708
2021;6;8;20;15.4;0.0;0;95.2;14.44;96.38;0.013195668571628794
2021;6;8;21;15.5;0.0;0;94.9;14.48;96.44;0.013480863992948677
2021;6;8;22;15.6;0.0;0;95.2;14.64;96.44;0.013769104984860725
2021;6;8;23;15.4;0.0;0;94.7;14.34;96.43;0.01406039139907822
2021;6;9;0;14.9;0.0;0;96.4;14.18;96.41;0.01435472308574326
2021;6;9;1;13.9;0.0;0;98.1;13.52;96.4;0.01465209989343741
2021;6;9;2;14.7;0.0;0;96.7;14.04;96.37;0.014952521669169272
2021;6;9;3;14.1;0.0;0;98.5;13.8;96.38;0.015255988258386033
2021;6;9;4;14.5;0.0;3;97.7;14.04;96.37;0.015562499504965466
2021;6;9;5;14.7;70.71168906;16;96.0;13.9;96.39;0.015872055251219486
2021;6;9;6;14.9;107.5874067;51;93.8;13.66;96.41;0.01618465533789326
2021;6;9;7;15.8;168.6881285;55;89.6;13.72;96.44;0.016500299604168767
2021;6;9;8;16.7;237.7099285;167;84.6;13.62;96.45;0.016818987887658565
2021;6;9;9;18.3;413.1676718;154;78.1;13.92;96.45;0.01714072002441025
2021;6;9;10;20.6;542.2173865;184;73.1;15.22;96.45;0.017465495848905555
2021;6;9;11;21.0;709.8706134;168;66.8;14.36;96.43;0.017793315194060355
2021;6;9;12;21.6;794.7290186;120;62.9;14.18;96.37;0.018124177891225557
2021;6;9;13;20.8;518.2672128;129;68.8;14.56;96.36;0.018458083770183542
2021;6;9;14;20.7;519.6632341;106;61.9;13.08;96.35;0.018795032659156163
2021;6;9;15;19.9;166.7674147;225;67.7;13.44;96.38;0.019135024384794086
2021;6;9;16;19.9;428.4746336;78;66.3;13.16;96.36;0.019478058772186557
2021;6;9;17;20.5;756.8193043;26;64.1;13.32;96.4;0.019824135644856078
2021;6;9;18;19.6;270.6502671;50;69.1;13.42;96.43;0.02017325482475929
2021;6;9;19;18.0;480.7371083;0;83.3;14.66;96.48;0.020525416132288754
2021;6;9;20;16.8;0.0;0;80.8;12.96;96.49;0.02088061938627117
2021;6;9;21;15.1;0.0;0;91.0;13.3;96.49;0.021238864403970048
2021;6;9;22;14.1;0.0;0;94.8;13.06;96.49;0.021600151001081258
2021;6;9;23;13.8;0.0;0;95.3;12.86;96.48;0.02196447899173748
2021;6;10;0;12.7;0.0;0;97.5;12.2;96.46;0.022331848188508197
2021;6;10;1;13.1;0.0;0;95.4;12.18;96.45;0.02270225840239526
2021;6;10;2;12.4;0.0;0;97.4;11.88;96.46;0.023075709442837322
2021;6;10;3;11.7;0.0;0;97.6;11.22;96.46;0.02345220111770896
2021;6;10;4;11.2;0.0;16;98.5;10.9;96.45;0.023831733233320662
2021;6;10;5;12.7;257.0412977;21;95.0;11.7;96.45;0.02421430559441884
2021;6;10;6;13.3;482.3320386;31;94.6;12.22;96.44;0.02459991800418493
2021;6;10;7;15.6;576.6965116;100;85.0;12.6;96.43;0.0249885702642354
2021;6;10;8;18.4;488.7755899;245;73.8;13.16;96.45;0.025380262174627077
2021;6;10;9;20.5;460.330287;365;66.6;13.82;96.44;0.025774993533848267
2021;6;10;10;21.9;768.4991314;163;64.3;14.76;96.43;0.026172764138825855
2021;6;10;11;22.7;740.3053981;207;61.4;14.98;96.4;0.026573573784922644
2021;6;10;12;24.3;552.5326908;449;54.9;15.28;96.33;0.026977422265939133
2021;6;10;13;24.6;762.9035858;263;45.9;13.78;96.27;0.02738430937410996
2021;6;10;14;25.2;637.0658685;358;46.4;14.48;96.23;0.027794234900109238
2021;6;10;15;25.2;964.7703996;94;37.5;12.7;96.19;0.028207198633046104
2021;6;10;16;25.5;975.4420018;44;36.2;12.74;96.15;0.02862320036046828
2021;6;10;17;21.5;308.5840966;127;59.0;13.3;96.19;0.02904223986835852
2021;6;10;18;20.7;230.3509955;14;64.3;13.56;96.21;0.02946431694113727
2021;6;10;19;20.6;1000.0;0;65.6;13.72;96.2;0.029889431361664442
2021;6;10;20;17.8;0.0;0;83.8;14.56;96.26;0.030317582911234986
2021;6;10;21;17.1;0.0;0;86.9;14.48;96.3;0.03074877136958243
2021;6;10;22;16.3;0.0;0;89.9;14.28;96.29;0.031182996514876216
2021;6;10;23;14.9;0.0;0;94.8;13.86;96.28;0.03162025812372704
2021;6;11;0;14.4;0.0;0;93.8;13.16;96.27;0.03206055597117885
2021;6;11;1;13.7;0.0;0;94.2;12.54;96.24;0.03250388983071861
2021;6;11;2;13.0;0.0;0;95.9;12.18;96.25;0.03295025947426833
2021;6;11;3;12.3;0.0;0;96.9;11.68;96.24;0.0333996646721868
2021;6;11;4;11.8;0.0;15;96.0;11.0;96.25;0.03385210519327497
2021;6;11;5;13.3;0.0;94;93.9;12.08;96.29;0.0343075808047697
2021;6;11;6;15.0;308.4890688;109;88.8;12.76;96.31;0.03476609127234731
2021;6;11;7;17.7;352.4048665;213;78.1;13.32;96.31;0.035227636360122716
2021;6;11;8;19.3;430.0047437;282;72.4;13.78;96.31;0.03569221583064852
2021;6;11;9;21.1;559.9106354;288;66.6;14.42;96.31;0.03615982944491858
2021;6;11;10;22.8;482.8887979;427;54.9;13.78;96.29;0.036630476962363545
2021;6;11;11;23.9;551.95095;426;53.5;14.6;96.27;0.03710415814085355
2021;6;11;12;25.3;685.0262443;339;47.8;14.86;96.23;0.037580872736699966
2021;6;11;13;25.4;605.9072271;417;36.5;12.7;96.2;0.038060620504652753
2021;6;11;14;26.5;659.1650008;351;33.2;13.14;96.16;0.038543401197898675
2021;6;11;15;26.0;675.3249137;290;39.9;13.98;96.14;0.039029214568068404
2021;6;11;16;26.4;685.7851915;227;35.9;13.58;96.11;0.039518060365229424
2021;6;11;17;25.2;992.025449;44;40.3;13.26;96.11;0.04000993833789046
2021;6;11;18;23.4;781.8026491;16;46.6;12.72;96.14;0.0405048482330006
2021;6;11;19;22.5;1000.0;0;49.7;12.44;96.17;0.0410027897959484
2021;6;11;20;19.3;0.0;0;68.8;13.06;96.24;0.04150376277056189
2021;6;11;21;18.7;0.0;0;68.2;12.34;96.29;0.042007766899110344
2021;6;11;22;16.7;0.0;0;80.2;12.74;96.33;0.042514801922306056
2021;6;11;23;14.8;0.0;0;88.7;12.54;96.32;0.04302486757929813
2021;6;12;0;15.2;0.0;0;84.5;12.1;96.33;0.0435379636076787
2021;6;12;1;13.7;0.0;0;90.8;11.86;96.34;0.04405408974348113
2021;6;12;2;12.6;0.0;0;92.3;11.06;96.31;0.04457324572117738
2021;6;12;3;12.4;0.0;0;92.9;10.98;96.32;0.045095431273685094
2021;6;12;4;13.1;0.0;5;88.5;10.8;96.38;0.04562064613235872
2021;6;12;5;13.8;160.8184819;32;89.4;11.68;96.41;0.04614889002699574
2021;6;12;6;16.5;390.9533463;81;77.5;12.0;96.44;0.04668016268583841
2021;6;12;7;18.3;314.0324727;228;70.6;12.42;96.47;0.04721446383556671
2021;6;12;8;20.8;496.0743133;238;62.2;13.24;96.47;0.04775179320130363
2021;6;12;9;22.1;722.1118435;149;59.0;13.9;96.47;0.04829215050661695
2021;6;12;10;24.6;522.0186872;391;51.0;14.8;96.47;0.04883553547351216
2021;6;12;11;25.1;600.0876417;371;41.8;13.46;96.45;0.04938194782243954
2021;6;12;12;26.2;540.9106244;448;45.4;15.28;96.42;0.04993138727229418
2021;6;12;13;27.3;917.922975;142;39.8;15.26;96.43;0.05048385354040974
2021;6;12;14;27.1;792.690692;138;44.1;15.92;96.43;0.051039346342564684
2021;6;12;15;26.3;643.2052504;136;42.9;14.88;96.42;0.0515978653929805
2021;6;12;16;26.0;674.9520642;212;44.7;14.94;96.43;0.052159410404321704
2021;6;12;17;25.0;263.8403815;135;48.3;14.66;96.44;0.05272398108769405
2021;6;12;18;24.2;890.6169916;64;50.7;14.34;96.47;0.053291577152652536
2021;6;12;19;21.2;1000.0;0;66.4;14.48;96.52;0.05386219830718719
2021;6;12;20;21.4;0.0;0;60.0;13.4;96.59;0.05443584425773906
2021;6;12;21;18.9;0.0;0;72.7;13.44;96.64;0.05501251470919133
2021;6;12;22;17.2;0.0;0;84.1;14.02;96.67;0.05559220936486753
2021;6;12;23;17.1;0.0;0;82.5;13.6;96.69;0.05617492792653955
2021;6;13;0;15.6;0.0;0;90.2;13.64;96.69;0.05676067009442143
2021;6;13;1;15.2;0.0;0;87.7;12.74;96.65;0.05734943556717287
2021;6;13;2;14.3;0.0;0;92.6;12.82;96.6;0.05794122404189661
2021;6;13;3;13.6;0.0;0;94.7;12.54;96.59;0.058536035214142856
2021;6;13;4;13.4;0.0;23;95.3;12.46;96.6;0.05913386877790394
2021;6;13;5;14.5;0.0;90;91.3;12.76;96.66;0.05973472442561878
2021;6;13;6;17.1;335.8235118;107;82.8;13.66;96.67;0.06033860184817197
2021;6;13;7;18.9;551.4325043;118;76.2;14.14;96.69;0.060945500734891134
2021;6;13;8;21.1;604.2662428;172;66.3;14.36;96.7;0.06155542077355314
2021;6;13;9;22.4;733.521295;154;62.2;14.84;96.69;0.0621683616503752
2021;6;13;10;23.1;496.5010567;419;57.6;14.62;96.69;0.06278432305002823
2021;6;13;11;24.1;695.46487;299;51.7;14.44;96.66;0.0634033046556235
2021;6;13;12;25.2;957.3529984;89;45.2;14.24;96.62;0.06402530614871793
2021;6;13;13;26.0;991.8860546;78;45.7;15.14;96.58;0.06465032720931863
2021;6;13;14;26.0;984.1840789;91;45.5;15.1;96.58;0.06527836751587657
2021;6;13;15;25.9;939.7856675;118;42.7;14.44;96.53;0.06590942674528932
2021;6;13;16;25.7;1000.0;48;42.7;14.24;96.51;0.06654350457290281
2021;6;13;17;24.9;1000.0;31;44.3;13.76;96.48;0.0671806006725113
2021;6;13;18;23.8;1000.0;20;48.6;13.52;96.45;0.06782071471635209
2021;6;13;19;22.1;1000.0;1;53.0;12.7;96.44;0.06846384637511349
2021;6;13;20;20.6;0.0;0;51.3;10.86;96.47;0.0691099953179295
2021;6;13;21;18.6;0.0;0;58.9;10.38;96.48;0.06975916121238246
2021;6;13;22;17.4;0.0;0;63.4;10.08;96.44;0.0704113437245022
2021;6;13;23;16.1;0.0;0;68.4;9.78;96.43;0.07106654251876776
2021;6;14;0;13.4;0.0;0;82.7;9.94;96.43;0.07172475725810479
2021;6;14;1;14.9;0.0;0;74.0;9.7;96.42;0.07238598760388992
2021;6;14;2;12.6;0.0;0;84.5;9.5;96.4;0.07305023321594462
2021;6;14;3;12.5;0.0;0;85.2;9.54;96.4;0.07371749375254222
2021;6;14;4;11.0;0.0;8;91.5;9.3;96.42;0.07438776887040355
2021;6;14;5;13.5;210.8576663;38;86.0;10.7;96.44;0.07506105822469955
2021;6;14;6;15.1;366.1138629;102;76.5;10.4;96.43;0.07573736146904864
2021;6;14;7;17.3;576.3644797;107;62.3;9.76;96.42;0.07641667825552112
2021;6;14;8;18.5;581.7360788;191;58.1;10.12;96.41;0.07709900823463656
2021;6;14;9;20.4;468.9695705;363;54.7;11.34;96.37;0.07778435105536108
2021;6;14;10;21.4;498.7312831;414;53.0;12.0;96.34;0.07847270636511539
2021;6;14;11;23.0;605.1966804;374;52.5;13.5;96.31;0.07916407380976764
2021;6;14;12;24.4;903.2076123;130;51.0;14.6;96.24;0.07985845303363615
2021;6;14;13;26.3;842.0878797;197;45.9;15.48;96.17;0.08055584367949198
2021;6;14;14;27.2;848.038359;190;42.2;15.64;96.15;0.08125624538855547
2021;6;14;15;27.5;885.3486351;155;35.4;14.58;96.13;0.08195965780049708
2021;6;14;16;27.8;765.705606;192;42.8;16.36;96.09;0.08266608055344093
2021;6;14;17;27.0;815.8785446;119;43.6;15.72;96.08;0.08337551328395865
2021;6;14;18;26.1;988.3252211;35;41.0;14.3;96.08;0.08408795562707816
2021;6;14;19;23.0;1000.0;1;61.2;15.24;96.08;0.084803407216274
2021;6;14;20;21.5;0.0;0;55.6;12.62;96.13;0.08552186768347525
2021;6;14;21;17.9;0.0;0;77.8;13.46;96.15;0.08624333665906558
2021;6;14;22;16.0;0.0;0;78.8;11.76;96.18;0.08696781377187612
2021;6;14;23;15.1;0.0;0;80.0;11.1;96.18;0.08769529864919257
2021;6;15;0;14.1;0.0;0;86.7;11.44;96.17;0.08842579091675251
2021;6;15;1;13.3;0.0;0;83.4;9.98;96.17;0.08915929019874813
2021;6;15;2;13.4;0.0;0;85.2;10.44;96.17;0.0898957961178235
2021;6;15;3;12.0;0.0;0;91.1;10.22;96.16;0.09063530829507371
2021;6;15;4;11.4;0.0;7;91.5;9.7;96.18;0.09137782635005287
2021;6;15;5;13.5;95.40367929;63;89.1;11.32;96.21;0.09212334990076343
2021;6;15;6;16.5;253.3162193;151;76.5;11.8;96.23;0.0928718785636633
2021;6;15;7;19.5;356.2339733;234;64.5;12.4;96.23;0.09362341195366497
2021;6;15;8;21.2;428.4649638;309;60.4;13.28;96.22;0.09437794968413371
2021;6;15;9;23.0;491.982448;362;53.2;13.64;96.22;0.09513549136689203
2021;6;15;10;24.8;549.4746999;388;53.1;15.42;96.21;0.09589603661221169
2021;6;15;11;25.5;588.5820625;409;42.6;14.02;96.19;0.09665958502882699
2021;6;15;12;27.4;776.841389;256;43.4;16.08;96.16;0.0974261362239206
2021;6;15;13;28.0;894.3224089;154;43.4;16.68;96.13;0.09819568980313242
2021;6;15;14;29.2;708.4044041;294;36.0;16.4;96.09;0.0989682453705596
2021;6;15;15;28.6;640.6889179;312;40.4;16.68;96.06;0.09974380252875115
2021;6;15;16;28.4;583.52007;235;37.6;15.92;96.03;0.10052236087871602
2021;6;15;17;28.3;951.0211151;67;42.0;16.7;96.0;0.10130392001991506
2021;6;15;18;27.1;936.7365991;56;44.5;16.0;95.99;0.102088479550269
2021;6;15;19;25.1;1000.0;1;51.5;15.4;96.01;0.10287603906615406
2021;6;15;20;22.8;0.0;0;48.8;12.56;96.02;0.10366659816240098
2021;6;15;21;20.4;0.0;0;61.1;12.62;96.05;0.10446015643229956
2021;6;15;22;18.0;0.0;0;72.9;12.58;96.05;0.10525671346759591
2021;6;15;23;16.5;0.0;0;79.1;12.32;96.02;0.10605626885849428
2021;6;16;0;16.2;0.0;0;83.4;12.88;96.02;0.10685882219365173
2021;6;16;1;14.5;0.0;0;86.9;11.88;95.99;0.10766437306019139
2021;6;16;2;14.8;0.0;0;83.9;11.58;95.99;0.10847292104368744
2021;6;16;3;13.4;0.0;0;89.2;11.24;95.98;0.10928446572817485
2021;6;16;4;13.9;0.0;17;87.2;11.34;95.99;0.1100990066961467
2021;6;16;5;15.3;0.0;69;81.8;11.66;95.98;0.11091654352855329
2021;6;16;6;18.2;258.9463975;136;75.5;13.3;95.97;0.11173707580480574
2021;6;16;7;20.0;478.9763908;140;69.4;13.88;95.96;0.11256060310277327
2021;6;16;8;21.7;526.3031819;212;58.5;13.4;95.94;0.11338712499878234
2021;6;16;9;23.5;649.224592;203;49.5;13.4;95.93;0.11421664106762286
2021;6;16;10;25.0;458.2638506;434;46.7;14.34;95.9;0.11504915088254108
2021;6;16;11;26.6;573.1043755;394;46.1;15.82;95.88;0.11588465401524406
2021;6;16;12;28.0;573.9398166;424;44.4;16.88;95.82;0.11672315003589873
2021;6;16;13;29.6;734.5487836;290;39.1;17.42;95.78;0.1175646385131337
2021;6;16;14;29.6;681.3448761;315;40.2;17.64;95.73;0.11840911901403484
2021;6;16;15;29.9;622.2686169;308;36.6;17.22;95.69;0.11925659110415321
2021;6;16;16;30.1;688.6532167;222;33.6;16.82;95.66;0.12010705434749802
2021;6;16;17;29.6;885.3731456;85;31.7;15.94;95.63;0.12096050830653837
2021;6;16;18;28.1;1000.0;15;41.7;16.44;95.62;0.12181695254220681
2021;6;16;19;23.6;1000.0;1;68.9;17.38;95.65;0.12267638661389935
2021;6;16;20;22.0;0.0;0;67.5;15.5;95.7;0.12353881007946921
2021;6;16;21;20.7;0.0;0;74.3;15.56;95.73;0.12440422249523486
2021;6;16;22;19.5;0.0;0;75.0;14.5;95.75;0.12527262341597467
2021;6;16;23;17.0;0.0;0;87.5;14.5;95.72;0.12614401239493578
2021;6;17;0;17.4;0.0;0;81.3;13.66;95.69;0.127018388983819
2021;6;17;1;16.3;0.0;0;81.6;12.62;95.71;0.12789575273279574
2021;6;17;2;14.7;0.0;0;89.8;12.66;95.74;0.12877610319049637
2021;6;17;3;15.2;0.0;0;85.0;12.2;95.78;0.12965943990401474
2021;6;17;4;14.7;0.0;15;88.2;12.34;95.8;0.13054576241890992
2021;6;17;5;16.2;0.0;85;81.7;12.54;95.87;0.1314350702792062
2021;6;17;6;19.0;319.7731359;48;71.6;13.32;95.88;0.13232736302738957
2021;6;17;7;21.7;484.959622;116;60.3;13.76;95.9;0.13322264020441033
2021;6;17;8;24.1;645.303838;120;59.3;15.96;95.88;0.1341209013496858
2021;6;17;9;25.3;644.2224295;194;59.8;17.26;95.85;0.13502214600109586
2021;6;17;10;27.3;667.2114207;231;55.5;18.4;95.84;0.1359263736949856
2021;6;17;11;28.3;455.570781;456;51.0;18.5;95.82;0.13683358396616718
2021;6;17;12;29.1;516.8317709;426;46.5;18.4;95.78;0.13774377634791612
2021;6;17;13;29.8;723.8821405;235;45.6;18.92;95.72;0.13865695037197678
2021;6;17;14;30.1;869.9751501;133;42.6;18.62;95.66;0.13957310556855607
2021;6;17;15;30.5;665.8098684;238;40.3;18.56;95.62;0.14049224146633055
2021;6;17;16;30.4;739.6457738;182;36.5;17.7;95.59;0.14141435759244025
2021;6;17;17;29.4;630.9354151;153;40.9;17.58;95.55;0.142339453472494
2021;6;17;18;28.0;217.0954049;72;49.8;17.96;95.57;0.14326752863056758
2021;6;17;19;25.9;382.0562609;7;58.4;17.58;95.6;0.14419858258920204
2021;6;17;20;24.6;0.0;0;64.0;17.4;95.66;0.14513261486940898
2021;6;17;21;20.0;0.0;0;86.7;17.34;95.85;0.1460696249906661
2021;6;17;22;19.0;0.0;0;89.5;16.9;95.97;0.14700961247091904
2021;6;17;23;19.0;0.0;0;92.5;17.5;95.97;0.14795257682658125
2021;6;18;0;19.0;0.0;0;92.6;17.52;95.91;0.1488985175725368
2021;6;18;1;18.9;0.0;0;94.8;17.86;95.88;0.14984743422213587
2021;6;18;2;17.6;0.0;0;96.1;16.82;95.82;0.15079932628719828
2021;6;18;3;17.9;0.0;0;95.7;17.04;95.82;0.1517541932780162
2021;6;18;4;16.9;0.0;16;96.7;16.24;95.84;0.15271203470334704
2021;6;18;5;17.5;0.0;54;96.9;16.88;95.87;0.15367285007042053
2021;6;18;6;18.9;165.5508074;100;94.2;17.74;95.89;0.15463663888493695
2021;6;18;7;20.5;310.7202461;185;82.6;17.02;95.9;0.1556034006510627
2021;6;18;8;22.5;434.8953582;226;75.6;17.62;95.88;0.1565731348714392
2021;6;18;9;24.1;447.4852296;315;72.9;18.68;95.85;0.15754584104717662
2021;6;18;10;24.9;497.5645005;354;68.3;18.56;95.83;0.15852151867785746
2021;6;18;11;26.9;506.030464;411;62.4;19.38;95.81;0.15950016726153482
2021;6;18;12;27.5;796.9551899;177;56.3;18.76;95.79;0.1604817862947332
2021;6;18;13;29.0;859.8131233;137;49.6;18.92;95.76;0.16146637527244856
2021;6;18;14;27.4;430.9216433;312;60.2;19.44;95.75;0.1624539336881492
2021;6;18;15;25.1;164.8219021;134;69.9;19.08;95.81;0.16344446103377663
2021;6;18;16;24.6;7.423308835;215;80.2;20.64;95.86;0.16443795679974205
2021;6;18;17;24.6;466.9474987;46;75.2;19.64;95.89;0.16543442047493517
2021;6;18;18;24.3;340.4958514;28;78.1;19.92;95.92;0.16643385154671364
2021;6;18;19;22.3;993.1393379;2;88.0;19.9;95.88;0.16743624950091007
2021;6;18;20;20.9;0.0;0;90.2;18.94;95.96;0.1684416138218321
2021;6;18;21;20.7;0.0;0;89.8;18.66;95.98;0.16944994399225877
2021;6;18;22;20.1;0.0;0;93.6;18.82;96.03;0.17046123949344594
2021;6;18;23;20.0;0.0;0;95.1;19.02;96.03;0.17147549980512
2021;6;19;0;19.3;0.0;0;95.1;18.32;96.02;0.17249272440548769
2021;6;19;1;18.9;0.0;0;95.0;17.9;96.02;0.17351291277122716
2021;6;19;2;17.9;0.0;0;96.9;17.28;96.03;0.17453606437749247
2021;6;19;3;18.3;0.0;0;95.9;17.48;96.05;0.17556217869791269
2021;6;19;4;17.8;0.0;20;97.2;17.24;96.1;0.17659125520459273
2021;6;19;5;18.1;0.0;49;95.4;17.18;96.12;0.17762329336811433
2021;6;19;6;19.3;0.0;171;88.0;16.9;96.07;0.17865829265753508
2021;6;19;7;20.1;293.6792592;96;88.7;17.84;96.04;0.17969625254039023
2021;6;19;8;21.9;224.3332425;188;81.9;18.28;95.96;0.18073717248269006
2021;6;19;9;22.6;254.5071766;390;76.4;17.88;95.91;0.18178105194892513
2021;6;19;10;23.9;490.708118;329;71.9;18.28;95.86;0.18282789040205838
2021;6;19;11;25.5;447.8444389;447;65.1;18.52;95.81;0.1838776873035357
2021;6;19;12;27.2;448.7504321;422;62.0;19.6;95.8;0.18493044211327803
2021;6;19;13;27.4;486.3979116;429;52.2;17.84;95.75;0.18598615428968301
2021;6;19;14;28.4;442.0016733;380;58.0;20.0;95.69;0.18704482328963223
2021;6;19;15;28.6;548.4410493;268;52.6;19.12;95.62;0.18810644856848224
2021;6;19;16;28.5;463.372053;238;58.2;20.14;95.54;0.18917102958006904
2021;6;19;17;27.4;345.608737;155;64.7;20.34;95.51;0.19023856577670895
2021;6;19;18;26.5;623.621099;56;62.4;18.98;95.49;0.19130905660919684
2021;6;19;19;24.1;930.222714;1;78.5;19.8;95.46;0.19238250152680703
2021;6;19;20;22.9;0.0;0;82.5;19.4;95.56;0.19345889997729682
2021;6;19;21;22.2;0.0;0;85.6;19.32;95.61;0.19453825140690295
2021;6;19;22;23.0;0.0;0;77.1;18.42;95.6;0.19562055526034072
2021;6;19;23;22.3;0.0;0;79.6;18.22;95.63;0.1967058109808093
2021;6;20;0;23.0;0.0;0;62.3;15.46;95.67;0.1977940180099873
2021;6;20;1;22.0;0.0;0;64.5;14.9;95.75;0.19888517578803722
2021;6;20;2;20.8;0.0;0;72.0;15.2;95.75;0.19997928375360097
2021;6;20;3;20.2;0.0;0;75.7;15.34;95.69;0.2010763413438026
2021;6;20;4;19.6;0.0;22;81.2;15.84;95.66;0.20217634799425355
2021;6;20;5;19.8;0.0;80;79.7;15.74;95.64;0.20327930313904297
2021;6;20;6;19.4;0.0;163;86.3;16.66;95.64;0.20438520621074385
2021;6;20;7;20.5;0.0;247;82.5;17.0;95.59;0.20549405664041398
2021;6;20;8;21.5;25.61042061;160;76.4;16.78;95.56;0.206605853857595
2021;6;20;9;23.0;406.8562366;167;67.8;16.56;95.46;0.20772059729030978
2021;6;20;10;24.7;644.4009951;154;63.8;17.46;95.42;0.2088382863650704
2021;6;20;11;25.8;703.6222163;150;61.2;18.04;95.27;0.2099589205068666
2021;6;20;12;24.6;415.8591846;205;65.0;17.6;95.14;0.21108249913918176
2021;6;20;13;23.4;0.0;273;67.8;16.96;95.14;0.21220902168397782
2021;6;20;14;21.3;0.0;199;85.0;18.3;95.26;0.21333848756170326
2021;6;20;15;23.1;337.9190079;123;77.1;18.52;95.16;0.2144708961912949
2021;6;20;16;22.5;433.2253629;111;76.1;17.72;95.15;0.2156062469901734
2021;6;20;17;15.3;0.0;155;88.7;13.04;95.42;0.21674453937424332
2021;6;20;18;14.9;0.0;60;93.7;13.64;95.28;0.21788577275790377
2021;6;20;19;15.3;317.9534404;5;93.5;14.0;95.3;0.2190299465540324
2021;6;20;20;15.1;0.0;0;96.3;14.36;95.29;0.22017706017400052
2021;6;20;21;15.2;0.0;0;96.2;14.44;95.33;0.2213271130276615
2021;6;20;22;15.3;0.0;0;94.3;14.16;95.31;0.22248010452336153
2021;6;20;23;15.6;0.0;0;94.2;14.44;95.36;0.22363603406793153
2021;6;21;0;15.5;0.0;0;96.2;14.74;95.45;0.22479490106669253
2021;6;21;1;15.5;0.0;0;96.9;14.88;95.45;0.2259567049234521
2021;6;21;2;15.4;0.0;0;98.3;15.06;95.41;0.22712144504051146
2021;6;21;3;15.0;0.0;0;97.2;14.44;95.4;0.22828912081865838
2021;6;21;4;15.1;0.0;22;96.3;14.36;95.38;0.22945973165716893
2021;6;21;5;16.0;0.0;68;93.3;14.66;95.38;0.23063327695381197
2021;6;21;6;16.7;0.0;100;89.3;14.56;95.38;0.23180975610484467
2021;6;21;7;17.3;117.310603;119;91.0;15.5;95.38;0.23298916850501517
2021;6;21;8;19.0;295.4771031;160;78.4;14.68;95.35;0.23417151354756527
2021;6;21;9;20.0;390.4009717;353;72.4;14.48;95.33;0.2353567906242251
2021;6;21;10;22.1;831.7015027;149;68.1;15.72;95.31;0.23654499912521665
2021;6;21;11;22.6;849.6891558;170;68.3;16.26;95.29;0.23773613843925467
2021;6;21;12;23.2;730.9775208;156;58.1;14.82;95.24;0.2389302079535458
2021;6;21;13;24.1;895.6082656;190;51.3;14.36;95.19;0.24012720705378765
2021;6;21;14;25.4;937.2458998;151;53.1;16.02;95.1;0.24132713512417503
2021;6;21;15;24.2;481.5728918;150;63.2;16.84;95.13;0.2425299915473902
2021;6;21;16;21.3;292.2264909;129;63.5;14.0;95.17;0.24373577570461347
2021;6;21;17;19.7;0.0;153;83.5;16.4;95.19;0.24494448697551796
2021;6;21;18;14.4;0.0;64;89.4;12.28;95.39;0.24615612473826864
2021;6;21;19;15.4;215.6080513;9;92.4;13.88;95.41;0.2473706883695277
2021;6;21;20;16.0;0.0;0;93.9;14.78;95.46;0.24858817724445093
2021;6;21;21;15.6;0.0;0;95.7;14.74;95.5;0.24980859073668782
2021;6;21;22;15.8;0.0;0;96.3;15.06;95.51;0.25103192821838327
2021;6;21;23;15.6;0.0;0;95.3;14.66;95.54;0.2522581890601838
2021;6;22;0;15.8;0.0;0;95.2;14.84;95.51;0.25348737263122434
2021;6;22;1;15.6;0.0;0;95.0;14.6;95.49;0.25471947829914043
2021;6;22;2;15.3;0.0;0;96.4;14.58;95.43;0.25595450543006226
2021;6;22;3;14.7;0.0;0;89.8;12.66;95.53;0.25719245338861807
2021;6;22;4;14.1;0.0;17;94.6;13.02;95.49;0.2584333215379333
2021;6;22;5;14.0;0.0;80;97.7;13.54;95.52;0.2596771092396297
2021;6;22;6;13.9;0.0;104;95.4;12.98;95.61;0.2609238158538316
2021;6;22;7;14.2;0.0;125;95.5;13.3;95.61;0.2621734407391578
2021;6;22;8;16.4;301.742763;172;88.7;14.14;95.6;0.26342598325272526
2021;6;22;9;18.0;729.9835949;159;77.4;13.48;95.6;0.2646814427501507
2021;6;22;10;19.0;634.3740829;208;74.4;13.88;95.65;0.2659398185855508
2021;6;22;11;21.2;759.7764583;279;65.5;14.3;95.64;0.26720111011154124
2021;6;22;12;21.0;593.082198;299;63.9;13.78;95.63;0.268465316679241
2021;6;22;13;21.1;456.2935598;182;67.3;14.56;95.62;0.2697324376382637
2021;6;22;14;21.8;593.5749147;172;60.4;13.88;95.62;0.27100247233672725
2021;6;22;15;22.7;429.9314596;150;61.2;14.94;95.61;0.2722754201212503
2021;6;22;16;21.6;617.2059342;133;58.4;13.28;95.63;0.2735512803369522
2021;6;22;17;19.9;372.708858;104;73.3;14.56;95.64;0.27483005232745317
2021;6;22;18;16.6;0.0;62;90.1;14.62;95.78;0.27611173543487677
2021;6;22;19;16.5;98.78616704;6;90.1;14.52;95.85;0.27739632899984734
2021;6;22;20;16.3;0.0;0;94.6;15.22;95.89;0.2786838323614953
2021;6;22;21;16.2;0.0;0;94.9;15.18;95.95;0.2799742448574509
2021;6;22;22;16.1;0.0;0;92.9;14.68;96.01;0.2812675658238488
2021;6;22;23;15.1;0.0;0;94.1;13.92;96.03;0.282563794595327
2021;6;23;0;14.9;0.0;0;96.8;14.26;96.05;0.28386293050502776
2021;6;23;1;14.3;0.0;0;97.5;13.8;96.03;0.28516497288459774
2021;6;23;2;13.9;0.0;0;98.2;13.54;95.97;0.286469921064187
2021;6;23;3;14.0;0.0;0;98.5;13.7;95.98;0.2877777743724552
2021;6;23;4;13.5;0.0;21;99.0;13.3;96.0;0.2890885321365628
2021;6;23;5;13.6;0.0;69;96.9;12.98;96.03;0.29040219368217723
2021;6;23;6;14.3;0.0;101;93.5;13.0;96.05;0.2917187583334728
2021;6;23;7;15.4;204.3445652;121;93.1;14.02;96.09;0.2930382254131292
2021;6;23;8;17.0;398.6471374;127;86.4;14.28;96.09;0.29436059424233374
2021;6;23;9;17.9;631.7454017;139;81.5;14.2;96.06;0.29568586414078
2021;6;23;10;19.5;522.4858864;148;73.3;14.16;96.07;0.2970140344266712
2021;6;23;11;21.2;785.180222;155;58.8;12.96;96.03;0.29834510441671735
2021;6;23;12;21.6;774.7473504;144;66.4;14.88;96.02;0.29967907342613564
2021;6;23;13;22.1;631.1772217;148;64.7;15.04;95.95;0.301015940768651
2021;6;23;14;23.4;697.7401473;137;58.5;15.1;95.93;0.3023557057565025
2021;6;23;15;23.1;835.9689692;132;58.0;14.7;95.88;0.3036983677004308
2021;6;23;16;23.3;625.9814334;123;57.8;14.86;95.86;0.30504392590969065
2021;6;23;17;20.6;33.84523814;103;64.6;13.52;95.91;0.30639237969204913
2021;6;23;18;19.7;168.0100227;62;67.4;13.18;95.97;0.3077437283537803
2021;6;23;19;18.3;130.9659526;7;77.5;13.8;96.03;0.30909797119966775
2021;6;23;20;17.5;0.0;0;74.5;12.4;96.17;0.3104551075330093
2021;6;23;21;13.9;0.0;0;93.8;12.66;96.4;0.31181513665561145
2021;6;23;22;13.7;0.0;0;93.2;12.34;96.29;0.31317805786779473
2021;6;23;23;13.8;0.0;0;93.6;12.52;96.26;0.3145438704683903
2021;6;24;0;12.8;0.0;0;97.8;12.36;96.21;0.31591257375474324
2021;6;24;1;12.4;0.0;0;97.2;11.84;96.15;0.31728416702271023
2021;6;24;2;11.6;0.0;0;98.4;11.28;96.1;0.318658649566661
2021;6;24;3;12.1;0.0;0;98.3;11.76;96.08;0.32003602067948034
2021;6;24;4;12.6;0.0;19;95.2;11.64;96.06;0.32141627965256614
2021;6;24;5;13.0;0.0;71;94.7;11.94;96.09;0.32279942577583043
2021;6;24;6;13.3;0.0;103;95.1;12.32;96.18;0.32418545833769663
2021;6;24;7;13.7;0.0;124;97.4;13.18;96.1;0.325574376625112
2021;6;24;8;15.8;149.6360268;130;88.1;13.42;96.2;0.3269661799235317
2021;6;24;9;16.4;334.6740883;143;86.9;13.78;96.19;0.3283608675169276
2021;6;24;10;18.7;545.8407628;153;77.3;14.16;96.16;0.329758438687791
2021;6;24;11;19.6;674.4319598;161;74.3;14.46;96.16;0.3311588927171263
2021;6;24;12;20.4;698.2034403;149;66.5;13.7;96.12;0.33256222888445564
2021;6;24;13;20.9;593.3981473;157;60.5;13.0;96.07;0.33396844646781876
2021;6;24;14;22.0;253.8928113;157;60.1;14.02;96.09;0.3353775447437748
2021;6;24;15;17.6;406.0872193;139;81.3;13.86;96.14;0.33678952298739784
2021;6;24;16;14.9;0.0;134;92.6;13.42;96.25;0.3382043804722832
2021;6;24;17;16.2;0.0;111;87.3;13.66;96.3;0.33962211647054197
2021;6;24;18;16.5;86.15121483;64;85.8;13.66;96.31;0.3410427302528065
2021;6;24;19;15.0;293.4652382;7;94.1;13.82;96.38;0.34246622108822766
2021;6;24;20;14.4;0.0;0;95.3;13.46;96.43;0.34389258824447566
2021;6;24;21;14.0;0.0;0;94.2;12.84;96.47;0.3453218309877437
2021;6;24;22;14.0;0.0;0;94.1;12.82;96.48;0.34675394858274355
2021;6;24;23;13.8;0.0;0;93.7;12.54;96.46;0.3481889402927081
2021;6;25;0;14.1;0.0;0;93.4;12.78;96.44;0.3496268053793905
2021;6;25;1;14.1;0.0;0;88.7;11.84;96.41;0.35106754310306787
2021;6;25;2;13.9;0.0;0;91.0;12.1;96.4;0.3525111527225384
2021;6;25;3;13.7;0.0;0;93.3;12.36;96.38;0.35395763349512155
2021;6;25;4;13.7;0.0;13;93.8;12.46;96.37;0.35540698467666143
2021;6;25;5;13.9;0.0;91;92.9;12.48;96.35;0.35685920552152695
2021;6;25;6;14.7;0.0;131;87.0;12.1;96.35;0.35831429528260816
2021;6;25;7;15.6;290.0137206;154;80.8;11.76;96.36;0.3597722532113181
2021;6;25;8;16.0;272.3502625;136;77.2;11.44;96.37;0.36123307855759723
2021;6;25;9;16.3;155.2682393;149;71.2;10.54;96.35;0.3626967705699098
2021;6;25;10;16.6;158.5101373;154;69.1;10.42;96.34;0.36416332849524125
2021;6;25;11;16.5;169.2075767;161;65.1;9.52;96.34;0.36563275157911335
2021;6;25;12;17.7;141.191564;156;65.3;10.76;96.33;0.3671050390655619
2021;6;25;13;17.6;381.8719886;153;61.8;9.96;96.31;0.3685801901971546
2021;6;25;14;19.1;292.8091121;147;60.1;11.12;96.28;0.3700582042149865
2021;6;25;15;18.2;335.6140519;162;60.0;10.2;96.27;0.3715390803586782
2021;6;25;16;18.6;370.7545764;107;62.3;11.06;96.22;0.3730228178663788
2021;6;25;17;18.2;327.5199243;87;63.1;10.82;96.22;0.3745094159747646
2021;6;25;18;17.8;231.0082549;50;63.8;10.56;96.23;0.37599887391903764
2021;6;25;19;17.1;861.912578;9;67.8;10.66;96.22;0.37749119093293704
2021;6;25;20;15.3;0.0;0;82.9;11.88;96.24;0.37898636624872317
2021;6;25;21;15.2;0.0;0;82.4;11.68;96.27;0.38048439909718645
2021;6;25;22;14.0;0.0;0;89.1;11.82;96.26;0.3819852887076518
2021;6;25;23;11.9;0.0;0;94.0;10.7;96.26;0.38348903430797066
2021;6;26;0;11.8;0.0;0;92.9;10.38;96.25;0.3849956351245245
2021;6;26;1;11.1;0.0;0;94.1;9.92;96.21;0.38650509038223024
2021;6;26;2;10.1;0.0;0;96.5;9.4;96.18;0.38801739930453394
2021;6;26;3;10.1;0.0;0;96.8;9.46;96.18;0.38953256111341084
2021;6;26;4;9.8;0.0;19;97.4;9.28;96.17;0.39105057502937424
2021;6;26;5;11.4;0.0;73;93.7;10.14;96.18;0.39257144027146396
2021;6;26;6;13.4;249.24765;106;91.3;11.66;96.18;0.394095156057257
2021;6;26;7;15.1;342.7813051;203;84.1;11.92;96.19;0.395621721602863
2021;6;26;8;17.1;614.9975976;140;76.6;12.42;96.18;0.39715113612292274
2021;6;26;9;18.4;622.8503911;249;67.4;11.88;96.15;0.39868339883061843
2021;6;26;10;19.2;380.8635836;365;63.8;11.96;96.13;0.40021850893765887
2021;6;26;11;19.4;408.878406;271;64.2;12.24;96.1;0.40175646565429357
2021;6;26;12;21.1;615.2284695;337;57.8;12.66;96.08;0.4032972681893039
2021;6;26;13;22.1;992.4522905;78;59.1;13.92;96.03;0.40484091575001013
2021;6;26;14;22.8;797.9277789;244;54.3;13.66;96.0;0.40638740754226443
2021;6;26;15;23.2;877.6831391;132;53.8;13.96;95.96;0.4079367427704632
2021;6;26;16;23.6;602.9615465;232;53.9;14.38;95.93;0.40948892063753384
2021;6;26;17;23.7;875.5692983;97;47.8;13.26;95.88;0.4110439403449426
2021;6;26;18;21.7;900.815343;59;61.1;13.92;95.89;0.41260180109269484
2021;6;26;19;20.0;1000.0;8;74.4;14.88;95.9;0.4141625020793338
2021;6;26;20;17.3;0.0;0;87.1;14.72;95.94;0.4157260425019409
2021;6;26;21;15.6;0.0;0;90.7;13.74;95.96;0.4172924215561373
2021;6;26;22;14.3;0.0;0;93.4;12.98;95.94;0.4188616384360824
2021;6;26;23;13.9;0.0;0;93.4;12.58;95.95;0.42043369233448136
2021;6;27;0;14.1;0.0;0;88.6;11.82;95.96;0.42200858244257144
2021;6;27;1;12.9;0.0;0;93.1;11.52;95.94;0.42358630795013763
2021;6;27;2;12.9;0.0;0;92.1;11.32;95.93;0.4251668680455021
2021;6;27;3;12.6;0.0;0;91.9;10.98;95.9;0.42675026191552945
2021;6;27;4;11.8;0.0;20;92.8;10.36;95.92;0.4283364887456287
2021;6;27;5;12.6;0.0;49;92.1;11.02;95.93;0.4299255477197468
2021;6;27;6;15.5;334.193858;99;80.0;11.5;95.9;0.43151743802038034
2021;6;27;7;18.1;323.989384;215;77.0;13.5;95.91;0.433112158828564
2021;6;27;8;19.7;521.7175177;166;71.8;14.06;95.9;0.43470970932387853
2021;6;27;9;21.4;525.7011747;154;72.3;15.86;95.83;0.436310088684448
2021;6;27;10;22.5;474.9183701;228;66.5;15.8;95.82;0.43791329608694074
2021;6;27;11;22.3;608.0668912;170;58.8;14.06;95.79;0.43951933070657123
2021;6;27;12;23.8;661.3655097;152;53.7;14.54;95.77;0.44112819171709816
2021;6;27;13;24.0;544.3042009;154;50.8;14.16;95.75;0.44273987829082984
2021;6;27;14;25.2;683.568081;152;53.1;15.82;95.74;0.4443543895986162
2021;6;27;15;24.4;498.1242299;141;62.5;16.9;95.7;0.4459717248098567
2021;6;27;16;24.5;136.4217564;135;58.7;16.24;95.68;0.447591883092497
2021;6;27;17;24.6;415.5910495;89;61.9;16.98;95.66;0.4492148636130304
2021;6;27;18;22.9;171.9762407;67;76.6;18.22;95.69;0.45084066553649826
2021;6;27;19;21.7;373.9224696;8;80.3;17.76;95.74;0.45246928802648956
2021;6;27;20;18.7;0.0;0;80.9;14.88;95.86;0.4541007302451465
2021;6;27;21;18.6;0.0;0;83.9;15.38;95.9;0.45573499135315654
2021;6;27;22;18.4;0.0;0;83.5;15.1;95.9;0.4573720705097575
2021;6;27;23;17.0;0.0;0;93.4;15.68;95.89;0.4590119668727377
2021;6;28;0;16.7;0.0;0;95.1;15.72;95.92;0.4606546795984361
2021;6;28;1;16.1;0.0;0;96.7;15.44;95.9;0.46230020784174375
2021;6;28;2;16.2;0.0;0;92.6;14.72;95.87;0.46394855075609964
2021;6;28;3;14.7;0.0;0;98.1;14.32;95.85;0.4655997074935012
2021;6;28;4;14.2;0.0;19;97.7;13.74;95.83;0.46725367720449285
2021;6;28;5;15.0;167.5363841;22;96.6;14.32;95.85;0.46891045903817385
2021;6;28;6;17.5;492.9333174;31;90.3;15.56;95.86;0.4705700521421976
2021;6;28;7;18.7;256.5737437;218;83.4;15.38;95.87;0.47223245566276706
2021;6;28;8;21.2;385.7247614;295;75.3;16.26;95.87;0.47389766874464456
2021;6;28;9;21.0;275.3162061;304;74.3;15.86;95.84;0.47556569053114206
2021;6;28;10;22.5;410.3215707;176;72.8;17.06;95.81;0.47723652016413354
2021;6;28;11;24.3;389.4281478;416;62.6;16.82;95.78;0.4789101567840426
2021;6;28;12;25.2;775.4715869;227;59.2;17.04;95.75;0.4805865995298486
2021;6;28;13;27.3;545.5372002;419;50.1;17.32;95.67;0.4822658475390913
2021;6;28;14;23.0;98.0172707;329;57.5;14.5;95.69;0.4839478999478626
2021;6;28;15;17.1;0.0;287;93.4;15.78;95.86;0.48563275589081645
2021;6;28;16;17.4;0.0;175;85.0;14.4;95.87;0.4873204145011618
2021;6;28;17;17.9;103.892604;46;85.4;14.98;95.89;0.48901087491066164
2021;6;28;18;16.8;0.0;54;93.0;15.4;95.9;0.49070413624964804
2021;6;28;19;16.7;521.4035999;1;95.7;15.84;95.94;0.4924001976470045
2021;6;28;20;16.6;0.0;0;97.7;16.14;96.01;0.49409905823017297
2021;6;28;21;16.4;0.0;0;98.5;16.1;96.04;0.49580071712516016
2021;6;28;22;16.1;0.0;0;96.2;15.34;95.96;0.49750517345652945
2021;6;28;23;16.0;0.0;0;97.8;15.56;95.94;0.49921242634740537
2021;6;29;0;15.8;0.0;0;97.5;15.3;95.92;0.5009224749194781
2021;6;29;1;15.6;0.0;0;96.3;14.86;95.87;0.5026353182929952
2021;6;29;2;15.4;0.0;0;97.2;14.84;95.84;0.5043509555867667
2021;6;29;3;15.6;0.0;0;96.8;14.96;95.79;0.506069385918166
2021;6;29;4;15.6;0.0;2;97.4;15.08;95.75;0.5077906084031305
2021;6;29;5;15.8;31.60982995;30;95.0;14.8;95.72;0.5095146221561597
2021;6;29;6;16.5;121.5080605;62;92.7;15.04;95.69;0.5112414262903151
2021;6;29;7;17.3;216.1913936;110;88.4;14.98;95.67;0.5129710199172299
2021;6;29;8;17.8;103.4085648;264;84.2;14.64;95.62;0.514703402147096
2021;6;29;9;17.3;0.0;331;85.7;14.44;95.73;0.5164385720886715
2021;6;29;10;15.1;0.0;428;85.8;12.26;95.76;0.5181765288492821
2021;6;29;11;14.9;0.0;291;89.3;12.76;95.83;0.5199172715348173
2021;6;29;12;19.3;535.7882366;271;72.1;13.72;95.79;0.5216607992497364
2021;6;29;13;18.2;447.281214;165;68.2;11.84;95.78;0.5234071110970611
2021;6;29;14;17.6;159.6133719;148;68.7;11.34;95.79;0.5251562061783881
2021;6;29;15;19.6;317.9364596;137;65.2;12.64;95.74;0.5269080835938773
2021;6;29;16;19.9;800.0918637;131;56.2;11.14;95.67;0.5286627424422576
2021;6;29;17;19.6;290.9475878;104;54.2;10.44;95.63;0.5304201818208263
2021;6;29;18;16.3;0.0;61;78.7;12.04;95.68;0.5321804008254531
2021;6;29;19;14.6;621.5551673;8;92.4;13.08;95.73;0.5339433985505755
2021;6;29;20;14.2;0.0;0;92.4;12.68;95.83;0.5357091740891997
2021;6;29;21;13.4;0.0;0;89.1;11.22;95.96;0.5374777265329067
2021;6;29;22;12.1;0.0;0;93.5;10.8;95.97;0.5392490549718483
2021;6;29;23;12.0;0.0;0;94.3;10.86;95.99;0.5410231584947471
2021;6;30;0;12.2;0.0;0;90.0;10.2;95.98;0.5428000361888969
2021;6;30;1;12.0;0.0;0;93.4;10.68;95.96;0.5445796871401649
2021;6;30;2;12.2;0.0;0;88.2;9.84;95.94;0.5463621104329937
2021;6;30;3;10.7;0.0;0;91.0;8.9;95.92;0.5481473051503958
2021;6;30;4;11.1;0.0;18;86.2;8.34;95.95;0.5499352703739628
2021;6;30;5;11.7;0.0;66;88.0;9.3;95.96;0.5517260051838564
2021;6;30;6;12.8;0.0;99;83.7;9.54;95.97;0.5535195086588169
2021;6;30;7;13.6;40.98874875;117;81.7;9.94;95.99;0.5553157798761577
2021;6;30;8;14.5;155.341774;121;73.6;9.22;96.0;0.5571148179117698
2021;6;30;9;15.9;247.5195392;135;66.0;9.1;95.98;0.5589166218401198
2021;6;30;10;17.6;521.2095574;138;56.2;8.84;95.97;0.5607211907342524
2021;6;30;11;18.3;676.1715041;145;56.4;9.58;95.92;0.5625285236657867
2021;6;30;12;16.9;346.3752635;133;57.3;8.36;95.93;0.5643386197049276
2021;6;30;13;18.3;445.1212132;138;51.5;8.6;95.9;0.5661514779204504
2021;6;30;14;17.0;202.3865886;134;61.3;9.26;95.95;0.5679670973797117
2021;6;30;15;16.3;48.35812416;130;70.3;10.36;95.97;0.569785477148649
2021;6;30;16;16.5;1.84390888;123;68.7;10.24;95.97;0.5716066162917794
2021;6;30;17;16.1;0.0;98;70.9;10.28;95.98;0.5734305138721991
2021;6;30;18;14.5;0.0;59;89.1;12.32;96.04;0.5752571689515831
2021;6;30;19;13.9;0.0;6;92.2;12.34;96.08;0.5770865805901968
2021;6;30;20;13.9;0.0;0;92.8;12.46;96.12;0.5789187478468785
2021;6;30;21;13.9;0.0;0;94.2;12.74;96.16;0.5807536697790505
2021;6;30;22;13.8;0.0;0;93.0;12.4;96.15;0.5825913454427205
2021;6;30;23;13.8;0.0;0;93.9;12.58;96.14;0.5844317738924776
2021;7;1;0;13.5;0.0;0;94.4;12.38;96.13;0.5862749541814942
2021;7;1;1;13.6;0.0;0;92.1;12.02;96.11;0.5881208853615272
2021;7;1;2;13.7;0.0;0;89.9;11.68;96.1;0.5899695664829236
2021;7;1;3;13.6;0.0;0;92.7;12.14;96.1;0.5918209965946089
2021;7;1;4;13.9;0.0;18;89.4;11.78;96.09;0.5936751747440958
2021;7;1;5;14.0;0.0;85;90.6;12.12;96.11;0.5955320999774836
2021;7;1;6;14.1;0.0;169;92.7;12.64;96.12;0.5973917713394608
2021;7;1;7;15.8;273.8771215;167;83.5;12.5;96.15;0.5992541878732984
2021;7;1;8;17.0;294.3894853;192;77.7;12.54;96.15;0.6011193486208581
2021;7;1;9;18.0;143.2579707;251;70.0;12.0;96.14;0.6029872526225928
2021;7;1;10;18.9;63.89804464;407;64.9;11.88;96.14;0.6048578989175377
2021;7;1;11;20.4;308.541206;418;57.1;11.82;96.11;0.6067312865433232
2021;7;1;12;21.0;487.9993037;285;48.3;10.66;96.11;0.6086074145361637
2021;7;1;13;20.8;364.0053166;346;54.9;11.78;96.1;0.6104862819308678
2021;7;1;14;21.8;350.8192909;303;54.7;12.74;96.1;0.6123678877608336
2021;7;1;15;21.4;628.8267203;227;49.3;11.26;96.08;0.6142522310580478
2021;7;1;16;21.1;691.7052307;42;54.4;11.98;96.07;0.6161393108530966
2021;7;1;17;21.4;712.4855602;33;54.7;12.34;96.06;0.6180291261751503
2021;7;1;18;21.0;1000.0;12;51.0;11.2;96.06;0.619921676051975
2021;7;1;19;19.8;1000.0;1;57.1;11.22;96.06;0.6218169595099301
2021;7;1;20;16.7;0.0;0;78.0;12.3;96.09;0.623714975573967
2021;7;1;21;16.5;0.0;0;75.8;11.66;96.13;0.6256157232676314
2021;7;1;22;15.1;0.0;0;85.2;12.14;96.15;0.6275192016130697
2021;7;1;23;13.3;0.0;0;92.3;11.76;96.17;0.6294254096310157
2021;7;2;0;12.6;0.0;0;93.1;11.22;96.17;0.6313343463408021
2021;7;2;1;13.0;0.0;0;92.2;11.44;96.15;0.6332460107603577
2021;7;2;2;12.6;0.0;0;92.1;11.02;96.13;0.6351604019062069
2021;7;2;3;12.6;0.0;0;89.3;10.46;96.14;0.6370775187934745
2021;7;2;4;11.9;0.0;16;92.0;10.3;96.15;0.6389973604358783
2021;7;2;5;12.8;236.8163606;23;90.1;10.82;96.18;0.6409199258457363
2021;7;2;6;14.9;474.1636814;53;83.5;11.6;96.21;0.6428452140339687
2021;7;2;7;17.0;570.6305969;100;72.9;11.58;96.23;0.6447732240100921
2021;7;2;8;19.8;669.1940897;124;64.1;12.62;96.22;0.6467039547822191
2021;7;2;9;19.6;740.399383;149;47.4;9.08;96.21;0.6486374053570705
2021;7;2;10;21.7;509.3097763;407;50.6;11.82;96.21;0.650573574739961
2021;7;2;11;22.3;524.8700223;451;46.4;11.58;96.19;0.6525124619348084
2021;7;2;12;22.8;783.3951833;246;40.3;10.86;96.15;0.6544540659441322
2021;7;2;13;22.9;785.5684362;202;44.6;11.82;96.13;0.6563983857690605
2021;7;2;14;24.0;893.0885055;195;43.2;12.64;96.12;0.6583454204093151
2021;7;2;15;24.0;665.7198793;295;40.8;12.16;96.13;0.6602951688632235
2021;7;2;16;22.6;586.8524783;128;39.0;10.4;96.11;0.6622476301277214
2021;7;2;17;22.3;270.6558983;143;48.8;12.06;96.08;0.6642028031983438
2021;7;2;18;21.7;568.5994624;36;53.6;12.42;96.07;0.6661606870692331
2021;7;2;19;19.0;1000.0;2;70.4;13.08;96.05;0.6681212807331347
2021;7;2;20;18.7;0.0;0;62.3;11.16;96.09;0.6700845831814055
2021;7;2;21;16.8;0.0;0;75.0;11.8;96.11;0.6720505934040037
2021;7;2;22;14.4;0.0;0;89.8;12.36;96.11;0.6740193103894958
2021;7;2;23;14.9;0.0;0;87.9;12.48;96.1;0.6759907331250563
2021;7;3;0;14.2;0.0;0;89.0;12.0;96.08;0.6779648605964663
2021;7;3;1;14.2;0.0;0;87.7;11.74;96.08;0.6799416917881169
2021;7;3;2;13.6;0.0;0;92.4;12.08;96.05;0.6819212256830047
2021;7;3;3;13.8;0.0;0;89.3;11.66;96.07;0.6839034612627461
2021;7;3;4;13.8;0.0;12;87.5;11.3;96.06;0.6858883975075551
2021;7;3;5;13.9;0.0;87;89.2;11.74;96.05;0.6878760333962637
2021;7;3;6;16.2;195.0130895;153;81.9;12.58;96.05;0.689866367906312
2021;7;3;7;17.3;190.6863948;245;74.9;12.28;96.05;0.6918594000137528
2021;7;3;8;18.6;430.0640101;166;70.0;12.6;96.04;0.6938551286932517
2021;7;3;9;19.4;152.6640989;326;63.8;12.16;96.01;0.6958535529180851
2021;7;3;10;20.1;118.7176295;325;62.0;12.5;96.0;0.697854671660143
2021;7;3;11;20.3;87.17353698;261;69.9;14.28;96.0;0.6998584838899342
2021;7;3;12;19.4;42.81491064;205;75.9;14.58;96.01;0.7018649885765758
2021;7;3;13;18.8;84.78101143;136;78.2;14.44;96.01;0.7038741846878
2021;7;3;14;17.9;18.87635636;114;90.3;15.96;96.04;0.7058860711899584
2021;7;3;15;17.0;17.60448051;79;92.2;15.44;96.06;0.7079006470480147
2021;7;3;16;16.7;49.85859525;58;90.8;14.86;96.04;0.7099179112255483
2021;7;3;17;16.5;39.07794265;74;92.5;15.0;96.03;0.7119378626847626
2021;7;3;18;16.0;104.8624129;18;92.5;14.5;96.01;0.7139605003864711
2021;7;3;19;16.0;270.2820444;5;94.7;14.94;95.96;0.715985823290108
2021;7;3;20;15.7;0.0;0;96.8;15.06;95.98;0.7180138303537262
2021;7;3;21;15.5;0.0;0;96.7;14.84;95.98;0.7200445205339978
2021;7;3;22;14.3;0.0;0;97.6;13.82;95.95;0.7220778927862117
2021;7;3;23;14.6;0.0;0;95.9;13.78;95.9;0.7241139460642829
2021;7;4;0;14.4;0.0;0;97.8;13.96;95.87;0.7261526793207391
2021;7;4;1;14.7;0.0;0;96.4;13.98;95.84;0.7281940915067393
2021;7;4;2;14.9;0.0;0;98.0;14.5;95.8;0.730238181572056
2021;7;4;3;15.0;0.0;0;96.8;14.36;95.79;0.7322849484650886
2021;7;4;4;15.0;0.0;5;96.7;14.34;95.78;0.7343343911328555
2021;7;4;5;15.2;0.0;87;93.0;13.8;95.77;0.7363865085210008
2021;7;4;6;16.4;2.879887915;170;92.6;14.92;95.7;0.7384412995737923
2021;7;4;7;17.0;31.53588203;163;89.3;14.86;95.75;0.7404987632341253
2021;7;4;8;17.5;0.0;324;87.7;15.04;95.74;0.742558898443515
2021;7;4;9;18.0;0.0;358;84.6;14.92;95.69;0.7446217041421042
2021;7;4;10;18.6;191.0689441;130;80.6;14.72;95.65;0.7466871792686636
2021;7;4;11;19.0;0.0;346;81.2;15.24;95.62;0.7487553227605881
2021;7;4;12;19.1;0.0;354;79.3;14.96;95.59;0.7508261335539022
2021;7;4;13;19.5;0.0;368;71.4;13.78;95.58;0.7528996105832544
2021;7;4;14;18.4;40.29043171;169;75.3;13.46;95.63;0.7549757527819239
2021;7;4;15;19.6;293.5777423;83;64.6;12.52;95.66;0.757054559081821
2021;7;4;16;18.8;768.7891297;95;60.8;10.96;95.67;0.7591360284134838
2021;7;4;17;18.9;96.51553472;128;62.5;11.4;95.7;0.7612201597060793
2021;7;4;18;18.7;493.7433208;52;62.2;11.14;95.77;0.7633069518874036
2021;7;4;19;17.5;1000.0;6;69.5;11.4;95.79;0.7653964038838881
2021;7;4;20;15.6;0.0;0;78.7;11.34;95.85;0.767488514620589
2021;7;4;21;15.8;0.0;0;78.6;11.52;95.86;0.7695832830212064
2021;7;4;22;15.2;0.0;0;83.6;11.92;95.84;0.7716807080080619
2021;7;4;23;15.3;0.0;0;83.2;11.94;95.82;0.7737807885021155
2021;7;5;0;15.4;0.0;0;83.2;12.04;95.79;0.7758835234229595
2021;7;5;1;15.6;0.0;0;81.6;11.92;95.77;0.777988911688821
2021;7;5;2;15.2;0.0;0;85.2;12.24;95.74;0.7800969522165628
2021;7;5;3;15.0;0.0;0;86.5;12.3;95.7;0.7822076439216836
2021;7;5;4;14.9;0.0;5;86.8;12.26;95.72;0.7843209857183115
2021;7;5;5;14.9;0.0;24;89.6;12.82;95.72;0.7864369765192247
2021;7;5;6;15.7;0.0;117;81.8;12.06;95.71;0.7885556152358291
2021;7;5;7;16.1;0.0;192;77.1;11.52;95.72;0.7906769007781662
2021;7;5;8;17.2;0.0;317;74.0;12.0;95.72;0.7928008320549242
2021;7;5;9;18.5;10.37802672;353;71.7;12.84;95.72;0.7949274079734225
2021;7;5;10;20.4;36.15456866;433;62.1;12.82;95.68;0.7970566274396216
2021;7;5;11;20.8;0.0;455;61.9;13.18;95.68;0.7991884893581291
2021;7;5;12;21.3;158.2930741;232;57.7;12.84;95.64;0.8013229926321843
2021;7;5;13;22.1;10.32303639;401;54.5;13.0;95.61;0.8034601361636717
2021;7;5;14;22.8;0.0;378;52.4;13.28;95.58;0.8055999188531162
2021;7;5;15;23.8;232.0848634;253;51.0;14.0;95.53;0.8077423395996854
2021;7;5;16;25.0;469.8391623;233;49.9;14.98;95.5;0.80988739730119
2021;7;5;17;24.9;843.826385;111;51.4;15.18;95.46;0.8120350908540832
2021;7;5;18;24.4;848.4521829;74;52.4;14.88;95.45;0.8141854191534623
2021;7;5;19;22.0;1000.0;2;64.6;14.92;95.46;0.8163383810930727
2021;7;5;20;18.9;0.0;0;75.7;14.04;95.5;0.8184939755652998
2021;7;5;21;17.5;0.0;0;82.7;14.04;95.54;0.8206522014611775
2021;7;5;22;17.3;0.0;0;82.1;13.72;95.54;0.822813057670384
2021;7;5;23;15.8;0.0;0;88.7;13.54;95.53;0.8249765430812461
2021;7;6;0;15.4;0.0;0;91.2;13.64;95.47;0.8271426565807349
2021;7;6;1;14.6;0.0;0;93.6;13.32;95.39;0.829311397054477
2021;7;6;2;13.9;0.0;0;95.8;13.06;95.38;0.8314827633867408
2021;7;6;3;13.1;0.0;0;97.2;12.54;95.31;0.8336567544604438
2021;7;6;4;13.2;0.0;4;97.5;12.7;95.32;0.8358333691571556
2021;7;6;5;14.8;11.14597838;43;93.9;13.58;95.39;0.8380126063570952
2021;7;6;6;16.8;278.9619404;65;90.4;14.88;95.41;0.8401944649391329
2021;7;6;7;17.7;0.0;227;89.9;15.68;95.54;0.8423789437807896
2021;7;6;8;17.4;0.0;211;93.1;16.02;95.58;0.8445660417582355
2021;7;6;9;17.6;0.0;266;94.3;16.46;95.57;0.846755757746303
2021;7;6;10;18.3;0.0;289;92.0;16.7;95.54;0.8489480906184665
2021;7;6;11;18.3;0.0;440;88.0;15.9;95.67;0.8511430392468613
2021;7;6;12;18.6;0.0;267;88.2;16.24;95.64;0.8533406025022723
2021;7;6;13;18.6;0.0;216;90.0;16.6;95.67;0.8555407792541425
2021;7;6;14;18.0;0.0;354;90.0;16.0;95.66;0.8577435683705685
2021;7;6;15;18.0;0.0;307;93.0;16.6;95.65;0.8599489687183013
2021;7;6;16;17.9;0.0;145;92.5;16.4;95.69;0.8621569791627577
2021;7;6;17;17.8;0.0;97;97.9;17.38;95.74;0.8643675985679993
2021;7;6;18;16.9;0.0;60;94.8;15.86;95.79;0.8665808257967536
2021;7;6;19;16.5;0.0;6;96.9;15.88;95.83;0.8687966597104024
2021;7;6;20;15.7;0.0;0;96.3;14.96;95.84;0.8710150991689893
2021;7;6;21;15.9;0.0;0;97.3;15.36;95.89;0.8732361430312157
2021;7;6;22;15.6;0.0;0;97.6;15.12;95.86;0.8754597901544408
2021;7;6;23;15.4;0.0;0;98.9;15.18;95.89;0.8776860393946926
2021;7;7;0;15.5;0.0;0;97.7;15.04;95.89;0.8799148896066535
2021;7;7;1;15.3;0.0;0;98.0;14.9;95.88;0.8821463396436693
2021;7;7;2;15.4;0.0;0;96.4;14.68;95.87;0.884380388357747
2021;7;7;3;15.1;0.0;0;97.4;14.58;95.87;0.8866170345995599
2021;7;7;4;15.2;0.0;14;96.3;14.46;95.9;0.8888562772184398
2021;7;7;5;15.1;0.0;74;97.4;14.58;95.95;0.891098115062392
2021;7;7;6;15.4;0.0;147;97.3;14.86;95.98;0.8933425469780776
2021;7;7;7;15.8;0.0;120;97.1;15.22;95.99;0.8955895718108264
2021;7;7;8;16.8;47.8118166;166;93.6;15.52;96.01;0.8978391884046353
2021;7;7;9;17.5;225.0868863;144;84.9;14.48;96.03;0.9000913956021659
2021;7;7;10;19.7;534.1953327;148;75.2;14.74;96.05;0.9023461922447478
2021;7;7;11;20.3;728.562506;151;73.1;14.92;96.04;0.9046035771723799
2021;7;7;12;21.3;818.0060267;145;67.8;14.86;96.05;0.9068635492237265
2021;7;7;13;21.6;782.2118421;148;65.0;14.6;96.03;0.9091261072361219
2021;7;7;14;22.0;647.223597;146;63.8;14.76;96.04;0.9113912500455745
2021;7;7;15;22.5;554.7061011;136;61.4;14.78;96.02;0.9136589764867562
2021;7;7;16;22.5;856.5561263;119;60.6;14.62;96.01;0.9159292853930152
2021;7;7;17;22.3;854.8375574;92;60.8;14.46;96.02;0.9182021755963676
2021;7;7;18;21.0;739.4732506;57;65.3;14.06;96.01;0.9204776459275008
2021;7;7;19;18.6;862.6834027;6;81.8;14.96;96.04;0.922755695215776
2021;7;7;20;18.3;0.0;0;82.5;14.8;96.13;0.925036322289233
2021;7;7;21;17.5;0.0;0;86.7;14.84;96.15;0.9273195259745783
2021;7;7;22;16.6;0.0;0;92.3;15.06;96.14;0.9296053050971942
2021;7;7;23;16.4;0.0;0;94.2;15.24;96.19;0.9318936584811395
2021;7;8;0;16.2;0.0;0;94.1;15.02;96.18;0.9341845849491497
2021;7;8;1;15.9;0.0;0;97.2;15.34;96.25;0.9364780833226334
2021;7;8;2;15.9;0.0;0;96.9;15.28;96.18;0.9387741524216775
2021;7;8;3;15.7;0.0;0;97.9;15.28;96.13;0.9410727910650447
2021;7;8;4;15.8;0.0;13;97.9;15.38;96.2;0.9433739980701832
2021;7;8;5;15.8;0.0;69;97.5;15.3;96.25;0.9456777722532115
2021;7;8;6;16.1;0.0;145;94.8;15.06;96.32;0.9479841124289292
2021;7;8;7;16.0;0.0;130;93.8;14.76;96.33;0.950293017410818
2021;7;8;8;17.8;567.2344863;70;80.0;13.8;96.34;0.9526044860110394
2021;7;8;9;19.1;423.5139432;172;66.2;12.34;96.31;0.9549185170404311
2021;7;8;10;19.3;300.7766526;165;65.5;12.4;96.35;0.9572351093085238
2021;7;8;11;20.1;57.63331757;444;61.3;12.36;96.32;0.95955426162352
2021;7;8;12;20.0;0.0;445;61.9;12.38;96.29;0.9618759727923099
2021;7;8;13;19.3;85.06654852;325;62.6;11.82;96.26;0.9642002416204667
2021;7;8;14;17.2;0.0;115;80.0;13.2;96.36;0.9665270669122457
2021;7;8;15;15.4;0.0;176;91.8;13.76;96.4;0.9688564474705892
2021;7;8;16;15.5;0.0;78;90.9;13.68;96.42;0.9711883820971252
2021;7;8;17;15.5;0.0;59;89.6;13.42;96.46;0.9735228695921636
2021;7;8;18;14.9;55.71334659;16;94.1;13.72;96.49;0.9758599087547095
2021;7;8;19;14.2;110.1015463;4;95.7;13.34;96.49;0.9781994983824474
2021;7;8;20;14.3;0.0;0;93.6;13.02;96.52;0.9805416372717533
2021;7;8;21;14.4;0.0;0;92.6;12.92;96.57;0.9828863242176888
2021;7;8;22;14.6;0.0;0;93.9;13.38;96.63;0.9852335580140084
2021;7;8;23;14.4;0.0;0;93.2;13.04;96.66;0.9875833374531497
2021;7;9;0;13.3;0.0;0;94.4;12.18;96.65;0.9899356613262542
2021;7;9;1;12.9;0.0;0;93.8;11.66;96.64;0.9922905284231396
2021;7;9;2;13.3;0.0;0;93.7;12.04;96.63;0.9946479375323234
2021;7;9;3;12.9;0.0;0;93.8;11.66;96.63;0.9970078874410122
2021;7;9;4;13.2;0.0;10;91.0;11.4;96.63;0.9993703769351061
2021;7;9;5;13.1;0.0;41;93.1;11.72;96.64;1.0017354047992004
2021;7;9;6;14.1;318.5521577;28;91.4;12.38;96.66;1.0041029698165822
2021;7;9;7;15.9;176.036918;187;84.6;12.82;96.66;1.006473070769232
2021;7;9;8;17.5;653.6811006;129;65.8;10.66;96.65;1.0088457064378327
2021;7;9;9;18.7;759.6516163;140;61.0;10.9;96.61;1.011220875601757
2021;7;9;10;19.4;917.537421;92;49.2;9.24;96.61;1.0135985770390752
2021;7;9;11;19.3;549.1973577;369;55.6;10.42;96.56;1.0159788095265538
2021;7;9;12;20.8;732.3269466;186;55.1;11.82;96.53;1.0183615718396615
2021;7;9;13;21.2;725.998672;141;48.0;10.8;96.5;1.0207468627525573
2021;7;9;14;21.6;644.5796837;294;48.7;11.34;96.47;1.023134681038112
2021;7;9;15;22.1;570.6284087;308;46.3;11.36;96.42;1.0255250254678847
2021;7;9;16;22.5;635.9225781;190;44.1;11.32;96.38;1.0279178948121412
2021;7;9;17;22.0;843.0390161;129;47.2;11.44;96.35;1.030313287839844
2021;7;9;18;21.3;1000.0;21;52.2;11.74;96.35;1.0327112033186605
2021;7;9;19;19.5;1000.0;4;61.4;11.78;96.37;1.0351116400149598
2021;7;9;20;17.2;0.0;0;74.4;12.08;96.4;1.0375145966938133
2021;7;9;21;15.0;0.0;0;89.0;12.8;96.41;1.039920072118992
2021;7;9;22;13.9;0.0;0;93.1;12.52;96.41;1.0423280650529838
2021;7;9;23;13.4;0.0;0;92.0;11.8;96.39;1.044738574256967
2021;7;10;0;12.9;0.0;0;92.6;11.42;96.36;1.0471515984908342
2021;7;10;1;12.3;0.0;0;95.3;11.36;96.3;1.0495671365131791
2021;7;10;2;11.8;0.0;0;96.1;11.02;96.25;1.0519851870813053
2021;7;10;3;11.3;0.0;0;96.0;10.5;96.24;1.0544057489512202
2021;7;10;4;11.1;0.0;2;96.7;10.44;96.22;1.056828820877647
2021;7;10;5;12.1;0.0;63;95.5;11.2;96.22;1.0592544016140097
2021;7;10;6;14.4;406.262237;53;89.0;12.2;96.25;1.0616824899124442
2021;7;10;7;16.6;373.3088291;178;82.6;13.12;96.22;1.0641130845237976
2021;7;10;8;17.9;375.7157099;297;72.8;12.46;96.16;1.066546184197624
2021;7;10;9;20.0;413.1544274;388;69.0;13.8;96.1;1.068981787682194
2021;7;10;10;20.8;501.0312692;401;60.9;12.98;96.06;1.071419893724486
2021;7;10;11;22.1;759.7243311;212;55.8;13.26;96.02;1.0738605010701896
2021;7;10;12;23.2;500.1015476;344;56.1;14.42;95.97;1.076303608463716
2021;7;10;13;23.7;770.445406;257;54.5;14.6;95.92;1.0787492146481812
2021;7;10;14;24.8;636.3768818;325;46.0;14.0;95.87;1.0811973183654198
2021;7;10;15;25.6;597.9024303;308;33.9;12.38;95.81;1.0836479183559797
2021;7;10;16;24.5;826.9804129;91;39.6;12.42;95.75;1.0861010133591265
2021;7;10;17;22.3;182.2730533;100;55.6;13.42;95.75;1.0885566021128383
2021;7;10;18;16.6;0.0;67;87.2;14.04;95.99;1.0910146833538183
2021;7;10;19;16.3;38.5391425;5;92.1;14.72;95.98;1.0934752558174798
2021;7;10;20;16.0;0.0;0;94.7;14.94;96.22;1.0959383182379563
2021;7;10;21;14.9;0.0;0;87.0;12.3;96.21;1.0984038693481022
2021;7;10;22;14.0;0.0;0;92.0;12.4;96.23;1.1008719078794904
2021;7;10;23;13.4;0.0;0;96.0;12.6;96.23;1.103342432562413
2021;7;11;0;13.2;0.0;0;96.0;12.4;96.19;1.105815442125886
2021;7;11;1;12.9;0.0;0;97.2;12.34;96.21;1.1082909352976422
2021;7;11;2;13.0;0.0;0;94.0;11.8;96.17;1.1107689108041399
2021;7;11;3;12.3;0.0;0;97.6;11.82;96.16;1.113249367370564
2021;7;11;4;11.0;0.0;1;99.1;10.82;96.15;1.1157323037208169
2021;7;11;5;12.5;0.0;82;96.3;11.76;96.14;1.1182177185775277
2021;7;11;6;14.2;50.69292306;60;89.9;12.18;96.12;1.1207056106620508
2021;7;11;7;15.9;223.5426919;183;81.4;12.18;96.14;1.1231959786944632
2021;7;11;8;17.3;101.1535545;316;79.8;13.26;96.16;1.1256888213935703
2021;7;11;9;18.8;417.8076924;233;71.2;13.04;96.15;1.1281841374769082
2021;7;11;10;19.3;245.5738282;416;65.3;12.36;96.12;1.1306819256607357
2021;7;11;11;20.9;709.4489694;251;54.8;11.86;96.09;1.133182184660039
2021;7;11;12;20.8;551.4543321;450;57.0;12.2;96.06;1.1356849131885376
2021;7;11;13;22.1;826.5601571;141;49.3;11.96;96.03;1.1381901099586766
2021;7;11;14;23.0;490.1565729;371;48.3;12.66;95.99;1.1406977736816337
2021;7;11;15;22.9;922.4481015;118;45.9;12.08;95.92;1.143207903067312
2021;7;11;16;23.4;960.9987644;87;45.5;12.5;95.85;1.1457204968243584
2021;7;11;17;23.1;778.9419011;134;46.0;12.3;95.82;1.1482355536601405
2021;7;11;18;22.5;967.6394506;44;49.6;12.42;95.8;1.1507530722807626
2021;7;11;19;20.8;1000.0;4;55.9;11.98;95.79;1.1532730513910607
2021;7;11;20;16.9;0.0;0;82.7;13.44;95.81;1.1557954896946097
2021;7;11;21;14.9;0.0;0;89.3;12.76;95.81;1.158320385893714
2021;7;11;22;14.3;0.0;0;91.9;12.68;95.75;1.160847738689415
2021;7;11;23;12.7;0.0;0;94.6;11.62;95.75;1.1633775467814944
2021;7;12;0;12.7;0.0;0;93.8;11.46;95.74;1.1659098088684665
2021;7;12;1;11.9;0.0;0;95.7;11.04;95.72;1.1684445236475822
2021;7;12;2;12.6;0.0;0;95.7;11.74;95.74;1.1709816898148349
2021;7;12;3;13.1;0.0;0;93.7;11.84;95.73;1.173521306064953
2021;7;12;4;12.7;0.0;6;95.8;11.86;95.65;1.1760633710914057
2021;7;12;5;13.7;0.0;72;94.7;12.64;95.54;1.1786078835863991
2021;7;12;6;14.9;176.9481555;98;87.4;12.38;95.49;1.1811548422408915
2021;7;12;7;16.6;359.738716;120;84.0;13.4;95.44;1.183704245744571
2021;7;12;8;18.1;285.4799944;233;80.0;14.1;95.49;1.1862560927858699
2021;7;12;9;20.0;166.638876;349;74.6;14.92;95.57;1.188810382051968
2021;7;12;10;22.6;508.3259647;300;61.8;14.96;95.46;1.1913671122287859
2021;7;12;11;22.1;344.0198519;200;65.8;15.26;95.41;1.1939262820009828
2021;7;12;12;22.3;13.27594572;361;62.3;14.76;95.38;1.1964878900519764
2021;7;12;13;22.2;36.92967589;419;64.3;15.06;95.37;1.1990519350639204
2021;7;12;14;23.3;0.0;379;61.0;15.5;95.35;1.2016184157177143
2021;7;12;15;24.3;654.3521597;257;57.9;15.88;95.25;1.2041873306930073
2021;7;12;16;24.9;360.8664092;154;59.4;16.78;95.2;1.206758678668196
2021;7;12;17;21.9;87.71348808;109;75.5;17.0;95.22;1.209332458320426
2021;7;12;18;20.7;109.2734275;59;85.5;17.8;95.26;1.2119086683255897
2021;7;12;19;18.5;122.7468846;0;84.8;15.46;95.3;1.2144873073583309
2021;7;12;20;18.1;0.0;0;89.4;15.98;95.31;1.2170683740920394
2021;7;12;21;16.6;0.0;0;95.0;15.6;95.35;1.2196518671988672
2021;7;12;22;16.2;0.0;0;97.6;15.72;95.42;1.2222377853497077
2021;7;12;23;16.3;0.0;0;97.9;15.88;95.42;1.2248261272142091
2021;7;13;0;15.9;0.0;0;96.1;15.12;95.43;1.2274168914607735
2021;7;13;1;14.5;0.0;0;93.5;13.2;95.49;1.2300100767565567
2021;7;13;2;13.3;0.0;0;92.9;11.88;95.51;1.232605681767466
2021;7;13;3;13.0;0.0;0;94.8;11.96;95.57;1.235203705158174
2021;7;13;4;13.1;0.0;10;93.7;11.84;95.59;1.2378041455920954
2021;7;13;5;12.6;0.0;59;92.8;11.16;95.56;1.2404070017314117
2021;7;13;6;12.5;0.0;90;97.2;11.94;95.56;1.2430122722370571
2021;7;13;7;12.4;0.0;114;94.9;11.38;95.64;1.2456199557687224
2021;7;13;8;12.9;0.0;127;89.6;10.82;95.61;1.2482300509848612
2021;7;13;9;14.1;35.49355847;133;89.2;11.94;95.59;1.2508425565426835
2021;7;13;10;16.0;436.0205483;138;80.2;12.04;95.63;1.253457471098157
2021;7;13;11;15.0;326.6189103;139;80.5;11.1;95.62;1.256074793306019
2021;7;13;12;16.0;262.5029878;140;69.2;9.84;95.6;1.2586945218197592
2021;7;13;13;17.3;564.9833004;138;65.4;10.38;95.54;1.2613166552916324
2021;7;13;14;16.8;113.0012543;133;66.1;10.02;95.56;1.2639411923726573
2021;7;13;15;16.4;48.93117885;122;71.4;10.68;95.55;1.2665681317126127
2021;7;13;16;14.7;0.0;110;87.2;12.14;95.62;1.2691974719600427
2021;7;13;17;14.1;0.0;88;92.1;12.52;95.6;1.2718292117622623
2021;7;13;18;13.9;0.0;57;90.8;12.06;95.6;1.2744633497653446
2021;7;13;19;13.9;550.6363478;0;92.7;12.44;95.59;1.2770998846141302
2021;7;13;20;13.3;0.0;0;92.7;11.84;95.61;1.2797388149522284
2021;7;13;21;12.9;0.0;0;95.8;12.06;95.61;1.282380139422016
2021;7;13;22;13.0;0.0;0;95.8;12.16;95.61;1.285023856664636
2021;7;13;23;13.4;0.0;0;96.0;12.6;95.62;1.2876699653200037
2021;7;14;0;13.4;0.0;0;94.8;12.36;95.62;1.2903184640267984
2021;7;14;1;13.2;0.0;0;95.1;12.22;95.62;1.292969351422479
2021;7;14;2;12.9;0.0;0;96.3;12.16;95.66;1.2956226261432695
2021;7;14;3;12.7;0.0;0;94.4;11.58;95.67;1.2982782868241651
2021;7;14;4;12.6;0.0;8;93.2;11.24;95.64;1.300936332098935
2021;7;14;5;12.6;0.0;59;94.4;11.48;95.66;1.3035967606001222
2021;7;14;6;13.3;0.0;92;92.2;11.74;95.67;1.306259570959039
2021;7;14;7;14.9;250.4219763;115;85.3;11.96;95.69;1.308924761805783
2021;7;14;8;16.1;429.6221019;129;76.1;11.32;95.7;1.3115923317692175
2021;7;14;9;17.6;819.248285;138;72.0;12.0;95.68;1.314262279476985
2021;7;14;10;17.9;537.016069;143;65.7;11.04;95.7;1.3169346035555032
2021;7;14;11;17.0;198.6857327;145;69.9;10.98;95.81;1.3196093026299698
2021;7;14;12;16.4;153.035932;145;75.5;11.5;95.82;1.32228637532436
2021;7;14;13;16.5;155.0115996;142;73.0;11.1;95.84;1.3249658202614256
2021;7;14;14;17.2;91.54164546;142;70.7;11.34;95.82;1.3276476360626983
2021;7;14;15;16.5;0.0;128;70.6;10.62;95.86;1.330331821348496
2021;7;14;16;15.3;0.0;114;84.7;12.24;95.89;1.333018374737911
2021;7;14;17;14.9;0.0;91;89.7;12.84;95.9;1.3357072948488202
2021;7;14;18;14.5;0.0;58;95.3;13.56;95.91;1.3383985802978806
2021;7;14;19;14.1;176.0135314;0;92.9;12.68;95.94;1.3410922297005339
2021;7;14;20;13.7;0.0;0;94.9;12.68;95.96;1.3437882416710032
2021;7;14;21;13.6;0.0;0;93.6;12.32;95.95;1.3464866148223056
2021;7;14;22;13.7;0.0;0;92.4;12.18;95.96;1.3491873477662315
2021;7;14;23;13.4;0.0;0;95.5;12.5;95.95;1.3518904391133626
2021;7;15;0;13.6;0.0;0;95.2;12.64;95.91;1.3545958874730673
2021;7;15;1;13.5;0.0;0;92.6;12.02;95.86;1.3573036914535006
2021;7;15;2;13.5;0.0;0;92.7;12.04;95.83;1.3600138496616063
2021;7;15;3;13.7;0.0;0;92.4;12.18;95.77;1.3627263607031175
2021;7;15;4;13.7;0.0;7;92.3;12.16;95.76;1.3654412231825512
2021;7;15;5;13.8;0.0;61;92.1;12.22;95.76;1.3681584357032266
2021;7;15;6;14.0;0.0;95;92.5;12.5;95.81;1.3708779968672449
2021;7;15;7;15.3;98.10208656;118;88.2;12.94;95.81;1.3735999052755004
2021;7;15;8;15.6;345.8699979;129;85.9;12.78;95.86;1.3763241595276794
2021;7;15;9;17.0;286.3850786;138;78.9;12.78;95.82;1.379050758222263
2021;7;15;10;16.6;95.75370109;148;80.9;12.78;95.88;1.3817796999565228
2021;7;15;11;16.3;11.17748554;151;82.7;12.84;95.9;1.3845109833265337
2021;7;15;12;16.7;45.52538432;145;81.3;12.96;95.92;1.3872446069271573
2021;7;15;13;15.6;0.0;148;89.6;13.52;95.96;1.389980569352054
2021;7;15;14;15.3;0.0;142;92.3;13.76;95.99;1.39271886919368
2021;7;15;15;15.4;0.0;129;92.0;13.8;96.0;1.3954595050432905
2021;7;15;16;16.1;90.38203899;116;89.3;13.96;96.0;1.3982024754909386
2021;7;15;17;16.0;26.8791869;92;89.0;13.8;95.99;1.4009477791254756
2021;7;15;18;15.8;0.0;60;88.1;13.42;96.03;1.4036954145345533
2021;7;15;19;15.6;573.6585448;0;89.3;13.46;96.05;1.4064453803046204
2021;7;15;20;15.2;0.0;0;90.7;13.34;96.08;1.4091976750209358
2021;7;15;21;15.2;0.0;0;89.7;13.14;96.11;1.4119522972675513
2021;7;15;22;15.1;0.0;0;90.9;13.28;96.08;1.414709245627324
2021;7;15;23;15.2;0.0;0;90.9;13.38;96.06;1.4174685186819165
2021;7;16;0;15.0;0.0;0;92.8;13.56;96.05;1.4202301150117904
2021;7;16;1;14.9;0.0;0;94.3;13.76;96.04;1.4229940331962148
2021;7;16;2;14.7;0.0;0;95.7;13.84;95.99;1.4257602718132683
2021;7;16;3;14.7;0.0;0;94.3;13.56;95.98;1.4285288294398315
2021;7;16;4;14.2;0.0;6;97.5;13.7;96.03;1.4312997046515923
2021;7;16;5;14.5;0.0;62;97.3;13.96;96.06;1.4340728960230447
2021;7;16;6;15.5;187.5563106;104;95.1;14.52;96.1;1.4368484021274952
2021;7;16;7;16.2;0.0;132;91.1;14.42;96.15;1.4396262215370559
2021;7;16;8;16.6;110.350525;141;89.4;14.48;96.19;1.4424063528226503
2021;7;16;9;17.8;97.86196318;153;83.0;14.4;96.2;1.44518879455401
2021;7;16;10;19.7;624.0220153;160;68.4;13.38;96.18;1.4479735452996856
2021;7;16;11;19.9;490.2756289;156;64.5;12.8;96.2;1.4507606036270326
2021;7;16;12;22.1;777.1944228;151;56.7;13.44;96.17;1.4535499681022204
2021;7;16;13;19.4;371.16794;153;76.3;14.66;96.18;1.456341637290234
2021;7;16;14;17.6;471.8380275;153;83.3;14.26;96.2;1.4591356097548713
2021;7;16;15;19.0;395.0709952;257;71.3;13.26;96.22;1.4619318840587399
2021;7;16;16;18.2;122.7208877;99;74.7;13.14;96.27;1.4647304587632792
2021;7;16;17;19.5;496.6925777;99;67.5;13.0;96.23;1.46753133242873
2021;7;16;18;18.9;710.8284277;55;71.4;13.18;96.26;1.470334503614155
2021;7;16;19;17.3;769.1415583;0;84.1;14.12;96.33;1.4731399708774342
2021;7;16;20;16.6;0.0;0;89.6;14.52;96.36;1.4759477327752686
2021;7;16;21;15.1;0.0;0;94.5;14.0;96.39;1.4787577878631772
2021;7;16;22;14.1;0.0;0;96.0;13.3;96.44;1.4815701346954953
2021;7;16;23;13.3;0.0;0;97.5;12.8;96.42;1.4843847718253906
2021;7;17;0;12.9;0.0;0;96.7;12.24;96.41;1.4872016978048421
2021;7;17;1;12.5;0.0;0;98.3;12.16;96.38;1.4900209111846543
2021;7;17;2;12.5;0.0;0;97.8;12.06;96.37;1.4928424105144549
2021;7;17;3;13.2;0.0;0;98.0;12.8;96.36;1.4956661943426957
2021;7;17;4;14.1;0.0;4;95.8;13.26;96.35;1.4984922612166525
2021;7;17;5;14.4;0.0;68;95.4;13.48;96.37;1.5013206096824252
2021;7;17;6;15.1;0.0;149;95.6;14.22;96.4;1.5041512382849485
2021;7;17;7;16.5;0.0;225;93.5;15.2;96.42;1.5069841455679738
2021;7;17;8;19.0;177.0567001;307;78.9;14.78;96.4;1.5098193300740839
2021;7;17;9;20.7;336.6150217;330;72.2;15.14;96.39;1.51265679034469
2021;7;17;10;20.9;116.2407179;384;70.0;14.9;96.38;1.5154965249200343
2021;7;17;11;21.4;39.2356768;441;68.2;15.04;96.36;1.5183385323391851
2021;7;17;12;21.6;331.8020631;326;69.0;15.4;96.35;1.5211828111400445
2021;7;17;13;22.4;286.910621;350;66.6;15.72;96.34;1.524029359859341
2021;7;17;14;23.3;567.1359928;227;63.3;15.96;96.33;1.526878177032649
2021;7;17;15;22.7;663.290342;141;62.4;15.18;96.28;1.52972926119436
2021;7;17;16;23.3;431.6972684;169;62.0;15.7;96.28;1.5325826108777063
2021;7;17;17;21.5;322.693171;147;66.9;14.88;96.26;1.5354382246147544
2021;7;17;18;21.2;212.7512462;69;70.4;15.28;96.29;1.5382961009364058
2021;7;17;19;19.9;632.4961331;0;76.3;15.16;96.33;1.5411562383723947
2021;7;17;20;19.4;0.0;0;79.6;15.32;96.37;1.5440186354513017
2021;7;17;21;19.2;0.0;0;83.2;15.84;96.37;1.546883290700534
2021;7;17;22;18.9;0.0;0;84.8;15.86;96.34;1.5497502026463428
2021;7;17;23;17.9;0.0;0;91.8;16.26;96.32;1.5526193698138169
2021;7;18;0;18.1;0.0;0;91.6;16.42;96.28;1.555490790726883
2021;7;18;1;18.3;0.0;0;89.7;16.24;96.25;1.5583644639083118
2021;7;18;2;18.1;0.0;0;91.9;16.48;96.21;1.5612403878797139
2021;7;18;3;18.1;0.0;0;91.8;16.46;96.2;1.5641185611615382
2021;7;18;4;18.3;0.0;1;89.7;16.24;96.21;1.5669989822730868
2021;7;18;5;18.9;0.0;72;79.4;14.78;96.24;1.5698816497324941
2021;7;18;6;19.4;59.2178333;153;74.8;14.36;96.2;1.5727665620567457
2021;7;18;7;20.0;275.1517536;188;74.4;14.88;96.21;1.5756537177616678
2021;7;18;8;20.6;120.4918338;310;72.6;15.12;96.19;1.5785431153619367
2021;7;18;9;21.8;336.01904;363;67.9;15.38;96.16;1.5814347533710684
2021;7;18;10;23.2;605.9957346;300;64.6;16.12;96.13;1.584328630301437
2021;7;18;11;24.0;792.6651169;182;59.4;15.88;96.12;1.5872247446642582
2021;7;18;12;24.6;657.889594;182;57.7;16.14;96.08;1.590123094969596
2021;7;18;13;25.3;750.3631785;227;51.8;15.66;96.07;1.5930236797263646
2021;7;18;14;25.3;870.0959734;167;49.1;15.12;96.04;1.5959264974423313
2021;7;18;15;25.8;866.8511667;157;46.3;15.06;96.03;1.5988315466241119
2021;7;18;16;25.7;791.9464727;137;50.3;15.76;96.0;1.6017388257771739
2021;7;18;17;24.4;673.0289762;109;52.6;14.92;95.99;1.6046483334058381
2021;7;18;18;23.8;749.4731059;67;55.0;14.8;96.03;1.607560068013285
2021;7;18;19;22.1;937.2427868;0;62.4;14.58;96.05;1.6104740281015397
2021;7;18;20;20.1;0.0;0;74.1;14.92;96.09;1.6133902121714891
2021;7;18;21;19.6;0.0;0;77.6;15.12;96.1;1.6163086187228712
2021;7;18;22;18.9;0.0;0;77.8;14.46;96.09;1.6192292462542834
2021;7;18;23;18.4;0.0;0;80.8;14.56;96.09;1.6221520932631774
2021;7;19;0;18.5;0.0;0;79.7;14.44;96.07;1.6250771582458725
2021;7;19;1;17.9;0.0;0;83.6;14.62;96.04;1.6280044396975368
2021;7;19;2;16.4;0.0;0;89.1;14.22;96.02;1.6309339361122
2021;7;19;3;16.5;0.0;0;88.7;14.24;96.04;1.6338656459827545
2021;7;19;4;16.3;0.0;0;89.2;14.14;96.04;1.6367995678009537
2021;7;19;5;17.7;0.0;70;84.3;14.56;96.04;1.6397357000574129
2021;7;19;6;19.2;81.61015827;151;76.8;14.56;96.03;1.6426740412416097
2021;7;19;7;20.8;253.473459;232;71.5;15.1;96.04;1.6456145898418804
2021;7;19;8;21.9;416.6070465;266;66.3;15.16;96.03;1.6485573443454395
2021;7;19;9;23.1;670.8779803;180;59.7;15.04;96.01;1.6515023032383533
2021;7;19;10;24.6;771.3757473;161;53.8;15.36;95.99;1.65444946500556
2021;7;19;11;25.5;681.4827319;283;51.0;15.7;95.97;1.6573988281308614
2021;7;19;12;26.9;845.4019193;164;48.6;16.62;95.96;1.6603503910969302
2021;7;19;13;26.9;843.6179048;184;41.2;15.14;95.94;1.6633041523853
2021;7;19;14;27.6;842.2073985;182;39.4;15.48;95.91;1.6662601104763883
2021;7;19;15;27.8;1000.0;60;36.7;15.14;95.89;1.6692182638494693
2021;7;19;16;27.3;985.0142408;63;37.4;14.78;95.87;1.6721786109826917
2021;7;19;17;26.8;783.2846876;114;46.6;16.12;95.86;1.6751411503530749
2021;7;19;18;25.7;838.0984915;58;49.1;15.52;95.89;1.6781058804365125
2021;7;19;19;23.6;1000.0;0;58.4;15.28;95.91;1.6810727997077688
2021;7;19;20;21.8;0.0;0;60.8;13.96;95.97;1.6840419066404824
2021;7;19;21;19.0;0.0;0;73.7;13.74;96.03;1.6870131997071658
2021;7;19;22;18.5;0.0;0;77.6;14.02;96.05;1.6899866773792125
2021;7;19;23;17.4;0.0;0;81.8;13.76;96.05;1.6929623381268852
2021;7;20;0;17.8;0.0;0;78.9;13.58;96.04;1.695940180419326
2021;7;20;1;15.0;0.0;0;92.6;13.52;96.04;1.6989202027245538
2021;7;20;2;15.4;0.0;0;90.2;13.44;96.03;1.701902403509468
2021;7;20;3;14.1;0.0;0;93.9;12.88;96.04;1.70488678123984
2021;7;20;4;13.6;0.0;0;96.2;12.84;96.06;1.707873334380337
2021;7;20;5;14.3;0.0;64;95.4;13.38;96.08;1.7108620613944927
2021;7;20;6;16.7;240.2918606;101;82.1;13.12;96.09;1.7138529607447257
2021;7;20;7;18.8;479.9518996;120;73.3;13.46;96.11;1.7168460308923397
2021;7;20;8;21.3;588.5245307;153;67.1;14.72;96.11;1.719841270297521
2021;7;20;9;23.0;668.4154366;181;63.3;15.66;96.1;1.722838677419337
2021;7;20;10;24.5;463.9345411;418;60.7;16.64;96.08;1.7258382507157437
2021;7;20;11;25.4;831.3066381;157;54.5;16.3;96.05;1.7288399886435757
2021;7;20;12;26.9;761.7443702;243;48.5;16.6;96.04;1.7318438896585677
2021;7;20;13;27.2;743.491019;276;33.4;13.88;96.01;1.7348499522153302
2021;7;20;14;28.0;693.5611242;300;36.6;15.32;96.01;1.7378581747673643
2021;7;20;15;28.3;898.0379262;124;38.5;16.0;95.99;1.740868555767059
2021;7;20;16;27.4;946.2961516;72;39.0;15.2;95.99;1.7438810936656948
2021;7;20;17;26.7;677.376411;145;41.9;15.08;96.0;1.7468957869134414
2021;7;20;18;25.2;852.4988213;42;45.8;14.36;96.05;1.749912633959358
2021;7;20;19;22.8;0.0;0;52.2;13.24;96.09;1.7529316332514036
2021;7;20;20;20.5;0.0;0;62.0;12.9;96.18;1.7559527832364212
2021;7;20;21;20.2;0.0;0;58.6;11.92;96.23;1.7589760823601504
2021;7;20;22;16.7;0.0;0;75.1;11.72;96.25;1.7620015290672244
2021;7;20;23;14.9;0.0;0;90.6;13.02;96.26;1.7650291218011729
2021;7;21;0;15.0;0.0;0;86.0;12.2;96.25;1.7680588590044204
2021;7;21;1;13.6;0.0;0;92.1;12.02;96.26;1.7710907391182866
2021;7;21;2;13.0;0.0;0;93.3;11.66;96.25;1.7741247605829962
2021;7;21;3;12.3;0.0;0;95.2;11.34;96.25;1.7771609218376643
2021;7;21;4;12.1;0.0;0;93.8;10.86;96.29;1.7801992213203075
2021;7;21;5;13.2;163.5442991;11;92.2;11.64;96.34;1.7832396574678429
2021;7;21;6;15.7;191.1236208;102;83.1;12.32;96.38;1.7862822287160869
2021;7;21;7;17.9;301.8385947;191;69.3;11.76;96.4;1.7893269334997566
2021;7;21;8;20.3;343.9704583;298;66.5;13.6;96.41;1.79237377025248
2021;7;21;9;21.0;439.9735725;310;60.7;13.14;96.39;1.7954227374067795
2021;7;21;10;22.6;526.9707991;356;57.5;14.1;96.37;1.7984738333940822
2021;7;21;11;23.1;581.112848;344;54.6;14.02;96.35;1.801527056644722
2021;7;21;12;25.3;538.9280034;430;53.1;15.92;96.31;1.8045824055879383
2021;7;21;13;26.8;894.4597506;144;45.2;15.84;96.28;1.8076398786518766
2021;7;21;14;27.2;710.4109448;272;46.9;16.58;96.26;1.8106994742635898
2021;7;21;15;27.5;674.1213372;260;44.7;16.44;96.24;1.8137611908490356
2021;7;21;16;27.9;727.125773;181;42.7;16.44;96.23;1.81682502683309
2021;7;21;17;27.3;750.4676248;87;46.7;16.64;96.24;1.8198909806395296
2021;7;21;18;25.9;847.0074686;24;48.8;15.66;96.26;1.8229590506910434
2021;7;21;19;23.8;0.0;0;61.4;16.08;96.29;1.8260292354092327
2021;7;21;20;20.5;0.0;0;80.7;16.64;96.34;1.8291015332146108
2021;7;21;21;19.2;0.0;0;85.9;16.38;96.35;1.8321759425266002
2021;7;21;22;18.6;0.0;0;83.5;15.3;96.37;1.835252461763548
2021;7;21;23;16.3;0.0;0;92.8;14.86;96.37;1.838331089342705
2021;7;22;0;15.9;0.0;0;94.9;14.88;96.37;1.8414118236802395
2021;7;22;1;14.8;0.0;0;94.9;13.78;96.36;1.844494663191239
2021;7;22;2;14.6;0.0;0;96.0;13.8;96.35;1.8475796062897052
2021;7;22;3;14.4;0.0;0;95.9;13.58;96.36;1.8506666513885595
2021;7;22;4;13.3;0.0;0;97.4;12.78;96.37;1.85375579689964
2021;7;22;5;14.8;0.0;50;93.5;13.5;96.4;1.8568470412337073
2021;7;22;6;16.7;41.72801289;135;84.9;13.68;96.42;1.859940382800434
2021;7;22;7;18.4;223.2059525;224;78.1;14.02;96.4;1.8630358200084292
2021;7;22;8;20.5;340.2472988;298;69.1;14.32;96.39;1.8661333512652103
2021;7;22;9;22.9;406.1828689;362;61.7;15.24;96.39;1.8692329749772219
2021;7;22;10;23.5;458.5772526;410;56.3;14.76;96.35;1.872334689549831
2021;7;22;11;25.5;505.2834744;438;53.0;16.1;96.31;1.8754384933873318
2021;7;22;12;26.7;813.7223794;198;44.1;15.52;96.25;1.8785443848929368
2021;7;22;13;28.1;712.1973866;289;43.0;16.7;96.19;1.881652362468797
2021;7;22;14;27.9;699.0240876;275;42.9;16.48;96.13;1.884762424515979
2021;7;22;15;28.3;632.0815296;281;39.9;16.28;96.1;1.8878745694344818
2021;7;22;16;28.1;822.2919417;115;42.0;16.5;96.08;1.8909887956232296
2021;7;22;17;27.2;749.3951056;90;45.9;16.38;96.05;1.8941051014800792
2021;7;22;18;25.4;423.5242798;50;53.8;16.16;96.06;1.897223485401816
2021;7;22;19;24.2;0.0;0;58.5;15.9;96.07;1.900343945784158
2021;7;22;20;21.3;0.0;0;76.9;16.68;96.11;1.9034664810217476
2021;7;22;21;20.1;0.0;0;79.8;16.06;96.12;1.906591089508174
2021;7;22;22;18.7;0.0;0;88.7;16.44;96.11;1.9097177696359484
2021;7;22;23;17.4;0.0;0;90.0;15.4;96.12;1.9128465197965188
2021;7;23;0;16.4;0.0;0;93.8;15.16;96.12;1.9159773383802694
2021;7;23;1;15.7;0.0;0;95.3;14.76;96.1;1.919110223776519
2021;7;23;2;15.7;0.0;0;94.8;14.66;96.09;1.9222451743735194
2021;7;23;3;14.9;0.0;0;96.2;14.14;96.06;1.9253821885584728
2021;7;23;4;14.7;0.0;0;95.9;13.88;96.06;1.9285212647175083
2021;7;23;5;14.7;56.5375301;23;96.1;13.92;96.08;1.9316624012356955
2021;7;23;6;17.0;177.9313779;104;89.6;14.92;96.07;1.9348055964970463
2021;7;23;7;18.9;378.691812;143;79.2;14.74;96.06;1.9379508488845127
2021;7;23;8;20.7;594.1458909;140;71.2;14.94;96.03;1.9410981567799892
2021;7;23;9;22.5;553.6699723;238;63.8;15.26;95.98;1.9442475185643127
2021;7;23;10;24.0;461.9185247;404;57.6;15.52;95.93;1.947398932617257
2021;7;23;11;25.2;433.737432;405;49.4;15.08;95.84;1.9505523973175558
2021;7;23;12;25.9;537.4624099;436;47.5;15.4;95.78;1.9537079110428732
2021;7;23;13;27.5;869.6553124;139;51.3;17.76;95.7;1.9568654721698238
2021;7;23;14;28.3;864.7377027;136;49.2;18.14;95.65;1.9600250790739695
2021;7;23;15;28.3;940.1808214;76;49.8;18.26;95.6;1.9631867301298196
2021;7;23;16;28.2;854.5323175;40;50.7;18.34;95.55;1.9663504237108271
2021;7;23;17;28.3;448.5435116;138;50.9;18.48;95.48;1.9695161581894065
2021;7;23;18;26.6;831.6400753;27;55.1;17.62;95.47;1.9726839319369112
2021;7;23;19;23.4;0.0;0;73.5;18.1;95.47;1.9758537433236474
2021;7;23;20;21.5;0.0;0;82.8;18.06;95.49;1.979025590718876
2021;7;23;21;20.6;0.0;0;85.7;17.74;95.54;1.9821994724908074
2021;7;23;22;20.1;0.0;0;86.6;17.42;95.54;1.9853753870066075
2021;7;23;23;19.4;0.0;0;89.5;17.3;95.49;1.9885533326323954
2021;7;24;0;19.5;0.0;0;87.9;17.08;95.41;1.991733307733245
2021;7;24;1;18.8;0.0;0;91.3;17.06;95.39;1.9949153106731843
2021;7;24;2;18.9;0.0;0;91.8;17.26;95.54;1.9980993398152078
2021;7;24;3;20.6;0.0;0;80.4;16.68;95.45;2.0012853935212553
2021;7;24;4;19.4;0.0;0;86.8;16.76;95.49;2.0044734701522318
2021;7;24;5;19.2;0.0;61;89.2;17.04;95.55;2.007663568067998
2021;7;24;6;18.9;0.0;49;91.4;17.18;95.62;2.0108556856273774
2021;7;24;7;19.1;0.0;61;88.8;16.86;95.58;2.01404982118815
2021;7;24;8;20.8;0.0;307;86.0;18.0;95.52;2.017245973107068
2021;7;24;9;21.3;47.15451451;317;80.7;17.44;95.49;2.0204441397398365
2021;7;24;10;21.4;0.0;377;68.7;15.14;95.51;2.0236443194411273
2021;7;24;11;21.5;0.0;421;73.0;16.1;95.46;2.0268465105645754
2021;7;24;12;21.3;0.0;398;79.4;17.18;95.36;2.030050711462783
2021;7;24;13;21.6;0.0;395;75.9;16.78;95.37;2.0332569204873168
2021;7;24;14;20.7;0.0;333;79.6;16.62;95.41;2.0364651359887107
2021;7;24;15;22.3;150.568788;302;68.8;16.06;95.37;2.039675356316463
2021;7;24;16;22.9;116.4787395;184;60.9;15.08;95.42;2.0428875798190513
2021;7;24;17;21.6;268.0812194;25;71.4;15.88;95.3;2.046101804843912
2021;7;24;18;19.4;96.66132743;54;84.0;16.2;95.42;2.049318029737456
2021;7;24;19;19.1;0.0;0;86.7;16.44;95.43;2.0525362528450644
2021;7;24;20;18.5;0.0;0;90.0;16.5;95.43;2.0557564725110895
2021;7;24;21;17.5;0.0;0;95.5;16.6;95.56;2.058978687078855
2021;7;24;22;16.2;0.0;0;95.3;15.26;95.58;2.0622028948906674
2021;7;24;23;16.6;0.0;0;96.0;15.8;95.61;2.0654290942877984
2021;7;25;0;16.6;0.0;0;95.3;15.66;95.57;2.068657283610497
2021;7;25;1;16.5;0.0;0;96.8;15.86;95.52;2.0718874611979894
2021;7;25;2;16.3;0.0;0;97.7;15.84;95.52;2.0751196253884796
2021;7;25;3;16.4;0.0;0;96.9;15.78;95.54;2.078353774519148
2021;7;25;4;16.3;0.0;0;97.9;15.88;95.48;2.0815899069261548
2021;7;25;5;16.1;0.0;56;98.8;15.86;95.5;2.0848280209446357
2021;7;25;6;16.2;0.0;91;97.6;15.72;95.52;2.0880681149087192
2021;7;25;7;15.9;0.0;110;96.4;15.18;95.48;2.091310187151503
2021;7;25;8;16.2;0.0;127;95.7;15.34;95.5;2.0945542360050715
2021;7;25;9;17.3;66.18807025;173;92.0;15.7;95.53;2.0978002598004903
2021;7;25;10;18.3;206.0435596;240;87.9;15.88;95.51;2.101048256867812
2021;7;25;11;19.4;222.8256715;163;80.7;15.54;95.5;2.1042982255360676
2021;7;25;12;20.7;547.4132219;197;71.2;14.94;95.49;2.107550164133286
2021;7;25;13;21.7;786.0040394;152;62.6;14.22;95.46;2.110804070986473
2021;7;25;14;23.6;732.4861463;140;60.1;15.62;95.43;2.114059944421623
2021;7;25;15;23.1;686.5151227;130;59.3;14.96;95.43;2.1173177827637195
2021;7;25;16;24.2;846.1676047;137;58.4;15.88;95.38;2.1205775843367363
2021;7;25;17;23.3;727.4033124;99;59.5;15.2;95.41;2.1238393474636355
2021;7;25;18;21.5;659.2079375;60;65.7;14.64;95.43;2.1271030704663674
2021;7;25;19;20.6;0.0;0;74.2;15.44;95.47;2.130368751665885
2021;7;25;20;18.4;0.0;0;88.7;16.14;95.55;2.1336363893821226
2021;7;25;21;17.7;0.0;0;91.6;16.02;95.58;2.136905981934012
2021;7;25;22;17.5;0.0;0;90.7;15.64;95.59;2.1401775276394783
2021;7;25;23;17.2;0.0;0;95.6;16.32;95.6;2.143451024815444
2021;7;26;0;16.4;0.0;0;97.3;15.86;95.62;2.1467264717778245
2021;7;26;1;16.0;0.0;0;98.0;15.6;95.62;2.1500038668415304
2021;7;26;2;15.5;0.0;0;99.9;15.48;95.63;2.153283208320481
2021;7;26;3;15.8;0.0;0;98.9;15.58;95.65;2.156564494527584
2021;7;26;4;15.9;0.0;0;95.6;15.02;95.67;2.1598477237747478
2021;7;26;5;16.3;0.0;53;96.2;15.54;95.65;2.163132894372884
2021;7;26;6;16.8;36.47650083;90;93.6;15.52;95.67;2.1664200046319033
2021;7;26;7;18.0;218.9808706;115;91.9;16.38;95.68;2.1697090528607195
2021;7;26;8;18.9;270.016843;125;83.3;15.56;95.7;2.173000037367246
2021;7;26;9;19.4;293.8995719;137;80.1;15.42;95.74;2.1762929564584095
2021;7;26;10;20.2;259.6386393;147;71.5;14.5;95.75;2.1795878084401337
2021;7;26;11;21.0;285.9328027;150;73.5;15.7;95.76;2.182884591617347
2021;7;26;12;22.0;565.4779412;144;60.2;14.04;95.73;2.1861833042939893
2021;7;26;13;23.4;614.1026061;142;61.8;15.76;95.71;2.1894839447730035
2021;7;26;14;22.9;476.5395449;137;55.4;13.98;95.71;2.1927865113563385
2021;7;26;15;22.7;82.6470922;127;65.5;15.8;95.74;2.1960910023449656
2021;7;26;16;22.5;266.3543993;114;61.4;14.78;95.72;2.1993974160388516
2021;7;26;17;22.7;372.0555805;89;56.6;14.02;95.71;2.2027057507369796
2021;7;26;18;21.4;182.5287538;50;71.4;15.68;95.78;2.2060160047373447
2021;7;26;19;20.8;0.0;0;69.6;14.72;95.83;2.2093281763369537
2021;7;26;20;19.7;0.0;0;67.1;13.12;95.93;2.212642263831827
2021;7;26;21;17.7;0.0;0;82.4;14.18;95.95;2.2159582655169996
2021;7;26;22;16.9;0.0;0;84.4;13.78;96.0;2.2192761796865224
2021;7;26;23;16.3;0.0;0;87.1;13.72;96.02;2.2225960046334565
2021;7;27;0;15.0;0.0;0;88.6;12.72;95.99;2.225917738649894
2021;7;27;1;13.5;0.0;0;94.7;12.44;95.97;2.229241380026932
2021;7;27;2;13.7;0.0;0;90.7;11.84;95.96;2.2325669270546897
2021;7;27;3;13.0;0.0;0;95.0;12.0;95.96;2.2358943780223077
2021;7;27;4;12.9;0.0;0;94.6;11.82;95.95;2.2392237312179453
2021;7;27;5;13.2;0.0;59;94.4;12.08;95.93;2.24255498492878
2021;7;27;6;15.2;204.0336885;113;87.8;12.76;95.9;2.2458881374410233
2021;7;27;7;16.7;394.8878501;117;81.8;13.06;95.89;2.249223187039899
2021;7;27;8;18.0;328.1071173;150;81.6;14.32;95.9;2.252560132009656
2021;7;27;9;18.8;517.4247615;142;75.2;13.84;95.9;2.2558989706335715
2021;7;27;10;21.3;716.5504218;148;66.2;14.54;95.86;2.2592397011939465
2021;7;27;11;21.7;529.6840037;156;58.4;13.38;95.83;2.2625823219721095
2021;7;27;12;22.6;415.9246328;156;54.1;13.42;95.78;2.2659268312484158
2021;7;27;13;24.6;761.0681502;183;54.4;15.48;95.74;2.2692732273022456
2021;7;27;14;24.7;913.815359;146;53.2;15.34;95.7;2.272621508412021
2021;7;27;15;23.7;302.5208379;132;56.1;14.92;95.69;2.275971672855181
2021;7;27;16;23.9;236.1242484;116;56.3;15.16;95.66;2.2793237189082007
2021;7;27;17;23.5;219.1524338;90;58.7;15.24;95.65;2.2826776448465873
2021;7;27;18;23.7;674.3952353;58;54.7;14.64;95.66;2.28603344894488
2021;7;27;19;21.5;0.0;0;79.9;17.48;95.7;2.2893911294766482
2021;7;27;20;20.2;0.0;0;85.4;17.28;95.77;2.292750684714509
2021;7;27;21;20.4;0.0;0;76.1;15.62;95.8;2.2961121129301003
2021;7;27;22;18.6;0.0;0;91.2;16.84;95.82;2.299475412394104
2021;7;27;23;18.4;0.0;0;92.1;16.82;95.87;2.3028405813762354
2021;7;28;0;18.1;0.0;0;86.2;15.34;95.91;2.306207618145252
2021;7;28;1;17.5;0.0;0;92.8;16.06;95.87;2.3095765209689483
2021;7;28;2;17.3;0.0;0;96.2;16.54;95.85;2.312947288114158
2021;7;28;3;16.5;0.0;0;84.2;13.34;95.89;2.316319917846753
2021;7;28;4;15.2;0.0;0;95.8;14.36;95.91;2.3196944084316584
2021;7;28;5;15.1;0.0;48;96.8;14.46;95.91;2.3230707581328316
2021;7;28;6;15.0;0.0;129;96.7;14.34;95.93;2.3264489652132747
2021;7;28;7;15.6;0.0;124;92.6;14.12;95.94;2.329829027935036
2021;7;28;8;16.3;0.0;270;91.2;14.54;95.92;2.3332109445592093
2021;7;28;9;17.7;0.0;347;85.9;14.88;95.93;2.3365947133459297
2021;7;28;10;19.9;294.8166872;219;78.2;15.54;95.93;2.3399803325543918
2021;7;28;11;21.3;314.6067517;435;69.6;15.22;95.92;2.3433678004428273
2021;7;28;12;22.7;616.7121366;326;62.9;15.28;95.92;2.3467571152685194
2021;7;28;13;22.0;258.6311304;359;62.2;14.44;95.93;2.3501482752878013
2021;7;28;14;23.3;610.0063949;254;55.6;14.42;95.93;2.3535412787560572
2021;7;28;15;24.0;374.4641755;252;52.0;14.4;95.9;2.356936123927724
2021;7;28;16;24.1;686.1393716;193;49.9;14.08;95.87;2.3603328090562887
2021;7;28;17;23.8;677.1712462;137;50.0;13.8;95.86;2.363731332394295
2021;7;28;18;21.5;674.341561;50;64.9;14.48;95.88;2.3671316921933325
2021;7;28;19;20.6;0.0;0;66.1;13.82;95.91;2.370533886704062
2021;7;28;20;18.6;0.0;0;78.7;14.34;95.98;2.3739379141761874
2021;7;28;21;17.2;0.0;0;84.3;14.06;96.02;2.377343772858472
2021;7;28;22;17.4;0.0;0;83.8;14.16;96.01;2.380751460998739
2021;7;28;23;16.6;0.0;0;86.2;13.84;96.01;2.384160976843869
2021;7;29;0;15.7;0.0;0;90.4;13.78;96.02;2.3875723186397995
2021;7;29;1;14.0;0.0;0;95.6;13.12;96.02;2.3909854846315395
2021;7;29;2;14.1;0.0;0;94.1;12.92;96.01;2.3944004730631487
2021;7;29;3;13.4;0.0;0;96.1;12.62;96.01;2.397817282177752
2021;7;29;4;13.1;0.0;0;95.2;12.14;96.02;2.4012359102175385
2021;7;29;5;14.3;0.0;39;94.3;13.16;96.03;2.404656355423761
2021;7;29;6;15.7;0.0;90;89.6;13.62;96.03;2.4080786160367382
2021;7;29;7;19.0;324.9245261;161;75.4;14.08;96.04;2.4115026902958534
2021;7;29;8;20.5;480.1474997;236;66.8;13.86;96.03;2.414928576439555
2021;7;29;9;20.6;401.5308447;179;64.7;13.54;96.01;2.418356272705369
2021;7;29;10;22.2;691.9992862;206;57.9;13.78;95.98;2.42178577732988
2021;7;29;11;23.1;630.6126726;344;54.4;13.98;95.92;2.4252170885487447
2021;7;29;12;24.6;572.5537922;267;53.0;15.2;95.86;2.4286502045966922
2021;7;29;13;25.9;773.0126042;256;40.3;13.96;95.81;2.4320851237075214
2021;7;29;14;26.7;660.3140394;327;39.3;14.56;95.76;2.4355218441140996
2021;7;29;15;27.1;682.0526255;274;34.0;13.9;95.71;2.4389603640483815
2021;7;29;16;26.1;715.4761333;199;43.2;14.74;95.68;2.4424006817413817
2021;7;29;17;26.3;808.7343985;116;46.7;15.64;95.63;2.4458427954231947
2021;7;29;18;24.1;657.2099376;50;62.5;16.6;95.63;2.4492867033229917
2021;7;29;19;21.9;0.0;0;69.8;15.86;95.65;2.45273240366902
2021;7;29;20;19.4;0.0;0;80.4;15.48;95.73;2.456179894688605
2021;7;29;21;19.2;0.0;0;83.3;15.86;95.74;2.459629174608151
2021;7;29;22;17.7;0.0;0;90.3;15.76;95.75;2.463080241653137
2021;7;29;23;17.3;0.0;0;89.6;15.22;95.75;2.4665330940481374
2021;7;30;0;17.1;0.0;0;92.5;15.6;95.76;2.469987730016793
2021;7;30;1;16.6;0.0;0;97.0;16.0;95.71;2.473444147781832
2021;7;30;2;16.4;0.0;0;96.3;15.66;95.71;2.4769023455650667
2021;7;30;3;16.0;0.0;0;98.0;15.6;95.69;2.4803623215873927
2021;7;30;4;15.3;0.0;0;97.4;14.78;95.68;2.483824074068787
2021;7;30;5;15.4;0.0;60;96.7;14.74;95.69;2.487287601228326
2021;7;30;6;17.1;199.3396995;97;91.0;15.3;95.66;2.4907529012841585
2021;7;30;7;17.9;0.0;216;90.6;16.02;95.72;2.4942199724535277
2021;7;30;8;19.4;77.57566469;295;82.3;15.86;95.68;2.4976888129527643
2021;7;30;9;21.2;199.9821695;310;75.2;16.24;95.66;2.501159420997289
2021;7;30;10;22.9;416.9598393;415;66.5;16.2;95.61;2.5046317948016132
2021;7;30;11;25.5;482.6613098;439;55.8;16.66;95.54;2.50810593257934
2021;7;30;12;27.3;665.1421225;262;49.1;17.12;95.44;2.5115818325431607
2021;7;30;13;20.1;0.0;335;84.2;16.94;95.49;2.515059492904872
2021;7;30;14;23.6;564.8335068;229;70.9;17.78;95.45;2.5185389118753547
2021;7;30;15;23.8;513.8586111;168;65.4;16.88;95.47;2.5220200876645857
2021;7;30;16;20.3;0.0;219;89.4;18.18;95.55;2.5255030184816407
2021;7;30;17;21.1;354.6333348;111;82.0;17.5;95.52;2.5289877025346907
2021;7;30;18;20.7;154.0300473;50;82.9;17.28;95.55;2.5324741380310023
2021;7;30;19;19.7;0.0;0;83.4;16.38;95.63;2.5359623231769524
2021;7;30;20;19.2;0.0;0;84.4;16.08;95.69;2.539452256178005
2021;7;30;21;18.5;0.0;0;86.0;15.7;95.68;2.5429439352387306
2021;7;30;22;18.3;0.0;0;85.5;15.4;95.7;2.5464373585627995
2021;7;30;23;18.0;0.0;0;82.0;14.4;95.72;2.549932524352986
2021;7;31;0;17.9;0.0;0;81.6;14.22;95.72;2.5534294308111676
2021;7;31;1;17.6;0.0;0;79.2;13.44;95.69;2.556928076138322
2021;7;31;2;16.7;0.0;0;87.2;14.14;95.68;2.5604284585345445
2021;7;31;3;16.2;0.0;0;88.5;13.9;95.65;2.5639305761990254
2021;7;31;4;15.9;0.0;0;91.5;14.2;95.63;2.567434427330065
2021;7;31;5;15.3;0.0;48;93.1;13.92;95.64;2.570940010125074
2021;7;31;6;16.8;0.0;88;85.8;13.96;95.64;2.574447322780569
2021;7;31;7;18.4;160.9464332;115;79.3;14.26;95.65;2.577956363492178
2021;7;31;8;19.7;500.3844789;132;64.3;12.56;95.62;2.5814671304546386
2021;7;31;9;20.7;704.7759184;144;61.0;12.9;95.59;2.584979621861808
2021;7;31;10;20.8;297.0137652;166;60.9;12.98;95.58;2.588493835906647
2021;7;31;11;21.0;344.4184841;161;56.1;12.22;95.58;2.592009770781234
2021;7;31;12;21.5;410.5539753;154;58.8;13.26;95.54;2.5955274246767615
2021;7;31;13;21.8;443.4638943;157;56.2;13.04;95.5;2.599046795783537
2021;7;31;14;22.3;624.6719187;177;53.9;13.08;95.47;2.6025678822909857
2021;7;31;15;22.0;559.5104634;136;53.5;12.7;95.43;2.606090682387646
2021;7;31;16;21.4;301.3470511;111;58.5;13.1;95.4;2.609615194261186
2021;7;31;17;20.6;0.0;85;62.1;13.02;95.39;2.6131414160983826
2021;7;31;18;16.8;0.0;48;86.9;14.18;95.45;2.6166693460851365
2021;7;31;19;15.3;0.0;0;94.6;14.22;95.49;2.620198982406468
2021;7;31;20;15.2;0.0;0;93.9;13.98;95.51;2.6237303232465212
2021;7;31;21;15.1;0.0;0;95.9;14.28;95.56;2.6272633667885597
2021;7;31;22;15.0;0.0;0;96.0;14.2;95.58;2.630798111214981
2021;7;31;23;14.9;0.0;0;96.5;14.2;95.59;2.6343345547072987
2021;8;1;0;13.9;0.0;0;95.9;13.08;95.54;2.637872695446154
2021;8;1;1;13.9;0.0;0;96.6;13.22;95.48;2.6414125316113144
2021;8;1;2;13.8;0.0;0;96.7;13.14;95.5;2.644954061381677
2021;8;1;3;13.6;0.0;0;94.5;12.5;95.45;2.648497282935267
2021;8;1;4;13.4;0.0;0;96.6;12.72;95.44;2.6520421944492387
2021;8;1;5;13.4;0.0;16;96.1;12.62;95.47;2.655588794099878
2021;8;1;6;13.6;0.0;24;94.4;12.48;95.49;2.659137080062597
2021;8;1;7;13.9;0.0;219;93.8;12.66;95.54;2.662687050511953
2021;8;1;8;13.9;0.0;70;92.7;12.44;95.59;2.666238703621625
2021;8;1;9;13.9;0.0;159;86.8;11.26;95.62;2.66979203756443
2021;8;1;10;14.0;0.0;368;88.0;11.6;95.65;2.6733470505123207
2021;8;1;11;14.4;0.0;389;88.9;12.18;95.64;2.6769037406363836
2021;8;1;12;15.3;0.0;214;86.2;12.54;95.66;2.6804621061068423
2021;8;1;13;14.8;0.0;224;88.7;12.54;95.68;2.684022145093069
2021;8;1;14;14.5;0.0;193;91.5;12.8;95.72;2.6875838557635605
2021;8;1;15;14.9;59.46452861;117;91.2;13.14;95.77;2.691147236285961
2021;8;1;16;15.1;0.0;197;86.5;12.4;95.79;2.694712284827054
2021;8;1;17;15.4;57.17534657;125;81.8;11.76;95.79;2.6982789995527643
2021;8;1;18;15.3;733.4953165;48;82.6;11.82;95.82;2.7018473786281616
2021;8;1;19;14.4;0.0;0;92.1;12.82;95.86;2.705417420217457
2021;8;1;20;12.4;0.0;0;97.3;11.86;95.9;2.7089891224840037
2021;8;1;21;11.5;0.0;0;96.3;10.76;95.92;2.712562483590312
2021;8;1;22;11.9;0.0;0;95.2;10.94;95.93;2.716137501698028
2021;8;1;23;11.9;0.0;0;94.6;10.82;95.92;2.719714174967947
2021;8;2;0;12.0;0.0;0;93.0;10.6;95.89;2.7232925015600147
2021;8;2;1;11.9;0.0;0;93.6;10.62;95.88;2.7268724796333252
2021;8;2;2;11.4;0.0;0;95.6;10.52;95.88;2.73045410734612
2021;8;2;3;11.2;0.0;0;94.2;10.04;95.89;2.734037382855804
2021;8;2;4;11.1;0.0;0;93.9;9.88;95.93;2.737622304318921
2021;8;2;5;10.6;0.0;16;95.4;9.68;95.98;2.741208869891172
2021;8;2;6;12.8;88.45682438;69;88.8;10.56;96.0;2.744797077727414
2021;8;2;7;14.2;0.0;212;87.6;11.72;96.01;2.7483869259816585
2021;8;2;8;15.7;185.378498;276;72.8;10.26;96.01;2.751978412807071
2021;8;2;9;17.0;557.0774004;149;70.6;11.12;96.01;2.755571536355977
2021;8;2;10;18.2;527.1272419;145;59.7;10.14;96.01;2.7591662947798574
2021;8;2;11;19.0;676.021066;154;57.6;10.52;95.99;2.76276268622935
2021;8;2;12;19.0;468.9152467;160;61.4;11.28;95.98;2.7663607088542643
2021;8;2;13;19.6;632.1720478;141;54.1;10.42;95.97;2.7699603608035575
2021;8;2;14;20.8;420.026469;334;54.4;11.68;95.95;2.7735616402253522
2021;8;2;15;21.5;850.1499128;167;45.7;10.64;95.93;2.777164545266937
2021;8;2;16;20.5;601.6029546;136;48.3;10.16;95.92;2.7807690740747546
2021;8;2;17;19.9;580.2972601;123;51.3;10.16;95.93;2.78437522479443
2021;8;2;18;18.6;390.3846113;46;72.0;13.0;95.94;2.787982995570739
2021;8;2;19;16.1;0.0;0;78.8;11.86;95.97;2.7915923845476276
2021;8;2;20;15.6;0.0;0;81.0;11.8;96.03;2.7952033898682105
2021;8;2;21;14.7;0.0;0;87.1;12.12;96.04;2.79881600967477
2021;8;2;22;13.1;0.0;0;90.9;11.28;96.05;2.8024302421087586
2021;8;2;23;12.6;0.0;0;92.5;11.1;96.04;2.806046085310798
2021;8;3;0;12.2;0.0;0;92.7;10.74;96.02;2.809663537420683
2021;8;3;1;11.5;0.0;0;94.1;10.32;96.0;2.8132825965773747
2021;8;3;2;11.4;0.0;0;94.4;10.28;96.0;2.816903260919022
2021;8;3;3;11.4;0.0;0;94.2;10.24;95.94;2.820525528582932
2021;8;3;4;11.7;0.0;0;92.0;10.1;95.93;2.824149397705595
2021;8;3;5;11.5;0.0;51;93.3;10.16;95.94;2.827774866422675
2021;8;3;6;13.2;0.0;103;84.2;10.04;95.94;2.83140193286901
2021;8;3;7;13.9;0.0;221;87.3;11.36;95.96;2.8350305951786288
2021;8;3;8;15.3;0.0;290;79.2;11.14;95.93;2.8386608514847254
2021;8;3;9;17.3;80.43044986;243;71.3;11.56;95.89;2.8422926999196787
2021;8;3;10;18.4;205.7599799;336;72.5;12.9;95.88;2.845926138615048
2021;8;3;11;17.3;0.0;389;73.6;12.02;95.91;2.849561165701575
2021;8;3;12;18.9;0.0;413;62.4;11.38;95.85;2.853197779309185
2021;8;3;13;20.0;330.2490648;143;57.8;11.56;95.82;2.8568359775669854
2021;8;3;14;19.5;0.0;264;59.1;11.32;95.81;2.860475758603269
2021;8;3;15;17.2;0.0;123;72.4;11.68;95.88;2.864117120545516
2021;8;3;16;17.2;0.0;164;77.4;12.68;95.88;2.8677600615203858
2021;8;3;17;15.2;0.0;89;78.0;10.8;95.93;2.87140457965374
2021;8;3;18;13.8;0.0;49;80.9;9.98;95.95;2.875050673070618
2021;8;3;19;13.2;0.0;0;87.7;10.74;95.98;2.878698339895249
2021;8;3;20;12.8;0.0;0;94.6;11.72;96.0;2.8823475782510553
2021;8;3;21;12.8;0.0;0;96.8;12.16;96.04;2.885998386260646
2021;8;3;22;12.7;0.0;0;97.6;12.22;96.03;2.889650762045836
2021;8;3;23;12.8;0.0;0;96.7;12.14;95.98;2.8933047037276194
2021;8;4;0;12.9;0.0;0;97.5;12.4;95.95;2.89696020942619
2021;8;4;1;13.1;0.0;0;97.7;12.64;95.91;2.9006172772609373
2021;8;4;2;13.2;0.0;0;95.7;12.34;95.86;2.9042759053504468
2021;8;4;3;13.3;0.0;0;95.6;12.42;95.81;2.9079360918125006
2021;8;4;4;13.3;0.0;0;95.8;12.46;95.78;2.9115978347640787
2021;8;4;5;13.3;0.0;52;97.8;12.86;95.78;2.9152611323213593
2021;8;4;6;13.6;0.0;122;94.9;12.58;95.77;2.9189259825997294
2021;8;4;7;13.8;0.0;190;95.4;12.88;95.78;2.922592383713767
2021;8;4;8;14.1;0.0;285;93.8;12.86;95.78;2.9262603337772566
2021;8;4;9;14.1;0.0;360;94.9;13.08;95.77;2.929929830903184
2021;8;4;10;14.3;0.0;320;96.0;13.5;95.74;2.9336008732037406
2021;8;4;11;14.9;0.0;295;94.7;13.84;95.72;2.937273458790318
2021;8;4;12;14.8;0.0;430;96.9;14.18;95.7;2.9409475857735266
2021;8;4;13;14.9;0.0;323;95.5;14.0;95.66;2.9446232522631717
2021;8;4;14;15.0;0.0;197;95.3;14.06;95.65;2.948300456368271
2021;8;4;15;14.9;0.0;288;96.6;14.22;95.63;2.951979196197049
2021;8;4;16;14.6;0.0;122;95.8;13.76;95.62;2.9556594698569434
2021;8;4;17;14.5;0.0;54;96.6;13.82;95.62;2.9593412754545994
2021;8;4;18;14.6;0.0;44;96.8;13.96;95.63;2.9630246110958764
2021;8;4;19;14.3;0.0;0;96.9;13.68;95.66;2.966709474885842
2021;8;4;20;14.1;0.0;0;97.2;13.54;95.72;2.9703958649287903
2021;8;4;21;13.5;0.0;0;97.1;12.92;95.74;2.974083779328217
2021;8;4;22;12.9;0.0;0;97.9;12.48;95.74;2.977773216186838
2021;8;4;23;13.6;0.0;0;95.4;12.68;95.74;2.9814641736065868
2021;8;5;0;13.3;0.0;0;97.0;12.7;95.7;2.985156649688613
2021;8;5;1;13.5;0.0;0;97.4;12.98;95.68;2.9888506425332815
2021;8;5;2;13.3;0.0;0;98.5;13.0;95.64;2.9925461502401904
2021;8;5;3;13.2;0.0;0;98.4;12.88;95.63;2.996243170908145
2021;8;5;4;13.1;0.0;0;98.5;12.8;95.6;2.9999417026351765
2021;8;5;5;13.7;0.0;22;98.3;13.36;95.6;3.0036417435185383
2021;8;5;6;14.3;0.0;132;97.4;13.78;95.59;3.007343291654708
2021;8;5;7;16.3;267.907554;129;87.7;13.84;95.6;3.0110463451393876
2021;8;5;8;16.9;241.8171408;140;84.8;13.86;95.57;3.0147509020675054
2021;8;5;9;17.2;50.25131651;265;82.6;13.72;95.59;3.0184569605332094
2021;8;5;10;16.0;0.0;202;89.6;13.92;95.61;3.022164518629892
2021;8;5;11;16.0;0.0;312;87.6;13.52;95.61;3.025873574450158
2021;8;5;12;16.9;49.81870799;250;87.2;14.34;95.59;3.029584126085847
2021;8;5;13;17.5;0.0;328;76.9;12.88;95.57;3.033296171628029
2021;8;5;14;19.5;380.1375652;238;75.8;14.66;95.49;3.037009709167001
2021;8;5;15;20.9;662.598288;289;59.9;12.88;95.46;3.0407247367923063
2021;8;5;16;21.0;770.5879478;179;57.5;12.5;95.4;3.0444412525927076
2021;8;5;17;20.6;824.2055596;112;55.5;11.7;95.38;3.048159254656207
2021;8;5;18;19.3;885.0403768;45;61.5;11.6;95.42;3.0518787410700408
2021;8;5;19;16.8;0.0;0;73.8;11.56;95.47;3.055599709920683
2021;8;5;20;14.6;0.0;0;87.8;12.16;95.5;3.0593221592938447
2021;8;5;21;14.9;0.0;0;83.8;11.66;95.48;3.0630460872744747
2021;8;5;22;15.6;0.0;0;79.9;11.58;95.45;3.0667714919467612
2021;8;5;23;15.9;0.0;0;79.5;11.8;95.38;3.070498371394129
2021;8;6;0;15.1;0.0;0;84.8;12.06;95.34;3.0742267236992573
2021;8;6;1;16.2;0.0;0;77.0;11.6;95.3;3.0779565469440535
2021;8;6;2;16.4;0.0;0;79.6;12.32;95.27;3.0816878392096734
2021;8;6;3;16.5;0.0;0;79.2;12.34;95.29;3.085420598576517
2021;8;6;4;16.9;0.0;0;75.1;11.92;95.34;3.0891548231242245
2021;8;6;5;16.6;0.0;49;73.5;11.3;95.35;3.092890510931696
2021;8;6;6;17.4;0.0;130;65.7;10.54;95.39;3.096627660077067
2021;8;6;7;17.0;0.0;173;70.4;11.08;95.42;3.1003662686377225
2021;8;6;8;18.7;6.793362845;286;58.1;10.32;95.42;3.1041063346902993
2021;8;6;9;19.5;0.0;288;53.6;10.22;95.41;3.1078478563106833
2021;8;6;10;21.4;205.0501392;381;49.9;11.38;95.41;3.111590831574012
2021;8;6;11;21.9;348.6498267;336;51.4;12.18;95.37;3.115335258554674
2021;8;6;12;23.0;507.7355281;379;45.7;12.14;95.35;3.1190811353263133
2021;8;6;13;23.2;473.157945;379;43.0;11.8;95.31;3.1228284599618257
2021;8;6;14;24.2;645.8199768;336;43.7;12.94;95.28;3.126577230533358
2021;8;6;15;24.5;797.0230766;211;43.6;13.22;95.26;3.1303274451123277
2021;8;6;16;23.6;567.2746494;163;44.7;12.54;95.23;3.1340791017693963
2021;8;6;17;22.5;624.2695484;86;51.3;12.76;95.23;3.1378321985744857
2021;8;6;18;21.3;554.6441953;19;52.6;11.82;95.23;3.141586733596774
2021;8;6;19;18.4;0.0;0;76.4;13.68;95.27;3.145342704904713
2021;8;6;20;17.7;0.0;0;76.8;13.06;95.3;3.1491001105660015
2021;8;6;21;16.4;0.0;0;83.8;13.16;95.29;3.152858948647605
2021;8;6;22;14.4;0.0;0;93.5;13.1;95.29;3.156619217215752
2021;8;6;23;15.4;0.0;0;82.9;11.98;95.3;3.160380914335936
2021;8;7;0;14.6;0.0;0;91.8;12.96;95.25;3.1641440380729136
2021;8;7;1;13.9;0.0;0;93.5;12.6;95.23;3.167908586490709
2021;8;7;2;14.3;0.0;0;91.8;12.66;95.22;3.1716745576526137
2021;8;7;3;14.4;0.0;0;90.6;12.52;95.19;3.1754419496211863
2021;8;7;4;14.2;0.0;0;93.2;12.84;95.14;3.1792107604582496
2021;8;7;5;14.6;0.0;40;90.8;12.76;95.15;3.182980988224912
2021;8;7;6;14.8;0.0;122;93.2;13.44;95.16;3.186752630981537
2021;8;7;7;15.8;0.0;212;90.7;13.94;95.09;3.1905256867877667
2021;8;7;8;17.9;81.87938988;254;76.9;13.28;95.07;3.194300153702514
2021;8;7;9;18.1;36.54182431;351;75.5;13.2;95.09;3.1980760297839637
2021;8;7;10;19.1;0.0;394;72.1;13.52;95.06;3.201853313089588
2021;8;7;11;15.2;0.0;376;88.4;12.88;95.17;3.205632001676121
2021;8;7;12;14.6;0.0;423;92.7;13.14;95.21;3.2094120935995796
2021;8;7;13;14.8;0.0;328;90.0;12.8;95.21;3.2131935869152586
2021;8;7;14;14.5;0.0;339;96.8;13.86;95.32;3.2169764796777307
2021;8;7;15;14.6;0.0;265;96.5;13.9;95.28;3.2207607699408496
2021;8;7;16;14.7;0.0;182;95.5;13.8;95.37;3.22454645575775
2021;8;7;17;14.9;0.0;91;94.5;13.8;95.45;3.2283335351808478
2021;8;7;18;15.3;327.7062677;40;92.8;13.86;95.44;3.232122006261839
2021;8;7;19;14.9;0.0;0;91.5;13.2;95.42;3.2359118670517155
2021;8;7;20;13.2;0.0;0;98.4;12.88;95.47;3.2397031156007423
2021;8;7;21;13.5;0.0;0;94.1;12.32;95.53;3.2434957499584733
2021;8;7;22;13.5;0.0;0;94.7;12.44;95.56;3.247289768173751
2021;8;7;23;13.3;0.0;0;94.3;12.16;95.62;3.2510851682946997
2021;8;8;0;14.3;0.0;0;92.6;12.82;95.64;3.254881948368749
2021;8;8;1;14.1;0.0;0;94.3;12.96;95.66;3.2586801064426023
2021;8;8;2;14.1;0.0;0;93.1;12.72;95.65;3.26247964056226
2021;8;8;3;14.2;0.0;0;91.7;12.54;95.66;3.2662805487730138
2021;8;8;4;13.7;0.0;0;85.0;10.7;95.69;3.2700828291194495
2021;8;8;5;13.4;0.0;46;83.9;10.18;95.72;3.2738864796454465
2021;8;8;6;13.9;0.0;101;78.8;9.66;95.75;3.2776914983941787
2021;8;8;7;14.8;0.0;211;76.1;10.02;95.8;3.281497883408117
2021;8;8;8;15.8;0.0;293;71.5;10.1;95.83;3.2853056327290293
2021;8;8;9;17.2;95.90851425;358;62.7;9.74;95.85;3.289114744397976
2021;8;8;10;18.6;528.8728709;246;57.5;10.1;95.86;3.2929252164553318
2021;8;8;11;18.5;223.5764119;381;56.3;9.76;95.88;3.2967370469407573
2021;8;8;12;18.9;19.86894862;420;53.5;9.6;95.91;3.300550233893218
2021;8;8;13;20.0;288.9466402;299;52.7;10.54;95.91;3.3043647753509777
2021;8;8;14;21.5;380.4789611;340;42.8;10.06;95.93;3.308180669351618
2021;8;8;15;21.7;952.2004137;127;41.9;10.08;95.97;3.3119979139320086
2021;8;8;16;20.9;520.4107315;118;44.1;9.72;96.0;3.3158165071283316
2021;8;8;17;20.8;749.3827351;119;46.7;10.14;96.02;3.319636446976073
2021;8;8;18;19.6;1000.0;36;47.9;9.18;96.06;3.323457731510028
2021;8;8;19;16.5;0.0;0;67.0;9.9;96.13;3.3272803587642983
2021;8;8;20;14.3;0.0;0;77.7;9.84;96.18;3.331104326772296
2021;8;8;21;13.1;0.0;0;82.7;9.64;96.21;3.3349296335667433
2021;8;8;22;12.3;0.0;0;85.4;9.38;96.23;3.3387562771796726
2021;8;8;23;11.4;0.0;0;91.4;9.68;96.26;3.3425842556424246
2021;8;9;0;10.5;0.0;0;94.0;9.3;96.27;3.346413566985668
2021;8;9;1;10.7;0.0;0;93.1;9.32;96.25;3.3502442092393703
2021;8;9;2;10.1;0.0;0;94.6;9.02;96.26;3.3540761804328207
2021;8;9;3;10.3;0.0;0;94.6;9.22;96.26;3.3579094785946233
2021;8;9;4;10.5;0.0;0;94.2;9.34;96.26;3.3617441017526954
2021;8;9;5;10.5;0.0;37;95.9;9.68;96.29;3.3655800479342863
2021;8;9;6;12.3;0.0;126;88.5;10.0;96.3;3.369417315165952
2021;8;9;7;13.6;16.30330812;166;86.2;10.84;96.32;3.373255901473571
2021;8;9;8;14.8;165.2443905;225;77.1;10.22;96.32;3.3770958048823454
2021;8;9;9;16.7;250.543695;338;71.2;10.94;96.34;3.3809370234167995
2021;8;9;10;18.2;348.6728227;328;61.9;10.58;96.36;3.3847795551007795
2021;8;9;11;19.5;210.0824394;388;59.4;11.38;96.36;3.3886233979574576
2021;8;9;12;19.9;284.8857748;175;60.8;12.06;96.37;3.392468550009326
2021;8;9;13;20.6;192.8825188;218;60.7;12.74;96.36;3.3963150092782186
2021;8;9;14;20.8;369.7584526;189;54.7;11.74;96.37;3.40016277378528
2021;8;9;15;21.6;212.8986908;210;48.0;11.2;96.33;3.4040118415509912
2021;8;9;16;21.1;355.9362706;102;46.0;10.3;96.32;3.4078622105951606
2021;8;9;17;18.5;0.0;82;75.5;13.6;96.31;3.4117138789369283
2021;8;9;18;18.0;30.21691345;37;76.3;13.26;96.29;3.41556684459476
2021;8;9;19;16.1;0.0;0;88.9;13.88;96.29;3.41942110558647
2021;8;9;20;14.4;0.0;0;91.1;12.62;96.3;3.42327665992919
2021;8;9;21;14.0;0.0;0;91.4;12.28;96.31;3.4271335056393926
2021;8;9;22;13.0;0.0;0;92.0;11.4;96.33;3.430991640732885
2021;8;9;23;12.2;0.0;0;94.4;11.08;96.34;3.4348510632248117
2021;8;10;0;11.5;0.0;0;95.4;10.58;96.33;3.4387117711296553
2021;8;10;1;11.7;0.0;0;94.3;10.56;96.32;3.4425737624612354
2021;8;10;2;11.4;0.0;0;95.4;10.48;96.32;3.4464370352327083
2021;8;10;3;11.7;0.0;0;93.3;10.36;96.31;3.4503015874565848
2021;8;10;4;11.2;0.0;0;96.0;10.4;96.32;3.4541674171447028
2021;8;10;5;11.7;0.0;40;95.2;10.74;96.32;3.4580345223082483
2021;8;10;6;13.4;146.7429257;81;91.0;11.6;96.33;3.4619029009577504
2021;8;10;7;15.7;393.8944781;102;80.7;11.84;96.33;3.465772551103084
2021;8;10;8;17.8;555.104188;118;72.4;12.28;96.32;3.4696434707534647
2021;8;10;9;19.6;669.1506582;142;65.0;12.6;96.3;3.4735156579174684
2021;8;10;10;21.0;831.7015661;124;58.3;12.66;96.28;3.4773891106030064
2021;8;10;11;22.7;768.3235077;207;57.7;14.24;96.24;3.4812638268173424
2021;8;10;12;24.3;846.7823021;146;54.6;15.22;96.21;3.48513980456709
2021;8;10;13;25.2;734.8008906;259;52.5;15.7;96.18;3.489017041858215
2021;8;10;14;28.0;596.0284334;333;36.5;15.3;96.12;3.4928955366960333
2021;8;10;15;28.6;673.2203839;277;36.3;15.86;96.09;3.496775287085216
2021;8;10;16;28.1;678.7198766;200;36.0;15.3;96.08;3.500656291029782
2021;8;10;17;27.1;678.6575965;109;42.3;15.56;96.07;3.5045385465331194
2021;8;10;18;25.3;1000.0;31;51.6;15.62;96.08;3.5084220515979596
2021;8;10;19;22.7;0.0;0;56.8;14.06;96.13;3.512306804226395
2021;8;10;20;20.7;0.0;0;66.3;13.96;96.2;3.516192802419876
2021;8;10;21;17.0;0.0;0;85.0;14.0;96.21;3.520080044179208
2021;8;10;22;17.2;0.0;0;79.5;13.1;96.24;3.5239685275045702
2021;8;10;23;16.4;0.0;0;84.9;13.38;96.25;3.52785825039549
2021;8;11;0;15.8;0.0;0;85.3;12.86;96.26;3.53174921085086
2021;8;11;1;14.9;0.0;0;87.5;12.4;96.27;3.5356414068689372
2021;8;11;2;14.7;0.0;0;90.6;12.82;96.26;3.539534836447344
2021;8;11;3;14.8;0.0;0;87.9;12.38;96.26;3.5434294975830665
2021;8;11;4;14.0;0.0;0;91.8;12.36;96.27;3.5473253882724576
2021;8;11;5;14.0;0.0;39;92.5;12.5;96.32;3.5512225065112384
2021;8;11;6;15.0;0.0;83;88.0;12.6;96.35;3.5551208502944927
2021;8;11;7;17.6;221.89199;105;79.0;13.4;96.37;3.559020417616689
2021;8;11;8;20.2;557.7300361;120;67.4;13.68;96.38;3.562921206471651
2021;8;11;9;22.5;684.4915797;137;60.7;14.64;96.37;3.56682321485258
2021;8;11;10;23.7;771.3130983;139;56.3;14.96;96.35;3.570726440752049
2021;8;11;11;25.5;826.5535425;146;49.3;15.36;96.32;3.5746308821620003
2021;8;11;12;27.1;869.5973453;131;46.4;16.38;96.28;3.578536537073765
2021;8;11;13;27.6;864.915895;148;44.9;16.58;96.27;3.5824434034780355
2021;8;11;14;28.7;862.8343901;133;43.2;17.34;96.23;3.5863514793648856
2021;8;11;15;28.9;870.8930983;125;46.1;18.12;96.2;3.590260762723767
2021;8;11;16;28.8;835.6862966;107;46.0;18.0;96.17;3.5941712515435107
2021;8;11;17;28.2;839.4133023;79;46.2;17.44;96.17;3.598082943812327
2021;8;11;18;26.4;983.5232686;34;58.1;18.02;96.18;3.6019958375178076
2021;8;11;19;22.6;0.0;0;77.6;18.12;96.22;3.605909930646925
2021;8;11;20;20.0;0.0;0;84.8;16.96;96.31;3.6098252211860355
2021;8;11;21;19.4;0.0;0;87.4;16.88;96.35;3.613741707120875
2021;8;11;22;18.0;0.0;0;92.7;16.54;96.37;3.617659386436577
2021;8;11;23;17.6;0.0;0;92.1;16.02;96.38;3.6215782571176494
2021;8;12;0;16.5;0.0;0;94.6;15.42;96.39;3.6254983171479895
2021;8;12;1;16.1;0.0;0;95.1;15.12;96.39;3.6294195645108838
2021;8;12;2;15.9;0.0;0;96.2;15.14;96.38;3.6333419971890035
2021;8;12;3;15.3;0.0;0;97.3;14.76;96.35;3.6372656131644234
2021;8;12;4;15.6;0.0;0;95.3;14.66;96.35;3.641190410418597
2021;8;12;5;15.8;0.0;37;95.4;14.88;96.36;3.6451163869323717
2021;8;12;6;16.9;0.0;105;91.6;15.22;96.39;3.649043540685992
2021;8;12;7;19.2;247.1956613;106;84.8;16.16;96.38;3.652971869659093
2021;8;12;8;21.0;651.198128;60;76.4;16.28;96.4;3.656901371830709
2021;8;12;9;22.9;479.5422668;276;66.2;16.14;96.37;3.660832045179267
2021;8;12;10;25.1;734.6355002;163;57.5;16.6;96.37;3.664763887682595
2021;8;12;11;26.6;811.3424371;152;50.1;16.62;96.33;3.6686968973179117
2021;8;12;12;27.2;681.9015708;281;53.4;17.88;96.31;3.6726310720618516
2021;8;12;13;29.0;665.6996503;309;48.8;18.76;96.26;3.6765664098904347
2021;8;12;14;29.5;894.3350128;92;53.5;20.2;96.26;3.6805029087790886
2021;8;12;15;30.0;628.0192781;260;49.9;19.98;96.24;3.6844405667026408
2021;8;12;16;30.1;602.4542444;168;51.7;20.44;96.14;3.6883793816353205
2021;8;12;17;28.3;317.846298;109;66.5;21.6;96.22;3.692319351550775
2021;8;12;18;25.1;342.3703666;33;79.7;21.04;96.24;3.696260474422043
2021;8;12;19;23.8;0.0;0;80.5;19.9;96.26;3.7002027482215754
2021;8;12;20;21.9;0.0;0;72.7;16.44;96.53;3.7041461709212298
2021;8;12;21;21.3;0.0;0;71.6;15.62;96.56;3.708090740492274
2021;8;12;22;20.0;0.0;0;81.4;16.28;96.64;3.712036454905385
2021;8;12;23;20.0;0.0;0;77.6;15.52;96.62;3.7159833121306507
2021;8;13;0;20.2;0.0;0;71.1;14.42;96.63;3.719931310137572
2021;8;13;1;19.0;0.0;0;75.9;14.18;96.61;3.7238804468950573
2021;8;13;2;17.5;0.0;0;82.6;14.02;96.62;3.7278307203714443
2021;8;13;3;16.1;0.0;0;90.1;14.12;96.64;3.73178212853447
2021;8;13;4;17.3;0.0;0;81.6;13.62;96.64;3.7357346693512943
2021;8;13;5;15.6;0.0;39;93.0;14.2;96.68;3.7396883407884935
2021;8;13;6;18.7;44.06922121;82;77.0;14.1;96.7;3.743643140812057
2021;8;13;7;20.6;308.7748319;111;70.3;14.66;96.7;3.7475990673874087
2021;8;13;8;22.6;307.0179082;206;60.7;14.74;96.71;3.7515561184793786
2021;8;13;9;24.7;495.7788696;220;56.6;16.02;96.73;3.7555142920522226
2021;8;13;10;25.9;681.2310401;170;52.5;16.4;96.72;3.759473586069619
2021;8;13;11;26.8;741.101085;153;49.3;16.66;96.69;3.76343399849467
2021;8;13;12;28.2;761.4531105;191;54.0;19.0;96.65;3.7673955272899025
2021;8;13;13;28.6;558.5375633;215;51.6;18.92;96.65;3.7713581704172685
2021;8;13;14;29.7;624.883336;248;47.6;19.22;96.6;3.7753219258381474
2021;8;13;15;29.5;304.2378112;262;53.8;20.26;96.58;3.7792867915133463
2021;8;13;16;29.5;801.2788092;111;49.1;19.32;96.55;3.783252765403096
2021;8;13;17;29.1;762.6446572;74;51.8;19.46;96.54;3.787219845467071
2021;8;13;18;26.8;814.6876128;30;68.3;20.46;96.52;3.7911880296643643
2021;8;13;19;24.3;0.0;0;77.2;19.74;96.55;3.795157315953503
2021;8;13;20;22.5;0.0;0;81.9;18.88;96.59;3.7991277022924494
2021;8;13;21;20.8;0.0;0;91.1;19.02;96.61;3.803099186638594
2021;8;13;22;20.7;0.0;0;90.8;18.86;96.64;3.807071766948777
2021;8;13;23;19.7;0.0;0;93.3;18.36;96.62;3.8110454411792607
2021;8;14;0;19.7;0.0;0;92.1;18.12;96.62;3.8150202072857495
2021;8;14;1;18.8;0.0;0;95.0;17.8;96.59;3.8189960632233846
2021;8;14;2;18.5;0.0;0;96.1;17.72;96.58;3.8229730069467487
2021;8;14;3;18.3;0.0;0;96.1;17.52;96.57;3.8269510364098633
2021;8;14;4;17.8;0.0;0;97.9;17.38;96.57;3.830930149566192
2021;8;14;5;17.6;0.0;37;96.5;16.9;96.58;3.8349103443686356
2021;8;14;6;19.2;0.0;89;89.0;17.0;96.58;3.8388916187695545
2021;8;14;7;20.8;19.28582534;200;82.2;17.24;96.59;3.8428739707207367
2021;8;14;8;22.3;356.1514418;180;77.7;17.84;96.56;3.8468573981734218
2021;8;14;9;25.0;356.3564507;343;67.6;18.52;96.52;3.850841899078297
2021;8;14;10;25.9;420.8825543;389;61.1;18.12;96.48;3.8548274713854966
2021;8;14;11;27.4;502.5301982;379;55.1;18.42;96.42;3.8588141130445974
2021;8;14;12;28.1;501.8697054;410;57.0;19.5;96.37;3.8628018220046436
2021;8;14;13;29.3;544.4636545;383;52.1;19.72;96.32;3.866790596214113
2021;8;14;14;30.3;835.7159798;133;51.1;20.52;96.29;3.8707804336209417
2021;8;14;15;30.7;829.6399436;132;50.2;20.74;96.24;3.8747713321725183
2021;8;14;16;30.1;723.8977106;111;54.3;20.96;96.22;3.8787632898156863
2021;8;14;17;29.6;879.4652275;75;56.4;20.88;96.2;3.8827563044967426
2021;8;14;18;27.8;946.5422428;29;63.5;20.5;96.19;3.8867503741614424
2021;8;14;19;25.0;0.0;0;80.6;21.12;96.19;3.8907454967549913
2021;8;14;20;23.3;0.0;0;86.9;20.68;96.22;3.8947416702220696
2021;8;14;21;22.4;0.0;0;89.3;20.26;96.22;3.898738892506801
2021;8;14;22;22.0;0.0;0;89.8;19.96;96.22;3.9027371615527757
2021;8;14;23;20.9;0.0;0;93.1;19.52;96.21;3.9067364753030436
2021;8;15;0;20.4;0.0;0;92.0;18.8;96.18;3.9107368317001194
2021;8;15;1;19.1;0.0;0;95.9;18.28;96.15;3.9147382286859744
2021;8;15;2;19.0;0.0;0;93.9;17.78;96.11;3.918740664202061
2021;8;15;3;18.7;0.0;0;93.4;17.38;96.11;3.922744136189282
2021;8;15;4;18.2;0.0;0;95.1;17.22;96.07;3.9267486425880103
2021;8;15;5;18.3;0.0;36;93.4;16.98;96.04;3.9307541813380893
2021;8;15;6;19.7;0.0;113;87.6;17.22;96.05;3.93476075037883
2021;8;15;7;21.8;101.9871551;187;74.1;16.62;96.05;3.9387683476490127
2021;8;15;8;23.5;501.4921214;138;67.5;17.0;96.05;3.9427769710868903
2021;8;15;9;24.8;414.2902418;246;60.5;16.9;96.04;3.946786618630181
2021;8;15;10;25.9;701.4179129;144;67.7;19.44;95.99;3.9507972882160924
2021;8;15;11;29.3;743.7604079;190;50.2;19.34;95.92;3.9548089777812923
2021;8;15;12;30.3;516.8381695;403;50.0;20.3;95.87;3.9588216852619245
2021;8;15;13;31.2;697.4655113;270;46.8;20.56;95.81;3.962835408593614
2021;8;15;14;31.6;671.5345399;306;41.2;19.84;95.78;3.9668501457114616
2021;8;15;15;29.2;143.0693995;145;52.2;19.64;95.81;3.9708658945500397
2021;8;15;16;30.3;450.3444303;102;41.0;18.5;95.73;3.9748826530434176
2021;8;15;17;29.7;825.0683579;71;45.5;18.8;95.69;3.9789004191251296
2021;8;15;18;28.1;1000.0;25;53.4;18.78;95.7;3.982919190728195
2021;8;15;19;26.7;0.0;0;52.9;17.28;95.76;3.9869389657851175
2021;8;15;20;23.4;0.0;0;67.3;16.86;95.81;3.9909597422278846
2021;8;15;21;21.6;0.0;0;77.3;17.06;95.84;3.994981517987968
2021;8;15;22;21.1;0.0;0;80.1;17.12;95.79;3.9990042909963255
2021;8;15;23;21.4;0.0;0;79.9;17.38;95.79;4.003028059183396
2021;8;16;0;21.8;0.0;0;75.9;16.98;95.84;4.0070528204791245
2021;8;16;1;21.8;0.0;0;70.9;15.98;95.85;4.0110785728129255
2021;8;16;2;20.0;0.0;0;82.7;16.54;95.89;4.015105314113711
2021;8;16;3;20.2;0.0;0;81.2;16.44;95.89;4.019133042309885
2021;8;16;4;20.0;0.0;0;80.4;16.08;95.88;4.023161755329339
2021;8;16;5;19.9;0.0;35;77.0;15.3;95.88;4.02719145109947
2021;8;16;6;19.8;0.0;94;74.1;14.62;95.89;4.031222127547157
2021;8;16;7;19.6;0.0;127;76.3;14.86;95.91;4.035253782598779
2021;8;16;8;19.5;0.0;180;74.7;14.44;95.94;4.039286414180211
2021;8;16;9;20.2;0.0;159;61.5;12.5;95.97;4.043320020216825
2021;8;16;10;19.5;0.0;143;61.8;11.86;96.01;4.047354598633493
2021;8;16;11;20.7;408.2179871;152;53.8;11.46;96.0;4.051390147354587
2021;8;16;12;22.2;834.5572878;141;44.0;11.0;96.0;4.05542666430398
2021;8;16;13;21.4;647.35498;143;43.1;10.02;96.01;4.059464147405043
2021;8;16;14;20.5;732.644254;136;44.3;9.36;96.08;4.06350259458065
2021;8;16;15;20.8;618.3228627;131;41.9;9.18;96.14;4.067542003753192
2021;8;16;16;21.2;1000.0;109;43.3;9.86;96.19;4.07158237284455
2021;8;16;17;19.4;453.5384568;91;48.8;9.16;96.21;4.075623699776116
2021;8;16;18;18.4;265.2434915;26;55.2;9.44;96.26;4.079665982468789
2021;8;16;19;17.6;0.0;0;62.1;10.02;96.3;4.083709218842972
2021;8;16;20;17.2;0.0;0;65.1;10.22;96.34;4.087753406818593
2021;8;16;21;17.1;0.0;0;65.6;10.22;96.34;4.091798544315074
2021;8;16;22;17.4;0.0;0;62.7;9.94;96.34;4.095844629251353
2021;8;16;23;15.1;0.0;0;83.0;11.7;96.36;4.099891659545883
2021;8;17;0;14.1;0.0;0;93.3;12.76;96.4;4.10393963311663
2021;8;17;1;14.3;0.0;0;92.2;12.74;96.38;4.107988547881072
2021;8;17;2;14.1;0.0;0;94.1;12.92;96.38;4.112038401756205
2021;8;17;3;13.9;0.0;0;94.1;12.72;96.37;4.116089192658545
2021;8;17;4;14.3;0.0;0;92.9;12.88;96.36;4.120140918504113
2021;8;17;5;14.2;0.0;28;94.0;13.0;96.38;4.124193577208471
2021;8;17;6;14.2;0.0;100;92.3;12.66;96.39;4.128247166686684
2021;8;17;7;16.0;73.93863997;122;71.4;10.28;96.43;4.132301684853342
2021;8;17;8;16.4;383.1701957;182;64.9;9.38;96.43;4.136357129622559
2021;8;17;9;16.8;229.3181953;340;60.2;8.84;96.42;4.140413498907966
2021;8;17;10;17.7;391.9817285;353;59.2;9.54;96.44;4.144470790622734
2021;8;17;11;19.3;501.81243;347;53.2;9.94;96.4;4.148529002679542
2021;8;17;12;18.8;297.7198245;406;50.8;8.96;96.34;4.152588132990606
2021;8;17;13;20.7;667.8466704;207;45.4;9.78;96.27;4.156648179467664
2021;8;17;14;21.5;818.5233804;136;44.0;10.3;96.23;4.1607091400219876
2021;8;17;15;21.3;639.4753993;139;39.8;9.26;96.23;4.164771012564373
2021;8;17;16;19.5;367.5321677;113;51.2;9.74;96.23;4.16883379500515
2021;8;17;17;20.0;660.1112952;82;48.3;9.66;96.22;4.172897485254181
2021;8;17;18;18.4;1000.0;24;52.6;8.92;96.24;4.176962081220855
2021;8;17;19;17.4;0.0;0;57.7;8.94;96.31;4.181027580814112
2021;8;17;20;14.9;0.0;0;73.1;9.52;96.37;4.1850939819424084
2021;8;17;21;15.4;0.0;0;63.3;8.06;96.38;4.189161282513744
2021;8;17;22;15.3;0.0;0;67.0;8.7;96.39;4.193229480435658
2021;8;17;23;15.0;0.0;0;76.0;10.2;96.4;4.197298573615219
2021;8;18;0;14.7;0.0;0;75.5;9.8;96.36;4.201368559959052
2021;8;18;1;14.5;0.0;0;78.4;10.18;96.35;4.205439437373308
2021;8;18;2;14.5;0.0;0;77.8;10.06;96.35;4.209511203763684
2021;8;18;3;14.4;0.0;0;79.8;10.36;96.34;4.213583857035419
2021;8;18;4;14.2;0.0;0;81.3;10.46;96.33;4.217657395093296
2021;8;18;5;14.0;0.0;32;81.6;10.32;96.34;4.221731815841645
2021;8;18;6;14.4;0.0;85;81.7;10.74;96.34;4.225807117184337
2021;8;18;7;15.4;0.0;107;76.9;10.78;96.34;4.229883297024796
2021;8;18;8;15.9;0.0;125;72.5;10.4;96.34;4.233960353265989
2021;8;18;9;16.5;162.8215375;145;67.9;10.08;96.35;4.23803828381043
2021;8;18;10;18.1;552.6720728;147;59.5;10.0;96.31;4.242117086560198
2021;8;18;11;19.5;796.8620911;165;54.4;10.38;96.26;4.246196759416906
2021;8;18;12;20.5;856.6882515;157;51.5;10.8;96.21;4.250277300281726
2021;8;18;13;22.0;884.5818099;153;49.1;11.82;96.17;4.2543587070553865
2021;8;18;14;22.8;903.9561608;131;49.7;12.74;96.14;4.258440977638159
2021;8;18;15;22.1;870.4562196;129;52.2;12.54;96.1;4.262524109929891
2021;8;18;16;21.7;622.3982982;98;53.4;12.38;96.08;4.266608101829969
2021;8;18;17;20.9;810.0636873;98;58.0;12.5;96.05;4.2706929512373435
2021;8;18;18;18.7;1000.0;22;64.6;11.62;96.06;4.274778656050523
2021;8;18;19;17.3;0.0;0;70.5;11.4;96.1;4.278865214167577
2021;8;18;20;16.2;0.0;0;76.7;11.54;96.12;4.282952623486134
2021;8;18;21;15.2;0.0;0;84.9;12.18;96.13;4.287040881903387
2021;8;18;22;15.2;0.0;0;85.3;12.26;96.12;4.291129987316092
2021;8;18;23;15.1;0.0;0;87.3;12.56;96.11;4.295219937620561
2021;8;19;0;14.7;0.0;0;89.7;12.64;96.11;4.2993107307126905
2021;8;19;1;14.8;0.0;0;90.8;12.96;96.1;4.303402364487925
2021;8;19;2;14.7;0.0;0;90.9;12.88;96.08;4.307494836841286
2021;8;19;3;14.9;0.0;0;86.4;12.18;96.05;4.311588145667358
2021;8;19;4;14.5;0.0;0;91.6;12.82;96.04;4.315682288860293
2021;8;19;5;14.6;0.0;20;89.1;12.42;96.04;4.31977726431383
2021;8;19;6;15.5;0.0;103;87.4;12.98;96.06;4.323873069921262
2021;8;19;7;16.5;7.508297107;117;83.4;13.18;96.05;4.327969703575463
2021;8;19;8;17.4;0.0;255;77.5;12.9;96.04;4.332067163168879
2021;8;19;9;19.0;206.2532525;271;68.6;12.72;96.05;4.3361654465935295
2021;8;19;10;19.1;283.254651;183;66.2;12.34;96.06;4.340264551741015
2021;8;19;11;20.1;415.1997864;158;58.4;11.78;96.02;4.344364476502508
2021;8;19;12;21.5;471.3458645;247;55.8;12.66;96.0;4.348465218768758
2021;8;19;13;21.6;590.6478539;147;54.5;12.5;95.96;4.352566776430107
2021;8;19;14;21.8;624.0047925;136;56.4;13.08;95.94;4.356669147376464
2021;8;19;15;21.8;333.6719385;220;53.0;12.4;95.9;4.3607723294973235
2021;8;19;16;22.7;528.5481659;179;52.6;13.22;95.87;4.364876320681762
2021;8;19;17;22.2;488.4563057;98;52.8;12.76;95.85;4.368981118818442
2021;8;19;18;21.0;1000.0;20;58.7;12.74;95.85;4.3730867217956035
2021;8;19;19;18.1;0.0;0;77.5;13.6;95.89;4.37719312750109
2021;8;19;20;17.5;0.0;0;80.8;13.66;95.96;4.381300333822314
2021;8;19;21;16.0;0.0;0;90.0;14.0;95.98;4.385408338646283
2021;8;19;22;15.6;0.0;0;91.8;13.96;96.0;4.389517139859595
2021;8;19;23;15.4;0.0;0;91.9;13.78;96.01;4.393626735348434
2021;8;20;0;14.9;0.0;0;92.2;13.34;96.01;4.3977371229985796
2021;8;20;1;14.4;0.0;0;93.8;13.16;96.0;4.401848300695402
2021;8;20;2;14.1;0.0;0;93.1;12.72;95.98;4.40596026632386
2021;8;20;3;13.9;0.0;0;94.9;12.88;96.0;4.410073017768523
2021;8;20;4;13.6;0.0;0;95.1;12.62;95.99;4.41418655291354
2021;8;20;5;13.8;0.0;29;95.5;12.9;96.02;4.418300869642661
2021;8;20;6;15.6;0.0;95;90.0;13.6;96.05;4.422415965839238
2021;8;20;7;16.7;73.1537393;110;84.4;13.58;96.08;4.426531839386216
2021;8;20;8;17.9;316.6387895;131;74.7;12.84;96.08;4.430648488166141
2021;8;20;9;19.1;639.2560009;140;69.3;12.96;96.09;4.43476591006117
2021;8;20;10;21.8;696.5891065;161;63.2;14.44;96.08;4.438884102953051
2021;8;20;11;22.5;714.6922048;157;58.7;14.24;96.06;4.44300306472314
2021;8;20;12;23.1;846.4979574;150;52.9;13.68;96.04;4.447122793252394
2021;8;20;13;24.6;839.932993;167;48.2;14.24;96.02;4.451243286421379
2021;8;20;14;24.9;820.2796443;156;46.0;14.1;96.0;4.455364542110267
2021;8;20;15;24.6;830.5808244;129;45.6;13.72;95.99;4.4594865581988365
2021;8;20;16;24.5;837.4976294;103;49.7;14.44;95.99;4.463609332566472
2021;8;20;17;24.0;796.4844628;83;54.1;14.82;95.98;4.467732863092181
2021;8;20;18;23.0;1000.0;18;53.7;13.74;96.0;4.471857147654567
2021;8;20;19;19.0;0.0;0;81.3;15.26;96.06;4.475982184131851
2021;8;20;20;17.6;0.0;0;82.3;14.06;96.11;4.4801079704018685
2021;8;20;21;16.7;0.0;0;87.5;14.2;96.13;4.484234504342067
2021;8;20;22;15.4;0.0;0;92.9;13.98;96.16;4.488361783829505
2021;8;20;23;14.9;0.0;0;91.3;13.16;96.17;4.492489806740873
2021;8;21;0;13.6;0.0;0;94.1;12.42;96.17;4.496618570952465
2021;8;21;1;13.6;0.0;0;93.4;12.28;96.16;4.500748074340196
2021;8;21;2;13.0;0.0;0;94.5;11.9;96.16;4.504878314779603
2021;8;21;3;13.8;0.0;0;89.6;11.72;96.16;4.509009290145844
2021;8;21;4;12.8;0.0;0;94.2;11.64;96.17;4.513140998313696
2021;8;21;5;12.6;0.0;28;96.1;11.82;96.2;4.517273437157561
2021;8;21;6;14.6;0.0;80;90.4;12.68;96.24;4.521406604551467
2021;8;21;7;16.8;289.8803421;106;81.8;13.16;96.26;4.525540498369059
2021;8;21;8;18.9;506.8963357;125;78.2;14.54;96.25;4.529675116483625
2021;8;21;9;21.5;643.6239712;140;71.8;15.86;96.27;4.533810456768063
2021;8;21;10;22.6;726.9050701;143;66.0;15.8;96.25;4.537946517094909
2021;8;21;11;23.8;775.3533996;151;60.5;15.9;96.22;4.542083295336325
2021;8;21;12;26.1;815.717116;146;53.9;16.88;96.19;4.5462207893640985
2021;8;21;13;28.2;856.7663015;147;34.9;15.18;96.17;4.550358997049667
2021;8;21;14;28.4;853.8528652;135;34.9;15.38;96.14;4.554497916264081
2021;8;21;15;28.8;857.7328152;125;32.2;15.24;96.12;4.558637544878035
2021;8;21;16;27.6;713.267523;108;30.6;13.72;96.12;4.562777880761855
2021;8;21;17;26.4;494.7745849;76;40.3;14.46;96.11;4.566918921785504
2021;8;21;18;22.3;579.3937302;16;65.7;15.44;96.1;4.571060665818584
2021;8;21;19;22.3;0.0;0;51.5;12.6;96.11;4.5752031107303335
2021;8;21;20;18.3;0.0;0;69.8;12.26;96.1;4.5793462543896295
2021;8;21;21;19.4;0.0;0;59.8;11.36;96.09;4.583490094664986
2021;8;21;22;18.1;0.0;0;70.3;12.16;96.11;4.587634629424576
2021;8;21;23;20.0;0.0;0;64.9;12.98;96.1;4.591779856536195
2021;8;22;0;18.3;0.0;0;76.6;13.62;96.19;4.5959257738672905
2021;8;22;1;16.7;0.0;0;92.2;15.14;96.23;4.600072379284955
2021;8;22;2;16.7;0.0;0;93.8;15.46;96.3;4.6042196706559215
2021;8;22;3;17.2;0.0;0;92.3;15.66;96.29;4.6083676458465845
2021;8;22;4;17.3;0.0;0;88.2;14.94;96.3;4.612516302722972
2021;8;22;5;16.6;0.0;26;97.2;16.04;96.32;4.616665639150767
2021;8;22;6;16.8;0.0;78;96.0;16.0;96.33;4.620815652995303
2021;8;22;7;17.5;15.38150497;104;91.5;15.8;96.35;4.624966342121563
2021;8;22;8;19.1;184.036744;128;89.6;17.02;96.33;4.629117704394185
2021;8;22;9;20.3;328.5154348;140;78.8;16.06;96.34;4.633269737677459
2021;8;22;10;21.6;486.5983772;153;74.1;16.42;96.32;4.637422439835331
2021;8;22;11;22.4;64.25515119;304;63.3;15.06;96.26;4.641575808731397
2021;8;22;12;19.3;0.0;233;85.4;16.38;96.27;4.645729842228926
2021;8;22;13;19.2;0.0;249;87.6;16.72;96.26;4.649884538190829
2021;8;22;14;20.9;109.1679141;138;79.8;16.86;96.22;4.654039894479682
2021;8;22;15;22.6;533.7145332;132;61.7;14.94;96.22;4.658195908957721
2021;8;22;16;21.2;259.5836332;105;64.6;14.12;96.28;4.6623525794868375
2021;8;22;17;20.2;593.1497506;79;62.0;12.6;96.3;4.666509903928601
2021;8;22;18;19.3;289.109592;13;65.1;12.32;96.39;4.670667880144231
2021;8;22;19;18.5;0.0;0;63.9;11.28;96.47;4.674826505994616
2021;8;22;20;18.8;0.0;0;60.2;10.84;96.52;4.67898577934031
2021;8;22;21;16.7;0.0;0;81.1;12.92;96.55;4.683145698041531
2021;8;22;22;16.8;0.0;0;73.1;11.42;96.56;4.68730625995817
2021;8;22;23;17.0;0.0;0;70.9;11.18;96.57;4.6914674629497854
2021;8;23;0;16.7;0.0;0;71.2;10.94;96.54;4.695629304875604
2021;8;23;1;15.5;0.0;0;87.8;13.06;96.52;4.6997917835945255
2021;8;23;2;14.3;0.0;0;92.0;12.7;96.49;4.703954896965117
2021;8;23;3;13.9;0.0;0;92.4;12.38;96.48;4.7081186428456325
2021;8;23;4;13.9;0.0;0;92.3;12.36;96.47;4.712283019093988
2021;8;23;5;12.9;0.0;25;93.8;11.66;96.48;4.716448023567779
2021;8;23;6;14.3;0.0;90;88.3;11.96;96.49;4.720613654124277
2021;8;23;7;16.8;348.9591726;117;73.3;11.46;96.46;4.7247799086204285
2021;8;23;8;17.8;542.3488896;140;66.0;11.0;96.46;4.728946784912871
2021;8;23;9;19.4;679.6044745;151;58.9;11.18;96.46;4.733114280857911
2021;8;23;10;20.2;772.5817581;154;54.7;11.14;96.44;4.737282394311537
2021;8;23;11;21.2;812.6969223;173;50.9;11.38;96.39;4.741451123129424
2021;8;23;12;21.4;859.7957203;165;49.4;11.28;96.35;4.745620465166926
2021;8;23;13;23.0;836.4253744;159;43.0;11.6;96.32;4.749790418279085
2021;8;23;14;22.3;831.656616;139;48.1;11.92;96.3;4.7539609803206275
2021;8;23;15;21.7;600.1654296;155;53.7;12.44;96.28;4.7581321491459665
2021;8;23;16;21.3;896.869237;116;53.9;12.08;96.28;4.762303922609199
2021;8;23;17;20.1;909.6511084;77;55.3;11.16;96.28;4.766476298564123
2021;8;23;18;18.5;1000.0;12;63.5;11.2;96.3;4.770649274864215
2021;8;23;19;17.0;0.0;0;72.3;11.46;96.33;4.7748228493626454
2021;8;23;20;16.3;0.0;0;75.7;11.44;96.38;4.778997019912278
2021;8;23;21;15.6;0.0;0;80.2;11.64;96.36;4.783171784365665
2021;8;23;22;15.3;0.0;0;82.8;11.86;96.34;4.787347140575067
2021;8;23;23;14.7;0.0;0;85.1;11.72;96.31;4.7915230863924245
2021;8;24;0;15.2;0.0;0;83.3;11.86;96.28;4.795699619669383
2021;8;24;1;14.5;0.0;0;87.2;11.94;96.25;4.799876738257284
2021;8;24;2;14.6;0.0;0;86.5;11.9;96.24;4.804054440007166
2021;8;24;3;14.1;0.0;0;89.2;11.94;96.23;4.80823272276977
2021;8;24;4;14.2;0.0;0;89.1;12.02;96.23;4.8124115843955355
2021;8;24;5;14.3;0.0;23;88.4;11.98;96.22;4.816591022734609
2021;8;24;6;14.4;0.0;91;83.9;11.18;96.24;4.820771035636829
2021;8;24;7;14.9;156.4034578;122;79.0;10.7;96.24;4.824951620951759
2021;8;24;8;15.8;230.8775281;140;77.3;11.26;96.24;4.829132776528649
2021;8;24;9;16.9;287.9075736;156;73.0;11.5;96.26;4.8333145002164635
2021;8;24;10;17.7;541.1334086;153;68.0;11.3;96.25;4.837496789863872
2021;8;24;11;18.6;715.1869995;172;64.2;11.44;96.23;4.841679643319251
2021;8;24;12;19.3;791.6428861;164;60.3;11.36;96.22;4.845863058430699
2021;8;24;13;19.5;837.9988162;179;59.8;11.46;96.19;4.850047033046012
2021;8;24;14;19.8;826.3808624;170;59.6;11.72;96.17;4.854231565012704
2021;8;24;15;19.2;667.7346106;248;60.3;11.26;96.16;4.858416652178
2021;8;24;16;18.2;983.424476;75;61.3;10.46;96.17;4.862602292388841
2021;8;24;17;17.6;1000.0;30;62.4;10.08;96.2;4.866788483491883
2021;8;24;18;16.8;753.3793017;7;68.1;10.42;96.21;4.870975223333498
2021;8;24;19;16.4;0.0;0;69.9;10.38;96.24;4.875162509759773
2021;8;24;20;16.2;0.0;0;71.5;10.5;96.26;4.879350340616526
2021;8;24;21;15.6;0.0;0;73.9;10.38;96.23;4.88353871374928
2021;8;24;22;15.7;0.0;0;74.4;10.58;96.21;4.8877276270032874
2021;8;24;23;15.3;0.0;0;77.8;10.86;96.21;4.8919170782235195
2021;8;25;0;14.6;0.0;0;80.7;10.74;96.19;4.896107065254672
2021;8;25;1;14.5;0.0;0;80.8;10.66;96.16;4.900297585941163
2021;8;25;2;14.2;0.0;0;82.4;10.68;96.15;4.904488638127136
2021;8;25;3;14.4;0.0;0;79.7;10.34;96.12;4.908680219656469
2021;8;25;4;14.3;0.0;0;80.4;10.38;96.12;4.91287232837276
2021;8;25;5;14.0;0.0;15;80.9;10.18;96.12;4.917064962119335
2021;8;25;6;14.1;0.0;85;82.2;10.54;96.14;4.921258118739253
2021;8;25;7;14.9;0.0;173;78.5;10.6;96.13;4.925451796075302
2021;8;25;8;15.4;0.0;254;76.7;10.74;96.16;4.929645991970006
2021;8;25;9;15.9;0.0;252;74.1;10.72;96.16;4.933840704265612
2021;8;25;10;17.1;0.0;355;72.3;11.56;96.15;4.938035930804121
2021;8;25;11;17.8;96.35116813;381;69.5;11.7;96.13;4.942231669427249
2021;8;25;12;18.4;378.9194024;125;66.8;11.76;96.14;4.946427917976461
2021;8;25;13;18.5;267.1649413;326;64.4;11.38;96.12;4.950624674292952
2021;8;25;14;18.9;542.475772;68;61.9;11.28;96.11;4.954821936217661
2021;8;25;15;19.0;499.4265394;151;63.6;11.72;96.09;4.959019701591259
2021;8;25;16;18.6;746.297304;110;63.0;11.2;96.05;4.963217968254177
2021;8;25;17;18.9;635.2106361;36;60.5;11.0;96.02;4.967416734046567
2021;8;25;18;18.0;1000.0;4;62.0;10.4;96.02;4.9716159968083335
2021;8;25;19;15.6;0.0;0;76.8;10.96;96.02;4.975815754379124
2021;8;25;20;13.4;0.0;0;88.1;11.02;96.05;4.980016004598333
2021;8;25;21;12.6;0.0;0;92.4;11.08;96.05;4.9842167453051
2021;8;25;22;11.8;0.0;0;93.8;10.56;96.04;4.988417974338312
2021;8;25;23;11.5;0.0;0;93.6;10.22;96.03;4.992619689536605
2021;8;26;0;10.8;0.0;0;95.4;9.88;96.0;4.996821888738361
2021;8;26;1;10.4;0.0;0;95.7;9.54;95.96;5.001024569781726
2021;8;26;2;10.6;0.0;0;95.5;9.7;95.93;5.005227730504585
2021;8;26;3;9.5;0.0;0;96.1;8.72;95.89;5.009431368744581
2021;8;26;4;10.4;0.0;0;94.8;9.36;95.92;5.013635482339109
2021;8;26;5;10.5;0.0;7;94.4;9.38;95.91;5.017840069125318
2021;8;26;6;11.0;96.77608309;20;95.5;10.1;95.94;5.022045126940126
2021;8;26;7;13.2;127.3014707;91;90.5;11.3;95.9;5.0262506536201945
2021;8;26;8;15.1;218.5977487;166;83.8;11.86;95.9;5.03045664700195
2021;8;26;9;17.7;660.6107037;59;75.2;12.74;95.87;5.0346631049215755
2021;8;26;10;20.0;745.2817177;96;64.1;12.82;95.82;5.038870025215019
2021;8;26;11;21.6;661.0725308;72;51.5;11.9;95.79;5.0430774057179875
2021;8;26;12;23.1;897.8410543;87;48.0;12.7;95.76;5.047285244265954
2021;8;26;13;23.6;496.1166687;289;48.8;13.36;95.73;5.051493538694153
2021;8;26;14;23.5;496.6907052;311;42.1;11.92;95.69;5.055702286837582
2021;8;26;15;22.9;731.629242;207;42.2;11.34;95.68;5.059911486531019
2021;8;26;16;21.5;352.5023101;104;44.0;10.3;95.68;5.064121135608993
2021;8;26;17;20.3;127.2378679;73;52.0;10.7;95.7;5.068331231905811
2021;8;26;18;19.2;578.1014027;4;56.3;10.46;95.75;5.072541773255544
2021;8;26;19;17.1;0.0;0;70.1;11.12;95.81;5.076752757492036
2021;8;26;20;16.9;0.0;0;58.3;8.56;95.85;5.080964182448913
2021;8;26;21;16.3;0.0;0;60.6;8.42;95.88;5.08517604595956
2021;8;26;22;15.5;0.0;0;69.2;9.34;95.88;5.089388345857144
2021;8;26;23;15.3;0.0;0;71.6;9.62;95.85;5.093601079974604
2021;8;27;0;12.8;0.0;0;85.4;9.88;95.82;5.09781424614466
2021;8;27;1;13.2;0.0;0;80.2;9.24;95.79;5.102027842199804
2021;8;27;2;11.8;0.0;0;90.1;9.82;95.8;5.1062418659723114
2021;8;27;3;12.4;0.0;0;85.8;9.56;95.82;5.110456315294235
2021;8;27;4;13.1;0.0;0;83.3;9.76;95.8;5.1146711879974065
2021;8;27;5;12.6;0.0;4;87.7;10.14;95.83;5.118886481913453
2021;8;27;6;13.1;152.5538278;16;83.9;9.88;95.88;5.123102194873767
2021;8;27;7;14.1;286.3001983;51;69.8;8.06;95.9;5.127318324709537
2021;8;27;8;15.4;348.8879862;121;62.6;7.92;95.91;5.131534869251731
2021;8;27;9;17.2;469.6452357;203;57.2;8.64;95.9;5.135751826331102
2021;8;27;10;17.9;806.4603181;129;48.5;7.6;95.88;5.139969193778205
2021;8;27;11;19.0;640.0404518;307;43.4;7.68;95.87;5.144186969423368
2021;8;27;12;20.1;991.4170017;79;41.2;8.34;95.85;5.148405151096715
2021;8;27;13;20.3;1000.0;101;41.7;8.64;95.86;5.152623736628161
2021;8;27;14;20.3;819.6682612;71;43.5;9.0;95.84;5.156842723847413
2021;8;27;15;19.5;793.0334776;85;43.9;8.28;95.84;5.161062110583971
2021;8;27;16;19.2;667.9050601;64;44.9;8.18;95.84;5.165281894667129
2021;8;27;17;18.7;1000.0;41;49.8;8.66;95.86;5.16950207392598
2021;8;27;18;17.3;1000.0;0;56.8;8.66;95.9;5.173722646189408
2021;8;27;19;15.7;0.0;0;63.6;8.42;95.97;5.177943609286095
2021;8;27;20;14.7;0.0;0;64.2;7.54;96.01;5.182164961044535
2021;8;27;21;14.1;0.0;0;70.0;8.1;96.01;5.186386699293006
2021;8;27;22;13.6;0.0;0;67.2;7.04;96.01;5.190608821859593
2021;8;27;23;12.4;0.0;0;72.4;6.88;96.02;5.194831326572179
2021;8;28;0;11.1;0.0;0;78.9;6.88;96.05;5.199054211258464
2021;8;28;1;11.3;0.0;0;74.3;6.16;96.03;5.203277473745939
2021;8;28;2;8.6;0.0;0;89.8;6.56;96.02;5.207501111861905
2021;8;28;3;8.2;0.0;0;92.3;6.66;96.02;5.211725123433469
2021;8;28;4;7.8;0.0;0;94.0;6.6;96.01;5.215949506287547
2021;8;28;5;7.7;0.0;2;93.6;6.42;96.02;5.2201742582508635
2021;8;28;6;9.4;295.3984189;16;88.7;7.14;96.04;5.224399377149953
2021;8;28;7;12.8;531.8834325;42;77.9;8.38;96.05;5.228624860811162
2021;8;28;8;15.3;612.4902921;95;69.2;9.14;96.05;5.232850707060647
2021;8;28;9;16.6;648.8717154;129;57.6;8.12;96.06;5.237076913724376
2021;8;28;10;17.8;638.7005681;168;51.0;8.0;96.05;5.241303478628145
2021;8;28;11;18.7;771.0428863;209;49.5;8.6;96.04;5.245530399597552
2021;8;28;12;19.4;886.2192233;161;44.9;8.38;96.01;5.2497576744580146
2021;8;28;13;18.7;686.0519889;122;48.0;8.3;96.01;5.25398530103477
2021;8;28;14;18.9;451.8371622;95;48.6;8.62;96.0;5.258213277152867
2021;8;28;15;19.5;890.8556772;80;46.5;8.8;95.99;5.262441600637194
2021;8;28;16;17.8;395.023709;104;54.8;8.76;96.04;5.266670269312444
2021;8;28;17;17.1;0.0;78;56.8;8.46;96.05;5.270899281003134
2021;8;28;18;16.1;947.1028466;0;62.6;8.62;96.1;5.275128633533607
2021;8;28;19;15.6;0.0;0;63.6;8.32;96.16;5.279358324728034
2021;8;28;20;14.5;0.0;0;75.2;9.54;96.18;5.283588352410407
2021;8;28;21;14.6;0.0;0;73.8;9.36;96.19;5.287818714404545
2021;8;28;22;13.7;0.0;0;82.4;10.18;96.18;5.2920494085340986
2021;8;28;23;12.4;0.0;0;87.2;9.84;96.17;5.296280432622539
2021;8;29;0;12.1;0.0;0;88.0;9.7;96.13;5.300511784493184
2021;8;29;1;11.3;0.0;0;91.9;9.68;96.1;5.304743461969171
2021;8;29;2;11.4;0.0;0;91.0;9.6;96.09;5.308975462873467
2021;8;29;3;11.2;0.0;0;90.7;9.34;96.08;5.31320778502888
2021;8;29;4;10.1;0.0;0;93.9;8.88;96.07;5.317440426258045
2021;8;29;5;9.5;0.0;11;96.2;8.74;96.08;5.321673384383448
2021;8;29;6;10.4;234.4155709;23;93.7;9.14;96.1;5.325906657227397
2021;8;29;7;12.8;329.6978374;111;84.6;9.72;96.1;5.330140242612042
2021;8;29;8;16.1;295.7243989;260;71.7;10.44;96.08;5.334374138359374
2021;8;29;9;17.0;401.8595903;326;57.1;8.42;96.05;5.338608342291223
2021;8;29;10;18.2;516.8969135;331;51.1;8.42;96.04;5.3428428522292615
2021;8;29;11;18.7;359.285214;379;52.6;9.22;96.03;5.347077665995004
2021;8;29;12;18.2;0.0;263;57.8;9.76;96.04;5.351312781409808
2021;8;29;13;17.7;0.0;361;57.8;9.26;96.03;5.3555481962948726
2021;8;29;14;18.3;6.085525715;281;57.5;9.8;96.0;5.359783908471256
2021;8;29;15;18.7;381.9735816;138;58.0;10.3;95.98;5.364019915759849
2021;8;29;16;18.1;504.8342312;76;61.8;10.46;95.99;5.368256215981398
2021;8;29;17;17.5;791.196973;39;62.7;10.04;95.98;5.372492806956494
2021;8;29;18;16.4;1000.0;0;68.4;10.08;96.02;5.376729686505577
2021;8;29;19;15.1;0.0;0;75.2;10.14;96.06;5.380966852448952
2021;8;29;20;14.0;0.0;0;81.9;10.38;96.09;5.3852043026067635
2021;8;29;21;14.0;0.0;0;83.2;10.64;96.07;5.389442034799012
2021;8;29;22;13.7;0.0;0;82.8;10.26;96.04;5.393680046845555
2021;8;29;23;13.4;0.0;0;85.4;10.48;96.01;5.397918336566105
2021;8;30;0;12.8;0.0;0;89.6;10.72;95.99;5.4021569017802324
2021;8;30;1;11.3;0.0;0;94.5;10.2;95.98;5.4063957403073655
2021;8;30;2;10.3;0.0;0;96.7;9.64;95.97;5.410634849966786
2021;8;30;3;9.9;0.0;0;97.0;9.3;95.96;5.414874228577653
2021;8;30;4;9.6;0.0;0;97.6;9.12;95.96;5.419113873958971
2021;8;30;5;9.4;0.0;2;96.0;8.6;95.97;5.423353783929613
2021;8;30;6;10.7;0.0;77;94.5;9.6;95.99;5.427593956308316
2021;8;30;7;13.2;181.5201093;164;86.9;10.58;96.02;5.43183438891368
2021;8;30;8;15.1;270.5912724;258;76.5;10.4;96.0;5.436075079564173
2021;8;30;9;17.0;439.7261878;227;67.4;10.48;96.0;5.440316026078125
2021;8;30;10;18.1;781.1154517;171;56.3;9.36;96.0;5.44455722627375
2021;8;30;11;20.0;547.8850584;354;53.8;10.76;95.99;5.448798677969114
2021;8;30;12;20.4;532.4466552;391;46.8;9.76;95.98;5.453040378982162
2021;8;30;13;20.4;685.7023252;293;51.2;10.64;95.96;5.457282327130708
2021;8;30;14;21.2;597.4376578;306;50.1;11.22;95.95;5.46152452023244
2021;8;30;15;20.2;761.4323595;187;51.3;10.46;95.97;5.46576695610492
2021;8;30;16;20.3;742.2556874;153;51.1;10.52;95.98;5.47000963256558
2021;8;30;17;19.5;999.8648468;54;52.6;10.02;96.0;5.474252547431743
2021;8;30;18;17.8;0.0;0;61.3;10.06;96.05;5.478495698520596
2021;8;30;19;16.4;0.0;0;65.6;9.52;96.11;5.482739083649205
2021;8;30;20;15.1;0.0;0;72.6;9.62;96.17;5.486982700634522
2021;8;30;21;14.6;0.0;0;76.8;9.96;96.19;5.491226547293374
2021;8;30;22;13.2;0.0;0;84.0;10.0;96.18;5.495470621442468
2021;8;30;23;13.4;0.0;0;84.3;10.26;96.17;5.499714920898409
2021;8;31;0;11.3;0.0;0;92.6;9.82;96.19;5.503959443477669
2021;8;31;1;10.3;0.0;0;95.6;9.42;96.2;5.508204186996612
2021;8;31;2;10.7;0.0;0;95.6;9.82;96.2;5.512449149271487
2021;8;31;3;10.4;0.0;0;96.0;9.6;96.2;5.516694328118432
2021;8;31;4;10.3;0.0;0;96.5;9.6;96.22;5.520939721353473
2021;8;31;5;12.5;0.0;6;91.4;10.78;96.25;5.525185326792526
2021;8;31;6;13.7;0.0;83;87.0;11.1;96.29;5.529431142251395
2021;8;31;7;14.4;0.0;147;87.4;11.88;96.31;5.533677165545776
2021;8;31;8;16.1;336.58828;168;74.2;10.94;96.29;5.537923394491269
2021;8;31;9;16.9;129.6611151;252;71.1;11.12;96.35;5.542169826903356
2021;8;31;10;18.4;100.001011;367;60.1;10.42;96.34;5.546416460597416
2021;8;31;11;19.9;307.4252812;381;53.7;10.64;96.31;5.550663293388727
2021;8;31;12;20.2;411.9738477;378;50.8;10.36;96.33;5.554910323092459
2021;8;31;13;20.9;504.6865881;355;49.9;10.88;96.34;5.5591575475236965
2021;8;31;14;21.6;754.3791815;188;46.9;10.98;96.32;5.563404964497407
2021;8;31;15;20.8;879.0980565;114;48.6;10.52;96.32;5.567652571828465
2021;8;31;16;19.9;577.8101277;142;50.8;10.06;96.34;5.571900367331647
2021;8;31;17;19.2;862.814746;70;54.8;10.16;96.37;5.576148348821634
2021;8;31;18;17.7;0.0;0;59.5;9.6;96.39;5.580396514113008
2021;8;31;19;16.5;0.0;0;67.2;9.94;96.46;5.584644861020259
2021;8;31;20;15.5;0.0;0;72.8;10.06;96.49;5.588893387357784
2021;8;31;21;14.6;0.0;0;75.2;9.64;96.5;5.59314209093988
2021;8;31;22;13.9;0.0;0;79.1;9.72;96.51;5.59739096958077
2021;8;31;23;13.1;0.0;0;82.7;9.64;96.5;5.601640021094573
2021;9;1;0;12.5;0.0;0;83.1;9.12;96.5;5.605889243295321
2021;9;1;1;12.4;0.0;0;83.5;9.1;96.54;5.61013863399696
2021;9;1;2;12.2;0.0;0;86.0;9.4;96.56;5.614388191013344
2021;9;1;3;11.9;0.0;0;89.9;9.88;96.58;5.618637912158256
2021;9;1;4;10.7;0.0;0;93.8;9.46;96.59;5.622887795245381
2021;9;1;5;9.5;0.0;8;96.1;8.72;96.59;5.627137838088324
2021;9;1;6;10.8;0.0;60;93.6;9.52;96.62;5.631388038500609
2021;9;1;7;13.1;126.1560855;170;85.7;10.24;96.63;5.635638394295678
2021;9;1;8;14.1;0.0;254;82.6;10.62;96.65;5.639888903286894
2021;9;1;9;16.0;113.0944563;234;73.7;10.74;96.64;5.644139563287539
2021;9;1;10;18.6;312.5129476;304;63.8;11.36;96.64;5.648390372110821
2021;9;1;11;19.1;486.0337262;367;59.0;10.9;96.64;5.652641327569865
2021;9;1;12;21.4;820.5230784;162;52.4;11.88;96.6;5.656892427477732
2021;9;1;13;21.7;815.5780561;182;47.1;11.12;96.59;5.661143669647399
2021;9;1;14;22.1;848.3786685;154;46.6;11.42;96.53;5.665395051891772
2021;9;1;15;22.3;908.6076919;106;44.6;11.22;96.51;5.669646572023685
2021;9;1;16;22.0;855.8107249;105;44.8;10.96;96.49;5.673898227855897
2021;9;1;17;21.0;983.4338453;50;45.9;10.18;96.49;5.678150017201111
2021;9;1;18;19.1;0.0;0;51.4;9.38;96.52;5.682401937871949
2021;9;1;19;17.3;0.0;0;57.5;8.8;96.56;5.686653987680965
2021;9;1;20;14.2;0.0;0;72.8;8.76;96.61;5.690906164440653
2021;9;1;21;13.0;0.0;0;79.7;8.94;96.63;5.695158465963438
2021;9;1;22;13.9;0.0;0;71.9;8.28;96.64;5.699410890061681
2021;9;1;23;11.8;0.0;0;84.5;8.7;96.65;5.703663434547679
2021;9;2;0;11.2;0.0;0;86.6;8.52;96.65;5.707916097233672
2021;9;2;1;10.4;0.0;0;91.1;8.62;96.66;5.712168875931833
2021;9;2;2;9.7;0.0;0;93.7;8.44;96.65;5.716421768454273
2021;9;2;3;9.2;0.0;0;93.8;7.96;96.65;5.720674772613061
2021;9;2;4;9.0;0.0;0;96.0;8.2;96.63;5.7249278862201916
2021;9;2;5;8.7;0.0;3;96.0;7.9;96.62;5.729181107087608
2021;9;2;6;10.4;0.0;87;91.8;8.76;96.66;5.733434433027199
2021;9;2;7;12.8;124.5707839;173;82.1;9.22;96.67;5.737687861850794
2021;9;2;8;14.9;313.5673406;236;74.3;9.76;96.66;5.741941391370184
2021;9;2;9;17.3;600.221434;179;67.3;10.76;96.63;5.746195019397094
2021;9;2;10;18.1;744.4322435;144;64.2;10.94;96.61;5.750448743743204
2021;9;2;11;19.7;813.2629931;112;59.5;11.6;96.58;5.754702562220142
2021;9;2;12;21.0;891.0545551;107;54.9;11.98;96.54;5.7589564726394915
2021;9;2;13;23.0;892.1075842;115;48.9;12.78;96.51;5.763210472812784
2021;9;2;14;23.6;867.1355019;110;49.7;13.54;96.45;5.767464560551508
2021;9;2;15;24.3;921.2968797;96;49.7;14.24;96.38;5.771718733667106
2021;9;2;16;24.5;923.5263363;78;44.0;13.3;96.34;5.77597298997097
2021;9;2;17;23.5;932.978955;61;48.0;13.1;96.32;5.78022732727447
2021;9;2;18;20.6;0.0;0;55.5;11.7;96.31;5.784481743388911
2021;9;2;19;17.4;0.0;0;72.2;11.84;96.36;5.788736236125568
2021;9;2;20;16.4;0.0;0;78.6;12.12;96.39;5.792990803295677
2021;9;2;21;14.8;0.0;0;86.7;12.14;96.41;5.797245442710425
2021;9;2;22;13.5;0.0;0;89.3;11.36;96.43;5.801500152180985
2021;9;2;23;13.0;0.0;0;92.0;11.4;96.42;5.805754929518471
2021;9;3;0;12.5;0.0;0;93.7;11.24;96.39;5.8100097725339745
2021;9;3;1;12.9;0.0;0;91.0;11.1;96.4;5.814264679038547
2021;9;3;2;12.6;0.0;0;92.0;11.0;96.4;5.81851964684321
2021;9;3;3;12.2;0.0;0;93.2;10.84;96.39;5.822774673758954
2021;9;3;4;11.5;0.0;0;95.2;10.54;96.37;5.827029757596738
2021;9;3;5;11.5;0.0;3;94.3;10.36;96.36;5.831284896167492
2021;9;3;6;12.4;0.0;66;93.3;11.06;96.39;5.835540087282114
2021;9;3;7;14.8;400.3455705;88;84.5;11.7;96.39;5.839795328751487
2021;9;3;8;16.5;492.4935674;112;73.0;11.1;96.4;5.844050618386457
2021;9;3;9;18.7;528.9731776;215;66.6;12.02;96.4;5.848305953997848
2021;9;3;10;20.9;443.6850876;343;62.4;13.38;96.35;5.852561333396459
2021;9;3;11;22.5;672.4865114;209;54.8;13.46;96.28;5.856816754393063
2021;9;3;12;23.9;871.1300181;112;52.8;14.46;96.23;5.861072214798429
2021;9;3;13;25.0;879.6111625;120;44.3;13.86;96.17;5.865327712423287
2021;9;3;14;24.6;704.9025711;110;40.1;12.62;96.09;5.869583245078354
2021;9;3;15;24.5;449.5037916;103;46.0;13.7;96.04;5.8738388105743295
2021;9;3;16;23.8;390.0578338;86;42.4;12.28;96.01;5.878094406721896
2021;9;3;17;22.2;226.6908575;49;55.5;13.3;95.99;5.88235003133172
2021;9;3;18;19.8;0.0;0;64.6;12.72;96.0;5.886605682214453
2021;9;3;19;17.7;0.0;0;69.4;11.58;96.04;5.890861357180729
2021;9;3;20;17.0;0.0;0;73.6;11.72;96.08;5.895117054041183
2021;9;3;21;15.9;0.0;0;78.7;11.64;96.07;5.899372770606425
2021;9;3;22;14.4;0.0;0;84.5;11.3;96.08;5.903628504687061
2021;9;3;23;14.1;0.0;0;88.9;11.88;96.09;5.907884254093686
2021;9;4;0;14.1;0.0;0;86.8;11.46;96.05;5.9121400166368865
2021;9;4;1;12.9;0.0;0;93.1;11.52;96.04;5.916395790127244
2021;9;4;2;12.8;0.0;0;91.9;11.18;96.02;5.920651572375329
2021;9;4;3;12.2;0.0;0;93.9;10.98;96.0;5.924907361191723
2021;9;4;4;12.6;0.0;0;91.7;10.94;96.0;5.929163154386988
2021;9;4;5;12.6;0.0;3;93.7;11.34;96.0;5.933418949771688
2021;9;4;6;14.6;91.52031747;62;88.5;12.3;96.03;5.9376747451563885
2021;9;4;7;16.5;427.5524227;92;82.0;12.9;96.03;5.941930538351653
2021;9;4;8;17.8;557.9806053;110;74.0;12.6;96.04;5.946186327168046
2021;9;4;9;19.3;680.6180361;120;70.6;13.42;96.05;5.950442109416137
2021;9;4;10;21.3;749.4299943;130;60.9;13.48;96.03;5.954697882906495
2021;9;4;11;22.4;791.5077877;123;51.1;12.62;95.99;5.95895364544969
2021;9;4;12;24.2;870.7207787;118;44.3;13.06;95.94;5.963209394856315
2021;9;4;13;25.4;874.0000032;125;42.8;13.96;95.92;5.967465128936951
2021;9;4;14;26.3;861.2513223;114;36.7;13.64;95.86;5.971720845502188
2021;9;4;15;25.7;886.2836524;105;36.9;13.08;95.82;5.975976542362642
2021;9;4;16;25.9;863.23353;87;41.6;14.22;95.82;5.980232217328923
2021;9;4;17;22.9;144.6726929;48;45.5;12.0;95.87;5.984487868211656
2021;9;4;18;19.8;0.0;0;63.0;12.4;95.89;5.98874349282148
2021;9;4;19;17.9;0.0;0;73.7;12.64;95.98;5.9929990889690465
2021;9;4;20;16.5;0.0;0;81.7;12.84;96.03;5.997254654465022
2021;9;4;21;15.7;0.0;0;86.5;13.0;96.06;6.001510187120089
2021;9;4;22;15.1;0.0;0;89.8;13.06;96.08;6.005765684744947
2021;9;4;23;14.0;0.0;0;92.8;12.56;96.09;6.010021145150312
2021;9;5;0;13.3;0.0;0;94.2;12.14;96.1;6.014276566146923
2021;9;5;1;13.1;0.0;0;93.2;11.74;96.1;6.018531945545528
2021;9;5;2;12.4;0.0;0;95.8;11.56;96.13;6.022787281156918
2021;9;5;3;12.3;0.0;0;94.0;11.1;96.15;6.027042570791888
2021;9;5;4;12.3;0.0;0;94.7;11.24;96.17;6.031297812261262
2021;9;5;5;11.5;0.0;2;97.1;10.92;96.19;6.035553003375884
2021;9;5;6;12.9;0.0;60;93.2;11.54;96.25;6.039808141946637
2021;9;5;7;14.8;221.840414;127;86.8;12.16;96.26;6.044063225784422
2021;9;5;8;17.2;398.8390409;183;79.1;13.02;96.29;6.048318252700166
2021;9;5;9;19.9;691.0510666;116;66.9;13.28;96.3;6.052573220504829
2021;9;5;10;21.0;763.2898382;126;62.6;13.52;96.28;6.0568281270094015
2021;9;5;11;23.1;800.995818;118;52.4;13.58;96.26;6.061082970024904
2021;9;5;12;25.7;869.0527912;123;42.4;14.18;96.24;6.065337747362391
2021;9;5;13;25.7;872.5966336;129;34.1;12.52;96.21;6.06959245683295
2021;9;5;14;26.2;882.381379;121;31.2;12.44;96.18;6.073847096247705
2021;9;5;15;25.8;707.1294821;122;37.9;13.38;96.17;6.078101663417807
2021;9;5;16;23.9;92.59143138;77;45.4;12.98;96.2;6.082356156154465
2021;9;5;17;23.3;551.3635502;56;55.6;14.42;96.2;6.086610572268906
2021;9;5;18;20.8;0.0;0;69.7;14.74;96.26;6.090864909572405
2021;9;5;19;18.2;0.0;0;80.0;14.2;96.3;6.0951191658762705
2021;9;5;20;17.1;0.0;0;81.6;13.42;96.35;6.099373338991868
2021;9;5;21;15.6;0.0;0;88.6;13.32;96.35;6.103627426730592
2021;9;5;22;15.2;0.0;0;87.9;12.78;96.39;6.107881426903885
2021;9;5;23;14.1;0.0;0;90.7;12.24;96.41;6.112135337323233
2021;9;6;0;13.4;0.0;0;91.9;11.78;96.42;6.116389155800172
2021;9;6;1;13.0;0.0;0;94.6;11.92;96.42;6.120642880146281
2021;9;6;2;12.5;0.0;0;95.5;11.6;96.45;6.124896508173192
2021;9;6;3;12.1;0.0;0;95.1;11.12;96.46;6.1291500376925825
2021;9;6;4;11.5;0.0;0;96.6;10.82;96.46;6.133403466516177
2021;9;6;5;11.6;0.0;0;95.5;10.7;96.49;6.1376567924557675
2021;9;6;6;12.5;0.0;61;93.9;11.28;96.54;6.1419100133231845
2021;9;6;7;15.3;218.2923625;125;84.5;12.2;96.57;6.146163126930315
2021;9;6;8;17.4;403.7898315;179;78.9;13.18;96.6;6.150416131089102
2021;9;6;9;18.9;654.7694209;136;70.5;13.0;96.63;6.154669023611543
2021;9;6;10;20.7;734.9502453;143;64.3;13.56;96.62;6.158921802309704
2021;9;6;11;23.9;825.2357506;97;51.3;14.16;96.57;6.163174464995697
2021;9;6;12;24.0;888.6511304;105;41.2;12.24;96.55;6.167427009481695
2021;9;6;13;25.4;569.0626309;343;41.5;13.7;96.52;6.171679433579938
2021;9;6;14;26.0;891.0116979;96;37.8;13.56;96.49;6.175931735102723
2021;9;6;15;26.1;834.0136255;134;36.5;13.4;96.47;6.180183911862411
2021;9;6;16;25.7;696.7416334;105;44.4;14.58;96.45;6.1844359616714275
2021;9;6;17;24.2;1000.0;8;47.5;13.7;96.45;6.188687882342265
2021;9;6;18;20.2;0.0;0;68.1;13.82;96.46;6.192939671687474
2021;9;6;19;17.9;0.0;0;80.9;14.08;96.52;6.197191327519691
2021;9;6;20;17.7;0.0;0;73.6;12.42;96.56;6.201442847651604
2021;9;6;21;16.1;0.0;0;80.2;12.14;96.58;6.205694229895977
2021;9;6;22;14.8;0.0;0;84.5;11.7;96.59;6.209945472065644
2021;9;6;23;14.2;0.0;0;85.6;11.32;96.6;6.2141965719735115
2021;9;7;0;13.3;0.0;0;89.2;11.14;96.6;6.218447527432554
2021;9;7;1;12.9;0.0;0;90.4;10.98;96.59;6.222698336255836
2021;9;7;2;12.4;0.0;0;92.4;10.88;96.57;6.226948996256482
2021;9;7;3;11.8;0.0;0;94.9;10.78;96.57;6.231199505247697
2021;9;7;4;11.3;0.0;0;95.8;10.46;96.55;6.235449861042767
2021;9;7;5;11.3;0.0;0;94.5;10.2;96.56;6.239700061455052
2021;9;7;6;12.3;0.0;78;92.0;10.7;96.6;6.243950104297994
2021;9;7;7;15.1;313.0817765;93;81.0;11.3;96.63;6.248199987385115
2021;9;7;8;17.1;337.2943163;193;75.3;12.16;96.66;6.252449708530027
2021;9;7;9;19.1;400.1330623;248;65.8;12.26;96.67;6.256699265546416
2021;9;7;10;20.7;342.5141186;325;59.8;12.66;96.66;6.260948656248055
2021;9;7;11;21.6;268.1467054;351;55.5;12.7;96.59;6.265197878448803
2021;9;7;12;22.9;593.6880544;286;51.7;13.24;96.54;6.269446929962606
2021;9;7;13;24.5;676.6229129;224;47.7;14.04;96.47;6.273695808603496
2021;9;7;14;25.0;507.6967397;289;46.5;14.3;96.39;6.277944512185592
2021;9;7;15;25.0;622.0064271;217;45.4;14.08;96.32;6.282193038523117
2021;9;7;16;25.3;738.0645933;110;44.1;14.12;96.28;6.2864413854303685
2021;9;7;17;23.9;890.7401515;48;54.3;14.76;96.24;6.290689550721742
2021;9;7;18;20.9;0.0;0;67.3;14.36;96.22;6.294937532211728
2021;9;7;19;18.3;0.0;0;83.6;15.02;96.26;6.299185327714911
2021;9;7;20;17.4;0.0;0;82.3;13.86;96.27;6.3034329350459695
2021;9;7;21;16.1;0.0;0;85.7;13.24;96.27;6.30768035201968
2021;9;7;22;15.7;0.0;0;86.6;13.02;96.27;6.311927576450912
2021;9;7;23;14.6;0.0;0;91.3;12.86;96.24;6.316174606154649
2021;9;8;0;13.8;0.0;0;92.9;12.38;96.2;6.32042143894596
2021;9;8;1;13.3;0.0;0;94.0;12.1;96.18;6.32466807264002
2021;9;8;2;12.6;0.0;0;96.8;11.96;96.19;6.328914505052106
2021;9;8;3;11.8;0.0;0;95.9;10.98;96.16;6.3331607339976
2021;9;8;4;12.2;0.0;0;96.3;11.46;96.15;6.33740675729198
2021;9;8;5;11.5;0.0;0;97.5;11.0;96.14;6.34165257275085
2021;9;8;6;12.7;0.0;57;93.9;11.48;96.15;6.345898178189902
2021;9;8;7;14.8;220.0577003;89;86.7;12.14;96.13;6.350143571424943
2021;9;8;8;16.9;498.4445572;109;77.9;12.48;96.09;6.354388750271888
2021;9;8;9;18.3;641.5582219;128;71.0;12.5;96.07;6.358633712546764
2021;9;8;10;20.5;723.2042908;131;62.5;13.0;96.03;6.362878456065707
2021;9;8;11;22.7;751.2700882;139;53.1;13.32;95.96;6.367122978644967
2021;9;8;12;23.8;809.2890662;144;52.0;14.2;95.92;6.371367278100902
2021;9;8;13;26.0;811.4478405;139;45.2;15.04;95.86;6.375611352250002
2021;9;8;14;27.0;821.9761139;120;44.5;15.9;95.79;6.379855198908854
2021;9;8;15;27.3;852.2333928;106;40.4;15.38;95.74;6.38409881589417
2021;9;8;16;27.0;832.5254804;88;37.3;14.46;95.71;6.38834220102278
2021;9;8;17;25.1;948.6544832;40;45.7;14.24;95.7;6.392585352111633
2021;9;8;18;22.2;0.0;0;57.5;13.7;95.7;6.396828266977796
2021;9;8;19;20.5;0.0;0;65.3;13.56;95.76;6.401070943438456
2021;9;8;20;19.1;0.0;0;74.3;13.96;95.82;6.405313379310936
2021;9;8;21;18.9;0.0;0;74.7;13.84;95.85;6.4095555724126685
2021;9;8;22;20.0;0.0;0;66.9;13.38;95.85;6.413797520561214
2021;9;8;23;18.6;0.0;0;74.3;13.46;95.88;6.418039221574261
2021;9;9;0;17.5;0.0;0;75.6;12.62;95.88;6.4222806732696265
2021;9;9;1;17.6;0.0;0;70.4;11.68;95.85;6.4265218734652505
2021;9;9;2;16.8;0.0;0;72.9;11.38;95.83;6.430762819979202
2021;9;9;3;14.7;0.0;0;85.1;11.72;95.82;6.435003510629696
2021;9;9;4;14.5;0.0;0;86.5;11.8;95.82;6.43924394323506
2021;9;9;5;16.0;0.0;0;76.9;11.38;95.83;6.443484115613762
2021;9;9;6;15.8;0.0;59;80.7;11.94;95.89;6.447724025584404
2021;9;9;7;16.5;0.0;91;79.1;12.32;95.93;6.451963670965723
2021;9;9;8;18.0;0.0;110;73.1;12.62;95.96;6.45620304957659
2021;9;9;9;19.5;256.9214795;122;63.7;12.24;95.99;6.460442159236011
2021;9;9;10;19.8;136.5606643;132;65.5;12.9;95.99;6.464680997763144
2021;9;9;11;19.5;6.746101395;135;68.6;13.22;95.98;6.468919562977271
2021;9;9;12;20.1;317.3136295;130;66.3;13.36;95.97;6.47315785269782
2021;9;9;13;21.1;291.0851169;134;62.2;13.54;95.97;6.477395864744364
2021;9;9;14;20.2;380.52886;115;64.1;13.02;95.94;6.481633596936613
2021;9;9;15;20.2;219.6273277;106;63.7;12.94;95.93;6.485871047094423
2021;9;9;16;19.4;0.0;83;71.2;13.64;95.94;6.490108213037799
2021;9;9;17;18.6;0.0;41;68.6;12.32;95.96;6.494345092586881
2021;9;9;18;17.0;0.0;0;85.2;14.04;95.93;6.498581683561978
2021;9;9;19;17.0;0.0;0;82.9;13.58;95.98;6.502817983783526
2021;9;9;20;16.1;0.0;0;88.0;13.7;96.01;6.50705399107212
2021;9;9;21;15.7;0.0;0;90.4;13.78;96.0;6.5112897032485035
2021;9;9;22;15.8;0.0;0;88.8;13.56;95.99;6.515525118133573
2021;9;9;23;15.6;0.0;0;88.4;13.28;95.99;6.519760233548372
2021;9;10;0;15.4;0.0;0;89.8;13.36;95.98;6.523995047314115
2021;9;10;1;15.2;0.0;0;90.6;13.32;95.98;6.528229557252153
2021;9;10;2;15.0;0.0;0;93.6;13.72;95.97;6.532463761184002
2021;9;10;3;15.2;0.0;0;91.4;13.48;95.99;6.5366976569313335
2021;9;10;4;15.1;0.0;0;93.4;13.78;95.96;6.540931242315979
2021;9;10;5;15.1;0.0;0;93.5;13.8;95.96;6.545164515159927
2021;9;10;6;15.1;0.0;61;94.2;13.94;95.99;6.54939747328533
2021;9;10;7;16.4;0.0;93;87.1;13.82;96.04;6.553630114514496
2021;9;10;8;18.0;259.3819091;111;79.3;13.86;96.07;6.557862436669909
2021;9;10;9;19.8;573.4865892;150;69.7;13.74;96.1;6.562094437574205
2021;9;10;10;19.7;323.8801643;133;71.0;13.9;96.11;6.566326115050191
2021;9;10;11;20.1;141.1348678;153;65.8;13.26;96.11;6.570557466920837
2021;9;10;12;20.1;95.10426969;185;65.2;13.14;96.1;6.574788491009283
2021;9;10;13;19.2;58.04611555;131;66.8;12.56;96.11;6.579019185138836
2021;9;10;14;19.1;20.02378814;125;66.0;12.3;96.11;6.5832495471329695
2021;9;10;15;18.1;0.0;94;72.5;12.6;96.13;6.587479574815342
2021;9;10;16;17.5;0.0;104;77.5;13.0;96.14;6.591709266009768
2021;9;10;17;17.5;185.5447367;39;79.1;13.32;96.14;6.595938618540242
2021;9;10;18;16.5;0.0;0;84.3;13.36;96.16;6.600167630230932
2021;9;10;19;16.0;0.0;0;87.6;13.52;96.21;6.604396298906181
2021;9;10;20;16.4;0.0;0;83.4;13.08;96.24;6.608624622390509
2021;9;10;21;15.3;0.0;0;90.3;13.36;96.26;6.612852598508606
2021;9;10;22;14.4;0.0;0;93.4;13.08;96.27;6.6170802250853615
2021;9;10;23;14.7;0.0;0;90.6;12.82;96.3;6.621307499945823
2021;9;11;0;14.5;0.0;0;90.3;12.56;96.29;6.62553442091523
2021;9;11;1;14.4;0.0;0;91.1;12.62;96.29;6.629760985819
2021;9;11;2;14.1;0.0;0;93.8;12.86;96.28;6.633987192482734
2021;9;11;3;13.4;0.0;0;96.2;12.64;96.27;6.63821303873222
2021;9;11;4;13.1;0.0;0;96.3;12.36;96.26;6.642438522393423
2021;9;11;5;12.2;0.0;0;96.9;11.58;96.27;6.646663641292513
2021;9;11;6;12.6;0.0;68;95.2;11.64;96.3;6.650888393255829
2021;9;11;7;15.6;84.20376183;143;87.9;13.18;96.31;6.655112776109906
2021;9;11;8;16.5;16.86745221;147;86.5;13.8;96.31;6.659336787681471
2021;9;11;9;18.5;298.6190473;145;76.7;13.84;96.33;6.663560425797437
2021;9;11;10;20.2;427.6229742;184;71.1;14.42;96.3;6.667783688284912
2021;9;11;11;21.1;604.7367317;167;62.8;13.66;96.27;6.672006572971197
2021;9;11;12;21.3;408.790713;189;61.7;13.64;96.24;6.676229077683782
2021;9;11;13;21.8;327.3854206;169;58.2;13.44;96.22;6.68045120025037
2021;9;11;14;22.2;722.0957047;156;51.2;12.44;96.16;6.68467293849884
2021;9;11;15;22.6;751.2194763;164;43.3;11.26;96.15;6.688894290257281
2021;9;11;16;22.6;816.6450148;102;43.8;11.36;96.13;6.693115253353973
2021;9;11;17;22.1;1000.0;39;44.6;11.02;96.14;6.697335825617401
2021;9;11;18;20.4;0.0;0;52.7;10.94;96.16;6.701556004876246
2021;9;11;19;18.4;0.0;0;63.2;11.04;96.22;6.705775788959405
2021;9;11;20;17.4;0.0;0;71.6;11.72;96.24;6.709995175695963
2021;9;11;21;15.6;0.0;0;79.7;11.54;96.22;6.714214162915215
2021;9;11;22;13.9;0.0;0;86.8;11.26;96.24;6.71843274844666
2021;9;11;23;13.1;0.0;0;90.1;11.12;96.24;6.7226509301200075
2021;9;12;0;12.9;0.0;0;89.1;10.72;96.22;6.72686870576517
2021;9;12;1;12.4;0.0;0;93.2;11.04;96.2;6.731086073212273
2021;9;12;2;11.4;0.0;0;93.8;10.16;96.18;6.735303030291645
2021;9;12;3;11.4;0.0;0;94.9;10.38;96.18;6.739519574833839
2021;9;12;4;10.9;0.0;0;96.6;10.22;96.16;6.743735704669608
2021;9;12;5;10.7;0.0;0;96.4;9.98;96.17;6.747951417629923
2021;9;12;6;11.2;0.0;58;95.3;10.26;96.19;6.752166711545969
2021;9;12;7;14.1;255.5933742;92;87.9;11.68;96.21;6.75638158424914
2021;9;12;8;16.0;433.5983787;114;79.2;11.84;96.22;6.760596033571065
2021;9;12;9;18.6;579.3583172;121;70.8;12.76;96.23;6.764810057343572
2021;9;12;10;19.6;722.8718734;128;65.7;12.74;96.19;6.769023653398716
2021;9;12;11;21.4;741.5863218;139;60.4;13.48;96.14;6.773236819568771
2021;9;12;12;22.9;843.4610358;130;52.5;13.4;96.1;6.777449553686232
2021;9;12;13;23.1;852.3966736;130;52.1;13.52;96.04;6.781661853583816
2021;9;12;14;23.5;852.4740424;118;47.1;12.92;95.99;6.785873717094463
2021;9;12;15;24.0;881.4201651;107;45.2;13.04;95.96;6.79008514205134
2021;9;12;16;23.5;864.4419139;88;49.4;13.38;95.95;6.794296126287831
2021;9;12;17;22.5;1000.0;36;53.4;13.18;95.94;6.798506667637565
2021;9;12;18;19.3;0.0;0;69.6;13.22;95.97;6.802716763934383
2021;9;12;19;17.0;0.0;0;78.8;12.76;96.03;6.8069264130123575
2021;9;12;20;15.5;0.0;0;86.3;12.76;96.06;6.8111356127057885
2021;9;12;21;14.8;0.0;0;89.8;12.76;96.06;6.815344360849222
2021;9;12;22;14.1;0.0;0;91.9;12.48;96.08;6.8195526552774215
2021;9;12;23;13.6;0.0;0;94.4;12.48;96.08;6.823760493825388
2021;9;13;0;13.2;0.0;0;93.8;11.96;96.08;6.8279678743283565
2021;9;13;1;12.8;0.0;0;94.7;11.74;96.06;6.8321747946218006
2021;9;13;2;12.1;0.0;0;96.5;11.4;96.06;6.836381252541426
2021;9;13;3;11.6;0.0;0;95.4;10.68;96.06;6.840587245923181
2021;9;13;4;11.5;0.0;0;95.8;10.66;96.07;6.84479277260325
2021;9;13;5;11.3;0.0;0;95.9;10.48;96.07;6.848997830418058
2021;9;13;6;12.3;0.0;64;94.6;11.22;96.1;6.853202417204272
2021;9;13;7;14.3;201.1845647;105;86.9;11.68;96.15;6.857406530798795
2021;9;13;8;16.3;452.1631556;135;86.1;13.52;96.16;6.861610169038791
2021;9;13;9;18.8;635.662318;136;75.7;13.94;96.18;6.86581332976165
2021;9;13;10;21.2;740.570847;131;68.7;14.94;96.16;6.87001601080501
2021;9;13;11;22.3;726.7798299;158;59.8;14.26;96.09;6.87421821000677
2021;9;13;12;23.8;804.6413534;133;54.5;14.7;96.0;6.878419925205064
2021;9;13;13;24.3;794.9386908;137;52.7;14.84;95.96;6.882621154238276
2021;9;13;14;25.3;817.341448;122;46.8;14.66;95.91;6.886821894945042
2021;9;13;15;26.5;815.3798222;117;34.8;13.46;95.88;6.891022145164252
2021;9;13;16;25.2;741.2940797;90;40.9;13.38;95.87;6.8952219027350425
2021;9;13;17;24.3;804.8762507;35;44.9;13.28;95.87;6.899421165496809
2021;9;13;18;20.0;0.0;0;68.3;13.66;95.89;6.9036199312891995
2021;9;13;19;18.4;0.0;0;70.9;12.58;95.94;6.907818197952116
2021;9;13;20;15.3;0.0;0;82.7;11.84;95.98;6.91201596332572
2021;9;13;21;17.1;0.0;0;74.3;11.96;95.99;6.916213225250424
2021;9;13;22;15.5;0.0;0;81.2;11.74;96.0;6.920409981566915
2021;9;13;23;15.9;0.0;0;78.3;11.56;95.99;6.924606230116126
2021;9;14;0;14.0;0.0;0;88.5;11.7;96.0;6.928801968739251
2021;9;14;1;14.1;0.0;0;85.9;11.28;95.98;6.932997195277759
2021;9;14;2;13.5;0.0;0;89.0;11.3;95.96;6.93719190757337
2021;9;14;3;13.5;0.0;0;89.7;11.44;95.95;6.941386103468073
2021;9;14;4;12.1;0.0;0;95.7;11.24;95.95;6.945579780804123
2021;9;14;5;12.5;0.0;0;93.0;11.1;95.97;6.949772937424041
2021;9;14;6;12.9;0.0;63;92.0;11.3;95.99;6.953965571170617
2021;9;14;7;16.1;252.1349866;106;79.9;12.08;96.0;6.958157679886907
2021;9;14;8;18.4;475.3885444;124;77.1;13.82;96.0;6.96234926141624
2021;9;14;9;20.2;657.0276416;124;67.1;13.62;96.0;6.966540313602217
2021;9;14;10;21.8;614.8296524;127;61.9;14.18;96.0;6.970730834288709
2021;9;14;11;22.8;393.456491;129;60.6;14.92;95.99;6.974920821319856
2021;9;14;12;23.5;476.7832649;120;59.1;15.32;95.98;6.979110272540089
2021;9;14;13;22.5;119.5414001;128;65.8;15.66;95.95;6.983299185794095
2021;9;14;14;23.2;171.1969135;156;63.9;15.98;95.93;6.987487558926846
2021;9;14;15;24.1;552.5165634;128;62.8;16.66;95.9;6.991675389783598
2021;9;14;16;23.5;515.1445363;84;62.8;16.06;95.88;6.995862676209878
2021;9;14;17;22.6;221.1848292;32;70.5;16.7;95.87;7.0000494160514934
2021;9;14;18;20.3;0.0;0;79.6;16.22;95.93;7.004235607154535
2021;9;14;19;19.8;0.0;0;76.4;15.08;95.95;7.008421247365376
2021;9;14;20;18.3;0.0;0;86.1;15.52;95.97;7.0126063345306715
2021;9;14;21;17.2;0.0;0;94.3;16.06;95.95;7.016790866497363
2021;9;14;22;17.6;0.0;0;89.5;15.5;95.98;7.020974841112677
2021;9;14;23;16.9;0.0;0;94.5;15.8;95.97;7.025158256224125
2021;9;15;0;17.0;0.0;0;93.7;15.74;95.91;7.029341109679509
2021;9;15;1;16.8;0.0;0;95.0;15.8;95.89;7.033523399326918
2021;9;15;2;16.8;0.0;0;96.2;16.04;95.84;7.037705123014726
2021;9;15;3;16.8;0.0;0;95.8;15.96;95.86;7.041886278591617
2021;9;15;4;16.8;0.0;0;94.9;15.78;95.87;7.046066863906547
2021;9;15;5;16.7;0.0;0;95.2;15.74;95.88;7.050246876808767
2021;9;15;6;17.0;0.0;56;93.8;15.76;95.87;7.05442631514784
2021;9;15;7;17.1;0.0;91;96.3;16.36;95.88;7.058605176773606
2021;9;15;8;17.8;0.0;113;92.0;16.2;95.93;7.0627834595362105
2021;9;15;9;18.4;0.0;121;94.1;17.22;95.9;7.066961161286092
2021;9;15;10;19.1;201.2763114;128;85.4;16.18;95.88;7.071138279873992
2021;9;15;11;19.1;0.0;134;87.7;16.64;95.86;7.075314813150952
2021;9;15;12;20.5;185.2612439;138;82.3;16.96;95.86;7.079490758968309
2021;9;15;13;21.5;66.25129842;129;73.3;16.16;95.85;7.083666115177711
2021;9;15;14;22.4;403.1961172;120;65.6;15.52;95.81;7.087840879631103
2021;9;15;15;23.4;651.5897403;105;62.2;15.84;95.78;7.092015050180731
2021;9;15;16;21.5;425.2065903;84;76.7;16.84;95.78;7.0961886246791614
2021;9;15;17;21.3;180.8031715;30;77.0;16.7;95.82;7.100361600979253
2021;9;15;18;20.0;0.0;0;73.4;14.68;95.87;7.104533976934177
2021;9;15;19;18.9;0.0;0;77.4;14.38;95.9;7.108705750397409
2021;9;15;20;17.9;0.0;0;82.8;14.46;95.96;7.112876919222749
2021;9;15;21;17.5;0.0;0;86.5;14.8;96.0;7.117047481264291
2021;9;15;22;17.2;0.0;0;88.8;14.96;95.97;7.12121743437645
2021;9;15;23;16.8;0.0;0;91.4;15.08;95.96;7.1253867764139525
2021;9;16;0;16.5;0.0;0;91.7;14.84;95.95;7.1295555052318385
2021;9;16;1;16.7;0.0;0;90.6;14.82;95.95;7.133723618685465
2021;9;16;2;16.4;0.0;0;93.8;15.16;95.94;7.137891114630505
2021;9;16;3;16.3;0.0;0;94.4;15.18;95.95;7.142057990922948
2021;9;16;4;16.2;0.0;0;95.1;15.22;95.93;7.146224245419104
2021;9;16;5;16.2;0.0;0;96.2;15.44;95.94;7.150389875975597
2021;9;16;6;16.4;0.0;58;96.4;15.68;95.99;7.154554880449388
2021;9;16;7;16.4;0.0;119;96.1;15.62;96.01;7.158719256697744
2021;9;16;8;17.0;0.0;146;94.7;15.94;96.05;7.162883002578259
2021;9;16;9;18.1;129.4543706;147;89.0;15.9;96.06;7.1670461159488505
2021;9;16;10;18.6;243.0919062;153;87.2;16.04;96.05;7.171208594667772
2021;9;16;11;18.8;256.2716178;158;84.8;15.76;96.04;7.175370436593591
2021;9;16;12;18.6;63.58958841;157;86.3;15.86;96.02;7.179531639585205
2021;9;16;13;21.0;726.8494326;129;78.7;16.74;95.96;7.183692201501845
2021;9;16;14;20.8;694.2443429;122;70.5;14.9;95.91;7.1878521202030665
2021;9;16;15;18.3;0.0;163;90.4;16.38;95.91;7.19201139354876
2021;9;16;16;18.7;63.50266114;104;87.2;16.14;95.91;7.196170019399144
2021;9;16;17;17.4;217.7696336;25;89.8;15.36;95.95;7.200327995614774
2021;9;16;18;16.9;0.0;0;93.2;15.54;95.96;7.204485320056534
2021;9;16;19;15.9;0.0;0;96.6;15.22;96.0;7.208641990585655
2021;9;16;20;15.3;0.0;0;97.1;14.72;96.03;7.212798005063694
2021;9;16;21;14.9;0.0;0;98.4;14.58;96.05;7.216953361352546
2021;9;16;22;14.3;0.0;0;97.9;13.88;96.06;7.221108057314449
2021;9;16;23;14.8;0.0;0;96.9;14.18;96.05;7.225262090811979
2021;9;17;0;14.5;0.0;0;97.8;14.06;96.05;7.229415459708045
2021;9;17;1;14.5;0.0;0;96.7;13.84;96.03;7.233568161865917
2021;9;17;2;13.7;0.0;0;99.1;13.52;95.99;7.237720195149191
2021;9;17;3;13.8;0.0;0;97.8;13.36;95.96;7.241871557421813
2021;9;17;4;14.4;0.0;0;100.0;14.4;95.92;7.2460222465480735
2021;9;17;5;13.8;0.0;0;99.9;13.78;95.91;7.250172260392609
2021;9;17;6;13.9;0.0;57;96.1;13.12;95.93;7.254321596820404
2021;9;17;7;14.4;0.0;91;93.8;13.16;95.94;7.258470253696786
2021;9;17;8;14.8;6.651890997;120;90.5;12.9;95.93;7.262618228887449
2021;9;17;9;15.5;34.76865883;121;90.3;13.56;95.94;7.266765520258421
2021;9;17;10;16.1;188.8020911;128;84.7;13.04;95.92;7.270912125676086
2021;9;17;11;17.1;637.7751869;144;76.4;12.38;95.88;7.275058043007181
2021;9;17;12;18.8;879.370668;137;70.7;12.94;95.82;7.2792032701188
2021;9;17;13;19.5;936.0120248;128;63.0;12.1;95.78;7.283347804878389
2021;9;17;14;21.0;898.436728;116;60.9;13.18;95.72;7.287491645153747
2021;9;17;15;20.9;896.7963423;106;58.4;12.58;95.69;7.291634788813043
2021;9;17;16;20.8;878.9312495;83;58.9;12.58;95.68;7.295777233724792
2021;9;17;17;19.7;1000.0;25;67.2;13.14;95.69;7.299918977757871
2021;9;17;18;17.0;0.0;0;84.9;13.98;95.7;7.304060018781521
2021;9;17;19;15.1;0.0;0;90.5;13.2;95.76;7.308200354665341
2021;9;17;20;14.2;0.0;0;92.7;12.74;95.79;7.312339983279295
2021;9;17;21;13.3;0.0;0;94.3;12.16;95.82;7.316478902493709
2021;9;17;22;12.6;0.0;0;96.9;11.98;95.84;7.320617110179272
2021;9;17;23;11.9;0.0;0;97.1;11.32;95.85;7.324754604207051
2021;9;18;0;11.7;0.0;0;96.3;10.96;95.86;7.328891382448466
2021;9;18;1;10.8;0.0;0;98.0;10.4;95.86;7.333027442775313
2021;9;18;2;10.5;0.0;0;97.7;10.04;95.87;7.3371627830597514
2021;9;18;3;10.3;0.0;0;98.2;9.94;95.84;7.341297401174317
2021;9;18;4;9.7;0.0;0;98.1;9.32;95.82;7.345431294991909
2021;9;18;5;9.9;0.0;0;98.3;9.56;95.87;7.349564462385814
2021;9;18;6;9.9;0.0;59;97.1;9.32;95.88;7.3536969012296804
2021;9;18;7;11.5;6.80307059;116;95.7;10.64;95.9;7.357828609397533
2021;9;18;8;12.8;174.4913606;147;93.3;11.46;95.91;7.361959584763772
2021;9;18;9;14.3;441.276079;151;84.2;11.14;95.91;7.36608982520318
2021;9;18;10;16.2;722.2320339;139;75.5;11.3;95.88;7.3702193285909114
2021;9;18;11;18.5;746.1520851;163;73.7;13.24;95.85;7.374348092802503
2021;9;18;12;19.3;811.0677012;148;64.4;12.18;95.82;7.378476115713866
2021;9;18;13;20.4;832.5275902;147;65.6;13.52;95.76;7.3826033952013095
2021;9;18;14;21.3;858.7609687;124;62.7;13.84;95.7;7.386729929141508
2021;9;18;15;21.7;859.6692954;115;62.2;14.14;95.65;7.390855715411525
2021;9;18;16;21.1;691.8245287;82;60.6;13.22;95.63;7.394980751888809
2021;9;18;17;20.2;641.0128878;22;64.6;13.12;95.62;7.3991050364511946
2021;9;18;18;17.1;0.0;0;85.6;14.22;95.62;7.403228566976903
2021;9;18;19;15.7;0.0;0;90.7;13.84;95.64;7.407351341344539
2021;9;18;20;14.4;0.0;0;93.6;13.12;95.65;7.411473357433109
2021;9;18;21;13.6;0.0;0;94.5;12.5;95.63;7.415594613121997
2021;9;18;22;13.0;0.0;0;95.3;12.06;95.62;7.419715106290982
2021;9;18;23;12.6;0.0;0;94.3;11.46;95.6;7.423834834820237
2021;9;19;0;12.7;0.0;0;94.3;11.56;95.58;7.427953796590325
2021;9;19;1;11.7;0.0;0;95.8;10.86;95.56;7.432071989482205
2021;9;19;2;12.7;0.0;0;95.7;11.84;95.57;7.43618941137723
2021;9;19;3;13.6;0.0;0;89.9;11.58;95.58;7.440306060157159
2021;9;19;4;13.0;0.0;0;95.0;12.0;95.67;7.444421933704138
2021;9;19;5;13.2;0.0;0;93.6;11.92;95.7;7.448537029900715
2021;9;19;6;12.4;0.0;11;92.9;10.98;95.73;7.452651346629836
2021;9;19;7;12.2;0.0;44;95.5;11.3;95.73;7.456764881774853
2021;9;19;8;12.4;0.0;109;93.6;11.12;95.8;7.460877633219516
2021;9;19;9;12.1;0.0;146;94.6;11.02;95.86;7.464989598847974
2021;9;19;10;11.8;0.0;146;94.8;10.76;95.88;7.4691007765447965
2021;9;19;11;11.7;0.0;109;90.7;9.84;95.88;7.473211164194942
2021;9;19;12;12.4;0.0;334;84.3;9.26;95.9;7.477320759683781
2021;9;19;13;12.4;0.0;163;84.9;9.38;95.9;7.481429560897093
2021;9;19;14;12.9;65.32260836;123;87.1;10.32;95.91;7.485537565721062
2021;9;19;15;12.1;0.0;165;89.2;9.94;95.92;7.489644772042286
2021;9;19;16;13.2;308.4316674;98;88.1;10.82;95.92;7.493751177747772
2021;9;19;17;12.9;379.1935434;18;89.6;10.82;95.94;7.497856780724934
2021;9;19;18;12.1;0.0;0;95.1;11.12;95.97;7.501961578861613
2021;9;19;19;11.9;0.0;0;96.0;11.1;95.99;7.506065570046053
2021;9;19;20;12.0;0.0;0;95.8;11.16;96.04;7.510168752166912
2021;9;19;21;12.1;0.0;0;96.6;11.42;96.04;7.514271123113269
2021;9;19;22;11.9;0.0;0;96.0;11.1;96.04;7.518372680774618
2021;9;19;23;10.6;0.0;0;95.9;9.78;96.05;7.522473423040868
2021;9;20;0;11.1;0.0;0;95.5;10.2;96.05;7.526573347802361
2021;9;20;1;10.9;0.0;0;94.1;9.72;96.06;7.530672452949846
2021;9;20;2;10.9;0.0;0;94.7;9.84;96.05;7.534770736374497
2021;9;20;3;11.0;0.0;0;94.9;9.98;96.05;7.538868195967913
2021;9;20;4;11.0;0.0;0;94.2;9.84;96.04;7.542964829622113
2021;9;20;5;11.0;0.0;0;94.2;9.84;96.05;7.5470606352295455
2021;9;20;6;11.1;0.0;39;94.5;10.0;96.07;7.551155610683082
2021;9;20;7;11.5;0.0;105;94.8;10.46;96.07;7.555249753876018
2021;9;20;8;12.3;0.0;204;92.4;10.78;96.09;7.55934306270209
2021;9;20;9;13.3;0.0;274;80.2;9.34;96.12;7.56343553505545
2021;9;20;10;13.6;178.792942;173;79.8;9.56;96.13;7.5675271688306855
2021;9;20;11;14.0;93.99711558;184;79.0;9.8;96.13;7.571617961922815
2021;9;20;12;14.2;116.3018513;178;78.5;9.9;96.14;7.57570791222729
2021;9;20;13;14.5;120.672011;176;77.8;10.06;96.15;7.579797017639994
2021;9;20;14;14.6;0.0;232;82.0;11.0;96.16;7.5838852760572415
2021;9;20;15;14.2;115.2175154;124;79.5;10.1;96.18;7.587972685375799
2021;9;20;16;14.1;261.5784698;35;83.0;10.7;96.22;7.592059243492853
2021;9;20;17;14.1;868.940016;2;84.2;10.94;96.26;7.596144948306033
2021;9;20;18;13.5;0.0;0;93.5;12.2;96.32;7.600229797713407
2021;9;20;19;13.1;0.0;0;95.8;12.26;96.36;7.604313789613485
2021;9;20;20;12.6;0.0;0;97.7;12.14;96.41;7.608396921905217
2021;9;20;21;11.6;0.0;0;98.0;11.2;96.45;7.61247919248799
2021;9;20;22;11.6;0.0;0;97.1;11.02;96.48;7.61656059926165
2021;9;20;23;11.4;0.0;0;97.9;10.98;96.51;7.62064114012647
2021;9;21;0;10.4;0.0;0;99.5;10.3;96.53;7.624720812983179
2021;9;21;1;9.9;0.0;0;98.4;9.58;96.54;7.628799615732946
2021;9;21;2;9.8;0.0;0;100.0;9.8;96.54;7.632877546277392
2021;9;21;3;10.2;0.0;0;98.3;9.86;96.57;7.6369546025185855
2021;9;21;4;10.4;0.0;0;97.4;9.88;96.59;7.641030782359039
2021;9;21;5;10.5;0.0;0;97.6;10.02;96.61;7.645106083701732
2021;9;21;6;10.7;0.0;42;97.2;10.14;96.67;7.649180504450079
2021;9;21;7;10.8;0.0;127;98.0;10.4;96.73;7.653254042507957
2021;9;21;8;12.7;151.7662184;197;89.1;10.52;96.8;7.657326695779692
2021;9;21;9;13.7;114.6168508;276;81.6;10.02;96.85;7.661398462170068
2021;9;21;10;15.1;223.5004845;268;70.9;9.28;96.87;7.665469339584323
2021;9;21;11;17.1;605.7588092;214;64.5;10.0;96.83;7.669539325928157
2021;9;21;12;17.9;795.2346043;159;55.0;8.9;96.81;7.673608419107718
2021;9;21;13;18.9;798.0739486;179;54.3;9.76;96.78;7.677676617029632
2021;9;21;14;18.6;755.5435536;200;50.8;8.76;96.78;7.681743917600968
2021;9;21;15;18.6;866.5292976;123;55.3;9.66;96.81;7.685810318729264
2021;9;21;16;18.1;952.587341;64;54.9;9.08;96.8;7.689875818322521
2021;9;21;17;16.7;1000.0;13;59.9;8.68;96.85;7.6939404142892
2021;9;21;18;14.2;0.0;0;73.3;8.86;96.87;7.698004104538226
2021;9;21;19;12.0;0.0;0;86.7;9.34;96.9;7.702066886979003
2021;9;21;20;13.0;0.0;0;79.3;8.86;96.96;7.706128759521389
2021;9;21;21;12.4;0.0;0;82.0;8.8;96.97;7.710189720075712
2021;9;21;22;10.9;0.0;0;91.4;9.18;96.99;7.71424976655277
2021;9;21;23;9.6;0.0;0;96.8;8.96;97.02;7.718308896863834
2021;9;22;0;9.4;0.0;0;96.5;8.7;97.0;7.722367108920643
2021;9;22;1;8.3;0.0;0;97.9;7.88;96.97;7.72642440063541
2021;9;22;2;7.9;0.0;0;97.7;7.44;96.93;7.730480769920817
2021;9;22;3;8.2;0.0;0;97.5;7.7;96.89;7.734536214690033
2021;9;22;4;7.4;0.0;0;97.4;6.88;96.9;7.738590732856691
2021;9;22;5;7.3;0.0;0;96.5;6.6;96.93;7.742644322334905
2021;9;22;6;7.7;0.0;52;97.6;7.22;96.97;7.746696981039263
2021;9;22;7;9.5;0.0;130;95.0;8.5;97.01;7.750748706884831
2021;9;22;8;9.7;0.0;186;94.2;8.54;97.0;7.75479949778717
2021;9;22;9;11.0;0.0;225;88.8;8.76;96.98;7.758849351662304
2021;9;22;10;11.8;0.0;261;86.4;9.08;96.94;7.762898266426746
2021;9;22;11;14.1;73.3207352;330;76.2;9.34;96.89;7.766946239997493
2021;9;22;12;16.0;293.625993;304;70.7;10.14;96.81;7.770993270292022
2021;9;22;13;17.4;631.1554976;235;61.9;9.78;96.75;7.775039355228302
2021;9;22;14;17.7;903.7913067;108;58.4;9.38;96.71;7.779084492724783
2021;9;22;15;17.6;878.9141538;113;57.6;9.12;96.66;7.783128680700404
2021;9;22;16;17.2;785.9169581;73;59.3;9.06;96.62;7.787171917074587
2021;9;22;17;16.1;1000.0;4;64.3;8.96;96.6;7.791214199767261
2021;9;22;18;14.6;0.0;0;68.2;8.24;96.62;7.795255526698826
2021;9;22;19;13.1;0.0;0;72.2;7.54;96.63;7.799295895790184
2021;9;22;20;12.9;0.0;0;72.1;7.32;96.63;7.803335304962726
2021;9;22;21;11.3;0.0;0;80.7;7.44;96.62;7.807373752138333
2021;9;22;22;9.6;0.0;0;90.6;7.72;96.62;7.8114112352393965
2021;9;22;23;8.6;0.0;0;94.3;7.46;96.66;7.815447752188788
2021;9;23;0;8.0;0.0;0;96.3;7.26;96.67;7.819483300909883
2021;9;23;1;7.9;0.0;0;97.0;7.3;96.64;7.823517879326552
2021;9;23;2;7.7;0.0;0;96.9;7.08;96.6;7.827551485363166
2021;9;23;3;8.0;0.0;0;96.5;7.3;96.59;7.831584116944597
2021;9;23;4;9.2;0.0;0;95.3;8.26;96.57;7.835615771996219
2021;9;23;5;9.5;0.0;0;94.8;8.46;96.56;7.839646448443906
2021;9;23;6;10.1;0.0;51;92.4;8.58;96.58;7.843676144214037
2021;9;23;7;10.6;0.0;102;92.0;9.0;96.58;7.847704857233491
2021;9;23;8;11.5;0.0;202;85.2;8.54;96.58;7.851732585429665
2021;9;23;9;13.4;47.29406577;269;76.8;8.76;96.59;7.8557593267304515
2021;9;23;10;15.6;351.0812429;307;77.2;11.04;96.57;7.859785079064247
2021;9;23;11;17.1;711.868046;202;70.5;11.2;96.54;7.863809840359974
2021;9;23;12;18.5;796.8917256;158;65.3;11.56;96.51;7.86783360854705
2021;9;23;13;20.3;606.0735219;294;62.8;12.86;96.42;7.871856381555408
2021;9;23;14;21.5;790.4734414;144;60.2;13.54;96.36;7.8758781573154915
2021;9;23;15;21.6;796.5166278;133;54.3;12.46;96.32;7.879898933758259
2021;9;23;16;21.3;941.443163;66;57.6;12.82;96.31;7.883918708815181
2021;9;23;17;19.5;1000.0;8;67.1;12.92;96.31;7.8879374804182465
2021;9;23;18;16.1;0.0;0;82.5;12.6;96.34;7.8919552464999585
2021;9;23;19;14.2;0.0;0;89.5;12.1;96.36;7.895972004993336
2021;9;23;20;13.5;0.0;0;91.7;11.84;96.39;7.89998775383192
2021;9;23;21;12.8;0.0;0;93.7;11.54;96.41;7.904002490949762
2021;9;23;22;12.3;0.0;0;94.1;11.12;96.41;7.908016214281451
2021;9;23;23;12.4;0.0;0;92.7;10.94;96.38;7.912028921762084
2021;9;24;0;10.9;0.0;0;95.7;10.04;96.4;7.916040611327278
2021;9;24;1;10.6;0.0;0;95.2;9.64;96.38;7.9200512809131896
2021;9;24;2;10.1;0.0;0;95.6;9.22;96.35;7.924060928456486
2021;9;24;3;8.5;0.0;0;98.2;8.14;96.34;7.928069551894364
2021;9;24;4;10.9;0.0;0;94.1;9.72;96.36;7.932077149164546
2021;9;24;5;9.8;0.0;0;94.2;8.64;96.33;7.936083718205286
2021;9;24;6;9.6;0.0;23;98.9;9.38;96.34;7.940089256955366
2021;9;24;7;11.7;0.0;132;95.9;10.88;96.36;7.944093763354094
2021;9;24;8;13.4;54.43979954;207;90.0;11.4;96.37;7.948097235341315
2021;9;24;9;14.8;337.375187;263;86.2;12.04;96.38;7.952099670857401
2021;9;24;10;16.4;463.0729233;308;80.2;12.44;96.34;7.956101067843262
2021;9;24;11;18.3;656.0425677;234;75.6;13.42;96.29;7.9601014242403325
2021;9;24;12;20.1;561.831301;323;66.4;13.38;96.24;7.9641007379906
2021;9;24;13;21.8;630.8549371;276;62.5;14.3;96.2;7.9680990070365745
2021;9;24;14;21.3;770.3253834;173;66.3;14.56;96.14;7.972096229321306
2021;9;24;15;21.5;983.6913271;60;63.5;14.2;96.08;7.97609240278838
2021;9;24;16;21.5;986.2928064;49;66.1;14.72;96.05;7.980087525381934
2021;9;24;17;20.6;1000.0;2;66.2;13.84;96.08;7.984081595046633
2021;9;24;18;16.2;0.0;0;86.0;13.4;96.11;7.98807460972769
2021;9;24;19;15.4;0.0;0;88.1;13.02;96.15;7.992066567370857
2021;9;24;20;14.1;0.0;0;93.3;12.76;96.19;7.996057465922434
2021;9;24;21;13.9;0.0;0;94.0;12.7;96.19;8.000047303329263
2021;9;24;22;12.9;0.0;0;94.6;11.82;96.21;8.004036077538732
2021;9;24;23;12.8;0.0;0;96.0;12.0;96.21;8.008023786498779
2021;9;25;0;12.0;0.0;0;97.2;11.44;96.2;8.012010428157884
2021;9;25;1;11.8;0.0;0;97.1;11.22;96.2;8.015996000465083
2021;9;25;2;11.1;0.0;0;97.7;10.64;96.17;8.019980501369954
2021;9;25;3;10.3;0.0;0;97.9;9.88;96.15;8.023963928822639
2021;9;25;4;9.8;0.0;0;98.2;9.44;96.16;8.027946280773822
2021;9;25;5;10.9;0.0;0;96.3;10.16;96.17;8.031927555174736
2021;9;25;6;11.9;0.0;27;98.6;11.62;96.2;8.035907749977184
2021;9;25;7;12.8;63.85505931;42;98.9;12.58;96.19;8.039886863133512
2021;9;25;8;12.7;59.76614299;122;99.8;12.66;96.21;8.043864892596627
2021;9;25;9;14.4;86.87784439;201;93.6;13.12;96.21;8.047841836319991
2021;9;25;10;16.9;212.4854506;312;81.8;13.26;96.16;8.051817692257627
2021;9;25;11;18.7;528.9985048;173;69.1;12.52;96.12;8.055792458364115
2021;9;25;12;20.2;540.5610187;282;62.6;12.72;96.07;8.0597661325946
2021;9;25;13;22.2;528.4833559;291;59.3;14.06;96.02;8.063738712904783
2021;9;25;14;22.0;428.9911675;201;54.8;12.96;95.97;8.067710197250932
2021;9;25;15;21.3;190.9279216;167;63.5;14.0;95.98;8.071680583589878
2021;9;25;16;21.0;725.1703114;26;68.7;14.74;95.97;8.075649869879012
2021;9;25;17;19.6;745.5513215;1;81.1;15.82;96.02;8.079618054076306
2021;9;25;18;18.9;0.0;0;86.0;16.1;96.07;8.08358513414028
2021;9;25;19;18.2;0.0;0;87.3;15.66;96.12;8.08755110803003
2021;9;25;20;17.5;0.0;0;88.8;15.26;96.19;8.091515973705228
2021;9;25;21;17.5;0.0;0;87.5;15.0;96.22;8.095479729126108
2021;9;25;22;16.5;0.0;0;90.2;14.54;96.22;8.099442372253474
2021;9;25;23;15.4;0.0;0;92.9;13.98;96.17;8.103403901048706
2021;9;26;0;15.0;0.0;0;94.6;13.92;96.18;8.107364313473758
2021;9;26;1;14.9;0.0;0;94.4;13.78;96.14;8.111323607491153
2021;9;26;2;14.0;0.0;0;96.8;13.36;96.1;8.115281781063997
2021;9;26;3;14.3;0.0;0;96.2;13.54;96.04;8.119238832155968
2021;9;26;4;14.8;0.0;0;93.2;13.44;96.09;8.12319475873132
2021;9;26;5;15.6;0.0;0;91.3;13.86;96.2;8.127149558754883
2021;9;26;6;15.5;0.0;43;94.5;14.4;96.21;8.131103230192082
2021;9;26;7;15.9;0.0;131;91.8;14.26;96.24;8.135055771008906
2021;9;26;8;15.9;0.0;168;92.5;14.4;96.28;8.139007179171932
2021;9;26;9;16.8;0.0;271;85.7;13.94;96.27;8.142957452648318
2021;9;26;10;16.8;0.0;298;82.6;13.32;96.27;8.146906589405804
2021;9;26;11;17.5;0.0;216;76.9;12.88;96.27;8.150854587412725
2021;9;26;12;18.6;200.8951212;285;72.1;13.02;96.24;8.154801444637991
2021;9;26;13;19.4;419.3378573;131;62.6;11.92;96.21;8.158747159051103
2021;9;26;14;20.4;865.5520428;82;59.6;12.32;96.16;8.162691728622146
2021;9;26;15;20.4;767.5482487;143;61.7;12.74;96.14;8.1666351513218
2021;9;26;16;20.0;784.517758;82;61.8;12.36;96.17;8.170577425121333
2021;9;26;17;18.7;1000.0;0;60.4;10.78;96.2;8.174518547992601
2021;9;26;18;16.9;0.0;0;74.4;11.78;96.26;8.178458517908052
2021;9;26;19;15.7;0.0;0;80.1;11.72;96.31;8.182397332840736
2021;9;26;20;15.3;0.0;0;82.2;11.74;96.29;8.186334990764287
2021;9;26;21;14.6;0.0;0;86.8;11.96;96.31;8.190271489652941
2021;9;26;22;14.0;0.0;0;90.7;12.14;96.32;8.194206827481525
2021;9;26;23;12.8;0.0;0;95.5;11.9;96.29;8.198141002225464
2021;9;27;0;12.7;0.0;0;94.8;11.66;96.29;8.20207401186078
2021;9;27;1;13.3;0.0;0;93.9;12.08;96.31;8.20600585436411
2021;9;27;2;12.8;0.0;0;95.1;11.82;96.29;8.209936527712667
2021;9;27;3;11.6;0.0;0;96.3;10.86;96.27;8.213866029884283
2021;9;27;4;10.8;0.0;0;96.5;10.1;96.25;8.217794358857384
2021;9;27;5;11.5;0.0;0;94.7;10.44;96.26;8.221721512611005
2021;9;27;6;10.8;0.0;36;95.9;9.98;96.26;8.225647489124778
2021;9;27;7;12.5;0.0;120;90.5;10.6;96.28;8.229572286378954
2021;9;27;8;14.6;314.7579714;168;83.2;11.24;96.28;8.233495902354367
2021;9;27;9;16.0;340.1615081;202;79.3;11.86;96.27;8.237418335032492
2021;9;27;10;17.1;236.8072371;275;77.8;12.66;96.28;8.241339582395387
2021;9;27;11;17.8;135.3874116;329;74.7;12.74;96.27;8.245259642425726
2021;9;27;12;19.2;309.9039438;305;69.3;13.06;96.23;8.249178513106799
2021;9;27;13;19.6;331.5410886;240;70.8;13.76;96.2;8.2530961924225
2021;9;27;14;20.5;276.6172234;174;65.8;13.66;96.19;8.257012678357341
2021;9;27;15;21.3;681.0666801;161;51.3;11.56;96.21;8.26092796889645
2021;9;27;16;20.7;888.3049667;59;54.5;11.6;96.24;8.264842062025568
2021;9;27;17;18.9;923.9056505;0;65.9;12.08;96.3;8.268754955731048
2021;9;27;18;17.9;0.0;0;72.1;12.32;96.36;8.272666647999866
2021;9;27;19;16.9;0.0;0;77.9;12.48;96.42;8.27657713681961
2021;9;27;20;16.2;0.0;0;82.6;12.72;96.45;8.280486420178491
2021;9;27;21;16.8;0.0;0;78.0;12.4;96.52;8.28439449606534
2021;9;27;22;17.1;0.0;0;76.4;12.38;96.57;8.288301362469607
2021;9;27;23;16.0;0.0;0;60.3;8.06;96.65;8.29220701738137
2021;9;28;0;14.4;0.0;0;69.6;8.32;96.68;8.296111458791326
2021;9;28;1;13.9;0.0;0;75.8;9.06;96.67;8.300014684690796
2021;9;28;2;13.7;0.0;0;75.2;8.74;96.64;8.303916693071725
2021;9;28;3;13.8;0.0;0;69.8;7.76;96.63;8.307817481926687
2021;9;28;4;13.4;0.0;0;71.5;7.7;96.61;8.311717049248884
2021;9;28;5;13.1;0.0;0;78.5;8.8;96.6;8.315615393032138
2021;9;28;6;13.3;0.0;9;77.8;8.86;96.58;8.319512511270919
2021;9;28;7;13.3;0.0;49;75.3;8.36;96.57;8.32340840196031
2021;9;28;8;14.2;36.98503636;122;75.9;9.38;96.58;8.327303063096032
2021;9;28;9;15.3;337.3705179;241;71.6;9.62;96.54;8.331196492674438
2021;9;28;10;16.6;501.8042283;291;69.1;10.42;96.48;8.335088688692515
2021;9;28;11;16.8;324.9722084;315;71.3;11.06;96.41;8.338979649147886
2021;9;28;12;17.4;329.4442021;311;71.1;11.62;96.34;8.342869372038802
2021;9;28;13;17.6;457.3609897;227;67.4;11.08;96.3;8.346757855364164
2021;9;28;14;17.6;737.4059325;111;67.0;11.0;96.26;8.3506450971235
2021;9;28;15;17.8;872.9227359;78;66.7;11.14;96.24;8.35453109531698
2021;9;28;16;17.3;753.1226653;62;69.0;11.1;96.25;8.358415847945416
2021;9;28;17;16.4;1000.0;0;72.1;10.82;96.26;8.362299353010258
2021;9;28;18;14.6;0.0;0;85.7;11.74;96.27;8.366181608513594
2021;9;28;19;14.1;0.0;0;89.7;12.04;96.26;8.37006261245816
2021;9;28;20;13.8;0.0;0;91.3;12.06;96.27;8.373942362847343
2021;9;28;21;13.7;0.0;0;92.7;12.24;96.31;8.377820857685162
2021;9;28;22;13.7;0.0;0;89.1;11.52;96.31;8.381698094976286
2021;9;28;23;12.5;0.0;0;92.9;11.08;96.33;8.385574072726033
2021;9;29;0;13.4;0.0;0;87.7;10.94;96.38;8.38944878894037
2021;9;29;1;12.8;0.0;0;82.7;9.34;96.44;8.393322241625908
2021;9;29;2;12.8;0.0;0;78.8;8.56;96.43;8.397194428789911
2021;9;29;3;12.7;0.0;0;85.3;9.76;96.44;8.401065348440293
2021;9;29;4;12.4;0.0;0;88.8;10.16;96.45;8.404934998585626
2021;9;29;5;12.5;0.0;0;87.3;9.96;96.47;8.408803377235127
2021;9;29;6;11.8;0.0;28;87.6;9.32;96.5;8.412670482398674
2021;9;29;7;13.2;172.0750685;60;82.8;9.76;96.54;8.41653631208679
2021;9;29;8;14.2;286.5870769;91;77.2;9.64;96.56;8.420400864310663
2021;9;29;9;16.0;613.6609671;73;66.2;9.24;96.57;8.42426413708214
2021;9;29;10;17.5;568.3510756;197;60.6;9.62;96.56;8.428126128413721
2021;9;29;11;17.8;386.2046435;315;58.5;9.5;96.54;8.431986836318565
2021;9;29;12;17.8;71.73524461;299;58.8;9.56;96.53;8.435846258810491
2021;9;29;13;17.6;71.2848159;181;58.3;9.26;96.53;8.439704393903984
2021;9;29;14;19.3;398.2378958;173;53.9;10.08;96.55;8.443561239614187
2021;9;29;15;17.8;335.0190127;105;53.4;8.48;96.61;8.447416793956906
2021;9;29;16;15.9;798.991968;58;54.8;6.86;96.67;8.451271054948617
2021;9;29;17;15.3;0.0;0;53.3;5.96;96.74;8.455124020606453
2021;9;29;18;13.0;0.0;0;77.5;8.5;96.84;8.458975688948215
2021;9;29;19;13.9;0.0;0;65.5;7.0;96.91;8.462826057992384
2021;9;29;20;12.9;0.0;0;74.5;7.8;96.95;8.466675125758096
2021;9;29;21;12.7;0.0;0;74.5;7.6;96.99;8.470522890265158
2021;9;29;22;12.4;0.0;0;74.1;7.22;97.02;8.474369349534044
2021;9;29;23;11.9;0.0;0;69.8;5.86;97.05;8.478214501585919
2021;9;30;0;11.9;0.0;0;63.8;4.66;97.07;8.482058344442596
2021;9;30;1;11.5;0.0;0;65.0;4.5;97.07;8.485900876126577
2021;9;30;2;10.0;0.0;0;81.1;6.22;97.06;8.48974209466103
2021;9;30;3;9.0;0.0;0;84.5;5.9;97.05;8.493581998069805
2021;9;30;4;8.9;0.0;0;87.4;6.38;97.07;8.497420584377425
2021;9;30;5;8.1;0.0;0;90.3;6.16;97.06;8.50125785160909
2021;9;30;6;6.9;0.0;39;93.6;5.62;97.05;8.50509379779068
2021;9;30;7;9.4;24.41449534;116;84.3;6.26;97.09;8.508928420948758
2021;9;30;8;11.0;322.4557384;173;71.4;5.28;97.1;8.512761719110555
2021;9;30;9;12.9;447.4082625;229;62.2;5.34;97.07;8.516593690304006
2021;9;30;10;14.1;504.8015611;258;65.2;7.14;97.02;8.520424332557708
2021;9;30;11;14.3;590.1041522;247;59.1;6.12;96.95;8.524253643900952
2021;9;30;12;14.9;526.7901541;267;53.0;5.5;96.9;8.528081622363707
2021;9;30;13;16.5;621.9608171;252;49.5;6.4;96.87;8.531908265976632
2021;9;30;14;16.3;744.4584444;196;45.2;5.34;96.81;8.535733572771079
2021;9;30;15;16.4;831.7171146;129;47.1;5.82;96.76;8.539557540779079
2021;9;30;16;16.1;962.208031;68;44.9;5.08;96.74;8.543380168033348
2021;9;30;17;13.8;0.0;0;61.3;6.06;96.74;8.547201452567304
2021;9;30;18;12.2;0.0;0;66.1;5.42;96.75;8.551021392415045
2021;9;30;19;9.0;0.0;0;85.3;6.06;96.78;8.554839985611368
2021;9;30;20;8.0;0.0;0;89.3;5.86;96.8;8.55865723019176
2021;9;30;21;6.9;0.0;0;92.8;5.46;96.8;8.562473124192397
2021;9;30;22;6.6;0.0;0;92.7;5.14;96.79;8.566287665650163
2021;9;30;23;6.4;0.0;0;93.4;5.08;96.76;8.570100852602618
2021;10;1;0;5.9;0.0;0;94.7;4.84;96.74;8.573912683088045
2021;10;1;1;5.7;0.0;0;94.9;4.68;96.71;8.5777231551454
2021;10;1;2;5.1;0.0;0;95.5;4.2;96.65;8.581532266814351
2021;10;1;3;5.3;0.0;0;96.1;4.52;96.61;8.585340016135259
2021;10;1;4;5.1;0.0;0;95.4;4.18;96.58;8.589146401149197
2021;10;1;5;4.9;0.0;0;97.3;4.36;96.56;8.592951419897929
2021;10;1;6;5.4;0.0;39;95.9;4.58;96.55;8.596755070423926
2021;10;1;7;8.0;8.278114352;109;92.7;6.54;96.56;8.600557350770362
2021;10;1;8;10.0;305.6478458;160;87.8;7.56;96.56;8.604358258981115
2021;10;1;9;12.2;396.9129646;232;82.0;8.6;96.52;8.608157793100773
2021;10;1;10;13.6;686.3226525;153;75.2;8.64;96.47;8.611955951174627
2021;10;1;11;14.9;761.1807587;147;68.0;8.5;96.39;8.615752731248676
2021;10;1;12;17.0;688.2494363;213;64.1;9.82;96.3;8.61954813136963
2021;10;1;13;18.2;598.5380588;279;61.4;10.48;96.22;8.623342149584904
2021;10;1;14;18.8;850.5694507;128;58.1;10.42;96.16;8.627134783942633
2021;10;1;15;18.9;703.6794404;131;56.7;10.24;96.12;8.630926032491661
2021;10;1;16;17.5;477.7518208;61;69.7;11.44;96.11;8.634715893281538
2021;10;1;17;15.8;0.0;0;80.7;11.94;96.12;8.638504364362529
2021;10;1;18;14.1;0.0;0;85.1;11.12;96.12;8.642291443785627
2021;10;1;19;13.2;0.0;0;83.6;9.92;96.14;8.646077129602526
2021;10;1;20;12.4;0.0;0;90.2;10.44;96.16;8.649861419865646
2021;10;1;21;12.4;0.0;0;90.5;10.5;96.16;8.653644312628117
2021;10;1;22;14.3;0.0;0;83.0;10.9;96.14;8.657425805943797
2021;10;1;23;12.2;0.0;0;91.8;10.56;96.12;8.661205897867255
2021;10;2;0;12.2;0.0;0;93.2;10.84;96.11;8.664984586453787
2021;10;2;1;14.5;0.0;0;85.0;11.5;96.11;8.668761869759413
2021;10;2;2;13.5;0.0;0;89.3;11.36;96.06;8.672537745840867
2021;10;2;3;13.3;0.0;0;82.6;9.82;96.02;8.67631221275561
2021;10;2;4;11.9;0.0;0;90.5;10.0;96.01;8.68008526856184
2021;10;2;5;12.8;0.0;0;88.9;10.58;95.99;8.683856911318465
2021;10;2;6;12.6;0.0;36;90.3;10.66;96.0;8.687627139085127
2021;10;2;7;13.1;0.0;86;88.7;10.84;95.98;8.691395949922194
2021;10;2;8;15.0;345.1473556;99;87.4;12.48;95.96;8.695163341890762
2021;10;2;9;17.4;651.7921934;103;78.3;13.06;95.92;8.698929313052666
2021;10;2;10;18.4;644.6930765;91;72.7;12.94;95.85;8.702693861470463
2021;10;2;11;20.6;786.3273727;108;56.3;11.86;95.77;8.70645698520744
2021;10;2;12;21.5;790.1164859;103;49.1;11.32;95.7;8.710218682327625
2021;10;2;13;21.1;710.9178027;106;54.5;12.0;95.62;8.713978950895772
2021;10;2;14;21.7;659.7403339;83;51.5;12.0;95.56;8.717737788977374
2021;10;2;15;21.1;793.4770151;76;53.8;11.86;95.5;8.721495194638663
2021;10;2;16;20.9;932.4154907;51;50.7;11.04;95.45;8.725251165946602
2021;10;2;17;19.1;0.0;0;59.7;11.04;95.41;8.729005700968894
2021;10;2;18;17.3;0.0;0;66.3;10.56;95.38;8.732758797773979
2021;10;2;19;16.9;0.0;0;68.5;10.6;95.37;8.736510454431048
2021;10;2;20;17.1;0.0;0;70.9;11.28;95.37;8.740260669010018
2021;10;2;21;16.1;0.0;0;77.4;11.58;95.33;8.74400943958155
2021;10;2;22;17.1;0.0;0;73.5;11.8;95.29;8.747756764217062
2021;10;2;23;16.8;0.0;0;71.5;11.1;95.27;8.751502640988702
2021;10;3;0;16.6;0.0;0;70.1;10.62;95.24;8.755247067969364
2021;10;3;1;16.9;0.0;0;66.9;10.28;95.19;8.758990043232693
2021;10;3;2;16.3;0.0;0;70.4;10.38;95.17;8.762731564853077
2021;10;3;3;16.8;0.0;0;64.3;9.66;95.13;8.766471630905654
2021;10;3;4;16.2;0.0;0;63.0;8.8;95.06;8.770210239466309
2021;10;3;5;15.4;0.0;0;65.7;8.54;95.04;8.77394738861168
2021;10;3;6;13.4;0.0;31;80.6;9.52;95.05;8.777683076419152
2021;10;3;7;14.1;0.0;70;78.9;9.88;95.06;8.781417300966865
2021;10;3;8;14.6;0.0;94;81.7;10.94;95.1;8.785150060333702
2021;10;3;9;16.3;148.5919833;102;78.0;11.9;95.09;8.788881352599322
2021;10;3;10;18.0;268.8682845;87;61.9;10.38;95.09;8.792611175844119
2021;10;3;11;19.7;499.2709371;100;57.2;11.14;95.07;8.796339528149243
2021;10;3;12;20.3;380.7399548;103;56.8;11.66;95.05;8.800066407596615
2021;10;3;13;20.2;213.4366828;102;54.9;11.18;95.06;8.803791812268901
2021;10;3;14;18.0;6.35979794;98;65.5;11.1;95.1;8.807515740249531
2021;10;3;15;17.3;0.0;96;70.4;11.38;95.2;8.811238189622694
2021;10;3;16;16.2;0.0;52;85.3;13.26;95.28;8.814959158473336
2021;10;3;17;16.0;0.0;0;81.9;12.38;95.46;8.81867864488717
2021;10;3;18;14.4;0.0;0;93.6;13.12;95.66;8.822396646950668
2021;10;3;19;13.5;0.0;0;94.2;12.34;95.77;8.82611316275107
2021;10;3;20;12.7;0.0;0;89.6;10.62;95.86;8.829828190376375
2021;10;3;21;11.8;0.0;0;92.5;10.3;95.9;8.833541727915353
2021;10;3;22;11.6;0.0;0;94.8;10.56;95.95;8.83725377345753
2021;10;3;23;11.0;0.0;0;91.2;9.24;95.97;8.840964325093218
2021;10;4;0;10.7;0.0;0;94.1;9.52;96.0;8.84467338091348
2021;10;4;1;10.5;0.0;0;93.8;9.26;95.97;8.848380939010163
2021;10;4;2;10.3;0.0;0;96.2;9.54;96.0;8.85208699747587
2021;10;4;3;10.3;0.0;0;96.9;9.68;96.02;8.85579155440399
2021;10;4;4;9.8;0.0;0;92.7;8.34;96.04;8.859494607888667
2021;10;4;5;9.8;0.0;0;96.4;9.08;96.09;8.863196156024838
2021;10;4;6;9.9;0.0;29;96.0;9.1;96.15;8.8668961969082
2021;10;4;7;9.8;0.0;66;95.6;8.92;96.26;8.870594728635231
2021;10;4;8;10.1;0.0;92;96.1;9.32;96.32;8.874291749303186
2021;10;4;9;10.4;0.0;102;94.1;9.22;96.32;8.877987257010094
2021;10;4;10;10.6;0.0;94;93.3;9.26;96.33;8.881681249854768
2021;10;4;11;11.2;24.12524642;103;93.2;9.84;96.28;8.885373725936795
2021;10;4;12;11.2;92.76566347;102;87.4;8.68;96.18;8.889064683356542
2021;10;4;13;11.1;32.06739046;101;87.5;8.6;96.14;8.892754120215159
2021;10;4;14;11.5;96.57363273;82;87.8;9.06;96.11;8.896442034614582
2021;10;4;15;11.6;137.3607708;74;86.6;8.92;96.03;8.90012842465753
2021;10;4;16;11.4;50.84753007;45;87.9;8.98;95.96;8.9038132884475
2021;10;4;17;11.3;0.0;0;89.5;9.2;95.92;8.907496624088777
2021;10;4;18;10.9;0.0;0;92.7;9.44;95.95;8.911178429686434
2021;10;4;19;11.0;0.0;0;91.7;9.34;95.92;8.914858703346328
2021;10;4;20;11.2;0.0;0;90.4;9.28;95.96;8.918537443175104
2021;10;4;21;10.9;0.0;0;95.1;9.92;95.89;8.922214647280205
2021;10;4;22;11.0;0.0;0;94.7;9.94;95.85;8.92589031376985
2021;10;4;23;10.8;0.0;0;95.5;9.9;95.76;8.929564440753058
2021;10;5;0;11.0;0.0;0;95.2;10.04;95.79;8.93323702633964
2021;10;5;1;10.7;0.0;0;96.2;9.94;95.75;8.936908068640196
2021;10;5;2;10.7;0.0;0;96.4;9.98;95.69;8.940577565766123
2021;10;5;3;10.7;0.0;0;95.5;9.8;95.66;8.944245515829609
2021;10;5;4;10.7;0.0;0;96.4;9.98;95.65;8.947911916943642
2021;10;5;5;10.5;0.0;0;96.8;9.86;95.59;8.951576767222013
2021;10;5;6;10.7;0.0;33;94.4;9.58;95.59;8.955240064779296
2021;10;5;7;11.0;0.0;109;95.1;10.02;95.6;8.958901807730877
2021;10;5;8;11.9;0.0;176;87.6;9.42;95.58;8.96256199419293
2021;10;5;9;12.8;125.1479773;103;87.3;10.26;95.61;8.966220622282439
2021;10;5;10;13.5;0.0;289;80.5;9.6;95.59;8.969877690117187
2021;10;5;11;14.3;360.0519641;233;76.5;9.6;95.59;8.973533195815756
2021;10;5;12;15.4;272.5583495;261;72.5;9.9;95.53;8.977187137497541
2021;10;5;13;14.3;0.0;253;77.4;9.78;95.52;8.980839513282731
2021;10;5;14;14.2;0.0;195;72.8;8.76;95.51;8.984490321292327
2021;10;5;15;14.5;45.58500057;135;68.3;8.16;95.51;8.988139559648133
2021;10;5;16;13.6;420.6780507;22;74.1;8.42;95.56;8.99178722647276
2021;10;5;17;11.6;0.0;0;87.8;9.16;95.63;8.995433319889635
2021;10;5;18;11.8;0.0;0;86.9;9.18;95.72;8.999077838022988
2021;10;5;19;11.2;0.0;0;79.6;7.12;95.83;9.00272077899786
2021;10;5;20;11.1;0.0;0;75.8;6.26;95.95;9.006362140940107
2021;10;5;21;10.7;0.0;0;82.9;7.28;96.05;9.010001921976391
2021;10;5;22;10.7;0.0;0;83.0;7.3;96.11;9.013640120234191
2021;10;5;23;10.4;0.0;0;83.0;7.0;96.14;9.0172767338418
2021;10;6;0;10.1;0.0;0;81.8;6.46;96.15;9.020911760928328
2021;10;6;1;9.3;0.0;0;76.4;4.58;96.18;9.024545199623699
2021;10;6;2;8.6;0.0;0;79.1;4.42;96.18;9.028177048058652
2021;10;6;3;7.8;0.0;0;87.8;5.36;96.18;9.031807304364747
2021;10;6;4;8.4;0.0;0;86.6;5.72;96.24;9.035435966674367
2021;10;6;5;8.3;0.0;0;86.7;5.64;96.3;9.039063033120701
2021;10;6;6;7.8;0.0;27;93.7;6.54;96.35;9.04268850183778
2021;10;6;7;8.1;0.0;89;92.4;6.58;96.4;9.046312370960443
2021;10;6;8;9.8;0.0;178;83.4;6.48;96.45;9.049934638624356
2021;10;6;9;11.2;0.0;243;69.9;5.18;96.5;9.053555302965997
2021;10;6;10;13.3;211.2177733;284;62.5;5.8;96.49;9.057174362122694
2021;10;6;11;11.5;0.0;231;59.1;3.32;96.54;9.060791814232578
2021;10;6;12;12.0;533.4437916;100;64.4;4.88;96.55;9.064407657434618
2021;10;6;13;13.0;723.4893249;104;61.6;5.32;96.52;9.068021889868607
2021;10;6;14;13.4;1000.0;67;61.1;5.62;96.53;9.071634509675167
2021;10;6;15;11.9;628.0140515;58;63.2;4.54;96.56;9.07524551499575
2021;10;6;16;11.1;302.4274024;53;72.9;5.68;96.59;9.078854903972637
2021;10;6;17;10.1;0.0;0;76.6;5.42;96.65;9.082462674748946
2021;10;6;18;9.6;0.0;0;80.8;5.76;96.71;9.086068825468622
2021;10;6;19;9.4;0.0;0;80.8;5.56;96.75;9.08967335427644
2021;10;6;20;9.5;0.0;0;78.7;5.24;96.77;9.093276259318024
2021;10;6;21;9.3;0.0;0;83.6;6.02;96.79;9.096877538739818
2021;10;6;22;9.0;0.0;0;86.3;6.26;96.78;9.100477190689112
2021;10;6;23;9.1;0.0;0;87.0;6.5;96.77;9.104075213314022
2021;10;7;0;8.8;0.0;0;91.1;7.02;96.77;9.10767160476352
2021;10;7;1;8.8;0.0;0;89.8;6.76;96.76;9.1112663631874
2021;10;7;2;8.8;0.0;0;89.7;6.74;96.73;9.114859486736306
2021;10;7;3;8.4;0.0;0;93.9;7.18;96.72;9.118450973561718
2021;10;7;4;8.0;0.0;0;95.3;7.06;96.74;9.122040821815961
2021;10;7;5;7.8;0.0;0;95.9;6.98;96.75;9.125629029652204
2021;10;7;6;7.1;0.0;27;97.3;6.56;96.76;9.129215595224455
2021;10;7;7;8.3;0.0;66;90.6;6.42;96.76;9.132800516687572
2021;10;7;8;9.7;325.0700723;92;87.1;7.12;96.78;9.136383792197256
2021;10;7;9;11.2;613.1634296;100;76.4;6.48;96.77;9.139965419910052
2021;10;7;10;12.5;559.9554723;90;67.4;5.98;96.73;9.143545397983361
2021;10;7;11;13.5;913.9298013;109;59.2;5.34;96.69;9.14712372457543
2021;10;7;12;13.6;677.0346178;114;63.2;6.24;96.67;9.150700397845348
2021;10;7;13;12.8;659.3141036;105;60.8;4.96;96.61;9.15427541595306
2021;10;7;14;13.5;588.3029984;120;58.8;5.26;96.63;9.157848777059368
2021;10;7;15;13.2;831.6433546;109;57.9;4.78;96.61;9.161420479325919
2021;10;7;16;11.9;601.759135;42;66.0;5.1;96.61;9.164990520915214
2021;10;7;17;11.7;0.0;0;65.3;4.76;96.62;9.168558899990611
2021;10;7;18;11.1;0.0;0;68.8;4.86;96.64;9.172125614716323
2021;10;7;19;10.2;0.0;0;74.5;5.1;96.66;9.175690663257415
2021;10;7;20;10.3;0.0;0;76.1;5.52;96.65;9.179254043779816
2021;10;7;21;10.3;0.0;0;75.4;5.38;96.61;9.182815754450308
2021;10;7;22;9.5;0.0;0;77.6;5.02;96.62;9.186375793436534
2021;10;7;23;8.7;0.0;0;81.0;4.9;96.64;9.189934158906993
2021;10;8;0;8.3;0.0;0;82.9;4.88;96.63;9.193490849031056
2021;10;8;1;7.2;0.0;0;87.8;4.76;96.63;9.197045861978946
2021;10;8;2;6.4;0.0;0;91.6;4.72;96.61;9.20059919592175
2021;10;8;3;6.8;0.0;0;89.2;4.64;96.59;9.204150849031423
2021;10;8;4;6.8;0.0;0;90.8;4.96;96.61;9.207700819480776
2021;10;8;5;8.1;0.0;0;86.2;5.34;96.61;9.211249105443498
2021;10;8;6;8.6;0.0;4;85.9;5.78;96.63;9.214795705094136
2021;10;8;7;9.3;127.3381796;18;84.2;6.14;96.65;9.21834061660811
2021;10;8;8;10.1;237.8414892;32;79.5;6.0;96.65;9.221883838161698
2021;10;8;9;11.2;238.9504904;97;76.3;6.46;96.63;9.225425367932061
2021;10;8;10;11.7;282.4561631;129;76.0;6.9;96.6;9.228965204097223
2021;10;8;11;12.2;422.6635472;140;77.7;7.74;96.61;9.232503344836077
2021;10;8;12;12.0;342.4647208;88;76.4;7.28;96.56;9.236039788328394
2021;10;8;13;12.9;499.1653669;100;70.8;7.06;96.52;9.239574532754812
2021;10;8;14;13.8;738.1061706;57;69.4;7.68;96.51;9.243107576296854
2021;10;8;15;14.0;715.5097855;99;66.0;7.2;96.48;9.24663891713691
2021;10;8;16;13.7;1000.0;17;65.8;6.86;96.48;9.250168553458241
2021;10;8;17;13.1;0.0;0;70.1;7.12;96.5;9.253696483444994
2021;10;8;18;12.7;0.0;0;74.1;7.52;96.52;9.257222705282185
2021;10;8;19;12.8;0.0;0;72.0;7.2;96.51;9.260747217155727
2021;10;8;20;12.6;0.0;0;72.6;7.12;96.5;9.264270017252391
2021;10;8;21;11.0;0.0;0;79.3;6.86;96.5;9.267791103759839
2021;10;8;22;10.3;0.0;0;81.7;6.64;96.5;9.271310474866615
2021;10;8;23;8.8;0.0;0;87.8;6.36;96.48;9.274828128762142
2021;10;9;0;7.7;0.0;0;91.3;5.96;96.47;9.27834406363673
2021;10;9;1;6.9;0.0;0;94.1;5.72;96.47;9.281858277681568
2021;10;9;2;6.2;0.0;0;96.7;5.54;96.47;9.285370769088738
2021;10;9;3;5.6;0.0;0;97.1;5.02;96.47;9.288881536051203
2021;10;9;4;6.5;0.0;0;96.3;5.76;96.49;9.292390576762807
2021;10;9;5;7.1;0.0;0;95.8;6.26;96.48;9.295897889418303
2021;10;9;6;7.5;0.0;25;95.0;6.5;96.51;9.29940347221331
2021;10;9;7;8.6;0.0;101;91.4;6.88;96.55;9.30290732334435
2021;10;9;8;9.2;0.0;167;87.5;6.7;96.59;9.306409441008828
2021;10;9;9;9.5;0.0;232;86.2;6.74;96.61;9.30990982340505
2021;10;9;10;10.2;0.0;235;84.2;7.04;96.62;9.31340846873221
2021;10;9;11;11.2;0.0;288;81.1;7.42;96.62;9.316905375190391
2021;10;9;12;11.8;163.4538022;172;77.4;7.28;96.64;9.320400540980577
2021;10;9;13;12.1;61.87920669;244;72.9;6.68;96.64;9.323893964304647
2021;10;9;14;12.2;18.29343286;145;72.8;6.76;96.64;9.327385643365371
2021;10;9;15;12.0;147.102041;110;69.3;5.86;96.63;9.330875576366424
2021;10;9;16;11.6;162.130475;41;70.5;5.7;96.64;9.334363761512375
2021;10;9;17;11.1;0.0;0;69.3;4.96;96.65;9.33785019700869
2021;10;9;18;9.5;0.0;0;78.1;5.12;96.67;9.341334881061735
2021;10;9;19;7.4;0.0;0;89.9;5.38;96.65;9.34481781187879
2021;10;9;20;6.4;0.0;0;93.9;5.18;96.65;9.348298987668022
2021;10;9;21;6.0;0.0;0;93.9;4.78;96.68;9.351778406638504
2021;10;9;22;5.9;0.0;0;95.0;4.9;96.68;9.355256067000216
2021;10;9;23;5.2;0.0;0;96.6;4.52;96.67;9.358731966964037
2021;10;10;0;4.6;0.0;0;97.1;4.02;96.69;9.362206104741762
2021;10;10;1;4.0;0.0;0;97.2;3.44;96.7;9.365678478546087
2021;10;10;2;3.4;0.0;0;97.4;2.88;96.69;9.369149086590612
2021;10;10;3;2.9;0.0;0;97.5;2.4;96.66;9.372617927089848
2021;10;10;4;2.7;0.0;0;97.4;2.18;96.66;9.376084998259218
2021;10;10;5;2.4;0.0;0;96.9;1.78;96.67;9.379550298315051
2021;10;10;6;2.0;0.0;3;97.1;1.42;96.68;9.383013825474588
2021;10;10;7;3.3;0.0;75;96.6;2.62;96.73;9.386475577955988
2021;10;10;8;5.2;317.676836;77;96.4;4.48;96.75;9.38993555397831
2021;10;10;9;7.2;551.131925;43;86.9;4.58;96.77;9.393393751761543
2021;10;10;10;8.4;0.0;276;82.3;4.86;96.77;9.396850169526584
2021;10;10;11;9.1;0.0;271;78.3;4.76;96.76;9.400304805495239
2021;10;10;12;10.3;211.3839571;174;75.7;5.44;96.73;9.403757657890239
2021;10;10;13;11.3;687.8905532;249;70.3;5.36;96.68;9.407208724935225
2021;10;10;14;13.1;690.4221144;194;66.5;6.4;96.64;9.41065800485477
2021;10;10;15;13.4;802.8544624;117;61.9;5.78;96.64;9.414105495874356
2021;10;10;16;13.1;1000.0;41;54.9;4.08;96.62;9.417551196220384
2021;10;10;17;9.8;0.0;0;74.4;4.68;96.65;9.42099510412018
2021;10;10;18;8.0;0.0;0;78.0;3.6;96.67;9.424437217801994
2021;10;10;19;5.5;0.0;0;88.8;3.26;96.74;9.427877535494995
2021;10;10;20;4.9;0.0;0;89.9;2.88;96.76;9.431316055429278
2021;10;10;21;4.3;0.0;0;93.7;3.04;96.78;9.43475277583586
2021;10;10;22;4.7;0.0;0;91.2;2.94;96.75;9.438187694946688
2021;10;10;23;3.3;0.0;0;95.6;2.42;96.73;9.441620810994632
2021;10;11;0;2.8;0.0;0;96.2;2.04;96.72;9.445052122213497
2021;10;11;1;2.4;0.0;0;96.7;1.74;96.73;9.448481626838008
2021;10;11;2;1.6;0.0;0;96.8;0.96;96.75;9.451909323103822
2021;10;11;3;1.7;0.0;0;97.5;1.2;96.72;9.455335209247522
2021;10;11;4;1.1;0.0;0;100.0;1.1;96.73;9.45875928350664
2021;10;11;5;0.2;0.0;0;96.4;-0.52;96.77;9.462181544119616
2021;10;11;6;0.4;0.0;22;94.0;-0.8;96.79;9.465601989325837
2021;10;11;7;1.1;0.0;84;95.2;0.14;96.77;9.469020617365626
2021;10;11;8;4.7;448.2424527;76;90.8;2.86;96.81;9.472437426480228
2021;10;11;9;7.6;646.711916;94;74.3;2.46;96.81;9.475852414911836
2021;10;11;10;9.5;629.6926044;197;73.7;4.24;96.78;9.479265580903578
2021;10;11;11;11.0;434.0211646;289;69.4;4.88;96.76;9.482676922699511
2021;10;11;12;11.7;1000.0;0;69.2;5.54;96.72;9.48608643854464
2021;10;11;13;12.4;647.3713069;228;68.0;6.0;96.69;9.489494126684905
2021;10;11;14;12.8;692.5824164;177;62.7;5.34;96.65;9.49289998536719
2021;10;11;15;12.9;736.9046154;112;58.9;4.68;96.63;9.496304012839314
2021;10;11;16;12.2;973.2010745;40;59.8;4.16;96.65;9.499706207350044
2021;10;11;17;9.3;0.0;0;82.9;5.88;96.69;9.503106567149086
2021;10;11;18;7.5;0.0;0;90.7;5.64;96.71;9.506505090487087
2021;10;11;19;6.7;0.0;0;88.8;4.46;96.75;9.509901775615653
2021;10;11;20;6.9;0.0;0;84.4;3.78;96.73;9.513296620787319
2021;10;11;21;5.8;0.0;0;93.6;4.52;96.72;9.516689624255575
2021;10;11;22;3.5;0.0;0;91.8;1.86;96.7;9.520080784274857
2021;10;11;23;3.8;0.0;0;93.0;2.4;96.68;9.52347009910055
2021;10;12;0;3.7;0.0;0;92.9;2.28;96.65;9.526857566988983
2021;10;12;1;3.3;0.0;0;95.6;2.42;96.64;9.530243186197447
2021;10;12;2;3.2;0.0;0;94.5;2.1;96.6;9.533626954984172
2021;10;12;3;3.9;0.0;0;92.4;2.38;96.59;9.537008871608341
2021;10;12;4;2.4;0.0;0;96.6;1.72;96.51;9.540388934330101
2021;10;12;5;2.7;0.0;0;94.9;1.68;96.5;9.543767141410544
2021;10;12;6;3.3;0.0;20;95.6;2.42;96.49;9.547143491111719
2021;10;12;7;3.5;107.7814833;19;95.7;2.64;96.52;9.550517981696624
2021;10;12;8;5.4;0.0;138;91.1;3.62;96.54;9.55389061142922
2021;10;12;9;8.4;240.1626195;211;75.8;3.56;96.52;9.557261378574427
2021;10;12;10;10.5;490.003033;235;72.8;5.06;96.47;9.560630281398124
2021;10;12;11;12.1;500.0252805;294;67.9;5.68;96.41;9.563997318167141
2021;10;12;12;12.0;504.3812768;90;63.3;4.66;96.35;9.567362487149273
2021;10;12;13;12.6;673.7221712;72;57.0;4.0;96.28;9.570725786613277
2021;10;12;14;12.8;571.0421027;38;54.0;3.6;96.26;9.574087214828868
2021;10;12;15;12.4;266.6195975;89;57.4;3.88;96.22;9.577446770066729
2021;10;12;16;11.6;244.2060675;31;63.8;4.36;96.23;9.580804450598501
2021;10;12;17;10.8;0.0;0;70.9;4.98;96.25;9.584160254696794
2021;10;12;18;10.3;0.0;0;70.8;4.46;96.3;9.587514180635175
2021;10;12;19;10.1;0.0;0;70.1;4.12;96.34;9.590866226688195
2021;10;12;20;10.0;0.0;0;69.8;3.96;96.36;9.594216391131356
2021;10;12;21;9.3;0.0;0;78.1;4.92;96.37;9.59756467224113
2021;10;12;22;8.6;0.0;0;88.4;6.28;96.37;9.60091106829496
2021;10;12;23;8.6;0.0;0;85.3;5.66;96.34;9.604255577571266
2021;10;13;0;8.4;0.0;0;87.5;5.9;96.3;9.60759819834943
2021;10;13;1;8.5;0.0;0;86.3;5.76;96.3;9.610938928909805
2021;10;13;2;8.5;0.0;0;85.2;5.54;96.3;9.61427776753372
2021;10;13;3;8.3;0.0;0;87.9;5.88;96.33;9.617614712503478
2021;10;13;4;8.2;0.0;0;88.0;5.8;96.34;9.620949762102352
2021;10;13;5;8.0;0.0;0;90.1;6.02;96.36;9.624282914614597
2021;10;13;6;8.1;0.0;17;89.6;6.02;96.43;9.627614168325435
2021;10;13;7;8.0;0.0;67;86.6;5.32;96.51;9.630943521521074
2021;10;13;8;8.4;0.0;94;83.9;5.18;96.57;9.634270972488686
2021;10;13;9;8.9;80.89455056;97;81.7;5.24;96.6;9.637596519516444
2021;10;13;10;9.2;42.76575435;160;68.5;2.9;96.61;9.640920160893483
2021;10;13;11;11.5;475.0189927;216;62.7;4.04;96.62;9.644241894909916
2021;10;13;12;11.5;579.9553567;195;53.2;2.14;96.61;9.647561719856855
2021;10;13;13;12.2;784.78425;151;50.2;2.24;96.6;9.650879634026376
2021;10;13;14;11.8;721.0916051;96;50.8;1.96;96.61;9.654195635711549
2021;10;13;15;11.5;840.5157739;85;48.2;1.14;96.65;9.657509723206422
2021;10;13;16;10.5;1000.0;29;55.6;1.62;96.69;9.660821894806032
2021;10;13;17;8.9;0.0;0;60.8;1.06;96.73;9.664132148806397
2021;10;13;18;7.5;0.0;0;65.8;0.66;96.79;9.667440483504524
2021;10;13;19;6.6;0.0;0;72.8;1.16;96.8;9.670746897198411
2021;10;13;20;5.6;0.0;0;79.3;1.46;96.84;9.674051388187038
2021;10;13;21;5.8;0.0;0;79.4;1.68;96.83;9.677353954770377
2021;10;13;22;5.6;0.0;0;77.6;1.12;96.84;9.680654595249386
2021;10;13;23;3.1;0.0;0;91.4;1.38;96.84;9.683953307926028
2021;10;14;0;3.0;0.0;0;93.0;1.6;96.84;9.68725009110324
2021;10;14;1;2.3;0.0;0;95.2;1.34;96.84;9.690544943084962
2021;10;14;2;1.2;0.0;0;96.8;0.56;96.85;9.693837862176128
2021;10;14;3;0.7;0.0;0;94.7;-0.36;96.86;9.697128846682656
2021;10;14;4;1.1;0.0;0;94.8;0.06;96.88;9.700417894911475
2021;10;14;5;0.3;0.0;0;97.0;-0.3;96.9;9.703705005170493
2021;10;14;6;0.9;0.0;16;93.8;-0.34;96.93;9.706990175768627
2021;10;14;7;1.4;26.85481275;59;93.3;0.06;96.94;9.710273405015792
2021;10;14;8;4.5;436.6573949;84;91.9;2.88;96.96;9.713554691222896
2021;10;14;9;6.2;554.6037018;138;81.8;2.56;96.95;9.716834032701847
2021;10;14;10;7.8;730.1497931;122;72.2;2.24;96.9;9.720111427765556
2021;10;14;11;9.2;604.0846543;229;70.2;3.24;96.88;9.723386874727936
2021;10;14;12;11.5;640.9205376;231;61.7;3.84;96.8;9.726660371903902
2021;10;14;13;12.3;795.3793146;154;53.4;2.98;96.74;9.729931917609363
2021;10;14;14;12.7;909.4479574;98;51.4;2.98;96.68;9.73320151016125
2021;10;14;15;12.8;947.5662234;70;47.7;2.34;96.62;9.736469147877488
2021;10;14;16;12.1;1000.0;30;52.5;2.6;96.61;9.739734829077005
2021;10;14;17;8.2;0.0;0;75.9;3.38;96.62;9.74299855207974
2021;10;14;18;6.2;0.0;0;83.7;2.94;96.64;9.74626031520664
2021;10;14;19;4.3;0.0;0;91.7;2.64;96.62;9.749520116779657
2021;10;14;20;4.1;0.0;0;90.5;2.2;96.63;9.752777955121754
2021;10;14;21;4.3;0.0;0;91.5;2.6;96.62;9.756033828556903
2021;10;14;22;4.3;0.0;0;89.7;2.24;96.6;9.75928773541009
2021;10;14;23;3.7;0.0;0;92.5;2.2;96.55;9.762539674007309
2021;10;15;0;3.0;0.0;0;94.1;1.82;96.52;9.765789642675568
2021;10;15;1;2.6;0.0;0;94.2;1.44;96.48;9.76903763974289
2021;10;15;2;2.0;0.0;0;96.5;1.3;96.43;9.772283663538309
2021;10;15;3;1.5;0.0;0;96.5;0.8;96.39;9.775527712391874
2021;10;15;4;1.5;0.0;0;97.5;1.0;96.36;9.778769784634653
2021;10;15;5;1.8;0.0;0;96.1;1.02;96.35;9.782009878598737
2021;10;15;6;1.3;0.0;16;97.7;0.84;96.32;9.785247992617222
2021;10;15;7;2.6;16.49711048;59;95.7;1.74;96.33;9.78848412502423
2021;10;15;8;5.7;409.3585056;91;87.6;3.22;96.35;9.791718274154897
2021;10;15;9;8.0;551.6373951;110;81.0;4.2;96.35;9.794950438345387
2021;10;15;10;9.2;701.1329849;110;74.5;4.1;96.31;9.79818061593288
2021;10;15;11;11.1;747.9603387;136;73.5;5.8;96.26;9.801408805255578
2021;10;15;12;13.4;822.0479513;107;69.1;7.22;96.16;9.80463500465271
2021;10;15;13;13.3;788.1761853;100;65.4;6.38;96.1;9.807859212464521
2021;10;15;14;14.3;969.1229811;79;64.5;7.2;96.08;9.81108142703229
2021;10;15;15;13.9;680.1852882;66;66.8;7.26;96.05;9.814301646698317
2021;10;15;16;12.8;900.1730296;29;71.5;7.1;96.07;9.81751986980592
2021;10;15;17;11.7;0.0;0;77.3;7.16;96.09;9.820736094699464
2021;10;15;18;8.1;0.0;0;93.2;6.74;96.13;9.823950319724322
2021;10;15;19;8.1;0.0;0;92.9;6.68;96.15;9.82716254322691
2021;10;15;20;7.0;0.0;0;94.8;5.96;96.17;9.830372763554665
2021;10;15;21;6.6;0.0;0;97.0;6.0;96.18;9.833580979056059
2021;10;15;22;5.4;0.0;0;97.2;4.84;96.17;9.836787188080594
2021;10;15;23;4.6;0.0;0;97.7;4.14;96.18;9.8399913889788
2021;10;16;0;4.6;0.0;0;98.1;4.22;96.19;9.843193580102248
2021;10;16;1;3.8;0.0;0;97.7;3.34;96.2;9.84639375980354
2021;10;16;2;2.9;0.0;0;97.5;2.4;96.19;9.849591926436307
2021;10;16;3;3.3;0.0;0;100.0;3.3;96.2;9.852788078355227
2021;10;16;4;3.2;0.0;0;99.4;3.08;96.19;9.855982213916004
2021;10;16;5;2.2;0.0;0;99.9;2.18;96.21;9.859174331475382
2021;10;16;6;3.4;0.0;14;100.0;3.4;96.23;9.862364429391146
2021;10;16;7;4.3;0.0;56;98.7;4.04;96.27;9.865552506022121
2021;10;16;8;5.3;0.0;94;98.9;5.08;96.3;9.868738559728168
2021;10;16;9;6.2;207.7056483;98;96.1;5.42;96.32;9.871922588870188
2021;10;16;10;7.2;210.4598499;136;92.6;5.72;96.32;9.875104591810132
2021;10;16;11;10.2;760.3552644;119;76.7;5.54;96.28;9.878284566910981
2021;10;16;12;11.8;564.350427;256;71.2;6.04;96.21;9.88146251253677
2021;10;16;13;13.3;627.0505665;226;66.1;6.52;96.15;9.88463842705257
2021;10;16;14;14.3;924.8406081;80;65.4;7.38;96.13;9.8878123088245
2021;10;16;15;14.2;911.9678046;68;62.4;6.68;96.12;9.890984156219728
2021;10;16;16;12.9;1000.0;22;68.9;6.68;96.16;9.894153967606465
2021;10;16;17;9.7;0.0;0;87.2;7.14;96.21;9.89732174135397
2021;10;16;18;8.4;0.0;0;91.9;6.78;96.25;9.900487475832549
2021;10;16;19;8.0;0.0;0;93.8;6.76;96.28;9.903651169413557
2021;10;16;20;6.4;0.0;0;94.1;5.22;96.28;9.906812820469407
2021;10;16;21;5.3;0.0;0;96.0;4.5;96.28;9.909972427373553
2021;10;16;22;4.7;0.0;0;96.6;4.02;96.29;9.913129988500504
2021;10;16;23;4.5;0.0;0;96.1;3.72;96.29;9.916285502225817
2021;10;17;0;4.6;0.0;0;97.2;4.04;96.3;9.919438966926116
2021;10;17;1;3.8;0.0;0;97.3;3.26;96.3;9.922590380979065
2021;10;17;2;3.5;0.0;0;97.2;2.94;96.27;9.925739742763387
2021;10;17;3;3.9;0.0;0;96.8;3.26;96.25;9.928887050658863
2021;10;17;4;5.0;0.0;0;96.5;4.3;96.26;9.93203230304633
2021;10;17;5;4.6;0.0;0;97.4;4.08;96.29;9.935175498307682
2021;10;17;6;4.4;0.0;12;99.0;4.2;96.33;9.938316634825869
2021;10;17;7;5.3;0.0;88;95.9;4.48;96.36;9.941455710984904
2021;10;17;8;6.2;0.0;86;96.2;5.44;96.38;9.944592725169858
2021;10;17;9;8.3;100.4321483;115;92.2;6.74;96.38;9.947727675766858
2021;10;17;10;9.9;554.4690037;106;86.8;7.26;96.35;9.950860561163108
2021;10;17;11;11.2;733.2446685;139;84.7;8.14;96.35;9.953991379746856
2021;10;17;12;11.9;943.1708284;53;77.0;7.3;96.3;9.957120129907429
2021;10;17;13;13.8;603.4064621;237;72.0;8.2;96.24;9.960246810035198
2021;10;17;14;14.7;930.2006209;79;70.3;8.76;96.22;9.963371418521625
2021;10;17;15;14.5;712.7201909;107;72.5;9.0;96.22;9.966493953759219
2021;10;17;16;13.7;1000.0;24;77.5;9.2;96.25;9.96961441414156
2021;10;17;17;10.8;0.0;0;91.7;9.14;96.29;9.972732798063298
2021;10;17;18;9.1;0.0;0;96.7;8.44;96.35;9.975849103920147
2021;10;17;19;8.0;0.0;0;97.6;7.52;96.41;9.978963330108895
2021;10;17;20;6.4;0.0;0;96.3;5.66;96.45;9.982075475027397
2021;10;17;21;6.1;0.0;0;95.1;5.12;96.5;9.985185537074578
2021;10;17;22;6.0;0.0;0;96.1;5.22;96.54;9.98829351465044
2021;10;17;23;5.4;0.0;0;94.9;4.38;96.56;9.991399406156045
2021;10;18;0;5.8;0.0;0;92.9;4.38;96.57;9.994503209993546
2021;10;18;1;5.4;0.0;0;96.0;4.6;96.59;9.997604924566154
2021;10;18;2;5.8;0.0;0;91.8;4.16;96.57;10.000704548278167
2021;10;18;3;4.5;0.0;0;95.6;3.62;96.57;10.003802079534948
2021;10;18;4;3.5;0.0;0;95.2;2.54;96.61;10.006897516742939
2021;10;18;5;3.0;0.0;0;96.1;2.22;96.66;10.00999085830967
2021;10;18;6;2.9;0.0;10;96.7;2.24;96.7;10.013082102643736
2021;10;18;7;3.9;0.0;70;95.6;3.02;96.77;10.016171248154818
2021;10;18;8;7.1;316.4309265;122;87.5;4.6;96.81;10.019258293253671
2021;10;18;9;8.6;341.5836474;223;85.7;5.74;96.81;10.022343236352139
2021;10;18;10;9.8;511.158604;220;83.5;6.5;96.81;10.025426075863137
2021;10;18;11;11.6;499.5758019;280;75.5;6.7;96.78;10.028506810200671
2021;10;18;12;14.0;605.3492865;245;62.8;6.56;96.7;10.031585437779828
2021;10;18;13;15.4;560.5777574;229;55.7;6.54;96.65;10.034661957016777
2021;10;18;14;15.0;620.3051135;115;58.7;6.74;96.62;10.037736366328765
2021;10;18;15;14.1;262.1971147;104;71.5;8.4;96.66;10.040808664134143
2021;10;18;16;12.7;641.184213;22;80.8;8.86;96.66;10.043878848852334
2021;10;18;17;10.3;0.0;0;91.1;8.52;96.66;10.046946918903846
2021;10;18;18;9.6;0.0;0;92.8;8.16;96.72;10.050012872710283
2021;10;18;19;8.8;0.0;0;93.0;7.4;96.78;10.053076708694338
2021;10;18;20;8.1;0.0;0;94.2;6.94;96.83;10.056138425279787
2021;10;18;21;8.6;0.0;0;92.3;7.06;96.88;10.0591980208915
2021;10;18;22;7.1;0.0;0;94.6;6.02;96.91;10.062255493955437
2021;10;18;23;7.6;0.0;0;93.0;6.2;96.91;10.065310842898654
2021;10;19;0;7.9;0.0;0;89.9;5.88;96.92;10.068364066149295
2021;10;19;1;6.3;0.0;0;93.4;4.98;96.94;10.071415162136597
2021;10;19;2;6.1;0.0;0;95.1;5.12;96.89;10.074464129290895
2021;10;19;3;6.5;0.0;0;95.8;5.66;96.87;10.07751096604362
2021;10;19;4;6.5;0.0;0;95.2;5.54;96.9;10.08055567082729
2021;10;19;5;7.0;0.0;0;93.9;5.78;96.92;10.083598242075535
2021;10;19;6;7.4;0.0;7;93.3;6.06;96.94;10.08663867822307
2021;10;19;7;8.0;0.0;86;93.2;6.64;96.95;10.089676977705713
2021;10;19;8;9.3;0.0;160;89.3;7.16;96.98;10.092713138960377
2021;10;19;9;10.9;0.0;222;84.6;7.82;96.99;10.095747160425088
2021;10;19;10;12.8;269.9438347;138;73.1;7.42;96.97;10.098779040538957
2021;10;19;11;14.5;290.8489295;177;72.7;9.04;96.9;10.101808777742203
2021;10;19;12;15.3;778.3593619;124;63.7;8.04;96.84;10.104836370476153
2021;10;19;13;16.5;820.0890615;115;61.9;8.88;96.77;10.107861817183228
2021;10;19;14;17.9;888.6845705;81;58.8;9.66;96.72;10.110885116306957
2021;10;19;15;17.8;883.4973095;70;59.6;9.72;96.67;10.113906266291973
2021;10;19;16;16.5;1000.0;19;65.5;9.6;96.65;10.116925265584019
2021;10;19;17;12.7;0.0;0;86.7;10.04;96.68;10.11994211262994
2021;10;19;18;10.5;0.0;0;92.0;8.9;96.71;10.122956805877681
2021;10;19;19;9.6;0.0;0;94.3;8.46;96.72;10.125969343776319
2021;10;19;20;8.0;0.0;0;93.3;6.66;96.7;10.128979724776013
2021;10;19;21;8.6;0.0;0;90.7;6.74;96.7;10.131987947328046
2021;10;19;22;7.8;0.0;0;95.1;6.82;96.68;10.134994009884808
2021;10;19;23;8.2;0.0;0;93.7;6.94;96.64;10.137997910899799
2021;10;20;0;7.2;0.0;0;95.4;6.28;96.58;10.140999648827634
2021;10;20;1;7.5;0.0;0;96.0;6.7;96.53;10.14399922212404
2021;10;20;2;7.5;0.0;0;96.9;6.88;96.45;10.146996629245855
2021;10;20;3;6.5;0.0;0;97.3;5.96;96.39;10.149991868651036
2021;10;20;4;6.3;0.0;0;96.8;5.66;96.36;10.15298493879865
2021;10;20;5;5.8;0.0;0;97.1;5.22;96.32;10.155975838148885
2021;10;20;6;6.4;0.0;6;96.6;5.72;96.26;10.15896456516304
2021;10;20;7;10.5;0.0;57;74.7;5.44;96.27;10.161951118303536
2021;10;20;8;12.8;101.0325758;136;71.3;7.06;96.24;10.164935496033912
2021;10;20;9;16.7;342.2946316;173;55.4;7.78;96.2;10.167917696818822
2021;10;20;10;17.5;348.2795738;163;53.9;8.28;96.17;10.17089771912405
2021;10;20;11;19.5;689.5635309;158;44.0;8.3;96.11;10.17387556141649
2021;10;20;12;19.4;479.3170559;181;47.3;8.86;96.04;10.176851222164164
2021;10;20;13;18.4;0.0;188;51.0;8.6;95.95;10.179824699836207
2021;10;20;14;17.7;0.0;171;57.5;9.2;95.89;10.182795992902893
2021;10;20;15;18.0;0.0;91;56.0;9.2;95.8;10.185765099835608
2021;10;20;16;17.1;854.5990294;21;59.9;9.08;95.74;10.188732019106865
2021;10;20;17;17.1;0.0;0;59.7;9.04;95.67;10.191696749190303
2021;10;20;18;16.6;0.0;0;62.7;9.14;95.62;10.194659288560686
2021;10;20;19;16.6;0.0;0;62.8;9.16;95.54;10.197619635693908
2021;10;20;20;16.0;0.0;0;67.0;9.4;95.43;10.200577789066987
2021;10;20;21;15.8;0.0;0;66.3;9.06;95.32;10.203533747158076
2021;10;20;22;15.7;0.0;0;65.8;8.86;95.25;10.20648750844645
2021;10;20;23;16.1;0.0;0;62.3;8.56;95.15;10.209439071412515
2021;10;21;0;16.1;0.0;0;62.5;8.6;95.08;10.212388434537818
2021;10;21;1;16.0;0.0;0;64.2;8.84;95.01;10.215335596305025
2021;10;21;2;13.9;0.0;0;86.0;11.1;95.15;10.218280555197937
2021;10;21;3;14.0;0.0;0;85.3;11.06;95.21;10.221223309701493
2021;10;21;4;14.1;0.0;0;72.4;8.58;95.38;10.224163858301768
2021;10;21;5;12.3;0.0;0;74.4;7.18;95.55;10.227102199485962
2021;10;21;6;12.5;0.0;0;59.3;4.36;95.7;10.230038331742422
2021;10;21;7;12.4;0.0;78;57.7;3.94;95.82;10.232972253560622
2021;10;21;8;12.5;0.0;148;61.2;4.74;95.93;10.235903963431177
2021;10;21;9;13.9;544.43721;72;59.3;5.76;95.95;10.238833459845841
2021;10;21;10;14.4;347.7850749;243;55.1;5.42;95.94;10.241760741297504
2021;10;21;11;14.9;711.3097911;209;47.0;4.3;95.92;10.244685806280199
2021;10;21;12;14.5;692.7975499;143;47.0;3.9;95.87;10.247608653289095
2021;10;21;13;15.6;712.7176384;172;44.4;4.48;95.84;10.250529280820505
2021;10;21;14;15.4;1000.0;63;46.0;4.6;95.82;10.253447687371889
2021;10;21;15;14.7;901.8182761;78;50.6;4.82;95.81;10.256363871441836
2021;10;21;16;13.1;1000.0;18;55.8;4.26;95.81;10.259277831530092
2021;10;21;17;11.4;0.0;0;63.7;4.14;95.85;10.26218956613754
2021;10;21;18;10.3;0.0;0;67.8;3.86;95.91;10.265099073766203
2021;10;21;19;10.2;0.0;0;63.7;2.94;95.96;10.268006352919265
2021;10;21;20;9.1;0.0;0;71.8;3.46;95.98;10.270911402101046
2021;10;21;21;10.8;0.0;0;65.4;3.88;96.01;10.273814219817012
2021;10;21;22;10.7;0.0;0;68.2;4.34;95.98;10.276714804573782
2021;10;21;23;11.2;0.0;0;65.6;4.32;95.99;10.279613154879119
2021;10;22;0;11.6;0.0;0;62.8;4.16;96.0;10.282509269241938
2021;10;22;1;11.0;0.0;0;67.5;4.5;96.0;10.28540314617231
2021;10;22;2;10.4;0.0;0;73.4;5.08;96.0;10.288294784181444
2021;10;22;3;9.8;0.0;0;79.5;5.7;96.03;10.291184181781713
2021;10;22;4;10.2;0.0;0;78.6;5.92;96.02;10.294071337486631
2021;10;22;5;9.7;0.0;0;84.9;6.68;96.06;10.296956249810883
2021;10;22;6;9.6;0.0;0;88.0;7.2;96.06;10.29983891727029
2021;10;22;7;9.6;0.0;75;89.7;7.54;96.15;10.302719338381838
2021;10;22;8;10.1;0.0;145;89.0;7.9;96.22;10.305597511663663
2021;10;22;9;11.1;96.62918089;204;75.1;6.12;96.27;10.308473435635065
2021;10;22;10;11.9;207.1460733;239;71.4;6.18;96.31;10.311347108816495
2021;10;22;11;12.3;269.1256051;198;58.6;4.02;96.33;10.314218529729562
2021;10;22;12;12.8;382.8087127;128;52.2;3.24;96.33;10.317087696897033
2021;10;22;13;13.6;857.3423917;113;49.1;3.42;96.29;10.319954608842842
2021;10;22;14;13.2;807.3615316;94;41.7;1.54;96.32;10.322819264092075
2021;10;22;15;11.9;1000.0;54;49.3;1.76;96.4;10.325681661170982
2021;10;22;16;10.3;1000.0;15;49.8;0.26;96.45;10.328541798606974
2021;10;22;17;8.8;0.0;0;56.1;0.02;96.51;10.331399674928626
2021;10;22;18;7.7;0.0;0;61.1;-0.08;96.6;10.33425528866567
2021;10;22;19;5.9;0.0;0;68.5;-0.4;96.62;10.337108638349017
2021;10;22;20;4.1;0.0;0;82.1;0.52;96.67;10.339959722510729
2021;10;22;21;3.3;0.0;0;85.6;0.42;96.73;10.342808539684036
2021;10;22;22;2.0;0.0;0;91.1;0.22;96.75;10.345655088403333
2021;10;22;23;1.1;0.0;0;93.2;-0.26;96.77;10.348499367204191
2021;10;23;0;1.1;0.0;0;94.2;-0.06;96.8;10.351341374623342
2021;10;23;1;1.1;0.0;0;91.0;-0.7;96.82;10.354181109198686
2021;10;23;2;0.8;0.0;0;92.6;-0.68;96.8;10.357018569469293
2021;10;23;3;1.1;0.0;0;90.5;-0.8;96.78;10.359853753975404
2021;10;23;4;0.1;0.0;0;95.4;-0.82;96.81;10.36268666125843
2021;10;23;5;0.6;0.0;0;91.7;-1.06;96.81;10.36551728986095
2021;10;23;6;-0.2;0.0;0;96.0;-1.0;96.81;10.368345638326726
2021;10;23;7;0.7;13.60286923;36;91.0;-1.1;96.83;10.371171705200684
2021;10;23;8;3.1;286.6540776;111;88.1;0.72;96.89;10.373995489028921
2021;10;23;9;5.6;510.8388703;134;77.5;1.1;96.87;10.376816988358723
2021;10;23;10;8.1;763.2502202;92;70.0;2.1;96.84;10.379636201738535
2021;10;23;11;9.8;899.5765546;63;63.6;2.52;96.82;10.382453127717984
2021;10;23;12;10.7;884.8208735;97;57.6;2.22;96.8;10.385267764847878
2021;10;23;13;11.3;657.0338458;209;57.4;2.78;96.78;10.3880801116802
2021;10;23;14;11.6;805.2797836;130;55.1;2.62;96.75;10.39089016676811
2021;10;23;15;11.3;859.8347827;85;57.6;2.82;96.76;10.393697928665944
2021;10;23;16;10.3;1000.0;15;59.4;2.18;96.77;10.396503395929223
2021;10;23;17;8.5;0.0;0;66.5;1.8;96.82;10.399306567114646
2021;10;23;18;7.6;0.0;0;69.6;1.52;96.85;10.402107440780096
2021;10;23;19;5.2;0.0;0;81.8;1.56;96.85;10.404906015484636
2021;10;23;20;3.8;0.0;0;88.5;1.5;96.83;10.40770228978851
2021;10;23;21;3.5;0.0;0;88.7;1.24;96.85;10.410496262253146
2021;10;23;22;3.0;0.0;0;91.2;1.24;96.87;10.41328793144116
2021;10;23;23;1.9;0.0;0;95.5;1.0;96.87;10.416077295916345
2021;10;24;0;1.0;0.0;0;95.4;0.08;96.87;10.418864354243691
2021;10;24;1;1.0;0.0;0;95.5;0.1;96.86;10.421649104989363
2021;10;24;2;0.3;0.0;0;95.6;-0.58;96.85;10.424431546720726
2021;10;24;3;0.2;0.0;0;94.4;-0.92;96.82;10.427211678006321
2021;10;24;4;0.1;0.0;0;93.9;-1.12;96.82;10.429989497415882
2021;10;24;5;0.6;0.0;0;96.2;-0.16;96.84;10.43276500352033
2021;10;24;6;0.2;0.0;0;93.9;-1.02;96.85;10.435538194891784
2021;10;24;7;0.2;0.0;71;95.2;-0.76;96.89;10.438309070103546
2021;10;24;8;3.0;0.0;132;94.5;1.9;96.92;10.441077627730108
2021;10;24;9;4.7;66.7796517;192;92.7;3.24;96.93;10.443843866347162
2021;10;24;10;6.8;443.6289369;228;87.1;4.22;96.91;10.44660778453159
2021;10;24;11;9.3;576.0433085;227;76.5;4.6;96.88;10.449369380861464
2021;10;24;12;10.5;856.4603267;105;68.6;4.22;96.81;10.452128653916056
2021;10;24;13;11.9;786.5410983;143;65.3;4.96;96.74;10.454885602275827
2021;10;24;14;12.5;707.2215637;158;63.3;5.16;96.66;10.457640224522438
2021;10;24;15;12.4;901.7745367;72;64.4;5.28;96.63;10.460392519238752
2021;10;24;16;11.2;1000.0;13;69.6;5.12;96.6;10.463142485008824
2021;10;24;17;7.9;0.0;0;88.3;5.56;96.61;10.465890120417901
2021;10;24;18;6.1;0.0;0;93.9;4.88;96.61;10.468635424052438
2021;10;24;19;5.1;0.0;0;94.8;4.06;96.61;10.471378394500086
2021;10;24;20;5.0;0.0;0;94.7;3.94;96.61;10.474119030349698
2021;10;24;21;3.8;0.0;0;96.5;3.1;96.64;10.476857330191322
2021;10;24;22;4.4;0.0;0;96.1;3.62;96.64;10.479593292616219
2021;10;24;23;3.9;0.0;0;96.8;3.26;96.63;10.482326916216843
2021;10;25;0;4.7;0.0;0;95.8;3.86;96.63;10.485058199586854
2021;10;25;1;4.0;0.0;0;96.4;3.28;96.62;10.487787141321117
2021;10;25;2;4.1;0.0;0;95.2;3.14;96.6;10.4905137400157
2021;10;25;3;3.9;0.0;0;96.6;3.22;96.55;10.493237994267878
2021;10;25;4;3.7;0.0;0;97.3;3.16;96.53;10.495959902676129
2021;10;25;5;3.7;0.0;0;95.8;2.86;96.54;10.498679463840148
2021;10;25;6;2.9;0.0;0;97.1;2.32;96.52;10.501396676360823
2021;10;25;7;3.4;0.0;67;96.4;2.68;96.55;10.50411153884026
2021;10;25;8;6.2;140.9193084;137;89.5;4.1;96.57;10.50682404988177
2021;10;25;9;7.9;430.530835;147;82.6;4.42;96.55;10.509534208089876
2021;10;25;10;10.1;467.1178296;217;72.9;4.68;96.52;10.51224201207031
2021;10;25;11;11.7;546.6620522;224;68.4;5.38;96.49;10.514947460430015
2021;10;25;12;12.9;795.5521536;121;68.0;6.5;96.41;10.517650551777145
2021;10;25;13;13.8;609.6847104;206;69.1;7.62;96.33;10.520351284721071
2021;10;25;14;14.4;940.6708795;59;66.1;7.62;96.31;10.523049657872374
2021;10;25;15;14.5;867.7576342;69;64.6;7.42;96.28;10.525745669842845
2021;10;25;16;13.1;1000.0;11;70.9;7.28;96.29;10.5284393192455
2021;10;25;17;9.6;0.0;0;89.4;7.48;96.32;10.531130604694557
2021;10;25;18;7.7;0.0;0;94.3;6.56;96.39;10.533819524805466
2021;10;25;19;7.4;0.0;0;95.1;6.42;96.42;10.536506078194877
2021;10;25;20;6.5;0.0;0;93.4;5.18;96.45;10.539190263480677
2021;10;25;21;7.1;0.0;0;91.1;5.32;96.48;10.541872079281951
2021;10;25;22;7.0;0.0;0;93.5;5.7;96.51;10.544551524219017
2021;10;25;23;6.6;0.0;0;94.1;5.42;96.51;10.547228596913406
2021;10;26;0;6.0;0.0;0;95.9;5.18;96.53;10.549903295987875
2021;10;26;1;7.4;0.0;0;91.2;5.64;96.52;10.552575620066392
2021;10;26;2;7.3;0.0;0;93.8;6.06;96.53;10.55524556777416
2021;10;26;3;7.8;0.0;0;92.3;6.26;96.55;10.557913137737593
2021;10;26;4;7.7;0.0;0;94.4;6.58;96.56;10.560578328584338
2021;10;26;5;6.8;0.0;0;95.9;5.98;96.6;10.563241138943258
2021;10;26;6;6.4;0.0;0;96.2;5.64;96.62;10.565901567444442
2021;10;26;7;7.6;0.0;66;94.3;6.46;96.68;10.568559612719213
2021;10;26;8;8.2;0.0;140;93.2;6.84;96.74;10.571215273400107
2021;10;26;9;11.2;258.4183209;146;85.0;8.2;96.75;10.573868548120895
2021;10;26;10;12.4;482.6185074;213;80.0;8.4;96.73;10.576519435516577
2021;10;26;11;12.7;420.0338226;255;73.3;7.36;96.7;10.579167934223374
2021;10;26;12;14.3;642.658863;221;62.6;6.82;96.66;10.58181404287874
2021;10;26;13;15.0;725.6778806;105;65.9;8.18;96.63;10.584457760121362
2021;10;26;14;14.4;1000.0;76;67.1;7.82;96.63;10.587099084591149
2021;10;26;15;14.3;654.2871715;62;64.1;7.12;96.63;10.589738014929246
2021;10;26;16;13.4;1000.0;9;69.7;7.34;96.65;10.592374549778032
2021;10;26;17;10.4;0.0;0;86.6;7.72;96.72;10.595008687781114
2021;10;26;18;8.4;0.0;0;94.3;7.26;96.78;10.597640427583334
2021;10;26;19;8.3;0.0;0;93.8;7.06;96.8;10.600269767830763
2021;10;26;20;7.1;0.0;0;95.6;6.22;96.81;10.60289670717072
2021;10;26;21;6.2;0.0;0;96.0;5.4;96.82;10.605521244251744
2021;10;26;22;6.3;0.0;0;97.1;5.72;96.81;10.608143377723618
2021;10;26;23;4.7;0.0;0;97.5;4.2;96.8;10.610763106237354
2021;10;27;0;4.9;0.0;0;98.2;4.54;96.81;10.613380428445216
2021;10;27;1;4.6;0.0;0;98.8;4.36;96.8;10.615995343000694
2021;10;27;2;4.1;0.0;0;98.8;3.86;96.78;10.618607848558515
2021;10;27;3;4.3;0.0;0;100.0;4.3;96.77;10.621217943774655
2021;10;27;4;5.1;0.0;0;100.0;5.1;96.77;10.62382562730632
2021;10;27;5;4.7;0.0;0;100.0;4.7;96.8;10.626430897811964
2021;10;27;6;4.8;0.0;0;99.9;4.78;96.81;10.62903375395128
2021;10;27;7;5.2;0.0;59;100.0;5.2;96.85;10.631634194385203
2021;10;27;8;5.3;0.0;68;99.6;5.22;96.88;10.63423221777591
2021;10;27;9;6.8;128.2305211;94;93.2;5.44;96.87;10.63682782278682
2021;10;27;10;8.1;310.181065;95;92.2;6.54;96.84;10.639421008082603
2021;10;27;11;10.2;663.3039915;104;87.1;7.62;96.79;10.642011772329168
2021;10;27;12;9.4;352.1629268;114;87.4;6.88;96.72;10.64460011419367
2021;10;27;13;8.9;334.9775774;87;88.1;6.52;96.69;10.64718603234451
2021;10;27;14;9.2;73.61553059;121;88.1;6.82;96.67;10.649769525451333
2021;10;27;15;9.0;234.3827983;58;85.9;6.18;96.63;10.652350592185046
2021;10;27;16;8.6;1000.0;7;88.0;6.2;96.62;10.654929231217787
2021;10;27;17;6.2;0.0;0;94.8;5.16;96.62;10.657505441222952
2021;10;27;18;4.9;0.0;0;97.7;4.44;96.62;10.660079220875181
2021;10;27;19;4.1;0.0;0;96.4;3.38;96.63;10.66265056885037
2021;10;27;20;5.8;0.0;0;98.3;5.46;96.64;10.665219483825663
2021;10;27;21;5.8;0.0;0;98.4;5.48;96.63;10.667785964479457
2021;10;27;22;5.5;0.0;0;98.4;5.18;96.63;10.6703500094914
2021;10;27;23;5.2;0.0;0;98.2;4.84;96.58;10.672911617542391
2021;10;28;0;4.8;0.0;0;98.5;4.5;96.56;10.675470787314591
2021;10;28;1;4.1;0.0;0;100.0;4.1;96.57;10.678027517491408
2021;10;28;2;3.4;0.0;0;100.0;3.4;96.57;10.680581806757505
2021;10;28;3;3.9;0.0;0;97.6;3.42;96.52;10.683133653798807
2021;10;28;4;4.4;0.0;0;97.6;3.92;96.53;10.685683057302484
2021;10;28;5;4.9;0.0;0;97.4;4.38;96.52;10.688230015956975
2021;10;28;6;5.1;0.0;0;97.5;4.6;96.5;10.690774528451971
2021;10;28;7;5.4;0.0;46;97.3;4.86;96.49;10.693316593478425
2021;10;28;8;5.8;0.0;94;97.5;5.3;96.53;10.695856209728543
2021;10;28;9;6.7;0.0;114;93.0;5.3;96.48;10.698393375895794
2021;10;28;10;7.4;175.1215171;125;88.4;5.08;96.45;10.70092809067491
2021;10;28;11;8.7;279.6822857;210;86.0;5.9;96.41;10.703460352761883
2021;10;28;12;9.9;586.2211544;193;77.1;5.32;96.33;10.705990160853963
2021;10;28;13;10.9;754.4385028;100;73.9;5.68;96.25;10.708517513649666
2021;10;28;14;10.7;771.0267777;100;76.9;6.08;96.18;10.711042409848767
2021;10;28;15;10.7;577.8176094;78;78.4;6.38;96.13;10.713564848152316
2021;10;28;16;9.3;1000.0;6;84.3;6.16;96.12;10.716084827262616
2021;10;28;17;7.4;0.0;0;93.3;6.06;96.11;10.718602345883237
2021;10;28;18;5.2;0.0;0;96.0;4.4;96.11;10.721117402719017
2021;10;28;19;5.4;0.0;0;96.2;4.64;96.11;10.723629996476062
2021;10;28;20;4.5;0.0;0;97.4;3.98;96.08;10.726140125861743
2021;10;28;21;4.2;0.0;0;97.3;3.66;96.07;10.7286477895847
2021;10;28;22;4.5;0.0;0;97.1;3.92;96.03;10.73115298635484
2021;10;28;23;3.6;0.0;0;96.0;2.8;95.98;10.733655714883337
2021;10;29;0;5.1;0.0;0;98.0;4.7;95.96;10.736155973882642
2021;10;29;1;3.7;0.0;0;97.4;3.18;95.95;10.73865376206647
2021;10;29;2;2.6;0.0;0;98.2;2.24;95.91;10.741149078149807
2021;10;29;3;3.1;0.0;0;97.1;2.52;95.87;10.743641920848917
2021;10;29;4;4.0;0.0;0;96.0;3.2;95.83;10.746132288881327
2021;10;29;5;4.2;0.0;0;98.9;3.98;95.79;10.74862018096585
2021;10;29;6;3.8;0.0;0;97.7;3.34;95.79;10.75110559582256
2021;10;29;7;4.1;0.0;61;97.4;3.58;95.82;10.753588532172813
2021;10;29;8;4.7;0.0;107;97.8;4.26;95.85;10.756068988739237
2021;10;29;9;4.5;0.0;150;98.0;4.1;95.87;10.758546964245735
2021;10;29;10;6.0;93.96314434;164;96.5;5.3;95.83;10.761022457417493
2021;10;29;11;8.0;371.9624488;181;90.0;6.0;95.77;10.763495466980963
2021;10;29;12;9.1;613.1500013;190;81.8;5.46;95.67;10.765965991663887
2021;10;29;13;10.5;735.1366553;143;75.1;5.52;95.6;10.768434030195273
2021;10;29;14;11.7;879.5905157;78;71.6;6.02;95.53;10.77089958130542
2021;10;29;15;11.3;536.484422;51;73.1;5.92;95.55;10.773362643725898
2021;10;29;16;10.2;1000.0;0;82.3;6.66;95.53;10.77582321618956
2021;10;29;17;7.8;0.0;0;93.7;6.54;95.54;10.778281297430539
2021;10;29;18;6.8;0.0;0;94.6;5.72;95.61;10.78073688618425
2021;10;29;19;5.8;0.0;0;96.8;5.16;95.64;10.783189981187396
2021;10;29;20;5.2;0.0;0;97.4;4.68;95.62;10.785640581177958
2021;10;29;21;4.6;0.0;0;97.2;4.04;95.59;10.788088684895197
2021;10;29;22;3.8;0.0;0;98.2;3.44;95.56;10.790534291079661
2021;10;29;23;3.7;0.0;0;98.8;3.46;95.51;10.792977398473184
2021;10;30;0;2.7;0.0;0;97.4;2.18;95.48;10.795418005818892
2021;10;30;1;4.2;0.0;0;95.7;3.34;95.42;10.797856111861183
2021;10;30;2;4.7;0.0;0;100.0;4.7;95.33;10.800291715345752
2021;10;30;3;3.3;0.0;0;99.4;3.18;95.27;10.80272481501958
2021;10;30;4;4.2;0.0;0;100.0;4.2;95.19;10.805155409630931
2021;10;30;5;4.5;0.0;0;98.8;4.26;95.09;10.807583497929368
2021;10;30;6;4.5;0.0;0;99.2;4.34;95.03;10.810009078665729
2021;10;30;7;4.9;0.0;53;96.3;4.16;95.04;10.812432150592157
2021;10;30;8;5.3;0.0;101;95.7;4.44;95.08;10.814852712462073
2021;10;30;9;5.3;0.0;86;95.8;4.46;95.09;10.817270763030198
2021;10;30;10;6.1;0.0;91;96.4;5.38;95.09;10.819686301052542
2021;10;30;11;6.8;10.26667498;87;93.5;5.5;95.15;10.822099325286409
2021;10;30;12;7.6;67.20928623;92;92.0;6.0;95.13;10.824509834490394
2021;10;30;13;8.5;130.6989907;97;90.8;6.66;95.13;10.826917827424381
2021;10;30;14;8.8;147.7627181;61;92.0;7.2;95.12;10.829323302849565
2021;10;30;15;9.5;20.53896455;74;91.5;7.8;95.18;10.831726259528416
2021;10;30;16;8.9;685.3916258;0;95.3;7.96;95.26;10.834126696224716
2021;10;30;17;8.8;0.0;0;97.7;8.34;95.34;10.836524611703535
2021;10;30;18;8.8;0.0;0;98.2;8.44;95.4;10.838920004731236
2021;10;30;19;8.9;0.0;0;97.9;8.48;95.47;10.841312874075493
2021;10;30;20;8.9;0.0;0;97.5;8.4;95.48;10.843703218505265
2021;10;30;21;9.1;0.0;0;96.2;8.34;95.55;10.84609103679082
2021;10;30;22;8.9;0.0;0;96.8;8.26;95.59;10.848476327703718
2021;10;30;23;9.2;0.0;0;97.2;8.64;95.61;10.850859090016822
2021;10;31;0;9.0;0.0;0;97.8;8.56;95.63;10.853239322504303
2021;10;31;1;9.1;0.0;0;98.3;8.76;95.64;10.855617023941619
2021;10;31;2;9.1;0.0;0;98.5;8.8;95.61;10.857992193105545
2021;10;31;3;8.4;0.0;0;99.8;8.36;95.55;10.860364828774145
2021;10;31;4;8.4;0.0;0;100.0;8.4;95.49;10.862734929726795
2021;10;31;5;8.1;0.0;0;99.9;8.08;95.44;10.865102494744177
2021;10;31;6;7.4;0.0;0;99.9;7.38;95.43;10.86746752260827
2021;10;31;7;7.4;0.0;58;98.8;7.16;95.42;10.869830012102366
2021;10;31;8;8.0;0.0;110;97.0;7.4;95.41;10.872189962011054
2021;10;31;9;9.9;129.4023852;180;92.3;8.36;95.34;10.874547371120237
2021;10;31;10;11.0;301.4163854;204;89.6;8.92;95.28;10.876902238217124
2021;10;31;11;12.5;653.4221966;166;81.9;8.88;95.19;10.879254562090228
2021;10;31;12;14.2;630.3390617;166;78.5;9.9;95.11;10.881604341529371
2021;10;31;13;15.4;663.5959622;192;68.6;9.12;95.06;10.883951575325689
2021;10;31;14;14.7;568.643476;140;82.1;11.12;95.02;10.886296262271625
2021;10;31;15;14.4;820.4719137;53;82.3;10.86;95.02;10.888638401160929
2021;10;31;16;13.4;1000.0;0;86.3;10.66;94.99;10.890977990788668
2021;10;31;17;10.9;0.0;0;96.3;10.16;94.98;10.893315029951214
2021;10;31;18;9.8;0.0;0;97.8;9.36;95.01;10.895649517446252
2021;10;31;19;9.6;0.0;0;97.0;9.0;94.99;10.897981452072788
2021;10;31;20;10.4;0.0;0;92.8;8.96;94.94;10.900310832631131
2021;10;31;21;10.3;0.0;0;93.5;9.0;94.93;10.902637657922911
2021;10;31;22;10.4;0.0;0;94.5;9.3;94.88;10.904961926751067
2021;10;31;23;10.9;0.0;0;91.1;9.12;94.85;10.907283637919857
2021;11;1;0;9.4;0.0;0;96.8;8.76;94.87;10.909602790234853
2021;11;1;1;10.4;0.0;0;96.9;9.78;94.84;10.911919382502948
2021;11;1;2;12.5;0.0;0;93.9;11.28;94.83;10.91423341353234
2021;11;1;3;11.4;0.0;0;95.8;10.56;94.86;10.916544882132563
2021;11;1;4;11.1;0.0;0;92.5;9.6;94.88;10.918853787114447
2021;11;1;5;10.3;0.0;0;91.0;8.5;94.95;10.921160127290165
2021;11;1;6;9.6;0.0;0;91.6;7.92;95.02;10.923463901473195
2021;11;1;7;8.8;0.0;53;93.6;7.52;95.12;10.925765108478332
2021;11;1;8;9.6;0.0;68;74.9;4.58;95.06;10.9280637471217
2021;11;1;9;8.6;0.0;174;93.6;7.32;95.08;10.930359816220744
2021;11;1;10;9.1;0.0;209;90.2;7.14;95.07;10.932653314594226
2021;11;1;11;9.4;0.0;233;88.4;7.08;95.03;10.934944241062237
2021;11;1;12;10.3;0.0;220;83.2;6.94;94.94;10.937232594446183
2021;11;1;13;10.8;216.503888;189;82.1;7.22;94.89;10.939518373568799
2021;11;1;14;11.2;285.4010725;122;80.0;7.2;94.84;10.941801577254143
2021;11;1;15;11.1;301.729162;66;75.8;6.26;94.83;10.9440822043276
2021;11;1;16;10.1;0.0;0;79.7;6.04;94.83;10.946360253615879
2021;11;1;17;9.1;0.0;0;83.3;5.76;94.89;10.948635723947014
2021;11;1;18;9.0;0.0;0;88.2;6.64;94.91;10.95090861415036
2021;11;1;19;8.8;0.0;0;84.2;5.64;94.94;10.953178923056619
2021;11;1;20;8.2;0.0;0;91.4;6.48;94.95;10.955446649497803
2021;11;1;21;7.6;0.0;0;92.8;6.16;94.92;10.957711792307256
2021;11;1;22;7.9;0.0;0;93.1;6.52;94.9;10.959974350319651
2021;11;1;23;7.3;0.0;0;91.0;5.5;94.86;10.962234322370998
2021;11;2;0;6.9;0.0;0;86.9;4.28;94.83;10.96449170729863
2021;11;2;1;6.2;0.0;0;88.6;3.92;94.8;10.966746503941213
2021;11;2;2;6.3;0.0;0;89.0;4.1;94.74;10.968998711138742
2021;11;2;3;6.4;0.0;0;90.3;4.46;94.68;10.971248327732551
2021;11;2;4;6.5;0.0;0;91.0;4.7;94.67;10.973495352565301
2021;11;2;5;6.6;0.0;0;94.0;5.4;94.69;10.975739784480986
2021;11;2;6;7.2;0.0;0;85.1;4.22;94.7;10.977981622324938
2021;11;2;7;7.6;19.27770529;9;83.6;4.32;94.76;10.98022086494382
2021;11;2;8;7.8;0.0;120;80.9;3.98;94.82;10.982457511185629
2021;11;2;9;9.5;276.5746713;169;74.4;4.38;94.83;10.984691559899709
2021;11;2;10;8.9;207.6369637;217;79.4;4.78;94.84;10.986923009936724
2021;11;2;11;6.7;0.0;215;86.8;4.06;94.88;10.989151860148684
2021;11;2;12;7.4;0.0;206;84.0;4.2;94.87;10.991378109388933
2021;11;2;13;10.3;691.6008108;169;72.6;4.82;94.82;10.993601756512161
2021;11;2;14;10.8;354.0338773;132;64.3;3.66;94.8;10.995822800374388
2021;11;2;15;10.1;1000.0;45;64.2;2.94;94.77;10.998041239832975
2021;11;2;16;8.4;0.0;0;73.7;3.14;94.74;11.000257073746624
2021;11;2;17;7.1;0.0;0;79.5;3.0;94.72;11.002470300975379
2021;11;2;18;5.8;0.0;0;83.3;2.46;94.71;11.00468092038062
2021;11;2;19;4.0;0.0;0;91.4;2.28;94.69;11.006888930825076
2021;11;2;20;3.7;0.0;0;93.5;2.4;94.65;11.009094331172811
2021;11;2;21;4.9;0.0;0;90.3;2.96;94.67;11.011297120289237
2021;11;2;22;4.8;0.0;0;93.8;3.56;94.6;11.013497297041107
2021;11;2;23;4.9;0.0;0;95.5;4.0;94.58;11.015694860296517
2021;11;3;0;5.2;0.0;0;95.9;4.38;94.57;11.01788980892491
2021;11;3;1;5.0;0.0;0;96.2;4.24;94.51;11.020082141797072
2021;11;3;2;4.5;0.0;0;97.4;3.98;94.4;11.022271857785139
2021;11;3;3;3.3;0.0;0;100.0;3.3;94.35;11.024458955762588
2021;11;3;4;3.7;0.0;0;98.2;3.34;94.32;11.026643434604246
2021;11;3;5;3.7;0.0;0;97.6;3.22;94.32;11.028825293186282
2021;11;3;6;3.8;0.0;0;96.4;3.08;94.31;11.031004530386221
2021;11;3;7;4.6;0.0;32;94.9;3.58;94.34;11.033181145082935
2021;11;3;8;5.3;0.0;60;93.6;4.02;94.43;11.035355136156637
2021;11;3;9;5.7;0.0;69;94.6;4.62;94.47;11.0375265024889
2021;11;3;10;6.1;0.0;106;92.3;4.56;94.5;11.039695242962644
2021;11;3;11;6.5;0.0;215;89.1;4.32;94.49;11.041861356462135
2021;11;3;12;6.7;0.0;212;85.4;3.78;94.45;11.044024841872996
2021;11;3;13;6.8;0.0;175;86.6;4.12;94.43;11.046185698082201
2021;11;3;14;6.7;0.0;129;87.6;4.22;94.4;11.048343923978075
2021;11;3;15;7.1;0.0;58;85.2;4.14;94.43;11.050499518450302
2021;11;3;16;7.4;0.0;0;82.1;3.82;94.45;11.052652480389913
2021;11;3;17;6.8;0.0;0;85.5;3.9;94.5;11.054802808689294
2021;11;3;18;6.1;0.0;0;86.5;3.4;94.53;11.056950502242188
2021;11;3;19;5.9;0.0;0;87.2;3.34;94.55;11.059095559943692
2021;11;3;20;6.0;0.0;0;87.2;3.44;94.61;11.061237980690262
2021;11;3;21;6.3;0.0;0;81.1;2.52;94.64;11.063377763379705
2021;11;3;22;6.0;0.0;0;80.9;2.18;94.68;11.065514906911194
2021;11;3;23;5.6;0.0;0;80.2;1.64;94.68;11.067649410185249
2021;11;4;0;4.9;0.0;0;79.9;0.88;94.69;11.069781272103755
2021;11;4;1;4.6;0.0;0;86.4;1.88;94.74;11.071910491569959
2021;11;4;2;4.8;0.0;0;87.1;2.22;94.77;11.074037067488456
2021;11;4;3;4.7;0.0;0;85.0;1.7;94.82;11.07616099876521
2021;11;4;4;4.0;0.0;0;82.3;0.46;94.85;11.078282284307546
2021;11;4;5;3.1;0.0;0;88.7;0.84;94.93;11.080400923024149
2021;11;4;6;3.2;0.0;0;84.7;0.14;94.98;11.082516913825064
2021;11;4;7;3.9;0.0;34;80.5;0.0;95.06;11.084630255621693
2021;11;4;8;4.7;0.0;62;79.1;0.52;95.16;11.086740947326813
2021;11;4;9;5.0;0.0;167;82.4;1.48;95.23;11.088848987854556
2021;11;4;10;5.2;0.0;125;82.5;1.7;95.32;11.090954376120418
2021;11;4;11;6.0;209.6127348;92;80.0;2.0;95.37;11.093057111041261
2021;11;4;12;6.3;380.6122099;87;79.0;2.1;95.4;11.095157191535314
2021;11;4;13;6.3;209.0918212;70;76.0;1.5;95.43;11.097254616522171
2021;11;4;14;6.0;503.8924087;51;73.5;0.7;95.47;11.099349384922789
2021;11;4;15;6.1;730.5038463;45;80.4;2.18;95.5;11.101441495659493
2021;11;4;16;5.8;0.0;0;81.7;2.14;95.55;11.103530947655976
2021;11;4;17;5.0;0.0;0;82.5;1.5;95.62;11.1056177398373
2021;11;4;18;4.5;0.0;0;83.3;1.16;95.7;11.107701871129894
2021;11;4;19;5.0;0.0;0;82.7;1.54;95.76;11.109783340461554
2021;11;4;20;4.6;0.0;0;86.1;1.82;95.8;11.111862146761451
2021;11;4;21;4.9;0.0;0;85.1;1.92;95.87;11.113938288960123
2021;11;4;22;4.9;0.0;0;85.2;1.94;95.9;11.116011765989477
2021;11;4;23;5.1;0.0;0;83.6;1.82;95.92;11.11808257678279
2021;11;5;0;5.4;0.0;0;78.8;1.16;95.97;11.120150720274713
2021;11;5;1;5.0;0.0;0;82.6;1.52;95.98;11.122216195401272
2021;11;5;2;5.2;0.0;0;82.5;1.7;96.01;11.124279001099863
2021;11;5;3;5.0;0.0;0;85.0;2.0;96.03;11.126339136309252
2021;11;5;4;4.9;0.0;0;85.8;2.06;96.09;11.128396599969586
2021;11;5;5;4.1;0.0;0;93.1;2.72;96.14;11.13045139102238
2021;11;5;6;3.8;0.0;0;91.2;2.04;96.18;11.132503508410522
2021;11;5;7;3.7;43.95659208;10;92.4;2.18;96.26;11.13455295107829
2021;11;5;8;5.7;341.7382168;67;85.1;2.72;96.35;11.13659971797132
2021;11;5;9;7.2;649.9577768;67;71.1;1.42;96.41;11.138643808036637
2021;11;5;10;8.2;459.7952726;201;64.5;1.1;96.45;11.140685220222636
2021;11;5;11;8.6;665.8715134;156;63.8;1.36;96.47;11.142723953479095
2021;11;5;12;9.3;373.4097172;200;61.9;1.68;96.48;11.144760006757165
2021;11;5;13;8.6;109.5862818;155;66.7;1.94;96.5;11.146793379009381
2021;11;5;14;9.0;524.8213548;115;60.6;1.12;96.52;11.14882406918965
2021;11;5;15;8.7;1000.0;34;62.2;1.14;96.57;11.150852076253269
2021;11;5;16;7.9;0.0;0;71.3;2.16;96.62;11.152877399156907
2021;11;5;17;6.0;0.0;0;79.9;1.98;96.68;11.154900036858615
2021;11;5;18;4.1;0.0;0;90.2;2.14;96.75;11.15691998831783
2021;11;5;19;4.6;0.0;0;83.7;1.34;96.78;11.158937252495365
2021;11;5;20;2.8;0.0;0;94.1;1.62;96.83;11.160951828353419
2021;11;5;21;3.4;0.0;0;90.0;1.4;96.89;11.162963714855577
2021;11;5;22;2.8;0.0;0;91.4;1.08;96.92;11.164972910966803
2021;11;5;23;3.3;0.0;0;88.7;1.04;96.92;11.16697941565344
2021;11;6;0;2.0;0.0;0;94.0;0.8;96.93;11.168983227883231
2021;11;6;1;1.2;0.0;0;96.3;0.46;96.96;11.170984346625293
2021;11;6;2;3.4;0.0;0;90.0;1.4;96.96;11.172982770850126
2021;11;6;3;2.5;0.0;0;93.7;1.24;96.95;11.174978499529626
2021;11;6;4;2.0;0.0;0;92.9;0.58;96.95;11.176971531637065
2021;11;6;5;1.3;0.0;0;95.7;0.44;96.97;11.178961866147112
2021;11;6;6;2.2;0.0;0;93.6;0.92;96.99;11.180949502035823
2021;11;6;7;2.3;0.0;43;94.4;1.18;97.05;11.182934438280633
2021;11;6;8;3.4;0.0;109;89.7;1.34;97.1;11.184916673860371
2021;11;6;9;4.5;37.8830435;150;80.5;0.6;97.11;11.186896207755261
2021;11;6;10;4.9;252.704743;188;81.1;1.12;97.1;11.188873038946912
2021;11;6;11;6.4;304.3759458;203;72.9;0.98;97.07;11.19084716641832
2021;11;6;12;7.9;643.8947217;198;70.2;1.94;97.0;11.19281858915388
2021;11;6;13;8.3;732.170531;147;64.7;1.24;96.97;11.194787306139373
2021;11;6;14;8.5;508.674161;121;62.4;0.98;96.93;11.196753316361969
2021;11;6;15;8.0;974.5549234;48;61.9;0.38;96.9;11.198716618810241
2021;11;6;16;6.9;0.0;0;64.1;-0.28;96.91;11.200677212474144
2021;11;6;17;3.8;0.0;0;80.8;-0.04;96.9;11.202635096345034
2021;11;6;18;3.0;0.0;0;84.7;-0.06;96.9;11.204590269415656
2021;11;6;19;2.7;0.0;0;86.7;0.04;96.88;11.206542730680153
2021;11;6;20;1.1;0.0;0;93.3;-0.24;96.88;11.208492479134062
2021;11;6;21;0.1;0.0;0;95.0;-0.9;96.86;11.210439513774316
2021;11;6;22;-0.1;0.0;0;95.7;-0.96;96.86;11.212383833599244
2021;11;6;23;-0.7;0.0;0;97.2;-1.26;96.84;11.214325437608572
2021;11;7;0;-0.8;0.0;0;96.8;-1.44;96.87;11.216264324803417
2021;11;7;1;-0.5;0.0;0;94.0;-1.7;96.85;11.218200494186307
2021;11;7;2;-1.1;0.0;0;96.2;-1.86;96.87;11.220133944761159
2021;11;7;3;-1.5;0.0;0;97.7;-1.96;96.82;11.222064675533286
2021;11;7;4;-1.3;0.0;0;93.5;-2.6;96.73;11.223992685509405
2021;11;7;5;-2.0;0.0;0;96.8;-2.64;96.69;11.225917973697639
2021;11;7;6;-0.7;0.0;0;93.3;-2.04;96.72;11.227840539107499
2021;11;7;7;0.6;0.0;40;94.7;-0.46;96.75;11.229760380749902
2021;11;7;8;0.0;0.0;108;95.7;-0.86;96.72;11.23167749763717
2021;11;7;9;1.5;324.8251304;152;94.8;0.46;96.68;11.233591888783021
2021;11;7;10;3.2;515.8284607;153;88.1;0.82;96.63;11.235503553202575
2021;11;7;11;5.2;793.2586847;77;83.0;1.8;96.57;11.237412489912362
2021;11;7;12;6.5;712.2100278;155;77.8;2.06;96.47;11.239318697930308
2021;11;7;13;6.5;722.3590917;95;82.6;3.02;96.41;11.241222176275745
2021;11;7;14;7.4;730.9210724;69;79.1;3.22;96.37;11.243122923969409
2021;11;7;15;8.1;961.5335603;40;76.0;3.3;96.35;11.245020940033447
2021;11;7;16;7.8;0.0;0;77.7;3.34;96.36;11.246916223491402
2021;11;7;17;5.4;0.0;0;92.4;3.88;96.35;11.248808773368227
2021;11;7;18;3.9;0.0;0;95.6;3.02;96.37;11.250698588690277
2021;11;7;19;2.8;0.0;0;97.7;2.34;96.39;11.252585668485327
2021;11;7;20;4.2;0.0;0;93.2;2.84;96.37;11.254470011782544
2021;11;7;21;4.7;0.0;0;92.2;3.14;96.36;11.25635161761251
2021;11;7;22;4.6;0.0;0;91.3;2.86;96.32;11.258230485007214
2021;11;7;23;5.2;0.0;0;88.6;2.92;96.28;11.260106613000055
2021;11;8;0;5.2;0.0;0;90.6;3.32;96.32;11.26198000062584
2021;11;8;1;5.0;0.0;0;91.0;3.2;96.32;11.263850646920785
2021;11;8;2;5.2;0.0;0;91.9;3.58;96.31;11.26571855092252
2021;11;8;3;4.6;0.0;0;94.8;3.56;96.24;11.267583711670081
2021;11;8;4;4.7;0.0;0;94.7;3.64;96.3;11.269446128203917
2021;11;8;5;4.3;0.0;0;94.9;3.28;96.26;11.271305799565894
2021;11;8;6;2.7;0.0;0;97.4;2.18;96.27;11.273162724799281
2021;11;8;7;4.2;0.0;38;93.2;2.84;96.28;11.275016902948767
2021;11;8;8;5.7;0.0;83;86.0;2.9;96.3;11.276868333060452
2021;11;8;9;7.0;583.5454163;57;83.1;3.62;96.3;11.278717014181847
2021;11;8;10;7.2;209.5932555;72;77.0;2.6;96.28;11.280562945361883
2021;11;8;11;7.8;299.3917769;90;65.8;0.96;96.25;11.282406125650901
2021;11;8;12;8.3;276.756198;100;63.9;1.08;96.26;11.284246554100658
2021;11;8;13;8.2;234.7534102;122;66.7;1.54;96.24;11.286084229764327
2021;11;8;14;8.1;305.7764383;50;67.4;1.58;96.23;11.2879191516965
2021;11;8;15;8.0;307.2246129;34;68.2;1.64;96.27;11.28975131895318
2021;11;8;16;7.6;0.0;0;69.8;1.56;96.29;11.291580730591793
2021;11;8;17;6.8;0.0;0;72.2;1.24;96.34;11.29340738567118
2021;11;8;18;6.4;0.0;0;72.2;0.84;96.4;11.2952312832516
2021;11;8;19;4.8;0.0;0;82.2;1.24;96.4;11.297052422394728
2021;11;8;20;4.6;0.0;0;82.1;1.02;96.42;11.298870802163666
2021;11;8;21;4.2;0.0;0;81.1;0.42;96.44;11.300686421622927
2021;11;8;22;3.4;0.0;0;82.9;-0.02;96.44;11.30249927983845
2021;11;8;23;1.0;0.0;0;93.6;-0.28;96.44;11.304309375877587
2021;11;9;0;0.3;0.0;0;95.4;-0.62;96.42;11.306116708809125
2021;11;9;1;0.6;0.0;0;94.1;-0.58;96.43;11.307921277703258
2021;11;9;2;0.2;0.0;0;94.9;-0.82;96.46;11.309723081631608
2021;11;9;3;-0.9;0.0;0;96.5;-1.6;96.48;11.31152211966722
2021;11;9;4;1.3;0.0;0;90.6;-0.58;96.5;11.313318390884561
2021;11;9;5;1.1;0.0;0;93.2;-0.26;96.52;11.315111894359521
2021;11;9;6;2.9;0.0;0;87.1;0.32;96.52;11.316902629169416
2021;11;9;7;2.5;0.0;36;88.9;0.28;96.57;11.318690594392983
2021;11;9;8;3.1;0.0;87;87.9;0.68;96.61;11.320475789110386
2021;11;9;9;3.7;0.0;98;85.3;0.76;96.6;11.322258212403213
2021;11;9;10;4.2;0.0;164;83.3;0.86;96.63;11.32403786335448
2021;11;9;11;4.6;0.0;185;78.3;0.26;96.64;11.325814741048632
2021;11;9;12;4.9;0.0;188;74.9;-0.12;96.62;11.32758884457153
2021;11;9;13;5.1;0.0;147;73.1;-0.28;96.56;11.329360173010468
2021;11;9;14;5.6;199.6757832;96;70.6;-0.28;96.57;11.331128725454178
2021;11;9;15;5.4;892.333938;50;70.7;-0.46;96.58;11.332894500992804
2021;11;9;16;4.0;0.0;0;80.3;0.06;96.62;11.334657498717924
2021;11;9;17;3.5;0.0;0;81.8;-0.14;96.7;11.33641771772255
2021;11;9;18;2.0;0.0;0;87.6;-0.48;96.75;11.33817515710112
2021;11;9;19;2.0;0.0;0;87.4;-0.52;96.76;11.3399298159495
2021;11;9;20;0.5;0.0;0;91.8;-1.14;96.76;11.34168169336499
2021;11;9;21;-0.2;0.0;0;93.2;-1.56;96.79;11.343430788446316
2021;11;9;22;0.2;0.0;0;95.2;-0.76;96.78;11.345177100293643
2021;11;9;23;0.4;0.0;0;95.3;-0.54;96.8;11.346920628008561
2021;11;10;0;0.1;0.0;0;96.2;-0.66;96.87;11.348661370694096
2021;11;10;1;-0.2;0.0;0;95.6;-1.08;96.8;11.350399327454706
2021;11;10;2;-0.1;0.0;0;94.8;-1.14;96.73;11.352134497396282
2021;11;10;3;0.3;0.0;0;94.1;-0.88;96.68;11.353866879626148
2021;11;10;4;-0.1;0.0;0;94.2;-1.26;96.65;11.355596473253062
2021;11;10;5;-0.5;0.0;0;97.8;-0.94;96.63;11.35732327738722
2021;11;10;6;0.0;0.0;0;96.2;-0.76;96.6;11.359047291140246
2021;11;10;7;-0.4;0.0;30;97.3;-0.94;96.6;11.360768513625212
2021;11;10;8;0.8;0.0;80;93.6;-0.48;96.65;11.362486943956611
2021;11;10;9;2.4;39.95950902;116;91.3;0.66;96.62;11.364202581250382
2021;11;10;10;4.1;440.9851551;73;85.4;1.18;96.61;11.3659154246239
2021;11;10;11;4.9;229.7159763;101;84.3;1.76;96.6;11.367625473195972
2021;11;10;12;5.5;393.0797651;0;83.6;2.22;96.61;11.36933272608685
2021;11;10;13;5.9;118.7028445;129;78.9;1.68;96.55;11.37103718241822
2021;11;10;14;6.6;217.01542;71;78.9;2.38;96.5;11.372738841313204
2021;11;10;15;6.3;275.7635783;37;82.7;2.84;96.48;11.374437701896372
2021;11;10;16;5.9;0.0;0;86.1;3.12;96.49;11.37613376329373
2021;11;10;17;4.0;0.0;0;93.4;2.68;96.49;11.377827024632715
2021;11;10;18;2.6;0.0;0;97.2;2.04;96.5;11.379517485042218
2021;11;10;19;2.8;0.0;0;95.7;1.94;96.53;11.381205143652561
2021;11;10;20;2.2;0.0;0;97.2;1.64;96.53;11.382889999595514
2021;11;10;21;1.7;0.0;0;96.8;1.06;96.54;11.384572052004287
2021;11;10;22;1.7;0.0;0;98.7;1.44;96.5;11.38625130001353
2021;11;10;23;1.3;0.0;0;96.4;0.58;96.47;11.387927742759336
2021;11;11;0;0.5;0.0;0;98.9;0.28;96.49;11.389601379379243
2021;11;11;1;-0.1;0.0;0;98.2;-0.46;96.45;11.391272209012236
2021;11;11;2;1.3;0.0;0;94.8;0.26;96.46;11.392940230798736
2021;11;11;3;0.2;0.0;0;97.2;-0.36;96.53;11.394605443880613
2021;11;11;4;0.5;0.0;0;95.6;-0.38;96.51;11.39626784740118
2021;11;11;5;0.4;0.0;0;96.0;-0.4;96.58;11.397927440505203
2021;11;11;6;1.2;0.0;0;97.3;0.66;96.58;11.399584222338884
2021;11;11;7;1.0;0.0;31;98.3;0.66;96.6;11.401238192049876
2021;11;11;8;1.8;0.0;91;99.6;1.72;96.64;11.402889348787276
2021;11;11;9;3.2;0.0;123;100.0;3.2;96.64;11.404537691701634
2021;11;11;10;3.3;0.0;151;100.0;3.3;96.69;11.40618321994494
2021;11;11;11;3.7;153.1467964;79;97.7;3.24;96.63;11.40782593267064
2021;11;11;12;4.7;275.8037702;100;96.0;3.9;96.6;11.40946582903362
2021;11;11;13;6.6;872.9458309;35;89.1;4.42;96.52;11.41110290819022
2021;11;11;14;7.4;847.4146095;53;86.2;4.64;96.47;11.41273716929823
2021;11;11;15;6.8;813.5375638;44;89.6;4.72;96.49;11.414368611516888
2021;11;11;16;5.9;0.0;0;93.3;4.56;96.49;11.41599723400688
2021;11;11;17;4.3;0.0;0;96.8;3.66;96.5;11.417623035930351
2021;11;11;18;4.1;0.0;0;98.5;3.8;96.53;11.41924601645088
2021;11;11;19;3.4;0.0;0;99.1;3.22;96.52;11.420866174733522
2021;11;11;20;2.5;0.0;0;99.8;2.46;96.48;11.422483509944762
2021;11;11;21;1.9;0.0;0;100.0;1.9;96.49;11.424098021252547
2021;11;11;22;1.9;0.0;0;99.5;1.8;96.47;11.425709707826279
2021;11;11;23;0.9;0.0;0;99.1;0.72;96.41;11.427318568836807
2021;11;12;0;0.7;0.0;0;98.3;0.36;96.38;11.428924603456437
2021;11;12;1;0.9;0.0;0;100.0;0.9;96.38;11.43052781085893
2021;11;12;2;1.7;0.0;0;99.8;1.66;96.31;11.432128190219498
2021;11;12;3;2.5;0.0;0;100.0;2.5;96.28;11.433725740714813
2021;11;12;4;1.1;0.0;0;100.0;1.1;96.27;11.435320461522998
2021;11;12;5;1.9;0.0;0;100.0;1.9;96.26;11.436912351823631
2021;11;12;6;1.1;0.0;0;100.0;1.1;96.28;11.438501410797752
2021;11;12;7;1.6;0.0;32;99.9;1.58;96.27;11.440087637627851
2021;11;12;8;2.0;0.0;89;99.6;1.92;96.29;11.441671031497878
2021;11;12;9;2.7;123.1544234;43;100.0;2.7;96.24;11.44325159159324
2021;11;12;10;3.1;33.1085362;115;98.8;2.86;96.22;11.444829317100805
2021;11;12;11;3.5;0.0;184;100.0;3.5;96.16;11.446404207208897
2021;11;12;12;3.6;0.0;174;99.5;3.5;96.1;11.447976261107293
2021;11;12;13;4.2;38.61402016;142;99.4;4.08;96.05;11.44954547798724
2021;11;12;14;3.8;3.720183172;107;100.0;3.8;96.03;11.451111857041436
2021;11;12;15;4.0;56.531748;46;100.0;4.0;95.99;11.452675397464045
2021;11;12;16;3.9;0.0;0;100.0;3.9;96.0;11.454236098450682
2021;11;12;17;3.4;0.0;0;100.0;3.4;96.03;11.455793959198434
2021;11;12;18;3.2;0.0;0;100.0;3.2;96.06;11.457348978905845
2021;11;12;19;3.2;0.0;0;100.0;3.2;96.09;11.458901156772914
2021;11;12;20;3.4;0.0;0;99.1;3.22;96.1;11.460450492001113
2021;11;12;21;2.5;0.0;0;99.8;2.46;96.14;11.46199698379337
2021;11;12;22;3.1;0.0;0;100.0;3.1;96.15;11.463540631354075
2021;11;12;23;3.5;0.0;0;99.3;3.36;96.15;11.465081433889084
2021;11;13;0;3.6;0.0;0;98.8;3.36;96.15;11.466619390605718
2021;11;13;1;3.8;0.0;0;98.1;3.42;96.1;11.468154500712757
2021;11;13;2;4.5;0.0;0;99.0;4.3;96.06;11.469686763420453
2021;11;13;3;3.9;0.0;0;98.1;3.52;96.02;11.471216177940516
2021;11;13;4;5.3;0.0;0;96.3;4.56;96.03;11.47274274348612
2021;11;13;5;5.2;0.0;0;97.0;4.6;96.07;11.474266459271913
2021;11;13;6;5.1;0.0;0;96.8;4.46;96.07;11.475787324514004
2021;11;13;7;5.0;0.0;31;98.0;4.6;96.1;11.477305338429966
2021;11;13;8;5.2;0.0;98;97.2;4.64;96.13;11.478820500238843
2021;11;13;9;6.7;0.0;130;93.7;5.44;96.07;11.480332809161148
2021;11;13;10;8.9;136.4668489;144;80.6;5.02;96.06;11.481842264418853
2021;11;13;11;9.4;262.759029;63;79.6;5.32;96.03;11.48334886523541
2021;11;13;12;9.8;0.0;108;71.0;4.0;95.97;11.484852610835727
2021;11;13;13;10.2;33.45984289;70;69.5;4.1;95.92;11.48635350044619
2021;11;13;14;10.2;222.5488358;38;69.4;4.08;95.9;11.487851533294656
2021;11;13;15;10.3;115.8720853;36;73.8;5.06;95.88;11.489346708610439
2021;11;13;16;9.8;0.0;0;75.2;4.84;95.86;11.490839025624338
2021;11;13;17;9.3;0.0;0;78.6;5.02;95.9;11.492328483568613
2021;11;13;18;8.7;0.0;0;86.0;5.9;95.93;11.493815081676999
2021;11;13;19;8.8;0.0;0;82.9;5.38;95.92;11.495298819184699
2021;11;13;20;7.5;0.0;0;88.0;5.1;95.9;11.49677969532839
2021;11;13;21;5.9;0.0;0;94.3;4.76;95.92;11.498257709346223
2021;11;13;22;6.9;0.0;0;89.1;4.72;95.89;11.499732860477817
2021;11;13;23;6.6;0.0;0;92.3;5.06;95.88;11.501205147964265
2021;11;14;0;7.4;0.0;0;88.2;5.04;95.83;11.502674571048136
2021;11;14;1;7.7;0.0;0;86.3;4.96;95.8;11.50414112897347
2021;11;14;2;6.9;0.0;0;92.1;5.32;95.81;11.505604820985782
2021;11;14;3;6.4;0.0;0;93.6;5.12;95.79;11.507065646332062
2021;11;14;4;6.8;0.0;0;91.8;5.16;95.78;11.50852360426077
2021;11;14;5;6.0;0.0;0;96.8;5.36;95.79;11.509978694021848
2021;11;14;6;6.0;0.0;0;97.0;5.4;95.8;11.511430914866715
2021;11;14;7;5.8;0.0;23;98.0;5.4;95.82;11.512880266048256
2021;11;14;8;6.5;0.0;56;96.1;5.72;95.86;11.514326746820839
2021;11;14;9;7.2;0.0;152;96.7;6.54;95.85;11.51577035644031
2021;11;14;10;8.1;0.0;187;92.3;6.56;95.87;11.517211094163986
2021;11;14;11;8.5;0.0;184;89.4;6.38;95.83;11.518648959250669
2021;11;14;12;10.1;252.2800204;178;78.6;5.82;95.81;11.520083950960633
2021;11;14;13;9.3;0.0;163;80.7;5.44;95.8;11.521516068555634
2021;11;14;14;9.2;412.9784864;86;79.5;5.1;95.81;11.522945311298901
2021;11;14;15;9.2;170.6778014;33;80.1;5.22;95.83;11.524371678455152
2021;11;14;16;8.7;0.0;0;81.8;5.06;95.87;11.525795169290573
2021;11;14;17;8.1;0.0;0;85.8;5.26;95.92;11.527215783072837
2021;11;14;18;7.6;0.0;0;87.2;5.04;95.96;11.528633519071095
2021;11;14;19;7.4;0.0;0;88.2;5.04;96.01;11.530048376555978
2021;11;14;20;7.0;0.0;0;89.7;4.94;96.02;11.531460354799602
2021;11;14;21;6.9;0.0;0;90.2;4.94;96.04;11.532869453075557
2021;11;14;22;7.0;0.0;0;89.5;4.9;96.06;11.534275670658921
2021;11;14;23;7.2;0.0;0;91.8;5.56;96.07;11.535679006826252
2021;11;15;0;7.2;0.0;0;89.5;5.1;96.07;11.537079460855587
2021;11;15;1;7.1;0.0;0;89.4;4.98;96.09;11.53847703202645
2021;11;15;2;6.8;0.0;0;88.7;4.54;96.09;11.539871719619846
2021;11;15;3;6.8;0.0;0;86.7;4.14;96.08;11.541263522918266
2021;11;15;4;6.6;0.0;0;85.9;3.78;96.08;11.542652441205682
2021;11;15;5;6.5;0.0;0;85.3;3.56;96.08;11.54403847376755
2021;11;15;6;6.4;0.0;0;86.2;3.64;96.08;11.545421619890814
2021;11;15;7;6.3;0.0;23;89.3;4.16;96.12;11.546801878863896
2021;11;15;8;6.3;0.0;71;87.5;3.8;96.15;11.548179249976716
2021;11;15;9;6.4;0.0;76;87.2;3.84;96.16;11.549553732520666
2021;11;15;10;6.4;0.0;70;87.2;3.84;96.17;11.550925325788633
2021;11;15;11;6.3;0.0;79;86.2;3.54;96.14;11.552294029074986
2021;11;15;12;6.5;0.0;88;85.3;3.56;96.11;11.553659841675582
2021;11;15;13;6.3;0.0;75;86.2;3.54;96.11;11.555022762887766
2021;11;15;14;6.2;0.0;50;85.6;3.32;96.11;11.556382792010368
2021;11;15;15;6.0;0.0;35;86.9;3.38;96.12;11.557739928343711
2021;11;15;16;5.9;0.0;0;85.4;2.98;96.16;11.559094171189598
2021;11;15;17;5.7;0.0;0;87.3;3.16;96.19;11.560445519851328
2021;11;15;18;5.5;0.0;0;88.7;3.24;96.22;11.561793973633687
2021;11;15;19;5.4;0.0;0;89.4;3.28;96.26;11.56313953184295
2021;11;15;20;5.2;0.0;0;91.5;3.5;96.29;11.564482193786876
2021;11;15;21;5.1;0.0;0;92.8;3.66;96.33;11.565821958774727
2021;11;15;22;5.2;0.0;0;93.2;3.84;96.37;11.567158826117243
2021;11;15;23;5.2;0.0;0;93.5;3.9;96.37;11.56849279512666
2021;11;16;0;5.2;0.0;0;92.6;3.72;96.37;11.569823865116705
2021;11;16;1;5.2;0.0;0;94.6;4.12;96.37;11.571152035402596
2021;11;16;2;5.2;0.0;0;95.4;4.28;96.36;11.572477305301044
2021;11;16;3;5.3;0.0;0;94.9;4.28;96.34;11.57379967413025
2021;11;16;4;5.2;0.0;0;96.0;4.4;96.34;11.575119141209905
2021;11;16;5;5.3;0.0;0;94.1;4.12;96.34;11.5764357058612
2021;11;16;6;5.3;0.0;0;94.3;4.16;96.34;11.577749367406815
2021;11;16;7;5.6;0.0;20;90.2;3.64;96.35;11.579060125170923
2021;11;16;8;5.7;0.0;91;89.8;3.66;96.38;11.580367978479192
2021;11;16;9;6.2;0.0;143;81.9;2.58;96.41;11.581672926658783
2021;11;16;10;6.4;0.0;146;79.9;2.38;96.4;11.58297496903835
2021;11;16;11;6.5;0.0;121;78.5;2.2;96.38;11.58427410494805
2021;11;16;12;6.6;0.0;100;80.3;2.66;96.33;11.585570333719529
2021;11;16;13;6.8;0.0;113;79.3;2.66;96.29;11.586863654685928
2021;11;16;14;6.7;0.0;64;82.4;3.18;96.25;11.58815406718188
2021;11;16;15;6.6;0.0;36;81.2;2.84;96.25;11.58944157054353
2021;11;16;16;6.7;0.0;0;79.3;2.56;96.24;11.590726164108501
2021;11;16;17;6.4;0.0;0;81.6;2.72;96.24;11.592007847215925
2021;11;16;18;6.3;0.0;0;82.9;2.88;96.25;11.593286619206426
2021;11;16;19;6.5;0.0;0;76.9;1.88;96.26;11.594562479422127
2021;11;16;20;6.1;0.0;0;83.5;2.8;96.26;11.59583542720665
2021;11;16;21;5.9;0.0;0;85.0;2.9;96.29;11.597105461905114
2021;11;16;22;6.1;0.0;0;83.3;2.76;96.3;11.598372582864137
2021;11;16;23;5.9;0.0;0;84.6;2.82;96.31;11.599636789431838
2021;11;17;0;5.8;0.0;0;85.3;2.86;96.29;11.600898080957826
2021;11;17;1;5.6;0.0;0;88.0;3.2;96.26;11.602156456793228
2021;11;17;2;5.4;0.0;0;91.6;3.72;96.29;11.603411916290653
2021;11;17;3;5.1;0.0;0;95.3;4.16;96.28;11.60466445880422
2021;11;17;4;5.2;0.0;0;94.1;4.02;96.29;11.605914083689544
2021;11;17;5;5.3;0.0;0;88.9;3.08;96.28;11.607160790303746
2021;11;17;6;5.1;0.0;0;91.3;3.36;96.3;11.608404578005445
2021;11;17;7;5.1;0.0;22;91.3;3.36;96.37;11.609645446154762
2021;11;17;8;5.1;0.0;89;94.3;3.96;96.45;11.610883394113316
2021;11;17;9;5.2;0.0;123;96.4;4.48;96.5;11.612118421244238
2021;11;17;10;5.2;0.0;137;92.4;3.68;96.54;11.613350526912154
2021;11;17;11;5.5;0.0;78;85.3;2.56;96.54;11.614579710483195
2021;11;17;12;5.4;0.0;68;84.1;2.22;96.53;11.615805971324995
2021;11;17;13;5.7;0.0;142;84.6;2.62;96.54;11.617029308806693
2021;11;17;14;5.9;0.0;74;83.3;2.56;96.57;11.618249722298927
2021;11;17;15;5.8;0.0;38;81.9;2.18;96.58;11.61946721117385
2021;11;17;16;5.7;0.0;0;81.0;1.9;96.63;11.620681774805108
2021;11;17;17;5.5;0.0;0;81.3;1.76;96.71;11.62189341256786
2021;11;17;18;5.1;0.0;0;81.9;1.48;96.78;11.623102123838764
2021;11;17;19;4.8;0.0;0;79.5;0.7;96.81;11.624307907995988
2021;11;17;20;4.8;0.0;0;79.5;0.7;96.87;11.625510764419204
2021;11;17;21;4.7;0.0;0;80.8;0.86;96.95;11.626710692489588
2021;11;17;22;4.8;0.0;0;78.2;0.44;97.03;11.627907691589833
2021;11;17;23;4.7;0.0;0;80.7;0.84;97.04;11.629101761104124
2021;11;18;0;4.4;0.0;0;84.3;1.26;97.05;11.630292900418162
2021;11;18;1;4.3;0.0;0;85.0;1.3;97.01;11.631481108919154
2021;11;18;2;4.1;0.0;0;83.0;0.7;97.01;11.632666385995812
2021;11;18;3;3.3;0.0;0;83.0;-0.1;96.99;11.633848731038363
2021;11;18;4;2.0;0.0;0;90.1;0.02;97.03;11.635028143438532
2021;11;18;5;0.7;0.0;0;95.2;-0.26;97.05;11.636204622589567
2021;11;18;6;0.8;0.0;0;93.4;-0.52;97.11;11.637378167886208
2021;11;18;7;0.7;0.0;17;94.6;-0.38;97.22;11.638548778724719
2021;11;18;8;2.1;116.8909302;48;91.8;0.46;97.23;11.639716454502867
2021;11;18;9;4.0;380.1697637;71;87.4;1.48;97.26;11.640881194619924
2021;11;18;10;5.6;603.323943;81;81.5;1.9;97.27;11.642042998476686
2021;11;18;11;6.6;641.0991442;80;77.2;2.04;97.23;11.643201865475447
2021;11;18;12;7.4;908.3044128;0;68.3;1.06;97.19;11.644357795020017
2021;11;18;13;7.9;787.2687646;80;67.5;1.4;97.17;11.645510786515715
2021;11;18;14;8.0;809.9984068;31;68.0;1.6;97.15;11.646660839369378
2021;11;18;15;7.8;1000.0;15;68.5;1.5;97.16;11.647807952989345
2021;11;18;16;6.5;0.0;0;76.6;1.82;97.19;11.648952126785474
2021;11;18;17;4.1;0.0;0;86.9;1.48;97.23;11.650093360169134
2021;11;18;18;2.3;0.0;0;94.3;1.16;97.26;11.651231652553207
2021;11;18;19;1.6;0.0;0;96.4;0.88;97.29;11.652367003352083
2021;11;18;20;1.0;0.0;0;96.8;0.36;97.34;11.653499411981674
2021;11;18;21;0.9;0.0;0;95.7;0.04;97.38;11.6546288778594
2021;11;18;22;0.1;0.0;0;96.3;-0.64;97.41;11.655755400404196
2021;11;18;23;-0.5;0.0;0;97.5;-1.0;97.4;11.65687897903651
2021;11;19;0;-0.9;0.0;0;99.0;-1.1;97.38;11.657999613178308
2021;11;19;1;-0.4;0.0;0;95.2;-1.36;97.38;11.659117302253069
2021;11;19;2;-0.9;0.0;0;98.3;-1.24;97.38;11.660232045685785
2021;11;19;3;-0.8;0.0;0;96.0;-1.6;97.37;11.661343842902964
2021;11;19;4;-1.0;0.0;0;96.0;-1.8;97.37;11.662452693332634
2021;11;19;5;-1.4;0.0;0;97.3;-1.94;97.37;11.663558596404336
2021;11;19;6;-1.2;0.0;0;97.6;-1.68;97.38;11.664661551549123
2021;11;19;7;0.4;0.0;20;97.9;-0.02;97.41;11.665761558199573
2021;11;19;8;1.3;0.0;46;98.4;0.98;97.45;11.666858615789778
2021;11;19;9;1.4;0.0;135;99.8;1.36;97.45;11.667952723755342
2021;11;19;10;1.4;38.45234387;62;99.1;1.22;97.45;11.66904388153339
2021;11;19;11;1.7;0.0;143;98.6;1.42;97.41;11.67013208856257
2021;11;19;12;2.0;0.0;147;99.3;1.86;97.35;11.671217344283036
2021;11;19;13;2.3;0.0;147;97.7;1.84;97.3;11.672299648136477
2021;11;19;14;2.0;0.0;100;100.0;2.0;97.27;11.67337899956608
2021;11;19;15;1.6;33.40835246;31;100.0;1.6;97.25;11.674455398016569
2021;11;19;16;1.8;0.0;0;100.0;1.8;97.26;11.675528842934181
2021;11;19;17;1.6;0.0;0;99.2;1.44;97.29;11.676599333766669
2021;11;19;18;1.4;0.0;0;99.4;1.28;97.29;11.677666869963309
2021;11;19;19;1.0;0.0;0;99.7;0.94;97.31;11.678731450974896
2021;11;19;20;1.1;0.0;0;99.2;0.94;97.3;11.679793076253745
2021;11;19;21;0.9;0.0;0;99.3;0.76;97.32;11.680851745253694
2021;11;19;22;0.7;0.0;0;100.0;0.7;97.31;11.681907457430102
2021;11;19;23;0.8;0.0;0;99.3;0.66;97.29;11.682960212239843
2021;11;20;0;0.4;0.0;0;99.8;0.36;97.27;11.68401000914132
2021;11;20;1;0.0;0.0;0;99.5;-0.1;97.22;11.685056847594453
2021;11;20;2;-0.1;0.0;0;99.0;-0.3;97.21;11.686100727060687
2021;11;20;3;-0.1;0.0;0;99.2;-0.26;97.16;11.687141647002989
2021;11;20;4;-0.3;0.0;0;100.0;-0.3;97.11;11.688179606885843
2021;11;20;5;0.0;0.0;0;100.0;0.0;97.07;11.689214606175263
2021;11;20;6;-0.2;0.0;0;100.0;-0.2;97.04;11.690246644338785
2021;11;20;7;-0.4;0.0;18;99.8;-0.44;97.04;11.691275720845466
2021;11;20;8;-0.4;0.0;70;100.0;-0.4;97.04;11.692301835165885
2021;11;20;9;0.3;0.0;77;100.0;0.3;96.99;11.69332498677215
2021;11;20;10;0.5;0.0;169;97.8;0.06;96.97;11.69434517513789
2021;11;20;11;0.9;0.0;192;98.0;0.5;96.9;11.695362399738258
2021;11;20;12;1.4;51.8183124;92;100.0;1.4;96.79;11.696376660049934
2021;11;20;13;2.0;0.0;101;98.9;1.78;96.69;11.697387955551122
2021;11;20;14;2.8;0.0;98;97.2;2.24;96.61;11.698396285721547
2021;11;20;15;2.7;42.71462361;30;98.2;2.34;96.55;11.699401650042468
2021;11;20;16;2.3;0.0;0;100.0;2.3;96.51;11.700404047996663
2021;11;20;17;2.5;0.0;0;97.6;2.02;96.49;11.701403479068443
2021;11;20;18;2.5;0.0;0;97.3;1.96;96.45;11.702399942743636
2021;11;20;19;2.3;0.0;0;98.9;2.08;96.41;11.7033934385096
2021;11;20;20;2.4;0.0;0;96.7;1.74;96.35;11.704383965855229
2021;11;20;21;2.1;0.0;0;98.7;1.84;96.32;11.70537152427093
2021;11;20;22;2.2;0.0;0;98.3;1.86;96.26;11.706356113248646
2021;11;20;23;1.7;0.0;0;95.8;0.86;96.21;11.707337732281843
2021;11;21;0;1.7;0.0;0;98.5;1.4;96.16;11.70831638086552
2021;11;21;1;1.5;0.0;0;96.3;0.76;96.07;11.709292058496201
2021;11;21;2;1.5;0.0;0;98.3;1.16;96.01;11.71026476467194
2021;11;21;3;1.6;0.0;0;98.4;1.28;95.93;11.711234498892317
2021;11;21;4;1.7;0.0;0;100.0;1.7;95.89;11.712201260658443
2021;11;21;5;2.3;0.0;0;96.4;1.58;95.82;11.713165049472957
2021;11;21;6;2.3;0.0;0;97.6;1.82;95.78;11.714125864840032
2021;11;21;7;1.6;0.0;14;97.3;1.06;95.73;11.715083706265363
2021;11;21;8;1.3;0.0;41;97.8;0.86;95.68;11.71603857325618
2021;11;21;9;1.7;0.0;70;100.0;1.7;95.66;11.716990465321242
2021;11;21;10;2.1;227.1692981;76;94.8;1.06;95.62;11.717939381970842
2021;11;21;11;2.5;145.6314665;74;97.5;2.0;95.53;11.718885322716798
2021;11;21;12;2.9;169.9043703;55;95.2;1.94;95.44;11.71982828707246
2021;11;21;13;3.2;45.36254617;63;96.3;2.46;95.38;11.72076827455271
2021;11;21;14;3.6;45.97973265;58;96.1;2.82;95.34;11.72170528467397
2021;11;21;15;3.8;314.4258492;16;96.8;3.16;95.33;11.722639316954176
2021;11;21;16;3.5;0.0;0;95.7;2.64;95.34;11.72357037091281
2021;11;21;17;3.6;0.0;0;96.9;2.98;95.35;11.724498446070886
2021;11;21;18;3.6;0.0;0;95.8;2.76;95.35;11.725423541950938
2021;11;21;19;3.7;0.0;0;96.3;2.96;95.34;11.726345658077047
2021;11;21;20;3.8;0.0;0;95.5;2.9;95.36;11.727264793974822
2021;11;21;21;3.9;0.0;0;95.8;3.06;95.38;11.728180949171401
2021;11;21;22;3.8;0.0;0;96.4;3.08;95.4;11.729094123195463
2021;11;21;23;3.3;0.0;0;96.5;2.6;95.4;11.730004315577212
2021;11;22;0;3.2;0.0;0;97.0;2.6;95.41;11.730911525848391
2021;11;22;1;3.4;0.0;0;96.5;2.7;95.42;11.731815753542282
2021;11;22;2;3.5;0.0;0;96.5;2.8;95.45;11.732716998193691
2021;11;22;3;3.6;0.0;0;96.1;2.82;95.44;11.733615259338968
2021;11;22;4;3.6;0.0;0;95.4;2.68;95.48;11.734510536515987
2021;11;22;5;3.5;0.0;0;94.9;2.48;95.5;11.73540282926417
2021;11;22;6;3.5;0.0;0;95.5;2.6;95.56;11.736292137124469
2021;11;22;7;3.5;0.0;9;94.3;2.36;95.62;11.737178459639365
2021;11;22;8;3.6;0.0;75;89.0;1.4;95.67;11.738061796352884
2021;11;22;9;3.8;0.0;53;88.3;1.46;95.75;11.738942146810583
2021;11;22;10;4.2;34.00242024;87;83.1;0.82;95.8;11.73981951055956
2021;11;22;11;3.8;201.0857443;35;84.6;0.72;95.8;11.740693887148442
2021;11;22;12;4.0;116.0124431;90;84.7;0.94;95.83;11.741565276127401
2021;11;22;13;3.8;170.9256857;47;84.9;0.78;95.86;11.742433677048144
2021;11;22;14;4.1;33.82883632;33;83.3;0.76;95.89;11.743299089463909
2021;11;22;15;4.4;0.0;24;80.7;0.54;95.94;11.74416151292948
2021;11;22;16;4.5;0.0;0;81.3;0.76;95.97;11.745020947001171
2021;11;22;17;4.7;0.0;0;79.9;0.68;96.01;11.745877391236839
2021;11;22;18;4.8;0.0;0;81.1;1.02;96.06;11.74673084519588
2021;11;22;19;5.2;0.0;0;78.5;0.9;96.09;11.747581308439225
2021;11;22;20;5.2;0.0;0;78.1;0.82;96.11;11.748428780529343
2021;11;22;21;5.2;0.0;0;77.8;0.76;96.15;11.749273261030245
2021;11;22;22;5.3;0.0;0;76.5;0.6;96.18;11.75011474950748
2021;11;22;23;5.1;0.0;0;79.0;0.9;96.21;11.750953245528134
2021;11;23;0;4.9;0.0;0;79.7;0.84;96.24;11.751788748660836
2021;11;23;1;4.7;0.0;0;78.3;0.36;96.25;11.752621258475756
2021;11;23;2;4.5;0.0;0;78.5;0.2;96.28;11.753450774544596
2021;11;23;3;4.3;0.0;0;78.5;0.0;96.29;11.754277296440605
2021;11;23;4;4.1;0.0;0;79.9;0.08;96.3;11.755100823738573
2021;11;23;5;4.0;0.0;0;80.0;0.0;96.33;11.755921356014824
2021;11;23;6;3.6;0.0;0;80.5;-0.3;96.38;11.756738892847231
2021;11;23;7;3.4;0.0;10;82.3;-0.14;96.43;11.757553433815204
2021;11;23;8;3.6;0.0;79;81.4;-0.12;96.5;11.75836497849969
2021;11;23;9;3.8;0.0;136;82.0;0.2;96.55;11.759173526483186
2021;11;23;10;4.1;0.0;173;79.9;0.08;96.58;11.759979077349726
2021;11;23;11;4.3;0.0;190;79.8;0.26;96.58;11.760781630684885
2021;11;23;12;4.3;0.0;180;80.0;0.3;96.56;11.761581186075784
2021;11;23;13;4.1;0.0;136;80.4;0.18;96.55;11.762377743111077
2021;11;23;14;3.9;0.0;75;81.2;0.14;96.56;11.763171301380977
2021;11;23;15;3.4;0.0;25;82.2;-0.16;96.57;11.763961860477224
2021;11;23;16;3.2;0.0;0;82.5;-0.3;96.59;11.764749419993109
2021;11;23;17;3.1;0.0;0;83.5;-0.2;96.59;11.765533979523463
2021;11;23;18;3.0;0.0;0;83.2;-0.36;96.62;11.766315538664664
2021;11;23;19;2.8;0.0;0;84.7;-0.26;96.6;11.767094097014628
2021;11;23;20;2.8;0.0;0;83.2;-0.56;96.58;11.76786965417282
2021;11;23;21;2.7;0.0;0;84.0;-0.5;96.59;11.768642209740246
2021;11;23;22;2.6;0.0;0;84.3;-0.54;96.58;11.769411763319457
2021;11;23;23;2.6;0.0;0;84.5;-0.5;96.58;11.770178314514553
2021;11;24;0;2.6;0.0;0;84.7;-0.46;96.55;11.770941862931167
2021;11;24;1;2.5;0.0;0;85.8;-0.34;96.51;11.771702408176488
2021;11;24;2;2.5;0.0;0;86.3;-0.24;96.49;11.772459949859247
2021;11;24;3;2.5;0.0;0;90.3;0.56;96.45;11.773214487589716
2021;11;24;4;2.4;0.0;0;89.9;0.38;96.4;11.773966020979715
2021;11;24;5;2.7;0.0;0;83.8;-0.54;96.38;11.774714549642614
2021;11;24;6;2.5;0.0;0;86.1;-0.28;96.35;11.775460073193324
2021;11;24;7;2.5;0.0;10;84.7;-0.56;96.33;11.776202591248303
2021;11;24;8;2.7;0.0;26;84.7;-0.36;96.33;11.776942103425554
2021;11;24;9;3.2;14.84199411;49;81.3;-0.54;96.29;11.77767860934463
2021;11;24;10;3.6;0.0;144;80.2;-0.36;96.27;11.778412108626625
2021;11;24;11;3.8;181.0277583;75;76.4;-0.92;96.19;11.779142600894186
2021;11;24;12;4.0;0.0;156;75.9;-0.82;96.11;11.779870085771503
2021;11;24;13;4.7;295.153635;55;76.2;-0.06;96.02;11.780594562884314
2021;11;24;14;4.4;397.7174757;17;78.0;0.0;95.97;11.781316031859902
2021;11;24;15;4.3;260.4671504;22;79.6;0.22;95.91;11.782034492327107
2021;11;24;16;3.8;0.0;0;79.7;-0.26;95.87;11.7827499439163
2021;11;24;17;3.4;0.0;0;81.2;-0.36;95.82;11.78346238625942
2021;11;24;18;2.9;0.0;0;84.9;-0.12;95.78;11.784171818989938
2021;11;24;19;2.6;0.0;0;84.6;-0.48;95.76;11.78487824174288
2021;11;24;20;2.3;0.0;0;85.6;-0.58;95.7;11.785581654154822
2021;11;24;21;1.9;0.0;0;89.3;-0.24;95.64;11.786282055863886
2021;11;24;22;1.6;0.0;0;91.0;-0.2;95.6;11.786979446509742
2021;11;24;23;1.6;0.0;0;91.6;-0.08;95.56;11.78767382573361
2021;11;25;0;1.5;0.0;0;92.8;0.06;95.53;11.788365193178262
2021;11;25;1;1.3;0.0;0;94.6;0.22;95.46;11.789053548488017
2021;11;25;2;1.3;0.0;0;94.7;0.24;95.38;11.789738891308742
2021;11;25;3;0.9;0.0;0;97.2;0.34;95.31;11.790421221287858
2021;11;25;4;0.9;0.0;0;96.8;0.26;95.25;11.791100538074328
2021;11;25;5;0.5;0.0;0;97.1;-0.08;95.23;11.79177684131868
2021;11;25;6;0.5;0.0;0;95.2;-0.46;95.2;11.792450130672975
2021;11;25;7;0.6;0.0;9;92.7;-0.86;95.17;11.793120405790837
2021;11;25;8;0.8;0.0;74;93.0;-0.6;95.17;11.793787666327434
2021;11;25;9;1.4;0.0;118;90.3;-0.54;95.19;11.794451911939488
2021;11;25;10;1.6;0.0;123;91.3;-0.14;95.21;11.795113142285272
2021;11;25;11;2.2;0.0;97;93.4;0.88;95.19;11.79577135702461
2021;11;25;12;2.2;0.0;178;95.1;1.22;95.16;11.796426555818876
2021;11;25;13;2.6;0.0;113;93.8;1.36;95.08;11.797078738330995
2021;11;25;14;2.9;0.0;70;91.7;1.24;95.04;11.797727904225448
2021;11;25;15;2.9;0.0;31;91.9;1.28;95.06;11.798374053168263
2021;11;25;16;2.8;0.0;0;91.7;1.14;95.05;11.799017184827026
2021;11;25;17;2.9;0.0;0;91.0;1.1;95.06;11.799657298870866
2021;11;25;18;2.5;0.0;0;94.5;1.4;95.07;11.800294394970475
2021;11;25;19;2.3;0.0;0;96.1;1.52;95.07;11.80092847279809
2021;11;25;20;2.3;0.0;0;96.1;1.52;95.06;11.801559532027504
2021;11;25;21;2.0;0.0;0;95.2;1.04;95.03;11.80218757233406
2021;11;25;22;2.0;0.0;0;95.8;1.16;94.98;11.802812593394659
2021;11;25;23;2.0;0.0;0;95.6;1.12;94.95;11.803434594887754
2021;11;26;0;1.9;0.0;0;95.8;1.06;94.9;11.804053576493349
2021;11;26;1;2.0;0.0;0;95.0;1.0;94.87;11.804669537893002
2021;11;26;2;1.9;0.0;0;96.5;1.2;94.83;11.805282478769826
2021;11;26;3;1.6;0.0;0;95.8;0.76;94.79;11.805892398808489
2021;11;26;4;1.5;0.0;0;95.5;0.6;94.72;11.806499297695208
2021;11;26;5;1.2;0.0;0;95.5;0.3;94.7;11.80710317511776
2021;11;26;6;1.0;0.0;0;96.1;0.22;94.69;11.807704030765475
2021;11;26;7;0.9;0.0;9;96.3;0.16;94.66;11.808301864329236
2021;11;26;8;0.9;0.0;55;96.8;0.26;94.67;11.808896675501481
2021;11;26;9;1.3;0.0;77;93.9;0.08;94.65;11.809488463976207
2021;11;26;10;2.3;0.0;82;90.2;0.34;94.64;11.810077229448957
2021;11;26;11;2.7;138.7423253;69;86.0;-0.1;94.59;11.81066297161684
2021;11;26;12;3.2;187.9675643;78;81.3;-0.54;94.5;11.811245690178511
2021;11;26;13;3.6;145.3195906;96;74.9;-1.42;94.45;11.811825384834187
2021;11;26;14;3.5;150.0348043;53;76.1;-1.28;94.41;11.812402055285638
2021;11;26;15;3.2;280.4099765;27;76.1;-1.58;94.34;11.81297570123619
2021;11;26;16;3.0;0.0;0;79.9;-1.02;94.32;11.813546322390726
2021;11;26;17;2.6;0.0;0;85.8;-0.24;94.28;11.814113918455684
2021;11;26;18;2.7;0.0;0;81.9;-0.92;94.21;11.814678489139057
2021;11;26;19;2.5;0.0;0;81.6;-1.18;94.17;11.8152400341504
2021;11;26;20;2.3;0.0;0;82.3;-1.24;94.1;11.815798553200814
2021;11;26;21;2.3;0.0;0;80.4;-1.62;94.02;11.816354046002969
2021;11;26;22;2.4;0.0;0;78.8;-1.84;93.9;11.816906512271085
2021;11;26;23;2.3;0.0;0;76.3;-2.44;93.83;11.817455951720937
2021;11;27;0;2.4;0.0;0;73.3;-2.94;93.71;11.818002364069866
2021;11;27;1;2.2;0.0;0;76.7;-2.46;93.63;11.818545749036762
2021;11;27;2;1.6;0.0;0;81.7;-2.06;93.53;11.819086106342073
2021;11;27;3;1.9;0.0;0;80.1;-2.08;93.51;11.819623435707811
2021;11;27;4;1.4;0.0;0;90.1;-0.58;93.5;11.820157736857539
2021;11;27;5;2.4;0.0;0;86.1;-0.38;93.44;11.820689009516382
2021;11;27;6;3.0;0.0;0;82.2;-0.56;93.47;11.821217253411021
2021;11;27;7;3.2;0.0;8;78.7;-1.06;93.48;11.821742468269694
2021;11;27;8;3.3;0.0;71;78.5;-1.0;93.52;11.8222646538222
2021;11;27;9;4.3;73.29023727;127;74.9;-0.72;93.57;11.822783809799898
2021;11;27;10;2.7;0.0;166;84.1;-0.48;93.66;11.8232999359357
2021;11;27;11;2.7;96.83657671;69;85.5;-0.2;93.7;11.82381303196408
2021;11;27;12;3.4;156.4647875;61;80.0;-0.6;93.67;11.824323097621072
2021;11;27;13;4.5;359.8145725;99;61.5;-3.2;93.71;11.824830132644268
2021;11;27;14;4.4;191.5912761;59;59.7;-3.66;93.74;11.825334136772817
2021;11;27;15;3.6;787.7243771;26;63.1;-3.78;93.81;11.82583510974743
2021;11;27;16;1.7;0.0;0;70.7;-4.16;93.82;11.826333051310378
2021;11;27;17;-0.1;0.0;0;81.6;-3.78;93.84;11.826827961205488
2021;11;27;18;1.2;0.0;0;77.3;-3.34;93.86;11.827319839178148
2021;11;27;19;1.4;0.0;0;81.2;-2.36;93.91;11.82780868497531
2021;11;27;20;0.9;0.0;0;79.1;-3.28;93.94;11.828294498345478
2021;11;27;21;0.5;0.0;0;81.3;-3.24;93.97;11.828777279038725
2021;11;27;22;1.0;0.0;0;85.3;-1.94;93.95;11.829257026806678
2021;11;27;23;0.3;0.0;0;87.4;-2.22;93.97;11.829733741402524
2021;11;28;0;0.0;0.0;0;90.0;-2.0;93.94;11.830207422581015
2021;11;28;1;1.1;0.0;0;83.3;-2.24;93.92;11.830678070098461
2021;11;28;2;0.0;0.0;0;89.8;-2.04;93.95;11.83114568371273
2021;11;28;3;0.4;0.0;0;88.1;-1.98;93.96;11.831610263183256
2021;11;28;4;-0.2;0.0;0;93.2;-1.56;93.95;11.832071808271031
2021;11;28;5;1.1;0.0;0;84.0;-2.1;93.94;11.832530318738609
2021;11;28;6;1.0;0.0;0;82.5;-2.5;93.94;11.832985794350105
2021;11;28;7;0.6;0.0;2;83.4;-2.72;93.96;11.833438234871192
2021;11;28;8;1.2;0.0;61;78.8;-3.04;93.97;11.833887640069111
2021;11;28;9;1.8;207.047404;50;77.0;-2.8;94.02;11.83433400971266
2021;11;28;10;1.7;0.0;157;76.6;-2.98;94.07;11.834777343572199
2021;11;28;11;1.2;0.0;151;86.6;-1.48;94.06;11.835217641419652
2021;11;28;12;0.9;0.0;136;91.8;-0.74;94.04;11.835654903028502
2021;11;28;13;1.3;44.91907428;69;91.1;-0.48;94.04;11.836089128173796
2021;11;28;14;1.5;197.8628938;23;91.8;-0.14;94.02;11.836520316632143
2021;11;28;15;1.6;120.2207664;15;88.5;-0.7;94.05;11.836948468181713
2021;11;28;16;1.5;0.0;0;88.7;-0.76;94.09;11.83737358260224
2021;11;28;17;1.6;0.0;0;86.1;-1.18;94.12;11.83779565967502
2021;11;28;18;1.6;0.0;0;83.9;-1.62;94.19;11.83821469918291
2021;11;28;19;1.7;0.0;0;82.8;-1.74;94.25;11.838630700910333
2021;11;28;20;1.6;0.0;0;79.9;-2.42;94.27;11.839043664643269
2021;11;28;21;1.4;0.0;0;79.9;-2.62;94.29;11.839453590169269
2021;11;28;22;1.2;0.0;0;81.2;-2.56;94.32;11.83986047727744
2021;11;28;23;1.3;0.0;0;78.9;-2.92;94.37;11.840264325758454
2021;11;29;0;1.5;0.0;0;71.8;-4.14;94.4;11.840665135404553
2021;11;29;1;1.3;0.0;0;74.7;-3.76;94.45;11.84106290600953
2021;11;29;2;0.5;0.0;0;82.8;-2.94;94.48;11.841457637368752
2021;11;29;3;1.1;0.0;0;72.9;-4.32;94.53;11.841849329279142
2021;11;29;4;0.6;0.0;0;78.2;-3.76;94.6;11.842237981539194
2021;11;29;5;1.1;0.0;0;73.7;-4.16;94.68;11.84262359394896
2021;11;29;6;0.2;0.0;0;85.1;-2.78;94.78;11.843006166310058
2021;11;29;7;1.0;0.0;0;72.7;-4.46;94.9;11.84338569842567
2021;11;29;8;1.1;0.0;63;75.9;-3.72;95.01;11.843762190100541
2021;11;29;9;-0.2;0.0;82;96.4;-0.92;95.12;11.844135641140983
2021;11;29;10;1.0;212.2827186;84;90.6;-0.88;95.21;11.84450605135487
2021;11;29;11;1.6;415.3113698;63;78.4;-2.72;95.24;11.84487342055164
2021;11;29;12;2.1;172.6764353;62;72.5;-3.4;95.31;11.845237748542297
2021;11;29;13;2.0;313.5020539;50;74.8;-3.04;95.38;11.845599035139408
2021;11;29;14;1.5;54.43772512;87;57.6;-6.98;95.45;11.845957280157107
2021;11;29;15;1.3;824.8922156;20;59.0;-6.9;95.57;11.84631248341109
2021;11;29;16;-0.1;0.0;0;69.1;-6.28;95.69;11.846664644718619
2021;11;29;17;0.1;0.0;0;68.2;-6.26;95.79;11.847013763898524
2021;11;29;18;0.1;0.0;0;73.1;-5.28;95.89;11.847359840771192
2021;11;29;19;-0.1;0.0;0;71.8;-5.74;95.97;11.847702875158586
2021;11;29;20;0.0;0.0;0;67.5;-6.5;96.08;11.848042866884223
2021;11;29;21;-0.2;0.0;0;70.1;-6.18;96.15;11.848379815773194
2021;11;29;22;-0.2;0.0;0;70.6;-6.08;96.2;11.848713721652153
2021;11;29;23;-0.3;0.0;0;73.5;-5.6;96.23;11.849044584349318
2021;11;30;0;-0.8;0.0;0;75.4;-5.72;96.23;11.849372403694472
2021;11;30;1;-1.7;0.0;0;77.4;-6.22;96.27;11.84969717951897
2021;11;30;2;-1.7;0.0;0;77.1;-6.28;96.33;11.85001891165572
2021;11;30;3;-2.1;0.0;0;77.7;-6.56;96.34;11.850337599939209
2021;11;30;4;-2.0;0.0;0;80.2;-5.96;96.38;11.850653244205485
2021;11;30;5;-1.0;0.0;0;72.1;-6.58;96.41;11.850965844292158
2021;11;30;6;-1.1;0.0;0;77.3;-5.64;96.45;11.851275400038414
2021;11;30;7;-0.5;0.0;0;77.6;-4.98;96.48;11.851581911284992
2021;11;30;8;-0.2;0.0;47;76.7;-4.86;96.51;11.85188537787421
2021;11;30;9;0.4;0.0;115;70.9;-5.42;96.51;11.852185799649941
2021;11;30;10;0.9;70.37947434;69;66.3;-5.84;96.49;11.852483176457635
2021;11;30;11;1.0;0.0;176;65.7;-5.86;96.47;11.8527775081443
2021;11;30;12;1.6;112.1719572;62;64.0;-5.6;96.43;11.853068794558517
2021;11;30;13;2.1;195.2739586;77;63.6;-5.18;96.39;11.853357035550431
2021;11;30;14;2.1;260.7329709;46;66.7;-4.56;96.36;11.85364223097175
2021;11;30;15;2.3;361.9675653;18;68.0;-4.1;96.38;11.853924380675755
2021;11;30;16;2.5;0.0;0;64.4;-4.62;96.35;11.854203484517292
2021;11;30;17;2.5;0.0;0;64.1;-4.68;96.37;11.85447954235277
2021;11;30;18;1.6;0.0;0;78.3;-2.74;96.36;11.854752554040171
2021;11;30;19;1.8;0.0;0;83.3;-1.54;96.38;11.855022519439043
2021;11;30;20;2.1;0.0;0;83.6;-1.18;96.36;11.855289438410496
2021;11;30;21;2.4;0.0;0;85.4;-0.52;96.29;11.855553310817212
2021;11;30;22;2.9;0.0;0;82.7;-0.56;96.24;11.855814136523442
2021;11;30;23;3.0;0.0;0;84.7;-0.06;96.13;11.856071915394997
2021;12;1;0;3.4;0.0;0;82.9;-0.02;96.06;11.856326647299262
2021;12;1;1;3.0;0.0;0;84.5;-0.1;95.92;11.85657833210519
2021;12;1;2;2.4;0.0;0;86.7;-0.26;95.83;11.856826969683297
2021;12;1;3;2.6;0.0;0;85.3;-0.34;95.71;11.85707255990567
2021;12;1;4;2.3;0.0;0;88.0;-0.1;95.61;11.85731510264596
2021;12;1;5;2.8;0.0;0;85.8;-0.04;95.56;11.85755459777939
2021;12;1;6;2.6;0.0;0;86.1;-0.18;95.49;11.857791045182754
2021;12;1;7;3.6;0.0;0;83.6;0.32;95.41;11.8580244447344
2021;12;1;8;4.1;0.0;44;79.4;-0.02;95.32;11.858254796314263
2021;12;1;9;5.0;275.6478143;69;78.9;0.78;95.23;11.85848209980383
2021;12;1;10;5.8;589.6031573;134;75.1;0.82;95.1;11.858706355086163
2021;12;1;11;5.9;543.4888297;67;74.0;0.7;94.98;11.858927562045896
2021;12;1;12;6.3;132.674701;71;74.1;1.12;94.83;11.85914572056922
2021;12;1;13;6.1;222.7820623;52;79.9;2.08;94.73;11.859360830543908
2021;12;1;14;5.2;0.0;84;90.3;3.26;94.69;11.85957289185929
2021;12;1;15;5.8;0.0;22;86.1;3.02;94.65;11.859781904406272
2021;12;1;16;5.7;0.0;0;88.8;3.46;94.69;11.859987868077322
2021;12;1;17;5.6;0.0;0;87.2;3.04;94.72;11.860190782766484
2021;12;1;18;5.7;0.0;0;87.1;3.12;94.73;11.860390648369362
2021;12;1;19;5.8;0.0;0;85.0;2.8;94.76;11.860587464783137
2021;12;1;20;5.9;0.0;0;84.5;2.8;94.78;11.860781231906554
2021;12;1;21;4.9;0.0;0;88.3;2.56;94.75;11.860971949639927
2021;12;1;22;4.8;0.0;0;87.3;2.26;94.72;11.86115961788514
2021;12;1;23;5.1;0.0;0;85.4;2.18;94.7;11.861344236545643
2021;12;2;0;5.3;0.0;0;81.3;1.56;94.67;11.861525805526458
2021;12;2;1;5.0;0.0;0;83.3;1.66;94.67;11.861704324734179
2021;12;2;2;4.4;0.0;0;85.9;1.58;94.67;11.861879794076959
2021;12;2;3;4.6;0.0;0;83.6;1.32;94.63;11.862052213464532
2021;12;2;4;4.4;0.0;0;83.7;1.14;94.64;11.86222158280819
2021;12;2;5;3.3;0.0;0;92.1;1.72;94.62;11.862387902020801
2021;12;2;6;2.8;0.0;0;91.1;1.02;94.6;11.8625511710168
2021;12;2;7;2.7;0.0;0;92.3;1.16;94.59;11.862711389712196
2021;12;2;8;3.3;0.0;56;88.3;0.96;94.62;11.862868558024555
2021;12;2;9;4.0;0.0;77;89.4;1.88;94.65;11.863022675873028
2021;12;2;10;4.4;0.0;155;86.2;1.64;94.65;11.863173743178322
2021;12;2;11;4.3;0.0;167;84.7;1.24;94.59;11.863321759862721
2021;12;2;12;4.8;181.8088767;108;82.2;1.24;94.53;11.863466725850078
2021;12;2;13;2.1;125.2801961;43;88.8;-0.14;94.52;11.863608641065813
2021;12;2;14;1.6;0.0;80;83.2;-1.76;94.6;11.863747505436912
2021;12;2;15;1.8;31.89591762;23;74.7;-3.26;94.74;11.86388331889194
2021;12;2;16;1.8;0.0;0;63.1;-5.58;94.9;11.864016081361026
2021;12;2;17;1.6;0.0;0;59.9;-6.42;95.04;11.864145792775867
2021;12;2;18;1.1;0.0;0;61.5;-6.6;95.13;11.864272453069733
2021;12;2;19;0.6;0.0;0;70.8;-5.24;95.21;11.864396062177462
2021;12;2;20;-1.2;0.0;0;86.1;-3.98;95.28;11.86451662003546
2021;12;2;21;-0.3;0.0;0;82.7;-3.76;95.37;11.86463412658171
2021;12;2;22;-0.4;0.0;0;86.2;-3.16;95.41;11.864748581755753
2021;12;2;23;-0.5;0.0;0;87.9;-2.92;95.45;11.864859985498711
2021;12;3;0;-0.3;0.0;0;83.7;-3.56;95.47;11.864968337753272
2021;12;3;1;-0.5;0.0;0;87.1;-3.08;95.53;11.865073638463688
2021;12;3;2;-0.9;0.0;0;90.9;-2.72;95.62;11.865175887575791
2021;12;3;3;-1.5;0.0;0;89.3;-3.64;95.64;11.865275085036975
2021;12;3;4;-1.6;0.0;0;85.7;-4.46;95.63;11.865371230796208
2021;12;3;5;-3.0;0.0;0;89.7;-5.06;95.69;11.865464324804028
2021;12;3;6;-2.8;0.0;0;88.5;-5.1;95.78;11.865554367012539
2021;12;3;7;-3.5;0.0;0;89.3;-5.64;95.82;11.865641357375424
2021;12;3;8;-3.0;0.0;61;85.6;-5.88;95.86;11.86572529584792
2021;12;3;9;-1.1;365.2400311;82;74.2;-6.26;95.93;11.865806182386853
2021;12;3;10;-0.2;364.1661693;156;70.3;-6.14;95.95;11.865884016950606
2021;12;3;11;1.2;581.9488065;151;66.7;-5.46;95.92;11.865958799499136
2021;12;3;12;2.3;711.6299236;127;58.0;-6.1;95.89;11.86603052999397
2021;12;3;13;2.2;477.5665001;105;61.8;-5.44;95.83;11.86609920839821
2021;12;3;14;1.8;509.6351968;71;62.3;-5.74;95.81;11.866164834676521
2021;12;3;15;1.6;742.5787357;24;68.0;-4.8;95.82;11.866227408795137
2021;12;3;16;0.6;0.0;0;74.7;-4.46;95.79;11.866286930721872
2021;12;3;17;0.3;0.0;0;78.0;-4.1;95.77;11.8663434004261
2021;12;3;18;0.5;0.0;0;78.8;-3.74;95.72;11.866396817878773
2021;12;3;19;0.9;0.0;0;73.5;-4.4;95.64;11.86644718305241
2021;12;3;20;1.2;0.0;0;73.0;-4.2;95.57;11.866494495921096
2021;12;3;21;1.4;0.0;0;71.8;-4.24;95.46;11.866538756460494
2021;12;3;22;1.3;0.0;0;76.6;-3.38;95.43;11.866579964647833
2021;12;3;23;0.7;0.0;0;85.2;-2.26;95.39;11.866618120461911
2021;12;4;0;0.8;0.0;0;89.9;-1.22;95.29;11.866653223883102
2021;12;4;1;1.0;0.0;0;89.2;-1.16;95.21;11.866685274893346
2021;12;4;2;1.3;0.0;0;89.2;-0.86;95.15;11.866714273476152
2021;12;4;3;1.8;0.0;0;90.3;-0.14;95.08;11.8667402196166
2021;12;4;4;2.1;0.0;0;91.9;0.48;94.97;11.866763113301346
2021;12;4;5;2.7;0.0;0;90.9;0.88;94.9;11.866782954518609
2021;12;4;6;3.7;0.0;0;89.0;1.5;94.88;11.866799743258184
2021;12;4;7;3.9;0.0;0;90.1;1.92;94.86;11.866813479511432
2021;12;4;8;4.3;0.0;59;91.2;2.54;94.83;11.866824163271286
2021;12;4;9;5.2;0.0;115;88.1;2.82;94.74;11.866831794532251
2021;12;4;10;5.6;0.0;143;90.7;3.74;94.7;11.8668363732904
2021;12;4;11;5.6;0.0;129;91.7;3.94;94.63;11.866837899543379
2021;12;4;12;5.8;0.0;149;92.7;4.34;94.63;11.8668363732904
2021;12;4;13;6.5;0.0;129;88.6;4.22;94.58;11.866831794532251
2021;12;4;14;6.8;0.0;75;84.6;3.72;94.56;11.866824163271286
2021;12;4;15;7.2;195.8551046;23;82.3;3.66;94.58;11.866813479511432
2021;12;4;16;6.9;0.0;0;84.9;3.88;94.66;11.866799743258184
2021;12;4;17;6.4;0.0;0;77.4;1.88;94.64;11.866782954518609
2021;12;4;18;6.8;0.0;0;80.6;2.92;94.66;11.866763113301346
2021;12;4;19;4.1;0.0;0;83.7;0.84;94.82;11.8667402196166
2021;12;4;20;3.9;0.0;0;88.3;1.56;94.93;11.866714273476152
2021;12;4;21;4.2;0.0;0;68.3;-2.14;95.05;11.866685274893346
2021;12;4;22;3.2;0.0;0;76.2;-1.56;95.11;11.866653223883102
2021;12;4;23;2.3;0.0;0;79.0;-1.9;95.12;11.866618120461911
2021;12;5;0;1.9;0.0;0;82.8;-1.54;95.03;11.866579964647833
2021;12;5;1;1.9;0.0;0;83.0;-1.5;95.02;11.866538756460494
2021;12;5;2;1.9;0.0;0;85.3;-1.04;94.97;11.866494495921096
2021;12;5;3;2.1;0.0;0;84.6;-0.98;94.89;11.86644718305241
2021;12;5;4;2.0;0.0;0;85.2;-0.96;94.85;11.866396817878773
2021;12;5;5;1.3;0.0;0;89.6;-0.78;94.8;11.8663434004261
2021;12;5;6;1.4;0.0;0;89.8;-0.64;94.79;11.866286930721872
2021;12;5;7;1.5;0.0;0;85.6;-1.38;94.8;11.866227408795137
2021;12;5;8;1.4;0.0;52;88.4;-0.92;94.81;11.866164834676521
2021;12;5;9;2.0;0.0;95;86.7;-0.66;94.8;11.86609920839821
2021;12;5;10;3.1;70.16846893;154;81.8;-0.54;94.8;11.86603052999397
2021;12;5;11;2.0;0.0;169;89.9;-0.02;94.8;11.865958799499136
2021;12;5;12;2.7;0.0;157;89.7;0.64;94.75;11.865884016950606
2021;12;5;13;2.0;338.5765196;63;91.2;0.24;94.74;11.865806182386853
2021;12;5;14;3.2;525.240313;85;82.7;-0.26;94.73;11.86572529584792
2021;12;5;15;3.3;1000.0;16;78.5;-1.0;94.77;11.865641357375424
2021;12;5;16;1.8;0.0;0;85.2;-1.16;94.82;11.86555436701254
2021;12;5;17;1.4;0.0;0;86.8;-1.24;94.84;11.865464324804028
2021;12;5;18;1.4;0.0;0;87.3;-1.14;94.85;11.865371230796208
2021;12;5;19;1.6;0.0;0;88.6;-0.68;94.89;11.865275085036975
2021;12;5;20;0.6;0.0;0;95.5;-0.3;94.93;11.865175887575791
2021;12;5;21;0.5;0.0;0;96.0;-0.3;94.98;11.865073638463688
2021;12;5;22;0.1;0.0;0;98.4;-0.22;95.01;11.864968337753272
2021;12;5;23;0.9;0.0;0;93.0;-0.5;95.08;11.864859985498711
2021;12;6;0;0.3;0.0;0;95.6;-0.58;95.12;11.864748581755753
2021;12;6;1;-0.1;0.0;0;98.6;-0.38;95.16;11.86463412658171
2021;12;6;2;-0.5;0.0;0;98.1;-0.88;95.24;11.86451662003546
2021;12;6;3;-0.2;0.0;0;97.2;-0.76;95.31;11.864396062177462
2021;12;6;4;-0.4;0.0;0;99.2;-0.56;95.35;11.864272453069733
2021;12;6;5;-0.1;0.0;0;97.7;-0.56;95.42;11.864145792775867
2021;12;6;6;0.0;0.0;0;96.2;-0.76;95.51;11.864016081361026
2021;12;6;7;0.2;0.0;0;94.1;-0.98;95.59;11.86388331889194
2021;12;6;8;0.2;0.0;47;94.7;-0.86;95.67;11.863747505436912
2021;12;6;9;0.6;0.0;112;93.2;-0.76;95.74;11.863608641065813
2021;12;6;10;1.0;0.0;123;92.6;-0.48;95.8;11.863466725850078
2021;12;6;11;1.9;0.0;167;85.7;-0.96;95.81;11.863321759862721
2021;12;6;12;2.5;0.0;156;83.3;-0.84;95.82;11.863173743178322
2021;12;6;13;3.2;181.8918703;130;61.9;-4.42;95.79;11.863022675873028
2021;12;6;14;3.4;390.0252045;71;70.0;-2.6;95.78;11.862868558024557
2021;12;6;15;2.7;587.3215712;20;78.4;-1.62;95.82;11.862711389712196
2021;12;6;16;1.6;0.0;0;80.3;-2.34;95.77;11.8625511710168
2021;12;6;17;0.7;0.0;0;85.2;-2.26;95.74;11.862387902020801
2021;12;6;18;0.6;0.0;0;86.1;-2.18;95.67;11.86222158280819
2021;12;6;19;0.4;0.0;0;87.8;-2.04;95.74;11.862052213464532
2021;12;6;20;1.4;0.0;0;79.5;-2.7;95.67;11.861879794076959
2021;12;6;21;1.5;0.0;0;80.0;-2.5;95.65;11.861704324734179
2021;12;6;22;1.8;0.0;0;76.6;-2.88;95.62;11.861525805526458
2021;12;6;23;1.8;0.0;0;78.9;-2.42;95.63;11.861344236545643
2021;12;7;0;1.7;0.0;0;83.6;-1.58;95.63;11.86115961788514
2021;12;7;1;0.7;0.0;0;91.0;-1.1;95.73;11.860971949639927
2021;12;7;2;0.7;0.0;0;92.5;-0.8;95.75;11.860781231906554
2021;12;7;3;1.5;0.0;0;84.7;-1.56;95.82;11.860587464783137
2021;12;7;4;1.3;0.0;0;87.1;-1.28;95.83;11.860390648369362
2021;12;7;5;1.5;0.0;0;86.5;-1.2;95.86;11.860190782766484
2021;12;7;6;1.4;0.0;0;89.2;-0.76;95.86;11.859987868077322
2021;12;7;7;1.5;0.0;0;86.4;-1.22;95.91;11.859781904406272
2021;12;7;8;1.8;0.0;43;86.1;-0.98;95.91;11.85957289185929
2021;12;7;9;2.4;0.0;89;87.2;-0.16;95.91;11.859360830543908
2021;12;7;10;4.0;401.3638854;100;80.3;0.06;95.88;11.85914572056922
2021;12;7;11;4.8;495.441419;98;79.3;0.66;95.75;11.858927562045896
2021;12;7;12;5.0;668.409444;130;73.8;-0.24;95.6;11.858706355086163
2021;12;7;13;5.7;923.6262219;48;69.7;-0.36;95.46;11.85848209980383
2021;12;7;14;4.8;697.6397779;45;73.7;-0.46;95.37;11.858254796314263
2021;12;7;15;4.3;1000.0;5;75.6;-0.58;95.27;11.8580244447344
2021;12;7;16;3.4;0.0;0;80.8;-0.44;95.18;11.857791045182754
2021;12;7;17;3.0;0.0;0;83.1;-0.38;95.13;11.85755459777939
2021;12;7;18;2.6;0.0;0;86.4;-0.12;95.03;11.857315102645961
2021;12;7;19;2.2;0.0;0;87.8;-0.24;94.93;11.85707255990567
2021;12;7;20;2.4;0.0;0;85.2;-0.56;94.83;11.856826969683297
2021;12;7;21;1.5;0.0;0;92.4;-0.02;94.75;11.85657833210519
2021;12;7;22;2.9;0.0;0;86.1;0.12;94.73;11.856326647299264
2021;12;7;23;3.6;0.0;0;86.3;0.86;94.69;11.856071915394997
2021;12;8;0;3.7;0.0;0;91.3;1.96;94.65;11.855814136523442
2021;12;8;1;3.6;0.0;0;90.1;1.62;94.58;11.855553310817214
2021;12;8;2;3.6;0.0;0;91.1;1.82;94.56;11.855289438410496
2021;12;8;3;3.6;0.0;0;93.0;2.2;94.53;11.855022519439043
2021;12;8;4;3.7;0.0;0;91.9;2.08;94.45;11.854752554040171
2021;12;8;5;3.5;0.0;0;91.7;1.84;94.44;11.85447954235277
2021;12;8;6;3.0;0.0;0;91.2;1.24;94.46;11.854203484517292
2021;12;8;7;2.7;0.0;0;88.9;0.48;94.44;11.853924380675755
2021;12;8;8;2.2;0.0;29;95.1;1.22;94.51;11.85364223097175
2021;12;8;9;2.8;0.0;102;88.0;0.4;94.47;11.853357035550431
2021;12;8;10;2.4;0.0;89;88.4;0.08;94.49;11.853068794558517
2021;12;8;11;2.3;0.0;64;89.1;0.12;94.45;11.852777508144301
2021;12;8;12;1.2;0.0;77;95.0;0.2;94.45;11.852483176457635
2021;12;8;13;1.3;0.0;63;95.1;0.32;94.42;11.852185799649941
2021;12;8;14;1.7;0.0;50;93.6;0.42;94.41;11.85188537787421
2021;12;8;15;1.6;0.0;16;93.6;0.32;94.42;11.851581911284992
2021;12;8;16;1.7;0.0;0;94.8;0.66;94.45;11.851275400038414
2021;12;8;17;1.6;0.0;0;94.4;0.48;94.48;11.850965844292158
2021;12;8;18;1.3;0.0;0;95.6;0.42;94.53;11.850653244205485
2021;12;8;19;0.5;0.0;0;96.1;-0.28;94.57;11.850337599939209
2021;12;8;20;0.6;0.0;0;95.3;-0.34;94.59;11.85001891165572
2021;12;8;21;0.2;0.0;0;97.7;-0.26;94.64;11.84969717951897
2021;12;8;22;0.8;0.0;0;95.7;-0.06;94.64;11.849372403694474
2021;12;8;23;1.5;0.0;0;92.2;-0.06;94.7;11.849044584349318
2021;12;9;0;1.6;0.0;0;92.6;0.12;94.74;11.848713721652153
2021;12;9;1;1.9;0.0;0;90.9;0.08;94.78;11.848379815773196
2021;12;9;2;1.7;0.0;0;91.3;-0.04;94.81;11.848042866884223
2021;12;9;3;1.7;0.0;0;89.3;-0.44;94.87;11.847702875158586
2021;12;9;4;1.4;0.0;0;91.6;-0.28;94.93;11.847359840771192
2021;12;9;5;1.4;0.0;0;90.3;-0.54;95.0;11.847013763898524
2021;12;9;6;1.2;0.0;0;89.3;-0.94;95.04;11.846664644718619
2021;12;9;7;1.3;0.0;0;87.2;-1.26;95.1;11.84631248341109
2021;12;9;8;1.6;0.0;54;86.1;-1.18;95.17;11.845957280157107
2021;12;9;9;1.8;0.0;108;86.9;-0.82;95.21;11.845599035139408
2021;12;9;10;3.1;22.96619968;142;81.7;-0.56;95.25;11.845237748542296
2021;12;9;11;3.2;0.0;161;79.8;-0.84;95.24;11.84487342055164
2021;12;9;12;3.3;58.87999202;144;78.6;-0.98;95.24;11.844506051354871
2021;12;9;13;3.9;426.136968;130;76.8;-0.74;95.2;11.844135641140983
2021;12;9;14;3.8;698.0680018;79;76.4;-0.92;95.19;11.843762190100541
2021;12;9;15;3.4;1000.0;21;78.3;-0.94;95.19;11.84338569842567
2021;12;9;16;2.1;0.0;0;81.3;-1.64;95.22;11.843006166310058
2021;12;9;17;1.4;0.0;0;84.4;-1.72;95.26;11.84262359394896
2021;12;9;18;1.2;0.0;0;83.3;-2.14;95.25;11.842237981539194
2021;12;9;19;0.9;0.0;0;79.2;-3.26;95.2;11.841849329279142
2021;12;9;20;0.9;0.0;0;87.4;-1.62;95.19;11.841457637368752
2021;12;9;21;0.5;0.0;0;86.7;-2.16;95.14;11.84106290600953
2021;12;9;22;-1.5;0.0;0;96.4;-2.22;95.04;11.840665135404553
2021;12;9;23;-1.2;0.0;0;95.4;-2.12;94.91;11.840264325758456
2021;12;10;0;-2.0;0.0;0;96.0;-2.8;94.75;11.83986047727744
2021;12;10;1;-1.5;0.0;0;90.5;-3.4;94.61;11.839453590169269
2021;12;10;2;-2.4;0.0;0;91.7;-4.06;94.41;11.83904366464327
2021;12;10;3;-1.9;0.0;0;90.4;-3.82;94.36;11.838630700910333
2021;12;10;4;-1.3;0.0;0;84.7;-4.36;94.25;11.83821469918291
2021;12;10;5;-0.7;0.0;0;83.0;-4.1;94.06;11.83779565967502
2021;12;10;6;0.0;0.0;0;81.8;-3.64;94.0;11.837373582602241
2021;12;10;7;-0.8;0.0;0;95.8;-1.64;93.97;11.836948468181713
2021;12;10;8;-0.9;0.0;35;98.9;-1.12;93.98;11.836520316632143
2021;12;10;9;0.5;0.0;65;91.9;-1.12;93.96;11.836089128173796
2021;12;10;10;0.7;0.0;124;93.7;-0.56;93.98;11.835654903028502
2021;12;10;11;1.7;0.0;163;88.3;-0.64;93.98;11.835217641419652
2021;12;10;12;2.3;0.0;155;86.3;-0.44;94.0;11.834777343572199
2021;12;10;13;2.2;0.0;128;88.2;-0.16;94.07;11.83433400971266
2021;12;10;14;1.5;0.0;76;92.1;-0.08;94.17;11.833887640069111
2021;12;10;15;1.9;0.0;22;91.9;0.28;94.29;11.833438234871192
2021;12;10;16;2.3;0.0;0;85.6;-0.58;94.39;11.832985794350105
2021;12;10;17;2.1;0.0;0;88.2;-0.26;94.51;11.832530318738609
2021;12;10;18;2.2;0.0;0;84.5;-0.9;94.62;11.832071808271031
2021;12;10;19;1.7;0.0;0;88.1;-0.68;94.74;11.831610263183258
2021;12;10;20;1.5;0.0;0;90.0;-0.5;94.83;11.83114568371273
2021;12;10;21;1.2;0.0;0;90.6;-0.68;94.95;11.830678070098461
2021;12;10;22;1.3;0.0;0;90.1;-0.68;95.06;11.830207422581015
2021;12;10;23;1.4;0.0;0;84.1;-1.78;95.14;11.829733741402524
2021;12;11;0;1.3;0.0;0;84.3;-1.84;95.18;11.82925702680668
2021;12;11;1;1.3;0.0;0;85.4;-1.62;95.25;11.828777279038725
2021;12;11;2;1.4;0.0;0;86.6;-1.28;95.33;11.82829449834548
2021;12;11;3;1.5;0.0;0;84.9;-1.52;95.4;11.82780868497531
2021;12;11;4;1.6;0.0;0;84.7;-1.46;95.45;11.827319839178148
2021;12;11;5;1.7;0.0;0;85.1;-1.28;95.51;11.826827961205488
2021;12;11;6;1.8;0.0;0;82.0;-1.8;95.59;11.826333051310378
2021;12;11;7;1.6;0.0;0;87.0;-1.0;95.69;11.82583510974743
2021;12;11;8;1.4;0.0;52;90.1;-0.58;95.79;11.825334136772817
2021;12;11;9;1.6;0.0;104;88.6;-0.68;95.9;11.82483013264427
2021;12;11;10;2.0;0.0;145;86.1;-0.78;96.01;11.824323097621072
2021;12;11;11;2.0;0.0;143;85.2;-0.96;96.06;11.82381303196408
2021;12;11;12;2.1;94.89018241;46;85.5;-0.8;96.11;11.823299935935701
2021;12;11;13;2.3;0.0;98;84.9;-0.72;96.14;11.822783809799898
2021;12;11;14;2.1;0.0;75;85.7;-0.76;96.23;11.822264653822202
2021;12;11;15;2.2;249.4258123;18;84.1;-0.98;96.3;11.821742468269694
2021;12;11;16;1.8;0.0;0;86.4;-0.92;96.38;11.821217253411021
2021;12;11;17;1.7;0.0;0;87.8;-0.74;96.45;11.820689009516382
2021;12;11;18;1.0;0.0;0;90.4;-0.92;96.52;11.82015773685754
2021;12;11;19;0.9;0.0;0;91.2;-0.86;96.57;11.819623435707811
2021;12;11;20;0.8;0.0;0;92.0;-0.8;96.63;11.819086106342075
2021;12;11;21;-0.8;0.0;0;95.4;-1.72;96.66;11.818545749036762
2021;12;11;22;-1.1;0.0;0;94.8;-2.14;96.68;11.818002364069867
2021;12;11;23;-1.8;0.0;0;94.1;-2.98;96.75;11.81745595172094
2021;12;12;0;-2.4;0.0;0;93.2;-3.76;96.75;11.816906512271085
2021;12;12;1;-1.9;0.0;0;93.3;-3.24;96.79;11.81635404600297
2021;12;12;2;-1.5;0.0;0;93.8;-2.74;96.87;11.815798553200814
2021;12;12;3;-1.6;0.0;0;96.5;-2.3;96.89;11.8152400341504
2021;12;12;4;-1.3;0.0;0;97.0;-1.9;96.92;11.814678489139057
2021;12;12;5;-1.1;0.0;0;94.5;-2.2;96.96;11.814113918455686
2021;12;12;6;-1.1;0.0;0;93.9;-2.32;96.99;11.813546322390726
2021;12;12;7;-1.1;0.0;0;92.9;-2.52;97.04;11.81297570123619
2021;12;12;8;-1.4;0.0;41;90.8;-3.24;97.11;11.812402055285638
2021;12;12;9;-1.1;0.0;59;93.6;-2.38;97.14;11.811825384834187
2021;12;12;10;-0.7;70.13821402;51;92.6;-2.18;97.17;11.811245690178511
2021;12;12;11;-0.7;47.18416506;51;92.6;-2.18;97.14;11.81066297161684
2021;12;12;12;0.2;249.8543586;84;91.6;-1.48;97.1;11.810077229448957
2021;12;12;13;0.1;48.12599432;130;88.8;-2.14;97.07;11.809488463976207
2021;12;12;14;0.4;339.3066861;68;89.0;-1.8;97.07;11.808896675501483
2021;12;12;15;0.9;748.6610512;20;87.1;-1.68;97.06;11.808301864329236
2021;12;12;16;-0.3;0.0;0;93.2;-1.66;97.1;11.807704030765475
2021;12;12;17;-1.3;0.0;0;97.2;-1.86;97.09;11.80710317511776
2021;12;12;18;-1.3;0.0;0;94.7;-2.36;97.09;11.806499297695208
2021;12;12;19;-2.1;0.0;0;97.2;-2.66;97.08;11.805892398808489
2021;12;12;20;-1.0;0.0;0;91.6;-2.68;97.09;11.805282478769827
2021;12;12;21;-1.1;0.0;0;94.9;-2.12;97.1;11.804669537893004
2021;12;12;22;-1.7;0.0;0;96.8;-2.34;97.08;11.80405357649335
2021;12;12;23;-1.7;0.0;0;98.3;-2.04;97.1;11.803434594887756
2021;12;13;0;-1.8;0.0;0;96.5;-2.5;97.08;11.802812593394663
2021;12;13;1;-2.7;0.0;0;96.6;-3.38;97.08;11.802187572334061
2021;12;13;2;-2.4;0.0;0;92.5;-3.9;97.1;11.801559532027504
2021;12;13;3;-1.5;0.0;0;97.4;-2.02;97.08;11.800928472798091
2021;12;13;4;-2.2;0.0;0;93.3;-3.54;97.04;11.800294394970475
2021;12;13;5;-1.9;0.0;0;94.6;-2.98;97.05;11.799657298870867
2021;12;13;6;-2.0;0.0;0;94.8;-3.04;97.07;11.799017184827026
2021;12;13;7;-2.2;0.0;0;92.9;-3.62;97.09;11.798374053168265
2021;12;13;8;-2.4;0.0;51;92.7;-3.86;97.12;11.79772790422545
2021;12;13;9;-2.3;0.0;40;94.1;-3.48;97.14;11.797078738330995
2021;12;13;10;-1.5;0.0;136;98.0;-1.9;97.16;11.796426555818876
2021;12;13;11;-0.6;91.75901611;72;98.9;-0.82;97.1;11.795771357024611
2021;12;13;12;-0.5;65.61605003;97;98.5;-0.8;97.05;11.795113142285274
2021;12;13;13;-0.9;0.0;121;98.9;-1.12;97.02;11.794451911939488
2021;12;13;14;-0.2;121.31242;53;94.9;-1.22;97.01;11.793787666327436
2021;12;13;15;-0.8;283.3433515;16;98.9;-1.02;97.04;11.793120405790837
2021;12;13;16;-0.8;0.0;0;98.8;-1.04;97.06;11.792450130672975
2021;12;13;17;-1.1;0.0;0;100.0;-1.1;97.07;11.79177684131868
2021;12;13;18;-1.2;0.0;0;98.7;-1.46;97.12;11.79110053807433
2021;12;13;19;-2.0;0.0;0;100.0;-2.0;97.14;11.790421221287858
2021;12;13;20;-2.1;0.0;0;100.0;-2.1;97.16;11.789738891308742
2021;12;13;21;-2.0;0.0;0;100.0;-2.0;97.14;11.789053548488017
2021;12;13;22;-2.2;0.0;0;97.6;-2.68;97.14;11.788365193178263
2021;12;13;23;-2.7;0.0;0;100.0;-2.7;97.13;11.787673825733611
2021;12;14;0;-2.6;0.0;0;95.9;-3.42;97.12;11.786979446509743
2021;12;14;1;-3.0;0.0;0;97.9;-3.42;97.13;11.786282055863888
2021;12;14;2;-3.0;0.0;0;90.9;-4.82;97.14;11.785581654154822
2021;12;14;3;-3.1;0.0;0;91.4;-4.82;97.14;11.784878241742883
2021;12;14;4;-3.0;0.0;0;100.0;-3.0;97.14;11.784171818989938
2021;12;14;5;-3.1;0.0;0;99.3;-3.24;97.14;11.783462386259421
2021;12;14;6;-3.0;0.0;0;97.1;-3.58;97.16;11.782749943916302
2021;12;14;7;-2.7;0.0;0;99.0;-2.9;97.17;11.782034492327107
2021;12;14;8;-2.1;0.0;32;98.1;-2.48;97.18;11.781316031859904
2021;12;14;9;-2.0;0.0;64;96.5;-2.7;97.21;11.780594562884314
2021;12;14;10;-1.6;155.2000943;115;96.3;-2.34;97.22;11.779870085771503
2021;12;14;11;-1.3;0.0;162;97.8;-1.74;97.18;11.779142600894186
2021;12;14;12;-0.9;0.0;137;100.0;-0.9;97.12;11.778412108626625
2021;12;14;13;-1.1;289.7470599;35;100.0;-1.1;97.09;11.77767860934463
2021;12;14;14;-0.8;0.0;82;100.0;-0.8;97.07;11.776942103425556
2021;12;14;15;-0.7;248.7942014;22;100.0;-0.7;97.12;11.776202591248303
2021;12;14;16;-0.9;0.0;0;100.0;-0.9;97.14;11.775460073193326
2021;12;14;17;-0.8;0.0;0;98.8;-1.04;97.16;11.774714549642615
2021;12;14;18;-1.0;0.0;0;98.4;-1.32;97.19;11.773966020979717
2021;12;14;19;-1.8;0.0;0;99.0;-2.0;97.21;11.773214487589714
2021;12;14;20;-2.0;0.0;0;99.9;-2.02;97.21;11.772459949859247
2021;12;14;21;-2.2;0.0;0;99.5;-2.3;97.21;11.771702408176486
2021;12;14;22;-2.2;0.0;0;97.2;-2.76;97.21;11.770941862931167
2021;12;14;23;-2.4;0.0;0;96.7;-3.06;97.22;11.770178314514553
2021;12;15;0;-2.8;0.0;0;98.4;-3.12;97.19;11.769411763319457
2021;12;15;1;-2.7;0.0;0;99.5;-2.8;97.19;11.768642209740246
2021;12;15;2;-2.1;0.0;0;92.8;-3.54;97.23;11.76786965417282
2021;12;15;3;-2.0;0.0;0;98.1;-2.38;97.23;11.767094097014628
2021;12;15;4;-1.8;0.0;0;96.8;-2.44;97.21;11.766315538664664
2021;12;15;5;-1.6;0.0;0;100.0;-1.6;97.22;11.765533979523465
2021;12;15;6;-1.7;0.0;0;100.0;-1.7;97.23;11.764749419993109
2021;12;15;7;-1.8;0.0;0;99.0;-2.0;97.28;11.763961860477226
2021;12;15;8;-2.1;0.0;45;100.0;-2.1;97.31;11.763171301380975
2021;12;15;9;-2.1;0.0;101;100.0;-2.1;97.35;11.762377743111081
2021;12;15;10;-1.9;0.0;144;100.0;-1.9;97.34;11.761581186075784
2021;12;15;11;-1.7;11.91554967;63;100.0;-1.7;97.28;11.760781630684885
2021;12;15;12;-1.0;5.991007687;103;99.1;-1.18;97.25;11.759979077349726
2021;12;15;13;-1.4;6.906115753;57;100.0;-1.4;97.26;11.759173526483188
2021;12;15;14;-1.1;19.41722557;35;97.7;-1.56;97.25;11.758364978499692
2021;12;15;15;-0.9;67.61336829;17;99.1;-1.08;97.28;11.757553433815204
2021;12;15;16;-0.8;0.0;0;99.0;-1.0;97.31;11.756738892847231
2021;12;15;17;-0.2;0.0;0;96.6;-0.88;97.35;11.755921356014825
2021;12;15;18;-0.5;0.0;0;98.1;-0.88;97.37;11.755100823738573
2021;12;15;19;-0.3;0.0;0;98.3;-0.64;97.39;11.754277296440605
2021;12;15;20;-0.3;0.0;0;98.7;-0.56;97.43;11.753450774544596
2021;12;15;21;-0.2;0.0;0;96.9;-0.82;97.49;11.752621258475756
2021;12;15;22;-0.2;0.0;0;97.9;-0.62;97.51;11.751788748660836
2021;12;15;23;0.0;0.0;0;97.5;-0.5;97.55;11.750953245528134
2021;12;16;0;0.0;0.0;0;96.8;-0.64;97.56;11.75011474950748
2021;12;16;1;0.0;0.0;0;97.0;-0.6;97.56;11.749273261030243
2021;12;16;2;0.1;0.0;0;96.9;-0.52;97.57;11.748428780529345
2021;12;16;3;0.3;0.0;0;96.1;-0.48;97.54;11.747581308439226
2021;12;16;4;0.0;0.0;0;99.0;-0.2;97.53;11.74673084519588
2021;12;16;5;0.1;0.0;0;95.8;-0.74;97.56;11.74587739123684
2021;12;16;6;0.2;0.0;0;94.2;-0.96;97.59;11.745020947001173
2021;12;16;7;0.2;0.0;0;95.2;-0.76;97.62;11.74416151292948
2021;12;16;8;0.4;0.0;41;93.5;-0.9;97.65;11.74329908946391
2021;12;16;9;0.3;0.0;89;96.4;-0.42;97.68;11.742433677048144
2021;12;16;10;0.8;0.0;94;92.3;-0.74;97.71;11.741565276127403
2021;12;16;11;0.7;17.92078336;33;93.5;-0.6;97.68;11.740693887148444
2021;12;16;12;1.2;0.0;58;90.7;-0.66;97.67;11.739819510559558
2021;12;16;13;1.2;0.0;100;92.3;-0.34;97.65;11.738942146810583
2021;12;16;14;1.3;0.0;43;92.2;-0.26;97.63;11.738061796352884
2021;12;16;15;1.5;0.0;10;90.7;-0.36;97.65;11.737178459639365
2021;12;16;16;1.7;0.0;0;87.3;-0.84;97.67;11.736292137124469
2021;12;16;17;1.9;0.0;0;85.4;-1.02;97.67;11.735402829264173
2021;12;16;18;1.9;0.0;0;85.1;-1.08;97.64;11.73451053651599
2021;12;16;19;1.8;0.0;0;85.0;-1.2;97.67;11.733615259338968
2021;12;16;20;2.0;0.0;0;83.4;-1.32;97.64;11.732716998193693
2021;12;16;21;2.0;0.0;0;84.6;-1.08;97.63;11.731815753542282
2021;12;16;22;2.0;0.0;0;83.5;-1.3;97.57;11.730911525848393
2021;12;16;23;1.7;0.0;0;86.7;-0.96;97.55;11.730004315577212
2021;12;17;0;1.9;0.0;0;83.7;-1.36;97.53;11.729094123195463
2021;12;17;1;1.9;0.0;0;84.4;-1.22;97.54;11.728180949171401
2021;12;17;2;1.9;0.0;0;85.0;-1.1;97.56;11.727264793974822
2021;12;17;3;2.0;0.0;0;84.3;-1.14;97.57;11.726345658077047
2021;12;17;4;1.9;0.0;0;84.8;-1.14;97.6;11.725423541950938
2021;12;17;5;1.7;0.0;0;86.2;-1.06;97.62;11.724498446070882
2021;12;17;6;1.7;0.0;0;83.6;-1.58;97.68;11.723570370912812
2021;12;17;7;1.5;0.0;0;81.9;-2.12;97.73;11.722639316954178
2021;12;17;8;1.5;0.0;49;82.3;-2.04;97.77;11.72170528467397
2021;12;17;9;1.7;0.0;104;80.9;-2.12;97.81;11.720768274552713
2021;12;17;10;1.9;3.415920542;53;84.3;-1.24;97.83;11.71982828707246
2021;12;17;11;2.0;74.84109569;62;80.9;-1.82;97.79;11.718885322716798
2021;12;17;12;2.0;0.0;153;82.5;-1.5;97.77;11.717939381970844
2021;12;17;13;1.9;0.0;129;81.6;-1.78;97.75;11.716990465321242
2021;12;17;14;2.0;0.0;77;82.2;-1.56;97.71;11.71603857325618
2021;12;17;15;2.0;111.4562514;16;83.6;-1.28;97.72;11.715083706265364
2021;12;17;16;1.9;0.0;0;83.6;-1.38;97.72;11.714125864840032
2021;12;17;17;1.7;0.0;0;84.3;-1.44;97.7;11.713165049472959
2021;12;17;18;1.6;0.0;0;85.9;-1.22;97.72;11.712201260658443
2021;12;17;19;1.2;0.0;0;86.4;-1.52;97.72;11.711234498892317
2021;12;17;20;1.1;0.0;0;87.6;-1.38;97.72;11.71026476467194
2021;12;17;21;1.1;0.0;0;86.9;-1.52;97.71;11.709292058496203
2021;12;17;22;0.9;0.0;0;85.8;-1.94;97.69;11.708316380865522
2021;12;17;23;0.9;0.0;0;86.4;-1.82;97.67;11.707337732281843
2021;12;18;0;0.9;0.0;0;85.4;-2.02;97.63;11.706356113248646
2021;12;18;1;0.9;0.0;0;84.9;-2.12;97.6;11.70537152427093
2021;12;18;2;0.8;0.0;0;86.6;-1.88;97.57;11.704383965855229
2021;12;18;3;0.9;0.0;0;85.2;-2.06;97.54;11.703393438509602
2021;12;18;4;1.1;0.0;0;83.6;-2.18;97.49;11.702399942743636
2021;12;18;5;1.1;0.0;0;82.9;-2.32;97.49;11.701403479068443
2021;12;18;6;1.1;0.0;0;83.6;-2.18;97.5;11.700404047996663
2021;12;18;7;1.2;0.0;0;82.5;-2.3;97.48;11.699401650042468
2021;12;18;8;1.3;0.0;40;82.6;-2.18;97.49;11.698396285721547
2021;12;18;9;1.5;0.0;81;82.7;-1.96;97.49;11.697387955551122
2021;12;18;10;1.8;0.0;142;82.2;-1.76;97.46;11.696376660049935
2021;12;18;11;2.5;215.9573785;70;80.7;-1.36;97.38;11.695362399738258
2021;12;18;12;3.5;372.8226725;52;78.2;-0.86;97.3;11.69434517513789
2021;12;18;13;4.0;435.3523574;104;72.6;-1.48;97.27;11.69332498677215
2021;12;18;14;3.9;705.9666068;71;72.8;-1.54;97.29;11.692301835165885
2021;12;18;15;3.8;896.1356101;22;76.3;-0.94;97.35;11.691275720845466
2021;12;18;16;1.4;0.0;0;84.7;-1.66;97.43;11.690246644338785
2021;12;18;17;0.2;0.0;0;87.5;-2.3;97.46;11.689214606175264
2021;12;18;18;-0.3;0.0;0;88.7;-2.56;97.48;11.688179606885843
2021;12;18;19;-0.7;0.0;0;90.3;-2.64;97.49;11.68714164700299
2021;12;18;20;-0.6;0.0;0;88.4;-2.92;97.52;11.686100727060687
2021;12;18;21;-2.5;0.0;0;97.0;-3.1;97.56;11.685056847594456
2021;12;18;22;-2.5;0.0;0;93.1;-3.88;97.55;11.68401000914132
2021;12;18;23;-2.9;0.0;0;93.6;-4.18;97.53;11.682960212239845
2021;12;19;0;-2.3;0.0;0;92.2;-3.86;97.48;11.681907457430103
2021;12;19;1;-2.0;0.0;0;91.5;-3.7;97.48;11.680851745253698
2021;12;19;2;-1.7;0.0;0;91.7;-3.36;97.47;11.679793076253747
2021;12;19;3;-1.9;0.0;0;94.5;-3.0;97.45;11.678731450974897
2021;12;19;4;-1.4;0.0;0;92.4;-2.92;97.42;11.67766686996331
2021;12;19;5;-1.6;0.0;0;94.2;-2.76;97.38;11.67659933376667
2021;12;19;6;-1.4;0.0;0;94.9;-2.42;97.35;11.675528842934181
2021;12;19;7;-1.2;0.0;0;94.7;-2.26;97.3;11.674455398016573
2021;12;19;8;-1.3;0.0;47;95.7;-2.16;97.29;11.673378999566081
2021;12;19;9;-1.3;0.0;26;95.7;-2.16;97.28;11.672299648136475
2021;12;19;10;-1.4;3.437441205;36;93.7;-2.66;97.28;11.671217344283036
2021;12;19;11;-1.6;15.02036717;45;97.6;-2.08;97.19;11.670132088562568
2021;12;19;12;-1.6;21.05661508;52;96.7;-2.26;97.08;11.669043881533392
2021;12;19;13;-1.6;0.0;133;95.0;-2.6;97.0;11.667952723755343
2021;12;19;14;-1.6;0.0;83;93.8;-2.84;96.94;11.666858615789778
2021;12;19;15;-1.8;76.77851533;21;93.6;-3.08;96.87;11.665761558199577
2021;12;19;16;-2.1;0.0;0;93.9;-3.32;96.83;11.664661551549125
2021;12;19;17;-2.0;0.0;0;92.4;-3.52;96.82;11.663558596404336
2021;12;19;18;-2.3;0.0;0;94.8;-3.34;96.81;11.662452693332636
2021;12;19;19;-2.2;0.0;0;95.3;-3.14;96.79;11.661343842902966
2021;12;19;20;-2.3;0.0;0;96.9;-2.92;96.77;11.660232045685785
2021;12;19;21;-2.7;0.0;0;99.6;-2.78;96.76;11.659117302253069
2021;12;19;22;-2.3;0.0;0;98.4;-2.62;96.72;11.657999613178308
2021;12;19;23;-2.6;0.0;0;99.3;-2.74;96.69;11.65687897903651
2021;12;20;0;-2.7;0.0;0;95.3;-3.64;96.63;11.655755400404196
2021;12;20;1;-3.5;0.0;0;95.1;-4.48;96.62;11.654628877859402
2021;12;20;2;-3.8;0.0;0;92.7;-5.26;96.62;11.653499411981674
2021;12;20;3;-3.9;0.0;0;94.1;-5.08;96.62;11.652367003352085
2021;12;20;4;-3.6;0.0;0;98.6;-3.88;96.6;11.651231652553207
2021;12;20;5;-3.3;0.0;0;94.8;-4.34;96.57;11.650093360169137
2021;12;20;6;-3.2;0.0;0;92.7;-4.66;96.58;11.648952126785476
2021;12;20;7;-3.1;0.0;0;94.1;-4.28;96.6;11.647807952989346
2021;12;20;8;-2.7;0.0;41;96.1;-3.48;96.63;11.646660839369378
2021;12;20;9;-2.2;0.0;89;94.2;-3.36;96.65;11.645510786515718
2021;12;20;10;-1.6;0.0;131;90.9;-3.42;96.66;11.644357795020017
2021;12;20;11;-1.2;0.0;59;89.6;-3.28;96.63;11.643201865475447
2021;12;20;12;-0.5;66.18489049;52;86.3;-3.24;96.56;11.642042998476686
2021;12;20;13;-0.3;58.6354826;49;84.3;-3.44;96.53;11.640881194619926
2021;12;20;14;0.0;0.0;71;83.3;-3.34;96.51;11.639716454502866
2021;12;20;15;-0.2;119.4740175;23;84.6;-3.28;96.5;11.638548778724722
2021;12;20;16;-0.2;0.0;0;84.8;-3.24;96.5;11.637378167886212
2021;12;20;17;-0.6;0.0;0;86.3;-3.34;96.49;11.636204622589569
2021;12;20;18;-0.6;0.0;0;85.5;-3.5;96.5;11.635028143438536
2021;12;20;19;-0.6;0.0;0;86.1;-3.38;96.5;11.633848731038363
2021;12;20;20;-0.6;0.0;0;86.8;-3.24;96.47;11.632666385995813
2021;12;20;21;-0.6;0.0;0;85.1;-3.58;96.47;11.631481108919154
2021;12;20;22;-0.5;0.0;0;82.4;-4.02;96.46;11.630292900418162
2021;12;20;23;-0.7;0.0;0;83.3;-4.04;96.46;11.629101761104124
2021;12;21;0;-0.7;0.0;0;82.7;-4.16;96.43;11.627907691589833
2021;12;21;1;-0.8;0.0;0;83.2;-4.16;96.42;11.626710692489592
2021;12;21;2;-0.9;0.0;0;82.4;-4.42;96.43;11.625510764419204
2021;12;21;3;-1.1;0.0;0;85.8;-3.94;96.41;11.624307907995988
2021;12;21;4;-1.1;0.0;0;82.0;-4.7;96.4;11.623102123838763
2021;12;21;5;-1.5;0.0;0;85.0;-4.5;96.38;11.621893412567863
2021;12;21;6;-1.5;0.0;0;83.1;-4.88;96.4;11.620681774805108
2021;12;21;7;-1.7;0.0;0;83.1;-5.08;96.41;11.619467211173852
2021;12;21;8;-1.8;0.0;14;82.1;-5.38;96.44;11.618249722298927
2021;12;21;9;-1.4;0.0;85;81.7;-5.06;96.45;11.617029308806693
2021;12;21;10;-1.1;62.16214399;73;79.5;-5.2;96.45;11.615805971324995
2021;12;21;11;-0.7;57.19107186;129;77.1;-5.28;96.45;11.614579710483195
2021;12;21;12;-0.4;39.09857292;129;74.8;-5.44;96.38;11.613350526912154
2021;12;21;13;-0.2;247.9625027;51;75.0;-5.2;96.36;11.612118421244238
2021;12;21;14;-0.2;297.0635052;34;76.2;-4.96;96.33;11.610883394113317
2021;12;21;15;-0.6;451.2055585;18;79.4;-4.72;96.34;11.609645446154762
2021;12;21;16;-0.9;0.0;0;80.0;-4.9;96.35;11.608404578005445
2021;12;21;17;-1.2;0.0;0;80.9;-5.02;96.38;11.607160790303748
2021;12;21;18;-1.2;0.0;0;82.0;-4.8;96.42;11.605914083689548
2021;12;21;19;-1.2;0.0;0;82.5;-4.7;96.47;11.60466445880422
2021;12;21;20;-1.2;0.0;0;84.4;-4.32;96.5;11.603411916290657
2021;12;21;21;-1.3;0.0;0;85.2;-4.26;96.52;11.60215645679323
2021;12;21;22;-1.4;0.0;0;86.8;-4.04;96.53;11.60089808095783
2021;12;21;23;-1.4;0.0;0;89.5;-3.5;96.55;11.599636789431838
2021;12;22;0;-1.6;0.0;0;91.5;-3.3;96.54;11.598372582864137
2021;12;22;1;-1.7;0.0;0;91.7;-3.36;96.54;11.597105461905116
2021;12;22;2;-1.6;0.0;0;89.5;-3.7;96.55;11.595835427206652
2021;12;22;3;-1.6;0.0;0;87.4;-4.12;96.55;11.594562479422128
2021;12;22;4;-1.6;0.0;0;85.9;-4.42;96.56;11.593286619206427
2021;12;22;5;-1.5;0.0;0;84.2;-4.66;96.55;11.592007847215925
2021;12;22;6;-1.5;0.0;0;83.6;-4.78;96.56;11.590726164108503
2021;12;22;7;-1.5;0.0;0;82.4;-5.02;96.58;11.58944157054353
2021;12;22;8;-1.6;0.0;41;81.9;-5.22;96.63;11.588154067181883
2021;12;22;9;-1.4;0.0;45;80.2;-5.36;96.66;11.58686365468593
2021;12;22;10;-1.2;169.5068408;49;79.4;-5.32;96.67;11.585570333719527
2021;12;22;11;-1.5;243.9198054;56;76.7;-6.16;96.64;11.584274104948054
2021;12;22;12;-1.0;336.6300597;54;75.1;-5.98;96.58;11.58297496903835
2021;12;22;13;-0.8;615.2681375;42;75.1;-5.78;96.52;11.581672926658783
2021;12;22;14;-0.9;749.1032;14;75.7;-5.76;96.52;11.580367978479192
2021;12;22;15;-1.0;880.9947829;16;78.2;-5.36;96.53;11.579060125170923
2021;12;22;16;-1.5;0.0;0;79.7;-5.56;96.54;11.577749367406817
2021;12;22;17;-1.7;0.0;0;82.8;-5.14;96.53;11.5764357058612
2021;12;22;18;-1.3;0.0;0;81.2;-5.06;96.54;11.575119141209907
2021;12;22;19;-1.6;0.0;0;82.9;-5.02;96.52;11.57379967413025
2021;12;22;20;-1.7;0.0;0;83.3;-5.04;96.51;11.572477305301048
2021;12;22;21;-2.1;0.0;0;85.3;-5.04;96.47;11.571152035402598
2021;12;22;22;-2.4;0.0;0;86.7;-5.06;96.45;11.56982386511671
2021;12;22;23;-2.2;0.0;0;85.9;-5.02;96.46;11.568492795126659
2021;12;23;0;-2.1;0.0;0;85.8;-4.94;96.45;11.567158826117247
2021;12;23;1;-2.0;0.0;0;86.4;-4.72;96.43;11.565821958774729
2021;12;23;2;-1.5;0.0;0;86.2;-4.26;96.42;11.56448219378688
2021;12;23;3;-1.8;0.0;0;86.6;-4.48;96.34;11.56313953184295
2021;12;23;4;-2.6;0.0;0;91.3;-4.34;96.28;11.561793973633687
2021;12;23;5;-2.6;0.0;0;90.8;-4.44;96.26;11.56044551985133
2021;12;23;6;-3.0;0.0;0;90.9;-4.82;96.27;11.5590941711896
2021;12;23;7;-3.6;0.0;0;93.6;-4.88;96.27;11.557739928343711
2021;12;23;8;-3.7;0.0;43;92.6;-5.18;96.28;11.55638279201037
2021;12;23;9;-2.3;150.5258605;84;88.5;-4.6;96.27;11.555022762887766
2021;12;23;10;-0.6;443.3589839;103;83.3;-3.94;96.27;11.553659841675584
2021;12;23;11;0.3;524.0043727;104;80.7;-3.56;96.18;11.552294029074988
2021;12;23;12;1.3;204.1726229;125;77.9;-3.12;96.08;11.550925325788635
2021;12;23;13;2.4;168.0285127;106;74.9;-2.62;96.04;11.549553732520668
2021;12;23;14;2.7;218.4468217;79;74.2;-2.46;95.95;11.548179249976716
2021;12;23;15;2.7;0.0;25;80.7;-1.16;95.94;11.5468018788639
2021;12;23;16;2.7;0.0;0;80.4;-1.22;95.9;11.54542161989081
2021;12;23;17;2.8;0.0;0;79.9;-1.22;95.92;11.54403847376755
2021;12;23;18;2.3;0.0;0;85.5;-0.6;95.94;11.542652441205682
2021;12;23;19;2.0;0.0;0;85.8;-0.84;95.92;11.541263522918268
2021;12;23;20;2.4;0.0;0;81.4;-1.32;95.91;11.539871719619846
2021;12;23;21;2.7;0.0;0;77.4;-1.82;95.88;11.538477032026451
2021;12;23;22;2.1;0.0;0;79.9;-1.92;95.86;11.537079460855587
2021;12;23;23;1.9;0.0;0;80.5;-2.0;95.82;11.535679006826253
2021;12;24;0;1.4;0.0;0;81.0;-2.4;95.78;11.534275670658923
2021;12;24;1;1.8;0.0;0;71.2;-3.96;95.73;11.532869453075559
2021;12;24;2;-0.2;0.0;0;85.7;-3.06;95.67;11.531460354799606
2021;12;24;3;0.3;0.0;0;80.9;-3.52;95.59;11.530048376555978
2021;12;24;4;0.3;0.0;0;80.7;-3.56;95.56;11.528633519071096
2021;12;24;5;0.0;0.0;0;81.4;-3.72;95.54;11.527215783072839
2021;12;24;6;0.2;0.0;0;78.0;-4.2;95.52;11.525795169290575
2021;12;24;7;1.2;0.0;0;70.5;-4.7;95.53;11.524371678455154
2021;12;24;8;3.0;0.0;26;65.2;-3.96;95.52;11.522945311298903
2021;12;24;9;2.0;0.0;101;74.6;-3.08;95.51;11.521516068555634
2021;12;24;10;2.8;0.0;118;79.2;-1.36;95.47;11.520083950960636
2021;12;24;11;4.3;346.2127978;29;75.4;-0.62;95.4;11.51864895925067
2021;12;24;12;5.3;125.9298657;90;71.5;-0.4;95.33;11.517211094163988
2021;12;24;13;7.1;280.4115363;51;64.0;-0.1;95.26;11.51577035644031
2021;12;24;14;7.0;344.844311;15;70.4;1.08;95.22;11.514326746820842
2021;12;24;15;7.0;320.2298077;13;68.9;0.78;95.2;11.512880266048256
2021;12;24;16;7.7;0.0;0;69.9;1.68;95.21;11.511430914866715
2021;12;24;17;7.8;0.0;0;74.3;2.66;95.18;11.50997869402185
2021;12;24;18;6.9;0.0;0;77.9;2.48;95.14;11.50852360426077
2021;12;24;19;6.7;0.0;0;76.8;2.06;95.15;11.507065646332062
2021;12;24;20;6.2;0.0;0;81.7;2.54;95.14;11.50560482098578
2021;12;24;21;5.6;0.0;0;86.2;2.84;95.12;11.504141128973473
2021;12;24;22;5.1;0.0;0;86.8;2.46;95.08;11.502674571048132
2021;12;24;23;4.7;0.0;0;87.8;2.26;95.07;11.501205147964267
2021;12;25;0;2.7;0.0;0;95.5;1.8;95.03;11.499732860477817
2021;12;25;1;1.9;0.0;0;96.8;1.26;95.01;11.498257709346223
2021;12;25;2;1.8;0.0;0;96.2;1.04;94.99;11.496779695328392
2021;12;25;3;1.8;0.0;0;95.8;0.96;94.97;11.4952988191847
2021;12;25;4;1.7;0.0;0;94.4;0.58;94.95;11.493815081676999
2021;12;25;5;2.6;0.0;0;92.4;1.08;94.93;11.492328483568613
2021;12;25;6;0.8;0.0;0;97.7;0.34;94.91;11.490839025624343
2021;12;25;7;0.4;0.0;0;97.4;-0.12;94.92;11.48934670861044
2021;12;25;8;1.2;0.0;27;95.4;0.28;94.92;11.48785153329466
2021;12;25;9;2.3;0.0;51;94.8;1.26;94.94;11.48635350044619
2021;12;25;10;3.3;173.408088;57;90.9;1.48;94.96;11.484852610835729
2021;12;25;11;5.0;400.1221382;59;87.2;2.44;94.94;11.48334886523541
2021;12;25;12;5.8;380.1124896;65;82.5;2.3;94.89;11.481842264418855
2021;12;25;13;5.8;122.716099;54;85.7;2.94;94.86;11.480332809161148
2021;12;25;14;6.1;117.4151825;49;84.6;3.02;94.84;11.478820500238845
2021;12;25;15;5.8;172.9934368;19;87.8;3.36;94.87;11.477305338429968
2021;12;25;16;4.9;0.0;0;93.3;3.56;94.87;11.475787324514005
2021;12;25;17;4.3;0.0;0;96.1;3.52;94.9;11.474266459271915
2021;12;25;18;3.4;0.0;0;97.0;2.8;94.9;11.472742743486123
2021;12;25;19;3.3;0.0;0;95.7;2.44;94.91;11.471216177940516
2021;12;25;20;3.1;0.0;0;95.7;2.24;94.91;11.469686763420455
2021;12;25;21;3.0;0.0;0;97.7;2.54;94.92;11.46815450071276
2021;12;25;22;3.3;0.0;0;97.8;2.86;94.92;11.466619390605718
2021;12;25;23;3.4;0.0;0;97.6;2.92;94.92;11.465081433889088
2021;12;26;0;3.3;0.0;0;97.0;2.7;94.92;11.463540631354073
2021;12;26;1;3.4;0.0;0;97.4;2.88;94.92;11.461996983793371
2021;12;26;2;3.6;0.0;0;97.6;3.12;94.95;11.460450492001112
2021;12;26;3;3.5;0.0;0;99.1;3.32;94.97;11.458901156772916
2021;12;26;4;3.8;0.0;0;98.4;3.48;94.96;11.457348978905845
2021;12;26;5;3.9;0.0;0;97.4;3.38;94.99;11.455793959198436
2021;12;26;6;4.0;0.0;0;98.4;3.68;94.98;11.454236098450684
2021;12;26;7;3.2;0.0;0;99.8;3.16;95.0;11.452675397464045
2021;12;26;8;4.0;0.0;26;98.3;3.66;95.03;11.451111857041438
2021;12;26;9;4.3;73.31378861;47;98.4;3.98;95.05;11.449545477987241
2021;12;26;10;5.3;194.2159875;54;96.4;4.58;95.07;11.447976261107298
2021;12;26;11;5.6;0.0;72;94.8;4.56;95.04;11.446404207208897
2021;12;26;12;5.7;0.0;72;96.3;4.96;95.02;11.444829317100808
2021;12;26;13;6.3;57.74168541;61;93.0;4.9;95.01;11.443251591593238
2021;12;26;14;6.1;46.67085709;51;96.2;5.34;95.01;11.44167103149788
2021;12;26;15;6.3;0.0;18;95.8;5.46;94.99;11.440087637627851
2021;12;26;16;5.7;0.0;0;98.8;5.46;95.0;11.438501410797752
2021;12;26;17;5.4;0.0;0;99.5;5.3;95.03;11.436912351823633
2021;12;26;18;5.8;0.0;0;97.2;5.24;95.02;11.435320461522998
2021;12;26;19;5.7;0.0;0;96.2;4.94;95.04;11.433725740714815
2021;12;26;20;5.6;0.0;0;95.9;4.78;95.03;11.432128190219501
2021;12;26;21;5.1;0.0;0;98.6;4.82;95.03;11.43052781085893
2021;12;26;22;4.7;0.0;0;98.6;4.42;95.0;11.428924603456437
2021;12;26;23;4.9;0.0;0;98.1;4.52;94.98;11.427318568836807
2021;12;27;0;4.7;0.0;0;99.3;4.56;94.98;11.425709707826279
2021;12;27;1;4.4;0.0;0;97.8;3.96;94.94;11.424098021252547
2021;12;27;2;3.5;0.0;0;99.3;3.36;94.91;11.422483509944762
2021;12;27;3;2.2;0.0;0;99.0;2.0;94.89;11.42086617473352
2021;12;27;4;3.0;0.0;0;97.9;2.58;94.85;11.41924601645088
2021;12;27;5;2.5;0.0;0;97.7;2.04;94.81;11.417623035930351
2021;12;27;6;2.5;0.0;0;97.1;1.92;94.76;11.415997234006879
2021;12;27;7;2.3;0.0;0;96.7;1.64;94.72;11.41436861151689
2021;12;27;8;2.5;0.0;28;96.1;1.72;94.73;11.412737169298232
2021;12;27;9;3.0;0.0;56;94.5;1.9;94.76;11.411102908190223
2021;12;27;10;3.0;0.0;76;94.8;1.96;94.73;11.409465829033621
2021;12;27;11;3.6;0.0;119;92.4;2.08;94.69;11.40782593267064
2021;12;27;12;4.7;0.0;108;91.1;2.92;94.67;11.406183219944943
2021;12;27;13;6.4;0.0;114;86.8;3.76;94.66;11.404537691701634
2021;12;27;14;6.6;0.0;76;89.7;4.54;94.66;11.402889348787276
2021;12;27;15;6.5;0.0;24;89.5;4.4;94.71;11.401238192049876
2021;12;27;16;6.6;0.0;0;87.9;4.18;94.78;11.399584222338888
2021;12;27;17;6.3;0.0;0;89.6;4.22;94.84;11.397927440505203
2021;12;27;18;6.5;0.0;0;85.9;3.68;94.92;11.396267847401184
2021;12;27;19;6.2;0.0;0;86.8;3.56;94.95;11.394605443880614
2021;12;27;20;5.5;0.0;0;88.4;3.18;94.94;11.392940230798736
2021;12;27;21;6.3;0.0;0;88.7;4.04;94.94;11.391272209012236
2021;12;27;22;6.4;0.0;0;88.7;4.14;94.93;11.389601379379247
2021;12;27;23;6.3;0.0;0;87.2;3.74;94.88;11.387927742759338
2021;12;28;0;5.9;0.0;0;89.1;3.72;94.8;11.38625130001353
2021;12;28;1;5.8;0.0;0;84.4;2.68;94.68;11.384572052004287
2021;12;28;2;6.4;0.0;0;86.0;3.6;94.64;11.382889999595516
2021;12;28;3;6.2;0.0;0;91.9;4.58;94.64;11.381205143652561
2021;12;28;4;6.6;0.0;0;90.4;4.68;94.66;11.379517485042218
2021;12;28;5;6.7;0.0;0;89.9;4.68;94.68;11.377827024632715
2021;12;28;6;6.9;0.0;0;86.3;4.16;94.68;11.376133763293728
2021;12;28;7;6.7;0.0;0;88.6;4.42;94.7;11.374437701896372
2021;12;28;8;7.0;0.0;43;88.3;4.66;94.76;11.372738841313204
2021;12;28;9;7.9;0.0;99;88.2;5.54;94.8;11.37103718241822
2021;12;28;10;8.9;0.0;138;84.4;5.78;94.83;11.369332726086853
2021;12;28;11;9.6;0.0;163;83.3;6.26;94.85;11.367625473195975
2021;12;28;12;10.6;0.0;152;79.4;6.48;94.85;11.3659154246239
2021;12;28;13;10.2;0.0;134;78.2;5.84;94.91;11.364202581250385
2021;12;28;14;9.9;0.0;81;76.1;5.12;94.97;11.362486943956613
2021;12;28;15;9.3;0.0;24;79.0;5.1;94.91;11.360768513625214
2021;12;28;16;7.9;0.0;0;82.0;4.3;95.01;11.359047291140248
2021;12;28;17;8.3;0.0;0;83.4;4.98;95.07;11.35732327738722
2021;12;28;18;7.8;0.0;0;83.3;4.46;95.11;11.355596473253062
2021;12;28;19;8.2;0.0;0;76.4;3.48;95.14;11.353866879626146
2021;12;28;20;7.3;0.0;0;81.3;3.56;95.16;11.352134497396285
2021;12;28;21;7.4;0.0;0;79.8;3.36;95.13;11.350399327454706
2021;12;28;22;8.3;0.0;0;73.0;2.9;95.23;11.3486613706941
2021;12;28;23;8.1;0.0;0;80.9;4.28;95.35;11.34692062800856
2021;12;29;0;6.9;0.0;0;93.5;5.6;95.36;11.345177100293645
2021;12;29;1;7.1;0.0;0;88.2;4.74;95.39;11.343430788446318
2021;12;29;2;7.6;0.0;0;81.1;3.82;95.49;11.34168169336499
2021;12;29;3;7.6;0.0;0;77.4;3.08;95.5;11.339929815949501
2021;12;29;4;7.2;0.0;0;81.4;3.48;95.53;11.338175157101121
2021;12;29;5;7.3;0.0;0;81.1;3.52;95.53;11.336417717722552
2021;12;29;6;8.0;0.0;0;73.9;2.78;95.6;11.334657498717926
2021;12;29;7;6.5;0.0;0;83.4;3.18;95.7;11.332894500992804
2021;12;29;8;5.7;0.0;42;93.4;4.38;95.71;11.331128725454178
2021;12;29;9;5.8;0.0;94;92.8;4.36;95.7;11.329360173010471
2021;12;29;10;6.1;0.0;55;92.2;4.54;95.68;11.327588844571528
2021;12;29;11;6.5;0.0;126;94.0;5.3;95.67;11.32581474104863
2021;12;29;12;7.0;0.0;150;93.4;5.68;95.67;11.324037863354484
2021;12;29;13;7.7;0.0;117;94.1;6.52;95.67;11.322258212403217
2021;12;29;14;8.7;0.0;85;89.5;6.6;95.66;11.320475789110388
2021;12;29;15;8.9;0.0;28;91.3;7.16;95.71;11.318690594392983
2021;12;29;16;9.2;0.0;0;93.5;7.9;95.8;11.316902629169416
2021;12;29;17;9.7;0.0;0;91.2;7.94;95.81;11.315111894359521
2021;12;29;18;10.1;0.0;0;91.4;8.38;95.86;11.313318390884563
2021;12;29;19;10.9;0.0;0;88.5;8.6;95.95;11.31152211966722
2021;12;29;20;10.9;0.0;0;92.4;9.38;96.06;11.30972308163161
2021;12;29;21;11.1;0.0;0;90.8;9.26;96.13;11.307921277703258
2021;12;29;22;11.5;0.0;0;88.0;9.1;96.22;11.306116708809126
2021;12;29;23;11.9;0.0;0;85.3;8.96;96.29;11.30430937587759
2021;12;30;0;11.9;0.0;0;85.7;9.04;96.31;11.302499279838454
2021;12;30;1;11.8;0.0;0;86.1;9.02;96.34;11.300686421622927
2021;12;30;2;11.7;0.0;0;86.8;9.06;96.39;11.29887080216367
2021;12;30;3;11.9;0.0;0;85.1;8.92;96.39;11.297052422394728
2021;12;30;4;11.6;0.0;0;86.7;8.94;96.43;11.295231283251603
2021;12;30;5;11.5;0.0;0;86.5;8.8;96.47;11.293407385671182
2021;12;30;6;11.5;0.0;0;86.4;8.78;96.51;11.291580730591797
2021;12;30;7;10.9;0.0;0;89.1;8.72;96.58;11.289751318953183
2021;12;30;8;11.1;0.0;43;90.9;9.28;96.63;11.2879191516965
2021;12;30;9;10.6;0.0;95;96.0;9.8;96.68;11.286084229764327
2021;12;30;10;11.1;0.0;119;96.4;10.38;96.7;11.284246554100658
2021;12;30;11;11.3;241.4713726;67;94.6;10.22;96.68;11.282406125650901
2021;12;30;12;13.2;386.4999029;159;88.1;10.82;96.64;11.280562945361885
2021;12;30;13;14.6;693.7087574;121;80.4;10.68;96.6;11.278717014181849
2021;12;30;14;15.5;679.3403696;85;71.2;9.74;96.58;11.276868333060452
2021;12;30;15;14.9;1000.0;30;76.6;10.22;96.62;11.275016902948773
2021;12;30;16;12.2;0.0;0;90.4;10.28;96.68;11.273162724799285
2021;12;30;17;10.3;0.0;0;96.5;9.6;96.7;11.271305799565898
2021;12;30;18;9.4;0.0;0;96.5;8.7;96.72;11.26944612820392
2021;12;30;19;7.5;0.0;0;98.9;7.28;96.75;11.267583711670083
2021;12;30;20;7.8;0.0;0;98.4;7.48;96.75;11.265718550922522
2021;12;30;21;6.8;0.0;0;99.6;6.72;96.78;11.263850646920787
2021;12;30;22;6.1;0.0;0;98.2;5.74;96.8;11.26198000062584
2021;12;30;23;5.2;0.0;0;98.1;4.82;96.84;11.260106613000056
2021;12;31;0;4.2;0.0;0;99.1;4.02;96.81;11.258230485007216
2021;12;31;1;3.8;0.0;0;99.6;3.72;96.82;11.256351617612513
2021;12;31;2;5.5;0.0;0;97.9;5.08;96.83;11.254470011782544
2021;12;31;3;5.2;0.0;0;99.3;5.06;96.81;11.25258566848533
2021;12;31;4;5.7;0.0;0;96.1;4.92;96.76;11.25069858869028
2021;12;31;5;6.4;0.0;0;96.6;5.72;96.77;11.248808773368225
2021;12;31;6;6.5;0.0;0;96.8;5.86;96.79;11.246916223491407
2021;12;31;7;6.3;0.0;0;97.0;5.7;96.79;11.245020940033447
2021;12;31;8;5.9;0.0;39;97.5;5.4;96.83;11.243122923969414
2021;12;31;9;5.8;0.0;95;97.3;5.26;96.87;11.241222176275748
2021;12;31;10;6.8;537.5391172;73;92.7;5.34;96.91;11.239318697930308
2021;12;31;11;9.0;686.6271131;85;86.0;6.2;96.86;11.237412489912362
2021;12;31;12;10.0;852.2549697;56;81.2;6.24;96.78;11.235503553202577
2021;12;31;13;10.9;789.4131761;87;77.9;6.48;96.81;11.233591888783021
2021;12;31;14;11.0;790.2387945;79;80.7;7.14;96.84;11.231677497637172
2021;12;31;15;10.4;1000.0;25;84.1;7.22;96.82;11.229760380749905
2021;12;31;16;7.8;0.0;0;93.4;6.48;96.85;11.2278405391075
2021;12;31;17;7.2;0.0;0;93.4;5.88;96.85;11.22591797369764
2021;12;31;18;5.3;0.0;0;97.8;4.86;96.92;11.223992685509408
2021;12;31;19;4.8;0.0;0;96.4;4.08;96.99;11.22206467553329
2021;12;31;20;4.9;0.0;0;94.1;3.72;97.04;11.220133944761162
2021;12;31;21;4.2;0.0;0;96.2;3.44;97.05;11.218200494186311
2021;12;31;22;2.3;0.0;0;98.5;2.0;97.08;11.21626432480342
2021;12;31;23;2.4;0.0;0;92.0;0.8;97.07;11.214325437608572
